mtllib model_6.mtl
o model_6
v 102.70140075683594 -247.35887145996094 -147.3791961669922 
v 102.58576202392578 -264.0675354003906 -147.37269592285156 
v 102.66581726074219 -247.35887145996094 -116.11650085449219 
v 102.55463409423828 -264.0675354003906 -116.1100082397461 
v 102.70140075683594 -247.35887145996094 -147.3791961669922 
v 100.74005889892578 -247.34683227539062 -147.3791961669922 
v 102.58576202392578 -264.0675354003906 -147.37269592285156 
v 100.62442779541016 -264.05548095703125 -147.37594604492188 
v 100.75340270996094 -245.5164031982422 -150.53533935546875 
v 100.61553192138672 -265.8919372558594 -150.52883911132812 
v 101.24262237548828 -266.2050476074219 -151.06785583496094 
v 101.3804931640625 -245.2032928466797 -151.0775909423828 
v 111.64972686767578 -245.20932006835938 -151.07435607910156 
v -13.168798446655273 -261.580810546875 -158.81533813476562 
v -13.168798446655273 -261.580810546875 -189.88320922851562 
v -18.33677101135254 -261.580810546875 -158.81533813476562 
v -18.33677101135254 -261.580810546875 -189.88320922851562 
v -18.33677101135254 -266.34954833984375 -158.81533813476562 
v -18.33677101135254 -266.34954833984375 -189.88320922851562 
v -13.168798446655273 -266.34954833984375 -158.81533813476562 
v -13.168798446655273 -266.34954833984375 -189.88320922851562 
v 93.69969940185547 -395.3042907714844 -172.93679809570312 
v 93.69969940185547 -376.0547180175781 -172.93679809570312 
v 93.4461898803711 -395.3042907714844 -171.65745544433594 
v 93.4461898803711 -376.0547180175781 -171.65745544433594 
v 92.72125244140625 -395.3042907714844 -170.57293701171875 
v 92.72125244140625 -376.0547180175781 -170.57293701171875 
v 91.63607025146484 -395.3042907714844 -169.84884643554688 
v 91.63607025146484 -376.0547180175781 -169.84884643554688 
v 90.3596420288086 -395.3042907714844 -169.5955810546875 
v 90.3596420288086 -376.0547180175781 -169.5955810546875 
v 89.07876586914062 -395.3042907714844 -169.84884643554688 
v 89.07876586914062 -376.0547180175781 -169.84884643554688 
v 87.99803161621094 -395.3042907714844 -170.57293701171875 
v 87.99803161621094 -376.0547180175781 -170.57293701171875 
v 87.27308654785156 -395.3042907714844 -171.65745544433594 
v 87.27308654785156 -376.0547180175781 -171.65745544433594 
v 87.01513671875 -395.3042907714844 -172.93679809570312 
v 87.01513671875 -376.0547180175781 -172.93679809570312 
v 87.27308654785156 -395.3042907714844 -174.2161407470703 
v 87.27308654785156 -376.0547180175781 -174.2161407470703 
v 87.99803161621094 -395.3042907714844 -175.2974090576172 
v 87.99803161621094 -376.0547180175781 -175.2974090576172 
v 89.07876586914062 -395.3042907714844 -176.02151489257812 
v 89.07876586914062 -376.0547180175781 -176.02151489257812 
v 90.3596420288086 -395.3042907714844 -176.2780303955078 
v 90.3596420288086 -376.0547180175781 -176.2780303955078 
v 91.63607025146484 -395.3042907714844 -176.02151489257812 
v 91.63607025146484 -376.0547180175781 -176.02151489257812 
v 92.72125244140625 -395.3042907714844 -175.2974090576172 
v 92.72125244140625 -376.0547180175781 -175.2974090576172 
v 93.4461898803711 -395.3042907714844 -174.2161407470703 
v 93.4461898803711 -376.0547180175781 -174.2161407470703 
v 93.69969940185547 -395.3042907714844 -172.93679809570312 
v 93.69969940185547 -376.0547180175781 -172.93679809570312 
v 92.87246704101562 -376.0547180175781 -172.93679809570312 
v 92.68122863769531 -376.0547180175781 -171.97242736816406 
v 92.13418579101562 -376.0547180175781 -171.15740966796875 
v 91.32029724121094 -376.0547180175781 -170.61190795898438 
v 90.3596420288086 -376.0547180175781 -170.4203338623047 
v 89.39453887939453 -376.0547180175781 -170.61190795898438 
v 88.58065032958984 -376.0547180175781 -171.15740966796875 
v 88.03360748291016 -376.0547180175781 -171.97242736816406 
v 87.84236907958984 -376.0547180175781 -172.93679809570312 
v 88.03360748291016 -376.0547180175781 -173.89793395996094 
v 88.58065032958984 -376.0547180175781 -174.71295166015625 
v 89.39453887939453 -376.0547180175781 -175.25845336914062 
v 90.3596420288086 -376.0547180175781 -175.4500274658203 
v 91.32029724121094 -376.0547180175781 -175.25845336914062 
v 92.13418579101562 -376.0547180175781 -174.71295166015625 
v 92.68122863769531 -376.0547180175781 -173.89793395996094 
v 92.87246704101562 -376.0547180175781 -172.93679809570312 
v -21.42776870727539 -407.85235595703125 -165.08541870117188 
v -21.42776870727539 -407.85235595703125 -150.6554718017578 
v -21.42776870727539 -380.8294677734375 -188.77272033691406 
v -21.42776870727539 -380.8294677734375 -150.6554718017578 
v -21.42776870727539 -352.018310546875 -194.5330047607422 
v -21.42776870727539 -352.018310546875 -150.6554718017578 
v -21.42776870727539 -380.8294677734375 -139.54078674316406 
v -21.42776870727539 -352.018310546875 -139.54078674316406 
v -21.42776870727539 -323.2011413574219 -139.54078674316406 
v -21.42776870727539 -323.2011413574219 -150.6554718017578 
v -21.42776870727539 -407.85235595703125 -139.54078674316406 
v -21.42776870727539 -387.8621826171875 -125.72779846191406 
v -21.42776870727539 -380.8294677734375 -132.7576904296875 
v -8.556761741638184 -407.85235595703125 -125.72779846191406 
v -8.556761741638184 -407.85235595703125 -139.54078674316406 
v -8.556761741638184 -387.8621826171875 -125.72779846191406 
v -8.556761741638184 -380.8294677734375 -139.54078674316406 
v -8.556761741638184 -380.8294677734375 -132.7576904296875 
v -8.556761741638184 -380.8294677734375 -150.6554718017578 
v -8.556761741638184 -352.018310546875 -150.6554718017578 
v -8.556761741638184 -352.018310546875 -139.54078674316406 
v -8.556761741638184 -323.2011413574219 -150.6554718017578 
v -8.556761741638184 -323.2011413574219 -139.54078674316406 
v -8.556761741638184 -407.85235595703125 -150.6554718017578 
v -8.556761741638184 -407.85235595703125 -165.08541870117188 
v -8.556761741638184 -380.8294677734375 -188.77272033691406 
v -8.556761741638184 -352.018310546875 -194.5330047607422 
v 85.94773864746094 -313.79010009765625 -172.93679809570312 
v 85.94773864746094 -323.1891174316406 -172.93679809570312 
v 86.28130340576172 -313.79010009765625 -171.2483367919922 
v 86.28130340576172 -323.1891174316406 -171.2483367919922 
v 87.23751068115234 -313.79010009765625 -169.81637573242188 
v 87.23751068115234 -323.1891174316406 -169.81637573242188 
v 88.66960144042969 -313.79010009765625 -168.8617401123047 
v 88.66960144042969 -323.1891174316406 -168.8617401123047 
v 90.3596420288086 -313.79010009765625 -168.5240478515625 
v 90.3596420288086 -323.1891174316406 -168.5240478515625 
v 92.04523468017578 -313.79010009765625 -168.8617401123047 
v 92.04523468017578 -323.1891174316406 -168.8617401123047 
v 93.47732543945312 -313.79010009765625 -169.81637573242188 
v 93.47732543945312 -323.1891174316406 -169.81637573242188 
v 94.43353271484375 -313.79010009765625 -171.2483367919922 
v 94.43353271484375 -323.1891174316406 -171.2483367919922 
v 94.77153778076172 -313.79010009765625 -172.93679809570312 
v 94.77153778076172 -323.1891174316406 -172.93679809570312 
v 94.43353271484375 -313.79010009765625 -174.62527465820312 
v 94.43353271484375 -323.1891174316406 -174.62527465820312 
v 93.47732543945312 -313.79010009765625 -176.05398559570312 
v 93.47732543945312 -323.1891174316406 -176.05398559570312 
v 92.04523468017578 -313.79010009765625 -177.01187133789062 
v 92.04523468017578 -323.1891174316406 -177.01187133789062 
v 90.3596420288086 -313.79010009765625 -177.3463134765625 
v 90.3596420288086 -323.1891174316406 -177.3463134765625 
v 88.66960144042969 -313.79010009765625 -177.01187133789062 
v 88.66960144042969 -323.1891174316406 -177.01187133789062 
v 87.23751068115234 -313.79010009765625 -176.05398559570312 
v 87.23751068115234 -323.1891174316406 -176.05398559570312 
v 86.28130340576172 -313.79010009765625 -174.62527465820312 
v 86.28130340576172 -323.1891174316406 -174.62527465820312 
v 85.94773864746094 -313.79010009765625 -172.93679809570312 
v 85.94773864746094 -323.1891174316406 -172.93679809570312 
v 86.86392211914062 -323.8213195800781 -171.48861694335938 
v 87.68670654296875 -323.8213195800781 -170.26123046875 
v 88.90975952148438 -323.8213195800781 -169.44296264648438 
v 90.3596420288086 -323.8213195800781 -169.1539764404297 
v 91.80506896972656 -323.8213195800781 -169.44296264648438 
v 93.03257751464844 -323.8213195800781 -170.26123046875 
v 93.85091400146484 -323.8213195800781 -171.48861694335938 
v 94.13999938964844 -323.8213195800781 -172.93679809570312 
v 93.85091400146484 -323.8213195800781 -174.38174438476562 
v 93.03257751464844 -323.8213195800781 -175.609130859375 
v 91.80506896972656 -323.8213195800781 -176.43063354492188 
v 90.3596420288086 -323.8213195800781 -176.7163848876953 
v 88.90975952148438 -323.8213195800781 -176.43063354492188 
v 87.68670654296875 -323.8213195800781 -175.609130859375 
v 86.86392211914062 -323.8213195800781 -174.38174438476562 
v 86.57928466796875 -323.8213195800781 -172.93679809570312 
v 88.03360748291016 -323.8213195800781 -171.97242736816406 
v 88.58065032958984 -323.8213195800781 -171.15740966796875 
v 89.39453887939453 -323.8213195800781 -170.61190795898438 
v 90.3596420288086 -323.8213195800781 -170.4203338623047 
v 91.32029724121094 -323.8213195800781 -170.61190795898438 
v 92.13418579101562 -323.8213195800781 -171.15740966796875 
v 92.68122863769531 -323.8213195800781 -171.97242736816406 
v 92.87246704101562 -323.8213195800781 -172.93679809570312 
v 92.68122863769531 -323.8213195800781 -173.89793395996094 
v 92.13418579101562 -323.8213195800781 -174.71295166015625 
v 91.32029724121094 -323.8213195800781 -175.25845336914062 
v 90.3596420288086 -323.8213195800781 -175.4500274658203 
v 89.39453887939453 -323.8213195800781 -175.25845336914062 
v 88.58065032958984 -323.8213195800781 -174.71295166015625 
v 88.03360748291016 -323.8213195800781 -173.89793395996094 
v 87.84236907958984 -323.8213195800781 -172.93679809570312 
v 87.84236907958984 -323.8213195800781 -172.93679809570312 
v 86.57928466796875 -323.8213195800781 -172.93679809570312 
v 92.13418579101562 -323.8213195800781 -150.3957061767578 
v 92.13418579101562 -376.0547180175781 -150.3957061767578 
v 92.68122863769531 -323.8213195800781 -151.21072387695312 
v 92.68122863769531 -376.0547180175781 -151.21072387695312 
v 92.87246704101562 -323.8213195800781 -152.17185974121094 
v 92.87246704101562 -376.0547180175781 -152.17185974121094 
v 92.68122863769531 -323.8213195800781 -153.1329803466797 
v 92.68122863769531 -376.0547180175781 -153.1329803466797 
v 92.13418579101562 -323.8213195800781 -153.947998046875 
v 92.13418579101562 -376.0547180175781 -153.947998046875 
v 91.32029724121094 -323.8213195800781 -154.49349975585938 
v 91.32029724121094 -376.0547180175781 -154.49349975585938 
v 90.3596420288086 -323.8213195800781 -154.68507385253906 
v 90.3596420288086 -376.0547180175781 -154.68507385253906 
v 89.39453887939453 -323.8213195800781 -154.49349975585938 
v 89.39453887939453 -376.0547180175781 -154.49349975585938 
v 88.58065032958984 -323.8213195800781 -153.947998046875 
v 88.58065032958984 -376.0547180175781 -153.947998046875 
v 88.03360748291016 -323.8213195800781 -153.1329803466797 
v 88.03360748291016 -376.0547180175781 -153.1329803466797 
v 87.84236907958984 -323.8213195800781 -152.17185974121094 
v 87.84236907958984 -376.0547180175781 -152.17185974121094 
v 88.03360748291016 -323.8213195800781 -151.21072387695312 
v 88.03360748291016 -376.0547180175781 -151.21072387695312 
v 88.58065032958984 -323.8213195800781 -150.3957061767578 
v 88.58065032958984 -376.0547180175781 -150.3957061767578 
v 89.39453887939453 -323.8213195800781 -149.85020446777344 
v 89.39453887939453 -376.0547180175781 -149.85020446777344 
v 90.3596420288086 -323.8213195800781 -149.65863037109375 
v 90.3596420288086 -376.0547180175781 -149.65863037109375 
v 91.32029724121094 -323.8213195800781 -149.85020446777344 
v 91.32029724121094 -376.0547180175781 -149.85020446777344 
v 92.13418579101562 -323.8213195800781 -150.3957061767578 
v 92.13418579101562 -376.0547180175781 -150.3957061767578 
v 45.6847038269043 -274.5864562988281 -192.0489959716797 
v 45.6847038269043 -274.5864562988281 -184.3502197265625 
v 45.6847038269043 -317.3666687011719 -192.0489959716797 
v 45.6847038269043 -317.3666687011719 -184.3502197265625 
v 51.199581146240234 -317.3666687011719 -192.0652313232422 
v 51.199581146240234 -317.3666687011719 -184.3502197265625 
v 51.199581146240234 -371.719482421875 -184.3502197265625 
v 45.6847038269043 -371.719482421875 -184.3502197265625 
v 28.001523971557617 -317.3666687011719 -184.3502197265625 
v 28.001523971557617 -371.719482421875 -184.3502197265625 
v 22.486648559570312 -317.3666687011719 -184.3502197265625 
v 22.486648559570312 -371.719482421875 -184.3502197265625 
v 22.486648559570312 -371.719482421875 -192.084716796875 
v 28.001523971557617 -274.5864562988281 -184.3502197265625 
v 28.001523971557617 -274.5864562988281 -192.1171875 
v 28.001523971557617 -317.3666687011719 -192.1171875 
v 22.486648559570312 -317.3666687011719 -192.1009521484375 
v 14.312180519104004 -363.6330871582031 -187.6265106201172 
v 14.312180519104004 -373.30303955078125 -182.4993896484375 
v 14.312180519104004 -358.069580078125 -187.6265106201172 
v 14.312180519104004 -358.069580078125 -182.4993896484375 
v 59.374046325683594 -358.069580078125 -187.6265106201172 
v 59.374046325683594 -358.069580078125 -182.4993896484375 
v 59.374046325683594 -363.6330871582031 -187.6265106201172 
v 59.374046325683594 -373.30303955078125 -182.4993896484375 
v 59.374046325683594 -335.779296875 -190.8703155517578 
v 59.374046325683594 -335.779296875 -182.4993896484375 
v 59.374046325683594 -340.3553771972656 -190.8703155517578 
v 59.374046325683594 -340.3553771972656 -182.4993896484375 
v 14.312180519104004 -340.3553771972656 -190.8703155517578 
v 14.312180519104004 -340.3553771972656 -182.4993896484375 
v 14.312180519104004 -335.779296875 -190.8703155517578 
v 14.312180519104004 -335.779296875 -182.4993896484375 
v 59.374046325683594 -335.779296875 -190.8703155517578 
v 85.94773864746094 -280.3547058105469 -152.17185974121094 
v 85.20500946044922 -280.3547058105469 -152.17185974121094 
v 86.28130340576172 -280.3547058105469 -150.48338317871094 
v 85.59638977050781 -280.3547058105469 -150.19764709472656 
v 87.23751068115234 -280.3547058105469 -149.0514373779297 
v 86.71270751953125 -280.3547058105469 -148.52540588378906 
v 88.66960144042969 -280.3547058105469 -148.0968017578125 
v 88.38495635986328 -280.3547058105469 -147.40841674804688 
v 90.3596420288086 -280.3547058105469 -147.75909423828125 
v 90.3596420288086 -280.3547058105469 -147.01876831054688 
v 92.04523468017578 -280.3547058105469 -148.0968017578125 
v 92.32987213134766 -280.3547058105469 -147.40841674804688 
v 93.47732543945312 -280.3547058105469 -149.0514373779297 
v 94.00212860107422 -280.3547058105469 -148.52540588378906 
v 94.43353271484375 -280.3547058105469 -150.48338317871094 
v 95.11844635009766 -280.3547058105469 -150.19764709472656 
v 94.77153778076172 -280.3547058105469 -152.17185974121094 
v 95.51426696777344 -280.3547058105469 -152.17185974121094 
v 94.43353271484375 -280.3547058105469 -153.86032104492188 
v 95.11844635009766 -280.3547058105469 -154.1460723876953 
v 93.47732543945312 -280.3547058105469 -155.2922821044922 
v 94.00212860107422 -280.3547058105469 -155.81829833984375 
v 92.04523468017578 -280.3547058105469 -156.24691772460938 
v 92.32987213134766 -280.3547058105469 -156.93528747558594 
v 90.3596420288086 -280.3547058105469 -156.58460998535156 
v 90.3596420288086 -280.3547058105469 -157.32818603515625 
v 88.66960144042969 -280.3547058105469 -156.24691772460938 
v 88.38495635986328 -280.3547058105469 -156.93528747558594 
v 87.23751068115234 -280.3547058105469 -155.2922821044922 
v 86.71270751953125 -280.3547058105469 -155.81829833984375 
v 86.28130340576172 -280.3547058105469 -153.86032104492188 
v 85.59638977050781 -280.3547058105469 -154.1460723876953 
v 85.94773864746094 -280.3547058105469 -152.17185974121094 
v 85.20500946044922 -280.3547058105469 -152.17185974121094 
v 85.2806167602539 -280.6979064941406 -150.06776428222656 
v 86.47254180908203 -280.6979064941406 -148.28512573242188 
v 88.2559814453125 -280.6979064941406 -147.0934600830078 
v 90.3596420288086 -280.6979064941406 -146.67457580566406 
v 92.46330261230469 -280.6979064941406 -147.0934600830078 
v 94.24674224853516 -280.6979064941406 -148.28512573242188 
v 95.43865966796875 -280.6979064941406 -150.06776428222656 
v 95.85672760009766 -280.6979064941406 -152.17185974121094 
v 95.43865966796875 -280.6979064941406 -154.2759552001953 
v 94.24674224853516 -280.6979064941406 -156.05857849121094 
v 92.46330261230469 -280.6979064941406 -157.25025939941406 
v 90.3596420288086 -280.6979064941406 -157.66912841796875 
v 88.2559814453125 -280.6979064941406 -157.25025939941406 
v 86.47254180908203 -280.6979064941406 -156.05857849121094 
v 85.2806167602539 -280.6979064941406 -154.2759552001953 
v 84.86255645751953 -280.6979064941406 -152.17185974121094 
v 85.2806167602539 -313.4468994140625 -150.06776428222656 
v 86.47254180908203 -313.4468994140625 -148.28512573242188 
v 88.2559814453125 -313.4468994140625 -147.0934600830078 
v 90.3596420288086 -313.4468994140625 -146.67457580566406 
v 92.46330261230469 -313.4468994140625 -147.0934600830078 
v 94.24674224853516 -313.4468994140625 -148.28512573242188 
v 95.43865966796875 -313.4468994140625 -150.06776428222656 
v 95.85672760009766 -313.4468994140625 -152.17185974121094 
v 95.43865966796875 -313.4468994140625 -154.2759552001953 
v 94.24674224853516 -313.4468994140625 -156.05857849121094 
v 92.46330261230469 -313.4468994140625 -157.25025939941406 
v 90.3596420288086 -313.4468994140625 -157.66912841796875 
v 88.2559814453125 -313.4468994140625 -157.25025939941406 
v 86.47254180908203 -313.4468994140625 -156.05857849121094 
v 85.2806167602539 -313.4468994140625 -154.2759552001953 
v 84.86255645751953 -313.4468994140625 -152.17185974121094 
v 86.71270751953125 -313.79010009765625 -148.52540588378906 
v 88.38495635986328 -313.79010009765625 -147.40841674804688 
v 90.3596420288086 -313.79010009765625 -147.01876831054688 
v 92.32987213134766 -313.79010009765625 -147.40841674804688 
v 94.00212860107422 -313.79010009765625 -148.52540588378906 
v 95.11844635009766 -313.79010009765625 -150.20089721679688 
v 95.51426696777344 -313.79010009765625 -152.17185974121094 
v 95.11844635009766 -313.79010009765625 -154.1460723876953 
v 94.00212860107422 -313.79010009765625 -155.81829833984375 
v 92.32987213134766 -313.79010009765625 -156.93528747558594 
v 90.3596420288086 -313.79010009765625 -157.32818603515625 
v 88.38495635986328 -313.79010009765625 -156.93528747558594 
v 86.71270751953125 -313.79010009765625 -155.81829833984375 
v 85.59638977050781 -313.79010009765625 -154.1460723876953 
v 85.20500946044922 -313.79010009765625 -152.17185974121094 
v 87.23751068115234 -313.79010009765625 -149.0514373779297 
v 88.66960144042969 -313.79010009765625 -148.0968017578125 
v 90.3596420288086 -313.79010009765625 -147.75909423828125 
v 92.04523468017578 -313.79010009765625 -148.0968017578125 
v 93.47732543945312 -313.79010009765625 -149.0514373779297 
v 94.43353271484375 -313.79010009765625 -150.48338317871094 
v 94.77153778076172 -313.79010009765625 -152.17185974121094 
v 94.43353271484375 -313.79010009765625 -153.86032104492188 
v 93.47732543945312 -313.79010009765625 -155.2922821044922 
v 92.04523468017578 -313.79010009765625 -156.24691772460938 
v 90.3596420288086 -313.79010009765625 -156.58460998535156 
v 88.66960144042969 -313.79010009765625 -156.24691772460938 
v 87.23751068115234 -313.79010009765625 -155.2922821044922 
v 86.28130340576172 -313.79010009765625 -153.86032104492188 
v 85.94773864746094 -313.79010009765625 -152.17185974121094 
v 86.28130340576172 -313.79010009765625 -150.48338317871094 
v 85.59638977050781 -313.79010009765625 -150.19764709472656 
v 85.94773864746094 -313.79010009765625 -152.17185974121094 
v 85.20500946044922 -313.79010009765625 -152.17185974121094 
v 84.86255645751953 -313.4468994140625 -152.17185974121094 
v 84.86255645751953 -280.6979064941406 -152.17185974121094 
v 14.312180519104004 -325.03759765625 -190.87356567382812 
v 14.312180519104004 -325.03759765625 -182.4993896484375 
v 59.374046325683594 -325.03759765625 -190.8703155517578 
v 59.374046325683594 -325.03759765625 -182.4993896484375 
v 59.374046325683594 -329.6136474609375 -182.4993896484375 
v 14.312180519104004 -329.6136474609375 -182.4993896484375 
v 14.312180519104004 -329.6136474609375 -190.8703155517578 
v 14.312180519104004 -325.03759765625 -190.87356567382812 
v 59.374046325683594 -329.6136474609375 -190.8703155517578 
v 12.395317077636719 -363.33807373046875 -135.66055297851562 
v 13.035754203796387 -362.0495300292969 -138.89137268066406 
v 12.395317077636719 -362.850341796875 -135.46572875976562 
v 13.035754203796387 -361.5558166503906 -138.69656372070312 
v 12.199627876281738 -362.48907470703125 -135.56314086914062 
v 12.733325004577637 -361.2788391113281 -138.5796661376953 
v 12.448686599731445 -361.28485107421875 -138.576416015625 
v 11.007702827453613 -358.2742919921875 -146.099853515625 
v 10.945438385009766 -357.8347473144531 -146.28494262695312 
v 10.945438385009766 -359.1232604980469 -146.71029663085938 
v 10.118206977844238 -358.978759765625 -146.73951721191406 
v 11.634798049926758 -358.6235046386719 -146.0316619873047 
v 11.287894248962402 -358.2562255859375 -146.1453094482422 
v 11.007702827453613 -359.32196044921875 -146.5187225341797 
v 11.634798049926758 -359.11724853515625 -146.229736328125 
v 11.287894248962402 -359.30389404296875 -146.56417846679688 
v 7.712120056152344 -358.978759765625 -146.73951721191406 
v 6.880441665649414 -359.1232604980469 -146.71029663085938 
v 7.712120056152344 -358.3706359863281 -146.49923706054688 
v 6.880441665649414 -357.8347473144531 -146.28494262695312 
v 7.725462913513184 -357.8347473144531 -146.28494262695312 
v 7.725462913513184 -358.2803039550781 -145.18093872070312 
v 8.063470840454102 -358.15386962890625 -145.4958953857422 
v 9.76685619354248 -358.15386962890625 -145.4958953857422 
v 7.725462913513184 -359.63507080078125 -141.77801513671875 
v 6.884889125823975 -360.08062744140625 -140.67401123046875 
v 10.109312057495117 -359.63507080078125 -141.77801513671875 
v 10.949885368347168 -360.08062744140625 -140.67401123046875 
v 10.104864120483398 -358.2803039550781 -145.18093872070312 
v 10.104864120483398 -357.8347473144531 -146.28494262695312 
v 10.118206977844238 -358.3706359863281 -146.49923706054688 
v 9.780198097229004 -358.37664794921875 -146.49923706054688 
v 9.76685619354248 -357.84075927734375 -146.28494262695312 
v 8.050128936767578 -358.37664794921875 -146.49923706054688 
v 8.063470840454102 -357.84075927734375 -146.28494262695312 
v 12.00838565826416 -362.40478515625 -135.76446533203125 
v 12.448686599731445 -360.9657287597656 -138.4497833251953 
v 12.00838565826416 -362.0916748046875 -135.63783264160156 
v 10.949885368347168 -361.7003173828125 -136.62168884277344 
v 14.312180519104004 -347.06292724609375 -190.8703155517578 
v 14.312180519104004 -347.06292724609375 -182.4993896484375 
v 59.374046325683594 -347.06292724609375 -190.8703155517578 
v 59.374046325683594 -347.06292724609375 -182.4993896484375 
v 59.374046325683594 -351.63897705078125 -182.4993896484375 
v 14.312180519104004 -351.63897705078125 -182.4993896484375 
v 14.312180519104004 -351.63897705078125 -190.8703155517578 
v 14.312180519104004 -347.06292724609375 -190.8703155517578 
v 59.374046325683594 -351.63897705078125 -190.8703155517578 
v -27.04938316345215 -406.9853210449219 -117.74977111816406 
v -27.04938316345215 -406.322998046875 -117.74977111816406 
v -28.165700912475586 -406.9853210449219 -117.74977111816406 
v -28.165700912475586 -406.322998046875 -117.74977111816406 
v -29.21975326538086 -406.9853210449219 -117.36986541748047 
v -29.21975326538086 -406.322998046875 -117.36986541748047 
v -30.07366943359375 -406.9853210449219 -116.64901733398438 
v -30.07366943359375 -406.322998046875 -116.64901733398438 
v -30.634052276611328 -406.9853210449219 -115.681396484375 
v -30.634052276611328 -406.322998046875 -115.681396484375 
v -30.825294494628906 -406.9853210449219 -114.58064270019531 
v -30.825294494628906 -406.322998046875 -114.58064270019531 
v -30.634052276611328 -406.9853210449219 -113.47988891601562 
v -30.634052276611328 -406.322998046875 -113.47988891601562 
v -30.07366943359375 -406.9853210449219 -112.51226806640625 
v -30.07366943359375 -406.322998046875 -112.51226806640625 
v -29.21975326538086 -406.9853210449219 -111.79141998291016 
v -29.21975326538086 -406.322998046875 -111.79141998291016 
v -28.165700912475586 -406.9853210449219 -111.41151428222656 
v -28.165700912475586 -406.322998046875 -111.41151428222656 
v -27.04938316345215 -406.9853210449219 -111.41151428222656 
v -27.04938316345215 -406.322998046875 -111.41151428222656 
v -25.999778747558594 -406.9853210449219 -111.79141998291016 
v -25.999778747558594 -406.322998046875 -111.79141998291016 
v -25.141414642333984 -406.9853210449219 -112.51226806640625 
v -25.141414642333984 -406.322998046875 -112.51226806640625 
v -24.581031799316406 -406.9853210449219 -113.47988891601562 
v -24.581031799316406 -406.322998046875 -113.47988891601562 
v -24.389789581298828 -406.9853210449219 -114.58064270019531 
v -24.389789581298828 -406.322998046875 -114.58064270019531 
v -24.581031799316406 -406.9853210449219 -115.681396484375 
v -24.581031799316406 -406.322998046875 -115.681396484375 
v -25.141414642333984 -406.9853210449219 -116.64901733398438 
v -25.141414642333984 -406.322998046875 -116.64901733398438 
v -25.999778747558594 -406.9853210449219 -117.36986541748047 
v -25.999778747558594 -406.322998046875 -117.36986541748047 
v -27.04938316345215 -406.9853210449219 -117.74977111816406 
v -27.04938316345215 -406.322998046875 -117.74977111816406 
v -26.9515380859375 -406.322998046875 -118.31475830078125 
v -28.26799201965332 -406.322998046875 -118.31475830078125 
v -29.504392623901367 -406.322998046875 -117.86666870117188 
v -30.51396942138672 -406.322998046875 -117.01918029785156 
v -31.172197341918945 -406.322998046875 -115.87946319580078 
v -31.399019241333008 -406.322998046875 -114.58064270019531 
v -31.172197341918945 -406.322998046875 -113.28506469726562 
v -30.51396942138672 -406.322998046875 -112.14209747314453 
v -29.504392623901367 -406.322998046875 -111.29786682128906 
v -28.26799201965332 -406.322998046875 -110.84651947021484 
v -26.9515380859375 -406.322998046875 -110.84651947021484 
v -25.710691452026367 -406.322998046875 -111.29786682128906 
v -24.701114654541016 -406.322998046875 -112.14209747314453 
v -24.04288673400879 -406.322998046875 -113.28506469726562 
v -23.816064834594727 -406.322998046875 -114.58064270019531 
v -24.04288673400879 -406.322998046875 -115.87946319580078 
v -24.701114654541016 -406.322998046875 -117.01918029785156 
v -25.710691452026367 -406.322998046875 -117.86666870117188 
v -26.9515380859375 -406.322998046875 -118.31475830078125 
v -26.9515380859375 -407.8282775878906 -118.31475830078125 
v -28.26799201965332 -407.8282775878906 -118.31475830078125 
v -29.504392623901367 -407.8282775878906 -117.86666870117188 
v -30.51396942138672 -407.8282775878906 -117.01918029785156 
v -31.172197341918945 -407.8282775878906 -115.87946319580078 
v -31.399019241333008 -407.8282775878906 -114.58064270019531 
v -31.172197341918945 -407.8282775878906 -113.28506469726562 
v -30.51396942138672 -407.8282775878906 -112.14209747314453 
v -29.504392623901367 -407.8282775878906 -111.29786682128906 
v -28.26799201965332 -407.8282775878906 -110.84651947021484 
v -26.9515380859375 -407.8282775878906 -110.84651947021484 
v -25.710691452026367 -407.8282775878906 -111.29786682128906 
v -24.701114654541016 -407.8282775878906 -112.14209747314453 
v -24.04288673400879 -407.8282775878906 -113.28506469726562 
v -23.816064834594727 -407.8282775878906 -114.58064270019531 
v -24.04288673400879 -407.8282775878906 -115.87946319580078 
v -24.701114654541016 -407.8282775878906 -117.01918029785156 
v -25.710691452026367 -407.8282775878906 -117.86666870117188 
v -26.9515380859375 -407.8282775878906 -118.31475830078125 
v 9.780198097229004 -358.37664794921875 -146.49923706054688 
v 10.118206977844238 -358.3706359863281 -146.49923706054688 
v 9.780198097229004 -357.7263488769531 -148.113037109375 
v 10.118206977844238 -357.59991455078125 -148.42799377441406 
v 8.050128936767578 -357.7263488769531 -148.113037109375 
v 7.712120056152344 -357.59991455078125 -148.42799377441406 
v 8.050128936767578 -358.37664794921875 -146.49923706054688 
v 7.712120056152344 -358.3706359863281 -146.49923706054688 
v 10.118206977844238 -358.20806884765625 -148.67152404785156 
v 10.118206977844238 -358.978759765625 -146.73951721191406 
v 7.712120056152344 -358.20806884765625 -148.67152404785156 
v 7.712120056152344 -358.978759765625 -146.73951721191406 
v 92.13418579101562 -270.323486328125 -150.3957061767578 
v 92.13418579101562 -217.716796875 -150.17166137695312 
v 91.32029724121094 -270.323486328125 -149.85020446777344 
v 91.32029724121094 -217.716796875 -149.62615966796875 
v 90.3596420288086 -270.323486328125 -149.65863037109375 
v 90.3596420288086 -217.716796875 -149.43458557128906 
v 89.39453887939453 -270.323486328125 -149.85020446777344 
v 89.39453887939453 -217.716796875 -149.62615966796875 
v 88.58065032958984 -270.323486328125 -150.3957061767578 
v 88.58065032958984 -217.716796875 -150.17166137695312 
v 88.03360748291016 -270.323486328125 -151.21072387695312 
v 88.03360748291016 -217.716796875 -150.98667907714844 
v 87.84236907958984 -270.323486328125 -152.17185974121094 
v 87.84236907958984 -217.716796875 -151.9510498046875 
v 88.03360748291016 -270.323486328125 -153.1329803466797 
v 88.03360748291016 -217.716796875 -152.9121856689453 
v 88.58065032958984 -270.323486328125 -153.947998046875 
v 88.58065032958984 -217.716796875 -153.72720336914062 
v 89.39453887939453 -270.323486328125 -154.49349975585938 
v 89.39453887939453 -217.716796875 -154.272705078125 
v 90.3596420288086 -270.323486328125 -154.68507385253906 
v 90.3596420288086 -217.716796875 -154.4642791748047 
v 91.32029724121094 -270.323486328125 -154.49349975585938 
v 91.32029724121094 -217.716796875 -154.272705078125 
v 92.13418579101562 -270.323486328125 -153.947998046875 
v 92.13418579101562 -217.716796875 -153.72720336914062 
v 92.68122863769531 -270.323486328125 -153.1329803466797 
v 92.68122863769531 -217.716796875 -152.9121856689453 
v 92.87246704101562 -270.323486328125 -152.17185974121094 
v 92.87246704101562 -217.716796875 -151.9510498046875 
v 92.68122863769531 -270.323486328125 -151.21072387695312 
v 92.68122863769531 -217.716796875 -150.98667907714844 
v 92.13418579101562 -270.323486328125 -150.3957061767578 
v 92.13418579101562 -217.716796875 -150.17166137695312 
v 92.36100769042969 -217.716796875 -149.94761657714844 
v 91.44482421875 -217.716796875 -149.33067321777344 
v 90.3596420288086 -217.716796875 -149.1163787841797 
v 89.27445220947266 -217.716796875 -149.33067321777344 
v 88.35382843017578 -217.716796875 -149.94761657714844 
v 87.74007415771484 -217.716796875 -150.8665313720703 
v 87.52659606933594 -217.716796875 -151.9510498046875 
v 87.74007415771484 -217.716796875 -153.0355682373047 
v 88.35382843017578 -217.716796875 -153.95449829101562 
v 89.27445220947266 -217.716796875 -154.5681915283203 
v 90.3596420288086 -217.716796875 -154.78248596191406 
v 91.44482421875 -217.716796875 -154.5681915283203 
v 92.36100769042969 -217.716796875 -153.95449829101562 
v 92.97476196289062 -217.716796875 -153.0355682373047 
v 93.19268798828125 -217.716796875 -151.9510498046875 
v 92.97476196289062 -217.716796875 -150.8665313720703 
v 92.36100769042969 -217.716796875 -149.94761657714844 
v 92.12528991699219 -215.93453979492188 -147.68441772460938 
v 90.3596420288086 -215.93453979492188 -147.333740234375 
v 88.58954620361328 -215.93453979492188 -147.68441772460938 
v 87.0951919555664 -215.93453979492188 -148.68450927734375 
v 86.0945053100586 -215.93453979492188 -150.18466186523438 
v 85.74315643310547 -215.93453979492188 -151.9510498046875 
v 86.0945053100586 -215.93453979492188 -153.7174530029297 
v 87.0951919555664 -215.93453979492188 -155.21435546875 
v 88.58954620361328 -215.93453979492188 -156.21444702148438 
v 90.3596420288086 -215.93453979492188 -156.56837463378906 
v 92.12528991699219 -215.93453979492188 -156.21444702148438 
v 93.62409210205078 -215.93453979492188 -155.21435546875 
v 94.62477111816406 -215.93453979492188 -153.7174530029297 
v 94.97612762451172 -215.93453979492188 -151.9510498046875 
v 94.62477111816406 -215.93453979492188 -150.18466186523438 
v 93.62409210205078 -215.93453979492188 -148.68450927734375 
v 92.12528991699219 -213.0203094482422 -147.68441772460938 
v 90.3596420288086 -213.0203094482422 -147.333740234375 
v 88.58954620361328 -213.0203094482422 -147.68441772460938 
v 87.0951919555664 -213.0203094482422 -148.68450927734375 
v 86.0945053100586 -213.0203094482422 -150.18466186523438 
v 85.74315643310547 -213.0203094482422 -151.9510498046875 
v 86.0945053100586 -213.0203094482422 -153.7174530029297 
v 87.0951919555664 -213.0203094482422 -155.21435546875 
v 88.58954620361328 -213.0203094482422 -156.21444702148438 
v 90.3596420288086 -213.0203094482422 -156.56837463378906 
v 92.12528991699219 -213.0203094482422 -156.21444702148438 
v 93.62409210205078 -213.0203094482422 -155.21435546875 
v 94.62477111816406 -213.0203094482422 -153.7174530029297 
v 94.97612762451172 -213.0203094482422 -151.9510498046875 
v 94.62477111816406 -213.0203094482422 -150.18466186523438 
v 93.62409210205078 -213.0203094482422 -148.68450927734375 
v 93.62409210205078 -213.0203094482422 -148.68450927734375 
v 93.62409210205078 -215.93453979492188 -148.68450927734375 
v -25.528345108032227 -406.71435546875 -114.54817199707031 
v -28.797243118286133 -406.71435546875 -114.55791473388672 
v -25.523897171020508 -406.71435546875 -114.46050262451172 
v -28.797243118286133 -406.71435546875 -114.46050262451172 
v -29.10411834716797 -406.71435546875 -114.55791473388672 
v -29.10411834716797 -406.71435546875 -114.46050262451172 
v -29.286466598510742 -406.71435546875 -114.37283325195312 
v -29.290912628173828 -406.71435546875 -114.642333984375 
v -28.979589462280273 -406.71435546875 -114.6650619506836 
v -28.881744384765625 -406.71435546875 -114.6650619506836 
v -28.819480895996094 -406.71435546875 -114.642333984375 
v 85.94773864746094 -313.79010009765625 -172.93679809570312 
v 85.20500946044922 -313.79010009765625 -172.93679809570312 
v 86.28130340576172 -313.79010009765625 -174.62527465820312 
v 85.59638977050781 -313.79010009765625 -174.90777587890625 
v 87.23751068115234 -313.79010009765625 -176.05398559570312 
v 86.71270751953125 -313.79010009765625 -176.5800018310547 
v 88.66960144042969 -313.79010009765625 -177.01187133789062 
v 88.38495635986328 -313.79010009765625 -177.69699096679688 
v 90.3596420288086 -313.79010009765625 -177.3463134765625 
v 90.3596420288086 -313.79010009765625 -178.0898895263672 
v 92.04523468017578 -313.79010009765625 -177.01187133789062 
v 92.32987213134766 -313.79010009765625 -177.69699096679688 
v 93.47732543945312 -313.79010009765625 -176.05398559570312 
v 94.00212860107422 -313.79010009765625 -176.5800018310547 
v 94.43353271484375 -313.79010009765625 -174.62527465820312 
v 95.11844635009766 -313.79010009765625 -174.90777587890625 
v 94.77153778076172 -313.79010009765625 -172.93679809570312 
v 95.51426696777344 -313.79010009765625 -172.93679809570312 
v 94.43353271484375 -313.79010009765625 -171.2483367919922 
v 95.11844635009766 -313.79010009765625 -170.96258544921875 
v 93.47732543945312 -313.79010009765625 -169.81637573242188 
v 94.00212860107422 -313.79010009765625 -169.2903594970703 
v 92.04523468017578 -313.79010009765625 -168.8617401123047 
v 92.32987213134766 -313.79010009765625 -168.17337036132812 
v 90.3596420288086 -313.79010009765625 -168.5240478515625 
v 90.3596420288086 -313.79010009765625 -167.7804718017578 
v 88.66960144042969 -313.79010009765625 -168.8617401123047 
v 88.38495635986328 -313.79010009765625 -168.17337036132812 
v 87.23751068115234 -313.79010009765625 -169.81637573242188 
v 86.71270751953125 -313.79010009765625 -169.2903594970703 
v 86.28130340576172 -313.79010009765625 -171.2483367919922 
v 85.59638977050781 -313.79010009765625 -170.96258544921875 
v 85.94773864746094 -313.79010009765625 -172.93679809570312 
v 85.20500946044922 -313.79010009765625 -172.93679809570312 
v 85.2806167602539 -313.4468994140625 -175.0408935546875 
v 86.47254180908203 -313.4468994140625 -176.8235321044922 
v 88.2559814453125 -313.4468994140625 -178.0152130126953 
v 90.3596420288086 -313.4468994140625 -178.43408203125 
v 92.46330261230469 -313.4468994140625 -178.0152130126953 
v 94.24674224853516 -313.4468994140625 -176.8235321044922 
v 95.43865966796875 -313.4468994140625 -175.0408935546875 
v 95.85672760009766 -313.4468994140625 -172.93679809570312 
v 95.43865966796875 -313.4468994140625 -170.83270263671875 
v 94.24674224853516 -313.4468994140625 -169.05007934570312 
v 92.46330261230469 -313.4468994140625 -167.8583984375 
v 90.3596420288086 -313.4468994140625 -167.4395294189453 
v 88.2559814453125 -313.4468994140625 -167.8583984375 
v 86.47254180908203 -313.4468994140625 -169.05007934570312 
v 85.2806167602539 -313.4468994140625 -170.83270263671875 
v 84.86255645751953 -313.4468994140625 -172.93679809570312 
v 85.2806167602539 -280.6979064941406 -175.0408935546875 
v 86.47254180908203 -280.6979064941406 -176.8235321044922 
v 88.2559814453125 -280.6979064941406 -178.0152130126953 
v 90.3596420288086 -280.6979064941406 -178.43408203125 
v 92.46330261230469 -280.6979064941406 -178.0152130126953 
v 94.24674224853516 -280.6979064941406 -176.8235321044922 
v 95.43865966796875 -280.6979064941406 -175.0408935546875 
v 95.85672760009766 -280.6979064941406 -172.93679809570312 
v 95.43865966796875 -280.6979064941406 -170.83270263671875 
v 94.24674224853516 -280.6979064941406 -169.05007934570312 
v 92.46330261230469 -280.6979064941406 -167.8583984375 
v 90.3596420288086 -280.6979064941406 -167.4395294189453 
v 88.2559814453125 -280.6979064941406 -167.8583984375 
v 86.47254180908203 -280.6979064941406 -169.05007934570312 
v 85.2806167602539 -280.6979064941406 -170.83270263671875 
v 84.86255645751953 -280.6979064941406 -172.93679809570312 
v 86.71270751953125 -280.3547058105469 -176.5800018310547 
v 88.38495635986328 -280.3547058105469 -177.69699096679688 
v 90.3596420288086 -280.3547058105469 -178.0898895263672 
v 92.32987213134766 -280.3547058105469 -177.69699096679688 
v 94.00212860107422 -280.3547058105469 -176.5800018310547 
v 95.11844635009766 -280.3547058105469 -174.90777587890625 
v 95.51426696777344 -280.3547058105469 -172.93679809570312 
v 95.11844635009766 -280.3547058105469 -170.96258544921875 
v 94.00212860107422 -280.3547058105469 -169.2903594970703 
v 92.32987213134766 -280.3547058105469 -168.17337036132812 
v 90.3596420288086 -280.3547058105469 -167.7804718017578 
v 88.38495635986328 -280.3547058105469 -168.17337036132812 
v 86.71270751953125 -280.3547058105469 -169.2903594970703 
v 85.59638977050781 -280.3547058105469 -170.96258544921875 
v 85.20500946044922 -280.3547058105469 -172.93679809570312 
v 87.23751068115234 -280.3547058105469 -176.05398559570312 
v 88.66960144042969 -280.3547058105469 -177.01187133789062 
v 90.3596420288086 -280.3547058105469 -177.3463134765625 
v 92.04523468017578 -280.3547058105469 -177.01187133789062 
v 93.47732543945312 -280.3547058105469 -176.05398559570312 
v 94.43353271484375 -280.3547058105469 -174.62527465820312 
v 94.77153778076172 -280.3547058105469 -172.93679809570312 
v 94.43353271484375 -280.3547058105469 -171.2483367919922 
v 93.47732543945312 -280.3547058105469 -169.81637573242188 
v 92.04523468017578 -280.3547058105469 -168.8617401123047 
v 90.3596420288086 -280.3547058105469 -168.5240478515625 
v 88.66960144042969 -280.3547058105469 -168.8617401123047 
v 87.23751068115234 -280.3547058105469 -169.81637573242188 
v 86.28130340576172 -280.3547058105469 -171.2483367919922 
v 85.94773864746094 -280.3547058105469 -172.93679809570312 
v 86.28130340576172 -280.3547058105469 -174.62527465820312 
v 85.59638977050781 -280.3547058105469 -174.90777587890625 
v 85.94773864746094 -280.3547058105469 -172.93679809570312 
v 85.20500946044922 -280.3547058105469 -172.93679809570312 
v 84.86255645751953 -280.6979064941406 -172.93679809570312 
v 84.86255645751953 -313.4468994140625 -172.93679809570312 
v 21.33475112915039 -363.33807373046875 -135.66055297851562 
v 21.975189208984375 -362.0495300292969 -138.89137268066406 
v 21.33475112915039 -362.850341796875 -135.46572875976562 
v 21.975189208984375 -361.5558166503906 -138.69656372070312 
v 21.139062881469727 -362.48907470703125 -135.56314086914062 
v 21.677207946777344 -361.2788391113281 -138.5796661376953 
v 21.392568588256836 -361.28485107421875 -138.576416015625 
v 19.95158576965332 -358.2742919921875 -146.099853515625 
v 19.889320373535156 -357.8347473144531 -146.28494262695312 
v 19.889320373535156 -359.1232604980469 -146.71029663085938 
v 19.062089920043945 -358.978759765625 -146.73951721191406 
v 20.57868003845215 -358.6235046386719 -146.0316619873047 
v 20.23177719116211 -358.2562255859375 -146.1453094482422 
v 19.95158576965332 -359.32196044921875 -146.5187225341797 
v 20.57868003845215 -359.11724853515625 -146.229736328125 
v 20.23177719116211 -359.30389404296875 -146.56417846679688 
v 92.68122863769531 -270.323486328125 -171.97242736816406 
v 92.68122863769531 -217.716796875 -171.32301330566406 
v 92.13418579101562 -270.323486328125 -171.15740966796875 
v 92.13418579101562 -217.716796875 -170.50799560546875 
v 91.32029724121094 -270.323486328125 -170.61190795898438 
v 91.32029724121094 -217.716796875 -169.96249389648438 
v 90.3596420288086 -270.323486328125 -170.4203338623047 
v 90.3596420288086 -217.716796875 -169.7709197998047 
v 89.39453887939453 -270.323486328125 -170.61190795898438 
v 89.39453887939453 -217.716796875 -169.96249389648438 
v 88.58065032958984 -270.323486328125 -171.15740966796875 
v 88.58065032958984 -217.716796875 -170.50799560546875 
v 88.03360748291016 -270.323486328125 -171.97242736816406 
v 88.03360748291016 -217.716796875 -171.32301330566406 
v 87.84236907958984 -270.323486328125 -172.93679809570312 
v 87.84236907958984 -217.716796875 -172.2873992919922 
v 88.03360748291016 -270.323486328125 -173.89793395996094 
v 88.03360748291016 -217.716796875 -173.24851989746094 
v 88.58065032958984 -270.323486328125 -174.71295166015625 
v 88.58065032958984 -217.716796875 -174.06353759765625 
v 89.39453887939453 -270.323486328125 -175.25845336914062 
v 89.39453887939453 -217.716796875 -174.60903930664062 
v 90.3596420288086 -270.323486328125 -175.4500274658203 
v 90.3596420288086 -217.716796875 -174.8006134033203 
v 91.32029724121094 -270.323486328125 -175.25845336914062 
v 91.32029724121094 -217.716796875 -174.60903930664062 
v 92.13418579101562 -270.323486328125 -174.71295166015625 
v 92.13418579101562 -217.716796875 -174.06353759765625 
v 92.68122863769531 -270.323486328125 -173.89793395996094 
v 92.68122863769531 -217.716796875 -173.24851989746094 
v 92.87246704101562 -270.323486328125 -172.93679809570312 
v 92.87246704101562 -217.716796875 -172.2873992919922 
v 92.68122863769531 -270.323486328125 -171.97242736816406 
v 92.68122863769531 -217.716796875 -171.32301330566406 
v 92.97476196289062 -217.716796875 -171.202880859375 
v 92.36100769042969 -217.716796875 -170.28395080566406 
v 91.44482421875 -217.716796875 -169.66700744628906 
v 90.3596420288086 -217.716796875 -169.4527130126953 
v 89.27445220947266 -217.716796875 -169.66700744628906 
v 88.35382843017578 -217.716796875 -170.28395080566406 
v 87.74007415771484 -217.716796875 -171.202880859375 
v 87.52659606933594 -217.716796875 -172.2873992919922 
v 87.74007415771484 -217.716796875 -173.3719024658203 
v 88.35382843017578 -217.716796875 -174.29083251953125 
v 89.27445220947266 -217.716796875 -174.90452575683594 
v 90.3596420288086 -217.716796875 -175.11883544921875 
v 91.44482421875 -217.716796875 -174.90452575683594 
v 92.36100769042969 -217.716796875 -174.29083251953125 
v 92.97476196289062 -217.716796875 -173.3719024658203 
v 93.19268798828125 -217.716796875 -172.2873992919922 
v 92.97476196289062 -217.716796875 -171.202880859375 
v 93.62409210205078 -215.93453979492188 -169.02084350585938 
v 92.12528991699219 -215.93453979492188 -168.020751953125 
v 90.3596420288086 -215.93453979492188 -167.67007446289062 
v 88.58954620361328 -215.93453979492188 -168.020751953125 
v 87.0951919555664 -215.93453979492188 -169.02084350585938 
v 86.0945053100586 -215.93453979492188 -170.52099609375 
v 85.74315643310547 -215.93453979492188 -172.2873992919922 
v 86.0945053100586 -215.93453979492188 -174.0537872314453 
v 87.0951919555664 -215.93453979492188 -175.55068969726562 
v 88.58954620361328 -215.93453979492188 -176.55078125 
v 90.3596420288086 -215.93453979492188 -176.9047088623047 
v 92.12528991699219 -215.93453979492188 -176.55078125 
v 93.62409210205078 -215.93453979492188 -175.55068969726562 
v 94.62477111816406 -215.93453979492188 -174.0537872314453 
v 94.97612762451172 -215.93453979492188 -172.2873992919922 
v 94.62477111816406 -215.93453979492188 -170.52099609375 
v 93.62409210205078 -213.0203094482422 -169.02084350585938 
v 92.12528991699219 -213.0203094482422 -168.020751953125 
v 90.3596420288086 -213.0203094482422 -167.67007446289062 
v 88.58954620361328 -213.0203094482422 -168.020751953125 
v 87.0951919555664 -213.0203094482422 -169.02084350585938 
v 86.0945053100586 -213.0203094482422 -170.52099609375 
v 85.74315643310547 -213.0203094482422 -172.2873992919922 
v 86.0945053100586 -213.0203094482422 -174.0537872314453 
v 87.0951919555664 -213.0203094482422 -175.55068969726562 
v 88.58954620361328 -213.0203094482422 -176.55078125 
v 90.3596420288086 -213.0203094482422 -176.9047088623047 
v 92.12528991699219 -213.0203094482422 -176.55078125 
v 93.62409210205078 -213.0203094482422 -175.55068969726562 
v 94.62477111816406 -213.0203094482422 -174.0537872314453 
v 94.97612762451172 -213.0203094482422 -172.2873992919922 
v 94.62477111816406 -213.0203094482422 -170.52099609375 
v 94.62477111816406 -213.0203094482422 -170.52099609375 
v 94.62477111816406 -215.93453979492188 -170.52099609375 
v -33.37369918823242 -267.46343994140625 -158.0490264892578 
v -20.45821762084961 -267.46343994140625 -158.0490264892578 
v -33.37369918823242 -301.08551025390625 -158.0490264892578 
v -20.45821762084961 -301.08551025390625 -158.0490264892578 
v -20.45821762084961 -260.95458984375 -160.2505340576172 
v -20.45821762084961 -307.5943603515625 -160.2505340576172 
v -17.509538650512695 -258.9495544433594 -160.2505340576172 
v -10.847213745117188 -309.5993957519531 -160.2505340576172 
v -17.509538650512695 -309.5993957519531 -160.2505340576172 
v -7.894087314605713 -260.95458984375 -160.2505340576172 
v -7.894087314605713 -307.5943603515625 -160.2505340576172 
v 30.27863311767578 -363.33807373046875 -135.66055297851562 
v 30.919071197509766 -362.0495300292969 -138.89137268066406 
v 30.27863311767578 -362.850341796875 -135.46572875976562 
v 30.919071197509766 -361.5558166503906 -138.69656372070312 
v 30.082944869995117 -362.48907470703125 -135.56314086914062 
v 30.621089935302734 -361.2788391113281 -138.5796661376953 
v 30.336450576782227 -361.28485107421875 -138.576416015625 
v 28.891019821166992 -358.2742919921875 -146.099853515625 
v 28.833202362060547 -357.8347473144531 -146.28494262695312 
v 28.833202362060547 -359.1232604980469 -146.71029663085938 
v 28.001523971557617 -358.978759765625 -146.73951721191406 
v 29.52256202697754 -358.6235046386719 -146.0316619873047 
v 29.1756591796875 -358.2562255859375 -146.1453094482422 
v 28.891019821166992 -359.32196044921875 -146.5187225341797 
v 29.52256202697754 -359.11724853515625 -146.229736328125 
v 29.1756591796875 -359.30389404296875 -146.56417846679688 
v 6.884889125823975 -361.7003173828125 -136.62168884277344 
v 5.826388835906982 -362.0916748046875 -135.63783264160156 
v 10.949885368347168 -361.7003173828125 -136.62168884277344 
v 12.00838565826416 -362.0916748046875 -135.63783264160156 
v 5.826388835906982 -362.40478515625 -135.76446533203125 
v 12.00838565826416 -362.40478515625 -135.76446533203125 
v 5.639594554901123 -362.48907470703125 -135.56314086914062 
v 12.199627876281738 -362.48907470703125 -135.56314086914062 
v 12.395317077636719 -362.850341796875 -135.46572875976562 
v 5.443905353546143 -362.850341796875 -135.46572875976562 
v 5.443905353546143 -363.33807373046875 -135.66055297851562 
v 92.13418579101562 -323.8213195800781 -171.15740966796875 
v 92.13418579101562 -376.0547180175781 -171.15740966796875 
v 92.68122863769531 -323.8213195800781 -171.97242736816406 
v 92.68122863769531 -376.0547180175781 -171.97242736816406 
v 92.87246704101562 -323.8213195800781 -172.93679809570312 
v 92.87246704101562 -376.0547180175781 -172.93679809570312 
v 92.68122863769531 -323.8213195800781 -173.89793395996094 
v 92.68122863769531 -376.0547180175781 -173.89793395996094 
v 92.13418579101562 -323.8213195800781 -174.71295166015625 
v 92.13418579101562 -376.0547180175781 -174.71295166015625 
v 91.32029724121094 -323.8213195800781 -175.25845336914062 
v 91.32029724121094 -376.0547180175781 -175.25845336914062 
v 90.3596420288086 -323.8213195800781 -175.4500274658203 
v 90.3596420288086 -376.0547180175781 -175.4500274658203 
v 89.39453887939453 -323.8213195800781 -175.25845336914062 
v 89.39453887939453 -376.0547180175781 -175.25845336914062 
v 88.58065032958984 -323.8213195800781 -174.71295166015625 
v 88.58065032958984 -376.0547180175781 -174.71295166015625 
v 88.03360748291016 -323.8213195800781 -173.89793395996094 
v 88.03360748291016 -376.0547180175781 -173.89793395996094 
v 87.84236907958984 -323.8213195800781 -172.93679809570312 
v 87.84236907958984 -376.0547180175781 -172.93679809570312 
v 88.03360748291016 -323.8213195800781 -171.97242736816406 
v 88.03360748291016 -376.0547180175781 -171.97242736816406 
v 88.58065032958984 -323.8213195800781 -171.15740966796875 
v 88.58065032958984 -376.0547180175781 -171.15740966796875 
v 89.39453887939453 -323.8213195800781 -170.61190795898438 
v 89.39453887939453 -376.0547180175781 -170.61190795898438 
v 90.3596420288086 -323.8213195800781 -170.4203338623047 
v 90.3596420288086 -376.0547180175781 -170.4203338623047 
v 91.32029724121094 -323.8213195800781 -170.61190795898438 
v 91.32029724121094 -376.0547180175781 -170.61190795898438 
v 92.13418579101562 -323.8213195800781 -171.15740966796875 
v 92.13418579101562 -376.0547180175781 -171.15740966796875 
v 27.663515090942383 -358.37664794921875 -146.49923706054688 
v 28.001523971557617 -358.3706359863281 -146.49923706054688 
v 27.663515090942383 -357.7263488769531 -148.113037109375 
v 28.001523971557617 -357.59991455078125 -148.42799377441406 
v 25.93789291381836 -357.7263488769531 -148.113037109375 
v 25.59543800354004 -357.59991455078125 -148.42799377441406 
v 25.93789291381836 -358.37664794921875 -146.49923706054688 
v 25.59543800354004 -358.3706359863281 -146.49923706054688 
v 28.001523971557617 -358.20806884765625 -148.67152404785156 
v 28.001523971557617 -358.978759765625 -146.73951721191406 
v 25.59543800354004 -358.20806884765625 -148.67152404785156 
v 25.59543800354004 -358.978759765625 -146.73951721191406 
v 6.822624206542969 -359.32196044921875 -146.5187225341797 
v 6.822624206542969 -358.2742919921875 -146.099853515625 
v 5.390535831451416 -360.9657287597656 -138.4497833251953 
v 5.390535831451416 -361.28485107421875 -138.576416015625 
v 5.826388835906982 -362.0916748046875 -135.63783264160156 
v 5.826388835906982 -362.40478515625 -135.76446533203125 
v 6.54243278503418 -359.30389404296875 -146.56417846679688 
v 6.54243278503418 -358.2562255859375 -146.1453094482422 
v 5.101449489593506 -361.2788391113281 -138.5796661376953 
v 5.639594554901123 -362.48907470703125 -135.56314086914062 
v 6.195529460906982 -358.6235046386719 -146.0316619873047 
v 4.803468227386475 -361.5558166503906 -138.6933135986328 
v 5.443905353546143 -362.850341796875 -135.46572875976562 
v 6.195529460906982 -359.11724853515625 -146.2264862060547 
v 4.803468227386475 -362.0495300292969 -138.89137268066406 
v 5.443905353546143 -363.33807373046875 -135.66055297851562 
v -33.37369918823242 -301.08551025390625 -151.13929748535156 
v -20.45821762084961 -301.08551025390625 -151.13929748535156 
v -33.37369918823242 -267.46343994140625 -151.13929748535156 
v -20.45821762084961 -267.46343994140625 -151.13929748535156 
v -20.45821762084961 -307.5943603515625 -148.94102478027344 
v -20.45821762084961 -260.95458984375 -148.94102478027344 
v -17.509538650512695 -260.95458984375 -147.0934600830078 
v -17.509538650512695 -307.5943603515625 -147.0934600830078 
v -10.847213745117188 -260.95458984375 -147.0934600830078 
v -10.847213745117188 -307.5943603515625 -147.0934600830078 
v -7.894087314605713 -260.95458984375 -148.94102478027344 
v -7.894087314605713 -307.5943603515625 -148.94102478027344 
v -10.847213745117188 -309.5993957519531 -148.94102478027344 
v -17.509538650512695 -309.5993957519531 -148.94102478027344 
v 19.893768310546875 -361.7003173828125 -136.62168884277344 
v 20.952268600463867 -362.0916748046875 -135.63783264160156 
v 19.893768310546875 -360.08062744140625 -140.67401123046875 
v 21.392568588256836 -360.9657287597656 -138.4497833251953 
v 20.952268600463867 -362.40478515625 -135.76446533203125 
v 6.884889125823975 -361.7003173828125 -136.62168884277344 
v 15.828771591186523 -361.7003173828125 -136.62168884277344 
v 14.770271301269531 -362.0916748046875 -135.63783264160156 
v 19.893768310546875 -361.7003173828125 -136.62168884277344 
v 20.952268600463867 -362.0916748046875 -135.63783264160156 
v 14.770271301269531 -362.40478515625 -135.76446533203125 
v 20.952268600463867 -362.40478515625 -135.76446533203125 
v 14.583477020263672 -362.48907470703125 -135.56314086914062 
v 21.139062881469727 -362.48907470703125 -135.56314086914062 
v 21.33475112915039 -362.850341796875 -135.46572875976562 
v 14.387787818908691 -362.850341796875 -135.46572875976562 
v 14.387787818908691 -363.33807373046875 -135.66055297851562 
v -33.37369918823242 -267.46343994140625 -151.13929748535156 
v -20.45821762084961 -267.46343994140625 -151.13929748535156 
v -33.37369918823242 -267.46343994140625 -158.0490264892578 
v -20.45821762084961 -267.46343994140625 -158.0490264892578 
v -20.45821762084961 -260.95458984375 -148.94102478027344 
v -20.45821762084961 -260.95458984375 -160.2505340576172 
v -17.509538650512695 -258.9495544433594 -160.2505340576172 
v -17.509538650512695 -258.9495544433594 -148.94102478027344 
v -10.847213745117188 -258.9495544433594 -160.2505340576172 
v -10.847213745117188 -258.9495544433594 -148.94102478027344 
v -7.894087314605713 -260.95458984375 -160.2505340576172 
v -7.894087314605713 -260.95458984375 -148.94102478027344 
v -7.894087314605713 -307.5943603515625 -160.2505340576172 
v -7.894087314605713 -307.5943603515625 -148.94102478027344 
v -10.847213745117188 -309.5993957519531 -160.2505340576172 
v -10.847213745117188 -309.5993957519531 -148.94102478027344 
v -17.509538650512695 -309.5993957519531 -160.2505340576172 
v -17.509538650512695 -309.5993957519531 -148.94102478027344 
v -20.45821762084961 -307.5943603515625 -160.2505340576172 
v -20.45821762084961 -307.5943603515625 -148.94102478027344 
v -20.45821762084961 -301.08551025390625 -151.13929748535156 
v -20.45821762084961 -301.08551025390625 -158.0490264892578 
v -33.37369918823242 -301.08551025390625 -151.13929748535156 
v -33.37369918823242 -301.08551025390625 -158.0490264892578 
v -10.847213745117188 -258.9495544433594 -148.94102478027344 
v -17.509538650512695 -258.9495544433594 -148.94102478027344 
v 60.259098052978516 -363.33807373046875 -135.66055297851562 
v 67.20606231689453 -363.33807373046875 -135.66055297851562 
v 60.259098052978516 -362.850341796875 -135.46572875976562 
v 67.20606231689453 -362.850341796875 -135.46572875976562 
v 67.01036834716797 -362.48907470703125 -135.56314086914062 
v 60.45478439331055 -362.48907470703125 -135.56314086914062 
v 60.641578674316406 -362.40478515625 -135.76446533203125 
v 66.82357788085938 -362.40478515625 -135.76446533203125 
v 60.641578674316406 -362.0916748046875 -135.63783264160156 
v 66.82357788085938 -362.0916748046875 -135.63783264160156 
v 61.70008087158203 -361.7003173828125 -136.62168884277344 
v 19.062089920043945 -358.978759765625 -146.73951721191406 
v 19.062089920043945 -358.20806884765625 -148.67152404785156 
v 19.062089920043945 -358.3706359863281 -146.49923706054688 
v 19.062089920043945 -357.59991455078125 -148.42799377441406 
v 18.719633102416992 -357.7263488769531 -148.113037109375 
v 16.99401092529297 -357.7263488769531 -148.113037109375 
v 16.656002044677734 -357.59991455078125 -148.42799377441406 
v 16.656002044677734 -358.20806884765625 -148.67152404785156 
v 16.656002044677734 -358.978759765625 -146.73951721191406 
v 16.656002044677734 -358.3706359863281 -146.49923706054688 
v 16.99401092529297 -358.37664794921875 -146.49923706054688 
v 30.27863311767578 -363.33807373046875 -135.66055297851562 
v 30.27863311767578 -362.850341796875 -135.46572875976562 
v 23.3316707611084 -363.33807373046875 -135.66055297851562 
v 23.3316707611084 -362.850341796875 -135.46572875976562 
v 23.527359008789062 -362.48907470703125 -135.56314086914062 
v 30.082944869995117 -362.48907470703125 -135.56314086914062 
v 29.896150588989258 -362.40478515625 -135.76446533203125 
v 23.714153289794922 -362.40478515625 -135.76446533203125 
v 29.896150588989258 -362.0916748046875 -135.63783264160156 
v 23.714153289794922 -362.0916748046875 -135.63783264160156 
v 28.837650299072266 -361.7003173828125 -136.62168884277344 
v 24.772653579711914 -361.7003173828125 -136.62168884277344 
v 87.5177001953125 -328.82489013671875 -129.06578063964844 
v 87.5177001953125 -328.82489013671875 -120.21104431152344 
v 82.51873016357422 -328.82489013671875 -129.06578063964844 
v 82.51873016357422 -328.82489013671875 -120.21104431152344 
v 82.51873016357422 -325.573486328125 -129.06578063964844 
v 82.51873016357422 -325.573486328125 -120.21104431152344 
v 87.5177001953125 -325.573486328125 -129.06578063964844 
v 87.5177001953125 -325.573486328125 -120.21104431152344 
v 87.5177001953125 -328.82489013671875 -120.21104431152344 
v 61.70008087158203 -361.7003173828125 -136.62168884277344 
v 61.70008087158203 -360.08062744140625 -140.67401123046875 
v 60.641578674316406 -362.0916748046875 -135.63783264160156 
v 60.205726623535156 -360.9657287597656 -138.4497833251953 
v 60.641578674316406 -362.40478515625 -135.76446533203125 
v 60.205726623535156 -361.28485107421875 -138.576416015625 
v 60.45478439331055 -362.48907470703125 -135.56314086914062 
v 59.91664123535156 -361.2788391113281 -138.5796661376953 
v 59.61865997314453 -361.5558166503906 -138.69656372070312 
v 61.015167236328125 -358.6235046386719 -146.0316619873047 
v 59.61865997314453 -362.0495300292969 -138.89137268066406 
v 61.015167236328125 -359.11724853515625 -146.229736328125 
v 61.3620719909668 -358.2562255859375 -146.1453094482422 
v 61.64670944213867 -358.2742919921875 -146.099853515625 
v 61.70452880859375 -357.8347473144531 -146.28494262695312 
v 61.70452880859375 -359.1232604980469 -146.71029663085938 
v 61.64670944213867 -359.32196044921875 -146.5187225341797 
v 61.3620719909668 -359.30389404296875 -146.56417846679688 
v 62.53620529174805 -358.978759765625 -146.73951721191406 
v 62.53620529174805 -358.3706359863281 -146.49923706054688 
v 62.545101165771484 -357.8347473144531 -146.28494262695312 
v 62.545101165771484 -358.2803039550781 -145.18093872070312 
v 62.88755798339844 -357.84075927734375 -146.28494262695312 
v 62.88755798339844 -358.15386962890625 -145.4958953857422 
v 62.545101165771484 -359.63507080078125 -141.77801513671875 
v 64.92449951171875 -359.63507080078125 -141.77801513671875 
v 65.76507568359375 -360.08062744140625 -140.67401123046875 
v 65.76952362060547 -357.8347473144531 -146.28494262695312 
v 67.26387786865234 -360.9657287597656 -138.4497833251953 
v 65.831787109375 -358.2742919921875 -146.099853515625 
v 67.26387786865234 -361.28485107421875 -138.576416015625 
v 66.11197662353516 -358.2562255859375 -146.1453094482422 
v 67.54851531982422 -361.2788391113281 -138.5796661376953 
v 67.85094451904297 -361.5558166503906 -138.6933135986328 
v 67.20606231689453 -362.850341796875 -135.46572875976562 
v 67.20606231689453 -363.33807373046875 -135.66055297851562 
v 65.76507568359375 -361.7003173828125 -136.62168884277344 
v 66.82357788085938 -362.0916748046875 -135.63783264160156 
v 66.82357788085938 -362.40478515625 -135.76446533203125 
v 67.01036834716797 -362.48907470703125 -135.56314086914062 
v 60.259098052978516 -363.33807373046875 -135.66055297851562 
v 60.259098052978516 -362.850341796875 -135.46572875976562 
v 62.87421417236328 -358.37664794921875 -146.49923706054688 
v 87.5177001953125 -328.82489013671875 -129.06578063964844 
v 29.896150588989258 -362.40478515625 -135.76446533203125 
v 30.336450576782227 -360.9657287597656 -138.4497833251953 
v 29.896150588989258 -362.0916748046875 -135.63783264160156 
v 28.837650299072266 -360.08062744140625 -140.67401123046875 
v 28.837650299072266 -361.7003173828125 -136.62168884277344 
v 27.99262809753418 -358.2803039550781 -145.18093872070312 
v 27.99262809753418 -359.63507080078125 -141.77801513671875 
v 24.772653579711914 -360.08062744140625 -140.67401123046875 
v 25.61322784423828 -359.63507080078125 -141.77801513671875 
v 24.768205642700195 -357.8347473144531 -146.28494262695312 
v 25.608779907226562 -358.2803039550781 -145.18093872070312 
v 25.608779907226562 -357.8347473144531 -146.28494262695312 
v 25.951234817504883 -358.15386962890625 -145.4958953857422 
v 25.946788787841797 -357.84075927734375 -146.28494262695312 
v 27.65017318725586 -358.15386962890625 -145.4958953857422 
v 27.65017318725586 -357.84075927734375 -146.28494262695312 
v 27.99262809753418 -357.8347473144531 -146.28494262695312 
v 27.663515090942383 -358.37664794921875 -146.49923706054688 
v 28.001523971557617 -358.3706359863281 -146.49923706054688 
v 62.53620529174805 -358.978759765625 -146.73951721191406 
v 62.53620529174805 -358.3706359863281 -146.49923706054688 
v 62.53620529174805 -358.20806884765625 -148.67152404785156 
v 62.53620529174805 -357.59991455078125 -148.42799377441406 
v 64.94229125976562 -357.59991455078125 -148.42799377441406 
v 64.59983825683594 -357.7263488769531 -148.113037109375 
v 64.59983825683594 -358.37664794921875 -146.49923706054688 
v 62.87421417236328 -357.7263488769531 -148.113037109375 
v 62.87421417236328 -358.37664794921875 -146.49923706054688 
v 112.35688018798828 -315.1809997558594 -127.90982055664062 
v 104.84508514404297 -315.1809997558594 -127.90982055664062 
v 112.35688018798828 -315.1809997558594 -121.78911590576172 
v 104.84508514404297 -315.1809997558594 -121.78911590576172 
v 104.84508514404297 -310.62298583984375 -119.71749114990234 
v 104.84508514404297 -310.62298583984375 -129.9814453125 
v 104.84508514404297 -307.6545715332031 -127.15650177001953 
v 104.84508514404297 -307.6545715332031 -122.54243469238281 
v 86.73049926757812 -307.6545715332031 -122.54243469238281 
v 86.73049926757812 -307.6545715332031 -127.15650177001953 
v 83.9063491821289 -310.62298583984375 -122.54243469238281 
v 83.9063491821289 -310.62298583984375 -127.15650177001953 
v 83.9063491821289 -340.1265563964844 -122.54243469238281 
v 83.9063491821289 -340.1265563964844 -127.15650177001953 
v 86.73049926757812 -343.10101318359375 -122.54243469238281 
v 86.73049926757812 -343.10101318359375 -127.15650177001953 
v 104.84508514404297 -343.10101318359375 -122.54243469238281 
v 104.84508514404297 -343.10101318359375 -127.15650177001953 
v 104.84508514404297 -340.1265563964844 -129.9814453125 
v 104.84508514404297 -340.1265563964844 -119.71749114990234 
v 104.84508514404297 -335.5745849609375 -121.78911590576172 
v 104.84508514404297 -335.5745849609375 -127.90982055664062 
v 112.35688018798828 -335.5745849609375 -127.90982055664062 
v 112.35688018798828 -335.5745849609375 -121.78911590576172 
v 64.94229125976562 -358.20806884765625 -148.67152404785156 
v 64.94229125976562 -358.978759765625 -146.73951721191406 
v 64.94229125976562 -358.3706359863281 -146.49923706054688 
v 64.94229125976562 -358.978759765625 -146.73951721191406 
v 64.94229125976562 -358.3706359863281 -146.49923706054688 
v 65.76952362060547 -359.1232604980469 -146.71029663085938 
v 65.831787109375 -359.32196044921875 -146.5187225341797 
v 66.11197662353516 -359.30389404296875 -146.56417846679688 
v 66.4588851928711 -358.6235046386719 -146.0316619873047 
v 66.4588851928711 -359.11724853515625 -146.2264862060547 
v 67.85094451904297 -362.0495300292969 -138.89137268066406 
v 64.92894744873047 -357.8347473144531 -146.28494262695312 
v 64.92894744873047 -358.2803039550781 -145.18093872070312 
v 64.5909423828125 -357.84075927734375 -146.28494262695312 
v 64.58649444580078 -358.15386962890625 -145.4958953857422 
v 112.35688018798828 -315.1809997558594 -121.78911590576172 
v 104.84508514404297 -315.1809997558594 -121.78911590576172 
v 112.35688018798828 -335.5745849609375 -121.78911590576172 
v 104.84508514404297 -335.5745849609375 -121.78911590576172 
v 104.84508514404297 -310.62298583984375 -119.71749114990234 
v 104.84508514404297 -340.1265563964844 -119.71749114990234 
v 86.73049926757812 -340.1265563964844 -119.71749114990234 
v 86.73049926757812 -310.62298583984375 -119.71749114990234 
v 83.9063491821289 -340.1265563964844 -122.54243469238281 
v 83.9063491821289 -310.62298583984375 -122.54243469238281 
v 86.73049926757812 -307.6545715332031 -122.54243469238281 
v 104.84508514404297 -307.6545715332031 -122.54243469238281 
v 112.35688018798828 -335.5745849609375 -127.90982055664062 
v 104.84508514404297 -335.5745849609375 -127.90982055664062 
v 112.35688018798828 -315.1809997558594 -127.90982055664062 
v 104.84508514404297 -315.1809997558594 -127.90982055664062 
v 104.84508514404297 -340.1265563964844 -129.9814453125 
v 104.84508514404297 -310.62298583984375 -129.9814453125 
v 86.73049926757812 -340.1265563964844 -129.9814453125 
v 86.73049926757812 -310.62298583984375 -129.9814453125 
v 104.84508514404297 -307.6545715332031 -127.15650177001953 
v 86.73049926757812 -307.6545715332031 -127.15650177001953 
v 83.9063491821289 -310.62298583984375 -127.15650177001953 
v 83.9063491821289 -340.1265563964844 -127.15650177001953 
v 86.73049926757812 -343.10101318359375 -127.15650177001953 
v 104.84508514404297 -343.10101318359375 -127.15650177001953 
v 52.75619888305664 -361.7003173828125 -136.62168884277344 
v 52.75619888305664 -360.08062744140625 -140.67401123046875 
v 51.697696685791016 -362.0916748046875 -135.63783264160156 
v 51.261844635009766 -360.9657287597656 -138.4497833251953 
v 51.697696685791016 -362.40478515625 -135.76446533203125 
v 51.261844635009766 -361.28485107421875 -138.576416015625 
v 51.510902404785156 -362.48907470703125 -135.56314086914062 
v 50.97275924682617 -361.2788391113281 -138.5796661376953 
v 50.67477798461914 -361.5558166503906 -138.69656372070312 
v 52.07573318481445 -358.6235046386719 -146.0316619873047 
v 50.67477798461914 -362.0495300292969 -138.89137268066406 
v 52.07573318481445 -359.11724853515625 -146.229736328125 
v 52.422637939453125 -358.2562255859375 -146.1453094482422 
v 52.70282745361328 -358.2742919921875 -146.099853515625 
v 52.76064682006836 -357.8347473144531 -146.28494262695312 
v 52.76064682006836 -359.1232604980469 -146.71029663085938 
v 52.70282745361328 -359.32196044921875 -146.5187225341797 
v 52.422637939453125 -359.30389404296875 -146.56417846679688 
v 53.592323303222656 -358.978759765625 -146.73951721191406 
v 53.592323303222656 -358.3706359863281 -146.49923706054688 
v 53.60566711425781 -357.8347473144531 -146.28494262695312 
v 53.60566711425781 -358.2803039550781 -145.18093872070312 
v 53.94367599487305 -357.84075927734375 -146.28494262695312 
v 53.94367599487305 -358.15386962890625 -145.4958953857422 
v 53.601219177246094 -359.63507080078125 -141.77801513671875 
v 55.980621337890625 -359.63507080078125 -141.77801513671875 
v 56.82119369506836 -360.08062744140625 -140.67401123046875 
v 56.8300895690918 -357.8347473144531 -146.28494262695312 
v 58.31999588012695 -360.9657287597656 -138.4497833251953 
v 56.88790512084961 -358.2742919921875 -146.099853515625 
v 58.31999588012695 -361.28485107421875 -138.576416015625 
v 57.16809844970703 -358.2562255859375 -146.1453094482422 
v 58.60908126831055 -361.2788391113281 -138.5796661376953 
v 58.90706253051758 -361.5558166503906 -138.6933135986328 
v 58.266624450683594 -362.850341796875 -135.46572875976562 
v 58.266624450683594 -363.33807373046875 -135.66055297851562 
v 56.82119369506836 -361.7003173828125 -136.62168884277344 
v 57.8841438293457 -362.0916748046875 -135.63783264160156 
v 57.8841438293457 -362.40478515625 -135.76446533203125 
v 58.07093811035156 -362.48907470703125 -135.56314086914062 
v 53.93033218383789 -358.37664794921875 -146.49923706054688 
v 51.315216064453125 -363.33807373046875 -135.66055297851562 
v 51.315216064453125 -362.850341796875 -135.46572875976562 
v 56.82119369506836 -361.7003173828125 -136.62168884277344 
v 52.75619888305664 -361.7003173828125 -136.62168884277344 
v 57.8841438293457 -362.0916748046875 -135.63783264160156 
v 51.697696685791016 -362.0916748046875 -135.63783264160156 
v 57.8841438293457 -362.40478515625 -135.76446533203125 
v 51.697696685791016 -362.40478515625 -135.76446533203125 
v 58.07093811035156 -362.48907470703125 -135.56314086914062 
v 51.510902404785156 -362.48907470703125 -135.56314086914062 
v 51.315216064453125 -362.850341796875 -135.46572875976562 
v 58.266624450683594 -362.850341796875 -135.46572875976562 
v 58.266624450683594 -363.33807373046875 -135.66055297851562 
v 55.660400390625 -358.37664794921875 -146.49923706054688 
v 55.64706039428711 -357.84075927734375 -146.28494262695312 
v 55.998409271240234 -358.3706359863281 -146.49923706054688 
v 55.985069274902344 -357.8347473144531 -146.28494262695312 
v 55.985069274902344 -358.2803039550781 -145.18093872070312 
v 55.64706039428711 -358.15386962890625 -145.4958953857422 
v 58.90706253051758 -362.0495300292969 -138.89137268066406 
v 57.51499938964844 -359.11724853515625 -146.2264862060547 
v 57.51499938964844 -358.6235046386719 -146.0316619873047 
v 57.16809844970703 -359.30389404296875 -146.56417846679688 
v 56.88790512084961 -359.32196044921875 -146.5187225341797 
v 56.8300895690918 -359.1232604980469 -146.71029663085938 
v 53.93033218383789 -358.37664794921875 -146.49923706054688 
v 53.93033218383789 -357.7263488769531 -148.113037109375 
v 53.592323303222656 -358.3706359863281 -146.49923706054688 
v 53.592323303222656 -357.59991455078125 -148.42799377441406 
v 53.592323303222656 -358.20806884765625 -148.67152404785156 
v 55.998409271240234 -357.59991455078125 -148.42799377441406 
v 55.998409271240234 -358.20806884765625 -148.67152404785156 
v 55.998409271240234 -358.978759765625 -146.73951721191406 
v 55.660400390625 -357.7263488769531 -148.113037109375 
v 55.660400390625 -358.37664794921875 -146.49923706054688 
v 55.998409271240234 -358.3706359863281 -146.49923706054688 
v 104.84508514404297 -343.10101318359375 -122.54243469238281 
v 86.73049926757812 -343.10101318359375 -122.54243469238281 
v 42.37133026123047 -363.33807373046875 -135.66055297851562 
v 42.37133026123047 -362.850341796875 -135.46572875976562 
v 41.73089599609375 -362.0495300292969 -138.89137268066406 
v 41.73089599609375 -361.5558166503906 -138.69656372070312 
v 43.13185119628906 -358.6235046386719 -146.0316619873047 
v 42.0333251953125 -361.2788391113281 -138.5796661376953 
v 43.478755950927734 -358.2562255859375 -146.1453094482422 
v 43.75894546508789 -358.2742919921875 -146.099853515625 
v 43.75894546508789 -359.32196044921875 -146.5187225341797 
v 43.82120895385742 -359.1232604980469 -146.71029663085938 
v 43.13185119628906 -359.11724853515625 -146.229736328125 
v 43.478755950927734 -359.30389404296875 -146.56417846679688 
v 47.054527282714844 -358.978759765625 -146.73951721191406 
v 47.054527282714844 -358.3706359863281 -146.49923706054688 
v 47.886207580566406 -359.1232604980469 -146.71029663085938 
v 47.886207580566406 -357.8347473144531 -146.28494262695312 
v 47.94402313232422 -359.32196044921875 -146.5187225341797 
v 47.94402313232422 -358.2742919921875 -146.099853515625 
v 48.22421646118164 -359.30389404296875 -146.56417846679688 
v 48.22421646118164 -358.2562255859375 -146.1453094482422 
v 48.57111740112305 -358.6235046386719 -146.0316619873047 
v 49.96318054199219 -361.5558166503906 -138.6933135986328 
v 48.57111740112305 -359.11724853515625 -146.2264862060547 
v 49.96318054199219 -362.0495300292969 -138.89137268066406 
v 49.37611389160156 -360.9657287597656 -138.4497833251953 
v 49.37611389160156 -361.28485107421875 -138.576416015625 
v 49.665199279785156 -361.2788391113281 -138.5796661376953 
v 49.3227424621582 -362.850341796875 -135.46572875976562 
v 49.3227424621582 -363.33807373046875 -135.66055297851562 
v 48.94025802612305 -362.0916748046875 -135.63783264160156 
v 48.94025802612305 -362.40478515625 -135.76446533203125 
v 49.127052307128906 -362.48907470703125 -135.56314086914062 
v 47.88175964355469 -361.7003173828125 -136.62168884277344 
v 47.88175964355469 -360.08062744140625 -140.67401123046875 
v 47.04118728637695 -359.63507080078125 -141.77801513671875 
v 44.6573371887207 -359.63507080078125 -141.77801513671875 
v 44.66178512573242 -358.2803039550781 -145.18093872070312 
v 43.8167610168457 -360.08062744140625 -140.67401123046875 
v 43.82120895385742 -357.8347473144531 -146.28494262695312 
v 42.317962646484375 -360.9657287597656 -138.4497833251953 
v 42.317962646484375 -361.28485107421875 -138.576416015625 
v 42.758262634277344 -362.40478515625 -135.76446533203125 
v 42.571468353271484 -362.48907470703125 -135.56314086914062 
v 44.648441314697266 -358.978759765625 -146.73951721191406 
v 44.648441314697266 -358.3706359863281 -146.49923706054688 
v 44.66178512573242 -357.8347473144531 -146.28494262695312 
v 44.99089813232422 -358.37664794921875 -146.49923706054688 
v 44.999794006347656 -357.84075927734375 -146.28494262695312 
v 44.999794006347656 -358.15386962890625 -145.4958953857422 
v 47.04118728637695 -358.2803039550781 -145.18093872070312 
v 46.70317840576172 -358.15386962890625 -145.4958953857422 
v 47.04563522338867 -357.8347473144531 -146.28494262695312 
v 46.70317840576172 -357.84075927734375 -146.28494262695312 
v 46.71651840209961 -358.37664794921875 -146.49923706054688 
v 42.37133026123047 -363.33807373046875 -135.66055297851562 
v 49.3227424621582 -363.33807373046875 -135.66055297851562 
v 42.37133026123047 -362.850341796875 -135.46572875976562 
v 49.3227424621582 -362.850341796875 -135.46572875976562 
v 49.127052307128906 -362.48907470703125 -135.56314086914062 
v 42.571468353271484 -362.48907470703125 -135.56314086914062 
v 42.758262634277344 -362.40478515625 -135.76446533203125 
v 48.94025802612305 -362.40478515625 -135.76446533203125 
v 42.758262634277344 -362.0916748046875 -135.63783264160156 
v 48.94025802612305 -362.0916748046875 -135.63783264160156 
v 43.8167610168457 -361.7003173828125 -136.62168884277344 
v 44.99089813232422 -358.37664794921875 -146.49923706054688 
v 44.99089813232422 -357.7263488769531 -148.113037109375 
v 44.648441314697266 -358.3706359863281 -146.49923706054688 
v 44.648441314697266 -357.59991455078125 -148.42799377441406 
v 44.648441314697266 -358.20806884765625 -148.67152404785156 
v 47.054527282714844 -357.59991455078125 -148.42799377441406 
v 47.054527282714844 -358.20806884765625 -148.67152404785156 
v 47.054527282714844 -358.978759765625 -146.73951721191406 
v 46.71651840209961 -357.7263488769531 -148.113037109375 
v 46.71651840209961 -358.37664794921875 -146.49923706054688 
v 47.054527282714844 -358.3706359863281 -146.49923706054688 
v 43.8167610168457 -361.7003173828125 -136.62168884277344 
v 42.758262634277344 -362.0916748046875 -135.63783264160156 
v -11.500993728637695 -329.9990234375 -147.4766082763672 
v -11.500993728637695 -329.9990234375 -165.72183227539062 
v -11.500993728637695 -326.9222106933594 -147.4766082763672 
v -11.500993728637695 -326.9222106933594 -165.72183227539062 
v -13.884842872619629 -324.5438537597656 -147.4766082763672 
v -13.884842872619629 -324.5438537597656 -165.72183227539062 
v -19.292978286743164 -324.5438537597656 -147.4766082763672 
v -19.292978286743164 -324.5438537597656 -165.72183227539062 
v -21.676828384399414 -326.9222106933594 -147.4766082763672 
v -21.676828384399414 -326.9222106933594 -165.72183227539062 
v -21.676828384399414 -329.9990234375 -147.4766082763672 
v -21.676828384399414 -329.9990234375 -165.72183227539062 
v -11.500993728637695 -332.3773498535156 -168.1051788330078 
v -11.500993728637695 -332.3773498535156 -172.50819396972656 
v -13.884842872619629 -332.3773498535156 -174.89154052734375 
v -19.292978286743164 -332.3773498535156 -174.89154052734375 
v -13.884842872619629 -353.76446533203125 -174.89154052734375 
v -19.292978286743164 -353.76446533203125 -174.89154052734375 
v -11.500993728637695 -353.76446533203125 -172.50819396972656 
v -11.500993728637695 -353.76446533203125 -168.1051788330078 
v -21.676828384399414 -329.9990234375 -147.4766082763672 
v -21.676828384399414 -329.9990234375 -165.72183227539062 
v -19.292978286743164 -332.3773498535156 -147.4766082763672 
v -19.292978286743164 -332.3773498535156 -163.3385009765625 
v -13.884842872619629 -332.3773498535156 -147.4766082763672 
v -13.884842872619629 -332.3773498535156 -163.3385009765625 
v -11.500993728637695 -329.9990234375 -147.4766082763672 
v -11.500993728637695 -329.9990234375 -165.72183227539062 
v -19.292978286743164 -334.7617492675781 -165.72183227539062 
v -13.884842872619629 -334.7617492675781 -165.72183227539062 
v -11.500993728637695 -332.3773498535156 -168.1051788330078 
v -19.292978286743164 -353.76446533203125 -165.72183227539062 
v -13.884842872619629 -353.76446533203125 -165.72183227539062 
v -11.500993728637695 -353.76446533203125 -168.1051788330078 
v -21.676828384399414 -353.76446533203125 -168.1051788330078 
v -21.676828384399414 -332.3773498535156 -168.1051788330078 
v 102.36338806152344 -330.9142150878906 -119.79541778564453 
v 102.36338806152344 -330.9142150878906 -117.95758056640625 
v 103.8221664428711 -330.9142150878906 -119.79541778564453 
v 103.8221664428711 -330.9142150878906 -117.95758056640625 
v 103.8221664428711 -339.6629333496094 -119.79541778564453 
v 103.8221664428711 -339.6629333496094 -117.95758056640625 
v 102.36338806152344 -339.6629333496094 -119.79541778564453 
v 102.36338806152344 -339.6629333496094 -117.95758056640625 
v 102.36338806152344 -330.9142150878906 -119.79541778564453 
v 111.64972686767578 -245.20932006835938 -151.07435607910156 
v 101.3804931640625 -245.2032928466797 -151.0775909423828 
v 111.60970306396484 -245.2032928466797 -112.42134857177734 
v 101.34046936035156 -245.19728088378906 -112.42459106445312 
v 111.4673843383789 -266.2050476074219 -112.41485595703125 
v 101.19815063476562 -266.1990051269531 -112.41809844970703 
v 111.50740814208984 -266.2110595703125 -151.06460571289062 
v 101.24262237548828 -266.2050476074219 -151.06785583496094 
v 100.71337127685547 -245.5103759765625 -112.96685028076172 
v 100.57550048828125 -265.88592529296875 -112.95711517333984 
v 100.61553192138672 -265.8919372558594 -150.52883911132812 
v 100.70448303222656 -247.34683227539062 -116.1197509765625 
v 100.59329223632812 -264.05548095703125 -116.11325073242188 
v 100.62442779541016 -264.05548095703125 -147.37594604492188 
v 102.66581726074219 -247.35887145996094 -116.11650085449219 
v 102.55463409423828 -264.0675354003906 -116.1100082397461 
v 102.58576202392578 -264.0675354003906 -147.37269592285156 
v 102.70140075683594 -247.35887145996094 -147.3791961669922 
v 100.74005889892578 -247.34683227539062 -147.3791961669922 
v 100.75340270996094 -245.5164031982422 -150.53533935546875 
v -2.201312780380249 -383.0091247558594 -141.91439819335938 
v -8.8903226852417 -383.0091247558594 -141.91439819335938 
v -2.201312780380249 -383.52093505859375 -141.14808654785156 
v -8.8903226852417 -383.52093505859375 -141.14808654785156 
v -2.201312780380249 -384.2856140136719 -140.6383056640625 
v -8.8903226852417 -384.2856140136719 -140.6383056640625 
v -2.201312780380249 -385.1827697753906 -140.459716796875 
v -8.8903226852417 -385.1827697753906 -140.459716796875 
v -2.201312780380249 -386.0859375 -140.6383056640625 
v -8.8903226852417 -386.0859375 -140.6383056640625 
v -2.201312780380249 -386.8506164550781 -141.14808654785156 
v -8.8903226852417 -386.8506164550781 -141.14808654785156 
v -2.201312780380249 -387.3624267578125 -141.91439819335938 
v -8.8903226852417 -387.3624267578125 -141.91439819335938 
v -2.201312780380249 -387.5370178222656 -142.81382751464844 
v -8.8903226852417 -387.5370178222656 -142.81382751464844 
v -2.201312780380249 -387.3624267578125 -143.7165069580078 
v -8.8903226852417 -387.3624267578125 -143.7165069580078 
v -2.201312780380249 -386.8506164550781 -144.4795684814453 
v -8.8903226852417 -386.8506164550781 -144.4795684814453 
v -2.201312780380249 -386.0859375 -144.98936462402344 
v -8.8903226852417 -386.0859375 -144.98936462402344 
v -2.201312780380249 -385.1827697753906 -145.16795349121094 
v -8.8903226852417 -385.1827697753906 -145.16795349121094 
v -2.201312780380249 -384.2856140136719 -144.98936462402344 
v -8.8903226852417 -384.2856140136719 -144.98936462402344 
v -2.201312780380249 -383.52093505859375 -144.4795684814453 
v -8.8903226852417 -383.52093505859375 -144.4795684814453 
v -2.201312780380249 -383.0091247558594 -143.7165069580078 
v -8.8903226852417 -383.0091247558594 -143.7165069580078 
v -2.201312780380249 -382.8284912109375 -142.81382751464844 
v -8.8903226852417 -382.8284912109375 -142.81382751464844 
v -2.201312780380249 -383.0091247558594 -141.91439819335938 
v -8.8903226852417 -383.0091247558594 -141.91439819335938 
v -8.8903226852417 -381.8530578613281 -141.43382263183594 
v -8.8903226852417 -382.6358337402344 -140.264892578125 
v -8.8903226852417 -383.8039245605469 -139.485595703125 
v -8.8903226852417 -385.1827697753906 -139.2095947265625 
v -8.8903226852417 -386.5616149902344 -139.485595703125 
v -8.8903226852417 -387.7357177734375 -140.264892578125 
v -8.8903226852417 -388.512451171875 -141.43382263183594 
v -8.8903226852417 -388.7894287109375 -142.81382751464844 
v -8.8903226852417 -388.512451171875 -144.19383239746094 
v -8.8903226852417 -387.7357177734375 -145.36277770996094 
v -8.8903226852417 -386.5616149902344 -146.1453094482422 
v -8.8903226852417 -385.1827697753906 -146.4213104248047 
v -8.8903226852417 -383.8039245605469 -146.1453094482422 
v -8.8903226852417 -382.6358337402344 -145.36277770996094 
v -8.8903226852417 -381.8530578613281 -144.19383239746094 
v -8.8903226852417 -381.5821228027344 -142.81382751464844 
v -8.8903226852417 -381.8530578613281 -141.43382263183594 
v -9.490732192993164 -382.2143249511719 -139.8427734375 
v -9.490732192993164 -383.5751037597656 -138.9303436279297 
v -9.490732192993164 -385.1827697753906 -138.6121368408203 
v -9.490732192993164 -386.7904052734375 -138.9303436279297 
v -9.490732192993164 -388.1571960449219 -139.8427734375 
v -9.490732192993164 -389.06640625 -141.20652770996094 
v -9.490732192993164 -389.3855285644531 -142.81382751464844 
v -9.490732192993164 -389.06640625 -144.42437744140625 
v -9.490732192993164 -388.1571960449219 -145.7881317138672 
v -9.490732192993164 -386.7904052734375 -146.6973114013672 
v -9.490732192993164 -385.1827697753906 -147.01876831054688 
v -9.490732192993164 -383.5751037597656 -146.6973114013672 
v -9.490732192993164 -382.2143249511719 -145.7881317138672 
v -9.490732192993164 -381.29913330078125 -144.42437744140625 
v -9.490732192993164 -380.9800109863281 -142.81382751464844 
v -9.490732192993164 -381.29913330078125 -141.20652770996094 
v -11.114062309265137 -382.2143249511719 -139.8427734375 
v -11.114062309265137 -383.5751037597656 -138.9303436279297 
v -11.114062309265137 -385.1827697753906 -138.6121368408203 
v -11.114062309265137 -386.7904052734375 -138.9303436279297 
v -11.114062309265137 -388.1571960449219 -139.8427734375 
v -11.114062309265137 -389.06640625 -141.20652770996094 
v -11.114062309265137 -389.3855285644531 -142.81382751464844 
v -11.114062309265137 -389.06640625 -144.42437744140625 
v -11.114062309265137 -388.1571960449219 -145.7881317138672 
v -11.114062309265137 -386.7904052734375 -146.6973114013672 
v -11.114062309265137 -385.1827697753906 -147.01876831054688 
v -11.114062309265137 -383.5751037597656 -146.6973114013672 
v -11.114062309265137 -382.2143249511719 -145.7881317138672 
v -11.114062309265137 -381.29913330078125 -144.42437744140625 
v -11.114062309265137 -380.9800109863281 -142.81382751464844 
v -11.114062309265137 -381.29913330078125 -141.20652770996094 
v -11.114062309265137 -381.29913330078125 -141.20652770996094 
v -9.490732192993164 -381.29913330078125 -141.20652770996094 
v -13.168798446655273 -292.5595703125 -189.88320922851562 
v -13.168798446655273 -292.5595703125 -158.81533813476562 
v -13.168798446655273 -297.3222961425781 -189.88320922851562 
v -13.168798446655273 -297.3222961425781 -158.81533813476562 
v -13.168798446655273 -282.2333068847656 -189.88320922851562 
v -13.168798446655273 -282.2333068847656 -158.81533813476562 
v -13.168798446655273 -286.99603271484375 -189.88320922851562 
v -13.168798446655273 -286.99603271484375 -158.81533813476562 
v -13.168798446655273 -271.90704345703125 -189.88320922851562 
v -13.168798446655273 -271.90704345703125 -158.81533813476562 
v -13.168798446655273 -276.6758117675781 -189.88320922851562 
v -13.168798446655273 -276.6758117675781 -158.81533813476562 
v -13.168798446655273 -261.580810546875 -189.88320922851562 
v -13.168798446655273 -261.580810546875 -158.81533813476562 
v -13.168798446655273 -266.34954833984375 -189.88320922851562 
v -13.168798446655273 -266.34954833984375 -158.81533813476562 
v -13.168798446655273 -297.3222961425781 -189.88320922851562 
v -13.168798446655273 -297.3222961425781 -158.81533813476562 
v -18.33677101135254 -297.3222961425781 -189.88320922851562 
v -18.33677101135254 -297.3222961425781 -158.81533813476562 
v -18.33677101135254 -292.5595703125 -189.88320922851562 
v -18.33677101135254 -292.5595703125 -158.81533813476562 
v -13.168798446655273 -292.5595703125 -189.88320922851562 
v -13.168798446655273 -292.5595703125 -158.81533813476562 
v -26.9515380859375 -407.8282775878906 -126.54605865478516 
v -26.9515380859375 -406.322998046875 -126.54605865478516 
v -25.710691452026367 -407.8282775878906 -126.09471893310547 
v -25.710691452026367 -406.322998046875 -126.09471893310547 
v -24.701114654541016 -407.8282775878906 -125.24723052978516 
v -24.701114654541016 -406.322998046875 -125.24723052978516 
v -24.04288673400879 -407.8282775878906 -124.10751342773438 
v -24.04288673400879 -406.322998046875 -124.10751342773438 
v -23.816064834594727 -407.8282775878906 -122.8086929321289 
v -23.816064834594727 -406.322998046875 -122.8086929321289 
v -24.04288673400879 -407.8282775878906 -121.51311492919922 
v -24.04288673400879 -406.322998046875 -121.51311492919922 
v -24.701114654541016 -407.8282775878906 -120.37339782714844 
v -24.701114654541016 -406.322998046875 -120.37339782714844 
v -25.710691452026367 -407.8282775878906 -119.52591705322266 
v -25.710691452026367 -406.322998046875 -119.52591705322266 
v -26.9515380859375 -407.8282775878906 -119.07456970214844 
v -26.9515380859375 -406.322998046875 -119.07456970214844 
v -28.26799201965332 -407.8282775878906 -119.07456970214844 
v -28.26799201965332 -406.322998046875 -119.07456970214844 
v -29.504392623901367 -407.8282775878906 -119.52591705322266 
v -29.504392623901367 -406.322998046875 -119.52591705322266 
v -30.51396942138672 -407.8282775878906 -120.37339782714844 
v -30.51396942138672 -406.322998046875 -120.37339782714844 
v -31.172197341918945 -407.8282775878906 -121.51311492919922 
v -31.172197341918945 -406.322998046875 -121.51311492919922 
v -31.399019241333008 -407.8282775878906 -122.8086929321289 
v -31.399019241333008 -406.322998046875 -122.8086929321289 
v -31.172197341918945 -407.8282775878906 -124.10751342773438 
v -31.172197341918945 -406.322998046875 -124.10751342773438 
v -30.51396942138672 -407.8282775878906 -125.24723052978516 
v -30.51396942138672 -406.322998046875 -125.24723052978516 
v -29.504392623901367 -407.8282775878906 -126.09471893310547 
v -29.504392623901367 -406.322998046875 -126.09471893310547 
v -28.26799201965332 -407.8282775878906 -126.54605865478516 
v -28.26799201965332 -406.322998046875 -126.54605865478516 
v -26.9515380859375 -407.8282775878906 -126.54605865478516 
v -26.9515380859375 -406.322998046875 -126.54605865478516 
v -27.04938316345215 -406.322998046875 -125.98107147216797 
v -25.999778747558594 -406.322998046875 -125.59791564941406 
v -25.141414642333984 -406.322998046875 -124.88031768798828 
v -24.581031799316406 -406.322998046875 -123.9094467163086 
v -24.389789581298828 -406.322998046875 -122.8086929321289 
v -24.581031799316406 -406.322998046875 -121.70793914794922 
v -25.141414642333984 -406.322998046875 -120.74031066894531 
v -25.999778747558594 -406.322998046875 -120.02271270751953 
v -27.04938316345215 -406.322998046875 -119.63956451416016 
v -28.165700912475586 -406.322998046875 -119.63956451416016 
v -29.21975326538086 -406.322998046875 -120.02271270751953 
v -30.07366943359375 -406.322998046875 -120.74031066894531 
v -30.634052276611328 -406.322998046875 -121.70793914794922 
v -30.825294494628906 -406.322998046875 -122.8086929321289 
v -30.634052276611328 -406.322998046875 -123.9094467163086 
v -30.07366943359375 -406.322998046875 -124.88031768798828 
v -29.21975326538086 -406.322998046875 -125.59791564941406 
v -28.165700912475586 -406.322998046875 -125.98107147216797 
v -27.04938316345215 -406.322998046875 -125.98107147216797 
v -27.04938316345215 -406.9853210449219 -125.98107147216797 
v -25.999778747558594 -406.9853210449219 -125.59791564941406 
v -25.141414642333984 -406.9853210449219 -124.88031768798828 
v -24.581031799316406 -406.9853210449219 -123.9094467163086 
v -24.389789581298828 -406.9853210449219 -122.8086929321289 
v -24.581031799316406 -406.9853210449219 -121.70793914794922 
v -25.141414642333984 -406.9853210449219 -120.74031066894531 
v -25.999778747558594 -406.9853210449219 -120.02271270751953 
v -27.04938316345215 -406.9853210449219 -119.63956451416016 
v -28.165700912475586 -406.9853210449219 -119.63956451416016 
v -29.21975326538086 -406.9853210449219 -120.02271270751953 
v -30.07366943359375 -406.9853210449219 -120.74031066894531 
v -30.634052276611328 -406.9853210449219 -121.70793914794922 
v -30.825294494628906 -406.9853210449219 -122.8086929321289 
v -30.634052276611328 -406.9853210449219 -123.9094467163086 
v -30.07366943359375 -406.9853210449219 -124.88031768798828 
v -29.21975326538086 -406.9853210449219 -125.59791564941406 
v -28.165700912475586 -406.9853210449219 -125.98107147216797 
v -27.04938316345215 -406.9853210449219 -125.98107147216797 
v -21.42776870727539 -387.8621826171875 -125.72779846191406 
v -21.42776870727539 -407.85235595703125 -125.72779846191406 
v -8.556761741638184 -387.8621826171875 -125.72779846191406 
v -8.556761741638184 -407.85235595703125 -125.72779846191406 
v 16.656002044677734 -358.978759765625 -146.73951721191406 
v 15.824323654174805 -359.1232604980469 -146.71029663085938 
v 16.656002044677734 -358.3706359863281 -146.49923706054688 
v 15.824323654174805 -357.8347473144531 -146.28494262695312 
v 16.664897918701172 -357.8347473144531 -146.28494262695312 
v 16.66934585571289 -358.2803039550781 -145.18093872070312 
v 17.007352828979492 -358.15386962890625 -145.4958953857422 
v 18.710739135742188 -358.15386962890625 -145.4958953857422 
v 16.66934585571289 -359.63507080078125 -141.77801513671875 
v 19.04874610900879 -358.2803039550781 -145.18093872070312 
v 18.710739135742188 -357.84075927734375 -146.28494262695312 
v 15.828771591186523 -360.08062744140625 -140.67401123046875 
v 19.053194046020508 -359.63507080078125 -141.77801513671875 
v 19.04874610900879 -357.8347473144531 -146.28494262695312 
v 19.062089920043945 -358.3706359863281 -146.49923706054688 
v 18.719633102416992 -358.37664794921875 -146.49923706054688 
v -8.018616676330566 -409.2191467285156 -103.71598052978516 
v -8.018616676330566 -405.2933654785156 -103.71598052978516 
v -11.034008026123047 -409.2191467285156 -103.71598052978516 
v -11.034008026123047 -405.2933654785156 -103.71598052978516 
v -13.867053031921387 -409.2191467285156 -104.74854278564453 
v -13.867053031921387 -405.2933654785156 -104.74854278564453 
v -16.17974281311035 -409.2191467285156 -106.68704223632812 
v -16.17974281311035 -405.2933654785156 -106.68704223632812 
v -17.68743896484375 -409.2191467285156 -109.29767608642578 
v -17.68743896484375 -405.2933654785156 -109.29767608642578 
v -18.21224021911621 -409.2191467285156 -112.26873779296875 
v -18.21224021911621 -405.2933654785156 -112.26873779296875 
v -17.68743896484375 -409.2191467285156 -115.23979187011719 
v -17.68743896484375 -405.2933654785156 -115.23979187011719 
v -16.17974281311035 -409.2191467285156 -117.85043334960938 
v -16.17974281311035 -405.2933654785156 -117.85043334960938 
v -13.867053031921387 -409.2191467285156 -119.78892517089844 
v -13.867053031921387 -405.2933654785156 -119.78892517089844 
v -11.034008026123047 -409.2191467285156 -120.82148742675781 
v -11.034008026123047 -405.2933654785156 -120.82148742675781 
v -8.018616676330566 -409.2191467285156 -120.82148742675781 
v -8.018616676330566 -405.2933654785156 -120.82148742675781 
v -5.181124210357666 -409.2191467285156 -119.78892517089844 
v -5.181124210357666 -405.2933654785156 -119.78892517089844 
v -2.872882127761841 -409.2191467285156 -117.85043334960938 
v -2.872882127761841 -405.2933654785156 -117.85043334960938 
v -1.3651864528656006 -409.2191467285156 -115.23979187011719 
v -1.3651864528656006 -405.2933654785156 -115.23979187011719 
v -0.8403838276863098 -409.2191467285156 -112.26873779296875 
v -0.8403838276863098 -405.2933654785156 -112.26873779296875 
v -1.3651864528656006 -409.2191467285156 -109.29767608642578 
v -1.3651864528656006 -405.2933654785156 -109.29767608642578 
v -2.872882127761841 -409.2191467285156 -106.68704223632812 
v -2.872882127761841 -405.2933654785156 -106.68704223632812 
v -5.181124210357666 -409.2191467285156 -104.74854278564453 
v -5.181124210357666 -405.2933654785156 -104.74854278564453 
v -8.018616676330566 -409.2191467285156 -103.71598052978516 
v -8.018616676330566 -405.2933654785156 -103.71598052978516 
v -10.998428344726562 -405.07659912109375 -103.92704010009766 
v -13.760313034057617 -405.07659912109375 -104.93362426757812 
v -16.015186309814453 -405.07659912109375 -106.82341766357422 
v -17.48285484313965 -405.07659912109375 -109.37236022949219 
v -17.994314193725586 -405.07659912109375 -112.26873779296875 
v -17.48285484313965 -405.07659912109375 -115.16511535644531 
v -16.015186309814453 -405.07659912109375 -117.71405792236328 
v -13.760313034057617 -405.07659912109375 -119.60384368896484 
v -10.998428344726562 -405.07659912109375 -120.61043548583984 
v -8.05419635772705 -405.07659912109375 -120.61043548583984 
v -5.292311191558838 -405.07659912109375 -119.60384368896484 
v -3.0374388694763184 -405.07659912109375 -117.71405792236328 
v -1.565322995185852 -405.07659912109375 -115.16511535644531 
v -1.0583102703094482 -405.07659912109375 -112.26873779296875 
v -1.565322995185852 -405.07659912109375 -109.37236022949219 
v -3.0374388694763184 -405.07659912109375 -106.82341766357422 
v -5.292311191558838 -405.07659912109375 -104.93362426757812 
v -8.05419635772705 -405.07659912109375 -103.92704010009766 
v -10.842766761779785 -405.07659912109375 -104.79724884033203 
v -13.320013046264648 -405.07659912109375 -105.69668579101562 
v -15.339168548583984 -405.07659912109375 -107.39164733886719 
v -16.655622482299805 -405.07659912109375 -109.67433166503906 
v -17.113712310791016 -405.07659912109375 -112.26873779296875 
v -16.655622482299805 -405.07659912109375 -114.8631362915039 
v -15.339168548583984 -405.07659912109375 -117.14582061767578 
v -13.320013046264648 -405.07659912109375 -118.84078216552734 
v -10.842766761779785 -405.07659912109375 -119.74021911621094 
v -8.209857940673828 -405.07659912109375 -119.74021911621094 
v -5.732611656188965 -405.07659912109375 -118.84078216552734 
v -3.71345591545105 -405.07659912109375 -117.14582061767578 
v -2.3970017433166504 -405.07659912109375 -114.8631362915039 
v -1.9389113187789917 -405.07659912109375 -112.26873779296875 
v -2.3970017433166504 -405.07659912109375 -109.67433166503906 
v -3.71345591545105 -405.07659912109375 -107.39164733886719 
v -5.732611656188965 -405.07659912109375 -105.69668579101562 
v -8.209857940673828 -405.07659912109375 -104.79724884033203 
v -13.213273048400879 -405.2933654785156 -105.88501739501953 
v -15.174612045288086 -405.2933654785156 -107.5312728881836 
v -16.451038360595703 -405.2933654785156 -109.74901580810547 
v -16.89578628540039 -405.2933654785156 -112.26873779296875 
v -16.451038360595703 -405.2933654785156 -114.79170227050781 
v -15.174612045288086 -405.2933654785156 -117.00619506835938 
v -13.213273048400879 -405.2933654785156 -118.65245819091797 
v -10.807186126708984 -405.2933654785156 -119.52915954589844 
v -8.245437622070312 -405.2933654785156 -119.52915954589844 
v -5.839351177215576 -405.2933654785156 -118.65245819091797 
v -3.8780126571655273 -405.2933654785156 -117.00619506835938 
v -2.5971384048461914 -405.2933654785156 -114.79170227050781 
v -2.152390480041504 -405.2933654785156 -112.26873779296875 
v -2.5971384048461914 -405.2933654785156 -109.74901580810547 
v -3.8780126571655273 -405.2933654785156 -107.5312728881836 
v -5.839351177215576 -405.2933654785156 -105.88501739501953 
v -8.245437622070312 -405.2933654785156 -105.00830841064453 
v -13.213273048400879 -406.8949890136719 -105.88501739501953 
v -15.174612045288086 -406.8949890136719 -107.5312728881836 
v -16.451038360595703 -406.8949890136719 -109.74901580810547 
v -16.89578628540039 -406.8949890136719 -112.26873779296875 
v -16.451038360595703 -406.8949890136719 -114.79170227050781 
v -15.174612045288086 -406.8949890136719 -117.00619506835938 
v -13.213273048400879 -406.8949890136719 -118.65245819091797 
v -10.807186126708984 -406.8949890136719 -119.52915954589844 
v -8.245437622070312 -406.8949890136719 -119.52915954589844 
v -5.839351177215576 -406.8949890136719 -118.65245819091797 
v -3.8780126571655273 -406.8949890136719 -117.00619506835938 
v -2.5971384048461914 -406.8949890136719 -114.79170227050781 
v -2.152390480041504 -406.8949890136719 -112.26873779296875 
v -2.5971384048461914 -406.8949890136719 -109.74901580810547 
v -3.8780126571655273 -406.8949890136719 -107.5312728881836 
v -5.839351177215576 -406.8949890136719 -105.88501739501953 
v -8.245437622070312 -406.8949890136719 -105.00830841064453 
v -10.807186126708984 -406.8949890136719 -105.00830841064453 
v -10.807186126708984 -405.2933654785156 -105.00830841064453 
v -8.245437622070312 -406.8949890136719 -105.00830841064453 
v -8.245437622070312 -405.2933654785156 -105.00830841064453 
v -8.209857940673828 -405.07659912109375 -104.79724884033203 
v -8.05419635772705 -405.07659912109375 -103.92704010009766 
v 15.76650619506836 -359.32196044921875 -146.5187225341797 
v 15.76650619506836 -358.2742919921875 -146.099853515625 
v 14.329970359802246 -360.9657287597656 -138.4497833251953 
v 14.329970359802246 -361.28485107421875 -138.576416015625 
v 14.770271301269531 -362.0916748046875 -135.63783264160156 
v 14.770271301269531 -362.40478515625 -135.76446533203125 
v 15.481867790222168 -359.30389404296875 -146.56417846679688 
v 15.481867790222168 -358.2562255859375 -146.1453094482422 
v 14.045331954956055 -361.2788391113281 -138.5796661376953 
v 14.583477020263672 -362.48907470703125 -135.56314086914062 
v 15.134963989257812 -358.6235046386719 -146.0316619873047 
v 13.747350692749023 -361.5558166503906 -138.6933135986328 
v 14.387787818908691 -362.850341796875 -135.46572875976562 
v 15.134963989257812 -359.11724853515625 -146.2264862060547 
v 13.747350692749023 -362.0495300292969 -138.89137268066406 
v 14.387787818908691 -363.33807373046875 -135.66055297851562 
v -10.362438201904297 -383.514892578125 -133.31942749023438 
v -19.62209129333496 -383.514892578125 -133.31942749023438 
v -10.362438201904297 -388.4221496582031 -128.4098663330078 
v -19.62209129333496 -388.4221496582031 -128.4098663330078 
v 15.828771591186523 -361.7003173828125 -136.62168884277344 
v -20.186922073364258 -326.9402770996094 -139.54078674316406 
v -20.186922073364258 -326.9402770996094 -137.3912353515625 
v -9.793161392211914 -326.9402770996094 -139.54078674316406 
v -9.793161392211914 -326.9402770996094 -137.3912353515625 
v -11.171879768371582 -328.3191223144531 -136.0144805908203 
v -11.171879768371582 -352.018310546875 -136.0144805908203 
v -9.793161392211914 -352.018310546875 -137.3912353515625 
v -11.171879768371582 -375.717529296875 -136.0144805908203 
v -9.793161392211914 -377.0903625488281 -137.3912353515625 
v -18.812650680541992 -375.717529296875 -136.0144805908203 
v -20.186922073364258 -377.0903625488281 -137.3912353515625 
v -18.812650680541992 -352.018310546875 -136.0144805908203 
v -20.186922073364258 -352.018310546875 -137.3912353515625 
v -18.812650680541992 -328.3191223144531 -136.0144805908203 
v -17.54067039489746 -358.4368591308594 -136.0144805908203 
v -17.54067039489746 -352.018310546875 -136.0144805908203 
v -17.54067039489746 -345.61785888671875 -136.0144805908203 
v -12.443859100341797 -345.61785888671875 -136.0144805908203 
v -12.443859100341797 -352.018310546875 -136.0144805908203 
v -12.443859100341797 -358.4368591308594 -136.0144805908203 
v -13.653573989868164 -360.2733154296875 -136.0144805908203 
v -16.330957412719727 -360.2733154296875 -136.0144805908203 
v -13.217720985412598 -352.018310546875 -138.29391479492188 
v -13.217720985412598 -357.67218017578125 -138.29391479492188 
v -16.766809463500977 -357.67218017578125 -138.29391479492188 
v -16.766809463500977 -352.018310546875 -138.29391479492188 
v -16.766809463500977 -346.3825378417969 -138.29391479492188 
v -13.217720985412598 -346.3825378417969 -138.29391479492188 
v -9.793161392211914 -377.0903625488281 -139.54078674316406 
v -9.793161392211914 -352.018310546875 -139.54078674316406 
v -9.793161392211914 -326.9402770996094 -139.54078674316406 
v -20.186922073364258 -377.0903625488281 -139.54078674316406 
v -9.793161392211914 -377.0903625488281 -139.54078674316406 
v -16.34429931640625 -373.8810729980469 -136.0144805908203 
v -13.644679069519043 -373.8810729980469 -136.0144805908203 
v -20.186922073364258 -326.9402770996094 -139.54078674316406 
v -20.186922073364258 -352.018310546875 -139.54078674316406 
v -20.186922073364258 -377.0903625488281 -139.54078674316406 
v 66.9881362915039 -369.28094482421875 -131.59523010253906 
v 68.16671752929688 -368.65472412109375 -130.64059448242188 
v 6.106579780578613 -369.28094482421875 -131.59523010253906 
v 4.927997589111328 -368.65472412109375 -130.64059448242188 
v 69.44759368896484 -367.0892333984375 -131.0659637451172 
v 3.6471235752105713 -367.0892333984375 -131.0659637451172 
v 3.6471235752105713 -365.71038818359375 -133.28695678710938 
v 69.44759368896484 -365.71038818359375 -133.28695678710938 
v 69.44759368896484 -366.3546447753906 -136.03396606445312 
v 6.106579780578613 -388.8797302246094 -127.14026641845703 
v 4.927997589111328 -389.0061950683594 -126.01029205322266 
v 66.9881362915039 -388.8797302246094 -127.14026641845703 
v 68.16671752929688 -389.0061950683594 -126.01029205322266 
v 3.6471235752105713 -390.57769775390625 -125.58493041992188 
v 69.44759368896484 -390.57769775390625 -125.58493041992188 
v 69.44759368896484 -392.7934875488281 -126.96492767333984 
v 3.6471235752105713 -392.7934875488281 -126.96492767333984 
v 3.6471235752105713 -393.437744140625 -129.71194458007812 
v 6.106579780578613 -369.28094482421875 -131.59523010253906 
v 4.927997589111328 -368.65472412109375 -130.64059448242188 
v 6.106579780578613 -388.8797302246094 -127.14026641845703 
v 4.927997589111328 -389.0061950683594 -126.01029205322266 
v 3.6471235752105713 -367.0892333984375 -131.0659637451172 
v 3.6471235752105713 -390.57769775390625 -125.58493041992188 
v 1.8014193773269653 -390.9991760253906 -127.38379669189453 
v 1.8014193773269653 -367.5107116699219 -132.86483764648438 
v 1.8014193773269653 -368.15496826171875 -135.61509704589844 
v 3.6471235752105713 -366.3546447753906 -136.03396606445312 
v 1.8014193773269653 -391.6374206542969 -130.1308135986328 
v 3.6471235752105713 -392.7934875488281 -126.96492767333984 
v -13.168798446655273 -302.8858337402344 -158.81533813476562 
v -13.168798446655273 -302.8858337402344 -189.88320922851562 
v -18.33677101135254 -302.8858337402344 -158.81533813476562 
v -18.33677101135254 -302.8858337402344 -189.88320922851562 
v -18.33677101135254 -307.6485290527344 -158.81533813476562 
v -18.33677101135254 -307.6485290527344 -189.88320922851562 
v -13.168798446655273 -307.6485290527344 -158.81533813476562 
v -13.168798446655273 -307.6485290527344 -189.88320922851562 
v 3.6471235752105713 -410.31500244140625 -88.14308166503906 
v 3.6471235752105713 -407.4910888671875 -88.13658142089844 
v 1.8014193773269653 -410.3089904785156 -89.99065399169922 
v 1.8014193773269653 -407.4910888671875 -89.98416137695312 
v 1.8014193773269653 -410.2728576660156 -117.63288116455078 
v 1.8014193773269653 -409.4359130859375 -117.62963104248047 
v 3.6471235752105713 -410.266845703125 -119.48045349121094 
v 3.6471235752105713 -409.4299011230469 -119.47721099853516 
v 3.6471235752105713 -405.6004333496094 -117.62638092041016 
v 3.6471235752105713 -405.6426086425781 -89.98091125488281 
v 4.927997589111328 -405.69677734375 -91.6076889038086 
v 4.927997589111328 -405.5462646484375 -116.006103515625 
v 6.106579780578613 -406.7685546875 -91.9908447265625 
v 6.106579780578613 -406.6180114746094 -115.61320495605469 
v 3.6471235752105713 -365.71038818359375 -133.28695678710938 
v -21.676828384399414 -353.76446533203125 -168.1051788330078 
v -21.676828384399414 -332.3773498535156 -168.1051788330078 
v -21.676828384399414 -353.76446533203125 -172.50819396972656 
v -21.676828384399414 -332.3773498535156 -172.50819396972656 
v -14.729864120483398 -358.44287109375 -103.52115631103516 
v -14.596439361572266 -358.91253662109375 -103.64778900146484 
v -14.294011116027832 -358.2020263671875 -103.45621490478516 
v -13.938212394714355 -358.54522705078125 -103.55037689208984 
v -14.044952392578125 -357.7805480957031 -103.34581756591797 
v -13.555728912353516 -357.906982421875 -103.37828826904297 
v -14.044952392578125 -357.2988586425781 -103.21593475341797 
v -13.555728912353516 -357.17242431640625 -103.18021392822266 
v -14.294011116027832 -356.87738037109375 -103.10228729248047 
v -13.938212394714355 -356.5341796875 -103.01136779785156 
v -14.729864120483398 -356.63653564453125 -103.03734588623047 
v -14.596439361572266 -356.1669006347656 -102.91070556640625 
v -15.227981567382812 -356.63653564453125 -103.03734588623047 
v -15.356958389282227 -356.1669006347656 -102.91070556640625 
v -15.663834571838379 -356.87738037109375 -103.10228729248047 
v -16.01963233947754 -356.5341796875 -103.01136779785156 
v -15.912893295288086 -357.2988586425781 -103.21593475341797 
v -16.397668838500977 -357.17242431640625 -103.18021392822266 
v -15.912893295288086 -357.7805480957031 -103.34581756591797 
v -16.397668838500977 -357.906982421875 -103.37828826904297 
v -15.663834571838379 -358.2020263671875 -103.45621490478516 
v -16.01963233947754 -358.54522705078125 -103.55037689208984 
v -15.227981567382812 -358.44287109375 -103.52115631103516 
v -15.356958389282227 -358.91253662109375 -103.64778900146484 
v -14.729864120483398 -358.44287109375 -103.52115631103516 
v -14.596439361572266 -358.91253662109375 -103.64778900146484 
v -13.649126052856445 -358.7319030761719 -103.96275329589844 
v -13.164350509643555 -357.9190368652344 -103.74520111083984 
v -13.164350509643555 -356.979736328125 -103.49192810058594 
v -13.649126052856445 -356.1669006347656 -103.27437591552734 
v -14.489700317382812 -355.6972351074219 -103.14774322509766 
v -15.463698387145996 -355.6972351074219 -103.14774322509766 
v -16.304271697998047 -356.1669006347656 -103.27437591552734 
v -16.793495178222656 -356.979736328125 -103.49192810058594 
v -16.793495178222656 -357.9190368652344 -103.74520111083984 
v -16.304271697998047 -358.7319030761719 -103.96275329589844 
v -15.463698387145996 -359.2015380859375 -104.08614349365234 
v -14.489700317382812 -359.2015380859375 -104.08614349365234 
v -13.23551082611084 -358.13580322265625 -107.78129577636719 
v -12.599520683288574 -357.070068359375 -107.49555969238281 
v -12.599520683288574 -355.84173583984375 -107.16436004638672 
v -13.23551082611084 -354.7699890136719 -106.87861633300781 
v -14.34293270111084 -354.15582275390625 -106.71626281738281 
v -15.614912033081055 -354.15582275390625 -106.71626281738281 
v -16.71788787841797 -354.7699890136719 -106.87861633300781 
v -17.3538761138916 -355.84173583984375 -107.16436004638672 
v -17.3538761138916 -357.070068359375 -107.49555969238281 
v -16.71788787841797 -358.13580322265625 -107.78129577636719 
v -15.614912033081055 -358.7499694824219 -107.9468994140625 
v -14.34293270111084 -358.7499694824219 -107.9468994140625 
v -13.23551082611084 -357.0941467285156 -111.65503692626953 
v -12.599520683288574 -356.0284118652344 -111.37254333496094 
v -12.599520683288574 -354.8000793457031 -111.04134368896484 
v -13.23551082611084 -353.7343444824219 -110.75560760498047 
v -14.34293270111084 -353.12017822265625 -110.59000396728516 
v -15.614912033081055 -353.12017822265625 -110.59000396728516 
v -16.71788787841797 -353.7343444824219 -110.75560760498047 
v -17.3538761138916 -354.8000793457031 -111.04134368896484 
v -17.3538761138916 -356.0284118652344 -111.37254333496094 
v -16.71788787841797 -357.0941467285156 -111.65503692626953 
v -15.614912033081055 -357.7143249511719 -111.82064056396484 
v -14.34293270111084 -357.7143249511719 -111.82064056396484 
v -13.689153671264648 -355.5768127441406 -115.5904769897461 
v -13.213273048400879 -354.7880554199219 -115.3794174194336 
v -13.213273048400879 -353.8728332519531 -115.1358871459961 
v -13.689153671264648 -353.0840759277344 -114.92158508300781 
v -14.507490158081055 -352.62646484375 -114.80144500732422 
v -15.450355529785156 -352.62646484375 -114.80144500732422 
v -16.268692016601562 -353.0840759277344 -114.92158508300781 
v -16.74012565612793 -353.8728332519531 -115.1358871459961 
v -16.74012565612793 -354.7880554199219 -115.3794174194336 
v -16.268692016601562 -355.5768127441406 -115.5904769897461 
v -15.450355529785156 -356.034423828125 -115.7138671875 
v -14.507490158081055 -356.034423828125 -115.7138671875 
v -13.938212394714355 -353.43328857421875 -115.0157470703125 
v -13.938212394714355 -355.22760009765625 -115.4963150024414 
v -14.507490158081055 -356.034423828125 -115.7138671875 
v -14.34293270111084 -357.7143249511719 -111.82064056396484 
v -14.34293270111084 -358.7499694824219 -107.9468994140625 
v -14.489700317382812 -359.2015380859375 -104.08614349365234 
v -16.01963233947754 -353.43328857421875 -115.0157470703125 
v -16.01963233947754 -355.22760009765625 -115.4963150024414 
v -13.938212394714355 -355.22760009765625 -115.4963150024414 
v 66.9881362915039 -406.6180114746094 -115.61320495605469 
v 68.16671752929688 -405.5462646484375 -116.006103515625 
v 6.106579780578613 -406.6180114746094 -115.61320495605469 
v 4.927997589111328 -405.5462646484375 -116.006103515625 
v 69.44759368896484 -405.6004333496094 -117.62638092041016 
v 3.6471235752105713 -405.6004333496094 -117.62638092041016 
v 3.6471235752105713 -409.4299011230469 -119.47721099853516 
v 69.44759368896484 -409.4299011230469 -119.47721099853516 
v 69.44759368896484 -410.266845703125 -119.48045349121094 
v -16.517751693725586 -358.2200927734375 -136.26776123046875 
v -15.908446311950684 -353.0840759277344 -134.09872436523438 
v -16.517751693725586 -345.8526611328125 -136.26776123046875 
v -15.908446311950684 -351.2596740722656 -134.09872436523438 
v -13.413410186767578 -345.8526611328125 -136.26776123046875 
v -14.027161598205566 -351.2596740722656 -134.09872436523438 
v -13.413410186767578 -358.2200927734375 -136.26776123046875 
v -14.027161598205566 -353.0840759277344 -134.09872436523438 
v -15.908446311950684 -353.0840759277344 -126.54605865478516 
v -15.908446311950684 -351.2596740722656 -126.54605865478516 
v -14.027161598205566 -351.2596740722656 -126.54605865478516 
v -14.027161598205566 -353.0840759277344 -126.54605865478516 
v -15.93957805633545 -351.6028747558594 -121.4936294555664 
v -14.000476837158203 -351.6028747558594 -121.4936294555664 
v -14.000476837158203 -353.37908935546875 -121.96770477294922 
v -16.01963233947754 -353.43328857421875 -115.0157470703125 
v -13.938212394714355 -353.43328857421875 -115.0157470703125 
v -13.938212394714355 -355.22760009765625 -115.4963150024414 
v -16.01963233947754 -355.22760009765625 -115.4963150024414 
v -15.93957805633545 -353.37908935546875 -121.970947265625 
v -16.01963233947754 -355.22760009765625 -115.4963150024414 
v -15.93957805633545 -353.37908935546875 -121.970947265625 
v -13.938212394714355 -355.22760009765625 -115.4963150024414 
v -14.000476837158203 -353.37908935546875 -121.96770477294922 
v -14.027161598205566 -353.0840759277344 -126.54605865478516 
v -15.908446311950684 -353.0840759277344 -126.54605865478516 
v -15.908446311950684 -353.0840759277344 -134.09872436523438 
v -14.027161598205566 -353.0840759277344 -134.09872436523438 
v -16.517751693725586 -358.2200927734375 -136.26776123046875 
v -13.413410186767578 -358.2200927734375 -136.26776123046875 
v 66.9881362915039 -406.7685546875 -91.9908447265625 
v 68.16671752929688 -405.69677734375 -91.6076889038086 
v 66.9881362915039 -406.6180114746094 -115.61320495605469 
v 68.16671752929688 -405.5462646484375 -116.006103515625 
v 69.44759368896484 -405.6426086425781 -89.98091125488281 
v 69.44759368896484 -405.6004333496094 -117.62638092041016 
v 71.29329681396484 -409.4359130859375 -117.62963104248047 
v 71.29329681396484 -407.4910888671875 -89.98416137695312 
v 71.29329681396484 -410.3089904785156 -89.99065399169922 
v 69.44759368896484 -410.31500244140625 -88.13983154296875 
v 71.29329681396484 -410.2728576660156 -117.63288116455078 
v 69.44759368896484 -409.4299011230469 -119.47721099853516 
v 87.84236907958984 -323.8213195800781 -152.17185974121094 
v 86.57928466796875 -323.8213195800781 -152.17185974121094 
v 88.03360748291016 -323.8213195800781 -153.1329803466797 
v 86.86392211914062 -323.8213195800781 -153.6200408935547 
v 88.58065032958984 -323.8213195800781 -153.947998046875 
v 87.68670654296875 -323.8213195800781 -154.8441925048828 
v 89.39453887939453 -323.8213195800781 -154.49349975585938 
v 88.90975952148438 -323.8213195800781 -155.6656951904297 
v 90.3596420288086 -323.8213195800781 -154.68507385253906 
v 90.3596420288086 -323.8213195800781 -155.95143127441406 
v 91.32029724121094 -323.8213195800781 -154.49349975585938 
v 91.80506896972656 -323.8213195800781 -155.6656951904297 
v 92.13418579101562 -323.8213195800781 -153.947998046875 
v 93.03257751464844 -323.8213195800781 -154.8441925048828 
v 92.68122863769531 -323.8213195800781 -153.1329803466797 
v 93.85091400146484 -323.8213195800781 -153.6200408935547 
v 92.87246704101562 -323.8213195800781 -152.17185974121094 
v 94.13999938964844 -323.8213195800781 -152.17185974121094 
v 92.68122863769531 -323.8213195800781 -151.21072387695312 
v 93.85091400146484 -323.8213195800781 -150.72366333007812 
v 92.13418579101562 -323.8213195800781 -150.3957061767578 
v 93.03257751464844 -323.8213195800781 -149.49952697753906 
v 91.32029724121094 -323.8213195800781 -149.85020446777344 
v 91.80506896972656 -323.8213195800781 -148.6780242919922 
v 90.3596420288086 -323.8213195800781 -149.65863037109375 
v 90.3596420288086 -323.8213195800781 -148.39227294921875 
v 89.39453887939453 -323.8213195800781 -149.85020446777344 
v 88.90975952148438 -323.8213195800781 -148.6780242919922 
v 88.58065032958984 -323.8213195800781 -150.3957061767578 
v 87.68670654296875 -323.8213195800781 -149.49952697753906 
v 88.03360748291016 -323.8213195800781 -151.21072387695312 
v 86.86392211914062 -323.8213195800781 -150.72366333007812 
v 87.84236907958984 -323.8213195800781 -152.17185974121094 
v 86.57928466796875 -323.8213195800781 -152.17185974121094 
v 86.28130340576172 -323.1891174316406 -153.86032104492188 
v 87.23751068115234 -323.1891174316406 -155.2922821044922 
v 88.66960144042969 -323.1891174316406 -156.24691772460938 
v 90.3596420288086 -323.1891174316406 -156.58460998535156 
v 92.04523468017578 -323.1891174316406 -156.24691772460938 
v 93.47732543945312 -323.1891174316406 -155.2922821044922 
v 94.43353271484375 -323.1891174316406 -153.86032104492188 
v 94.77153778076172 -323.1891174316406 -152.17185974121094 
v 94.43353271484375 -323.1891174316406 -150.48338317871094 
v 93.47732543945312 -323.1891174316406 -149.0514373779297 
v 92.04523468017578 -323.1891174316406 -148.0968017578125 
v 90.3596420288086 -323.1891174316406 -147.75909423828125 
v 88.66960144042969 -323.1891174316406 -148.0968017578125 
v 87.23751068115234 -323.1891174316406 -149.0514373779297 
v 86.28130340576172 -323.1891174316406 -150.48338317871094 
v 85.94773864746094 -323.1891174316406 -152.17185974121094 
v 86.28130340576172 -313.79010009765625 -153.86032104492188 
v 87.23751068115234 -313.79010009765625 -155.2922821044922 
v 88.66960144042969 -313.79010009765625 -156.24691772460938 
v 90.3596420288086 -313.79010009765625 -156.58460998535156 
v 92.04523468017578 -313.79010009765625 -156.24691772460938 
v 93.47732543945312 -313.79010009765625 -155.2922821044922 
v 94.43353271484375 -313.79010009765625 -153.86032104492188 
v 94.77153778076172 -313.79010009765625 -152.17185974121094 
v 94.43353271484375 -313.79010009765625 -150.48338317871094 
v 93.47732543945312 -313.79010009765625 -149.0514373779297 
v 92.04523468017578 -313.79010009765625 -148.0968017578125 
v 90.3596420288086 -313.79010009765625 -147.75909423828125 
v 88.66960144042969 -313.79010009765625 -148.0968017578125 
v 87.23751068115234 -313.79010009765625 -149.0514373779297 
v 86.28130340576172 -313.79010009765625 -150.48338317871094 
v 85.94773864746094 -313.79010009765625 -152.17185974121094 
v 85.94773864746094 -313.79010009765625 -152.17185974121094 
v 85.94773864746094 -323.1891174316406 -152.17185974121094 
v -8.556761741638184 -323.2011413574219 -150.6554718017578 
v -8.556761741638184 -352.018310546875 -150.6554718017578 
v -21.42776870727539 -323.2011413574219 -150.6554718017578 
v -21.42776870727539 -352.018310546875 -150.6554718017578 
v -8.556761741638184 -352.018310546875 -194.5330047607422 
v -21.42776870727539 -352.018310546875 -194.5330047607422 
v 69.44759368896484 -407.4910888671875 -88.13658142089844 
v -16.34429931640625 -373.8810729980469 -136.0144805908203 
v -16.34429931640625 -373.8810729980469 -134.68968200683594 
v -16.330957412719727 -360.2733154296875 -136.0144805908203 
v -16.330957412719727 -360.2733154296875 -134.68968200683594 
v -15.966262817382812 -360.63458251953125 -134.32925415039062 
v -14.013819694519043 -360.63458251953125 -134.32925415039062 
v -13.653573989868164 -360.2733154296875 -134.68968200683594 
v -14.004924774169922 -373.5198059082031 -134.32925415039062 
v -13.644679069519043 -373.8810729980469 -134.68968200683594 
v -15.984053611755371 -373.5198059082031 -134.32925415039062 
v -13.644679069519043 -373.8810729980469 -136.0144805908203 
v -16.34429931640625 -373.8810729980469 -136.0144805908203 
v 69.44759368896484 -366.3546447753906 -136.03396606445312 
v 69.44759368896484 -365.71038818359375 -133.28695678710938 
v 71.29329681396484 -368.15496826171875 -135.61509704589844 
v 71.29329681396484 -367.5107116699219 -132.86483764648438 
v 71.29329681396484 -391.6374206542969 -130.1308135986328 
v 71.29329681396484 -390.9991760253906 -127.38379669189453 
v 69.44759368896484 -393.437744140625 -129.71194458007812 
v 69.44759368896484 -392.7934875488281 -126.96492767333984 
v 69.44759368896484 -390.57769775390625 -125.58493041992188 
v 69.44759368896484 -367.0892333984375 -131.0659637451172 
v 68.16671752929688 -368.65472412109375 -130.64059448242188 
v 68.16671752929688 -389.0061950683594 -126.01029205322266 
v 66.9881362915039 -369.28094482421875 -131.59523010253906 
v 66.9881362915039 -388.8797302246094 -127.14026641845703 
v -16.330957412719727 -360.2733154296875 -136.0144805908203 
v -13.653573989868164 -360.2733154296875 -136.0144805908203 
v 85.94773864746094 -280.3547058105469 -172.93679809570312 
v 85.94773864746094 -270.323486328125 -172.93679809570312 
v 86.28130340576172 -280.3547058105469 -174.62527465820312 
v 86.28130340576172 -270.323486328125 -174.62527465820312 
v 87.23751068115234 -280.3547058105469 -176.05398559570312 
v 87.23751068115234 -270.323486328125 -176.05398559570312 
v 88.66960144042969 -280.3547058105469 -177.01187133789062 
v 88.66960144042969 -270.323486328125 -177.01187133789062 
v 90.3596420288086 -280.3547058105469 -177.3463134765625 
v 90.3596420288086 -270.323486328125 -177.3463134765625 
v 92.04523468017578 -280.3547058105469 -177.01187133789062 
v 92.04523468017578 -270.323486328125 -177.01187133789062 
v 93.47732543945312 -280.3547058105469 -176.05398559570312 
v 93.47732543945312 -270.323486328125 -176.05398559570312 
v 94.43353271484375 -280.3547058105469 -174.62527465820312 
v 94.43353271484375 -270.323486328125 -174.62527465820312 
v 94.77153778076172 -280.3547058105469 -172.93679809570312 
v 94.77153778076172 -270.323486328125 -172.93679809570312 
v 94.43353271484375 -280.3547058105469 -171.2483367919922 
v 94.43353271484375 -270.323486328125 -171.2483367919922 
v 93.47732543945312 -280.3547058105469 -169.81637573242188 
v 93.47732543945312 -270.323486328125 -169.81637573242188 
v 92.04523468017578 -280.3547058105469 -168.8617401123047 
v 92.04523468017578 -270.323486328125 -168.8617401123047 
v 90.3596420288086 -280.3547058105469 -168.5240478515625 
v 90.3596420288086 -270.323486328125 -168.5240478515625 
v 88.66960144042969 -280.3547058105469 -168.8617401123047 
v 88.66960144042969 -270.323486328125 -168.8617401123047 
v 87.23751068115234 -280.3547058105469 -169.81637573242188 
v 87.23751068115234 -270.323486328125 -169.81637573242188 
v 86.28130340576172 -280.3547058105469 -171.2483367919922 
v 86.28130340576172 -270.323486328125 -171.2483367919922 
v 85.94773864746094 -280.3547058105469 -172.93679809570312 
v 85.94773864746094 -270.323486328125 -172.93679809570312 
v 87.84236907958984 -270.323486328125 -172.93679809570312 
v 88.03360748291016 -270.323486328125 -173.89793395996094 
v 88.58065032958984 -270.323486328125 -174.71295166015625 
v 89.39453887939453 -270.323486328125 -175.25845336914062 
v 90.3596420288086 -270.323486328125 -175.4500274658203 
v 91.32029724121094 -270.323486328125 -175.25845336914062 
v 92.13418579101562 -270.323486328125 -174.71295166015625 
v 92.68122863769531 -270.323486328125 -173.89793395996094 
v 92.87246704101562 -270.323486328125 -172.93679809570312 
v 92.68122863769531 -270.323486328125 -171.97242736816406 
v 92.13418579101562 -270.323486328125 -171.15740966796875 
v 91.32029724121094 -270.323486328125 -170.61190795898438 
v 90.3596420288086 -270.323486328125 -170.4203338623047 
v 89.39453887939453 -270.323486328125 -170.61190795898438 
v 88.58065032958984 -270.323486328125 -171.15740966796875 
v 88.03360748291016 -270.323486328125 -171.97242736816406 
v 87.84236907958984 -270.323486328125 -172.93679809570312 
v 93.69969940185547 -395.3042907714844 -152.17185974121094 
v 93.69969940185547 -376.0547180175781 -152.17185974121094 
v 93.4461898803711 -395.3042907714844 -150.89251708984375 
v 93.4461898803711 -376.0547180175781 -150.89251708984375 
v 92.72125244140625 -395.3042907714844 -149.80799865722656 
v 92.72125244140625 -376.0547180175781 -149.80799865722656 
v 91.63607025146484 -395.3042907714844 -149.0839080810547 
v 91.63607025146484 -376.0547180175781 -149.0839080810547 
v 90.3596420288086 -395.3042907714844 -148.83062744140625 
v 90.3596420288086 -376.0547180175781 -148.83062744140625 
v 89.07876586914062 -395.3042907714844 -149.0839080810547 
v 89.07876586914062 -376.0547180175781 -149.0839080810547 
v 87.99803161621094 -395.3042907714844 -149.80799865722656 
v 87.99803161621094 -376.0547180175781 -149.80799865722656 
v 87.27308654785156 -395.3042907714844 -150.89251708984375 
v 87.27308654785156 -376.0547180175781 -150.89251708984375 
v 87.01513671875 -395.3042907714844 -152.17185974121094 
v 87.01513671875 -376.0547180175781 -152.17185974121094 
v 87.27308654785156 -395.3042907714844 -153.45120239257812 
v 87.27308654785156 -376.0547180175781 -153.45120239257812 
v 87.99803161621094 -395.3042907714844 -154.5357208251953 
v 87.99803161621094 -376.0547180175781 -154.5357208251953 
v 89.07876586914062 -395.3042907714844 -155.2598114013672 
v 89.07876586914062 -376.0547180175781 -155.2598114013672 
v 90.3596420288086 -395.3042907714844 -155.51307678222656 
v 90.3596420288086 -376.0547180175781 -155.51307678222656 
v 91.63607025146484 -395.3042907714844 -155.2598114013672 
v 91.63607025146484 -376.0547180175781 -155.2598114013672 
v 92.72125244140625 -395.3042907714844 -154.5357208251953 
v 92.72125244140625 -376.0547180175781 -154.5357208251953 
v 93.4461898803711 -395.3042907714844 -153.45120239257812 
v 93.4461898803711 -376.0547180175781 -153.45120239257812 
v 93.69969940185547 -395.3042907714844 -152.17185974121094 
v 93.69969940185547 -376.0547180175781 -152.17185974121094 
v 92.87246704101562 -376.0547180175781 -152.17185974121094 
v 92.68122863769531 -376.0547180175781 -151.21072387695312 
v 92.13418579101562 -376.0547180175781 -150.3957061767578 
v 91.32029724121094 -376.0547180175781 -149.85020446777344 
v 90.3596420288086 -376.0547180175781 -149.65863037109375 
v 89.39453887939453 -376.0547180175781 -149.85020446777344 
v 88.58065032958984 -376.0547180175781 -150.3957061767578 
v 88.03360748291016 -376.0547180175781 -151.21072387695312 
v 87.84236907958984 -376.0547180175781 -152.17185974121094 
v 88.03360748291016 -376.0547180175781 -153.1329803466797 
v 88.58065032958984 -376.0547180175781 -153.947998046875 
v 89.39453887939453 -376.0547180175781 -154.49349975585938 
v 90.3596420288086 -376.0547180175781 -154.68507385253906 
v 91.32029724121094 -376.0547180175781 -154.49349975585938 
v 92.13418579101562 -376.0547180175781 -153.947998046875 
v 92.68122863769531 -376.0547180175781 -153.1329803466797 
v 92.87246704101562 -376.0547180175781 -152.17185974121094 
v 69.44759368896484 -410.31500244140625 -88.13983154296875 
v 69.44759368896484 -407.4910888671875 -88.13658142089844 
v 3.6471235752105713 -410.31500244140625 -88.14308166503906 
v 3.6471235752105713 -407.4910888671875 -88.13658142089844 
v 3.6471235752105713 -405.6426086425781 -89.98091125488281 
v 69.44759368896484 -405.6426086425781 -89.98091125488281 
v 68.16671752929688 -405.69677734375 -91.6076889038086 
v 4.927997589111328 -405.69677734375 -91.6076889038086 
v 66.9881362915039 -406.7685546875 -91.9908447265625 
v -13.653573989868164 -360.2733154296875 -136.0144805908203 
v -13.644679069519043 -373.8810729980469 -136.0144805908203 
v -13.168798446655273 -307.6485290527344 -158.81533813476562 
v -13.168798446655273 -307.6485290527344 -189.88320922851562 
v -13.168798446655273 -302.8858337402344 -158.81533813476562 
v -13.168798446655273 -302.8858337402344 -189.88320922851562 
v -28.89508819580078 -406.7023010253906 -122.6301040649414 
v -28.797243118286133 -406.7023010253906 -122.6301040649414 
v -29.206411361694336 -406.7023010253906 -122.64958190917969 
v -28.73497772216797 -406.7023010253906 -122.65608215332031 
v -28.717187881469727 -406.7023010253906 -122.7015380859375 
v -28.717187881469727 -406.7023010253906 -122.73725891113281 
v -29.024065017700195 -406.7023010253906 -122.73725891113281 
v -29.210859298706055 -406.7023010253906 -122.9190902709961 
v -29.024065017700195 -406.7023010253906 -122.83467102050781 
v -28.899534225463867 -406.7023010253906 -122.945068359375 
v -28.717187881469727 -406.7023010253906 -122.8379135131836 
v -28.80169105529785 -406.7023010253906 -122.94181823730469 
v -28.739425659179688 -406.7023010253906 -122.9190902709961 
v -25.443843841552734 -406.7023010253906 -122.73725891113281 
v -25.44828987121582 -406.7023010253906 -122.8249282836914 
v 16.99401092529297 -358.37664794921875 -146.49923706054688 
v 17.007352828979492 -357.84075927734375 -146.28494262695312 
v 87.84236907958984 -270.323486328125 -152.17185974121094 
v 85.94773864746094 -270.323486328125 -152.17185974121094 
v 88.03360748291016 -270.323486328125 -151.21072387695312 
v 86.28130340576172 -270.323486328125 -150.48338317871094 
v 88.58065032958984 -270.323486328125 -150.3957061767578 
v 87.23751068115234 -270.323486328125 -149.0514373779297 
v 89.39453887939453 -270.323486328125 -149.85020446777344 
v 88.66960144042969 -270.323486328125 -148.0968017578125 
v 90.3596420288086 -270.323486328125 -149.65863037109375 
v 90.3596420288086 -270.323486328125 -147.75909423828125 
v 91.32029724121094 -270.323486328125 -149.85020446777344 
v 92.04523468017578 -270.323486328125 -148.0968017578125 
v 92.13418579101562 -270.323486328125 -150.3957061767578 
v 93.47732543945312 -270.323486328125 -149.0514373779297 
v 92.68122863769531 -270.323486328125 -151.21072387695312 
v 94.43353271484375 -270.323486328125 -150.48338317871094 
v 92.87246704101562 -270.323486328125 -152.17185974121094 
v 94.77153778076172 -270.323486328125 -152.17185974121094 
v 92.68122863769531 -270.323486328125 -153.1329803466797 
v 94.43353271484375 -270.323486328125 -153.86032104492188 
v 92.13418579101562 -270.323486328125 -153.947998046875 
v 93.47732543945312 -270.323486328125 -155.2922821044922 
v 91.32029724121094 -270.323486328125 -154.49349975585938 
v 92.04523468017578 -270.323486328125 -156.24691772460938 
v 90.3596420288086 -270.323486328125 -154.68507385253906 
v 90.3596420288086 -270.323486328125 -156.58460998535156 
v 89.39453887939453 -270.323486328125 -154.49349975585938 
v 88.66960144042969 -270.323486328125 -156.24691772460938 
v 88.58065032958984 -270.323486328125 -153.947998046875 
v 87.23751068115234 -270.323486328125 -155.2922821044922 
v 88.03360748291016 -270.323486328125 -153.1329803466797 
v 86.28130340576172 -270.323486328125 -153.86032104492188 
v 87.84236907958984 -270.323486328125 -152.17185974121094 
v 85.94773864746094 -270.323486328125 -152.17185974121094 
v 85.94773864746094 -280.3547058105469 -152.17185974121094 
v 86.28130340576172 -280.3547058105469 -150.48338317871094 
v 87.23751068115234 -280.3547058105469 -149.0514373779297 
v 88.66960144042969 -280.3547058105469 -148.0968017578125 
v 90.3596420288086 -280.3547058105469 -147.75909423828125 
v 92.04523468017578 -280.3547058105469 -148.0968017578125 
v 93.47732543945312 -280.3547058105469 -149.0514373779297 
v 94.43353271484375 -280.3547058105469 -150.48338317871094 
v 94.77153778076172 -280.3547058105469 -152.17185974121094 
v 94.43353271484375 -280.3547058105469 -153.86032104492188 
v 93.47732543945312 -280.3547058105469 -155.2922821044922 
v 92.04523468017578 -280.3547058105469 -156.24691772460938 
v 90.3596420288086 -280.3547058105469 -156.58460998535156 
v 88.66960144042969 -280.3547058105469 -156.24691772460938 
v 87.23751068115234 -280.3547058105469 -155.2922821044922 
v 86.28130340576172 -280.3547058105469 -153.86032104492188 
v 85.94773864746094 -280.3547058105469 -152.17185974121094 
v 110.07086944580078 -383.6473693847656 -131.8614959716797 
v 107.30009460449219 -383.6473693847656 -131.85824584960938 
v 110.10645294189453 -381.8470458984375 -130.8224334716797 
v 107.8604736328125 -381.8470458984375 -130.8224334716797 
v 110.10645294189453 -379.7577209472656 -129.61778259277344 
v 107.8604736328125 -379.7577209472656 -129.61778259277344 
v 103.564208984375 -382.14208984375 -125.49401092529297 
v 94.92720031738281 -380.4381103515625 -128.44558715820312 
v 101.68737030029297 -376.6387634277344 -135.02088928222656 
v 101.68737030029297 -378.72808837890625 -136.2222900390625 
v 100.2197036743164 -381.26300048828125 -135.99176025390625 
v 99.61039733886719 -379.6854553222656 -138.71279907226562 
v 100.2730712890625 -376.3497619628906 -135.5274200439453 
v 94.92720031738281 -379.0171203613281 -130.89712524414062 
v 83.75068664550781 -380.4381103515625 -128.44558715820312 
v 84.03087615966797 -379.0171203613281 -130.89712524414062 
v 81.13556671142578 -377.752685546875 -133.09213256835938 
v 82.79003143310547 -377.8128967285156 -132.98822021484375 
v 88.37162017822266 -372.6949157714844 -141.85919189453125 
v 89.10100555419922 -373.3993835449219 -140.63180541992188 
v 96.33260345458984 -372.6949157714844 -141.85919189453125 
v 95.74553680419922 -373.3993835449219 -140.63180541992188 
v 101.69181823730469 -375.37432861328125 -137.2158966064453 
v 100.2730712890625 -375.663330078125 -136.7093505859375 
v 101.69181823730469 -377.4576416015625 -138.42056274414062 
v 96.33260345458984 -374.7782287597656 -143.06060791015625 
v 88.37162017822266 -374.7782287597656 -143.06060791015625 
v 89.43901062011719 -377.61419677734375 -142.30079650878906 
v 82.08287811279297 -382.5635681152344 -133.73504638671875 
v 81.13556671142578 -379.83599853515625 -134.29678344726562 
v 78.31141662597656 -382.15411376953125 -125.46803283691406 
v 79.77908325195312 -385.3031921386719 -128.98460388183594 
v 78.31141662597656 -384.2374572753906 -126.67269134521484 
v 79.77908325195312 -388.9580078125 -122.6625747680664 
v 78.31141662597656 -386.4231262207031 -122.8963623046875 
v 82.08287811279297 -391.6976318359375 -117.91212463378906 
v 81.13556671142578 -390.8245849609375 -115.27226257324219 
v 89.43901062011719 -396.6470031738281 -109.34638214111328 
v 88.37162017822266 -395.88232421875 -106.50520324707031 
v 95.46979522705078 -396.6470031738281 -109.34638214111328 
v 96.33260345458984 -395.88232421875 -106.50520324707031 
v 99.61039733886719 -394.57574462890625 -112.93113708496094 
v 101.69181823730469 -393.2029113769531 -111.14849853515625 
v 100.2197036743164 -392.9981994628906 -115.6554183959961 
v 101.68737030029297 -391.9384765625 -113.34351348876953 
v 107.30009460449219 -390.61383056640625 -119.78892517089844 
v 107.8604736328125 -388.81951904296875 -118.74662017822266 
v 110.07086944580078 -390.61383056640625 -119.78567504882812 
v 110.10645294189453 -388.81951904296875 -118.74662017822266 
v 78.31141662597656 -384.3337707519531 -121.69170379638672 
v 81.13556671142578 -388.7352294921875 -114.0676040649414 
v 83.75068664550781 -386.0558166503906 -118.71414947509766 
v 82.79003143310547 -388.6750183105469 -114.1715087890625 
v 84.03087615966797 -387.4707946777344 -116.25936889648438 
v 88.37162017822266 -393.79901123046875 -105.30054473876953 
v 96.33260345458984 -393.79901123046875 -105.30054473876953 
v 101.69181823730469 -391.1195983886719 -109.94384002685547 
v 100.2730712890625 -390.8245849609375 -110.45037841796875 
v 100.2730712890625 -390.1441955566406 -111.63230895996094 
v 101.68737030029297 -389.8491516113281 -112.13885498046875 
v 94.92720031738281 -387.4707946777344 -116.25936889648438 
v 94.92720031738281 -386.0558166503906 -118.71414947509766 
v 107.8604736328125 -386.7301940917969 -117.54196166992188 
v 103.564208984375 -384.3518371582031 -121.66572570800781 
v 110.10645294189453 -386.7301940917969 -117.54196166992188 
v 95.46979522705078 -377.61419677734375 -142.30079650878906 
v -28.975141525268555 -406.71435546875 -114.35009765625 
v -28.87729835510254 -406.71435546875 -114.35334777832031 
v -28.815032958984375 -406.71435546875 -114.37932586669922 
v -28.797243118286133 -406.71435546875 -114.4247817993164 
v -13.168798446655273 -282.2333068847656 -158.81533813476562 
v -13.168798446655273 -282.2333068847656 -189.88320922851562 
v -18.33677101135254 -282.2333068847656 -158.81533813476562 
v -18.33677101135254 -282.2333068847656 -189.88320922851562 
v -18.33677101135254 -286.99603271484375 -158.81533813476562 
v -18.33677101135254 -286.99603271484375 -189.88320922851562 
v -13.168798446655273 -286.99603271484375 -158.81533813476562 
v -13.168798446655273 -286.99603271484375 -189.88320922851562 
v 90.48416900634766 -332.8108825683594 -119.06807708740234 
v 90.48416900634766 -337.7723083496094 -119.06807708740234 
v 101.02469635009766 -332.8108825683594 -119.06807708740234 
v 101.02469635009766 -337.7723083496094 -119.06807708740234 
v 89.10100555419922 -393.0885314941406 -106.5279312133789 
v 95.74553680419922 -393.0885314941406 -106.5279312133789 
v -13.168798446655273 -276.6758117675781 -189.88320922851562 
v -13.168798446655273 -276.6758117675781 -158.81533813476562 
v -18.33677101135254 -276.6758117675781 -189.88320922851562 
v -18.33677101135254 -276.6758117675781 -158.81533813476562 
v -18.33677101135254 -271.90704345703125 -189.88320922851562 
v -18.33677101135254 -271.90704345703125 -158.81533813476562 
v -13.168798446655273 -271.90704345703125 -189.88320922851562 
v -13.168798446655273 -271.90704345703125 -158.81533813476562 
v -4.247153282165527 -405.7750549316406 -112.32717895507812 
v -12.363804817199707 -405.7750549316406 -112.36939239501953 
v -4.247153282165527 -405.7750549316406 -111.96675872802734 
v -12.359356880187988 -405.7750549316406 -111.96675872802734 
v -13.11987590789795 -405.7750549316406 -112.36614990234375 
v -13.115428924560547 -405.7750549316406 -111.96350860595703 
v -13.573518753051758 -405.7750549316406 -111.61607360839844 
v -13.582413673400879 -405.7750549316406 -112.70708465576172 
v -12.817447662353516 -405.7750549316406 -112.80125427246094 
v -12.568388938903809 -405.7750549316406 -112.79476165771484 
v -12.417174339294434 -405.7750549316406 -112.70059204101562 
v -12.359356880187988 -405.7750549316406 -111.81739044189453 
v -12.408279418945312 -405.7750549316406 -111.63555908203125 
v -12.559494018554688 -405.7750549316406 -111.53814697265625 
v -12.804104804992676 -405.7750549316406 -111.52840423583984 
v 87.5177001953125 -334.99053955078125 -120.21104431152344 
v 87.5177001953125 -334.99053955078125 -129.06578063964844 
v 82.51873016357422 -334.99053955078125 -120.21104431152344 
v 82.51873016357422 -334.99053955078125 -129.06578063964844 
v 82.51873016357422 -338.241943359375 -120.21104431152344 
v 82.51873016357422 -338.241943359375 -129.06578063964844 
v 87.5177001953125 -338.241943359375 -120.21104431152344 
v 87.5177001953125 -338.241943359375 -129.06578063964844 
v 87.5177001953125 -334.99053955078125 -129.06578063964844 
v 87.5177001953125 -334.99053955078125 -120.21104431152344 
v -8.556761741638184 -380.8294677734375 -132.7576904296875 
v -8.556761741638184 -380.8294677734375 -139.54078674316406 
v -21.42776870727539 -380.8294677734375 -132.7576904296875 
v -21.42776870727539 -380.8294677734375 -139.54078674316406 
v -9.793161392211914 -377.0903625488281 -139.54078674316406 
v -20.186922073364258 -377.0903625488281 -139.54078674316406 
v -21.42776870727539 -352.018310546875 -139.54078674316406 
v -20.186922073364258 -352.018310546875 -139.54078674316406 
v -21.42776870727539 -323.2011413574219 -139.54078674316406 
v -20.186922073364258 -326.9402770996094 -139.54078674316406 
v -8.556761741638184 -323.2011413574219 -139.54078674316406 
v -9.793161392211914 -326.9402770996094 -139.54078674316406 
v -8.556761741638184 -352.018310546875 -139.54078674316406 
v -9.793161392211914 -352.018310546875 -139.54078674316406 
v 87.5177001953125 -330.2820129394531 -129.06578063964844 
v 87.5177001953125 -333.5334167480469 -129.06578063964844 
v 82.51873016357422 -330.2820129394531 -129.06578063964844 
v 82.51873016357422 -333.5334167480469 -129.06578063964844 
v 82.51873016357422 -333.5334167480469 -120.21104431152344 
v 87.5177001953125 -333.5334167480469 -120.21104431152344 
v 87.5177001953125 -330.2820129394531 -120.21104431152344 
v 82.51873016357422 -330.2820129394531 -120.21104431152344 
v 87.5177001953125 -330.2820129394531 -129.06578063964844 
v 87.5177001953125 -330.2820129394531 -120.21104431152344 
v 87.5177001953125 -320.86492919921875 -120.21104431152344 
v 87.5177001953125 -320.86492919921875 -129.06578063964844 
v 82.51873016357422 -320.86492919921875 -120.21104431152344 
v 82.51873016357422 -320.86492919921875 -129.06578063964844 
v 82.51873016357422 -324.1163635253906 -120.21104431152344 
v 82.51873016357422 -324.1163635253906 -129.06578063964844 
v 87.5177001953125 -324.1163635253906 -120.21104431152344 
v 87.5177001953125 -324.1163635253906 -129.06578063964844 
v 87.5177001953125 -320.86492919921875 -129.06578063964844 
v 87.5177001953125 -319.4078369140625 -120.21104431152344 
v 87.5177001953125 -316.1564025878906 -120.21104431152344 
v 82.51873016357422 -319.4078369140625 -120.21104431152344 
v 82.51873016357422 -316.1564025878906 -120.21104431152344 
v 82.51873016357422 -316.1564025878906 -129.06578063964844 
v 87.5177001953125 -316.1564025878906 -129.06578063964844 
v 87.5177001953125 -319.4078369140625 -129.06578063964844 
v 82.51873016357422 -319.4078369140625 -129.06578063964844 
v 87.5177001953125 -319.4078369140625 -120.21104431152344 
v 87.5177001953125 -319.4078369140625 -129.06578063964844 
v 87.5177001953125 -320.86492919921875 -120.21104431152344 
v 87.5177001953125 -311.4538879394531 -120.21104431152344 
v 87.5177001953125 -311.4538879394531 -129.06578063964844 
v 82.51873016357422 -311.4538879394531 -120.21104431152344 
v 82.51873016357422 -311.4538879394531 -129.06578063964844 
v 82.51873016357422 -314.6993103027344 -120.21104431152344 
v 82.51873016357422 -314.6993103027344 -129.06578063964844 
v 87.5177001953125 -314.6993103027344 -120.21104431152344 
v 87.5177001953125 -314.6993103027344 -129.06578063964844 
v 87.5177001953125 -311.4538879394531 -129.06578063964844 
v 89.00315856933594 -339.6629333496094 -119.79541778564453 
v 89.00315856933594 -339.6629333496094 -117.95758056640625 
v 87.5399398803711 -339.6629333496094 -119.79541778564453 
v 87.5399398803711 -339.6629333496094 -117.95758056640625 
v 87.5399398803711 -330.9142150878906 -119.79541778564453 
v 87.5399398803711 -330.9142150878906 -117.95758056640625 
v 89.00315856933594 -330.9142150878906 -119.79541778564453 
v 89.00315856933594 -330.9142150878906 -117.95758056640625 
v 89.00315856933594 -339.6629333496094 -119.79541778564453 
v 87.5177001953125 -311.4538879394531 -120.21104431152344 
v 25.93789291381836 -358.37664794921875 -146.49923706054688 
v 25.59543800354004 -358.3706359863281 -146.49923706054688 
v 24.768205642700195 -359.1232604980469 -146.71029663085938 
v 24.71038818359375 -359.32196044921875 -146.5187225341797 
v 24.71038818359375 -358.2742919921875 -146.099853515625 
v 24.425750732421875 -359.30389404296875 -146.56417846679688 
v 24.425750732421875 -358.2562255859375 -146.1453094482422 
v 24.078845977783203 -358.6235046386719 -146.0316619873047 
v 22.691232681274414 -361.5558166503906 -138.6933135986328 
v 24.078845977783203 -359.11724853515625 -146.2264862060547 
v 22.691232681274414 -362.0495300292969 -138.89137268066406 
v 22.989213943481445 -361.2788391113281 -138.5796661376953 
v 23.273853302001953 -361.28485107421875 -138.576416015625 
v 23.273853302001953 -360.9657287597656 -138.4497833251953 
v 23.714153289794922 -362.40478515625 -135.76446533203125 
v 23.714153289794922 -362.0916748046875 -135.63783264160156 
v 24.772653579711914 -361.7003173828125 -136.62168884277344 
v 23.527359008789062 -362.48907470703125 -135.56314086914062 
v 23.3316707611084 -362.850341796875 -135.46572875976562 
v 23.3316707611084 -363.33807373046875 -135.66055297851562 
v -11.114062309265137 -395.4247131347656 -142.81382751464844 
v -9.490732192993164 -395.4247131347656 -142.81382751464844 
v -11.114062309265137 -395.7498474121094 -144.42437744140625 
v -9.490732192993164 -395.7498474121094 -144.42437744140625 
v -11.114062309265137 -396.6590576171875 -145.7881317138672 
v -9.490732192993164 -396.6590576171875 -145.7881317138672 
v -11.114062309265137 -398.01983642578125 -146.6973114013672 
v -9.490732192993164 -398.01983642578125 -146.6973114013672 
v -11.114062309265137 -399.63348388671875 -147.01876831054688 
v -9.490732192993164 -399.63348388671875 -147.01876831054688 
v -11.114062309265137 -401.24114990234375 -146.6973114013672 
v -9.490732192993164 -401.24114990234375 -146.6973114013672 
v -11.114062309265137 -402.6019287109375 -145.7881317138672 
v -9.490732192993164 -402.6019287109375 -145.7881317138672 
v -11.114062309265137 -405.4980773925781 -144.42437744140625 
v -9.490732192993164 -405.4980773925781 -144.42437744140625 
v -11.114062309265137 -405.8232421875 -142.81382751464844 
v -9.490732192993164 -405.8232421875 -142.81382751464844 
v -11.114062309265137 -405.4980773925781 -141.20652770996094 
v -9.490732192993164 -405.4980773925781 -141.20652770996094 
v -11.114062309265137 -402.6019287109375 -139.8427734375 
v -9.490732192993164 -402.6019287109375 -139.8427734375 
v -11.114062309265137 -401.24114990234375 -138.9303436279297 
v -9.490732192993164 -401.24114990234375 -138.9303436279297 
v -11.114062309265137 -399.63348388671875 -138.6121368408203 
v -9.490732192993164 -399.63348388671875 -138.6121368408203 
v -11.114062309265137 -398.01983642578125 -138.9303436279297 
v -9.490732192993164 -398.01983642578125 -138.9303436279297 
v -11.114062309265137 -396.6590576171875 -139.8427734375 
v -9.490732192993164 -396.6590576171875 -139.8427734375 
v -11.114062309265137 -395.7498474121094 -141.20652770996094 
v -9.490732192993164 -395.7498474121094 -141.20652770996094 
v -11.114062309265137 -395.4247131347656 -142.81382751464844 
v -9.490732192993164 -395.4247131347656 -142.81382751464844 
v -8.8903226852417 -396.29779052734375 -144.19383239746094 
v -8.8903226852417 -397.0805358886719 -145.36277770996094 
v -8.8903226852417 -398.2486267089844 -146.1453094482422 
v -8.8903226852417 -399.63348388671875 -146.4213104248047 
v -8.8903226852417 -401.0123291015625 -146.1453094482422 
v -8.8903226852417 -402.1804504394531 -145.36277770996094 
v -8.8903226852417 -402.96319580078125 -144.19383239746094 
v -8.8903226852417 -405.22113037109375 -142.81382751464844 
v -8.8903226852417 -402.96319580078125 -141.43382263183594 
v -8.8903226852417 -402.1804504394531 -140.264892578125 
v -8.8903226852417 -401.0123291015625 -139.485595703125 
v -8.8903226852417 -399.63348388671875 -139.2095947265625 
v -8.8903226852417 -398.2486267089844 -139.485595703125 
v -8.8903226852417 -397.0805358886719 -140.264892578125 
v -8.8903226852417 -396.29779052734375 -141.43382263183594 
v -8.8903226852417 -396.0268249511719 -142.81382751464844 
v -8.8903226852417 -397.453857421875 -143.7165069580078 
v -8.8903226852417 -397.96563720703125 -144.4795684814453 
v -8.8903226852417 -398.7303161621094 -144.98936462402344 
v -8.8903226852417 -399.63348388671875 -145.16795349121094 
v -8.8903226852417 -400.5306396484375 -144.98936462402344 
v -8.8903226852417 -401.2953186035156 -144.4795684814453 
v -8.8903226852417 -401.80712890625 -143.7165069580078 
v -8.8903226852417 -401.9877624511719 -142.81382751464844 
v -8.8903226852417 -401.80712890625 -141.91439819335938 
v -8.8903226852417 -401.2953186035156 -141.15133666992188 
v -8.8903226852417 -400.5306396484375 -140.6383056640625 
v -8.8903226852417 -399.63348388671875 -140.459716796875 
v -8.8903226852417 -398.7303161621094 -140.6383056640625 
v -8.8903226852417 -397.96563720703125 -141.14808654785156 
v -8.8903226852417 -397.453857421875 -141.91439819335938 
v -8.8903226852417 -397.2732238769531 -142.81382751464844 
v -2.201312780380249 -397.453857421875 -143.7165069580078 
v -2.201312780380249 -397.96563720703125 -144.4795684814453 
v -2.201312780380249 -398.7303161621094 -144.98936462402344 
v -2.201312780380249 -399.63348388671875 -145.16795349121094 
v -2.201312780380249 -400.5306396484375 -144.98936462402344 
v -2.201312780380249 -401.2953186035156 -144.4795684814453 
v -2.201312780380249 -401.80712890625 -143.7165069580078 
v -2.201312780380249 -401.9877624511719 -142.81382751464844 
v -2.201312780380249 -401.80712890625 -141.91439819335938 
v -2.201312780380249 -401.2953186035156 -141.15133666992188 
v -2.201312780380249 -400.5306396484375 -140.6383056640625 
v -2.201312780380249 -399.63348388671875 -140.459716796875 
v -2.201312780380249 -398.7303161621094 -140.6383056640625 
v -2.201312780380249 -397.96563720703125 -141.14808654785156 
v -2.201312780380249 -397.453857421875 -141.91439819335938 
v -2.201312780380249 -397.2732238769531 -142.81382751464844 
v -2.201312780380249 -397.2732238769531 -142.81382751464844 
v -8.8903226852417 -397.2732238769531 -142.81382751464844 
v -8.8903226852417 -396.0268249511719 -142.81382751464844 
v 105.00519561767578 -245.9619598388672 -113.6292495727539 
v 105.00519561767578 -245.9619598388672 -112.72657012939453 
v 104.96516418457031 -251.7422637939453 -113.62600708007812 
v 104.96516418457031 -251.7422637939453 -112.72332000732422 
v 102.1410140991211 -251.7422637939453 -113.62600708007812 
v 102.1410140991211 -251.7422637939453 -112.72657012939453 
v 102.17659759521484 -245.9619598388672 -113.6292495727539 
v 102.17659759521484 -245.9619598388672 -112.72657012939453 
v 104.29804229736328 -339.10296630859375 -120.00323486328125 
v 104.29804229736328 -339.10296630859375 -118.48685455322266 
v 87.21527099609375 -339.10296630859375 -120.00323486328125 
v 87.21527099609375 -339.10296630859375 -118.48685455322266 
v 87.21527099609375 -331.480224609375 -120.00323486328125 
v 87.21527099609375 -331.480224609375 -118.48685455322266 
v 104.29804229736328 -331.480224609375 -120.00323486328125 
v 104.29804229736328 -331.480224609375 -118.48685455322266 
v 101.4827880859375 -332.5941162109375 -118.48685455322266 
v 101.4827880859375 -337.98907470703125 -118.48685455322266 
v 90.02607727050781 -337.98907470703125 -118.48685455322266 
v 90.02607727050781 -332.5941162109375 -118.48685455322266 
v 90.48416900634766 -332.8108825683594 -119.06807708740234 
v 101.02469635009766 -332.8108825683594 -119.06807708740234 
v 101.02469635009766 -337.7723083496094 -119.06807708740234 
v 90.48416900634766 -337.7723083496094 -119.06807708740234 
v 61.70008087158203 -360.08062744140625 -140.67401123046875 
v 65.76507568359375 -359.7976379394531 -140.56036376953125 
v 65.76507568359375 -360.08062744140625 -140.67401123046875 
v 65.76507568359375 -361.4173278808594 -136.50804138183594 
v 65.76507568359375 -361.7003173828125 -136.62168884277344 
v 61.70008087158203 -361.4173278808594 -136.50804138183594 
v 61.70008087158203 -361.7003173828125 -136.62168884277344 
v 61.70008087158203 -359.7976379394531 -140.56036376953125 
v 61.82016372680664 -359.5748596191406 -140.3428192138672 
v 65.6449966430664 -359.5748596191406 -140.3428192138672 
v 65.6449966430664 -361.1042175292969 -136.5145263671875 
v 61.82016372680664 -361.1042175292969 -136.5145263671875 
v 62.70076370239258 -360.1649169921875 -137.082763671875 
v 62.70076370239258 -359.28582763671875 -139.28102111816406 
v 64.76884460449219 -359.28582763671875 -139.28102111816406 
v 64.76884460449219 -360.1649169921875 -137.082763671875 
v 100.2730712890625 -375.663330078125 -136.7093505859375 
v 99.33910369873047 -374.87457275390625 -136.05345153808594 
v 100.2730712890625 -376.3497619628906 -135.5274200439453 
v 99.33910369873047 -375.4706726074219 -135.01438903808594 
v 94.92720031738281 -379.0171203613281 -130.89712524414062 
v 94.62921905517578 -377.8249206542969 -130.9360809326172 
v 84.03087615966797 -379.0171203613281 -130.89712524414062 
v 85.03156280517578 -377.8249206542969 -130.9360809326172 
v 82.79003143310547 -377.8128967285156 -132.98822021484375 
v 83.94192504882812 -376.76519775390625 -132.77716064453125 
v 89.10100555419922 -373.3993835449219 -140.63180541992188 
v 89.50127410888672 -372.87554931640625 -139.50831604003906 
v 95.74553680419922 -373.3993835449219 -140.63180541992188 
v 95.35416412353516 -372.87554931640625 -139.50831604003906 
v 94.87828063964844 -373.44757080078125 -138.52120971679688 
v 98.20054626464844 -375.1094055175781 -135.64431762695312 
v 98.20054626464844 -375.23583984375 -135.42352294921875 
v 94.15779113769531 -377.2589416503906 -131.92318725585938 
v 85.72981262207031 -377.2589416503906 -131.92318725585938 
v 85.27172088623047 -376.8133850097656 -132.6927490234375 
v 90.08390045166016 -373.44757080078125 -138.52120971679688 
v 90.08390045166016 -374.4049072265625 -139.07321166992188 
v 94.87828063964844 -374.4049072265625 -139.07321166992188 
v 98.20054626464844 -376.0667419433594 -136.19631958007812 
v 98.20054626464844 -376.1932067871094 -135.97552490234375 
v 94.15779113769531 -378.21630859375 -132.47518920898438 
v 85.72981262207031 -378.21630859375 -132.47518920898438 
v 85.27172088623047 -377.770751953125 -133.24473571777344 
v -28.08564567565918 -406.9853210449219 -114.58064270019531 
v -30.825294494628906 -406.9853210449219 -114.58064270019531 
v -28.054513931274414 -406.9853210449219 -114.41828918457031 
v -30.634052276611328 -406.9853210449219 -113.47988891601562 
v -27.974458694458008 -406.9853210449219 -114.27542114257812 
v -30.07366943359375 -406.9853210449219 -112.51226806640625 
v -27.845481872558594 -406.9853210449219 -114.16826629638672 
v -29.21975326538086 -406.9853210449219 -111.79141998291016 
v -27.689821243286133 -406.9853210449219 -114.11306762695312 
v -28.165700912475586 -406.9853210449219 -111.41151428222656 
v -27.525264739990234 -406.9853210449219 -114.11306762695312 
v -27.04938316345215 -406.9853210449219 -111.41151428222656 
v -27.36960220336914 -406.9853210449219 -114.16826629638672 
v -25.999778747558594 -406.9853210449219 -111.79141998291016 
v -27.245073318481445 -406.9853210449219 -114.27542114257812 
v -25.141414642333984 -406.9853210449219 -112.51226806640625 
v -27.16057014465332 -406.9853210449219 -114.41828918457031 
v -24.581031799316406 -406.9853210449219 -113.47988891601562 
v -27.129438400268555 -406.9853210449219 -114.58064270019531 
v -24.389789581298828 -406.9853210449219 -114.58064270019531 
v -27.16057014465332 -406.9853210449219 -114.74299621582031 
v -24.581031799316406 -406.9853210449219 -115.681396484375 
v -27.245073318481445 -406.9853210449219 -114.8858642578125 
v -25.141414642333984 -406.9853210449219 -116.64901733398438 
v -27.36960220336914 -406.9853210449219 -114.9930191040039 
v -25.999778747558594 -406.9853210449219 -117.36986541748047 
v -27.525264739990234 -406.9853210449219 -115.05146789550781 
v -27.04938316345215 -406.9853210449219 -117.74977111816406 
v -27.689821243286133 -406.9853210449219 -115.05146789550781 
v -28.165700912475586 -406.9853210449219 -117.74977111816406 
v -27.845481872558594 -406.9853210449219 -114.9930191040039 
v -29.21975326538086 -406.9853210449219 -117.36986541748047 
v -27.974458694458008 -406.9853210449219 -114.8858642578125 
v -30.07366943359375 -406.9853210449219 -116.64901733398438 
v -28.054513931274414 -406.9853210449219 -114.74299621582031 
v -30.634052276611328 -406.9853210449219 -115.681396484375 
v 25.93789291381836 -357.7263488769531 -148.113037109375 
v 25.93789291381836 -357.56982421875 -148.05133056640625 
v 27.663515090942383 -357.7263488769531 -148.113037109375 
v 27.663515090942383 -357.56982421875 -148.05133056640625 
v 27.663515090942383 -358.37664794921875 -146.49923706054688 
v 27.663515090942383 -358.0575256347656 -146.684326171875 
v 27.65017318725586 -357.84075927734375 -146.28494262695312 
v 27.65017318725586 -357.5216369628906 -146.4765167236328 
v 27.65017318725586 -358.15386962890625 -145.4958953857422 
v 27.65017318725586 -357.997314453125 -145.4342041015625 
v 25.951234817504883 -358.15386962890625 -145.4958953857422 
v 25.951234817504883 -357.997314453125 -145.4342041015625 
v 25.946788787841797 -357.84075927734375 -146.28494262695312 
v 25.946788787841797 -357.5216369628906 -146.4765167236328 
v 25.93789291381836 -358.37664794921875 -146.49923706054688 
v 25.93789291381836 -358.0575256347656 -146.684326171875 
v 26.089107513427734 -357.4855041503906 -147.8500213623047 
v 27.512300491333008 -357.4855041503906 -147.8500213623047 
v 27.512300491333008 -357.925048828125 -146.7622528076172 
v 27.498958587646484 -357.3891906738281 -146.554443359375 
v 27.498958587646484 -357.7986145019531 -145.52188110351562 
v 26.102449417114258 -357.7986145019531 -145.52188110351562 
v 26.102449417114258 -357.3891906738281 -146.554443359375 
v 26.089107513427734 -357.925048828125 -146.7622528076172 
v 84.03087615966797 -387.4707946777344 -116.25936889648438 
v 85.03156280517578 -386.9048156738281 -115.20732116699219 
v 94.92720031738281 -387.4707946777344 -116.25936889648438 
v 94.62921905517578 -386.9048156738281 -115.20732116699219 
v 100.2730712890625 -390.1441955566406 -111.63230895996094 
v 99.33910369873047 -389.2590637207031 -111.13226318359375 
v 100.2730712890625 -390.8245849609375 -110.45037841796875 
v 99.33910369873047 -389.8611755371094 -110.08995819091797 
v 95.74553680419922 -393.0885314941406 -106.5279312133789 
v 95.35416412353516 -391.85418701171875 -106.63508605957031 
v 89.10100555419922 -393.0885314941406 -106.5279312133789 
v 89.50127410888672 -391.85418701171875 -106.63508605957031 
v 82.79003143310547 -388.6750183105469 -114.1715087890625 
v 83.94192504882812 -387.9705505371094 -113.36949157714844 
v 85.27172088623047 -387.9223937988281 -113.45391082763672 
v 85.72981262207031 -387.476806640625 -114.22021484375 
v 94.15779113769531 -387.476806640625 -114.22021484375 
v 98.20054626464844 -389.493896484375 -110.71988677978516 
v 98.20054626464844 -389.6263732910156 -110.49908447265625 
v 94.87828063964844 -391.2882080078125 -107.6221923828125 
v 90.08390045166016 -391.2882080078125 -107.6221923828125 
v 90.08390045166016 -392.24554443359375 -108.17743682861328 
v 85.27172088623047 -388.8797302246094 -114.00591278076172 
v 85.72981262207031 -388.4341735839844 -114.77546691894531 
v 94.15779113769531 -388.4341735839844 -114.77546691894531 
v 98.20054626464844 -390.457275390625 -111.27513122558594 
v 98.20054626464844 -390.5837097167969 -111.05433654785156 
v 94.87828063964844 -392.24554443359375 -108.17743682861328 
v -12.408279418945312 -405.7750549316406 -111.63555908203125 
v -12.559494018554688 -405.7750549316406 -111.53814697265625 
v -12.559494018554688 -405.9918212890625 -111.53814697265625 
v -12.804104804992676 -405.9918212890625 -111.52840423583984 
v -12.359356880187988 -405.9918212890625 -111.96675872802734 
v -13.115428924560547 -405.9918212890625 -111.96350860595703 
v -12.363804817199707 -405.9918212890625 -112.36939239501953 
v -13.11987590789795 -405.9918212890625 -112.36614990234375 
v -13.582413673400879 -405.9918212890625 -112.70708465576172 
v -13.573518753051758 -405.9918212890625 -111.61607360839844 
v -13.573518753051758 -405.7750549316406 -111.61607360839844 
v -12.804104804992676 -405.7750549316406 -111.52840423583984 
v -12.408279418945312 -405.9918212890625 -111.63555908203125 
v -12.359356880187988 -405.9918212890625 -111.81739044189453 
v -12.359356880187988 -405.7750549316406 -111.81739044189453 
v -12.359356880187988 -405.7750549316406 -111.96675872802734 
v -4.247153282165527 -405.9918212890625 -111.96675872802734 
v -4.247153282165527 -405.7750549316406 -111.96675872802734 
v -4.247153282165527 -405.7750549316406 -112.32717895507812 
v -4.247153282165527 -405.9918212890625 -112.32717895507812 
v -12.363804817199707 -405.7750549316406 -112.36939239501953 
v -12.363804817199707 -405.9918212890625 -112.51551055908203 
v -12.417174339294434 -405.9918212890625 -112.70059204101562 
v -12.568388938903809 -405.9918212890625 -112.79476165771484 
v -12.568388938903809 -405.7750549316406 -112.79476165771484 
v -12.817447662353516 -405.7750549316406 -112.80125427246094 
v -12.817447662353516 -405.9918212890625 -112.80125427246094 
v -13.582413673400879 -405.7750549316406 -112.70708465576172 
v -12.417174339294434 -405.7750549316406 -112.70059204101562 
v -12.363804817199707 -405.7750549316406 -112.51551055908203 
v -28.815032958984375 -406.71435546875 -114.37932586669922 
v -28.815032958984375 -406.8046875 -114.37932586669922 
v -28.797243118286133 -406.71435546875 -114.4247817993164 
v -28.797243118286133 -406.8046875 -114.4247817993164 
v -28.797243118286133 -406.8046875 -114.46050262451172 
v -28.87729835510254 -406.8046875 -114.35334777832031 
v -28.87729835510254 -406.71435546875 -114.35334777832031 
v -28.975141525268555 -406.8046875 -114.35009765625 
v -29.10411834716797 -406.8046875 -114.46050262451172 
v -28.797243118286133 -406.8046875 -114.55791473388672 
v -29.10411834716797 -406.8046875 -114.55791473388672 
v -29.290912628173828 -406.8046875 -114.642333984375 
v -29.286466598510742 -406.8046875 -114.37283325195312 
v -29.286466598510742 -406.71435546875 -114.37283325195312 
v -28.975141525268555 -406.71435546875 -114.35009765625 
v -28.797243118286133 -406.71435546875 -114.46050262451172 
v -25.523897171020508 -406.8046875 -114.46050262451172 
v -25.523897171020508 -406.71435546875 -114.46050262451172 
v -25.528345108032227 -406.71435546875 -114.54817199707031 
v -25.528345108032227 -406.8046875 -114.54817199707031 
v -28.797243118286133 -406.71435546875 -114.55791473388672 
v -28.797243118286133 -406.8046875 -114.59687805175781 
v -28.819480895996094 -406.8046875 -114.642333984375 
v -28.881744384765625 -406.8046875 -114.6650619506836 
v -28.881744384765625 -406.71435546875 -114.6650619506836 
v -28.979589462280273 -406.71435546875 -114.6650619506836 
v -28.979589462280273 -406.8046875 -114.6650619506836 
v -29.290912628173828 -406.71435546875 -114.642333984375 
v -28.797243118286133 -406.71435546875 -114.59687805175781 
v -28.819480895996094 -406.71435546875 -114.642333984375 
v -10.037772178649902 -366.74603271484375 -193.3867950439453 
v -6.493130683898926 -366.74603271484375 -193.3867950439453 
v -10.037772178649902 -370.87652587890625 -193.3673095703125 
v -6.493130683898926 -370.87652587890625 -193.3673095703125 
v -10.037772178649902 -370.87652587890625 -156.25665283203125 
v -6.493130683898926 -370.87652587890625 -163.1241912841797 
v -10.037772178649902 -366.74603271484375 -156.25665283203125 
v -6.493130683898926 -366.74603271484375 -163.1241912841797 
v 28.837650299072266 -361.7003173828125 -136.62168884277344 
v 28.837650299072266 -361.4173278808594 -136.50804138183594 
v 24.772653579711914 -361.7003173828125 -136.62168884277344 
v 24.772653579711914 -361.4173278808594 -136.50804138183594 
v 24.772653579711914 -360.08062744140625 -140.67401123046875 
v 24.772653579711914 -359.7976379394531 -140.56036376953125 
v 28.837650299072266 -360.08062744140625 -140.67401123046875 
v 28.837650299072266 -359.7976379394531 -140.56036376953125 
v 28.717567443847656 -361.1042175292969 -136.5145263671875 
v 24.89273452758789 -361.1042175292969 -136.5145263671875 
v 24.89273452758789 -359.5748596191406 -140.3428192138672 
v 28.717567443847656 -359.5748596191406 -140.3428192138672 
v 27.83696746826172 -360.1649169921875 -137.082763671875 
v 25.768888473510742 -360.1649169921875 -137.082763671875 
v 25.768888473510742 -359.28582763671875 -139.28102111816406 
v 27.83696746826172 -359.28582763671875 -139.28102111816406 
v 53.93033218383789 -358.37664794921875 -146.49923706054688 
v 53.93033218383789 -357.56982421875 -148.05133056640625 
v 53.93033218383789 -357.7263488769531 -148.113037109375 
v 55.660400390625 -357.56982421875 -148.05133056640625 
v 55.660400390625 -357.7263488769531 -148.113037109375 
v 55.660400390625 -358.0575256347656 -146.684326171875 
v 55.660400390625 -358.37664794921875 -146.49923706054688 
v 55.64706039428711 -357.5216369628906 -146.4765167236328 
v 55.64706039428711 -357.84075927734375 -146.28494262695312 
v 55.64706039428711 -357.997314453125 -145.4342041015625 
v 55.64706039428711 -358.15386962890625 -145.4958953857422 
v 53.94367599487305 -357.997314453125 -145.4342041015625 
v 53.94367599487305 -358.15386962890625 -145.4958953857422 
v 53.94367599487305 -357.5216369628906 -146.4765167236328 
v 53.94367599487305 -357.84075927734375 -146.28494262695312 
v 53.93033218383789 -358.0575256347656 -146.684326171875 
v 54.085994720458984 -357.925048828125 -146.7622528076172 
v 54.085994720458984 -357.4855041503906 -147.8500213623047 
v 55.50474166870117 -357.4855041503906 -147.8500213623047 
v 55.50474166870117 -357.925048828125 -146.7622528076172 
v 55.495845794677734 -357.3891906738281 -146.554443359375 
v 55.491397857666016 -357.7986145019531 -145.52188110351562 
v 54.09489059448242 -357.7986145019531 -145.52188110351562 
v 54.09489059448242 -357.3891906738281 -146.554443359375 
v 82.08287811279297 -391.6976318359375 -117.91212463378906 
v 79.77908325195312 -388.9580078125 -122.6625747680664 
v 83.16361999511719 -390.64996337890625 -119.73047637939453 
v 90.92446899414062 -387.13360595703125 -125.82196044921875 
v 95.51426696777344 -390.64996337890625 -119.73047637939453 
v 104.97850799560547 -388.94598388671875 -122.6788101196289 
v 100.2197036743164 -392.9981994628906 -115.6554183959961 
v 107.30009460449219 -390.61383056640625 -119.78892517089844 
v 92.1297378540039 -393.38958740234375 -114.9832763671875 
v 99.61039733886719 -394.57574462890625 -112.93113708496094 
v 95.46979522705078 -396.6470031738281 -109.34638214111328 
v 89.43901062011719 -396.6470031738281 -109.34638214111328 
v 79.77908325195312 -385.3031921386719 -128.98460388183594 
v 83.16361999511719 -383.6112365722656 -131.9167022705078 
v 95.51426696777344 -383.6112365722656 -131.9167022705078 
v 92.1297378540039 -380.8716125488281 -136.66064453125 
v 100.2197036743164 -381.26300048828125 -135.99176025390625 
v 99.61039733886719 -379.6854553222656 -138.71279907226562 
v 82.08287811279297 -382.5635681152344 -133.73504638671875 
v 89.43901062011719 -377.61419677734375 -142.30079650878906 
v 95.46979522705078 -377.61419677734375 -142.30079650878906 
v 110.07086944580078 -390.61383056640625 -119.78567504882812 
v 110.07086944580078 -383.6473693847656 -131.8614959716797 
v 104.97850799560547 -385.3152160644531 -128.96511840820312 
v 107.30009460449219 -383.6473693847656 -131.85824584960938 
v -14.044952392578125 -357.2988586425781 -103.21593475341797 
v -14.044952392578125 -357.3891906738281 -102.86524963378906 
v -14.044952392578125 -357.7805480957031 -103.34581756591797 
v -14.044952392578125 -357.87689208984375 -102.99513244628906 
v -14.294011116027832 -358.2020263671875 -103.45621490478516 
v -14.294011116027832 -358.2923583984375 -103.10552978515625 
v -14.729864120483398 -358.44287109375 -103.52115631103516 
v -14.729864120483398 -358.5392150878906 -103.17047119140625 
v -15.227981567382812 -358.44287109375 -103.52115631103516 
v -15.227981567382812 -358.5392150878906 -103.17047119140625 
v -15.663834571838379 -358.2020263671875 -103.45621490478516 
v -15.663834571838379 -358.2923583984375 -103.10552978515625 
v -15.912893295288086 -357.7805480957031 -103.34581756591797 
v -15.912893295288086 -357.87689208984375 -102.99513244628906 
v -15.912893295288086 -357.2988586425781 -103.21593475341797 
v -15.912893295288086 -357.3891906738281 -102.86524963378906 
v -15.663834571838379 -356.87738037109375 -103.10228729248047 
v -15.663834571838379 -356.9737243652344 -102.75160217285156 
v -15.227981567382812 -356.63653564453125 -103.03734588623047 
v -15.227981567382812 -356.7328796386719 -102.68666076660156 
v -14.729864120483398 -356.63653564453125 -103.03734588623047 
v -14.729864120483398 -356.7328796386719 -102.68666076660156 
v -14.294011116027832 -356.87738037109375 -103.10228729248047 
v -14.294011116027832 -356.9737243652344 -102.75160217285156 
v -14.111663818359375 -357.42529296875 -102.80355834960938 
v -14.111663818359375 -357.87689208984375 -102.92369842529297 
v -14.34293270111084 -358.2682800292969 -103.02760314941406 
v -14.743206024169922 -358.4910583496094 -103.08929443359375 
v -15.21019172668457 -358.4910583496094 -103.08929443359375 
v -15.614912033081055 -358.2682800292969 -103.02760314941406 
v -15.84618091583252 -357.87689208984375 -102.92369842529297 
v -15.84618091583252 -357.42529296875 -102.80355834960938 
v -15.614912033081055 -357.033935546875 -102.69964599609375 
v -15.21019172668457 -356.8111572265625 -102.63795471191406 
v -14.743206024169922 -356.8111572265625 -102.63795471191406 
v -14.34293270111084 -357.033935546875 -102.69964599609375 
v -14.978922843933105 -357.6481018066406 -102.86199951171875 
v 43.8167610168457 -360.08062744140625 -140.67401123046875 
v 43.8167610168457 -361.7003173828125 -136.62168884277344 
v 43.8167610168457 -359.7976379394531 -140.56036376953125 
v 43.8167610168457 -361.4173278808594 -136.50804138183594 
v 43.93684387207031 -361.1042175292969 -136.5145263671875 
v 47.76167678833008 -361.1042175292969 -136.5145263671875 
v 46.88107681274414 -360.1649169921875 -137.082763671875 
v 46.88107681274414 -359.28582763671875 -139.28102111816406 
v 44.8129997253418 -359.28582763671875 -139.28102111816406 
v 47.76167678833008 -359.5748596191406 -140.3428192138672 
v 43.93684387207031 -359.5748596191406 -140.3428192138672 
v 47.88175964355469 -359.7976379394531 -140.56036376953125 
v 47.88175964355469 -361.4173278808594 -136.50804138183594 
v 47.88175964355469 -360.08062744140625 -140.67401123046875 
v 47.88175964355469 -361.7003173828125 -136.62168884277344 
v 44.8129997253418 -360.1649169921875 -137.082763671875 
v -10.362438201904297 -406.8949890136719 -112.97010040283203 
v -9.988850593566895 -405.46197509765625 -112.65513610839844 
v -10.073351860046387 -406.8949890136719 -113.21363067626953 
v -9.828741073608398 -405.46197509765625 -112.79151153564453 
v -9.713106155395508 -406.8949890136719 -113.34351348876953 
v -9.6286039352417 -405.46197509765625 -112.86294555664062 
v -9.335070610046387 -406.8949890136719 -113.34351348876953 
v -9.419572830200195 -405.46197509765625 -112.86294555664062 
v -8.97927188873291 -406.8949890136719 -113.21363067626953 
v -9.223883628845215 -405.46197509765625 -112.79151153564453 
v -8.690185546875 -406.8949890136719 -112.97010040283203 
v -9.063774108886719 -405.46197509765625 -112.65513610839844 
v -8.498944282531738 -406.8949890136719 -112.64214324951172 
v -8.961482048034668 -405.46197509765625 -112.47329711914062 
v -8.432231903076172 -406.8949890136719 -112.26873779296875 
v -8.921455383300781 -405.46197509765625 -112.26873779296875 
v -8.498944282531738 -406.8949890136719 -111.89532470703125 
v -8.961482048034668 -405.46197509765625 -112.06417083740234 
v -8.690185546875 -406.8949890136719 -111.56736755371094 
v -9.063774108886719 -405.46197509765625 -111.88233184814453 
v -8.97927188873291 -406.8949890136719 -111.32383728027344 
v -9.223883628845215 -405.46197509765625 -111.74595642089844 
v -9.335070610046387 -406.8949890136719 -111.19395446777344 
v -9.419572830200195 -405.46197509765625 -111.67452239990234 
v -9.713106155395508 -406.8949890136719 -111.19395446777344 
v -9.6286039352417 -405.46197509765625 -111.67452239990234 
v -10.073351860046387 -406.8949890136719 -111.32383728027344 
v -9.828741073608398 -405.46197509765625 -111.74595642089844 
v -10.362438201904297 -406.8949890136719 -111.56736755371094 
v -9.988850593566895 -405.46197509765625 -111.88233184814453 
v -10.549232482910156 -406.8949890136719 -111.89532470703125 
v -10.091142654418945 -405.46197509765625 -112.06417083740234 
v -10.615944862365723 -406.8949890136719 -112.26873779296875 
v -10.12672233581543 -405.46197509765625 -112.26873779296875 
v -10.549232482910156 -406.8949890136719 -112.64214324951172 
v -10.091142654418945 -405.46197509765625 -112.47329711914062 
v -9.526311874389648 -405.46197509765625 -112.26873779296875 
v 91.35143280029297 -316.86090087890625 -119.81165313720703 
v 90.35519409179688 -318.4083251953125 -121.66897583007812 
v 90.35519409179688 -318.4083251953125 -119.81165313720703 
v 89.83928680419922 -320.1725158691406 -121.66897583007812 
v 89.83928680419922 -320.1725158691406 -119.81165313720703 
v 89.83928680419922 -322.0149841308594 -121.66897583007812 
v 89.83928680419922 -322.0149841308594 -119.81165313720703 
v 90.35519409179688 -323.7791748046875 -121.66897583007812 
v 90.35519409179688 -323.7791748046875 -119.81165313720703 
v 91.35143280029297 -325.32659912109375 -121.66897583007812 
v 91.35143280029297 -325.32659912109375 -119.81165313720703 
v 92.74349212646484 -326.53082275390625 -121.66897583007812 
v 92.74349212646484 -326.53082275390625 -119.81165313720703 
v 94.41574096679688 -327.2955322265625 -121.66897583007812 
v 94.41574096679688 -327.2955322265625 -119.81165313720703 
v 96.23921203613281 -327.5604553222656 -121.66897583007812 
v 96.23921203613281 -327.5604553222656 -119.81165313720703 
v 98.0582275390625 -327.2955322265625 -121.66897583007812 
v 98.0582275390625 -327.2955322265625 -119.81165313720703 
v 99.73048400878906 -326.53082275390625 -121.66897583007812 
v 99.73048400878906 -326.53082275390625 -119.81165313720703 
v 101.12254333496094 -325.32659912109375 -121.66897583007812 
v 101.12254333496094 -325.32659912109375 -119.81165313720703 
v 102.1187744140625 -323.7791748046875 -121.66897583007812 
v 102.1187744140625 -323.7791748046875 -119.81165313720703 
v 102.63468933105469 -322.0149841308594 -121.66897583007812 
v 102.63468933105469 -322.0149841308594 -119.81165313720703 
v 102.63468933105469 -320.1725158691406 -121.66897583007812 
v 102.63468933105469 -320.1725158691406 -119.81165313720703 
v 102.1187744140625 -318.4083251953125 -121.66897583007812 
v 102.1187744140625 -318.4083251953125 -119.81165313720703 
v 101.12254333496094 -316.86090087890625 -121.66897583007812 
v 101.12254333496094 -316.86090087890625 -119.81165313720703 
v 99.73048400878906 -315.6566467285156 -121.66897583007812 
v 99.73048400878906 -315.6566467285156 -119.81165313720703 
v 98.0582275390625 -314.8919677734375 -121.66897583007812 
v 98.0582275390625 -314.8919677734375 -119.81165313720703 
v 96.23921203613281 -314.6270446777344 -121.66897583007812 
v 96.23921203613281 -314.6270446777344 -119.81165313720703 
v 94.41574096679688 -314.8919677734375 -121.66897583007812 
v 94.41574096679688 -314.8919677734375 -119.81165313720703 
v 92.74349212646484 -315.6566467285156 -121.66897583007812 
v 92.74349212646484 -315.6566467285156 -119.81165313720703 
v 91.35143280029297 -316.86090087890625 -121.66897583007812 
v 90.8310775756836 -318.6250915527344 -123.4548568725586 
v 90.35519409179688 -320.25079345703125 -123.4548568725586 
v 90.35519409179688 -321.93670654296875 -123.4548568725586 
v 90.8310775756836 -323.5624084472656 -123.4548568725586 
v 91.74725341796875 -324.9833984375 -123.4548568725586 
v 93.023681640625 -326.09130859375 -123.4548568725586 
v 94.56250762939453 -326.7957763671875 -123.4548568725586 
v 96.23921203613281 -327.03662109375 -123.4548568725586 
v 97.91146087646484 -326.7957763671875 -123.4548568725586 
v 99.45028686523438 -326.09130859375 -123.4548568725586 
v 100.72671508789062 -324.9833984375 -123.4548568725586 
v 101.64289855957031 -323.5624084472656 -123.4548568725586 
v 102.1187744140625 -321.93670654296875 -123.4548568725586 
v 102.1187744140625 -320.25079345703125 -123.4548568725586 
v 101.64289855957031 -318.6250915527344 -123.4548568725586 
v 100.72671508789062 -317.2041015625 -123.4548568725586 
v 99.45028686523438 -316.09619140625 -123.4548568725586 
v 97.91146087646484 -315.3917236328125 -123.4548568725586 
v 96.23921203613281 -315.15087890625 -123.4548568725586 
v 94.56250762939453 -315.3917236328125 -123.4548568725586 
v 93.023681640625 -316.09619140625 -123.4548568725586 
v 91.74725341796875 -317.2041015625 -123.4548568725586 
v 91.74725341796875 -319.04052734375 -125.01669311523438 
v 91.35143280029297 -320.3892822265625 -125.01669311523438 
v 91.35143280029297 -321.7982177734375 -125.01669311523438 
v 91.74725341796875 -323.1469421386719 -125.01669311523438 
v 92.50777435302734 -324.32708740234375 -125.01669311523438 
v 93.57072448730469 -325.2483215332031 -125.01669311523438 
v 94.8471450805664 -325.8323974609375 -125.01669311523438 
v 96.23921203613281 -326.0310974121094 -125.01669311523438 
v 97.62682342529297 -325.8323974609375 -125.01669311523438 
v 98.90769958496094 -325.2483215332031 -125.01669311523438 
v 99.96619415283203 -324.32708740234375 -125.01669311523438 
v 100.72671508789062 -323.1469421386719 -125.01669311523438 
v 101.12254333496094 -321.7982177734375 -125.01669311523438 
v 101.12254333496094 -320.3892822265625 -125.01669311523438 
v 100.72671508789062 -319.04052734375 -125.01669311523438 
v 99.96619415283203 -317.8603820800781 -125.01669311523438 
v 98.90769958496094 -316.93914794921875 -125.01669311523438 
v 97.62682342529297 -316.3551025390625 -125.01669311523438 
v 96.23921203613281 -316.1564025878906 -125.01669311523438 
v 94.8471450805664 -316.3551025390625 -125.01669311523438 
v 93.57072448730469 -316.93914794921875 -125.01669311523438 
v 92.50777435302734 -317.8603820800781 -125.01669311523438 
v 93.023681640625 -319.6246032714844 -126.23433685302734 
v 92.74349212646484 -320.593994140625 -126.23433685302734 
v 92.74349212646484 -321.593505859375 -126.23433685302734 
v 93.023681640625 -322.5628967285156 -126.23433685302734 
v 93.57072448730469 -323.4058532714844 -126.23433685302734 
v 94.32678985595703 -324.0621643066406 -126.23433685302734 
v 95.24297332763672 -324.483642578125 -126.23433685302734 
v 96.23921203613281 -324.62213134765625 -126.23433685302734 
v 97.23099517822266 -324.483642578125 -126.23433685302734 
v 98.14717864990234 -324.0621643066406 -126.23433685302734 
v 98.90769958496094 -323.4058532714844 -126.23433685302734 
v 99.45028686523438 -322.5628967285156 -126.23433685302734 
v 99.73048400878906 -321.593505859375 -126.23433685302734 
v 99.73048400878906 -320.593994140625 -126.23433685302734 
v 99.45028686523438 -319.6246032714844 -126.23433685302734 
v 98.90769958496094 -318.7816162109375 -126.23433685302734 
v 98.14717864990234 -318.1253356933594 -126.23433685302734 
v 97.23099517822266 -317.703857421875 -126.23433685302734 
v 96.23921203613281 -317.56536865234375 -126.23433685302734 
v 95.24297332763672 -317.703857421875 -126.23433685302734 
v 94.32678985595703 -318.1253356933594 -126.23433685302734 
v 93.57072448730469 -318.7816162109375 -126.23433685302734 
v 94.56250762939453 -320.3290710449219 -127.00714111328125 
v 94.41574096679688 -320.8348388671875 -127.00714111328125 
v 94.41574096679688 -321.3586730957031 -127.00714111328125 
v 94.56250762939453 -321.8584289550781 -127.00714111328125 
v 94.8471450805664 -322.2979736328125 -127.00714111328125 
v 95.24297332763672 -322.64117431640625 -127.00714111328125 
v 95.71885681152344 -322.8579406738281 -127.00714111328125 
v 96.23921203613281 -322.93621826171875 -127.00714111328125 
v 96.75511932373047 -322.8579406738281 -127.00714111328125 
v 97.23099517822266 -322.64117431640625 -127.00714111328125 
v 97.62682342529297 -322.2979736328125 -127.00714111328125 
v 97.91146087646484 -321.8584289550781 -127.00714111328125 
v 98.0582275390625 -321.3586730957031 -127.00714111328125 
v 98.0582275390625 -320.8348388671875 -127.00714111328125 
v 97.91146087646484 -320.3290710449219 -127.00714111328125 
v 97.62682342529297 -319.8895263671875 -127.00714111328125 
v 97.23099517822266 -319.54632568359375 -127.00714111328125 
v 96.75511932373047 -319.3295593261719 -127.00714111328125 
v 96.23921203613281 -319.25128173828125 -127.00714111328125 
v 95.71885681152344 -319.3295593261719 -127.00714111328125 
v 95.24297332763672 -319.54632568359375 -127.00714111328125 
v 94.8471450805664 -319.8895263671875 -127.00714111328125 
v 96.23921203613281 -321.09375 -127.27014923095703 
v -10.615944862365723 -406.8949890136719 -112.26873779296875 
v -16.89578628540039 -406.8949890136719 -112.26873779296875 
v -10.549232482910156 -406.8949890136719 -111.89532470703125 
v -16.451038360595703 -406.8949890136719 -109.74901580810547 
v -10.362438201904297 -406.8949890136719 -111.56736755371094 
v -15.174612045288086 -406.8949890136719 -107.5312728881836 
v -10.073351860046387 -406.8949890136719 -111.32383728027344 
v -13.213273048400879 -406.8949890136719 -105.88501739501953 
v -9.713106155395508 -406.8949890136719 -111.19395446777344 
v -10.807186126708984 -406.8949890136719 -105.00830841064453 
v -9.335070610046387 -406.8949890136719 -111.19395446777344 
v -8.245437622070312 -406.8949890136719 -105.00830841064453 
v -8.97927188873291 -406.8949890136719 -111.32383728027344 
v -5.839351177215576 -406.8949890136719 -105.88501739501953 
v -8.690185546875 -406.8949890136719 -111.56736755371094 
v -3.8780126571655273 -406.8949890136719 -107.5312728881836 
v -8.498944282531738 -406.8949890136719 -111.89532470703125 
v -2.5971384048461914 -406.8949890136719 -109.74901580810547 
v -8.432231903076172 -406.8949890136719 -112.26873779296875 
v -2.152390480041504 -406.8949890136719 -112.26873779296875 
v -8.498944282531738 -406.8949890136719 -112.64214324951172 
v -2.5971384048461914 -406.8949890136719 -114.79170227050781 
v -8.690185546875 -406.8949890136719 -112.97010040283203 
v -3.8780126571655273 -406.8949890136719 -117.00619506835938 
v -8.97927188873291 -406.8949890136719 -113.21363067626953 
v -5.839351177215576 -406.8949890136719 -118.65245819091797 
v -9.335070610046387 -406.8949890136719 -113.34351348876953 
v -8.245437622070312 -406.8949890136719 -119.52915954589844 
v -9.713106155395508 -406.8949890136719 -113.34351348876953 
v -10.807186126708984 -406.8949890136719 -119.52915954589844 
v -10.073351860046387 -406.8949890136719 -113.21363067626953 
v -13.213273048400879 -406.8949890136719 -118.65245819091797 
v -10.362438201904297 -406.8949890136719 -112.97010040283203 
v -15.174612045288086 -406.8949890136719 -117.00619506835938 
v -10.549232482910156 -406.8949890136719 -112.64214324951172 
v -16.451038360595703 -406.8949890136719 -114.79170227050781 
v 52.75619888305664 -360.08062744140625 -140.67401123046875 
v 56.82119369506836 -359.7976379394531 -140.56036376953125 
v 56.82119369506836 -360.08062744140625 -140.67401123046875 
v 56.82119369506836 -361.4173278808594 -136.50804138183594 
v 56.82119369506836 -361.7003173828125 -136.62168884277344 
v 52.75619888305664 -361.4173278808594 -136.50804138183594 
v 52.75619888305664 -361.7003173828125 -136.62168884277344 
v 52.75619888305664 -359.7976379394531 -140.56036376953125 
v 52.8807258605957 -359.5748596191406 -140.3428192138672 
v 56.70111083984375 -359.5748596191406 -140.3428192138672 
v 56.70111083984375 -361.1042175292969 -136.5145263671875 
v 52.8807258605957 -361.1042175292969 -136.5145263671875 
v 53.75688171386719 -360.1649169921875 -137.082763671875 
v 53.75688171386719 -359.28582763671875 -139.28102111816406 
v 55.82495880126953 -359.28582763671875 -139.28102111816406 
v 55.82495880126953 -360.1649169921875 -137.082763671875 
v -27.245073318481445 -406.9853210449219 -122.50347137451172 
v -27.298442840576172 -406.8106994628906 -122.5489273071289 
v -27.36960220336914 -406.9853210449219 -122.39631652832031 
v -27.405181884765625 -406.8106994628906 -122.4580078125 
v -27.525264739990234 -406.9853210449219 -122.34111785888672 
v -27.538606643676758 -406.8106994628906 -122.4093017578125 
v -27.689821243286133 -406.9853210449219 -122.34111785888672 
v -27.676477432250977 -406.8106994628906 -122.4093017578125 
v -27.845481872558594 -406.9853210449219 -122.39631652832031 
v -27.80990219116211 -406.8106994628906 -122.4580078125 
v -27.974458694458008 -406.9853210449219 -122.50347137451172 
v -27.916641235351562 -406.8106994628906 -122.5489273071289 
v -28.054513931274414 -406.9853210449219 -122.6463394165039 
v -27.987802505493164 -406.8106994628906 -122.67231750488281 
v -28.08564567565918 -406.9853210449219 -122.8086929321289 
v -28.01448631286621 -406.8106994628906 -122.8086929321289 
v -28.054513931274414 -406.9853210449219 -122.97428894042969 
v -27.987802505493164 -406.8106994628906 -122.94831848144531 
v -27.974458694458008 -406.9853210449219 -123.1171646118164 
v -27.916641235351562 -406.8106994628906 -123.07170104980469 
v -27.845481872558594 -406.9853210449219 -123.2210693359375 
v -27.80990219116211 -406.8106994628906 -123.15937042236328 
v -27.689821243286133 -406.9853210449219 -123.2795181274414 
v -27.676477432250977 -406.8106994628906 -123.20807647705078 
v -27.525264739990234 -406.9853210449219 -123.2795181274414 
v -27.538606643676758 -406.8106994628906 -123.20807647705078 
v -27.36960220336914 -406.9853210449219 -123.2210693359375 
v -27.405181884765625 -406.8106994628906 -123.15937042236328 
v -27.245073318481445 -406.9853210449219 -123.1171646118164 
v -27.298442840576172 -406.8106994628906 -123.07170104980469 
v -27.16057014465332 -406.9853210449219 -122.97428894042969 
v -27.227283477783203 -406.8106994628906 -122.94831848144531 
v -27.129438400268555 -406.9853210449219 -122.8086929321289 
v -27.200597763061523 -406.8106994628906 -122.8086929321289 
v -27.16057014465332 -406.9853210449219 -122.6463394165039 
v -27.227283477783203 -406.8106994628906 -122.67231750488281 
v -27.311784744262695 -406.8468322753906 -122.7015380859375 
v -27.365154266357422 -406.8468322753906 -122.60737609863281 
v -27.449657440185547 -406.8468322753906 -122.53594207763672 
v -27.55194854736328 -406.8468322753906 -122.4969711303711 
v -27.663135528564453 -406.8468322753906 -122.4969711303711 
v -27.76542854309082 -406.8468322753906 -122.53594207763672 
v -27.849929809570312 -406.8468322753906 -122.60737609863281 
v -27.90329933166504 -406.8468322753906 -122.7015380859375 
v -27.925537109375 -406.8468322753906 -122.8086929321289 
v -27.90329933166504 -406.8468322753906 -122.9190902709961 
v -27.849929809570312 -406.8468322753906 -123.01325988769531 
v -27.76542854309082 -406.8468322753906 -123.0846939086914 
v -27.663135528564453 -406.8468322753906 -123.12040710449219 
v -27.55194854736328 -406.8468322753906 -123.12040710449219 
v -27.449657440185547 -406.8468322753906 -123.0846939086914 
v -27.365154266357422 -406.8468322753906 -123.01325988769531 
v -27.311784744262695 -406.8468322753906 -122.9190902709961 
v -27.293994903564453 -406.8468322753906 -122.8086929321289 
v -27.365154266357422 -406.6722106933594 -122.8086929321289 
v -27.378496170043945 -406.6722106933594 -122.7275161743164 
v -27.41852378845215 -406.6722106933594 -122.65283203125 
v -27.48523712158203 -406.6722106933594 -122.5976333618164 
v -27.565290451049805 -406.6722106933594 -122.56841278076172 
v -27.64979362487793 -406.6722106933594 -122.56841278076172 
v -27.729846954345703 -406.6722106933594 -122.5976333618164 
v -27.796560287475586 -406.6722106933594 -122.65283203125 
v -27.83658790588379 -406.6722106933594 -122.7275161743164 
v -27.85437774658203 -406.6722106933594 -122.8086929321289 
v -27.83658790588379 -406.6722106933594 -122.89311218261719 
v -27.796560287475586 -406.6722106933594 -122.9677963256836 
v -27.729846954345703 -406.6722106933594 -123.02299499511719 
v -27.64979362487793 -406.6722106933594 -123.0522232055664 
v -27.565290451049805 -406.6722106933594 -123.0522232055664 
v -27.48523712158203 -406.6722106933594 -123.02299499511719 
v -27.41852378845215 -406.6722106933594 -122.9677963256836 
v -27.378496170043945 -406.6722106933594 -122.89311218261719 
v -27.293994903564453 -406.6360778808594 -122.92558288574219 
v -27.271757125854492 -406.6360778808594 -122.8086929321289 
v -27.293994903564453 -406.6360778808594 -122.6950454711914 
v -27.3518123626709 -406.6360778808594 -122.5943832397461 
v -27.44076156616211 -406.6360778808594 -122.51970672607422 
v -27.55194854736328 -406.6360778808594 -122.4807357788086 
v -27.667583465576172 -406.6360778808594 -122.4807357788086 
v -27.774322509765625 -406.6360778808594 -122.51970672607422 
v -27.863271713256836 -406.6360778808594 -122.5943832397461 
v -27.92108917236328 -406.6360778808594 -122.6950454711914 
v -27.943326950073242 -406.6360778808594 -122.8086929321289 
v -27.92108917236328 -406.6360778808594 -122.92558288574219 
v -27.863271713256836 -406.6360778808594 -123.0262451171875 
v -27.774322509765625 -406.6360778808594 -123.0976791381836 
v -27.667583465576172 -406.6360778808594 -123.139892578125 
v -27.55194854736328 -406.6360778808594 -123.139892578125 
v -27.44076156616211 -406.6360778808594 -123.0976791381836 
v -27.3518123626709 -406.6360778808594 -123.0262451171875 
v -27.405181884765625 -406.4614562988281 -122.9775390625 
v -27.360706329345703 -406.4614562988281 -122.89961242675781 
v -27.34291648864746 -406.4614562988281 -122.8086929321289 
v -27.360706329345703 -406.4614562988281 -122.72102355957031 
v -27.405181884765625 -406.4614562988281 -122.63984680175781 
v -27.476341247558594 -406.4614562988281 -122.5813980102539 
v -27.56084442138672 -406.4614562988281 -122.55217742919922 
v -27.65424156188965 -406.4614562988281 -122.55217742919922 
v -27.73874282836914 -406.4614562988281 -122.5813980102539 
v -27.80990219116211 -406.4614562988281 -122.63984680175781 
v -27.85437774658203 -406.4614562988281 -122.72102355957031 
v -27.872167587280273 -406.4614562988281 -122.8086929321289 
v -27.85437774658203 -406.4614562988281 -122.89961242675781 
v -27.80990219116211 -406.4614562988281 -122.9775390625 
v -27.73874282836914 -406.4614562988281 -123.0359878540039 
v -27.65424156188965 -406.4614562988281 -123.0684585571289 
v -27.56084442138672 -406.4614562988281 -123.0684585571289 
v -27.476341247558594 -406.4614562988281 -123.0359878540039 
v -27.609766006469727 -406.4614562988281 -122.8086929321289 
v 105.93026733398438 -245.9619598388672 -113.6292495727539 
v 105.93026733398438 -245.9619598388672 -112.72657012939453 
v 108.75886535644531 -245.9619598388672 -113.6292495727539 
v 108.75886535644531 -245.9619598388672 -112.72657012939453 
v 108.71884155273438 -251.7422637939453 -113.62600708007812 
v 108.71884155273438 -251.7422637939453 -112.72332000732422 
v 105.89024353027344 -251.7422637939453 -113.62600708007812 
v 105.89024353027344 -251.7422637939453 -112.72657012939453 
v 64.58649444580078 -358.15386962890625 -145.4958953857422 
v 62.88755798339844 -357.997314453125 -145.4342041015625 
v 62.88755798339844 -358.15386962890625 -145.4958953857422 
v 62.88755798339844 -357.5216369628906 -146.4765167236328 
v 62.88755798339844 -357.84075927734375 -146.28494262695312 
v 62.87421417236328 -358.0575256347656 -146.684326171875 
v 62.87421417236328 -358.37664794921875 -146.49923706054688 
v 62.87421417236328 -357.56982421875 -148.05133056640625 
v 62.87421417236328 -357.7263488769531 -148.113037109375 
v 64.59983825683594 -357.56982421875 -148.05133056640625 
v 64.59983825683594 -357.7263488769531 -148.113037109375 
v 64.59983825683594 -358.0575256347656 -146.684326171875 
v 64.59983825683594 -358.37664794921875 -146.49923706054688 
v 64.5909423828125 -357.5216369628906 -146.4765167236328 
v 64.5909423828125 -357.84075927734375 -146.28494262695312 
v 64.58649444580078 -357.997314453125 -145.4342041015625 
v 64.4352798461914 -357.7986145019531 -145.52188110351562 
v 63.03877258300781 -357.7986145019531 -145.52188110351562 
v 63.03877258300781 -357.3891906738281 -146.554443359375 
v 63.025428771972656 -357.925048828125 -146.7622528076172 
v 63.025428771972656 -357.4855041503906 -147.8500213623047 
v 64.44862365722656 -357.4855041503906 -147.8500213623047 
v 64.44862365722656 -357.925048828125 -146.7622528076172 
v 64.4352798461914 -357.3891906738281 -146.554443359375 
v -27.16057014465332 -406.9853210449219 -122.97428894042969 
v -24.581031799316406 -406.9853210449219 -123.9094467163086 
v -27.245073318481445 -406.9853210449219 -123.1171646118164 
v -25.141414642333984 -406.9853210449219 -124.88031768798828 
v -27.36960220336914 -406.9853210449219 -123.2210693359375 
v -25.999778747558594 -406.9853210449219 -125.59791564941406 
v -27.525264739990234 -406.9853210449219 -123.2795181274414 
v -27.04938316345215 -406.9853210449219 -125.98107147216797 
v -27.689821243286133 -406.9853210449219 -123.2795181274414 
v -28.165700912475586 -406.9853210449219 -125.98107147216797 
v -27.845481872558594 -406.9853210449219 -123.2210693359375 
v -29.21975326538086 -406.9853210449219 -125.59791564941406 
v -27.974458694458008 -406.9853210449219 -123.1171646118164 
v -30.07366943359375 -406.9853210449219 -124.88031768798828 
v -28.054513931274414 -406.9853210449219 -122.97428894042969 
v -30.634052276611328 -406.9853210449219 -123.9094467163086 
v -28.08564567565918 -406.9853210449219 -122.8086929321289 
v -30.825294494628906 -406.9853210449219 -122.8086929321289 
v -28.054513931274414 -406.9853210449219 -122.6463394165039 
v -30.634052276611328 -406.9853210449219 -121.70793914794922 
v -27.974458694458008 -406.9853210449219 -122.50347137451172 
v -30.07366943359375 -406.9853210449219 -120.74031066894531 
v -27.845481872558594 -406.9853210449219 -122.39631652832031 
v -29.21975326538086 -406.9853210449219 -120.02271270751953 
v -27.689821243286133 -406.9853210449219 -122.34111785888672 
v -28.165700912475586 -406.9853210449219 -119.63956451416016 
v -27.525264739990234 -406.9853210449219 -122.34111785888672 
v -27.04938316345215 -406.9853210449219 -119.63956451416016 
v -27.36960220336914 -406.9853210449219 -122.39631652832031 
v -25.999778747558594 -406.9853210449219 -120.02271270751953 
v -27.245073318481445 -406.9853210449219 -122.50347137451172 
v -25.141414642333984 -406.9853210449219 -120.74031066894531 
v -27.16057014465332 -406.9853210449219 -122.6463394165039 
v -24.581031799316406 -406.9853210449219 -121.70793914794922 
v -27.129438400268555 -406.9853210449219 -122.8086929321289 
v -24.389789581298828 -406.9853210449219 -122.8086929321289 
v 94.0510482788086 -385.6463928222656 -120.61367797851562 
v 101.07807159423828 -384.3337707519531 -122.8898696899414 
v 90.6264877319336 -383.76177978515625 -123.8769760131836 
v 101.07807159423828 -383.18975830078125 -124.86732482910156 
v 94.0510482788086 -381.8771667480469 -127.14026641845703 
v 84.97373962402344 -381.8771667480469 -127.14026641845703 
v 82.12735748291016 -383.3041687011719 -124.67575073242188 
v 82.12735748291016 -384.2193908691406 -123.0814437866211 
v 84.97373962402344 -385.6463928222656 -120.61367797851562 
v 6.106579780578613 -406.7685546875 -91.9908447265625 
v 66.9881362915039 -406.7685546875 -91.9908447265625 
v 36.54513168334961 -406.6902770996094 -103.80364990234375 
v 66.9881362915039 -406.6180114746094 -115.61320495605469 
v 6.106579780578613 -406.6180114746094 -115.61320495605469 
v 103.564208984375 -384.3518371582031 -121.66572570800781 
v 102.2210693359375 -383.7677917480469 -121.65274047851562 
v 94.92720031738281 -386.0558166503906 -118.71414947509766 
v 94.26007843017578 -385.2550048828125 -119.07456970214844 
v 83.75068664550781 -386.0558166503906 -118.71414947509766 
v 84.50231170654297 -385.2550048828125 -119.07456970214844 
v 79.72571563720703 -384.0447692871094 -122.1982421875 
v 80.9843521118164 -383.50286865234375 -122.1170654296875 
v 79.72571563720703 -382.44915771484375 -124.96149444580078 
v 80.9843521118164 -382.10595703125 -124.52963256835938 
v 83.75068664550781 -380.4381103515625 -128.44558715820312 
v 84.50231170654297 -380.3477783203125 -127.57537841796875 
v 94.92720031738281 -380.4381103515625 -128.44558715820312 
v 94.26007843017578 -380.3477783203125 -127.57537841796875 
v 103.564208984375 -382.14208984375 -125.49401092529297 
v 102.2210693359375 -381.83502197265625 -124.99720764160156 
v 101.07807159423828 -382.2323913574219 -124.31208038330078 
v 101.07807159423828 -383.3764343261719 -122.3378677368164 
v 94.0510482788086 -384.68902587890625 -120.06167602539062 
v 84.97373962402344 -384.68902587890625 -120.06167602539062 
v 82.12735748291016 -383.26202392578125 -122.52619934082031 
v 82.12735748291016 -382.3407897949219 -124.1205062866211 
v 84.97373962402344 -380.9197998046875 -126.58827209472656 
v 94.0510482788086 -380.9197998046875 -126.58827209472656 
v 94.0510482788086 -381.8771667480469 -127.14026641845703 
v 101.07807159423828 -383.18975830078125 -124.86732482910156 
v 101.07807159423828 -384.3337707519531 -122.8898696899414 
v 94.0510482788086 -385.6463928222656 -120.61367797851562 
v 84.97373962402344 -385.6463928222656 -120.61367797851562 
v 82.12735748291016 -384.2193908691406 -123.0814437866211 
v 82.12735748291016 -383.3041687011719 -124.67575073242188 
v 84.97373962402344 -381.8771667480469 -127.14026641845703 
v 78.31141662597656 -384.3337707519531 -121.69170379638672 
v 78.31141662597656 -382.15411376953125 -125.46803283691406 
v 102.17659759521484 -258.99774169921875 -113.6292495727539 
v 102.17659759521484 -258.99774169921875 -112.72657012939453 
v 105.00519561767578 -258.99774169921875 -113.6292495727539 
v 105.00519561767578 -258.99774169921875 -112.72657012939453 
v 104.96516418457031 -264.7840576171875 -113.62600708007812 
v 104.96516418457031 -264.7840576171875 -112.72332000732422 
v 102.1410140991211 -264.7840576171875 -113.62600708007812 
v 102.1410140991211 -264.7840576171875 -112.72657012939453 
v 95.66548156738281 -312.86285400390625 -120.22727966308594 
v 95.66548156738281 -312.86285400390625 -118.63946533203125 
v 98.17386627197266 -313.2783203125 -120.22727966308594 
v 98.17386627197266 -313.2783203125 -118.63946533203125 
v 100.44207763671875 -314.49456787109375 -120.22727966308594 
v 100.44207763671875 -314.49456787109375 -118.63946533203125 
v 102.23886108398438 -316.3912353515625 -120.22727966308594 
v 102.23886108398438 -316.3912353515625 -118.63946533203125 
v 103.39520263671875 -318.76959228515625 -120.22727966308594 
v 103.39520263671875 -318.76959228515625 -118.63946533203125 
v 103.79103088378906 -321.4128723144531 -120.22727966308594 
v 103.79103088378906 -321.4128723144531 -118.63946533203125 
v 103.39520263671875 -324.05615234375 -120.22727966308594 
v 103.39520263671875 -324.05615234375 -118.63946533203125 
v 102.23886108398438 -326.4405212402344 -120.22727966308594 
v 102.23886108398438 -326.4405212402344 -118.63946533203125 
v 100.44207763671875 -328.3371887207031 -120.22727966308594 
v 100.44207763671875 -328.3371887207031 -118.63946533203125 
v 98.17386627197266 -329.54742431640625 -120.22727966308594 
v 98.17386627197266 -329.54742431640625 -118.63946533203125 
v 95.66548156738281 -329.9689025878906 -120.22727966308594 
v 95.66548156738281 -329.9689025878906 -118.63946533203125 
v 93.15265655517578 -329.54742431640625 -120.22727966308594 
v 93.15265655517578 -329.54742431640625 -118.63946533203125 
v 90.8888931274414 -328.3371887207031 -120.22727966308594 
v 90.8888931274414 -328.3371887207031 -118.63946533203125 
v 89.08766174316406 -326.4405212402344 -120.22727966308594 
v 89.08766174316406 -326.4405212402344 -118.63946533203125 
v 87.9357681274414 -324.05615234375 -120.22727966308594 
v 87.9357681274414 -324.05615234375 -118.63946533203125 
v 87.53549194335938 -321.4128723144531 -120.22727966308594 
v 87.53549194335938 -321.4128723144531 -118.63946533203125 
v 87.9357681274414 -318.76959228515625 -120.22727966308594 
v 87.9357681274414 -318.76959228515625 -118.63946533203125 
v 89.08766174316406 -316.3852233886719 -120.22727966308594 
v 89.08766174316406 -316.3912353515625 -118.63946533203125 
v 90.8888931274414 -314.49456787109375 -120.22727966308594 
v 90.8888931274414 -314.49456787109375 -118.63946533203125 
v 93.15265655517578 -313.2783203125 -120.22727966308594 
v 93.15265655517578 -313.2783203125 -118.63946533203125 
v 95.66548156738281 -313.32647705078125 -118.19786834716797 
v 98.04043579101562 -313.723876953125 -118.19786834716797 
v 100.17967987060547 -314.8739013671875 -118.19786834716797 
v 101.88306427001953 -316.6622009277344 -118.19786834716797 
v 102.97269439697266 -318.9140930175781 -118.19786834716797 
v 103.3507308959961 -321.4128723144531 -118.19786834716797 
v 102.97269439697266 -323.91766357421875 -118.19786834716797 
v 101.88306427001953 -326.1695556640625 -118.19786834716797 
v 100.17967987060547 -327.9578552246094 -118.19786834716797 
v 98.04043579101562 -329.1078796386719 -118.19786834716797 
v 95.66548156738281 -329.5052795410156 -118.19786834716797 
v 93.29052734375 -329.1078796386719 -118.19786834716797 
v 91.14684295654297 -327.9578552246094 -118.19786834716797 
v 89.44790649414062 -326.1695556640625 -118.19786834716797 
v 88.35382843017578 -323.91766357421875 -118.19786834716797 
v 87.98023986816406 -321.4128723144531 -118.19786834716797 
v 88.35382843017578 -318.9140930175781 -118.19786834716797 
v 89.44790649414062 -316.6622009277344 -118.19786834716797 
v 91.14684295654297 -314.8739013671875 -118.19786834716797 
v 93.29052734375 -313.723876953125 -118.19786834716797 
v 93.53958892822266 -314.53070068359375 -118.19786834716797 
v 95.66548156738281 -314.1814880371094 -118.19786834716797 
v 97.7913818359375 -314.53070068359375 -118.19786834716797 
v 99.70824432373047 -315.5603332519531 -118.19786834716797 
v 101.22927856445312 -317.1619567871094 -118.19786834716797 
v 102.20327758789062 -319.17901611328125 -118.19786834716797 
v 102.54129028320312 -321.4128723144531 -118.19786834716797 
v 102.20327758789062 -323.6527404785156 -118.19786834716797 
v 101.22927856445312 -325.6697998046875 -118.19786834716797 
v 99.70824432373047 -327.27142333984375 -118.19786834716797 
v 97.7913818359375 -328.2950439453125 -118.19786834716797 
v 95.66548156738281 -328.6502685546875 -118.19786834716797 
v 93.53958892822266 -328.2950439453125 -118.19786834716797 
v 91.62272644042969 -327.27142333984375 -118.19786834716797 
v 90.1016845703125 -325.6697998046875 -118.19786834716797 
v 89.12324523925781 -323.6527404785156 -118.19786834716797 
v 88.78968048095703 -321.4128723144531 -118.19786834716797 
v 89.12324523925781 -319.17901611328125 -118.19786834716797 
v 90.1016845703125 -317.1619567871094 -118.19786834716797 
v 91.62272644042969 -315.5603332519531 -118.19786834716797 
v 93.67745971679688 -314.97625732421875 -118.63946533203125 
v 95.66548156738281 -314.6451110839844 -118.63946533203125 
v 97.65351104736328 -314.97625732421875 -118.63946533203125 
v 99.44583892822266 -315.9396667480469 -118.63946533203125 
v 100.86903381347656 -317.4328918457031 -118.63946533203125 
v 101.78521728515625 -319.32354736328125 -118.63946533203125 
v 102.10099029541016 -321.4128723144531 -118.63946533203125 
v 101.78521728515625 -323.50823974609375 -118.63946533203125 
v 100.86903381347656 -325.3928527832031 -118.63946533203125 
v 99.44583892822266 -326.8921203613281 -118.63946533203125 
v 97.65351104736328 -327.8554992675781 -118.63946533203125 
v 95.66548156738281 -328.1866455078125 -118.63946533203125 
v 93.67745971679688 -327.8554992675781 -118.63946533203125 
v 91.88067626953125 -326.8921203613281 -118.63946533203125 
v 90.45748901367188 -325.3928527832031 -118.63946533203125 
v 89.5457534790039 -323.50823974609375 -118.63946533203125 
v 89.22998046875 -321.4128723144531 -118.63946533203125 
v 89.5457534790039 -319.32354736328125 -118.63946533203125 
v 90.45748901367188 -317.4328918457031 -118.63946533203125 
v 91.88067626953125 -315.9396667480469 -118.63946533203125 
v 91.88067626953125 -315.9396667480469 -119.24991607666016 
v 93.67745971679688 -314.97625732421875 -119.24991607666016 
v 95.66548156738281 -314.6451110839844 -119.24991607666016 
v 97.65351104736328 -314.97625732421875 -119.24991607666016 
v 99.44583892822266 -315.9396667480469 -119.24991607666016 
v 100.86903381347656 -317.4328918457031 -119.24991607666016 
v 101.78521728515625 -319.32354736328125 -119.24991607666016 
v 102.10099029541016 -321.4128723144531 -119.24991607666016 
v 101.78521728515625 -323.50823974609375 -119.24991607666016 
v 100.86903381347656 -325.3928527832031 -119.24991607666016 
v 99.44583892822266 -326.8921203613281 -119.24991607666016 
v 97.65351104736328 -327.8554992675781 -119.24991607666016 
v 95.66548156738281 -328.1866455078125 -119.24991607666016 
v 93.67745971679688 -327.8554992675781 -119.24991607666016 
v 91.88067626953125 -326.8921203613281 -119.24991607666016 
v 90.45748901367188 -325.3928527832031 -119.24991607666016 
v 89.5457534790039 -323.50823974609375 -119.24991607666016 
v 89.22998046875 -321.4128723144531 -119.24991607666016 
v 89.5457534790039 -319.32354736328125 -119.24991607666016 
v 90.45748901367188 -317.4328918457031 -119.24991607666016 
v 95.66548156738281 -321.4128723144531 -119.24991607666016 
v 9.76685619354248 -357.84075927734375 -146.28494262695312 
v 9.76685619354248 -357.5216369628906 -146.4765167236328 
v 9.76685619354248 -358.15386962890625 -145.4958953857422 
v 9.76685619354248 -357.997314453125 -145.4342041015625 
v 8.063470840454102 -358.15386962890625 -145.4958953857422 
v 8.063470840454102 -357.997314453125 -145.4342041015625 
v 8.063470840454102 -357.84075927734375 -146.28494262695312 
v 8.063470840454102 -357.5216369628906 -146.4765167236328 
v 8.050128936767578 -358.37664794921875 -146.49923706054688 
v 8.050128936767578 -358.0575256347656 -146.684326171875 
v 8.050128936767578 -357.7263488769531 -148.113037109375 
v 8.050128936767578 -357.56982421875 -148.05133056640625 
v 9.780198097229004 -357.7263488769531 -148.113037109375 
v 9.780198097229004 -357.56982421875 -148.05133056640625 
v 9.780198097229004 -358.37664794921875 -146.49923706054688 
v 9.780198097229004 -358.0575256347656 -146.684326171875 
v 9.615641593933105 -357.3891906738281 -146.554443359375 
v 9.615641593933105 -357.7986145019531 -145.52188110351562 
v 8.214685440063477 -357.7986145019531 -145.52188110351562 
v 8.214685440063477 -357.3891906738281 -146.554443359375 
v 8.205790519714355 -357.925048828125 -146.7622528076172 
v 8.205790519714355 -357.4855041503906 -147.8500213623047 
v 9.624536514282227 -357.4855041503906 -147.8500213623047 
v 9.624536514282227 -357.925048828125 -146.7622528076172 
v -10.362438201904297 -383.514892578125 -133.31942749023438 
v -9.512969970703125 -381.4436340332031 -132.14723205566406 
v -19.62209129333496 -383.514892578125 -133.31942749023438 
v -20.471561431884766 -381.4436340332031 -132.14723205566406 
v -19.62209129333496 -388.4221496582031 -128.4098663330078 
v -20.471561431884766 -387.2540283203125 -126.33499908447266 
v -10.362438201904297 -388.4221496582031 -128.4098663330078 
v -9.512969970703125 -387.2540283203125 -126.33499908447266 
v -8.556761741638184 -387.8621826171875 -125.72779846191406 
v -8.556761741638184 -380.8294677734375 -132.7576904296875 
v -21.42776870727539 -380.8294677734375 -132.7576904296875 
v -21.42776870727539 -387.8621826171875 -125.72779846191406 
v 94.41574096679688 -314.8919677734375 -119.81165313720703 
v 96.23921203613281 -315.15087890625 -118.02577209472656 
v 96.23921203613281 -314.6270446777344 -119.81165313720703 
v 97.91146087646484 -315.3917236328125 -118.02577209472656 
v 98.0582275390625 -314.8919677734375 -119.81165313720703 
v 99.45028686523438 -316.09619140625 -118.02577209472656 
v 99.73048400878906 -315.6566467285156 -119.81165313720703 
v 100.72671508789062 -317.2041015625 -118.02577209472656 
v 101.12254333496094 -316.86090087890625 -119.81165313720703 
v 101.64289855957031 -318.6250915527344 -118.02577209472656 
v 102.1187744140625 -318.4083251953125 -119.81165313720703 
v 102.1187744140625 -320.25079345703125 -118.02577209472656 
v 102.63468933105469 -320.1725158691406 -119.81165313720703 
v 102.1187744140625 -321.93670654296875 -118.02577209472656 
v 102.63468933105469 -322.0149841308594 -119.81165313720703 
v 101.64289855957031 -323.5624084472656 -118.02577209472656 
v 102.1187744140625 -323.7791748046875 -119.81165313720703 
v 100.72671508789062 -324.9833984375 -118.02577209472656 
v 101.12254333496094 -325.32659912109375 -119.81165313720703 
v 99.45028686523438 -326.09130859375 -118.02577209472656 
v 99.73048400878906 -326.53082275390625 -119.81165313720703 
v 97.91146087646484 -326.7957763671875 -118.02577209472656 
v 98.0582275390625 -327.2955322265625 -119.81165313720703 
v 96.23921203613281 -327.03662109375 -118.02577209472656 
v 96.23921203613281 -327.5604553222656 -119.81165313720703 
v 94.56250762939453 -326.7957763671875 -118.02577209472656 
v 94.41574096679688 -327.2955322265625 -119.81165313720703 
v 93.023681640625 -326.09130859375 -118.02577209472656 
v 92.74349212646484 -326.53082275390625 -119.81165313720703 
v 91.74725341796875 -324.9833984375 -118.02577209472656 
v 91.35143280029297 -325.32659912109375 -119.81165313720703 
v 90.8310775756836 -323.5624084472656 -118.02577209472656 
v 90.35519409179688 -323.7791748046875 -119.81165313720703 
v 90.35519409179688 -321.93670654296875 -118.02577209472656 
v 89.83928680419922 -322.0149841308594 -119.81165313720703 
v 90.35519409179688 -320.25079345703125 -118.02577209472656 
v 89.83928680419922 -320.1725158691406 -119.81165313720703 
v 90.8310775756836 -318.6250915527344 -118.02577209472656 
v 90.35519409179688 -318.4083251953125 -119.81165313720703 
v 91.74725341796875 -317.2041015625 -118.02577209472656 
v 91.35143280029297 -316.86090087890625 -119.81165313720703 
v 93.023681640625 -316.09619140625 -118.02577209472656 
v 92.74349212646484 -315.6566467285156 -119.81165313720703 
v 94.56250762939453 -315.3917236328125 -118.02577209472656 
v 96.23921203613281 -316.1564025878906 -116.46393585205078 
v 97.62682342529297 -316.3551025390625 -116.46393585205078 
v 98.90769958496094 -316.93914794921875 -116.46393585205078 
v 99.96619415283203 -317.8603820800781 -116.46393585205078 
v 100.72671508789062 -319.04052734375 -116.46393585205078 
v 101.12254333496094 -320.3892822265625 -116.46393585205078 
v 101.12254333496094 -321.7982177734375 -116.46393585205078 
v 100.72671508789062 -323.1469421386719 -116.46393585205078 
v 99.96619415283203 -324.32708740234375 -116.46393585205078 
v 98.90769958496094 -325.2483215332031 -116.46393585205078 
v 97.62682342529297 -325.8323974609375 -116.46393585205078 
v 96.23921203613281 -326.0310974121094 -116.46393585205078 
v 94.8471450805664 -325.8323974609375 -116.46393585205078 
v 93.57072448730469 -325.2483215332031 -116.46393585205078 
v 92.50777435302734 -324.32708740234375 -116.46393585205078 
v 91.74725341796875 -323.1469421386719 -116.46393585205078 
v 91.35143280029297 -321.7982177734375 -116.46393585205078 
v 91.35143280029297 -320.3892822265625 -116.46393585205078 
v 91.74725341796875 -319.04052734375 -116.46393585205078 
v 92.50777435302734 -317.8603820800781 -116.46393585205078 
v 93.57072448730469 -316.93914794921875 -116.46393585205078 
v 94.8471450805664 -316.3551025390625 -116.46393585205078 
v 96.23921203613281 -317.56536865234375 -115.24629211425781 
v 97.23099517822266 -317.703857421875 -115.24629211425781 
v 98.14717864990234 -318.1253356933594 -115.24629211425781 
v 98.90769958496094 -318.7816162109375 -115.24629211425781 
v 99.45028686523438 -319.6246032714844 -115.24629211425781 
v 99.73048400878906 -320.593994140625 -115.24629211425781 
v 99.73048400878906 -321.593505859375 -115.24629211425781 
v 99.45028686523438 -322.5628967285156 -115.24629211425781 
v 98.90769958496094 -323.4058532714844 -115.24629211425781 
v 98.14717864990234 -324.0621643066406 -115.24629211425781 
v 97.23099517822266 -324.483642578125 -115.24629211425781 
v 96.23921203613281 -324.62213134765625 -115.24629211425781 
v 95.24297332763672 -324.483642578125 -115.24629211425781 
v 94.32678985595703 -324.0621643066406 -115.24629211425781 
v 93.57072448730469 -323.4058532714844 -115.24629211425781 
v 93.023681640625 -322.5628967285156 -115.24629211425781 
v 92.74349212646484 -321.593505859375 -115.24629211425781 
v 92.74349212646484 -320.593994140625 -115.24629211425781 
v 93.023681640625 -319.6246032714844 -115.24629211425781 
v 93.57072448730469 -318.7816162109375 -115.24629211425781 
v 94.32678985595703 -318.1253356933594 -115.24629211425781 
v 95.24297332763672 -317.703857421875 -115.24629211425781 
v 96.23921203613281 -319.25128173828125 -114.4734878540039 
v 96.75511932373047 -319.3295593261719 -114.4734878540039 
v 97.23099517822266 -319.54632568359375 -114.4734878540039 
v 97.62682342529297 -319.8895263671875 -114.4734878540039 
v 97.91146087646484 -320.3290710449219 -114.4734878540039 
v 98.0582275390625 -320.8348388671875 -114.4734878540039 
v 98.0582275390625 -321.3586730957031 -114.4734878540039 
v 97.91146087646484 -321.8584289550781 -114.4734878540039 
v 97.62682342529297 -322.2979736328125 -114.4734878540039 
v 97.23099517822266 -322.64117431640625 -114.4734878540039 
v 96.75511932373047 -322.8579406738281 -114.4734878540039 
v 96.23921203613281 -322.93621826171875 -114.4734878540039 
v 95.71885681152344 -322.8579406738281 -114.4734878540039 
v 95.24297332763672 -322.64117431640625 -114.4734878540039 
v 94.8471450805664 -322.2979736328125 -114.4734878540039 
v 94.56250762939453 -321.8584289550781 -114.4734878540039 
v 94.41574096679688 -321.3586730957031 -114.4734878540039 
v 94.41574096679688 -320.8348388671875 -114.4734878540039 
v 94.56250762939453 -320.3290710449219 -114.4734878540039 
v 94.8471450805664 -319.8895263671875 -114.4734878540039 
v 95.24297332763672 -319.54632568359375 -114.4734878540039 
v 95.71885681152344 -319.3295593261719 -114.4734878540039 
v 96.23921203613281 -321.09375 -114.20722961425781 
v 105.89024353027344 -264.7840576171875 -113.62600708007812 
v 105.89024353027344 -264.7840576171875 -112.72657012939453 
v 105.93026733398438 -258.99774169921875 -113.6292495727539 
v 105.93026733398438 -258.99774169921875 -112.72657012939453 
v 108.75886535644531 -258.99774169921875 -113.6292495727539 
v 108.75886535644531 -258.99774169921875 -112.72657012939453 
v 108.71884155273438 -264.7840576171875 -113.62600708007812 
v 108.71884155273438 -264.7840576171875 -112.72332000732422 
v -10.037772178649902 -359.2196044921875 -193.3673095703125 
v -6.493130683898926 -359.2196044921875 -193.3673095703125 
v -10.037772178649902 -359.2196044921875 -156.25665283203125 
v -6.493130683898926 -359.2196044921875 -163.1241912841797 
v -10.037772178649902 -355.089111328125 -156.25665283203125 
v -6.493130683898926 -355.089111328125 -163.1241912841797 
v -10.037772178649902 -355.089111328125 -193.3867950439453 
v -6.493130683898926 -355.089111328125 -193.3867950439453 
v 17.007352828979492 -358.15386962890625 -145.4958953857422 
v 17.007352828979492 -357.997314453125 -145.4342041015625 
v 17.007352828979492 -357.84075927734375 -146.28494262695312 
v 17.007352828979492 -357.5216369628906 -146.4765167236328 
v 16.99401092529297 -358.37664794921875 -146.49923706054688 
v 16.99401092529297 -358.0575256347656 -146.684326171875 
v 16.99401092529297 -357.7263488769531 -148.113037109375 
v 16.99401092529297 -357.56982421875 -148.05133056640625 
v 18.719633102416992 -357.7263488769531 -148.113037109375 
v 18.719633102416992 -357.56982421875 -148.05133056640625 
v 18.719633102416992 -358.37664794921875 -146.49923706054688 
v 18.719633102416992 -358.0575256347656 -146.684326171875 
v 18.710739135742188 -357.84075927734375 -146.28494262695312 
v 18.710739135742188 -357.5216369628906 -146.4765167236328 
v 18.710739135742188 -358.15386962890625 -145.4958953857422 
v 18.710739135742188 -357.997314453125 -145.4342041015625 
v 17.158567428588867 -357.7986145019531 -145.52188110351562 
v 17.158567428588867 -357.3891906738281 -146.554443359375 
v 17.145225524902344 -357.925048828125 -146.7622528076172 
v 17.145225524902344 -357.4855041503906 -147.8500213623047 
v 18.568418502807617 -357.4855041503906 -147.8500213623047 
v 18.568418502807617 -357.925048828125 -146.7622528076172 
v 18.555076599121094 -357.3891906738281 -146.554443359375 
v 18.555076599121094 -357.7986145019531 -145.52188110351562 
v -28.73497772216797 -406.7023010253906 -122.65608215332031 
v -28.797243118286133 -406.7023010253906 -122.6301040649414 
v -28.797243118286133 -406.78662109375 -122.6301040649414 
v -28.89508819580078 -406.78662109375 -122.6301040649414 
v -28.717187881469727 -406.78662109375 -122.73725891113281 
v -29.024065017700195 -406.78662109375 -122.73725891113281 
v -28.717187881469727 -406.78662109375 -122.8379135131836 
v -29.024065017700195 -406.78662109375 -122.83467102050781 
v -29.210859298706055 -406.78662109375 -122.9190902709961 
v -29.206411361694336 -406.78662109375 -122.64958190917969 
v -29.206411361694336 -406.7023010253906 -122.64958190917969 
v -28.89508819580078 -406.7023010253906 -122.6301040649414 
v -28.73497772216797 -406.78662109375 -122.65608215332031 
v -28.717187881469727 -406.78662109375 -122.7015380859375 
v -28.717187881469727 -406.7023010253906 -122.7015380859375 
v -28.717187881469727 -406.7023010253906 -122.73725891113281 
v -25.443843841552734 -406.78662109375 -122.73725891113281 
v -25.443843841552734 -406.7023010253906 -122.73725891113281 
v -25.44828987121582 -406.7023010253906 -122.8249282836914 
v -25.44828987121582 -406.78662109375 -122.8249282836914 
v -28.717187881469727 -406.7023010253906 -122.8379135131836 
v -28.717187881469727 -406.78662109375 -122.8736343383789 
v -28.739425659179688 -406.78662109375 -122.9190902709961 
v -28.80169105529785 -406.78662109375 -122.94181823730469 
v -28.80169105529785 -406.7023010253906 -122.94181823730469 
v -28.899534225463867 -406.7023010253906 -122.945068359375 
v -28.899534225463867 -406.78662109375 -122.945068359375 
v -29.210859298706055 -406.7023010253906 -122.9190902709961 
v -28.739425659179688 -406.7023010253906 -122.9190902709961 
v -28.717187881469727 -406.7023010253906 -122.8736343383789 
v 44.99089813232422 -357.7263488769531 -148.113037109375 
v 46.71651840209961 -357.56982421875 -148.05133056640625 
v 46.71651840209961 -357.7263488769531 -148.113037109375 
v 46.71651840209961 -358.0575256347656 -146.684326171875 
v 46.71651840209961 -358.37664794921875 -146.49923706054688 
v 46.70317840576172 -357.5216369628906 -146.4765167236328 
v 46.70317840576172 -357.84075927734375 -146.28494262695312 
v 46.70317840576172 -357.997314453125 -145.4342041015625 
v 46.70317840576172 -358.15386962890625 -145.4958953857422 
v 44.999794006347656 -357.997314453125 -145.4342041015625 
v 44.999794006347656 -358.15386962890625 -145.4958953857422 
v 44.999794006347656 -357.5216369628906 -146.4765167236328 
v 44.999794006347656 -357.84075927734375 -146.28494262695312 
v 44.99089813232422 -358.0575256347656 -146.684326171875 
v 44.99089813232422 -358.37664794921875 -146.49923706054688 
v 44.99089813232422 -357.56982421875 -148.05133056640625 
v 45.142112731933594 -357.4855041503906 -147.8500213623047 
v 46.56085968017578 -357.4855041503906 -147.8500213623047 
v 46.56085968017578 -357.925048828125 -146.7622528076172 
v 46.551963806152344 -357.3891906738281 -146.554443359375 
v 46.551963806152344 -357.7986145019531 -145.52188110351562 
v 45.155452728271484 -357.7986145019531 -145.52188110351562 
v 45.155452728271484 -357.3891906738281 -146.554443359375 
v 45.142112731933594 -357.925048828125 -146.7622528076172 
v -27.845481872558594 -406.9853210449219 -114.9930191040039 
v -27.80990219116211 -406.8106994628906 -114.93132781982422 
v -27.689821243286133 -406.9853210449219 -115.05146789550781 
v -27.676477432250977 -406.8106994628906 -114.98002624511719 
v -27.525264739990234 -406.9853210449219 -115.05146789550781 
v -27.538606643676758 -406.8106994628906 -114.98002624511719 
v -27.36960220336914 -406.9853210449219 -114.9930191040039 
v -27.405181884765625 -406.8106994628906 -114.93132781982422 
v -27.245073318481445 -406.9853210449219 -114.8858642578125 
v -27.298442840576172 -406.8106994628906 -114.84040832519531 
v -27.16057014465332 -406.9853210449219 -114.74299621582031 
v -27.227283477783203 -406.8106994628906 -114.72026824951172 
v -27.129438400268555 -406.9853210449219 -114.58064270019531 
v -27.200597763061523 -406.8106994628906 -114.58064270019531 
v -27.16057014465332 -406.9853210449219 -114.41828918457031 
v -27.227283477783203 -406.8106994628906 -114.4410171508789 
v -27.245073318481445 -406.9853210449219 -114.27542114257812 
v -27.298442840576172 -406.8106994628906 -114.32087707519531 
v -27.36960220336914 -406.9853210449219 -114.16826629638672 
v -27.405181884765625 -406.8106994628906 -114.2299575805664 
v -27.525264739990234 -406.9853210449219 -114.11306762695312 
v -27.538606643676758 -406.8106994628906 -114.1812515258789 
v -27.689821243286133 -406.9853210449219 -114.11306762695312 
v -27.676477432250977 -406.8106994628906 -114.1812515258789 
v -27.845481872558594 -406.9853210449219 -114.16826629638672 
v -27.80990219116211 -406.8106994628906 -114.2299575805664 
v -27.974458694458008 -406.9853210449219 -114.27542114257812 
v -27.916641235351562 -406.8106994628906 -114.32087707519531 
v -28.054513931274414 -406.9853210449219 -114.41828918457031 
v -27.987802505493164 -406.8106994628906 -114.4410171508789 
v -28.08564567565918 -406.9853210449219 -114.58064270019531 
v -28.01448631286621 -406.8106994628906 -114.58064270019531 
v -28.054513931274414 -406.9853210449219 -114.74299621582031 
v -27.987802505493164 -406.8106994628906 -114.72026824951172 
v -27.974458694458008 -406.9853210449219 -114.8858642578125 
v -27.916641235351562 -406.8106994628906 -114.84040832519531 
v -27.849929809570312 -406.8468322753906 -114.78520965576172 
v -27.76542854309082 -406.8468322753906 -114.8533935546875 
v -27.663135528564453 -406.8468322753906 -114.8923568725586 
v -27.55194854736328 -406.8468322753906 -114.8923568725586 
v -27.449657440185547 -406.8468322753906 -114.8533935546875 
v -27.365154266357422 -406.8468322753906 -114.78520965576172 
v -27.311784744262695 -406.8468322753906 -114.68779754638672 
v -27.293994903564453 -406.8468322753906 -114.58064270019531 
v -27.311784744262695 -406.8468322753906 -114.4734878540039 
v -27.365154266357422 -406.8468322753906 -114.37932586669922 
v -27.449657440185547 -406.8468322753906 -114.30789184570312 
v -27.55194854736328 -406.8468322753906 -114.2689208984375 
v -27.663135528564453 -406.8468322753906 -114.2689208984375 
v -27.76542854309082 -406.8468322753906 -114.30789184570312 
v -27.849929809570312 -406.8468322753906 -114.37932586669922 
v -27.90329933166504 -406.8468322753906 -114.4734878540039 
v -27.925537109375 -406.8468322753906 -114.58064270019531 
v -27.90329933166504 -406.8468322753906 -114.68779754638672 
v -27.83658790588379 -406.6722106933594 -114.6650619506836 
v -27.796560287475586 -406.6722106933594 -114.73974609375 
v -27.729846954345703 -406.6722106933594 -114.79170227050781 
v -27.64979362487793 -406.6722106933594 -114.8209228515625 
v -27.565290451049805 -406.6722106933594 -114.8209228515625 
v -27.48523712158203 -406.6722106933594 -114.79170227050781 
v -27.41852378845215 -406.6722106933594 -114.73974609375 
v -27.378496170043945 -406.6722106933594 -114.6650619506836 
v -27.365154266357422 -406.6722106933594 -114.58064270019531 
v -27.378496170043945 -406.6722106933594 -114.4962158203125 
v -27.41852378845215 -406.6722106933594 -114.4247817993164 
v -27.48523712158203 -406.6722106933594 -114.36958312988281 
v -27.565290451049805 -406.6722106933594 -114.34036254882812 
v -27.64979362487793 -406.6722106933594 -114.34036254882812 
v -27.729846954345703 -406.6722106933594 -114.36958312988281 
v -27.796560287475586 -406.6722106933594 -114.4247817993164 
v -27.83658790588379 -406.6722106933594 -114.4962158203125 
v -27.85437774658203 -406.6722106933594 -114.58064270019531 
v -27.943326950073242 -406.6360778808594 -114.58064270019531 
v -27.92108917236328 -406.6360778808594 -114.69429016113281 
v -27.863271713256836 -406.6360778808594 -114.7949447631836 
v -27.774322509765625 -406.6360778808594 -114.86962890625 
v -27.667583465576172 -406.6360778808594 -114.9085922241211 
v -27.55194854736328 -406.6360778808594 -114.9085922241211 
v -27.44076156616211 -406.6360778808594 -114.86962890625 
v -27.3518123626709 -406.6360778808594 -114.7949447631836 
v -27.293994903564453 -406.6360778808594 -114.69429016113281 
v -27.271757125854492 -406.6360778808594 -114.58064270019531 
v -27.293994903564453 -406.6360778808594 -114.46699523925781 
v -27.3518123626709 -406.6360778808594 -114.3663330078125 
v -27.44076156616211 -406.6360778808594 -114.29165649414062 
v -27.55194854736328 -406.6360778808594 -114.252685546875 
v -27.667583465576172 -406.6360778808594 -114.252685546875 
v -27.774322509765625 -406.6360778808594 -114.29165649414062 
v -27.863271713256836 -406.6360778808594 -114.3663330078125 
v -27.92108917236328 -406.6360778808594 -114.46699523925781 
v -27.85437774658203 -406.4614562988281 -114.4897232055664 
v -27.872167587280273 -406.4614562988281 -114.58064270019531 
v -27.85437774658203 -406.4614562988281 -114.67156219482422 
v -27.80990219116211 -406.4614562988281 -114.7494888305664 
v -27.73874282836914 -406.4614562988281 -114.80793762207031 
v -27.65424156188965 -406.4614562988281 -114.84040832519531 
v -27.56084442138672 -406.4614562988281 -114.84040832519531 
v -27.476341247558594 -406.4614562988281 -114.80793762207031 
v -27.405181884765625 -406.4614562988281 -114.7494888305664 
v -27.360706329345703 -406.4614562988281 -114.67156219482422 
v -27.34291648864746 -406.4614562988281 -114.58064270019531 
v -27.360706329345703 -406.4614562988281 -114.4897232055664 
v -27.405181884765625 -406.4614562988281 -114.41179656982422 
v -27.476341247558594 -406.4614562988281 -114.35334777832031 
v -27.56084442138672 -406.4614562988281 -114.32087707519531 
v -27.65424156188965 -406.4614562988281 -114.32087707519531 
v -27.73874282836914 -406.4614562988281 -114.35334777832031 
v -27.80990219116211 -406.4614562988281 -114.41179656982422 
v -27.609766006469727 -406.4614562988281 -114.58064270019531 
v 90.08390045166016 -374.4049072265625 -139.07321166992188 
v 85.27172088623047 -377.770751953125 -133.24473571777344 
v 92.27205657958984 -376.4761962890625 -135.49171447753906 
v 85.72981262207031 -378.21630859375 -132.47518920898438 
v 94.15779113769531 -378.21630859375 -132.47518920898438 
v 98.20054626464844 -376.1932067871094 -135.97552490234375 
v 98.20054626464844 -376.0667419433594 -136.19631958007812 
v 94.87828063964844 -374.4049072265625 -139.07321166992188 
v -10.037772178649902 -360.91156005859375 -193.3867950439453 
v -6.493130683898926 -360.91156005859375 -193.3867950439453 
v -10.037772178649902 -365.04205322265625 -193.3673095703125 
v -6.493130683898926 -365.04205322265625 -193.3673095703125 
v -10.037772178649902 -365.04205322265625 -156.25665283203125 
v -6.493130683898926 -365.04205322265625 -163.1241912841797 
v -10.037772178649902 -360.91156005859375 -156.25665283203125 
v -6.493130683898926 -360.91156005859375 -163.1241912841797 
v 112.3390884399414 -383.72564697265625 -133.94935607910156 
v 109.38151550292969 -383.72564697265625 -133.94935607910156 
v 112.3390884399414 -377.4997863769531 -130.3581085205078 
v 109.38151550292969 -377.4997863769531 -130.3581085205078 
v 111.96549987792969 -386.0558166503906 -115.53852081298828 
v 109.38151550292969 -386.0558166503906 -115.53852081298828 
v 111.96549987792969 -392.2756652832031 -119.13301849365234 
v 109.38151550292969 -392.2756652832031 -119.13301849365234 
v 6.884889125823975 -360.08062744140625 -140.67401123046875 
v 6.884889125823975 -361.7003173828125 -136.62168884277344 
v 6.884889125823975 -361.4173278808594 -136.50804138183594 
v 10.949885368347168 -361.4173278808594 -136.50804138183594 
v 7.004971027374268 -361.1042175292969 -136.5145263671875 
v 10.829803466796875 -361.1042175292969 -136.5145263671875 
v 7.8855719566345215 -360.1649169921875 -137.082763671875 
v 9.95365047454834 -360.1649169921875 -137.082763671875 
v 9.95365047454834 -359.28582763671875 -139.28102111816406 
v 10.829803466796875 -359.5748596191406 -140.3428192138672 
v 7.004971027374268 -359.5748596191406 -140.3428192138672 
v 6.884889125823975 -359.7976379394531 -140.56036376953125 
v 10.949885368347168 -359.7976379394531 -140.56036376953125 
v 10.949885368347168 -360.08062744140625 -140.67401123046875 
v 10.949885368347168 -361.7003173828125 -136.62168884277344 
v 7.8855719566345215 -359.28582763671875 -139.28102111816406 
v 85.27172088623047 -388.8797302246094 -114.00591278076172 
v 90.08390045166016 -392.24554443359375 -108.17743682861328 
v 92.27205657958984 -390.1742858886719 -111.75894927978516 
v 94.87828063964844 -392.24554443359375 -108.17743682861328 
v 98.20054626464844 -390.5837097167969 -111.05433654785156 
v 98.20054626464844 -390.457275390625 -111.27513122558594 
v 94.15779113769531 -388.4341735839844 -114.77546691894531 
v 85.72981262207031 -388.4341735839844 -114.77546691894531 
v -10.037772178649902 -376.698974609375 -156.25665283203125 
v -6.493130683898926 -376.698974609375 -163.1241912841797 
v -10.037772178649902 -372.5684814453125 -156.25665283203125 
v -6.493130683898926 -372.5684814453125 -163.1241912841797 
v -10.037772178649902 -372.5684814453125 -193.3867950439453 
v -6.493130683898926 -372.5684814453125 -193.3867950439453 
v -10.037772178649902 -376.698974609375 -193.3673095703125 
v -6.493130683898926 -376.698974609375 -193.3673095703125 
v -8.556761741638184 -323.2011413574219 -150.6554718017578 
v -11.514335632324219 -321.5332946777344 -148.10003662109375 
v -8.556761741638184 -323.2011413574219 -139.54078674316406 
v -11.514335632324219 -321.5332946777344 -142.09622192382812 
v -21.42776870727539 -323.2011413574219 -139.54078674316406 
v -18.465747833251953 -321.5332946777344 -142.09622192382812 
v -21.42776870727539 -323.2011413574219 -150.6554718017578 
v -18.465747833251953 -321.5332946777344 -148.10003662109375 
v 15.828771591186523 -360.08062744140625 -140.67401123046875 
v 15.828771591186523 -361.7003173828125 -136.62168884277344 
v 15.828771591186523 -361.4173278808594 -136.50804138183594 
v 19.893768310546875 -361.4173278808594 -136.50804138183594 
v 15.948853492736816 -361.1042175292969 -136.5145263671875 
v 19.773685455322266 -361.1042175292969 -136.5145263671875 
v 16.82945442199707 -360.1649169921875 -137.082763671875 
v 18.897531509399414 -360.1649169921875 -137.082763671875 
v 18.897531509399414 -359.28582763671875 -139.28102111816406 
v 19.773685455322266 -359.5748596191406 -140.3428192138672 
v 15.948853492736816 -359.5748596191406 -140.3428192138672 
v 15.828771591186523 -359.7976379394531 -140.56036376953125 
v 19.893768310546875 -359.7976379394531 -140.56036376953125 
v 19.893768310546875 -360.08062744140625 -140.67401123046875 
v 19.893768310546875 -361.7003173828125 -136.62168884277344 
v 16.82945442199707 -359.28582763671875 -139.28102111816406 
v 6.106579780578613 -388.8797302246094 -127.14026641845703 
v 66.9881362915039 -388.8797302246094 -127.14026641845703 
v 36.54513168334961 -379.02313232421875 -129.14695739746094 
v 66.9881362915039 -369.28094482421875 -131.59523010253906 
v 6.106579780578613 -369.28094482421875 -131.59523010253906 
v -21.42776870727539 -407.85235595703125 -125.72779846191406 
v 3.6471235752105713 -393.437744140625 -129.71194458007812 
v 102.36338806152344 -339.6629333496094 -119.79541778564453 
v 59.374046325683594 -347.06292724609375 -190.8703155517578 
v 14.312180519104004 -335.779296875 -190.8703155517578 
v 59.374046325683594 -325.03759765625 -190.8703155517578 
v 18.719633102416992 -358.37664794921875 -146.49923706054688 
v 25.59543800354004 -358.978759765625 -146.73951721191406 
v 65.76507568359375 -361.7003173828125 -136.62168884277344 
v 51.315216064453125 -363.33807373046875 -135.66055297851562 
v 53.592323303222656 -358.978759765625 -146.73951721191406 
v 47.88175964355469 -361.7003173828125 -136.62168884277344 
v 44.648441314697266 -358.978759765625 -146.73951721191406 
v 111.50740814208984 -266.2110595703125 -151.06460571289062 
v -10.847213745117188 -258.9495544433594 -160.2505340576172 
v 69.44759368896484 -393.437744140625 -129.71194458007812 
v 3.6471235752105713 -366.3546447753906 -136.03396606445312 
v 3.6471235752105713 -410.266845703125 -119.48045349121094 
v 69.44759368896484 -410.266845703125 -119.48045349121094 
v -28.717187881469727 -406.7023010253906 -122.8736343383789 
v -28.797243118286133 -406.71435546875 -114.59687805175781 
v -12.363804817199707 -405.7750549316406 -112.51551055908203 
v 89.00315856933594 -330.9142150878906 -119.79541778564453 
v 51.199581146240234 -371.719482421875 -192.084716796875 
v 12.395317077636719 -363.33807373046875 -135.66055297851562 
v 21.33475112915039 -363.33807373046875 -135.66055297851562 
v 64.59983825683594 -358.37664794921875 -146.49923706054688 
v 55.998409271240234 -358.978759765625 -146.73951721191406 
vn -0.5813180208206177 -0.5746520757675171 0.5760593414306641 
vn -0.5759913921356201 0.5799909830093384 0.5760593414306641 
vn -0.5833105444908142 -0.5726293921470642 -0.5760593414306641 
vn -0.5694959759712219 0.5828453302383423 -0.5796254277229309 
vn -0.5813180208206177 -0.5746520757675171 0.5760593414306641 
vn -0.9068379998207092 -0.2970314919948578 0.2990269064903259 
vn -0.5759913921356201 0.5799909830093384 0.5760593414306641 
vn -0.9020236134529114 0.3113459050655365 0.2990269064903259 
vn -0.8376017212867737 0.44288888573646545 -0.3198012113571167 
vn -0.8411064743995667 -0.4361961781978607 -0.3198012113571167 
vn -0.3328853249549866 -0.6520763635635376 -0.681163489818573 
vn -0.3261401355266571 0.6554760932922363 -0.681163489818573 
vn 0.0018878303235396743 0.7078762650489807 -0.7063339352607727 
vn 0.7071051001548767 0.7071051001548767 0.002184694167226553 
vn 0.7071051001548767 0.7071051001548767 0.002184694167226553 
vn -0.7071051001548767 0.7071051001548767 0.002184694167226553 
vn -0.7071051001548767 0.7071051001548767 0.002184694167226553 
vn -0.7071051001548767 -0.7071051001548767 0.002184694167226553 
vn -0.7071051001548767 -0.7071051001548767 0.002184694167226553 
vn 0.7071051001548767 -0.7071051001548767 0.002184694167226553 
vn 0.7071051001548767 -0.7071051001548767 0.002184694167226553 
vn 0.999997615814209 0 -0.002184694167226553 
vn 0.7485089898109436 0.6631211042404175 -0.002184694167226553 
vn 0.924505352973938 0 0.3811691105365753 
vn 0.6867366433143616 0.6680676937103271 0.2864931523799896 
vn 0.7078787684440613 0 0.7063339352607727 
vn 0.5292139649391174 0.6636133790016174 0.528724730014801 
vn 0.3831879794597626 0 0.9236704111099243 
vn 0.2841130793094635 0.6649894714355469 0.6907016038894653 
vn 0 0 1 
vn -6.893801257927198e-14 0.6666374206542969 0.7453821301460266 
vn -0.3831879794597626 -7.925212949008026e-14 0.9236704111099243 
vn -0.28757375478744507 0.6635002493858337 0.6907016038894653 
vn -0.7078787684440613 -1.4640568759497624e-13 0.7063339352607727 
vn -0.5262599587440491 0.6659584045410156 0.528724730014801 
vn -0.924505352973938 -1.9120906843538704e-13 0.3811691105365753 
vn -0.6867366433143616 0.6680676937103271 0.2864931523799896 
vn -0.999997615814209 -2.0682260971124217e-13 0.002184694167226553 
vn -0.7485089898109436 0.6631211042404175 0.002184694167226553 
vn -0.9244976043701172 0.0037768674083054066 -0.3811691105365753 
vn -0.688720166683197 0.6660226583480835 -0.2864931523799896 
vn -0.7078686952590942 0.0037756471429020166 -0.7063339352607727 
vn -0.5283698439598083 0.6642856597900391 -0.528724730014801 
vn -0.3831879794597626 -7.925212949008026e-14 -0.9236704111099243 
vn -0.2850063443183899 0.6646071076393127 -0.6907016038894653 
vn 2.0682311115474694e-13 4.2775797696334704e-26 -1 
vn 0.00378031050786376 0.6666266918182373 -0.7453821301460266 
vn 0.3831879794597626 0 -0.9236704111099243 
vn 0.28847652673721313 0.663108229637146 -0.6907016038894653 
vn 0.7078787684440613 0 -0.7063339352607727 
vn 0.5283698439598083 0.6642856597900391 -0.528724730014801 
vn 0.924505352973938 0 -0.3811691105365753 
vn 0.6913401484489441 0.6633027195930481 -0.2864931523799896 
vn 0.999997615814209 0 -0.002184694167226553 
vn 0.7485089898109436 0.6631211042404175 -0.002184694167226553 
vn 0.6574495434761047 0.7534953951835632 -0.002184694167226553 
vn 0.609117865562439 0.7516979575157166 0.25283506512641907 
vn 0.46228957176208496 0.7554703950881958 0.4642767012119293 
vn 0.24826475977897644 0.7543240189552307 0.607749879360199 
vn -0.0018855036469176412 0.7526171803474426 0.6584556698799133 
vn -0.24826475977897644 0.7543240189552307 0.607749879360199 
vn -0.46228957176208496 0.7554703950881958 0.4642767012119293 
vn -0.6061796545982361 0.7540693879127502 0.25283506512641907 
vn -0.6574495434761047 0.7534953951835632 -0.002184694167226553 
vn -0.6061796545982361 0.7540693879127502 -0.25283506512641907 
vn -0.46446070075035095 0.7541375160217285 -0.4642767012119293 
vn -0.2525780498981476 0.7528907060623169 -0.607749879360199 
vn -0.003777019213885069 0.7526100873947144 -0.6584556698799133 
vn 0.2525780498981476 0.7528907060623169 -0.607749879360199 
vn 0.46767112612724304 0.75215083360672 -0.4642767012119293 
vn 0.609117865562439 0.7516979575157166 -0.25283506512641907 
vn 0.6574495434761047 0.7534953951835632 -0.002184694167226553 
vn -0.999997615814209 -2.0682260971124217e-13 0.002184694167226553 
vn -0.999997615814209 -2.0682260971124217e-13 0.002184694167226553 
vn -0.999997615814209 -2.0682260971124217e-13 0.002184694167226553 
vn -0.999997615814209 -2.0682260971124217e-13 0.002184694167226553 
vn -0.6574495434761047 0.7534953951835632 0.002184694167226553 
vn -0.9042856097221375 0.30056822299957275 -0.30319350957870483 
vn -0.9042856097221375 0.30056822299957275 0.30319350957870483 
vn -0.7078787684440613 -1.4640568759497624e-13 0.7063339352607727 
vn -0.6315692663192749 0.45886194705963135 0.6249527335166931 
vn -0.6288931965827942 0.46252283453941345 -0.6249527335166931 
vn -0.999997615814209 -2.0682260971124217e-13 0.002184694167226553 
vn -0.6279515624046326 0.29882195591926575 0.7185974717140198 
vn -0.6321288347244263 0.7148398756980896 0.2990269064903259 
vn 0.7078787684440613 0 0.7063339352607727 
vn 0.999997615814209 0 0.002184694167226553 
vn 0.6279515624046326 0.29882195591926575 0.7185974717140198 
vn 0.9030877351760864 0.3041483163833618 0.30319350957870483 
vn 0.6321288347244263 0.7148398756980896 0.2990269064903259 
vn 0.999997615814209 0 0.002184694167226553 
vn 0.9030877351760864 0.3041483163833618 -0.30319350957870483 
vn 0.7078787684440613 0 0.7063339352607727 
vn 0.63112473487854 0.4594731628894806 -0.6249527335166931 
vn 0.6315692663192749 0.45886194705963135 0.6249527335166931 
vn 0.999997615814209 0 0.002184694167226553 
vn 0.999997615814209 0 0.002184694167226553 
vn 0.999997615814209 0 0.002184694167226553 
vn 0.6574495434761047 0.7534953951835632 0.002184694167226553 
vn -0.6574495434761047 -0.7534953951835632 -0.002184694167226553 
vn -0.9295517206192017 -0.3686853349208832 -0.002184694167226553 
vn -0.6061796545982361 -0.7540693879127502 0.25283506512641907 
vn -0.859046220779419 -0.3670567572116852 0.3568037748336792 
vn -0.46228957176208496 -0.7554703950881958 0.4642767012119293 
vn -0.6582863330841064 -0.3648222088813782 0.6584556698799133 
vn -0.24826475977897644 -0.7543240189552307 0.607749879360199 
vn -0.3559505343437195 -0.3679348826408386 0.8590245246887207 
vn -0.0018855036469176412 -0.7526171803474426 0.6584556698799133 
vn -0.0018777163932099938 -0.36698195338249207 0.9302261471748352 
vn 0.24826475977897644 -0.7543240189552307 0.607749879360199 
vn 0.3586479127407074 -0.3653060793876648 0.8590245246887207 
vn 0.46228957176208496 -0.7554703950881958 0.4642767012119293 
vn 0.6564501523971558 -0.36811599135398865 0.6584556698799133 
vn 0.609117865562439 -0.7516979575157166 0.25283506512641907 
vn 0.859046220779419 -0.3670567572116852 0.3568037748336792 
vn 0.6574495434761047 -0.7534953951835632 0.002184694167226553 
vn 0.9295517206192017 -0.3686853349208832 -0.002184694167226553 
vn 0.609117865562439 -0.7516979575157166 -0.25283506512641907 
vn 0.8588553667068481 -0.36750316619873047 -0.3568037748336792 
vn 0.46767112612724304 -0.75215083360672 -0.4642767012119293 
vn 0.6561493873596191 -0.36865177750587463 -0.6584556698799133 
vn 0.2525780498981476 -0.7528907060623169 -0.607749879360199 
vn 0.3579659163951874 -0.36597442626953125 -0.8590245246887207 
vn 0.003777019213885069 -0.7526100873947144 -0.6584556698799133 
vn 0.0018900291761383414 -0.3669818937778473 -0.9302261471748352 
vn -0.2525780498981476 -0.7528907060623169 -0.607749879360199 
vn -0.3579659163951874 -0.36597442626953125 -0.8590245246887207 
vn -0.46446070075035095 -0.7541375160217285 -0.4642767012119293 
vn -0.6561493873596191 -0.36865177750587463 -0.6584556698799133 
vn -0.6061796545982361 -0.7540693879127502 -0.25283506512641907 
vn -0.8603342175483704 -0.36402761936187744 -0.3568037748336792 
vn -0.6574495434761047 -0.7534953951835632 -0.002184694167226553 
vn -0.9295517206192017 -0.3686853349208832 -0.002184694167226553 
vn -0.3875625729560852 -0.9072965979576111 0.16312000155448914 
vn -0.3006172180175781 -0.9056556820869446 0.2990269064903259 
vn -0.1595412641763687 -0.9072176218032837 0.3892335295677185 
vn -0.001886979560367763 -0.9069715142250061 0.42118772864341736 
vn 0.16325584053993225 -0.9065565466880798 0.3892335295677185 
vn 0.3006172180175781 -0.9056556820869446 0.2990269064903259 
vn 0.39103153347969055 -0.9058069586753845 0.16312000155448914 
vn 0.4241376221179962 -0.9055951237678528 -0.002184694167226553 
vn 0.39103153347969055 -0.9058069586753845 -0.16312000155448914 
vn 0.3006172180175781 -0.9056556820869446 -0.2990269064903259 
vn 0.16160739958286285 -0.9068518877029419 -0.3892335295677185 
vn -0.001886979560367763 -0.9069715142250061 -0.42118772864341736 
vn -0.16160739958286285 -0.9068518877029419 -0.3892335295677185 
vn -0.3006172180175781 -0.9056556820869446 -0.2990269064903259 
vn -0.3875625729560852 -0.9072965979576111 -0.16312000155448914 
vn -0.4241376221179962 -0.9055951237678528 -0.002184694167226553 
vn -0.6061796545982361 -0.7540693879127502 0.25283506512641907 
vn -0.46228957176208496 -0.7554703950881958 0.4642767012119293 
vn -0.24826475977897644 -0.7543240189552307 0.607749879360199 
vn -0.0018855036469176412 -0.7526171803474426 0.6584556698799133 
vn 0.24826475977897644 -0.7543240189552307 0.607749879360199 
vn 0.46228957176208496 -0.7554703950881958 0.4642767012119293 
vn 0.609117865562439 -0.7516979575157166 0.25283506512641907 
vn 0.6574495434761047 -0.7534953951835632 0.002184694167226553 
vn 0.609117865562439 -0.7516979575157166 -0.25283506512641907 
vn 0.46767112612724304 -0.75215083360672 -0.4642767012119293 
vn 0.2525780498981476 -0.7528907060623169 -0.607749879360199 
vn -0.003777019213885069 -0.7526100873947144 -0.6584556698799133 
vn -0.2525780498981476 -0.7528907060623169 -0.607749879360199 
vn -0.46446070075035095 -0.7541375160217285 -0.4642767012119293 
vn -0.6061796545982361 -0.7540693879127502 -0.25283506512641907 
vn -0.6574495434761047 -0.7534953951835632 -0.002184694167226553 
vn -0.6574495434761047 -0.7534953951835632 -0.002184694167226553 
vn -0.4241376221179962 -0.9055951237678528 -0.002184694167226553 
vn 0.46228957176208496 -0.7554703950881958 0.4642767012119293 
vn 0.46228957176208496 0.7554703950881958 0.4642767012119293 
vn 0.609117865562439 -0.7516979575157166 0.25283506512641907 
vn 0.609117865562439 0.7516979575157166 0.25283506512641907 
vn 0.6574495434761047 -0.7534953951835632 0.002184694167226553 
vn 0.6574495434761047 0.7534953951835632 -0.002184694167226553 
vn 0.609117865562439 -0.7516979575157166 -0.25283506512641907 
vn 0.609117865562439 0.7516979575157166 -0.25283506512641907 
vn 0.46767112612724304 -0.75215083360672 -0.4642767012119293 
vn 0.46767112612724304 0.75215083360672 -0.4642767012119293 
vn 0.2525780498981476 -0.7528907060623169 -0.607749879360199 
vn 0.2525780498981476 0.7528907060623169 -0.607749879360199 
vn -0.003777019213885069 -0.7526100873947144 -0.6584556698799133 
vn -0.003777019213885069 0.7526100873947144 -0.6584556698799133 
vn -0.2525780498981476 -0.7528907060623169 -0.607749879360199 
vn -0.2525780498981476 0.7528907060623169 -0.607749879360199 
vn -0.46446070075035095 -0.7541375160217285 -0.4642767012119293 
vn -0.46446070075035095 0.7541375160217285 -0.4642767012119293 
vn -0.6061796545982361 -0.7540693879127502 -0.25283506512641907 
vn -0.6061796545982361 0.7540693879127502 -0.25283506512641907 
vn -0.6574495434761047 -0.7534953951835632 -0.002184694167226553 
vn -0.6574495434761047 0.7534953951835632 0.002184694167226553 
vn -0.6061796545982361 -0.7540693879127502 0.25283506512641907 
vn -0.6061796545982361 0.7540693879127502 0.25283506512641907 
vn -0.46228957176208496 -0.7554703950881958 0.4642767012119293 
vn -0.46228957176208496 0.7554703950881958 0.4642767012119293 
vn -0.24826475977897644 -0.7543240189552307 0.607749879360199 
vn -0.24826475977897644 0.7543240189552307 0.607749879360199 
vn -0.0018855036469176412 -0.7526171803474426 0.6584556698799133 
vn -0.0018855036469176412 0.7526171803474426 0.6584556698799133 
vn 0.24826475977897644 -0.7543240189552307 0.607749879360199 
vn 0.24826475977897644 0.7543240189552307 0.607749879360199 
vn 0.46228957176208496 -0.7554703950881958 0.4642767012119293 
vn 0.46228957176208496 0.7554703950881958 0.4642767012119293 
vn 0.999997615814209 0 0.002184694167226553 
vn 0.7078787684440613 0 0.7063339352607727 
vn 0.7071051001548767 0.7071051001548767 0.002184694167226553 
vn 0.3000216782093048 0.3040083348751068 0.9041935205459595 
vn 0.7071051001548767 0.7071051001548767 0.002184694167226553 
vn 0.5786608457565308 0.5773276686668396 0.5760593414306641 
vn 0.7078787684440613 0 0.7063339352607727 
vn 0 0 1 
vn -0.30268529057502747 0.30135640501976013 0.9041935205459595 
vn 0 0 1 
vn -0.5759913921356201 0.5799909830093384 0.5760593414306641 
vn -0.7078787684440613 -1.4640568759497624e-13 0.7063339352607727 
vn -0.999997615814209 -2.0682260971124217e-13 0.002184694167226553 
vn -0.7078787684440613 -1.4640568759497624e-13 0.7063339352607727 
vn -0.999997615814209 -2.0682260971124217e-13 0.002184694167226553 
vn -0.7071051001548767 0.7071051001548767 0.002184694167226553 
vn -0.7071051001548767 0.7071051001548767 0.002184694167226553 
vn -0.999997615814209 -2.0682260971124217e-13 0.002184694167226553 
vn -0.29694145917892456 -6.14143542336347e-14 0.9548956751823425 
vn -0.7071051001548767 0.7071051001548767 0.002184694167226553 
vn -0.5759913921356201 0.5799909830093384 0.5760593414306641 
vn 0.7071051001548767 0.7071051001548767 0.002184694167226553 
vn 0.5786608457565308 0.5773276686668396 0.5760593414306641 
vn 0.999997615814209 0 0.002184694167226553 
vn 0.29694145917892456 0 0.9548956751823425 
vn 0.7071051001548767 0.7071051001548767 0.002184694167226553 
vn 0.5786608457565308 0.5773276686668396 0.5760593414306641 
vn 0.7071051001548767 -0.7071051001548767 0.002184694167226553 
vn 0.5786608457565308 -0.5773276686668396 0.5760593414306641 
vn -0.7071051001548767 -0.7071051001548767 0.002184694167226553 
vn -0.5759913921356201 -0.5799909830093384 0.5760593414306641 
vn -0.7071051001548767 0.7071051001548767 0.002184694167226553 
vn -0.5759913921356201 0.5799909830093384 0.5760593414306641 
vn 0.7071051001548767 0.7071051001548767 0.002184694167226553 
vn -0.6574495434761047 0.7534953951835632 -0.002184694167226553 
vn -0.4241376221179962 0.9055951237678528 0.002184694167226553 
vn -0.6061796545982361 0.7540693879127502 0.25283506512641907 
vn -0.3875625729560852 0.9072965979576111 0.16312000155448914 
vn -0.46228957176208496 0.7554703950881958 0.4642767012119293 
vn -0.3006172180175781 0.9056556820869446 0.2990269064903259 
vn -0.24826475977897644 0.7543240189552307 0.607749879360199 
vn -0.1595412641763687 0.9072176218032837 0.3892335295677185 
vn -0.0018855036469176412 0.7526171803474426 0.6584556698799133 
vn -0.001886979560367763 0.9069715142250061 0.42118772864341736 
vn 0.24826475977897644 0.7543240189552307 0.607749879360199 
vn 0.16325584053993225 0.9065565466880798 0.3892335295677185 
vn 0.46228957176208496 0.7554703950881958 0.4642767012119293 
vn 0.3006172180175781 0.9056556820869446 0.2990269064903259 
vn 0.609117865562439 0.7516979575157166 0.25283506512641907 
vn 0.39103153347969055 0.9058069586753845 0.16312000155448914 
vn 0.6574495434761047 0.7534953951835632 0.002184694167226553 
vn 0.4241376221179962 0.9055951237678528 0.002184694167226553 
vn 0.609117865562439 0.7516979575157166 -0.25283506512641907 
vn 0.39103153347969055 0.9058069586753845 -0.16312000155448914 
vn 0.46767112612724304 0.75215083360672 -0.4642767012119293 
vn 0.3006172180175781 0.9056556820869446 -0.2990269064903259 
vn 0.2525780498981476 0.7528907060623169 -0.607749879360199 
vn 0.16160739958286285 0.9068518877029419 -0.3892335295677185 
vn 0.003777019213885069 0.7526100873947144 -0.6584556698799133 
vn -0.001886979560367763 0.9069715142250061 -0.42118772864341736 
vn -0.2525780498981476 0.7528907060623169 -0.607749879360199 
vn -0.16160739958286285 0.9068518877029419 -0.3892335295677185 
vn -0.46446070075035095 0.7541375160217285 -0.4642767012119293 
vn -0.3006172180175781 0.9056556820869446 -0.2990269064903259 
vn -0.6061796545982361 0.7540693879127502 -0.25283506512641907 
vn -0.3875625729560852 0.9072965979576111 -0.16312000155448914 
vn -0.6574495434761047 0.7534953951835632 -0.002184694167226553 
vn -0.4241376221179962 0.9055951237678528 0.002184694167226553 
vn -0.859046220779419 0.3670567572116852 0.3568037748336792 
vn -0.6582863330841064 0.3648222088813782 0.6584556698799133 
vn -0.3559505343437195 0.3679348826408386 0.8590245246887207 
vn -0.0018777163932099938 0.36698195338249207 0.9302261471748352 
vn 0.3586479127407074 0.3653060793876648 0.8590245246887207 
vn 0.6564501523971558 0.36811599135398865 0.6584556698799133 
vn 0.859046220779419 0.3670567572116852 0.3568037748336792 
vn 0.9295517206192017 0.3686853349208832 0.002184694167226553 
vn 0.8588553667068481 0.36750316619873047 -0.3568037748336792 
vn 0.6561493873596191 0.36865177750587463 -0.6584556698799133 
vn 0.3579659163951874 0.36597442626953125 -0.8590245246887207 
vn 0.0018900291761383414 0.3669818937778473 -0.9302261471748352 
vn -0.3579659163951874 0.36597442626953125 -0.8590245246887207 
vn -0.6561493873596191 0.36865177750587463 -0.6584556698799133 
vn -0.8603342175483704 0.36402761936187744 -0.3568037748336792 
vn -0.9295517206192017 0.3686853349208832 0.002184694167226553 
vn -0.859046220779419 -0.3670567572116852 0.3568037748336792 
vn -0.6582863330841064 -0.3648222088813782 0.6584556698799133 
vn -0.3559505343437195 -0.3679348826408386 0.8590245246887207 
vn -0.0018777163932099938 -0.36698195338249207 0.9302261471748352 
vn 0.3586479127407074 -0.3653060793876648 0.8590245246887207 
vn 0.6564501523971558 -0.36811599135398865 0.6584556698799133 
vn 0.859046220779419 -0.3670567572116852 0.3568037748336792 
vn 0.9295517206192017 -0.3686853349208832 -0.002184694167226553 
vn 0.8588553667068481 -0.36750316619873047 -0.3568037748336792 
vn 0.6561493873596191 -0.36865177750587463 -0.6584556698799133 
vn 0.3579659163951874 -0.36597442626953125 -0.8590245246887207 
vn 0.0018900291761383414 -0.3669818937778473 -0.9302261471748352 
vn -0.3579659163951874 -0.36597442626953125 -0.8590245246887207 
vn -0.6561493873596191 -0.36865177750587463 -0.6584556698799133 
vn -0.8603342175483704 -0.36402761936187744 -0.3568037748336792 
vn -0.9295517206192017 -0.3686853349208832 -0.002184694167226553 
vn -0.3006172180175781 -0.9056556820869446 0.2990269064903259 
vn -0.1595412641763687 -0.9072176218032837 0.3892335295677185 
vn -0.001886979560367763 -0.9069715142250061 0.42118772864341736 
vn 0.16325584053993225 -0.9065565466880798 0.3892335295677185 
vn 0.3006172180175781 -0.9056556820869446 0.2990269064903259 
vn 0.39103153347969055 -0.9058069586753845 0.16312000155448914 
vn 0.4241376221179962 -0.9055951237678528 -0.002184694167226553 
vn 0.39103153347969055 -0.9058069586753845 -0.16312000155448914 
vn 0.3006172180175781 -0.9056556820869446 -0.2990269064903259 
vn 0.16160739958286285 -0.9068518877029419 -0.3892335295677185 
vn -0.001886979560367763 -0.9069715142250061 -0.42118772864341736 
vn -0.16160739958286285 -0.9068518877029419 -0.3892335295677185 
vn -0.3006172180175781 -0.9056556820869446 -0.2990269064903259 
vn -0.3875625729560852 -0.9072965979576111 -0.16312000155448914 
vn -0.4241376221179962 -0.9055951237678528 -0.002184694167226553 
vn -0.46228957176208496 -0.7554703950881958 0.4642767012119293 
vn -0.24826475977897644 -0.7543240189552307 0.607749879360199 
vn -0.0018855036469176412 -0.7526171803474426 0.6584556698799133 
vn 0.24826475977897644 -0.7543240189552307 0.607749879360199 
vn 0.46228957176208496 -0.7554703950881958 0.4642767012119293 
vn 0.609117865562439 -0.7516979575157166 0.25283506512641907 
vn 0.6574495434761047 -0.7534953951835632 0.002184694167226553 
vn 0.609117865562439 -0.7516979575157166 -0.25283506512641907 
vn 0.46767112612724304 -0.75215083360672 -0.4642767012119293 
vn 0.2525780498981476 -0.7528907060623169 -0.607749879360199 
vn -0.003777019213885069 -0.7526100873947144 -0.6584556698799133 
vn -0.2525780498981476 -0.7528907060623169 -0.607749879360199 
vn -0.46446070075035095 -0.7541375160217285 -0.4642767012119293 
vn -0.6061796545982361 -0.7540693879127502 -0.25283506512641907 
vn -0.6574495434761047 -0.7534953951835632 0.002184694167226553 
vn -0.6061796545982361 -0.7540693879127502 0.25283506512641907 
vn -0.3875625729560852 -0.9072965979576111 0.16312000155448914 
vn -0.6574495434761047 -0.7534953951835632 0.002184694167226553 
vn -0.4241376221179962 -0.9055951237678528 -0.002184694167226553 
vn -0.9295517206192017 -0.3686853349208832 -0.002184694167226553 
vn -0.9295517206192017 0.3686853349208832 0.002184694167226553 
vn -0.7071051001548767 0.7071051001548767 0.002184694167226553 
vn -0.5759913921356201 0.5799909830093384 0.5760593414306641 
vn 0.7071051001548767 0.7071051001548767 0.002184694167226553 
vn 0.5786608457565308 0.5773276686668396 0.5760593414306641 
vn 0.5786608457565308 -0.5773276686668396 0.5760593414306641 
vn -0.5759913921356201 -0.5799909830093384 0.5760593414306641 
vn -0.7071051001548767 -0.7071051001548767 -0.002184694167226553 
vn -0.7071051001548767 0.7071051001548767 0.002184694167226553 
vn 0.7071051001548767 -0.7071051001548767 -0.002184694167226553 
vn 0.6410159468650818 -0.2853986918926239 0.7124928832054138 
vn 0.999997615814209 0 0.002184694167226553 
vn 0.6043256521224976 0.04519793391227722 0.7954543828964233 
vn 0.9303752779960632 0.33996692299842834 0.1372016966342926 
vn 0.3202393352985382 0.6550600528717041 0.6843559741973877 
vn 0.4153972268104553 0.8451862931251526 0.3363112509250641 
vn 0.6675848960876465 0.6955879926681519 0.26549527049064636 
vn 0.8340436816215515 0.4495534300804138 -0.3198012113571167 
vn 0.5240941643714905 0.7695025205612183 -0.3649536371231079 
vn 0.7500961422920227 0.21630965173244476 -0.6249527335166931 
vn 0.6988366842269897 0.23738926649093628 -0.67473965883255 
vn 0.8373157978057861 0.4492931067943573 -0.31150925159454346 
vn 0.2750832736492157 0.8661732077598572 -0.417220801115036 
vn 0.4244820177555084 0.3364402949810028 -0.8406086564064026 
vn 0.804044783115387 0.22391800582408905 -0.5507928133010864 
vn 0.11533790081739426 0.3696439266204834 -0.9219872951507568 
vn -0.7114561796188354 0.26252034306526184 -0.651853621006012 
vn -0.7393497228622437 0.22353869676589966 -0.6351318359375 
vn -0.3243975043296814 0.5971359610557556 -0.7336177229881287 
vn -0.5243792533874512 0.7673669457435608 -0.3690181374549866 
vn 0.001887889695353806 0.9194276928901672 -0.3932546079158783 
vn 0.0018853626679629087 0.9277990460395813 0.37307560443878174 
vn -0.2996765673160553 0.7296432852745056 0.6146662831306458 
vn 0.3031620681285858 0.7282019853591919 0.6146662831306458 
vn 0.0018853626679629087 0.9277990460395813 0.37307560443878174 
vn -0.2992071807384491 0.9526253342628479 0.05459024757146835 
vn 0.0018853626679629087 0.9277990460395813 0.37307560443878174 
vn 0.30280643701553345 0.9514873623847961 0.05459024757146835 
vn -0.003772426163777709 0.9294145107269287 0.3690181374549866 
vn -0.005663637537509203 0.9194121956825256 -0.3932546079158783 
vn 0.2961607277393341 0.6187184453010559 -0.7276512384414673 
vn 0.572001039981842 0.757082998752594 -0.31565824151039124 
vn 0.9043909311294556 0.3960520327091217 -0.15880759060382843 
vn -0.5702775120735168 0.7566443681716919 -0.3198012113571167 
vn -0.9043909311294556 0.3960520327091217 -0.15880759060382843 
vn 0.3006214201450348 0.6962137818336487 0.651853621006012 
vn 0.7376663088798523 0.6310192942619324 0.2401314377784729 
vn 0.5293583273887634 0.3157753050327301 0.7874425053596497 
vn 0.3031620681285858 0.7282019853591919 0.6146662831306458 
vn -0.7071051001548767 0.7071051001548767 0.002184694167226553 
vn -0.5759913921356201 0.5799909830093384 0.5760593414306641 
vn 0.7071051001548767 0.7071051001548767 0.002184694167226553 
vn 0.5786608457565308 0.5773276686668396 0.5760593414306641 
vn 0.5786608457565308 -0.5773276686668396 0.5760593414306641 
vn -0.5759913921356201 -0.5799909830093384 0.5760593414306641 
vn -0.7071051001548767 -0.7071051001548767 0.002184694167226553 
vn -0.7071051001548767 0.7071051001548767 0.002184694167226553 
vn 0.7071051001548767 -0.7071051001548767 0.002184694167226553 
vn -0.1255660504102707 0.6711156964302063 0.7306414246559143 
vn -0.1126704141497612 0.7499281764030457 0.651853621006012 
vn 0.1292695254087448 0.6704121828079224 0.7306414246559143 
vn 0.1126704141497612 0.7499281764030457 0.651853621006012 
vn 0.3735758364200592 0.6696717143058777 0.641857385635376 
vn 0.3314359486103058 0.7471986413002014 0.5760593414306641 
vn 0.5691962242126465 0.6705117225646973 0.4758462607860565 
vn 0.5079441666603088 0.7491616010665894 0.42514660954475403 
vn 0.6980048418045044 0.6699728965759277 0.25283506512641907 
vn 0.6238600611686707 0.7477259039878845 0.22738653421401978 
vn 0.74347984790802 0.6687547564506531 0.002184694167226553 
vn 0.6631211042404175 0.7485089898109436 -0.002184694167226553 
vn 0.6980048418045044 0.6699728965759277 -0.25283506512641907 
vn 0.6230515241622925 0.7483997344970703 -0.22738653421401978 
vn 0.5691962242126465 0.6705117225646973 -0.4758462607860565 
vn 0.5069737434387207 0.7498186230659485 -0.42514660954475403 
vn 0.37246066331863403 0.6702926158905029 -0.641857385635376 
vn 0.330168217420578 0.7477596998214722 -0.5760593414306641 
vn 0.12763994932174683 0.6707243323326111 -0.7306414246559143 
vn 0.11844480782747269 0.7490378618240356 -0.651853621006012 
vn -0.12763994932174683 0.6707243323326111 -0.7306414246559143 
vn -0.11471407860517502 0.7496182918548584 -0.651853621006012 
vn -0.37246066331863403 0.6702926158905029 -0.641857385635376 
vn -0.330168217420578 0.7477596998214722 -0.5760593414306641 
vn -0.5691962242126465 0.6705117225646973 -0.4758462607860565 
vn -0.5100976228713989 0.7476969957351685 -0.42514660954475403 
vn -0.6953848600387573 0.672691822052002 -0.25283506512641907 
vn -0.6230515241622925 0.7483997344970703 -0.22738653421401978 
vn -0.74347984790802 0.6687547564506531 -0.002184694167226553 
vn -0.6631211042404175 0.7485089898109436 -0.002184694167226553 
vn -0.6953848600387573 0.672691822052002 0.25283506512641907 
vn -0.6209589242935181 0.7501369118690491 0.22738653421401978 
vn -0.5691962242126465 0.6705117225646973 0.4758462607860565 
vn -0.5079441666603088 0.7491616010665894 0.42514660954475403 
vn -0.3702789545059204 0.6715002655982971 0.641857385635376 
vn -0.3279854655265808 0.7487196922302246 0.5760593414306641 
vn -0.1255660504102707 0.6711156964302063 0.7306414246559143 
vn -0.1126704141497612 0.7499281764030457 0.651853621006012 
vn 0.12763994932174683 0.6707243323326111 -0.7306414246559143 
vn -0.12763994932174683 0.6707243323326111 -0.7306414246559143 
vn -0.37246066331863403 0.6702926158905029 -0.641857385635376 
vn -0.5691962242126465 0.6705117225646973 -0.4758462607860565 
vn -0.6953848600387573 0.672691822052002 -0.25283506512641907 
vn -0.74347984790802 0.6687547564506531 -0.002184694167226553 
vn -0.6953848600387573 0.672691822052002 0.25283506512641907 
vn -0.5691962242126465 0.6705117225646973 0.4758462607860565 
vn -0.3702789545059204 0.6715002655982971 0.641857385635376 
vn -0.1255660504102707 0.6711156964302063 0.7306414246559143 
vn 0.1292695254087448 0.6704121828079224 0.7306414246559143 
vn 0.3735758364200592 0.6696717143058777 0.641857385635376 
vn 0.5691962242126465 0.6705117225646973 0.4758462607860565 
vn 0.6980048418045044 0.6699728965759277 0.25283506512641907 
vn 0.74347984790802 0.6687547564506531 0.002184694167226553 
vn 0.6980048418045044 0.6699728965759277 -0.25283506512641907 
vn 0.5691962242126465 0.6705117225646973 -0.4758462607860565 
vn 0.37246066331863403 0.6702926158905029 -0.641857385635376 
vn 0.12763994932174683 0.6707243323326111 -0.7306414246559143 
vn 0.1738872230052948 0 -0.9847655892372131 
vn -0.1738872230052948 -3.596389746879543e-14 -0.9847655892372131 
vn -0.5006305575370789 -1.0354196476993274e-13 -0.865661084651947 
vn -0.7668240666389465 -1.5859693116085372e-13 -0.641857385635376 
vn -0.9402724504470825 -1.9447006396715316e-13 -0.34042292833328247 
vn -0.999997615814209 -2.0682260971124217e-13 0.002184694167226553 
vn -0.940264880657196 -0.0037725989241153 0.34042292833328247 
vn -0.7668147683143616 -0.0037700142711400986 0.641857385635376 
vn -0.5006305575370789 -1.0354196476993274e-13 0.865661084651947 
vn -0.1738872230052948 -3.596389746879543e-14 0.9847655892372131 
vn 0.1738872230052948 0 0.9847655892372131 
vn 0.5006305575370789 0 0.865661084651947 
vn 0.7668240666389465 0 0.641857385635376 
vn 0.9402724504470825 0 0.34042292833328247 
vn 0.999997615814209 0 0.002184694167226553 
vn 0.9402724504470825 0 -0.34042292833328247 
vn 0.7668240666389465 0 -0.641857385635376 
vn 0.5006305575370789 0 -0.865661084651947 
vn 0.1738872230052948 0 -0.9847655892372131 
vn 0.572001039981842 0.757082998752594 -0.31565824151039124 
vn 0.2961607277393341 0.6187184453010559 -0.7276512384414673 
vn 0.30280643701553345 0.9514873623847961 0.05459024757146835 
vn 0.5762925148010254 0.7520732283592224 -0.3198012113571167 
vn -0.2991328537464142 0.9523886442184448 0.058952588587999344 
vn -0.5762925148010254 0.7520732283592224 -0.3198012113571167 
vn -0.5702775120735168 0.7566443681716919 -0.3198012113571167 
vn -0.3243975043296814 0.5971359610557556 -0.7336177229881287 
vn 0.7070115208625793 0.2662685513496399 -0.6551609039306641 
vn 0.6988366842269897 0.23738926649093628 -0.67473965883255 
vn -0.7070115208625793 0.2662685513496399 -0.6551609039306641 
vn -0.7114561796188354 0.26252034306526184 -0.651853621006012 
vn 0.4687046408653259 0.7515072226524353 0.4642767012119293 
vn 0.46228957176208496 -0.7554703950881958 0.4642767012119293 
vn 0.2554129362106323 0.7519336938858032 0.607749879360199 
vn 0.2519468069076538 -0.7558938264846802 0.6042742133140564 
vn -0.0018855036469176412 0.7526171803474426 0.6584556698799133 
vn 0.0018866752507165074 -0.7554870247840881 0.6551609039306641 
vn -0.2554129362106323 0.7519336938858032 0.607749879360199 
vn -0.2519468069076538 -0.7558938264846802 0.6042742133140564 
vn -0.4687046408653259 0.7515072226524353 0.4642767012119293 
vn -0.46228957176208496 -0.7554703950881958 0.4642767012119293 
vn -0.6061796545982361 0.7540693879127502 0.25283506512641907 
vn -0.6061796545982361 -0.7540693879127502 0.25283506512641907 
vn -0.6574495434761047 0.7534953951835632 -0.002184694167226553 
vn -0.6574495434761047 -0.7534953951835632 0.002184694167226553 
vn -0.6061796545982361 0.7540693879127502 -0.25283506512641907 
vn -0.6061796545982361 -0.7540693879127502 -0.25283506512641907 
vn -0.46446070075035095 0.7541375160217285 -0.4642767012119293 
vn -0.46446070075035095 -0.7541375160217285 -0.4642767012119293 
vn -0.25410348176956177 0.755171537399292 -0.6042742133140564 
vn -0.2525780498981476 -0.7528907060623169 -0.607749879360199 
vn -7.812633461175278e-14 0.7554894089698792 -0.6551609039306641 
vn -0.003777019213885069 -0.7526100873947144 -0.6584556698799133 
vn 0.25052228569984436 0.7563671469688416 -0.6042742133140564 
vn 0.2525780498981476 -0.7528907060623169 -0.607749879360199 
vn 0.46124187111854553 0.7561104893684387 -0.4642767012119293 
vn 0.46767112612724304 -0.75215083360672 -0.4642767012119293 
vn 0.609117865562439 0.7516979575157166 -0.25283506512641907 
vn 0.609117865562439 -0.7516979575157166 -0.25283506512641907 
vn 0.6574495434761047 0.7534953951835632 -0.002184694167226553 
vn 0.6574495434761047 -0.7534953951835632 0.002184694167226553 
vn 0.609117865562439 0.7516979575157166 0.25283506512641907 
vn 0.609117865562439 -0.7516979575157166 0.25283506512641907 
vn 0.4687046408653259 0.7515072226524353 0.4642767012119293 
vn 0.46228957176208496 -0.7554703950881958 0.4642767012119293 
vn 0.3006172180175781 -0.9056556820869446 0.2990269064903259 
vn 0.16325584053993225 -0.9065565466880798 0.3892335295677185 
vn -0.001886979560367763 -0.9069715142250061 0.42118772864341736 
vn -0.1595412641763687 -0.9072176218032837 0.3892335295677185 
vn -0.3006172180175781 -0.9056556820869446 0.2990269064903259 
vn -0.3875625729560852 -0.9072965979576111 0.16312000155448914 
vn -0.4241376221179962 -0.9055951237678528 0.002184694167226553 
vn -0.3875625729560852 -0.9072965979576111 -0.16312000155448914 
vn -0.3006172180175781 -0.9056556820869446 -0.2990269064903259 
vn -0.16160739958286285 -0.9068518877029419 -0.3892335295677185 
vn -0.001886979560367763 -0.9069715142250061 -0.42118772864341736 
vn 0.16160739958286285 -0.9068518877029419 -0.3892335295677185 
vn 0.3006172180175781 -0.9056556820869446 -0.2990269064903259 
vn 0.39103153347969055 -0.9058069586753845 -0.16312000155448914 
vn 0.4241376221179962 -0.9055951237678528 0.002184694167226553 
vn 0.39103153347969055 -0.9058069586753845 0.16312000155448914 
vn 0.3006172180175781 -0.9056556820869446 0.2990269064903259 
vn 0.3586479127407074 -0.3653060793876648 0.8590245246887207 
vn -0.0018777163932099938 -0.36698195338249207 0.9302261471748352 
vn -0.3559505343437195 -0.3679348826408386 0.8590245246887207 
vn -0.6582863330841064 -0.3648222088813782 0.6584556698799133 
vn -0.859046220779419 -0.3670567572116852 0.3568037748336792 
vn -0.9295517206192017 -0.3686853349208832 0.002184694167226553 
vn -0.8603342175483704 -0.36402761936187744 -0.3568037748336792 
vn -0.6561493873596191 -0.36865177750587463 -0.6584556698799133 
vn -0.3579659163951874 -0.36597442626953125 -0.8590245246887207 
vn 0.0018900291761383414 -0.3669818937778473 -0.9302261471748352 
vn 0.3579659163951874 -0.36597442626953125 -0.8590245246887207 
vn 0.6561493873596191 -0.36865177750587463 -0.6584556698799133 
vn 0.8588553667068481 -0.36750316619873047 -0.3568037748336792 
vn 0.9295517206192017 -0.3686853349208832 0.002184694167226553 
vn 0.859046220779419 -0.3670567572116852 0.3568037748336792 
vn 0.6564501523971558 -0.36811599135398865 0.6584556698799133 
vn 0.3831879794597626 0 0.9236704111099243 
vn 0 0 1 
vn -0.3831879794597626 -7.925212949008026e-14 0.9236704111099243 
vn -0.7078787684440613 -1.4640568759497624e-13 0.7063339352607727 
vn -0.924505352973938 -1.9120906843538704e-13 0.3811691105365753 
vn -0.999997615814209 -2.0682260971124217e-13 0.002184694167226553 
vn -0.9244976043701172 0.0037768674083054066 -0.3811691105365753 
vn -0.7078686952590942 0.0037756471429020166 -0.7063339352607727 
vn -0.3831879794597626 -7.925212949008026e-14 -0.9236704111099243 
vn 2.0682311115474694e-13 4.2775797696334704e-26 -1 
vn 0.3831879794597626 0 -0.9236704111099243 
vn 0.7078787684440613 0 -0.7063339352607727 
vn 0.924505352973938 0 -0.3811691105365753 
vn 0.999997615814209 0 0.002184694167226553 
vn 0.924505352973938 0 0.3811691105365753 
vn 0.7078787684440613 0 0.7063339352607727 
vn 0.7078787684440613 0 0.7063339352607727 
vn 0.6564501523971558 -0.36811599135398865 0.6584556698799133 
vn 0.5748727917671204 0.5775427222251892 -0.5796254277229309 
vn 0.3040924668312073 0.9016990065574646 -0.30735430121421814 
vn 0.5817655324935913 0.5777654051780701 0.5724822878837585 
vn 0.3006172180175781 0.9056556820869446 0.2990269064903259 
vn -1.0341130485562108e-13 0.999997615814209 -0.002184694167226553 
vn -1.0341130485562108e-13 0.999997615814209 0.002184694167226553 
vn -0.5914047956466675 0.582068145275116 0.5580654144287109 
vn -0.5994572639465332 0.580756664276123 -0.5507928133010864 
vn -0.020771879702806473 0.6982505917549133 -0.715552031993866 
vn 0.14631231129169464 0.6701614856719971 -0.7276512384414673 
vn 0.5350194573402405 0.6310809850692749 -0.5616858005523682 
vn -0.6574495434761047 -0.7534953951835632 -0.002184694167226553 
vn -0.4241376221179962 -0.9055951237678528 -0.002184694167226553 
vn -0.6061796545982361 -0.7540693879127502 -0.25283506512641907 
vn -0.3875625729560852 -0.9072965979576111 -0.16312000155448914 
vn -0.46446070075035095 -0.7541375160217285 -0.4642767012119293 
vn -0.3006172180175781 -0.9056556820869446 -0.2990269064903259 
vn -0.2525780498981476 -0.7528907060623169 -0.607749879360199 
vn -0.16160739958286285 -0.9068518877029419 -0.3892335295677185 
vn 0.003777019213885069 -0.7526100873947144 -0.6584556698799133 
vn -0.001886979560367763 -0.9069715142250061 -0.42118772864341736 
vn 0.2525780498981476 -0.7528907060623169 -0.607749879360199 
vn 0.16160739958286285 -0.9068518877029419 -0.3892335295677185 
vn 0.46767112612724304 -0.75215083360672 -0.4642767012119293 
vn 0.3006172180175781 -0.9056556820869446 -0.2990269064903259 
vn 0.609117865562439 -0.7516979575157166 -0.25283506512641907 
vn 0.39103153347969055 -0.9058069586753845 -0.16312000155448914 
vn 0.6574495434761047 -0.7534953951835632 0.002184694167226553 
vn 0.4241376221179962 -0.9055951237678528 -0.002184694167226553 
vn 0.609117865562439 -0.7516979575157166 0.25283506512641907 
vn 0.39103153347969055 -0.9058069586753845 0.16312000155448914 
vn 0.46228957176208496 -0.7554703950881958 0.4642767012119293 
vn 0.3006172180175781 -0.9056556820869446 0.2990269064903259 
vn 0.24826475977897644 -0.7543240189552307 0.607749879360199 
vn 0.16325584053993225 -0.9065565466880798 0.3892335295677185 
vn -0.0018855036469176412 -0.7526171803474426 0.6584556698799133 
vn -0.001886979560367763 -0.9069715142250061 0.42118772864341736 
vn -0.24826475977897644 -0.7543240189552307 0.607749879360199 
vn -0.1595412641763687 -0.9072176218032837 0.3892335295677185 
vn -0.46228957176208496 -0.7554703950881958 0.4642767012119293 
vn -0.3006172180175781 -0.9056556820869446 0.2990269064903259 
vn -0.6061796545982361 -0.7540693879127502 0.25283506512641907 
vn -0.3875625729560852 -0.9072965979576111 0.16312000155448914 
vn -0.6574495434761047 -0.7534953951835632 -0.002184694167226553 
vn -0.4241376221179962 -0.9055951237678528 -0.002184694167226553 
vn -0.8603342175483704 -0.36402761936187744 -0.3568037748336792 
vn -0.6561493873596191 -0.36865177750587463 -0.6584556698799133 
vn -0.3579659163951874 -0.36597442626953125 -0.8590245246887207 
vn 0.0018900291761383414 -0.3669818937778473 -0.9302261471748352 
vn 0.3579659163951874 -0.36597442626953125 -0.8590245246887207 
vn 0.6561493873596191 -0.36865177750587463 -0.6584556698799133 
vn 0.8588553667068481 -0.36750316619873047 -0.3568037748336792 
vn 0.9295517206192017 -0.3686853349208832 -0.002184694167226553 
vn 0.859046220779419 -0.3670567572116852 0.3568037748336792 
vn 0.6564501523971558 -0.36811599135398865 0.6584556698799133 
vn 0.3586479127407074 -0.3653060793876648 0.8590245246887207 
vn -0.0018777163932099938 -0.36698195338249207 0.9302261471748352 
vn -0.3559505343437195 -0.3679348826408386 0.8590245246887207 
vn -0.6582863330841064 -0.3648222088813782 0.6584556698799133 
vn -0.859046220779419 -0.3670567572116852 0.3568037748336792 
vn -0.9295517206192017 -0.3686853349208832 -0.002184694167226553 
vn -0.8603342175483704 0.36402761936187744 -0.3568037748336792 
vn -0.6561493873596191 0.36865177750587463 -0.6584556698799133 
vn -0.3579659163951874 0.36597442626953125 -0.8590245246887207 
vn 0.0018900291761383414 0.3669818937778473 -0.9302261471748352 
vn 0.3579659163951874 0.36597442626953125 -0.8590245246887207 
vn 0.6561493873596191 0.36865177750587463 -0.6584556698799133 
vn 0.8588553667068481 0.36750316619873047 -0.3568037748336792 
vn 0.9295517206192017 0.3686853349208832 0.002184694167226553 
vn 0.859046220779419 0.3670567572116852 0.3568037748336792 
vn 0.6564501523971558 0.36811599135398865 0.6584556698799133 
vn 0.3586479127407074 0.3653060793876648 0.8590245246887207 
vn -0.0018777163932099938 0.36698195338249207 0.9302261471748352 
vn -0.3559505343437195 0.3679348826408386 0.8590245246887207 
vn -0.6582863330841064 0.3648222088813782 0.6584556698799133 
vn -0.859046220779419 0.3670567572116852 0.3568037748336792 
vn -0.9295517206192017 0.3686853349208832 0.002184694167226553 
vn -0.3006172180175781 0.9056556820869446 -0.2990269064903259 
vn -0.16160739958286285 0.9068518877029419 -0.3892335295677185 
vn -0.001886979560367763 0.9069715142250061 -0.42118772864341736 
vn 0.16160739958286285 0.9068518877029419 -0.3892335295677185 
vn 0.3006172180175781 0.9056556820869446 -0.2990269064903259 
vn 0.39103153347969055 0.9058069586753845 -0.16312000155448914 
vn 0.4241376221179962 0.9055951237678528 0.002184694167226553 
vn 0.39103153347969055 0.9058069586753845 0.16312000155448914 
vn 0.3006172180175781 0.9056556820869446 0.2990269064903259 
vn 0.16325584053993225 0.9065565466880798 0.3892335295677185 
vn -0.001886979560367763 0.9069715142250061 0.42118772864341736 
vn -0.1595412641763687 0.9072176218032837 0.3892335295677185 
vn -0.3006172180175781 0.9056556820869446 0.2990269064903259 
vn -0.3875625729560852 0.9072965979576111 0.16312000155448914 
vn -0.4241376221179962 0.9055951237678528 0.002184694167226553 
vn -0.46446070075035095 0.7541375160217285 -0.4642767012119293 
vn -0.2525780498981476 0.7528907060623169 -0.607749879360199 
vn -0.003777019213885069 0.7526100873947144 -0.6584556698799133 
vn 0.2525780498981476 0.7528907060623169 -0.607749879360199 
vn 0.46767112612724304 0.75215083360672 -0.4642767012119293 
vn 0.609117865562439 0.7516979575157166 -0.25283506512641907 
vn 0.6574495434761047 0.7534953951835632 -0.002184694167226553 
vn 0.609117865562439 0.7516979575157166 0.25283506512641907 
vn 0.46228957176208496 0.7554703950881958 0.4642767012119293 
vn 0.24826475977897644 0.7543240189552307 0.607749879360199 
vn -0.0018855036469176412 0.7526171803474426 0.6584556698799133 
vn -0.24826475977897644 0.7543240189552307 0.607749879360199 
vn -0.46228957176208496 0.7554703950881958 0.4642767012119293 
vn -0.6061796545982361 0.7540693879127502 0.25283506512641907 
vn -0.6574495434761047 0.7534953951835632 -0.002184694167226553 
vn -0.6061796545982361 0.7540693879127502 -0.25283506512641907 
vn -0.3875625729560852 0.9072965979576111 -0.16312000155448914 
vn -0.6574495434761047 0.7534953951835632 -0.002184694167226553 
vn -0.4241376221179962 0.9055951237678528 0.002184694167226553 
vn -0.9295517206192017 0.3686853349208832 0.002184694167226553 
vn -0.9295517206192017 -0.3686853349208832 -0.002184694167226553 
vn 0.6410159468650818 -0.2853986918926239 0.7124928832054138 
vn 0.999997615814209 0 0.002184694167226553 
vn 0.6043256521224976 0.04519793391227722 0.7954543828964233 
vn 0.9303752779960632 0.33996692299842834 0.1372016966342926 
vn 0.3202393352985382 0.6550600528717041 0.6843559741973877 
vn 0.4153972268104553 0.8451862931251526 0.3363112509250641 
vn 0.6675848960876465 0.6955879926681519 0.26549527049064636 
vn 0.8340436816215515 0.4495534300804138 -0.3198012113571167 
vn 0.5240941643714905 0.7695025205612183 -0.3649536371231079 
vn 0.7500961422920227 0.21630965173244476 -0.6249527335166931 
vn 0.6988366842269897 0.23738926649093628 -0.67473965883255 
vn 0.8373157978057861 0.4492931067943573 -0.31150925159454346 
vn 0.2750832736492157 0.8661732077598572 -0.417220801115036 
vn 0.4244820177555084 0.3364402949810028 -0.8406086564064026 
vn 0.804044783115387 0.22391800582408905 -0.5507928133010864 
vn 0.11533790081739426 0.3696439266204834 -0.9219872951507568 
vn 0.609117865562439 0.7516979575157166 0.25283506512641907 
vn 0.6032322645187378 -0.7564293146133423 0.25283506512641907 
vn 0.4655606746673584 0.751063346862793 0.46814218163490295 
vn 0.46228957176208496 -0.7554703950881958 0.4642767012119293 
vn 0.2503105700016022 0.750840961933136 0.6112139225006104 
vn 0.2519468069076538 -0.7558938264846802 0.6042742133140564 
vn 0.0018842883873730898 0.7497329711914062 0.661737859249115 
vn 2.3560163152011593e-13 -0.758344829082489 0.651853621006012 
vn -0.2538871169090271 0.7496391534805298 0.6112139225006104 
vn -0.2519468069076538 -0.7558938264846802 0.6042742133140564 
vn -0.4655606746673584 0.751063346862793 0.46814218163490295 
vn -0.46228957176208496 -0.7554703950881958 0.4642767012119293 
vn -0.6061796545982361 0.7540693879127502 0.25283506512641907 
vn -0.6061796545982361 -0.7540693879127502 0.25283506512641907 
vn -0.6574495434761047 0.7534953951835632 -0.002184694167226553 
vn -0.6574495434761047 -0.7534953951835632 0.002184694167226553 
vn -0.6061796545982361 0.7540693879127502 -0.25283506512641907 
vn -0.6061796545982361 -0.7540693879127502 -0.25283506512641907 
vn -0.46446070075035095 0.7541375160217285 -0.4642767012119293 
vn -0.46773087978363037 -0.7497137784957886 -0.46814218163490295 
vn -0.24693548679351807 0.7575457096099854 -0.6042742133140564 
vn -0.25604766607284546 -0.7489039301872253 -0.6112139225006104 
vn -0.001887803548015654 0.7583425045013428 -0.651853621006012 
vn 2.3292682344543125e-13 -0.7497352957725525 -0.661737859249115 
vn 0.25052228569984436 0.7563671469688416 -0.6042742133140564 
vn 0.25604766607284546 -0.7489039301872253 -0.6112139225006104 
vn 0.46124187111854553 0.7561104893684387 -0.4642767012119293 
vn 0.464522123336792 -0.7517061233520508 -0.46814218163490295 
vn 0.6032322645187378 0.7564293146133423 -0.25283506512641907 
vn 0.609117865562439 -0.7516979575157166 -0.25283506512641907 
vn 0.6574495434761047 0.7534953951835632 -0.002184694167226553 
vn 0.6574495434761047 -0.7534953951835632 0.002184694167226553 
vn 0.609117865562439 0.7516979575157166 0.25283506512641907 
vn 0.6032322645187378 -0.7564293146133423 0.25283506512641907 
vn 0.39103153347969055 -0.9058069586753845 0.16312000155448914 
vn 0.3006172180175781 -0.9056556820869446 0.2990269064903259 
vn 0.16325584053993225 -0.9065565466880798 0.3892335295677185 
vn -0.001886979560367763 -0.9069715142250061 0.42118772864341736 
vn -0.1595412641763687 -0.9072176218032837 0.3892335295677185 
vn -0.3006172180175781 -0.9056556820869446 0.2990269064903259 
vn -0.3875625729560852 -0.9072965979576111 0.16312000155448914 
vn -0.4241376221179962 -0.9055951237678528 0.002184694167226553 
vn -0.3875625729560852 -0.9072965979576111 -0.16312000155448914 
vn -0.3006172180175781 -0.9056556820869446 -0.2990269064903259 
vn -0.16160739958286285 -0.9068518877029419 -0.3892335295677185 
vn -0.001886979560367763 -0.9069715142250061 -0.42118772864341736 
vn 0.16160739958286285 -0.9068518877029419 -0.3892335295677185 
vn 0.3006172180175781 -0.9056556820869446 -0.2990269064903259 
vn 0.39103153347969055 -0.9058069586753845 -0.16312000155448914 
vn 0.4241376221179962 -0.9055951237678528 0.002184694167226553 
vn 0.39103153347969055 -0.9058069586753845 0.16312000155448914 
vn 0.6564501523971558 -0.36811599135398865 0.6584556698799133 
vn 0.3586479127407074 -0.3653060793876648 0.8590245246887207 
vn -0.0018777163932099938 -0.36698195338249207 0.9302261471748352 
vn -0.3559505343437195 -0.3679348826408386 0.8590245246887207 
vn -0.6582863330841064 -0.3648222088813782 0.6584556698799133 
vn -0.859046220779419 -0.3670567572116852 0.3568037748336792 
vn -0.9295517206192017 -0.3686853349208832 0.002184694167226553 
vn -0.8603342175483704 -0.36402761936187744 -0.3568037748336792 
vn -0.6561493873596191 -0.36865177750587463 -0.6584556698799133 
vn -0.3579659163951874 -0.36597442626953125 -0.8590245246887207 
vn 0.0018900291761383414 -0.3669818937778473 -0.9302261471748352 
vn 0.3579659163951874 -0.36597442626953125 -0.8590245246887207 
vn 0.6561493873596191 -0.36865177750587463 -0.6584556698799133 
vn 0.8588553667068481 -0.36750316619873047 -0.3568037748336792 
vn 0.9295517206192017 -0.3686853349208832 0.002184694167226553 
vn 0.859046220779419 -0.3670567572116852 0.3568037748336792 
vn 0.7078787684440613 0 0.7063339352607727 
vn 0.3831879794597626 0 0.9236704111099243 
vn 0 0 1 
vn -0.3831879794597626 -7.925212949008026e-14 0.9236704111099243 
vn -0.7078787684440613 -1.4640568759497624e-13 0.7063339352607727 
vn -0.924505352973938 -1.9120906843538704e-13 0.3811691105365753 
vn -0.999997615814209 -2.0682260971124217e-13 0.002184694167226553 
vn -0.9244976043701172 0.0037768674083054066 -0.3811691105365753 
vn -0.7078686952590942 0.0037756471429020166 -0.7063339352607727 
vn -0.3831879794597626 -7.925212949008026e-14 -0.9236704111099243 
vn 2.0682311115474694e-13 4.2775797696334704e-26 -1 
vn 0.3831879794597626 0 -0.9236704111099243 
vn 0.7078787684440613 0 -0.7063339352607727 
vn 0.924505352973938 0 -0.3811691105365753 
vn 0.999997615814209 0 0.002184694167226553 
vn 0.924505352973938 0 0.3811691105365753 
vn 0.924505352973938 0 0.3811691105365753 
vn 0.859046220779419 -0.3670567572116852 0.3568037748336792 
vn 0.0018878303235396743 0.7078762650489807 -0.7063339352607727 
vn -0.9042856097221375 0.30056822299957275 -0.30319350957870483 
vn 0.0018878303235396743 -0.7078762650489807 -0.7063339352607727 
vn -0.9042856097221375 -0.30056822299957275 -0.30319350957870483 
vn -0.6965366005897522 0.3701649308204651 -0.6146662831306458 
vn -0.6965366005897522 -0.3701649308204651 -0.6146662831306458 
vn -0.22528254985809326 0.7300427556037903 -0.6452018022537231 
vn 0.22166800498962402 -0.731148362159729 -0.6452018022537231 
vn -0.22528254985809326 -0.7300427556037903 -0.6452018022537231 
vn 0.6965366005897522 0.3701649308204651 -0.6146662831306458 
vn 0.6965366005897522 -0.3701649308204651 -0.6146662831306458 
vn 0.6410159468650818 -0.2853986918926239 0.7124928832054138 
vn 0.999997615814209 0 0.002184694167226553 
vn 0.6043256521224976 0.04519793391227722 0.7954543828964233 
vn 0.9303752779960632 0.33996692299842834 0.1372016966342926 
vn 0.3202393352985382 0.6550600528717041 0.6843559741973877 
vn 0.4153972268104553 0.8451862931251526 0.3363112509250641 
vn 0.6675848960876465 0.6955879926681519 0.26549527049064636 
vn 0.8340436816215515 0.4495534300804138 -0.3198012113571167 
vn 0.5240941643714905 0.7695025205612183 -0.3649536371231079 
vn 0.7500961422920227 0.21630965173244476 -0.6249527335166931 
vn 0.6988366842269897 0.23738926649093628 -0.67473965883255 
vn 0.8373157978057861 0.4492931067943573 -0.31150925159454346 
vn 0.2678750157356262 0.8684294819831848 -0.417220801115036 
vn 0.4244820177555084 0.3364402949810028 -0.8406086564064026 
vn 0.804044783115387 0.22391800582408905 -0.5507928133010864 
vn 0.11533790081739426 0.3696439266204834 -0.9219872951507568 
vn -0.2996765673160553 0.7296432852745056 0.6146662831306458 
vn -0.5293583273887634 0.3157753050327301 0.7874425053596497 
vn 0.3031620681285858 0.7282019853591919 0.6146662831306458 
vn 0.5293583273887634 0.3157753050327301 0.7874425053596497 
vn -0.3006214201450348 0.6962137818336487 0.651853621006012 
vn 0.3006214201450348 0.6962137818336487 0.651853621006012 
vn -0.3239542841911316 0.6565591096878052 0.681163489818573 
vn 0.3202393352985382 0.6550600528717041 0.6843559741973877 
vn 0.6043256521224976 0.04519793391227722 0.7954543828964233 
vn -0.6040328145027161 0.048956532031297684 0.7954543828964233 
vn -0.6394740343093872 -0.2888369560241699 0.7124928832054138 
vn 0.46228957176208496 -0.7554703950881958 0.4642767012119293 
vn 0.46228957176208496 0.7554703950881958 0.4642767012119293 
vn 0.609117865562439 -0.7516979575157166 0.25283506512641907 
vn 0.609117865562439 0.7516979575157166 0.25283506512641907 
vn 0.6574495434761047 -0.7534953951835632 0.002184694167226553 
vn 0.6574495434761047 0.7534953951835632 -0.002184694167226553 
vn 0.609117865562439 -0.7516979575157166 -0.25283506512641907 
vn 0.609117865562439 0.7516979575157166 -0.25283506512641907 
vn 0.46767112612724304 -0.75215083360672 -0.4642767012119293 
vn 0.46767112612724304 0.75215083360672 -0.4642767012119293 
vn 0.2525780498981476 -0.7528907060623169 -0.607749879360199 
vn 0.2525780498981476 0.7528907060623169 -0.607749879360199 
vn -0.003777019213885069 -0.7526100873947144 -0.6584556698799133 
vn -0.003777019213885069 0.7526100873947144 -0.6584556698799133 
vn -0.2525780498981476 -0.7528907060623169 -0.607749879360199 
vn -0.2525780498981476 0.7528907060623169 -0.607749879360199 
vn -0.46446070075035095 -0.7541375160217285 -0.4642767012119293 
vn -0.46446070075035095 0.7541375160217285 -0.4642767012119293 
vn -0.6061796545982361 -0.7540693879127502 -0.25283506512641907 
vn -0.6061796545982361 0.7540693879127502 -0.25283506512641907 
vn -0.6574495434761047 -0.7534953951835632 -0.002184694167226553 
vn -0.6574495434761047 0.7534953951835632 -0.002184694167226553 
vn -0.6061796545982361 -0.7540693879127502 0.25283506512641907 
vn -0.6061796545982361 0.7540693879127502 0.25283506512641907 
vn -0.46228957176208496 -0.7554703950881958 0.4642767012119293 
vn -0.46228957176208496 0.7554703950881958 0.4642767012119293 
vn -0.24826475977897644 -0.7543240189552307 0.607749879360199 
vn -0.24826475977897644 0.7543240189552307 0.607749879360199 
vn -0.0018855036469176412 -0.7526171803474426 0.6584556698799133 
vn -0.0018855036469176412 0.7526171803474426 0.6584556698799133 
vn 0.24826475977897644 -0.7543240189552307 0.607749879360199 
vn 0.24826475977897644 0.7543240189552307 0.607749879360199 
vn 0.46228957176208496 -0.7554703950881958 0.4642767012119293 
vn 0.46228957176208496 0.7554703950881958 0.4642767012119293 
vn 0.572001039981842 0.757082998752594 -0.31565824151039124 
vn 0.2961607277393341 0.6187184453010559 -0.7276512384414673 
vn 0.30280643701553345 0.9514873623847961 0.05459024757146835 
vn 0.5762925148010254 0.7520732283592224 -0.3198012113571167 
vn -0.2991328537464142 0.9523886442184448 0.058952588587999344 
vn -0.5762925148010254 0.7520732283592224 -0.3198012113571167 
vn -0.5702775120735168 0.7566443681716919 -0.3198012113571167 
vn -0.3243975043296814 0.5971359610557556 -0.7336177229881287 
vn 0.7070115208625793 0.2662685513496399 -0.6551609039306641 
vn 0.6988366842269897 0.23738926649093628 -0.67473965883255 
vn -0.7070115208625793 0.2662685513496399 -0.6551609039306641 
vn -0.7114561796188354 0.26252034306526184 -0.651853621006012 
vn -0.42913806438446045 0.33048081398010254 -0.8406086564064026 
vn -0.8390936255455017 0.4459640085697174 -0.31150925159454346 
vn -0.7376663088798523 0.6310192942619324 0.2401314377784729 
vn -0.6648584604263306 0.6981944441795349 0.26549527049064636 
vn -0.5293583273887634 0.3157753050327301 0.7874425053596497 
vn -0.3006214201450348 0.6962137818336487 0.651853621006012 
vn -0.11533790081739426 0.3696439266204834 -0.9219872951507568 
vn -0.2750832736492157 0.8661732077598572 -0.417220801115036 
vn -0.41692888736724854 0.8427826166152954 0.34042292833328247 
vn -0.3239542841911316 0.6565591096878052 0.681163489818573 
vn -0.8387867212295532 0.4494108557701111 -0.30735430121421814 
vn -0.9296587705612183 0.34015321731567383 0.1415284425020218 
vn -0.6040328145027161 0.048956532031297684 0.7954543828964233 
vn -0.8060390949249268 0.21662944555282593 -0.5507928133010864 
vn -0.999997615814209 -2.0682260971124217e-13 0.002184694167226553 
vn -0.6394740343093872 -0.2888369560241699 0.7124928832054138 
vn 0.00376924779266119 -0.707868754863739 0.7063339352607727 
vn -0.9042856097221375 -0.30056822299957275 0.30319350957870483 
vn 0.00376924779266119 0.707868754863739 0.7063339352607727 
vn -0.9042856097221375 0.30056822299957275 0.30319350957870483 
vn -0.8140721917152405 -0.40399664640426636 0.417220801115036 
vn -0.8140721917152405 0.40399664640426636 0.417220801115036 
vn -0.2494368553161621 0.3369188606739044 0.9078915119171143 
vn -0.2494368553161621 -0.3369188606739044 0.9078915119171143 
vn 0.2494368553161621 0.3369188606739044 0.9078915119171143 
vn 0.2494368553161621 -0.3369188606739044 0.9078915119171143 
vn 0.815741777420044 0.40061473846435547 0.417220801115036 
vn 0.815741777420044 -0.40061473846435547 0.417220801115036 
vn 0.264151006937027 -0.8910947442054749 0.3690181374549866 
vn -0.264151006937027 -0.8910947442054749 0.3690181374549866 
vn 0.3031620681285858 0.7282019853591919 0.6146662831306458 
vn 0.5293583273887634 0.3157753050327301 0.7874425053596497 
vn 0.30280643701553345 0.9514873623847961 0.05459024757146835 
vn 0.7376663088798523 0.6310192942619324 0.2401314377784729 
vn 0.3006214201450348 0.6962137818336487 0.651853621006012 
vn -0.2996765673160553 0.7296432852745056 0.6146662831306458 
vn -0.2996765673160553 0.7296432852745056 0.6146662831306458 
vn -0.5293583273887634 0.3157753050327301 0.7874425053596497 
vn 0.3031620681285858 0.7282019853591919 0.6146662831306458 
vn 0.5293583273887634 0.3157753050327301 0.7874425053596497 
vn -0.3006214201450348 0.6962137818336487 0.651853621006012 
vn 0.3006214201450348 0.6962137818336487 0.651853621006012 
vn -0.3239542841911316 0.6565591096878052 0.681163489818573 
vn 0.3202393352985382 0.6550600528717041 0.6843559741973877 
vn 0.6043256521224976 0.04519793391227722 0.7954543828964233 
vn -0.6040328145027161 0.048956532031297684 0.7954543828964233 
vn -0.6394740343093872 -0.2888369560241699 0.7124928832054138 
vn 0.00376924779266119 0.707868754863739 0.7063339352607727 
vn -0.9042856097221375 0.30056822299957275 0.30319350957870483 
vn 0.0018878303235396743 0.7078762650489807 -0.7063339352607727 
vn -0.9042856097221375 0.30056822299957275 -0.30319350957870483 
vn -0.8140721917152405 0.40399664640426636 0.417220801115036 
vn -0.6965366005897522 0.3701649308204651 -0.6146662831306458 
vn -0.22528254985809326 0.7300427556037903 -0.6452018022537231 
vn -0.264151006937027 0.8910947442054749 0.3690181374549866 
vn 0.22166800498962402 0.731148362159729 -0.6452018022537231 
vn 0.264151006937027 0.8910947442054749 0.3690181374549866 
vn 0.6965366005897522 0.3701649308204651 -0.6146662831306458 
vn 0.815741777420044 0.40061473846435547 0.417220801115036 
vn 0.6965366005897522 -0.3701649308204651 -0.6146662831306458 
vn 0.815741777420044 -0.40061473846435547 0.417220801115036 
vn 0.22166800498962402 -0.731148362159729 -0.6452018022537231 
vn 0.264151006937027 -0.8910947442054749 0.3690181374549866 
vn -0.22528254985809326 -0.7300427556037903 -0.6452018022537231 
vn -0.264151006937027 -0.8910947442054749 0.3690181374549866 
vn -0.6965366005897522 -0.3701649308204651 -0.6146662831306458 
vn -0.8140721917152405 -0.40399664640426636 0.417220801115036 
vn -0.9042856097221375 -0.30056822299957275 0.30319350957870483 
vn -0.9042856097221375 -0.30056822299957275 -0.30319350957870483 
vn 0.00376924779266119 -0.707868754863739 0.7063339352607727 
vn 0.0018878303235396743 -0.7078762650489807 -0.7063339352607727 
vn 0.264151006937027 0.8910947442054749 0.3690181374549866 
vn -0.264151006937027 0.8910947442054749 0.3690181374549866 
vn -0.6394740343093872 -0.2888369560241699 0.7124928832054138 
vn 0.6410159468650818 -0.2853986918926239 0.7124928832054138 
vn -0.6045951247215271 0.04143758863210678 0.7954543828964233 
vn 0.6043256521224976 0.04519793391227722 0.7954543828964233 
vn 0.3239542841911316 0.6565591096878052 0.681163489818573 
vn -0.3202393352985382 0.6550600528717041 0.6843559741973877 
vn -0.3006214201450348 0.6962137818336487 0.651853621006012 
vn 0.3006214201450348 0.6962137818336487 0.651853621006012 
vn -0.5293583273887634 0.3157753050327301 0.7874425053596497 
vn 0.5293583273887634 0.3157753050327301 0.7874425053596497 
vn -0.2996765673160553 0.7296432852745056 0.6146662831306458 
vn 0.6988366842269897 0.23738926649093628 -0.67473965883255 
vn 0.7070115208625793 0.2662685513496399 -0.6551609039306641 
vn 0.2961607277393341 0.6187184453010559 -0.7276512384414673 
vn 0.5762925148010254 0.7520732283592224 -0.3198012113571167 
vn 0.30280643701553345 0.9514873623847961 0.05459024757146835 
vn -0.2991328537464142 0.9523886442184448 0.058952588587999344 
vn -0.5762925148010254 0.7520732283592224 -0.3198012113571167 
vn -0.7070115208625793 0.2662685513496399 -0.6551609039306641 
vn -0.7114561796188354 0.26252034306526184 -0.651853621006012 
vn -0.3243975043296814 0.5971359610557556 -0.7336177229881287 
vn -0.5702775120735168 0.7566443681716919 -0.3198012113571167 
vn 0.6410159468650818 -0.2853986918926239 0.7124928832054138 
vn 0.6043256521224976 0.04519793391227722 0.7954543828964233 
vn -0.6394740343093872 -0.2888369560241699 0.7124928832054138 
vn -0.6040328145027161 0.048956532031297684 0.7954543828964233 
vn -0.3239542841911316 0.6565591096878052 0.681163489818573 
vn 0.3202393352985382 0.6550600528717041 0.6843559741973877 
vn 0.3006214201450348 0.6962137818336487 0.651853621006012 
vn -0.3006214201450348 0.6962137818336487 0.651853621006012 
vn 0.5293583273887634 0.3157753050327301 0.7874425053596497 
vn -0.5293583273887634 0.3157753050327301 0.7874425053596497 
vn 0.3031620681285858 0.7282019853591919 0.6146662831306458 
vn -0.2996765673160553 0.7296432852745056 0.6146662831306458 
vn 0.0018878303235396743 -0.7078762650489807 -0.7063339352607727 
vn 0.00376924779266119 -0.707868754863739 0.7063339352607727 
vn -0.5779946446418762 -0.5779946446418762 -0.5760593414306641 
vn -0.5759913921356201 -0.5799909830093384 0.5760593414306641 
vn -0.5779946446418762 0.5779946446418762 -0.5760593414306641 
vn -0.5759913921356201 0.5799909830093384 0.5760593414306641 
vn 0.0018878303235396743 0.7078762650489807 -0.7063339352607727 
vn 0.00376924779266119 0.707868754863739 0.7063339352607727 
vn 0.00376924779266119 -0.707868754863739 0.7063339352607727 
vn -0.2996765673160553 0.7296432852745056 0.6146662831306458 
vn -0.2992071807384491 0.9526253342628479 0.05459024757146835 
vn -0.5293583273887634 0.3157753050327301 0.7874425053596497 
vn -0.7376663088798523 0.6310192942619324 0.2401314377784729 
vn -0.3006214201450348 0.6962137818336487 0.651853621006012 
vn -0.6648584604263306 0.6981944441795349 0.26549527049064636 
vn -0.3202393352985382 0.6550600528717041 0.6843559741973877 
vn -0.4153972268104553 0.8451862931251526 0.3363112509250641 
vn -0.9290739297866821 0.343507319688797 0.1372016966342926 
vn -0.8390936255455017 0.4459640085697174 -0.31150925159454346 
vn -0.999997615814209 -2.0682260971124217e-13 0.002184694167226553 
vn -0.804044783115387 0.22391800582408905 -0.5507928133010864 
vn -0.2750832736492157 0.8661732077598572 -0.417220801115036 
vn -0.8340436816215515 0.4495534300804138 -0.3198012113571167 
vn -0.5209705829620361 0.7716206908226013 -0.3649536371231079 
vn -0.7511343955993652 0.21267615258693695 -0.6249527335166931 
vn -0.4244820177555084 0.3364402949810028 -0.8406086564064026 
vn -0.11533790081739426 0.3696439266204834 -0.9219872951507568 
vn -0.6988366842269897 0.23738926649093628 -0.67473965883255 
vn -0.2961607277393341 0.6187184453010559 -0.7276512384414673 
vn 0.001887889695353806 0.9194276928901672 -0.3932546079158783 
vn 0.003772426163777709 0.9294145107269287 0.3690181374549866 
vn -0.9043909311294556 0.3960520327091217 -0.15880759060382843 
vn -0.2996765673160553 0.7296432852745056 0.6146662831306458 
vn 0.0018853626679629087 0.9277990460395813 0.37307560443878174 
vn 0.0018853626679629087 0.9277990460395813 0.37307560443878174 
vn 0.30280643701553345 0.9514873623847961 0.05459024757146835 
vn 0.5212562680244446 0.7694917321205139 -0.3690181374549866 
vn 0.7376663088798523 0.6310192942619324 0.2401314377784729 
vn 0.8373157978057861 0.4492931067943573 -0.31150925159454346 
vn 0.6675848960876465 0.6955879926681519 0.26549527049064636 
vn 0.2750832736492157 0.8661732077598572 -0.417220801115036 
vn 0.4203069806098938 0.8411030173301697 0.34042292833328247 
vn 0.9296587705612183 0.34015321731567383 0.1415284425020218 
vn 0.6043256521224976 0.04519793391227722 0.7954543828964233 
vn 0.6410159468650818 -0.2853986918926239 0.7124928832054138 
vn 0.3031620681285858 0.7282019853591919 0.6146662831306458 
vn 0.5293583273887634 0.3157753050327301 0.7874425053596497 
vn 0.3006214201450348 0.6962137818336487 0.651853621006012 
vn 0.3239542841911316 0.6565591096878052 0.681163489818573 
vn -0.6394740343093872 -0.2888369560241699 0.7124928832054138 
vn -0.6045951247215271 0.04143758863210678 0.7954543828964233 
vn -0.5689820051193237 0.7593545317649841 -0.31565824151039124 
vn 0.0018878303235396743 -0.7078762650489807 -0.7063339352607727 
vn 0.3006214201450348 0.6962137818336487 0.651853621006012 
vn 0.7376663088798523 0.6310192942619324 0.2401314377784729 
vn 0.5293583273887634 0.3157753050327301 0.7874425053596497 
vn 0.30280643701553345 0.9514873623847961 0.05459024757146835 
vn 0.3031620681285858 0.7282019853591919 0.6146662831306458 
vn -0.003772426163777709 0.9294145107269287 0.3690181374549866 
vn 0.0018853626679629087 0.9277990460395813 0.37307560443878174 
vn -0.2992071807384491 0.9526253342628479 0.05459024757146835 
vn 0.0018853626679629087 0.9277990460395813 0.37307560443878174 
vn -0.5193760395050049 0.7688062787055969 -0.37307560443878174 
vn 0.0018853626679629087 0.9277990460395813 0.37307560443878174 
vn 0.001887889695353806 0.9194276928901672 -0.3932546079158783 
vn -0.2996765673160553 0.7296432852745056 0.6146662831306458 
vn -0.9043909311294556 0.3960520327091217 -0.15880759060382843 
vn 0.3031620681285858 0.7282019853591919 0.6146662831306458 
vn 0.9043909311294556 0.3960520327091217 -0.15880759060382843 
vn -0.005663637537509203 0.9194121956825256 -0.3932546079158783 
vn 0.572001039981842 0.757082998752594 -0.31565824151039124 
vn 0.2961607277393341 0.6187184453010559 -0.7276512384414673 
vn -0.6988366842269897 0.23738926649093628 -0.67473965883255 
vn -0.2961607277393341 0.6187184453010559 -0.7276512384414673 
vn -0.7070115208625793 0.2662685513496399 -0.6551609039306641 
vn -0.5762925148010254 0.7520732283592224 -0.3198012113571167 
vn 0.5762925148010254 0.7520732283592224 -0.3198012113571167 
vn 0.3027311861515045 0.9512509703636169 0.058952588587999344 
vn 0.5702775120735168 0.7566443681716919 -0.3198012113571167 
vn -0.2992071807384491 0.9526253342628479 0.05459024757146835 
vn -0.5689820051193237 0.7593545317649841 -0.31565824151039124 
vn 0.0018878303235396743 0.7078762650489807 -0.7063339352607727 
vn 0.9030877351760864 0.3041483163833618 -0.30319350957870483 
vn 0.00376924779266119 0.707868754863739 0.7063339352607727 
vn 0.9030877351760864 0.3041483163833618 0.30319350957870483 
vn 0.6342779994010925 0.28514760732650757 0.7185974717140198 
vn 0.6338604688644409 0.28607454895973206 -0.7185974717140198 
vn 0.6288480162620544 0.7142013311386108 -0.30735430121421814 
vn 0.6288480162620544 0.7142013311386108 0.30735430121421814 
vn -0.35343655943870544 0.8680679798126221 0.34862664341926575 
vn -0.35343655943870544 0.8680679798126221 -0.34862664341926575 
vn -0.8780790567398071 0.3320806622505188 0.34452807903289795 
vn -0.8792555928230286 0.32895296812057495 -0.34452807903289795 
vn -0.8780790567398071 -0.3320806622505188 0.34452807903289795 
vn -0.8792555928230286 -0.32895296812057495 -0.34452807903289795 
vn -0.35343655943870544 -0.8680679798126221 0.34862664341926575 
vn -0.35343655943870544 -0.8680679798126221 -0.34862664341926575 
vn 0.6288480162620544 -0.7142013311386108 0.30735430121421814 
vn 0.6288480162620544 -0.7142013311386108 -0.30735430121421814 
vn 0.6338604688644409 -0.28607454895973206 -0.7185974717140198 
vn 0.6342779994010925 -0.28514760732650757 0.7185974717140198 
vn 0.9030877351760864 -0.3041483163833618 0.30319350957870483 
vn 0.9030877351760864 -0.3041483163833618 -0.30319350957870483 
vn 0.0018878303235396743 -0.7078762650489807 -0.7063339352607727 
vn 0.00376924779266119 -0.707868754863739 0.7063339352607727 
vn 0.7070115208625793 0.2662685513496399 -0.6551609039306641 
vn 0.7127544283866882 0.25897493958473206 -0.651853621006012 
vn 0.32107222080230713 0.5989304780960083 -0.7336177229881287 
vn 0.7127544283866882 0.25897493958473206 -0.651853621006012 
vn 0.32107222080230713 0.5989304780960083 -0.7336177229881287 
vn 0.7393497228622437 0.22353869676589966 -0.6351318359375 
vn 0.42913806438446045 0.33048081398010254 -0.8406086564064026 
vn 0.11533790081739426 0.3696439266204834 -0.9219872951507568 
vn 0.8387867212295532 0.4494108557701111 -0.30735430121421814 
vn 0.8060390949249268 0.21662944555282593 -0.5507928133010864 
vn 0.999997615814209 0 0.002184694167226553 
vn -0.005663637537509203 0.9194121956825256 -0.3932546079158783 
vn 0.0018853626679629087 0.9277990460395813 0.37307560443878174 
vn 0.9043909311294556 0.3960520327091217 -0.15880759060382843 
vn 0.3031620681285858 0.7282019853591919 0.6146662831306458 
vn 0.00376924779266119 0.707868754863739 0.7063339352607727 
vn 0.9030877351760864 0.3041483163833618 0.30319350957870483 
vn 0.00376924779266119 -0.707868754863739 0.7063339352607727 
vn 0.9030877351760864 -0.3041483163833618 0.30319350957870483 
vn 0.6342779994010925 0.28514760732650757 0.7185974717140198 
vn 0.6342779994010925 -0.28514760732650757 0.7185974717140198 
vn -0.34506720304489136 -0.3304384648799896 0.8784868121147156 
vn -0.34506720304489136 0.3304384648799896 0.8784868121147156 
vn -0.8780790567398071 -0.3320806622505188 0.34452807903289795 
vn -0.8780790567398071 0.3320806622505188 0.34452807903289795 
vn -0.35343655943870544 0.8680679798126221 0.34862664341926575 
vn 0.6288480162620544 0.7142013311386108 0.30735430121421814 
vn 0.0018878303235396743 -0.7078762650489807 -0.7063339352607727 
vn 0.9030877351760864 -0.3041483163833618 -0.30319350957870483 
vn 0.0018878303235396743 0.7078762650489807 -0.7063339352607727 
vn 0.9030877351760864 0.3041483163833618 -0.30319350957870483 
vn 0.6338604688644409 -0.28607454895973206 -0.7185974717140198 
vn 0.6338604688644409 0.28607454895973206 -0.7185974717140198 
vn -0.34379324316978455 -0.33176368474960327 -0.8784868121147156 
vn -0.34379324316978455 0.33176368474960327 -0.8784868121147156 
vn 0.6288480162620544 0.7142013311386108 -0.30735430121421814 
vn -0.35343655943870544 0.8680679798126221 -0.34862664341926575 
vn -0.8792555928230286 0.32895296812057495 -0.34452807903289795 
vn -0.8792555928230286 -0.32895296812057495 -0.34452807903289795 
vn -0.35343655943870544 -0.8680679798126221 -0.34862664341926575 
vn 0.6288480162620544 -0.7142013311386108 -0.30735430121421814 
vn -0.2996765673160553 0.7296432852745056 0.6146662831306458 
vn -0.2992071807384491 0.9526253342628479 0.05459024757146835 
vn -0.5293583273887634 0.3157753050327301 0.7874425053596497 
vn -0.7376663088798523 0.6310192942619324 0.2401314377784729 
vn -0.3006214201450348 0.6962137818336487 0.651853621006012 
vn -0.6648584604263306 0.6981944441795349 0.26549527049064636 
vn -0.3202393352985382 0.6550600528717041 0.6843559741973877 
vn -0.4153972268104553 0.8451862931251526 0.3363112509250641 
vn -0.9290739297866821 0.343507319688797 0.1372016966342926 
vn -0.8390936255455017 0.4459640085697174 -0.31150925159454346 
vn -0.999997615814209 -2.0682260971124217e-13 0.002184694167226553 
vn -0.804044783115387 0.22391800582408905 -0.5507928133010864 
vn -0.2750832736492157 0.8661732077598572 -0.417220801115036 
vn -0.8340436816215515 0.4495534300804138 -0.3198012113571167 
vn -0.5209705829620361 0.7716206908226013 -0.3649536371231079 
vn -0.7511343955993652 0.21267615258693695 -0.6249527335166931 
vn -0.4244820177555084 0.3364402949810028 -0.8406086564064026 
vn -0.11533790081739426 0.3696439266204834 -0.9219872951507568 
vn -0.6988366842269897 0.23738926649093628 -0.67473965883255 
vn -0.2961607277393341 0.6187184453010559 -0.7276512384414673 
vn 0.001887889695353806 0.9194276928901672 -0.3932546079158783 
vn 0.003772426163777709 0.9294145107269287 0.3690181374549866 
vn -0.9043909311294556 0.3960520327091217 -0.15880759060382843 
vn -0.2996765673160553 0.7296432852745056 0.6146662831306458 
vn 0.0018853626679629087 0.9277990460395813 0.37307560443878174 
vn 0.0018853626679629087 0.9277990460395813 0.37307560443878174 
vn 0.30280643701553345 0.9514873623847961 0.05459024757146835 
vn 0.5212562680244446 0.7694917321205139 -0.3690181374549866 
vn 0.7376663088798523 0.6310192942619324 0.2401314377784729 
vn 0.8373157978057861 0.4492931067943573 -0.31150925159454346 
vn 0.6675848960876465 0.6955879926681519 0.26549527049064636 
vn 0.2750832736492157 0.8661732077598572 -0.417220801115036 
vn 0.4203069806098938 0.8411030173301697 0.34042292833328247 
vn 0.9296587705612183 0.34015321731567383 0.1415284425020218 
vn 0.6043256521224976 0.04519793391227722 0.7954543828964233 
vn 0.6410159468650818 -0.2853986918926239 0.7124928832054138 
vn 0.3031620681285858 0.7282019853591919 0.6146662831306458 
vn 0.5293583273887634 0.3157753050327301 0.7874425053596497 
vn 0.3006214201450348 0.6962137818336487 0.651853621006012 
vn 0.3239542841911316 0.6565591096878052 0.681163489818573 
vn -0.5689820051193237 0.7593545317649841 -0.31565824151039124 
vn -0.6394740343093872 -0.2888369560241699 0.7124928832054138 
vn -0.6045951247215271 0.04143758863210678 0.7954543828964233 
vn 0.3031620681285858 0.7282019853591919 0.6146662831306458 
vn -0.2996765673160553 0.7296432852745056 0.6146662831306458 
vn 0.5293583273887634 0.3157753050327301 0.7874425053596497 
vn -0.5293583273887634 0.3157753050327301 0.7874425053596497 
vn 0.3006214201450348 0.6962137818336487 0.651853621006012 
vn -0.3006214201450348 0.6962137818336487 0.651853621006012 
vn 0.3239542841911316 0.6565591096878052 0.681163489818573 
vn -0.3202393352985382 0.6550600528717041 0.6843559741973877 
vn -0.6045951247215271 0.04143758863210678 0.7954543828964233 
vn 0.6043256521224976 0.04519793391227722 0.7954543828964233 
vn 0.6410159468650818 -0.2853986918926239 0.7124928832054138 
vn 0.5702775120735168 0.7566443681716919 -0.3198012113571167 
vn 0.9043909311294556 0.3960520327091217 -0.15880759060382843 
vn 0.32107222080230713 0.5989304780960083 -0.7336177229881287 
vn -0.005663637537509203 0.9194121956825256 -0.3932546079158783 
vn 0.0018853626679629087 0.9277990460395813 0.37307560443878174 
vn 0.3031620681285858 0.7282019853591919 0.6146662831306458 
vn 0.999997615814209 0 0.002184694167226553 
vn 0.8060390949249268 0.21662944555282593 -0.5507928133010864 
vn 0.8387867212295532 0.4494108557701111 -0.30735430121421814 
vn 0.11533790081739426 0.3696439266204834 -0.9219872951507568 
vn 0.42913806438446045 0.33048081398010254 -0.8406086564064026 
vn 0.7393497228622437 0.22353869676589966 -0.6351318359375 
vn -0.5689820051193237 0.7593545317649841 -0.31565824151039124 
vn -0.2992071807384491 0.9526253342628479 0.05459024757146835 
vn -0.2961607277393341 0.6187184453010559 -0.7276512384414673 
vn -0.5762925148010254 0.7520732283592224 -0.3198012113571167 
vn -0.7070115208625793 0.2662685513496399 -0.6551609039306641 
vn 0.5762925148010254 0.7520732283592224 -0.3198012113571167 
vn 0.7070115208625793 0.2662685513496399 -0.6551609039306641 
vn 0.7127544283866882 0.25897493958473206 -0.651853621006012 
vn 0.3027311861515045 0.9512509703636169 0.058952588587999344 
vn 0.5702775120735168 0.7566443681716919 -0.3198012113571167 
vn 0.32107222080230713 0.5989304780960083 -0.7336177229881287 
vn 0.6288480162620544 -0.7142013311386108 0.30735430121421814 
vn -0.35343655943870544 -0.8680679798126221 0.34862664341926575 
vn -0.6394740343093872 -0.2888369560241699 0.7124928832054138 
vn -0.6045951247215271 0.04143758863210678 0.7954543828964233 
vn -0.999997615814209 -2.0682260971124217e-13 0.002184694167226553 
vn -0.9290739297866821 0.343507319688797 0.1372016966342926 
vn -0.8390936255455017 0.4459640085697174 -0.31150925159454346 
vn -0.4153972268104553 0.8451862931251526 0.3363112509250641 
vn -0.2678750157356262 0.8684294819831848 -0.417220801115036 
vn -0.8340436816215515 0.4495534300804138 -0.3198012113571167 
vn -0.4244820177555084 0.3364402949810028 -0.8406086564064026 
vn -0.7511343955993652 0.21267615258693695 -0.6249527335166931 
vn -0.804044783115387 0.22391800582408905 -0.5507928133010864 
vn -0.11533790081739426 0.3696439266204834 -0.9219872951507568 
vn 0.7127544283866882 0.25897493958473206 -0.651853621006012 
vn 0.32107222080230713 0.5989304780960083 -0.7336177229881287 
vn 0.7393497228622437 0.22353869676589966 -0.6351318359375 
vn 0.5193760395050049 0.7688062787055969 -0.37307560443878174 
vn 0.42913806438446045 0.33048081398010254 -0.8406086564064026 
vn 0.8373157978057861 0.4492931067943573 -0.31150925159454346 
vn 0.11533790081739426 0.3696439266204834 -0.9219872951507568 
vn 0.2750832736492157 0.8661732077598572 -0.417220801115036 
vn 0.8387867212295532 0.4494108557701111 -0.30735430121421814 
vn 0.9296587705612183 0.34015321731567383 0.1415284425020218 
vn 0.8060390949249268 0.21662944555282593 -0.5507928133010864 
vn 0.999997615814209 0 0.002184694167226553 
vn 0.7376663088798523 0.6310192942619324 0.2401314377784729 
vn 0.6675848960876465 0.6955879926681519 0.26549527049064636 
vn 0.4203069806098938 0.8411030173301697 0.34042292833328247 
vn 0.6043256521224976 0.04519793391227722 0.7954543828964233 
vn 0.6410159468650818 -0.2853986918926239 0.7124928832054138 
vn 0.5293583273887634 0.3157753050327301 0.7874425053596497 
vn 0.3006214201450348 0.6962137818336487 0.651853621006012 
vn 0.3239542841911316 0.6565591096878052 0.681163489818573 
vn 0.3031620681285858 0.7282019853591919 0.6146662831306458 
vn 0.30280643701553345 0.9514873623847961 0.05459024757146835 
vn 0.0018853626679629087 0.9277990460395813 0.37307560443878174 
vn 0.0018853626679629087 0.9277990460395813 0.37307560443878174 
vn 0.003772426163777709 0.9294145107269287 0.3690181374549866 
vn -0.2992071807384491 0.9526253342628479 0.05459024757146835 
vn -0.5209705829620361 0.7716206908226013 -0.3649536371231079 
vn -0.7376663088798523 0.6310192942619324 0.2401314377784729 
vn -0.6648584604263306 0.6981944441795349 0.26549527049064636 
vn -0.3006214201450348 0.6962137818336487 0.651853621006012 
vn -0.3202393352985382 0.6550600528717041 0.6843559741973877 
vn -0.6988366842269897 0.23738926649093628 -0.67473965883255 
vn -0.2961607277393341 0.6187184453010559 -0.7276512384414673 
vn 0.001887889695353806 0.9194276928901672 -0.3932546079158783 
vn -0.5689820051193237 0.7593545317649841 -0.31565824151039124 
vn -0.9043909311294556 0.3960520327091217 -0.15880759060382843 
vn -0.2996765673160553 0.7296432852745056 0.6146662831306458 
vn 0.0018853626679629087 0.9277990460395813 0.37307560443878174 
vn 0.3031620681285858 0.7282019853591919 0.6146662831306458 
vn -0.005663637537509203 0.9194121956825256 -0.3932546079158783 
vn 0.9043909311294556 0.3960520327091217 -0.15880759060382843 
vn 0.5702775120735168 0.7566443681716919 -0.3198012113571167 
vn -0.6394740343093872 -0.2888369560241699 0.7124928832054138 
vn 0.6410159468650818 -0.2853986918926239 0.7124928832054138 
vn -0.6045951247215271 0.04143758863210678 0.7954543828964233 
vn 0.6043256521224976 0.04519793391227722 0.7954543828964233 
vn 0.3239542841911316 0.6565591096878052 0.681163489818573 
vn -0.3202393352985382 0.6550600528717041 0.6843559741973877 
vn -0.3006214201450348 0.6962137818336487 0.651853621006012 
vn 0.3006214201450348 0.6962137818336487 0.651853621006012 
vn -0.5293583273887634 0.3157753050327301 0.7874425053596497 
vn 0.5293583273887634 0.3157753050327301 0.7874425053596497 
vn -0.2996765673160553 0.7296432852745056 0.6146662831306458 
vn -0.5689820051193237 0.7593545317649841 -0.31565824151039124 
vn -0.2992071807384491 0.9526253342628479 0.05459024757146835 
vn -0.2961607277393341 0.6187184453010559 -0.7276512384414673 
vn -0.5762925148010254 0.7520732283592224 -0.3198012113571167 
vn -0.7070115208625793 0.2662685513496399 -0.6551609039306641 
vn 0.5762925148010254 0.7520732283592224 -0.3198012113571167 
vn 0.7070115208625793 0.2662685513496399 -0.6551609039306641 
vn 0.7127544283866882 0.25897493958473206 -0.651853621006012 
vn 0.3027311861515045 0.9512509703636169 0.058952588587999344 
vn 0.5702775120735168 0.7566443681716919 -0.3198012113571167 
vn 0.32107222080230713 0.5989304780960083 -0.7336177229881287 
vn -0.2996765673160553 0.7296432852745056 0.6146662831306458 
vn -0.5293583273887634 0.3157753050327301 0.7874425053596497 
vn 0.9238772988319397 -0.38268253207206726 0.002184694167226553 
vn 0.9702972769737244 -0.2170417606830597 0.10684575140476227 
vn 0.9238772988319397 0.38268253207206726 0.002184694167226553 
vn 0.8835986852645874 0.430306613445282 -0.18463370203971863 
vn 0.38268253207206726 0.9238772988319397 0.002184694167226553 
vn 0.3466525971889496 0.8862084150314331 -0.30735430121421814 
vn -0.38268253207206726 0.9238772988319397 0.002184694167226553 
vn -0.34833353757858276 0.8840959668159485 -0.31150925159454346 
vn -0.9238772988319397 0.38268253207206726 -0.002184694167226553 
vn -0.8816366195678711 0.4305633008480072 -0.19321508705615997 
vn -0.9238772988319397 -0.38268253207206726 -0.002184694167226553 
vn -0.9702972769737244 -0.2170417606830597 0.10684575140476227 
vn 0.9700345396995544 -0.10549761354923248 0.21886809170246124 
vn 0.8648085594177246 0.2607327103614807 -0.42909738421440125 
vn 0.33676478266716003 0.3755224049091339 -0.8634653687477112 
vn -0.33957087993621826 0.3729868531227112 -0.8634653687477112 
vn 0.3831879794597626 0 -0.9236704111099243 
vn -0.3831879794597626 -7.925212949008026e-14 -0.9236704111099243 
vn 0.924505352973938 0 -0.3811691105365753 
vn 0.924505352973938 0 0.3811691105365753 
vn -0.9238772988319397 -0.38268253207206726 -0.002184694167226553 
vn -0.9702972769737244 -0.2170417606830597 0.10684575140476227 
vn -0.38268253207206726 -0.9238772988319397 -0.002184694167226553 
vn -0.47930052876472473 -0.8251387476921082 0.2990269064903259 
vn 0.38268253207206726 -0.9238772988319397 0.002184694167226553 
vn 0.47930052876472473 -0.8251387476921082 0.2990269064903259 
vn 0.9238772988319397 -0.38268253207206726 0.002184694167226553 
vn 0.9702972769737244 -0.2170417606830597 0.10684575140476227 
vn -0.48094719648361206 -0.2936204671859741 0.8261215686798096 
vn 0.48094719648361206 -0.2936204671859741 0.8261215686798096 
vn 0.9700345396995544 -0.10549761354923248 0.21886809170246124 
vn -0.3831879794597626 -7.925212949008026e-14 0.9236704111099243 
vn 0.3831879794597626 0 0.9236704111099243 
vn 0.924505352973938 0 0.3811691105365753 
vn -0.924505352973938 -1.9120906843538704e-13 0.3811691105365753 
vn -0.9700345396995544 -0.10549761354923248 0.21886809170246124 
vn -0.7071051001548767 0.7071051001548767 0.002184694167226553 
vn -0.5759913921356201 0.5799909830093384 0.5760593414306641 
vn 0.7071051001548767 0.7071051001548767 -0.002184694167226553 
vn 0.5786608457565308 0.5773276686668396 0.5760593414306641 
vn 0.7071051001548767 -0.7071051001548767 -0.002184694167226553 
vn 0.5786608457565308 -0.5773276686668396 0.5760593414306641 
vn -0.7071051001548767 -0.7071051001548767 0.002184694167226553 
vn -0.5759913921356201 -0.5799909830093384 0.5760593414306641 
vn -0.7071051001548767 0.7071051001548767 0.002184694167226553 
vn 0.0018878303235396743 0.7078762650489807 -0.7063339352607727 
vn -0.3261401355266571 0.6554760932922363 -0.681163489818573 
vn 0.00376924779266119 0.707868754863739 0.7063339352607727 
vn -0.33069974184036255 0.6531875133514404 0.681163489818573 
vn -0.0018859856063500047 -0.7047832608222961 0.7094202041625977 
vn -0.33069974184036255 -0.6531875133514404 0.681163489818573 
vn -0.0037783945444971323 -0.7047756314277649 -0.7094202041625977 
vn -0.3328853249549866 -0.6520763635635376 -0.681163489818573 
vn -0.8396293520927429 0.43903276324272156 0.3198012113571167 
vn -0.8430988788604736 -0.43233251571655273 0.3198012113571167 
vn -0.8411064743995667 -0.4361961781978607 -0.3198012113571167 
vn -0.9066386818885803 -0.29339393973350525 -0.30319350957870483 
vn -0.9018757343292236 0.30772364139556885 -0.30319350957870483 
vn -0.9020236134529114 0.3113459050655365 0.2990269064903259 
vn -0.5833105444908142 -0.5726293921470642 -0.5760593414306641 
vn -0.5694959759712219 0.5828453302383423 -0.5796254277229309 
vn -0.5759913921356201 0.5799909830093384 0.5760593414306641 
vn -0.5813180208206177 -0.5746520757675171 0.5760593414306641 
vn -0.9068379998207092 -0.2970314919948578 0.2990269064903259 
vn -0.8376017212867737 0.44288888573646545 -0.3198012113571167 
vn 0.0037719623651355505 0.9244976043701172 0.3811691105365753 
vn 0.752885103225708 0.6076499223709106 0.25283506512641907 
vn 0.00376924779266119 0.707868754863739 0.7063339352607727 
vn 0.7534956336021423 0.4655013382434845 0.4642767012119293 
vn -3.962606474504013e-14 0.3831879794597626 0.9236704111099243 
vn 0.7531373500823975 0.2518416941165924 0.607749879360199 
vn 0 0 1 
vn 0.7526195645332336 0 0.6584556698799133 
vn 1.187080219278852e-13 -0.3831879794597626 0.9236704111099243 
vn 0.7531373500823975 -0.2518416941165924 0.607749879360199 
vn 0.00376924779266119 -0.707868754863739 0.7063339352607727 
vn 0.7534956336021423 -0.4655013382434845 0.4642767012119293 
vn 0.0037719623651355505 -0.9244976043701172 0.3811691105365753 
vn 0.752885103225708 -0.6076499223709106 0.25283506512641907 
vn 3.097898456858039e-13 -0.999997615814209 0.002184694167226553 
vn 0.7534953951835632 -0.6574495434761047 -0.002184694167226553 
vn 0.0018884376622736454 -0.9245033860206604 -0.3811691105365753 
vn 0.752885103225708 -0.6076499223709106 -0.25283506512641907 
vn 0.0018878303235396743 -0.7078762650489807 -0.7063339352607727 
vn 0.7531458735466003 -0.46606698632240295 -0.4642767012119293 
vn 0.0037855375558137894 -0.3831692636013031 -0.9236704111099243 
vn 0.7528907060623169 -0.2525780498981476 -0.607749879360199 
vn -2.0682311115474694e-13 0 -1 
vn 0.7526195645332336 0 -0.6584556698799133 
vn 0.0037855375558137894 0.3831692636013031 -0.9236704111099243 
vn 0.7528907060623169 0.2525780498981476 -0.607749879360199 
vn 0.0018878303235396743 0.7078762650489807 -0.7063339352607727 
vn 0.7531458735466003 0.46606698632240295 -0.4642767012119293 
vn 0.0018884376622736454 0.9245033860206604 -0.3811691105365753 
vn 0.752885103225708 0.6076499223709106 -0.25283506512641907 
vn -1.0341130485562108e-13 0.999997615814209 0.002184694167226553 
vn 0.7534953951835632 0.6574495434761047 -0.002184694167226553 
vn 0.0037719623651355505 0.9244976043701172 0.3811691105365753 
vn 0.752885103225708 0.6076499223709106 0.25283506512641907 
vn 0.9065534472465515 0.389297753572464 0.16312000155448914 
vn 0.9068379998207092 0.2970314919948578 0.2990269064903259 
vn 0.9062203168869019 0.16511209309101105 0.3892335295677185 
vn 0.9069734811782837 0 0.42118772864341736 
vn 0.9062203168869019 -0.16511209309101105 0.3892335295677185 
vn 0.9068379998207092 -0.2970314919948578 0.2990269064903259 
vn 0.9065534472465515 -0.389297753572464 0.16312000155448914 
vn 0.9055951237678528 -0.4241376221179962 -0.002184694167226553 
vn 0.9065534472465515 -0.389297753572464 -0.16312000155448914 
vn 0.9068379998207092 -0.2970314919948578 -0.2990269064903259 
vn 0.907507061958313 -0.1578867882490158 -0.3892335295677185 
vn 0.9069734811782837 0 -0.42118772864341736 
vn 0.907507061958313 0.1578867882490158 -0.3892335295677185 
vn 0.9068379998207092 0.2970314919948578 -0.2990269064903259 
vn 0.9065534472465515 0.389297753572464 -0.16312000155448914 
vn 0.9055951237678528 0.4241376221179962 0.002184694167226553 
vn 0.9065534472465515 0.389297753572464 0.16312000155448914 
vn 0.36647024750709534 0.6573703289031982 0.6584556698799133 
vn 0.3692418038845062 0.3545946180820465 0.8590245246887207 
vn 0.3669867515563965 0 0.9302261471748352 
vn 0.3692418038845062 -0.3545946180820465 0.8590245246887207 
vn 0.36647024750709534 -0.6573703289031982 0.6584556698799133 
vn 0.3635849356651306 -0.8605213761329651 0.3568037748336792 
vn 0.3686853349208832 -0.9295517206192017 0.002184694167226553 
vn 0.3692386746406555 -0.8581106662750244 -0.3568037748336792 
vn 0.3653542697429657 -0.6579912304878235 -0.6584556698799133 
vn 0.36860430240631104 -0.3552572727203369 -0.8590245246887207 
vn 0.3669867515563965 0 -0.9302261471748352 
vn 0.36860430240631104 0.3552572727203369 -0.8590245246887207 
vn 0.3653542697429657 0.6579912304878235 -0.6584556698799133 
vn 0.3692386746406555 0.8581106662750244 -0.3568037748336792 
vn 0.3686853349208832 0.9295517206192017 0.002184694167226553 
vn 0.3635849356651306 0.8605213761329651 0.3568037748336792 
vn 0.00376924779266119 0.707868754863739 0.7063339352607727 
vn -3.962606474504013e-14 0.3831879794597626 0.9236704111099243 
vn 0 0 1 
vn 1.187080219278852e-13 -0.3831879794597626 0.9236704111099243 
vn -0.00376924779266119 -0.707868754863739 0.7063339352607727 
vn -0.0037719623651355505 -0.9244976043701172 0.3811691105365753 
vn 3.097898456858039e-13 -0.999997615814209 0.002184694167226553 
vn 0.0018884376622736454 -0.9245033860206604 -0.3811691105365753 
vn 0.0018878303235396743 -0.7078762650489807 -0.7063339352607727 
vn 0.0037855375558137894 -0.3831692636013031 -0.9236704111099243 
vn -2.0682311115474694e-13 0 -1 
vn 0.0037855375558137894 0.3831692636013031 -0.9236704111099243 
vn 0.0018878303235396743 0.7078762650489807 -0.7063339352607727 
vn 0.0018884376622736454 0.9245033860206604 -0.3811691105365753 
vn -1.0341130485562108e-13 0.999997615814209 0.002184694167226553 
vn 0.0037719623651355505 0.9244976043701172 0.3811691105365753 
vn 0.0037719623651355505 0.9244976043701172 0.3811691105365753 
vn 0.3635849356651306 0.8605213761329651 0.3568037748336792 
vn 0.7071051001548767 0.7071051001548767 -0.002184694167226553 
vn 0.7071051001548767 0.7071051001548767 0.002184694167226553 
vn 0.7071051001548767 -0.7071051001548767 0.002184694167226553 
vn 0.7071051001548767 -0.7071051001548767 0.002184694167226553 
vn 0.7071051001548767 0.7071051001548767 0.002184694167226553 
vn 0.7071051001548767 0.7071051001548767 0.002184694167226553 
vn 0.7071051001548767 -0.7071051001548767 0.002184694167226553 
vn 0.7071051001548767 -0.7071051001548767 0.002184694167226553 
vn 0.7071051001548767 0.7071051001548767 0.002184694167226553 
vn 0.7071051001548767 0.7071051001548767 0.002184694167226553 
vn 0.7071051001548767 -0.7071051001548767 0.002184694167226553 
vn 0.7071051001548767 -0.7071051001548767 0.002184694167226553 
vn 0.7071051001548767 0.7071051001548767 0.002184694167226553 
vn 0.7071051001548767 0.7071051001548767 0.002184694167226553 
vn 0.7071051001548767 -0.7071051001548767 0.002184694167226553 
vn 0.7071051001548767 -0.7071051001548767 0.002184694167226553 
vn 0.7071051001548767 -0.7071051001548767 0.002184694167226553 
vn 0.7071051001548767 -0.7071051001548767 0.002184694167226553 
vn -0.7071051001548767 -0.7071051001548767 0.002184694167226553 
vn -0.7071051001548767 -0.7071051001548767 -0.002184694167226553 
vn -0.7071051001548767 0.7071051001548767 -0.002184694167226553 
vn -0.7071051001548767 0.7071051001548767 -0.002184694167226553 
vn 0.7071051001548767 0.7071051001548767 -0.002184694167226553 
vn 0.7071051001548767 0.7071051001548767 0.002184694167226553 
vn 0.1738872230052948 0 -0.9847655892372131 
vn 0.12763994932174683 0.6707243323326111 -0.7306414246559143 
vn 0.5006305575370789 0 -0.865661084651947 
vn 0.37246066331863403 0.6702926158905029 -0.641857385635376 
vn 0.7668240666389465 0 -0.641857385635376 
vn 0.5691962242126465 0.6705117225646973 -0.4758462607860565 
vn 0.9402724504470825 0 -0.34042292833328247 
vn 0.6980048418045044 0.6699728965759277 -0.25283506512641907 
vn 0.999997615814209 0 -0.002184694167226553 
vn 0.74347984790802 0.6687547564506531 -0.002184694167226553 
vn 0.9402724504470825 0 0.34042292833328247 
vn 0.6980048418045044 0.6699728965759277 0.25283506512641907 
vn 0.7668240666389465 0 0.641857385635376 
vn 0.5691962242126465 0.6705117225646973 0.4758462607860565 
vn 0.5006305575370789 0 0.865661084651947 
vn 0.3735758364200592 0.6696717143058777 0.641857385635376 
vn 0.1738872230052948 0 0.9847655892372131 
vn 0.1292695254087448 0.6704121828079224 0.7306414246559143 
vn -0.1738872230052948 -3.596389746879543e-14 0.9847655892372131 
vn -0.1255660504102707 0.6711156964302063 0.7306414246559143 
vn -0.5006305575370789 -1.0354196476993274e-13 0.865661084651947 
vn -0.3702789545059204 0.6715002655982971 0.641857385635376 
vn -0.7668147683143616 0.0037700142711400986 0.641857385635376 
vn -0.5691962242126465 0.6705117225646973 0.4758462607860565 
vn -0.940264880657196 -0.0037725989241153 0.34042292833328247 
vn -0.6953848600387573 0.672691822052002 0.25283506512641907 
vn -0.999997615814209 -2.0682260971124217e-13 -0.002184694167226553 
vn -0.74347984790802 0.6687547564506531 -0.002184694167226553 
vn -0.9402724504470825 -1.9447006396715316e-13 -0.34042292833328247 
vn -0.6953848600387573 0.672691822052002 -0.25283506512641907 
vn -0.7668240666389465 -1.5859693116085372e-13 -0.641857385635376 
vn -0.5691962242126465 0.6705117225646973 -0.4758462607860565 
vn -0.5006305575370789 -1.0354196476993274e-13 -0.865661084651947 
vn -0.37246066331863403 0.6702926158905029 -0.641857385635376 
vn -0.1738872230052948 -3.596389746879543e-14 -0.9847655892372131 
vn -0.12763994932174683 0.6707243323326111 -0.7306414246559143 
vn 0.1738872230052948 0 -0.9847655892372131 
vn 0.12763994932174683 0.6707243323326111 -0.7306414246559143 
vn -0.1126704141497612 0.7499281764030457 0.651853621006012 
vn -0.3279854655265808 0.7487196922302246 0.5760593414306641 
vn -0.5079441666603088 0.7491616010665894 0.42514660954475403 
vn -0.6209589242935181 0.7501369118690491 0.22738653421401978 
vn -0.6631211042404175 0.7485089898109436 0.002184694167226553 
vn -0.6230515241622925 0.7483997344970703 -0.22738653421401978 
vn -0.5100976228713989 0.7476969957351685 -0.42514660954475403 
vn -0.330168217420578 0.7477596998214722 -0.5760593414306641 
vn -0.11471407860517502 0.7496182918548584 -0.651853621006012 
vn 0.11844480782747269 0.7490378618240356 -0.651853621006012 
vn 0.330168217420578 0.7477596998214722 -0.5760593414306641 
vn 0.5069737434387207 0.7498186230659485 -0.42514660954475403 
vn 0.6230515241622925 0.7483997344970703 -0.22738653421401978 
vn 0.6631211042404175 0.7485089898109436 -0.002184694167226553 
vn 0.6238600611686707 0.7477259039878845 0.22738653421401978 
vn 0.5079441666603088 0.7491616010665894 0.42514660954475403 
vn 0.3314359486103058 0.7471986413002014 0.5760593414306641 
vn 0.1126704141497612 0.7499281764030457 0.651853621006012 
vn -0.1126704141497612 0.7499281764030457 0.651853621006012 
vn -0.1255660504102707 0.6711156964302063 0.7306414246559143 
vn -0.3702789545059204 0.6715002655982971 0.641857385635376 
vn -0.5691962242126465 0.6705117225646973 0.4758462607860565 
vn -0.6953848600387573 0.672691822052002 0.25283506512641907 
vn -0.74347984790802 0.6687547564506531 0.002184694167226553 
vn -0.6953848600387573 0.672691822052002 -0.25283506512641907 
vn -0.5691962242126465 0.6705117225646973 -0.4758462607860565 
vn -0.37246066331863403 0.6702926158905029 -0.641857385635376 
vn -0.12763994932174683 0.6707243323326111 -0.7306414246559143 
vn 0.12763994932174683 0.6707243323326111 -0.7306414246559143 
vn 0.37246066331863403 0.6702926158905029 -0.641857385635376 
vn 0.5691962242126465 0.6705117225646973 -0.4758462607860565 
vn 0.6980048418045044 0.6699728965759277 -0.25283506512641907 
vn 0.74347984790802 0.6687547564506531 0.002184694167226553 
vn 0.6980048418045044 0.6699728965759277 0.25283506512641907 
vn 0.5691962242126465 0.6705117225646973 0.4758462607860565 
vn 0.3735758364200592 0.6696717143058777 0.641857385635376 
vn 0.1292695254087448 0.6704121828079224 0.7306414246559143 
vn -0.1255660504102707 0.6711156964302063 0.7306414246559143 
vn -0.6279515624046326 0.29882195591926575 0.7185974717140198 
vn -0.7078787684440613 -1.4640568759497624e-13 0.7063339352607727 
vn 0.6279515624046326 0.29882195591926575 0.7185974717140198 
vn 0.7078787684440613 0 0.7063339352607727 
vn -0.7114561796188354 0.26252034306526184 -0.651853621006012 
vn -0.7393497228622437 0.22353869676589966 -0.6351318359375 
vn -0.3243975043296814 0.5971359610557556 -0.7336177229881287 
vn -0.5243792533874512 0.7673669457435608 -0.3690181374549866 
vn 0.001887889695353806 0.9194276928901672 -0.3932546079158783 
vn 0.0018853626679629087 0.9277990460395813 0.37307560443878174 
vn -0.2996765673160553 0.7296432852745056 0.6146662831306458 
vn 0.3031620681285858 0.7282019853591919 0.6146662831306458 
vn 0.0018853626679629087 0.9277990460395813 0.37307560443878174 
vn -0.003772426163777709 0.9294145107269287 0.3690181374549866 
vn 0.9043909311294556 0.3960520327091217 -0.15880759060382843 
vn -0.2992071807384491 0.9526253342628479 0.05459024757146835 
vn 0.0018853626679629087 0.9277990460395813 0.37307560443878174 
vn -0.005663637537509203 0.9194121956825256 -0.3932546079158783 
vn 0.2961607277393341 0.6187184453010559 -0.7276512384414673 
vn 0.572001039981842 0.757082998752594 -0.31565824151039124 
vn 0.1738872230052948 0 0.9847655892372131 
vn 0.1625368744134903 0.36906901001930237 0.9150791168212891 
vn -0.1738872230052948 -3.596389746879543e-14 0.9847655892372131 
vn -0.15908931195735931 0.3705681562423706 0.9150791168212891 
vn -0.5006305575370789 -1.0354196476993274e-13 0.865661084651947 
vn -0.46252360939979553 0.36953818798065186 0.8059239983558655 
vn -0.7668147683143616 0.0037700142711400986 0.641857385635376 
vn -0.7115029692649841 0.37014874815940857 0.5972883701324463 
vn -0.940264880657196 0.0037725989241153 0.34042292833328247 
vn -0.8718937635421753 0.37084832787513733 0.3198012113571167 
vn -0.999997615814209 -2.0682260971124217e-13 0.002184694167226553 
vn -0.9295517206192017 0.3686853349208832 -0.002184694167226553 
vn -0.9402724504470825 -1.9447006396715316e-13 -0.34042292833328247 
vn -0.873177707195282 0.3678149878978729 -0.3198012113571167 
vn -0.7668240666389465 -1.5859693116085372e-13 -0.641857385635376 
vn -0.712974488735199 0.36730632185935974 -0.5972883701324463 
vn -0.5006305575370789 -1.0354196476993274e-13 -0.865661084651947 
vn -0.4662068784236908 0.36488038301467896 -0.8059239983558655 
vn -0.1738872230052948 -3.596389746879543e-14 -0.9847655892372131 
vn -0.1634504199028015 0.36866533756256104 -0.9150791168212891 
vn 0.1738872230052948 0 -0.9847655892372131 
vn 0.1599859893321991 0.3701819181442261 -0.9150791168212891 
vn 0.5006305575370789 0 -0.865661084651947 
vn 0.4662068784236908 0.36488038301467896 -0.8059239983558655 
vn 0.7668240666389465 0 -0.641857385635376 
vn 0.7112365961074829 0.37066036462783813 -0.5972883701324463 
vn 0.9402724504470825 0 -0.34042292833328247 
vn 0.873177707195282 0.3678149878978729 -0.3198012113571167 
vn 0.999997615814209 0 -0.002184694167226553 
vn 0.9295517206192017 0.3686853349208832 0.002184694167226553 
vn 0.9402724504470825 0 0.34042292833328247 
vn 0.8733634352684021 0.3673737347126007 0.3198012113571167 
vn 0.7668240666389465 0 0.641857385635376 
vn 0.7115029692649841 0.37014874815940857 0.5972883701324463 
vn 0.5006305575370789 0 0.865661084651947 
vn 0.46252360939979553 0.36953818798065186 0.8059239983558655 
vn 0.1738872230052948 0 0.9847655892372131 
vn 0.1625368744134903 0.36906901001930237 0.9150791168212891 
vn -0.07163450121879578 0.9077975153923035 0.41324591636657715 
vn -0.2075255662202835 0.9092289209365845 0.36088213324546814 
vn -0.3218517303466797 0.9075629711151123 0.26970529556274414 
vn -0.389267235994339 0.9101871848106384 0.1415284425020218 
vn -0.41728663444519043 0.9087722897529602 -0.002184694167226553 
vn -0.389267235994339 0.9101871848106384 -0.1415284425020218 
vn -0.3168937861919403 0.909305989742279 -0.26970529556274414 
vn -0.2096284180879593 0.9087464213371277 -0.36088213324546814 
vn -0.07163450121879578 0.9077975153923035 -0.41324591636657715 
vn 0.07163450121879578 0.9077975153923035 -0.41324591636657715 
vn 0.2096284180879593 0.9087464213371277 -0.36088213324546814 
vn 0.32045772671699524 0.9080560803413391 -0.26970529556274414 
vn 0.389267235994339 0.9101871848106384 -0.1415284425020218 
vn 0.41728663444519043 0.9087722897529602 0.002184694167226553 
vn 0.389267235994339 0.9101871848106384 0.1415284425020218 
vn 0.3218517303466797 0.9075629711151123 0.26970529556274414 
vn 0.21120008826255798 0.9083824157714844 0.36088213324546814 
vn 0.07163450121879578 0.9077975153923035 0.41324591636657715 
vn 0.05662721395492554 0.938565731048584 -0.34042292833328247 
vn 0.16900694370269775 0.9391589760780334 -0.2990269064903259 
vn 0.2665499746799469 0.9376376271247864 -0.22312943637371063 
vn 0.32254624366760254 0.9389330744743347 -0.11986933648586273 
vn 0.34753286838531494 0.9376652836799622 -0.002184694167226553 
vn 0.32254624366760254 0.9389330744743347 0.11986933648586273 
vn 0.2607836425304413 0.9392577409744263 0.22312943637371063 
vn 0.16900694370269775 0.9391589760780334 0.2990269064903259 
vn 0.058437757194042206 0.9384547472000122 0.34042292833328247 
vn -0.06220259144902229 0.9382126927375793 0.34042292833328247 
vn -0.16900694370269775 0.9391589760780334 0.2990269064903259 
vn -0.2680436372756958 0.9372117519378662 0.22312943637371063 
vn -0.32254624366760254 0.9389330744743347 0.11986933648586273 
vn -0.34753286838531494 0.9376652836799622 0.002184694167226553 
vn -0.32254624366760254 0.9389330744743347 -0.11986933648586273 
vn -0.26291581988334656 0.9386631846427917 -0.22312943637371063 
vn -0.16900694370269775 0.9391589760780334 -0.2990269064903259 
vn -0.05662721395492554 0.938565731048584 -0.34042292833328247 
vn 0.4593411087989807 0.3952949643135071 -0.7954543828964233 
vn 0.7025076746940613 0.3975923955440521 -0.590256929397583 
vn 0.862481951713562 0.3955814838409424 -0.31565824151039124 
vn 0.9179922342300415 0.3965924084186554 -0.002184694167226553 
vn 0.8595274686813354 0.4019607603549957 0.31565824151039124 
vn 0.7028121948242188 0.39705389738082886 0.590256929397583 
vn 0.45989686250686646 0.3946482241153717 0.7954543828964233 
vn 0.1614815592765808 0.39968088269233704 0.9023185968399048 
vn -0.1614815592765808 0.39968088269233704 0.9023185968399048 
vn -0.45743289589881897 0.3975015878677368 0.7954543828964233 
vn -0.7028121948242188 0.39705389738082886 0.590256929397583 
vn -0.862697184085846 0.39511194825172424 0.31565824151039124 
vn -0.9179922342300415 0.3965924084186554 0.002184694167226553 
vn -0.8609000444412231 0.3990125060081482 -0.31565824151039124 
vn -0.700638473033905 0.4008771479129791 -0.590256929397583 
vn -0.4593411087989807 0.3952949643135071 -0.7954543828964233 
vn -0.1588280200958252 0.400742769241333 -0.9023185968399048 
vn 0.37246066331863403 0.6702926158905029 -0.641857385635376 
vn 0.5691962242126465 0.6705117225646973 -0.4758462607860565 
vn 0.6980048418045044 0.6699728965759277 -0.25283506512641907 
vn 0.74347984790802 0.6687547564506531 -0.002184694167226553 
vn 0.6980048418045044 0.6699728965759277 0.25283506512641907 
vn 0.5691962242126465 0.6705117225646973 0.4758462607860565 
vn 0.3735758364200592 0.6696717143058777 0.641857385635376 
vn 0.1292695254087448 0.6704121828079224 0.7306414246559143 
vn -0.1255660504102707 0.6711156964302063 0.7306414246559143 
vn -0.3702789545059204 0.6715002655982971 0.641857385635376 
vn -0.5691962242126465 0.6705117225646973 0.4758462607860565 
vn -0.6953848600387573 0.672691822052002 0.25283506512641907 
vn -0.74347984790802 0.6687547564506531 -0.002184694167226553 
vn -0.6953848600387573 0.672691822052002 -0.25283506512641907 
vn -0.5691962242126465 0.6705117225646973 -0.4758462607860565 
vn -0.37246066331863403 0.6702926158905029 -0.641857385635376 
vn -0.12763994932174683 0.6707243323326111 -0.7306414246559143 
vn 0.12763994932174683 0.6707243323326111 -0.7306414246559143 
vn 0.1588280200958252 0.400742769241333 -0.9023185968399048 
vn -0.12763994932174683 0.6707243323326111 -0.7306414246559143 
vn -0.1588280200958252 0.400742769241333 -0.9023185968399048 
vn -0.05662721395492554 0.938565731048584 -0.34042292833328247 
vn 0.07163450121879578 0.9077975153923035 0.41324591636657715 
vn -0.42913806438446045 0.33048081398010254 -0.8406086564064026 
vn -0.8390936255455017 0.4459640085697174 -0.31150925159454346 
vn -0.7376663088798523 0.6310192942619324 0.2401314377784729 
vn -0.6648584604263306 0.6981944441795349 0.26549527049064636 
vn -0.5293583273887634 0.3157753050327301 0.7874425053596497 
vn -0.3006214201450348 0.6962137818336487 0.651853621006012 
vn -0.11533790081739426 0.3696439266204834 -0.9219872951507568 
vn -0.2750832736492157 0.8661732077598572 -0.417220801115036 
vn -0.41692888736724854 0.8427826166152954 0.34042292833328247 
vn -0.3239542841911316 0.6565591096878052 0.681163489818573 
vn -0.8387867212295532 0.4494108557701111 -0.30735430121421814 
vn -0.9296587705612183 0.34015321731567383 0.1415284425020218 
vn -0.6040328145027161 0.048956532031297684 0.7954543828964233 
vn -0.8060390949249268 0.21662944555282593 -0.5507928133010864 
vn -0.999997615814209 -2.0682260971124217e-13 0.002184694167226553 
vn -0.6394740343093872 -0.2888369560241699 0.7124928832054138 
vn -0.4641656279563904 0.1662687510251999 0.8700028657913208 
vn 0.4628811776638031 0.16981182992458344 0.8700028657913208 
vn -0.4621411859989166 0.8708575963973999 0.16742929816246033 
vn 0.4588054418563843 0.87261962890625 0.16742929816246033 
vn -0.2996765673160553 0.7296432852745056 0.6146662831306458 
vn -0.30268529057502747 0.30135640501976013 0.9041935205459595 
vn -0.6488003730773926 0.6514667272567749 0.3932546079158783 
vn 0.3000216782093048 0.3040083348751068 0.9041935205459595 
vn 0.6488003730773926 0.6514667272567749 0.3932546079158783 
vn 0.29989010095596313 0.2985585927963257 0.9060511589050293 
vn 0.3831879794597626 0 0.9236704111099243 
vn 0.924505352973938 0 0.3811691105365753 
vn 0.29989010095596313 -0.2985585927963257 0.9060511589050293 
vn 0.6488003730773926 -0.6514667272567749 0.3932546079158783 
vn -0.29722118377685547 -0.30121567845344543 0.9060511589050293 
vn -0.6488003730773926 -0.6514667272567749 0.3932546079158783 
vn -0.3831879794597626 -7.925212949008026e-14 0.9236704111099243 
vn -0.924505352973938 -1.9120906843538704e-13 0.3811691105365753 
vn -0.29722118377685547 0.30121567845344543 0.9060511589050293 
vn 0.2050165981054306 0.20899835228919983 0.9561840295791626 
vn 0.5814042687416077 0 0.8136147856712341 
vn 0.2050165981054306 -0.20899835228919983 0.9561840295791626 
vn -0.2076796144247055 -0.2063523530960083 0.9561840295791626 
vn -0.5813921093940735 0.0037660261150449514 0.8136147856712341 
vn -0.2076796144247055 0.2063523530960083 0.9561840295791626 
vn 0.3000216782093048 0.3040083348751068 0.9041935205459595 
vn -0.30268529057502747 0.30135640501976013 0.9041935205459595 
vn -0.5813921093940735 0.0037660261150449514 0.8136147856712341 
vn -0.47396841645240784 0.4779665470123291 0.7395281791687012 
vn 0.4766375720500946 0.47530487179756165 0.7395281791687012 
vn 0.5814042687416077 0 0.8136147856712341 
vn 0.4766375720500946 -0.47530487179756165 0.7395281791687012 
vn -0.47396841645240784 -0.4779665470123291 0.7395281791687012 
vn 0.3000216782093048 -0.3040083348751068 0.9041935205459595 
vn 0.7078787684440613 0 0.7063339352607727 
vn 0.3000216782093048 0.3040083348751068 0.9041935205459595 
vn -0.30268529057502747 -0.30135640501976013 0.9041935205459595 
vn 0.3000216782093048 -0.3040083348751068 0.9041935205459595 
vn -0.30268529057502747 -0.30135640501976013 0.9041935205459595 
vn 0.3000216782093048 -0.3040083348751068 0.9041935205459595 
vn -0.30268529057502747 0.30135640501976013 0.9041935205459595 
vn -0.7078787684440613 -1.4640568759497624e-13 0.7063339352607727 
vn -0.30268529057502747 -0.30135640501976013 0.9041935205459595 
vn -0.2721651792526245 -0.2921375632286072 0.916832447052002 
vn -0.1298937350511551 0.12197834253311157 0.9839963912963867 
vn 0.2693970203399658 -0.29469218850135803 0.916832447052002 
vn 0.1293901652097702 0.11616777628660202 0.9847655892372131 
vn 0.3473096489906311 0.533772349357605 0.7710143327713013 
vn -0.34414559602737427 0.5358178019523621 0.7710143327713013 
vn -0.3383963406085968 0.9315754771232605 0.1328723281621933 
vn 0.34194129705429077 0.9302800893783569 0.1328723281621933 
vn 0.3841337263584137 0.8990001678466797 -0.2103329300880432 
vn 0.26509201526641846 0.6695460081100464 0.6938546895980835 
vn 0.16582389175891876 0.3499169945716858 0.9219872951507568 
vn -0.26509201526641846 0.6695460081100464 0.6938546895980835 
vn -0.16921938955783844 0.3482876121997833 0.9219872951507568 
vn -0.3363378345966339 -0.12508292496204376 0.933397650718689 
vn 0.3363378345966339 -0.12508292496204376 0.933397650718689 
vn 0.3391158878803253 -0.7755774855613708 0.5324283838272095 
vn -0.34256860613822937 -0.7740586400032043 0.5324283838272095 
vn -0.3854221999645233 -0.8984485268592834 0.2103329300880432 
vn 0.2693970203399658 -0.29469218850135803 0.916832447052002 
vn 0.1293901652097702 0.11616777628660202 0.9847655892372131 
vn 0.26509201526641846 0.6695460081100464 0.6938546895980835 
vn 0.16582389175891876 0.3499169945716858 0.9219872951507568 
vn -0.34414559602737427 0.5358178019523621 0.7710143327713013 
vn -0.3363378345966339 -0.12508292496204376 0.933397650718689 
vn -0.8766074180603027 -0.253106951713562 0.40926313400268555 
vn -0.8739383816719055 0.41249462962150574 0.25706008076667786 
vn -0.9242755174636841 0.37211930751800537 -0.08510008454322815 
vn -0.3806569576263428 0.9004778265953064 -0.2103329300880432 
vn -0.9242755174636841 -0.37211930751800537 0.08510008454322815 
vn -0.34256860613822937 -0.7740586400032043 0.5324283838272095 
vn 0.7071051001548767 0.7071051001548767 0.002184694167226553 
vn 0.7071051001548767 0.7071051001548767 0.002184694167226553 
vn -0.7071051001548767 0.7071051001548767 0.002184694167226553 
vn -0.7071051001548767 0.7071051001548767 0.002184694167226553 
vn -0.7071051001548767 -0.7071051001548767 0.002184694167226553 
vn -0.7071051001548767 -0.7071051001548767 0.002184694167226553 
vn 0.7071051001548767 -0.7071051001548767 0.002184694167226553 
vn 0.7071051001548767 -0.7071051001548767 0.002184694167226553 
vn -0.3831879794597626 -7.925212949008026e-14 0.9236704111099243 
vn -0.341871052980423 0.33920973539352417 0.8763908743858337 
vn -0.924505352973938 -1.9120906843538704e-13 0.3811691105365753 
vn -0.8755699396133423 0.3427674174308777 0.34042292833328247 
vn -0.9228310585021973 -1.912726026826947e-13 -0.3852050006389618 
vn -0.909621000289917 0.19849041104316711 -0.3649536371231079 
vn -0.38311317563056946 0.007570705842226744 -0.9236704111099243 
vn -0.3605450391769409 0.20597773790359497 -0.9097144603729248 
vn -0.450384259223938 0.764972984790802 -0.46040233969688416 
vn -0.33937153220176697 0.8784769177436829 0.3363112509250641 
vn 0.1672467291355133 0.9774998426437378 -0.12854042649269104 
vn 0.12612901628017426 0.985762894153595 0.1111890971660614 
vn 0.27281755208969116 0.8249841332435608 -0.4949462115764618 
vn 0.2742431163787842 0.8245113492012024 0.4949462115764618 
vn -0.3383963406085968 0.9315754771232605 0.1328723281621933 
vn -0.924505352973938 -1.9120906843538704e-13 0.3811691105365753 
vn -0.9700345396995544 -0.10549761354923248 0.21886809170246124 
vn -0.9244976043701172 0.0037768674083054066 -0.3811691105365753 
vn -0.8614684343338013 0.27156493067741394 -0.42909738421440125 
vn 0.16655954718589783 -0.7950839996337891 0.5831804275512695 
vn 0.10125856101512909 -0.6080139875411987 0.7874425053596497 
vn 0.45235690474510193 -0.6328820586204529 0.6283578276634216 
vn 0.2830590605735779 -0.5078469514846802 0.8136147856712341 
vn 0.6167862415313721 -0.3597294092178345 0.7001210451126099 
vn 0.37999093532562256 -0.33741649985313416 0.8612531423568726 
vn 0.6152371168136597 -0.03765048459172249 0.7874425053596497 
vn 0.3824206590652466 -0.14007966220378876 0.913308322429657 
vn 0.44861432909965515 0.23872199654579163 0.8612531423568726 
vn 0.2828151285648346 0.02997671626508236 0.9587059020996094 
vn 0.16301873326301575 0.39478978514671326 0.9041935205459595 
vn 0.10221073776483536 0.12987996637821198 0.9862475395202637 
vn -0.16648651659488678 0.39333996176719666 0.9041935205459595 
vn -0.10149058699607849 0.1358601152896881 0.9855159521102905 
vn -0.44861432909965515 0.23872199654579163 0.8612531423568726 
vn -0.2828151285648346 0.02997671626508236 0.9587059020996094 
vn -0.6152371168136597 -0.03765048459172249 0.7874425053596497 
vn -0.3824206590652466 -0.14007966220378876 0.913308322429657 
vn -0.6186769604682922 -0.3564677834510803 0.7001210451126099 
vn -0.37999093532562256 -0.33741649985313416 0.8612531423568726 
vn -0.45235690474510193 -0.6328820586204529 0.6283578276634216 
vn -0.2797635793685913 -0.5096697807312012 0.8136147856712341 
vn -0.1628682017326355 -0.7958483099937439 0.5831804275512695 
vn -0.10125856101512909 -0.6080139875411987 0.7874425053596497 
vn 0.16655954718589783 -0.7950839996337891 0.5831804275512695 
vn 0.10125856101512909 -0.6080139875411987 0.7874425053596497 
vn 0.6279650330543518 -0.7252339124679565 0.28230419754981995 
vn 0.858248770236969 -0.3391551077365875 0.3852050006389618 
vn 0.8558976054191589 0.10538668930530548 0.5062933564186096 
vn 0.6298332810401917 0.48368391394615173 0.607749879360199 
vn 0.22988514602184296 0.7075137495994568 0.6682642698287964 
vn -0.22988514602184296 0.7075137495994568 0.6682642698287964 
vn -0.6298332810401917 0.48368391394615173 0.607749879360199 
vn -0.8558976054191589 0.10538668930530548 0.5062933564186096 
vn -0.858248770236969 -0.3391551077365875 0.3852050006389618 
vn -0.6251086592674255 -0.7276974320411682 0.28230419754981995 
vn -0.23159179091453552 -0.9468783140182495 0.22312943637371063 
vn 0.23159179091453552 -0.9468783140182495 0.22312943637371063 
vn 0.7047214508056641 -0.7007172107696533 -0.1111890971660614 
vn 0.9632501006126404 -0.2685261070728302 0.006554040592163801 
vn 0.9630641937255859 0.23169614374637604 0.1372016966342926 
vn 0.7032127976417542 0.6645044684410095 0.25283506512641907 
vn 0.25523340702056885 0.9124599099159241 0.3198012113571167 
vn -0.25886455178260803 0.9114363789558411 0.3198012113571167 
vn -0.7058007121086121 0.6617550849914551 0.25283506512641907 
vn -0.9639394879341125 0.2280271351337433 0.1372016966342926 
vn -0.9632501006126404 -0.2685261070728302 0.006554040592163801 
vn -0.7073782682418823 -0.6980351209640503 -0.1111890971660614 
vn -0.25568887591362 -0.9505965113639832 -0.1760382205247879 
vn 0.25933337211608887 -0.9496087431907654 -0.1760382205247879 
vn 0.7032127976417542 -0.6645044684410095 -0.25283506512641907 
vn 0.9629977345466614 -0.2319720834493637 -0.1372016966342926 
vn 0.9632501006126404 0.2685261070728302 -0.006554040592163801 
vn 0.7047214508056641 0.7007172107696533 0.1111890971660614 
vn 0.25933337211608887 0.9496087431907654 0.1760382205247879 
vn -0.25568887591362 0.9505965113639832 0.1760382205247879 
vn -0.7073782682418823 0.6980351209640503 0.1111890971660614 
vn -0.9632501006126404 0.2685261070728302 -0.006554040592163801 
vn -0.9629977345466614 -0.2319720834493637 -0.1372016966342926 
vn -0.7058007121086121 -0.6617550849914551 -0.25283506512641907 
vn -0.26100078225135803 -0.9108269810676575 -0.3198012113571167 
vn 0.26100078225135803 -0.9108269810676575 -0.3198012113571167 
vn 0.5006507635116577 -0.2956007421016693 -0.8136147856712341 
vn 0.6827195882797241 0.007552515249699354 -0.7306414246559143 
vn 0.6817553043365479 0.36306649446487427 -0.6351318359375 
vn 0.500109076499939 0.6652017831802368 -0.5544344186782837 
vn 0.18188130855560303 0.8429627418518066 -0.5062933564186096 
vn -0.1855730563402176 0.8421577215194702 -0.5062933564186096 
vn -0.500109076499939 0.6652017831802368 -0.5544344186782837 
vn -0.6817553043365479 0.36306649446487427 -0.6351318359375 
vn -0.6827195882797241 0.007552515249699354 -0.7306414246559143 
vn -0.4987174868583679 -0.2988508641719818 -0.8136147856712341 
vn -0.1812896728515625 -0.4747389256954193 -0.8612531423568726 
vn 0.1812896728515625 -0.4747389256954193 -0.8612531423568726 
vn 0.30300673842430115 0.5248230695724487 -0.7954543828964233 
vn 0.2964630722999573 -0.052701354026794434 -0.953589141368866 
vn 0.1812896728515625 -0.4747389256954193 -0.8612531423568726 
vn 0.26100078225135803 -0.9108269810676575 -0.3198012113571167 
vn 0.25933337211608887 -0.9496087431907654 -0.1760382205247879 
vn 0.23159179091453552 -0.9468783140182495 0.22312943637371063 
vn -0.30300673842430115 0.5248230695724487 -0.7954543828964233 
vn -0.2964630722999573 -0.052701354026794434 -0.953589141368866 
vn 0.2964630722999573 -0.052701354026794434 -0.953589141368866 
vn -0.2742431163787842 0.8245113492012024 0.4949462115764618 
vn -0.12790867686271667 0.9860138893127441 0.10684575140476227 
vn 0.2742431163787842 0.8245113492012024 0.4949462115764618 
vn 0.12612901628017426 0.985762894153595 0.1111890971660614 
vn 0.4567038118839264 0.7658655643463135 -0.45262736082077026 
vn -0.450384259223938 0.764972984790802 -0.46040233969688416 
vn -0.3605450391769409 0.20597773790359497 -0.9097144603729248 
vn 0.3624057173728943 0.2026861011981964 -0.9097144603729248 
vn 0.38311317563056946 0.007570705842226744 -0.9236704111099243 
vn -0.24725143611431122 -0.3531116247177124 0.9023185968399048 
vn -0.7955517172813416 -0.4237615466117859 0.43303996324539185 
vn -0.23528611660003662 0.3373003602027893 0.9115201234817505 
vn -0.7968488931655884 0.4172353148460388 0.43697428703308105 
vn 0.23218689858913422 0.339441180229187 0.9115201234817505 
vn 0.7985919117927551 0.4138893485069275 0.43697428703308105 
vn 0.24725143611431122 -0.3531116247177124 0.9023185968399048 
vn 0.7973174452781677 -0.42042988538742065 0.43303996324539185 
vn -0.7122208476066589 -0.7015440464019775 -0.024029340595006943 
vn -0.6961454749107361 0.7174984812736511 0.024029340595006943 
vn 0.7015440464019775 0.7122208476066589 0.024029340595006943 
vn 0.7122208476066589 -0.7015440464019775 -0.024029340595006943 
vn -0.6817004084587097 0.7217450141906738 0.11986933648586273 
vn 0.6817004084587097 0.7217450141906738 0.11986933648586273 
vn 0.7345775961875916 -0.6678525805473328 -0.11986933648586273 
vn -0.30300673842430115 0.5248230695724487 -0.7954543828964233 
vn 0.30300673842430115 0.5248230695724487 -0.7954543828964233 
vn 0.2964630722999573 -0.052701354026794434 -0.953589141368866 
vn -0.2964630722999573 -0.052701354026794434 -0.953589141368866 
vn -0.7341830730438232 -0.6674938797950745 -0.1242060661315918 
vn -0.2964630722999573 -0.052701354026794434 -0.953589141368866 
vn -0.7341830730438232 -0.6674938797950745 -0.1242060661315918 
vn 0.2964630722999573 -0.052701354026794434 -0.953589141368866 
vn 0.7345775961875916 -0.6678525805473328 -0.11986933648586273 
vn 0.7122208476066589 -0.7015440464019775 -0.024029340595006943 
vn -0.7122208476066589 -0.7015440464019775 -0.024029340595006943 
vn -0.7955517172813416 -0.4237615466117859 0.43303996324539185 
vn 0.7973174452781677 -0.42042988538742065 0.43303996324539185 
vn -0.24725143611431122 -0.3531116247177124 0.9023185968399048 
vn 0.24725143611431122 -0.3531116247177124 0.9023185968399048 
vn -0.2692302465438843 0.826161801815033 -0.4949462115764618 
vn -0.17096781730651855 0.9768558740615845 -0.12854042649269104 
vn -0.2742431163787842 0.8245113492012024 0.4949462115764618 
vn -0.12790867686271667 0.9860138893127441 0.10684575140476227 
vn 0.3444520831108093 0.8796156048774719 0.3280687630176544 
vn 0.4567038118839264 0.7658655643463135 -0.45262736082077026 
vn 0.910413920879364 0.20226360857486725 -0.36088213324546814 
vn 0.8761343955993652 0.35321304202079773 0.3280687630176544 
vn 0.924505352973938 0 0.3811691105365753 
vn 0.3831879794597626 0 0.9236704111099243 
vn 0.9228310585021973 0 -0.3852050006389618 
vn 0.3624057173728943 0.2026861011981964 -0.9097144603729248 
vn -0.6574495434761047 -0.7534953951835632 -0.002184694167226553 
vn -0.4241376221179962 -0.9055951237678528 0.002184694167226553 
vn -0.6061796545982361 -0.7540693879127502 -0.25283506512641907 
vn -0.3875625729560852 -0.9072965979576111 -0.16312000155448914 
vn -0.46446070075035095 -0.7541375160217285 -0.4642767012119293 
vn -0.3006172180175781 -0.9056556820869446 -0.2990269064903259 
vn -0.2525780498981476 -0.7528907060623169 -0.607749879360199 
vn -0.16160739958286285 -0.9068518877029419 -0.3892335295677185 
vn -0.003777019213885069 -0.7526100873947144 -0.6584556698799133 
vn -0.001886979560367763 -0.9069715142250061 -0.42118772864341736 
vn 0.2525780498981476 -0.7528907060623169 -0.607749879360199 
vn 0.16160739958286285 -0.9068518877029419 -0.3892335295677185 
vn 0.46767112612724304 -0.75215083360672 -0.4642767012119293 
vn 0.3006172180175781 -0.9056556820869446 -0.2990269064903259 
vn 0.609117865562439 -0.7516979575157166 -0.25283506512641907 
vn 0.39103153347969055 -0.9058069586753845 -0.16312000155448914 
vn 0.6574495434761047 -0.7534953951835632 0.002184694167226553 
vn 0.4241376221179962 -0.9055951237678528 0.002184694167226553 
vn 0.609117865562439 -0.7516979575157166 0.25283506512641907 
vn 0.39103153347969055 -0.9058069586753845 0.16312000155448914 
vn 0.46228957176208496 -0.7554703950881958 0.4642767012119293 
vn 0.3006172180175781 -0.9056556820869446 0.2990269064903259 
vn 0.24826475977897644 -0.7543240189552307 0.607749879360199 
vn 0.16325584053993225 -0.9065565466880798 0.3892335295677185 
vn -0.0018855036469176412 -0.7526171803474426 0.6584556698799133 
vn -0.001886979560367763 -0.9069715142250061 0.42118772864341736 
vn -0.24826475977897644 -0.7543240189552307 0.607749879360199 
vn -0.1595412641763687 -0.9072176218032837 0.3892335295677185 
vn -0.46228957176208496 -0.7554703950881958 0.4642767012119293 
vn -0.3006172180175781 -0.9056556820869446 0.2990269064903259 
vn -0.6061796545982361 -0.7540693879127502 0.25283506512641907 
vn -0.3875625729560852 -0.9072965979576111 0.16312000155448914 
vn -0.6574495434761047 -0.7534953951835632 -0.002184694167226553 
vn -0.4241376221179962 -0.9055951237678528 0.002184694167226553 
vn -0.8603342175483704 -0.36402761936187744 -0.3568037748336792 
vn -0.6561493873596191 -0.36865177750587463 -0.6584556698799133 
vn -0.3579659163951874 -0.36597442626953125 -0.8590245246887207 
vn 0.0018900291761383414 -0.3669818937778473 -0.9302261471748352 
vn 0.3579659163951874 -0.36597442626953125 -0.8590245246887207 
vn 0.6561493873596191 -0.36865177750587463 -0.6584556698799133 
vn 0.8588553667068481 -0.36750316619873047 -0.3568037748336792 
vn 0.9295517206192017 -0.3686853349208832 -0.002184694167226553 
vn 0.859046220779419 -0.3670567572116852 0.3568037748336792 
vn 0.6564501523971558 -0.36811599135398865 0.6584556698799133 
vn 0.3586479127407074 -0.3653060793876648 0.8590245246887207 
vn -0.0018777163932099938 -0.36698195338249207 0.9302261471748352 
vn -0.3559505343437195 -0.3679348826408386 0.8590245246887207 
vn -0.6582863330841064 -0.3648222088813782 0.6584556698799133 
vn -0.859046220779419 -0.3670567572116852 0.3568037748336792 
vn -0.9295517206192017 -0.3686853349208832 -0.002184694167226553 
vn -0.6061796545982361 -0.7540693879127502 -0.25283506512641907 
vn -0.46446070075035095 -0.7541375160217285 -0.4642767012119293 
vn -0.2525780498981476 -0.7528907060623169 -0.607749879360199 
vn -0.003777019213885069 -0.7526100873947144 -0.6584556698799133 
vn 0.2525780498981476 -0.7528907060623169 -0.607749879360199 
vn 0.46767112612724304 -0.75215083360672 -0.4642767012119293 
vn 0.609117865562439 -0.7516979575157166 -0.25283506512641907 
vn 0.6574495434761047 -0.7534953951835632 0.002184694167226553 
vn 0.609117865562439 -0.7516979575157166 0.25283506512641907 
vn 0.46228957176208496 -0.7554703950881958 0.4642767012119293 
vn 0.24826475977897644 -0.7543240189552307 0.607749879360199 
vn -0.0018855036469176412 -0.7526171803474426 0.6584556698799133 
vn -0.24826475977897644 -0.7543240189552307 0.607749879360199 
vn -0.46228957176208496 -0.7554703950881958 0.4642767012119293 
vn -0.6061796545982361 -0.7540693879127502 0.25283506512641907 
vn -0.6574495434761047 -0.7534953951835632 0.002184694167226553 
vn -0.6574495434761047 -0.7534953951835632 0.002184694167226553 
vn -0.9295517206192017 -0.3686853349208832 -0.002184694167226553 
vn 0.63112473487854 0.4594731628894806 -0.6249527335166931 
vn 0.9030877351760864 0.3041483163833618 -0.30319350957870483 
vn -0.6288931965827942 0.46252283453941345 -0.6249527335166931 
vn -0.9042856097221375 0.30056822299957275 -0.30319350957870483 
vn 0.6574495434761047 0.7534953951835632 0.002184694167226553 
vn -0.6574495434761047 0.7534953951835632 0.002184694167226553 
vn 0.341871052980423 0.33920973539352417 0.8763908743858337 
vn -0.30268529057502747 -0.30135640501976013 0.9041935205459595 
vn -0.6488003730773926 -0.6514667272567749 0.3932546079158783 
vn -0.30268529057502747 0.30135640501976013 0.9041935205459595 
vn -0.6488003730773926 0.6514667272567749 0.3932546079158783 
vn -0.29722118377685547 0.30121567845344543 0.9060511589050293 
vn 0.29989010095596313 0.2985585927963257 0.9060511589050293 
vn 0.6488003730773926 0.6514667272567749 0.3932546079158783 
vn 0.29989010095596313 -0.2985585927963257 0.9060511589050293 
vn 0.6488003730773926 -0.6514667272567749 0.3932546079158783 
vn -0.29722118377685547 -0.30121567845344543 0.9060511589050293 
vn 0.3000216782093048 -0.3040083348751068 0.9041935205459595 
vn -0.30268529057502747 -0.30135640501976013 0.9041935205459595 
vn 0.3841337263584137 0.8990001678466797 -0.2103329300880432 
vn 0.34194129705429077 0.9302800893783569 0.1328723281621933 
vn 0.9228586554527283 0.3756192922592163 -0.08510008454322815 
vn 0.8755415081977844 0.4090808629989624 0.25706008076667786 
vn 0.9228586554527283 -0.3756192922592163 0.08510008454322815 
vn 0.8766074180603027 -0.253106951713562 0.40926313400268555 
vn 0.3854221999645233 -0.8984485268592834 0.2103329300880432 
vn 0.3391158878803253 -0.7755774855613708 0.5324283838272095 
vn 0.3363378345966339 -0.12508292496204376 0.933397650718689 
vn 0.3473096489906311 0.533772349357605 0.7710143327713013 
vn -0.1298937350511551 0.12197834253311157 0.9839963912963867 
vn -0.16921938955783844 0.3482876121997833 0.9219872951507568 
vn -0.2721651792526245 -0.2921375632286072 0.916832447052002 
vn -0.26509201526641846 0.6695460081100464 0.6938546895980835 
vn -0.30268529057502747 0.30135640501976013 0.9041935205459595 
vn 0.3000216782093048 0.3040083348751068 0.9041935205459595 
vn -0.6574495434761047 0.7534953951835632 -0.002184694167226553 
vn -0.7485089898109436 0.6631211042404175 -0.002184694167226553 
vn -0.6061796545982361 0.7540693879127502 -0.25283506512641907 
vn -0.688720166683197 0.6660226583480835 -0.2864931523799896 
vn -0.46446070075035095 0.7541375160217285 -0.4642767012119293 
vn -0.5283698439598083 0.6642856597900391 -0.528724730014801 
vn -0.2525780498981476 0.7528907060623169 -0.607749879360199 
vn -0.2850063443183899 0.6646071076393127 -0.6907016038894653 
vn -0.003777019213885069 0.7526100873947144 -0.6584556698799133 
vn -0.00378031050786376 0.6666266918182373 -0.7453821301460266 
vn 0.2525780498981476 0.7528907060623169 -0.607749879360199 
vn 0.28847652673721313 0.663108229637146 -0.6907016038894653 
vn 0.46767112612724304 0.75215083360672 -0.4642767012119293 
vn 0.5283698439598083 0.6642856597900391 -0.528724730014801 
vn 0.609117865562439 0.7516979575157166 -0.25283506512641907 
vn 0.6913401484489441 0.6633027195930481 -0.2864931523799896 
vn 0.6574495434761047 0.7534953951835632 -0.002184694167226553 
vn 0.7485089898109436 0.6631211042404175 -0.002184694167226553 
vn 0.609117865562439 0.7516979575157166 0.25283506512641907 
vn 0.6867366433143616 0.6680676937103271 0.2864931523799896 
vn 0.46228957176208496 0.7554703950881958 0.4642767012119293 
vn 0.5292139649391174 0.6636133790016174 0.528724730014801 
vn 0.24826475977897644 0.7543240189552307 0.607749879360199 
vn 0.2841130793094635 0.6649894714355469 0.6907016038894653 
vn -0.0018855036469176412 0.7526171803474426 0.6584556698799133 
vn -6.893801257927198e-14 0.6666374206542969 0.7453821301460266 
vn -0.24826475977897644 0.7543240189552307 0.607749879360199 
vn -0.28757375478744507 0.6635002493858337 0.6907016038894653 
vn -0.46228957176208496 0.7554703950881958 0.4642767012119293 
vn -0.5262599587440491 0.6659584045410156 0.528724730014801 
vn -0.6061796545982361 0.7540693879127502 0.25283506512641907 
vn -0.6867366433143616 0.6680676937103271 0.2864931523799896 
vn -0.6574495434761047 0.7534953951835632 -0.002184694167226553 
vn -0.7485089898109436 0.6631211042404175 -0.002184694167226553 
vn -0.6574495434761047 0.7534953951835632 -0.002184694167226553 
vn -0.6061796545982361 0.7540693879127502 -0.25283506512641907 
vn -0.46446070075035095 0.7541375160217285 -0.4642767012119293 
vn -0.24693548679351807 0.7575457096099854 -0.6042742133140564 
vn -0.001887803548015654 0.7583425045013428 -0.651853621006012 
vn 0.25052228569984436 0.7563671469688416 -0.6042742133140564 
vn 0.46124187111854553 0.7561104893684387 -0.4642767012119293 
vn 0.6032322645187378 0.7564293146133423 -0.25283506512641907 
vn 0.6574495434761047 0.7534953951835632 -0.002184694167226553 
vn 0.609117865562439 0.7516979575157166 0.25283506512641907 
vn 0.4655606746673584 0.751063346862793 0.46814218163490295 
vn 0.2503105700016022 0.750840961933136 0.6112139225006104 
vn 0.0018842883873730898 0.7497329711914062 0.661737859249115 
vn -0.2538871169090271 0.7496391534805298 0.6112139225006104 
vn -0.4655606746673584 0.751063346862793 0.46814218163490295 
vn -0.6061796545982361 0.7540693879127502 0.25283506512641907 
vn -0.6574495434761047 0.7534953951835632 -0.002184694167226553 
vn 0.999997615814209 0 0.002184694167226553 
vn 0.7485089898109436 0.6631211042404175 0.002184694167226553 
vn 0.924505352973938 0 0.3811691105365753 
vn 0.6867366433143616 0.6680676937103271 0.2864931523799896 
vn 0.7078787684440613 0 0.7063339352607727 
vn 0.5292139649391174 0.6636133790016174 0.528724730014801 
vn 0.3831879794597626 0 0.9236704111099243 
vn 0.2841130793094635 0.6649894714355469 0.6907016038894653 
vn 0 0 1 
vn -6.893801257927198e-14 0.6666374206542969 0.7453821301460266 
vn -0.3831879794597626 -7.925212949008026e-14 0.9236704111099243 
vn -0.28757375478744507 0.6635002493858337 0.6907016038894653 
vn -0.7078787684440613 -1.4640568759497624e-13 0.7063339352607727 
vn -0.5262599587440491 0.6659584045410156 0.528724730014801 
vn -0.924505352973938 -1.9120906843538704e-13 0.3811691105365753 
vn -0.6867366433143616 0.6680676937103271 0.2864931523799896 
vn -0.999997615814209 -2.0682260971124217e-13 0.002184694167226553 
vn -0.7485089898109436 0.6631211042404175 0.002184694167226553 
vn -0.9244976043701172 0.0037768674083054066 -0.3811691105365753 
vn -0.688720166683197 0.6660226583480835 -0.2864931523799896 
vn -0.7078686952590942 0.0037756471429020166 -0.7063339352607727 
vn -0.5283698439598083 0.6642856597900391 -0.528724730014801 
vn -0.3831879794597626 -7.925212949008026e-14 -0.9236704111099243 
vn -0.2850063443183899 0.6646071076393127 -0.6907016038894653 
vn -2.0682311115474694e-13 0 -1 
vn -0.00378031050786376 0.6666266918182373 -0.7453821301460266 
vn 0.3831879794597626 0 -0.9236704111099243 
vn 0.28847652673721313 0.663108229637146 -0.6907016038894653 
vn 0.7078787684440613 0 -0.7063339352607727 
vn 0.5283698439598083 0.6642856597900391 -0.528724730014801 
vn 0.924505352973938 0 -0.3811691105365753 
vn 0.6913401484489441 0.6633027195930481 -0.2864931523799896 
vn 0.999997615814209 0 0.002184694167226553 
vn 0.7485089898109436 0.6631211042404175 0.002184694167226553 
vn 0.6574495434761047 0.7534953951835632 -0.002184694167226553 
vn 0.609117865562439 0.7516979575157166 0.25283506512641907 
vn 0.46228957176208496 0.7554703950881958 0.4642767012119293 
vn 0.24826475977897644 0.7543240189552307 0.607749879360199 
vn -0.0018855036469176412 0.7526171803474426 0.6584556698799133 
vn -0.24826475977897644 0.7543240189552307 0.607749879360199 
vn -0.46228957176208496 0.7554703950881958 0.4642767012119293 
vn -0.6061796545982361 0.7540693879127502 0.25283506512641907 
vn -0.6574495434761047 0.7534953951835632 0.002184694167226553 
vn -0.6061796545982361 0.7540693879127502 -0.25283506512641907 
vn -0.46446070075035095 0.7541375160217285 -0.4642767012119293 
vn -0.2525780498981476 0.7528907060623169 -0.607749879360199 
vn -0.003777019213885069 0.7526100873947144 -0.6584556698799133 
vn 0.2525780498981476 0.7528907060623169 -0.607749879360199 
vn 0.46767112612724304 0.75215083360672 -0.4642767012119293 
vn 0.609117865562439 0.7516979575157166 -0.25283506512641907 
vn 0.6574495434761047 0.7534953951835632 -0.002184694167226553 
vn 0.3831879794597626 0 0.9236704111099243 
vn 0.341871052980423 0.33920973539352417 0.8763908743858337 
vn -0.3831879794597626 -7.925212949008026e-14 0.9236704111099243 
vn -0.341871052980423 0.33920973539352417 0.8763908743858337 
vn -0.33937153220176697 0.8784769177436829 0.3363112509250641 
vn 0.3444520831108093 0.8796156048774719 0.3280687630176544 
vn -0.17096781730651855 0.9768558740615845 -0.12854042649269104 
vn 0.1672467291355133 0.9774998426437378 -0.12854042649269104 
vn -0.2692302465438843 0.826161801815033 -0.4949462115764618 
vn 0.3000216782093048 0.3040083348751068 0.9041935205459595 
vn 0.3000216782093048 -0.3040083348751068 0.9041935205459595 
vn 0.7071051001548767 -0.7071051001548767 0.002184694167226553 
vn 0.7071051001548767 -0.7071051001548767 0.002184694167226553 
vn 0.7071051001548767 0.7071051001548767 0.002184694167226553 
vn 0.7071051001548767 0.7071051001548767 0.002184694167226553 
vn -0.018851570785045624 0.698305070400238 0.715552031993866 
vn 0.14948770403862 0.6694603562355042 0.7276512384414673 
vn -0.5914047956466675 0.582068145275116 0.5580654144287109 
vn 0.5389817357063293 0.6309213042259216 0.5580654144287109 
vn 0.7358705401420593 0.6612273454666138 0.1458524912595749 
vn 0.3006172180175781 0.9056556820869446 0.2990269064903259 
vn -1.0341130485562108e-13 0.999997615814209 0.002184694167226553 
vn -0.5994572639465332 0.580756664276123 -0.5507928133010864 
vn -1.0341130485562108e-13 0.999997615814209 -0.002184694167226553 
vn -0.020771879702806473 0.6982505917549133 -0.715552031993866 
vn 0.3040924668312073 0.9016990065574646 -0.30735430121421814 
vn 0.14631231129169464 0.6701614856719971 -0.7276512384414673 
vn 0.5350194573402405 0.6310809850692749 -0.5616858005523682 
vn 0.5817655324935913 0.5777654051780701 0.5724822878837585 
vn 0.5748727917671204 0.5775427222251892 -0.5796254277229309 
vn -0.5702775120735168 0.7566443681716919 -0.3198012113571167 
vn -0.9043909311294556 0.3960520327091217 -0.15880759060382843 
vn -0.6574495434761047 0.7534953951835632 -0.002184694167226553 
vn -0.7485089898109436 0.6631211042404175 0.002184694167226553 
vn -0.6061796545982361 0.7540693879127502 0.25283506512641907 
vn -0.6867366433143616 0.6680676937103271 0.2864931523799896 
vn -0.4687046408653259 0.7515072226524353 0.4642767012119293 
vn -0.5262599587440491 0.6659584045410156 0.528724730014801 
vn -0.2554129362106323 0.7519336938858032 0.607749879360199 
vn -0.28757375478744507 0.6635002493858337 0.6907016038894653 
vn -0.0018855036469176412 0.7526171803474426 0.6584556698799133 
vn -6.893801257927198e-14 0.6666374206542969 0.7453821301460266 
vn 0.2554129362106323 0.7519336938858032 0.607749879360199 
vn 0.2841130793094635 0.6649894714355469 0.6907016038894653 
vn 0.4687046408653259 0.7515072226524353 0.4642767012119293 
vn 0.5292139649391174 0.6636133790016174 0.528724730014801 
vn 0.609117865562439 0.7516979575157166 0.25283506512641907 
vn 0.6867366433143616 0.6680676937103271 0.2864931523799896 
vn 0.6574495434761047 0.7534953951835632 -0.002184694167226553 
vn 0.7485089898109436 0.6631211042404175 -0.002184694167226553 
vn 0.609117865562439 0.7516979575157166 -0.25283506512641907 
vn 0.6913401484489441 0.6633027195930481 -0.2864931523799896 
vn 0.46124187111854553 0.7561104893684387 -0.4642767012119293 
vn 0.5283698439598083 0.6642856597900391 -0.528724730014801 
vn 0.25052228569984436 0.7563671469688416 -0.6042742133140564 
vn 0.28847652673721313 0.663108229637146 -0.6907016038894653 
vn -7.812633461175278e-14 0.7554894089698792 -0.6551609039306641 
vn -0.00378031050786376 0.6666266918182373 -0.7453821301460266 
vn -0.25410348176956177 0.755171537399292 -0.6042742133140564 
vn -0.2850063443183899 0.6646071076393127 -0.6907016038894653 
vn -0.46446070075035095 0.7541375160217285 -0.4642767012119293 
vn -0.5283698439598083 0.6642856597900391 -0.528724730014801 
vn -0.6061796545982361 0.7540693879127502 -0.25283506512641907 
vn -0.688720166683197 0.6660226583480835 -0.2864931523799896 
vn -0.6574495434761047 0.7534953951835632 -0.002184694167226553 
vn -0.7485089898109436 0.6631211042404175 0.002184694167226553 
vn -0.6574495434761047 0.7534953951835632 -0.002184694167226553 
vn -0.6061796545982361 0.7540693879127502 0.25283506512641907 
vn -0.46228957176208496 0.7554703950881958 0.4642767012119293 
vn -0.24826475977897644 0.7543240189552307 0.607749879360199 
vn -0.0018855036469176412 0.7526171803474426 0.6584556698799133 
vn 0.24826475977897644 0.7543240189552307 0.607749879360199 
vn 0.46228957176208496 0.7554703950881958 0.4642767012119293 
vn 0.609117865562439 0.7516979575157166 0.25283506512641907 
vn 0.6574495434761047 0.7534953951835632 0.002184694167226553 
vn 0.609117865562439 0.7516979575157166 -0.25283506512641907 
vn 0.46767112612724304 0.75215083360672 -0.4642767012119293 
vn 0.2525780498981476 0.7528907060623169 -0.607749879360199 
vn 0.003777019213885069 0.7526100873947144 -0.6584556698799133 
vn -0.2525780498981476 0.7528907060623169 -0.607749879360199 
vn -0.46446070075035095 0.7541375160217285 -0.4642767012119293 
vn -0.6061796545982361 0.7540693879127502 -0.25283506512641907 
vn -0.6574495434761047 0.7534953951835632 -0.002184694167226553 
vn 7.920697924585982e-14 -0.2549481689929962 -0.9669547080993652 
vn 0.19767609238624573 -0.41795098781585693 -0.8867024183273315 
vn -5.177098238496637e-14 0.5006305575370789 -0.865661084651947 
vn 0.3210901618003845 0.41302230954170227 -0.8522403836250305 
vn -9.99364504453322e-14 0.9663954377174377 -0.25706008076667786 
vn 0.2282477170228958 0.9709347486495972 -0.07203252613544464 
vn 0.09791611135005951 0.8882886171340942 0.4487268626689911 
vn 0.05654427036643028 0.9564122557640076 0.2864931523799896 
vn 0.5520468950271606 0.8079503774642944 0.2060592919588089 
vn 0.8400744795799255 -0.1947866976261139 -0.5062933564186096 
vn 0.27712252736091614 -0.7356268763542175 -0.6181069612503052 
vn 0.3965725600719452 -0.6818471550941467 -0.6146662831306458 
vn 0.30737581849098206 0.7654809951782227 0.5652954578399658 
vn 0.14384496212005615 0.6374812722206116 0.7569189071655273 
vn -0.07727192342281342 0.9325334429740906 0.3527185618877411 
vn -0.14808250963687897 0.7408345341682434 0.6551609039306641 
vn -0.6586909890174866 0.7507352232933044 0.05022686347365379 
vn -0.23655778169631958 0.8427660465240479 0.4835140109062195 
vn -0.35731077194213867 0.8848230838775635 -0.2990269064903259 
vn -0.1465873271226883 0.9616940021514893 0.23163928091526031 
vn 0.2969295084476471 0.9040830731391907 -0.30735430121421814 
vn 0.13360969722270966 0.9702745079994202 0.2017817199230194 
vn 0.7158128023147583 0.6957992315292358 0.058952588587999344 
vn 0.2947998642921448 0.8779914975166321 0.37712597846984863 
vn 0.8592954874038696 -0.14278683066368103 -0.4911448359489441 
vn 0.35381126403808594 0.11177672445774078 -0.9286137819290161 
vn -0.42398127913475037 0.09732414036989212 -0.9004265069961548 
vn -0.19657664000988007 -0.5805643796920776 -0.790128231048584 
vn -0.404126912355423 -0.6647164225578308 -0.6283578276634216 
vn -0.8348587155342102 -0.060398977249860764 -0.5471406579017639 
vn -0.7277635931968689 0.6424149870872498 0.2401314377784729 
vn -0.5373707413673401 -0.6599970459938049 -0.5250110030174255 
vn -0.9534960389137268 -0.17643210291862488 -0.24437066912651062 
vn -0.5562527775764465 -0.7874611616134644 -0.26549527049064636 
vn -0.9521719217300415 -0.3046164810657501 -0.024029340595006943 
vn -0.42822596430778503 -0.8624857068061829 -0.26970529556274414 
vn -0.8352790474891663 -0.5062159895896912 0.21460255980491638 
vn -0.2043810784816742 -0.9730428457260132 -0.10684575140476227 
vn -0.42657238245010376 -0.7338161468505859 0.528724730014801 
vn 0.16536776721477509 -0.9813355803489685 -0.0981530249118805 
vn 0.3559025526046753 -0.7495974898338318 0.5580654144287109 
vn 0.36627739667892456 -0.8879728317260742 -0.2781098484992981 
vn 0.8598132133483887 -0.49060261249542236 0.1415284425020218 
vn 0.2408446967601776 -0.9073556065559387 -0.34452807903289795 
vn 0.8599118590354919 -0.4971965253353119 0.11553031951189041 
vn 0.2319493293762207 -0.9726076722145081 0.0152922747656703 
vn 0.35543006658554077 -0.507789134979248 0.7847417593002319 
vn -0.0018859562696889043 -0.9641103148460388 0.26549527049064636 
vn 0.0037625895347446203 -0.5006163716316223 0.865661084651947 
vn -0.7294597029685974 0.526252806186676 0.43697428703308105 
vn -0.661149263381958 0.4151093065738678 0.6249527335166931 
vn -0.0790276825428009 0.7711325883865356 0.6317508816719055 
vn -0.2402474731206894 0.839515745639801 0.48733407258987427 
vn -0.14657267928123474 0.9374840259552002 0.31565824151039124 
vn -0.3585488498210907 0.1845884472131729 0.9150791168212891 
vn 0.29756492376327515 0.18554510176181793 0.9364978075027466 
vn 0.7171867489814758 0.3973754048347473 0.5724822878837585 
vn 0.29318639636039734 0.7657060623168945 0.5724822878837585 
vn 0.3071242570877075 0.8720004558563232 0.3811691105365753 
vn 0.5481444597244263 0.5854777693748474 0.5972883701324463 
vn 0.14291693270206451 0.974721372127533 0.17173540592193604 
vn 0.054623428732156754 0.724093496799469 0.6875353455543518 
vn 0.22764702141284943 0.4244006276130676 0.8763908743858337 
vn 0.10348565876483917 0.8330199718475342 0.5434780716896057 
vn 0.0018760409438982606 0.2591639459133148 0.9658315181732178 
vn 0.16777969896793365 -0.5750633478164673 -0.8007197380065918 
vn -0.018851570785045624 0.698305070400238 0.715552031993866 
vn 0.14948770403862 0.6694603562355042 0.7276512384414673 
vn 0.5389817357063293 0.6309213042259216 0.5580654144287109 
vn 0.7348014712333679 0.6614488959312439 0.15017375349998474 
vn 0.7071051001548767 0.7071051001548767 0.002184694167226553 
vn 0.7071051001548767 0.7071051001548767 0.002184694167226553 
vn -0.7071051001548767 0.7071051001548767 0.002184694167226553 
vn -0.7071051001548767 0.7071051001548767 0.002184694167226553 
vn -0.7071051001548767 -0.7071051001548767 0.002184694167226553 
vn -0.7071051001548767 -0.7071051001548767 0.002184694167226553 
vn 0.7071051001548767 -0.7071051001548767 0.002184694167226553 
vn 0.7071051001548767 -0.7071051001548767 0.002184694167226553 
vn 0.3376308083534241 -0.48200443387031555 0.8085030317306519 
vn 0.3376308083534241 0.48200443387031555 0.8085030317306519 
vn -0.340707927942276 -0.47983428835868835 0.8085030317306519 
vn -0.340707927942276 0.47983428835868835 0.8085030317306519 
vn -0.14597627520561218 0.683137059211731 0.715552031993866 
vn 0.13663050532341003 0.6591131687164307 0.7395281791687012 
vn 0.7071051001548767 -0.7071051001548767 0.002184694167226553 
vn 0.7071051001548767 -0.7071051001548767 0.002184694167226553 
vn -0.7071051001548767 -0.7071051001548767 0.002184694167226553 
vn -0.7071051001548767 -0.7071051001548767 0.002184694167226553 
vn -0.7071051001548767 0.7071051001548767 0.002184694167226553 
vn -0.7071051001548767 0.7071051001548767 0.002184694167226553 
vn 0.7071051001548767 0.7071051001548767 0.002184694167226553 
vn 0.7071051001548767 0.7071051001548767 0.002184694167226553 
vn 0.5748727917671204 0.5775427222251892 -0.5796254277229309 
vn 0.3059365749359131 0.9024835228919983 -0.30319350957870483 
vn 0.5786608457565308 0.5773276686668396 0.5760593414306641 
vn 0.3006172180175781 0.9056556820869446 0.2990269064903259 
vn -1.0341130485562108e-13 0.999997615814209 0.002184694167226553 
vn -1.0341130485562108e-13 0.999997615814209 -0.002184694167226553 
vn -0.6034810543060303 0.5834742188453674 0.5434780716896057 
vn -0.6114070415496826 0.5820264220237732 -0.5361219048500061 
vn -0.030196821317076683 0.691620945930481 -0.7216291427612305 
vn 0.2244151085615158 0.6515554189682007 -0.7246471047401428 
vn 0.6182844042778015 0.6369882822036743 -0.46040233969688416 
vn 0.7282289862632751 0.6788839101791382 0.09380380809307098 
vn 0.6244999170303345 0.636496901512146 0.45262736082077026 
vn 0.23105815052986145 0.6525821685791016 0.7216291427612305 
vn -0.028261570259928703 0.6917027235031128 0.7216291427612305 
vn 0.00376924779266119 0.707868754863739 0.7063339352607727 
vn 0.0018878303235396743 0.7078762650489807 -0.7063339352607727 
vn -0.5759913921356201 0.5799909830093384 0.5760593414306641 
vn -0.5779946446418762 0.5779946446418762 -0.5760593414306641 
vn -0.5759913921356201 -0.5799909830093384 0.5760593414306641 
vn -0.5779946446418762 -0.5779946446418762 -0.5760593414306641 
vn 0.00376924779266119 -0.707868754863739 0.7063339352607727 
vn 0.0018878303235396743 -0.7078762650489807 -0.7063339352607727 
vn 0.0018878303235396743 0.7078762650489807 -0.7063339352607727 
vn 0.00376924779266119 0.707868754863739 0.7063339352607727 
vn 0.6321288347244263 0.7148398756980896 0.2990269064903259 
vn 0.9030877351760864 0.3041483163833618 0.30319350957870483 
vn -0.6321288347244263 0.7148398756980896 0.2990269064903259 
vn -0.9042856097221375 0.30056822299957275 0.30319350957870483 
vn 0.3000216782093048 -0.3040083348751068 0.9041935205459595 
vn -0.30268529057502747 -0.30135640501976013 0.9041935205459595 
vn -0.7078787684440613 -1.4640568759497624e-13 0.7063339352607727 
vn -0.7078787684440613 -1.4640568759497624e-13 0.7063339352607727 
vn -0.6315692663192749 0.45886194705963135 0.6249527335166931 
vn -0.30268529057502747 0.30135640501976013 0.9041935205459595 
vn 0.6315692663192749 0.45886194705963135 0.6249527335166931 
vn 0.3000216782093048 0.3040083348751068 0.9041935205459595 
vn 0.7078787684440613 0 0.7063339352607727 
vn 0.7078787684440613 0 0.7063339352607727 
vn 0.0018878303235396743 0.7078762650489807 -0.7063339352607727 
vn 0.0018878303235396743 -0.7078762650489807 -0.7063339352607727 
vn -0.5779946446418762 0.5779946446418762 -0.5760593414306641 
vn -0.5779946446418762 -0.5779946446418762 -0.5760593414306641 
vn -0.5759913921356201 -0.5799909830093384 0.5760593414306641 
vn 0.00376924779266119 -0.707868754863739 0.7063339352607727 
vn 0.00376924779266119 0.707868754863739 0.7063339352607727 
vn -0.5759913921356201 0.5799909830093384 0.5760593414306641 
vn 0.0018878303235396743 0.7078762650489807 -0.7063339352607727 
vn 0.00376924779266119 0.707868754863739 0.7063339352607727 
vn -0.00376924779266119 0.707868754863739 0.7063339352607727 
vn 0.0018878303235396743 0.7078762650489807 -0.7063339352607727 
vn -0.5759913921356201 0.5799909830093384 0.5760593414306641 
vn -0.5779946446418762 0.5779946446418762 -0.5760593414306641 
vn -0.5759913921356201 -0.5799909830093384 0.5760593414306641 
vn -0.5779946446418762 -0.5779946446418762 -0.5760593414306641 
vn 0.00376924779266119 -0.707868754863739 0.7063339352607727 
vn 0.0018878303235396743 -0.7078762650489807 -0.7063339352607727 
vn 0.0018878303235396743 0.7078762650489807 -0.7063339352607727 
vn 0.00376924779266119 -0.707868754863739 0.7063339352607727 
vn -0.00376924779266119 0.707868754863739 0.7063339352607727 
vn -0.5759913921356201 -0.5799909830093384 0.5760593414306641 
vn -0.5759913921356201 0.5799909830093384 0.5760593414306641 
vn -0.5779946446418762 0.5779946446418762 -0.5760593414306641 
vn 0.0018878303235396743 0.7078762650489807 -0.7063339352607727 
vn 0.0018878303235396743 -0.7078762650489807 -0.7063339352607727 
vn -0.5779946446418762 -0.5779946446418762 -0.5760593414306641 
vn 0.00376924779266119 -0.707868754863739 0.7063339352607727 
vn 0.0018878303235396743 -0.7078762650489807 -0.7063339352607727 
vn -0.00376924779266119 0.707868754863739 0.7063339352607727 
vn -0.00376924779266119 0.707868754863739 0.7063339352607727 
vn 0.0018878303235396743 0.7078762650489807 -0.7063339352607727 
vn -0.5759913921356201 0.5799909830093384 0.5760593414306641 
vn -0.5779946446418762 0.5779946446418762 -0.5760593414306641 
vn -0.5759913921356201 -0.5799909830093384 0.5760593414306641 
vn -0.5779946446418762 -0.5779946446418762 -0.5760593414306641 
vn -0.00376924779266119 -0.707868754863739 0.7063339352607727 
vn 0.0018878303235396743 -0.7078762650489807 -0.7063339352607727 
vn 0.0018878303235396743 0.7078762650489807 -0.7063339352607727 
vn 0.7071051001548767 -0.7071051001548767 0.002184694167226553 
vn 0.5786608457565308 -0.5773276686668396 0.5760593414306641 
vn -0.7071051001548767 -0.7071051001548767 0.002184694167226553 
vn -0.5759913921356201 -0.5799909830093384 0.5760593414306641 
vn -0.7071051001548767 0.7071051001548767 0.002184694167226553 
vn -0.5759913921356201 0.5799909830093384 0.5760593414306641 
vn 0.7071051001548767 0.7071051001548767 0.002184694167226553 
vn 0.5786608457565308 0.5773276686668396 0.5760593414306641 
vn 0.7071051001548767 -0.7071051001548767 0.002184694167226553 
vn -0.00376924779266119 0.707868754863739 0.7063339352607727 
vn -0.5702775120735168 0.7566443681716919 -0.3198012113571167 
vn -0.3243975043296814 0.5971359610557556 -0.7336177229881287 
vn -0.7393497228622437 0.22353869676589966 -0.6351318359375 
vn -0.42913806438446045 0.33048081398010254 -0.8406086564064026 
vn -0.8390936255455017 0.4459640085697174 -0.31150925159454346 
vn -0.11533790081739426 0.3696439266204834 -0.9219872951507568 
vn -0.2750832736492157 0.8661732077598572 -0.417220801115036 
vn -0.8387867212295532 0.4494108557701111 -0.30735430121421814 
vn -0.9296587705612183 0.34015321731567383 0.1415284425020218 
vn -0.8060390949249268 0.21662944555282593 -0.5507928133010864 
vn -0.999997615814209 -2.0682260971124217e-13 0.002184694167226553 
vn -0.41692888736724854 0.8427826166152954 0.34042292833328247 
vn -0.6648584604263306 0.6981944441795349 0.26549527049064636 
vn -0.7376663088798523 0.6310192942619324 0.2401314377784729 
vn -0.3006214201450348 0.6962137818336487 0.651853621006012 
vn -0.5293583273887634 0.3157753050327301 0.7874425053596497 
vn -0.2996765673160553 0.7296432852745056 0.6146662831306458 
vn -0.3239542841911316 0.6565591096878052 0.681163489818573 
vn -0.6040328145027161 0.048956532031297684 0.7954543828964233 
vn -0.6394740343093872 -0.2888369560241699 0.7124928832054138 
vn -1.0341130485562108e-13 0.999997615814209 -0.002184694167226553 
vn 0.3686853349208832 0.9295517206192017 -0.002184694167226553 
vn 0.0018884376622736454 0.9245033860206604 -0.3811691105365753 
vn 0.3692386746406555 0.8581106662750244 -0.3568037748336792 
vn 0.0018878303235396743 0.7078762650489807 -0.7063339352607727 
vn 0.3653542697429657 0.6579912304878235 -0.6584556698799133 
vn 0.0037855375558137894 0.3831692636013031 -0.9236704111099243 
vn 0.36860430240631104 0.3552572727203369 -0.8590245246887207 
vn -2.0682311115474694e-13 0 -1 
vn 0.3669867515563965 0 -0.9302261471748352 
vn -0.0037855375558137894 -0.3831692636013031 -0.9236704111099243 
vn 0.36860430240631104 -0.3552572727203369 -0.8590245246887207 
vn 0.003777894424274564 -0.49303221702575684 -0.8700028657913208 
vn 0.43718215823173523 -0.49457207322120667 -0.7511792182922363 
vn 2.450594252263044e-13 -0.7887872457504272 -0.6146662831306458 
vn 0.47523629665374756 -0.6772440671920776 -0.5616858005523682 
vn 3.097898456858039e-13 -0.999997615814209 0.002184694167226553 
vn 0.434213787317276 -0.8979251980781555 0.07203252613544464 
vn 0.0018858796684071422 -0.7887849807739258 0.6146662831306458 
vn 0.5322795510292053 -0.6812867522239685 0.5025205612182617 
vn -0.0018843651050701737 -0.49304309487342834 0.8700028657913208 
vn 0.3782946765422821 -0.4553896188735962 0.8059239983558655 
vn 1.187080219278852e-13 -0.3831879794597626 0.9236704111099243 
vn 0.3692418038845062 -0.3545946180820465 0.8590245246887207 
vn 0 0 1 
vn 0.3669867515563965 0 0.9302261471748352 
vn -3.962606474504013e-14 0.3831879794597626 0.9236704111099243 
vn 0.3692418038845062 0.3545946180820465 0.8590245246887207 
vn 0.00376924779266119 0.707868754863739 0.7063339352607727 
vn 0.36647024750709534 0.6573703289031982 0.6584556698799133 
vn 0.0037719623651355505 0.9244976043701172 0.3811691105365753 
vn 0.3635849356651306 0.8605213761329651 0.3568037748336792 
vn -1.0341130485562108e-13 0.999997615814209 -0.002184694167226553 
vn 0.3686853349208832 0.9295517206192017 -0.002184694167226553 
vn 0.9065534472465515 0.389297753572464 -0.16312000155448914 
vn 0.9068379998207092 0.2970314919948578 -0.2990269064903259 
vn 0.907507061958313 0.1578867882490158 -0.3892335295677185 
vn 0.9069734811782837 0 -0.42118772864341736 
vn 0.907507061958313 -0.1578867882490158 -0.3892335295677185 
vn 0.9068379998207092 -0.2970314919948578 -0.2990269064903259 
vn 0.9793792963027954 -0.11306456476449966 -0.16742929816246033 
vn 0.8635610342025757 -0.44339513778686523 0.2401314377784729 
vn 0.9914836287498474 -0.10547405481338501 0.0763898640871048 
vn 0.9270787239074707 -0.20220021903514862 0.31565824151039124 
vn 0.9062203168869019 -0.16511209309101105 0.3892335295677185 
vn 0.9069734811782837 0 0.42118772864341736 
vn 0.9062203168869019 0.16511209309101105 0.3892335295677185 
vn 0.9068379998207092 0.2970314919948578 0.2990269064903259 
vn 0.9065534472465515 0.389297753572464 0.16312000155448914 
vn 0.9055951237678528 0.4241376221179962 0.002184694167226553 
vn 0.752885103225708 0.6076499223709106 -0.25283506512641907 
vn 0.7531458735466003 0.46606698632240295 -0.4642767012119293 
vn 0.7528907060623169 0.2525780498981476 -0.607749879360199 
vn 0.7526195645332336 0 -0.6584556698799133 
vn 0.7528907060623169 -0.2525780498981476 -0.607749879360199 
vn 0.7531458735466003 -0.46606698632240295 -0.4642767012119293 
vn 0.752885103225708 -0.6076499223709106 -0.25283506512641907 
vn 0.7534953951835632 -0.6574495434761047 0.002184694167226553 
vn 0.752885103225708 -0.6076499223709106 0.25283506512641907 
vn 0.7534956336021423 -0.4655013382434845 0.4642767012119293 
vn 0.7531373500823975 -0.2518416941165924 0.607749879360199 
vn 0.7526195645332336 0 0.6584556698799133 
vn 0.7531373500823975 0.2518416941165924 0.607749879360199 
vn 0.7534956336021423 0.4655013382434845 0.4642767012119293 
vn 0.752885103225708 0.6076499223709106 0.25283506512641907 
vn 0.7534953951835632 0.6574495434761047 -0.002184694167226553 
vn 0.0018884376622736454 0.9245033860206604 -0.3811691105365753 
vn 0.0018878303235396743 0.7078762650489807 -0.7063339352607727 
vn 0.0037855375558137894 0.3831692636013031 -0.9236704111099243 
vn -2.0682311115474694e-13 0 -1 
vn 0.0037855375558137894 -0.3831692636013031 -0.9236704111099243 
vn 0.0018878303235396743 -0.7078762650489807 -0.7063339352607727 
vn 0.0018884376622736454 -0.9245033860206604 -0.3811691105365753 
vn 3.097898456858039e-13 -0.999997615814209 0.002184694167226553 
vn 0.0037719623651355505 -0.9244976043701172 0.3811691105365753 
vn 0.00376924779266119 -0.707868754863739 0.7063339352607727 
vn 1.187080219278852e-13 -0.3831879794597626 0.9236704111099243 
vn 0 0 1 
vn -3.962606474504013e-14 0.3831879794597626 0.9236704111099243 
vn 0.00376924779266119 0.707868754863739 0.7063339352607727 
vn 0.0037719623651355505 0.9244976043701172 0.3811691105365753 
vn -1.0341130485562108e-13 0.999997615814209 0.002184694167226553 
vn -1.0341130485562108e-13 0.999997615814209 0.002184694167226553 
vn 0.7534953951835632 0.6574495434761047 -0.002184694167226553 
vn 0.9055951237678528 0.4241376221179962 0.002184694167226553 
vn 0.7071051001548767 0.7071051001548767 0.002184694167226553 
vn 0.5786608457565308 0.5773276686668396 0.5760593414306641 
vn 0.7071051001548767 -0.7071051001548767 0.002184694167226553 
vn 0.5755424499511719 -0.5768754482269287 0.5796254277229309 
vn -0.7124248743057251 -0.7017449736595154 0.002184694167226553 
vn -0.5813180208206177 -0.5746520757675171 0.5760593414306641 
vn -0.7071051001548767 0.7071051001548767 0.002184694167226553 
vn -0.5759913921356201 0.5799909830093384 0.5760593414306641 
vn 0.7071051001548767 -0.7071051001548767 0.002184694167226553 
vn 0.5786608457565308 -0.5773276686668396 0.5760593414306641 
vn -0.7071051001548767 -0.7071051001548767 0.002184694167226553 
vn -0.5759913921356201 -0.5799909830093384 0.5760593414306641 
vn -0.7071051001548767 0.7071051001548767 0.002184694167226553 
vn -0.5759913921356201 0.5799909830093384 0.5760593414306641 
vn 0.7071051001548767 0.7071051001548767 0.002184694167226553 
vn 0.5786608457565308 0.5773276686668396 0.5760593414306641 
vn -0.16465234756469727 -0.14741197228431702 0.9752739667892456 
vn -0.16465234756469727 0.14741197228431702 0.9752739667892456 
vn 0.16713178157806396 0.14459478855133057 0.9752739667892456 
vn 0.16713178157806396 -0.14459478855133057 0.9752739667892456 
vn 0.3376308083534241 -0.48200443387031555 0.8085030317306519 
vn -0.340707927942276 -0.47983428835868835 0.8085030317306519 
vn -0.340707927942276 0.47983428835868835 0.8085030317306519 
vn 0.3376308083534241 0.48200443387031555 0.8085030317306519 
vn -0.2992071807384491 0.9526253342628479 0.05459024757146835 
vn 0.6885406374931335 0.4759715497493744 -0.5471406579017639 
vn 0.30280643701553345 0.9514873623847961 0.05459024757146835 
vn 0.6852852702140808 -0.030129702761769295 0.7276512384414673 
vn 0.3031620681285858 0.7282019853591919 0.6146662831306458 
vn -0.6852852702140808 -0.030129702761769295 0.7276512384414673 
vn -0.2996765673160553 0.7296432852745056 0.6146662831306458 
vn -0.6885406374931335 0.4759715497493744 -0.5471406579017639 
vn -0.5282809734344482 0.8144053816795349 -0.2401314377784729 
vn 0.5282809734344482 0.8144053816795349 -0.2401314377784729 
vn 0.5260968804359436 0.4250553250312805 0.736579954624176 
vn -0.5260968804359436 0.4250553250312805 0.736579954624176 
vn -0.24325056374073029 0.7803747653961182 0.5760593414306641 
vn -0.24294476211071014 0.9626054167747498 0.11986933648586273 
vn 0.24294476211071014 0.9626054167747498 0.11986933648586273 
vn 0.246848002076149 0.7792443037033081 0.5760593414306641 
vn 0.2947998642921448 0.8779914975166321 0.37712597846984863 
vn 0.43620264530181885 0.8610806465148926 0.2612801790237427 
vn 0.30737581849098206 0.7654809951782227 0.5652954578399658 
vn 0.45502421259880066 0.6275697946548462 0.6317508816719055 
vn 0.14384496212005615 0.6374812722206116 0.7569189071655273 
vn 0.20327910780906677 0.46984514594078064 0.8590245246887207 
vn -0.14808250963687897 0.7408345341682434 0.6551609039306641 
vn -0.18105874955654144 0.5182505249977112 0.8358433246612549 
vn -0.23655778169631958 0.8427660465240479 0.4835140109062195 
vn -0.4635005295276642 0.8128695487976074 0.3527185618877411 
vn -0.1465873271226883 0.9616940021514893 0.23163928091526031 
vn -0.2392694056034088 0.9707541465759277 0.01966099627315998 
vn 0.13360969722270966 0.9702745079994202 0.2017817199230194 
vn 0.18765608966350555 0.9821157455444336 0.0152922747656703 
vn -0.2257358282804489 0.42107516527175903 0.8784868121147156 
vn -0.5481444597244263 0.5854777693748474 0.5972883701324463 
vn -0.5489283800125122 0.8100723624229431 0.2060592919588089 
vn -0.2282477170228958 0.9709347486495972 -0.07203252613544464 
vn 0.27568745613098145 0.9608277678489685 0.028397228568792343 
vn 0.5359951257705688 0.7101404070854187 0.456519216299057 
vn 0.25764963030815125 0.46382057666778564 0.8476362228393555 
vn 0.3602540194988251 0.18123799562454224 0.9150791168212891 
vn -0.2955584228038788 0.18872490525245667 0.9364978075027466 
vn -0.7153513431549072 0.40067005157470703 0.5724822878837585 
vn -0.7184381484985352 0.693088173866272 0.058952588587999344 
vn -0.2969295084476471 0.9040830731391907 -0.30735430121421814 
vn 0.41107267141342163 0.8654137253761292 -0.2864931523799896 
vn 0.7945196628570557 0.49429553747177124 0.3527185618877411 
vn -0.5108591318130493 0.8596616387367249 0.002184694167226553 
vn 0.74347984790802 0.6687547564506531 0.002184694167226553 
vn -0.4790538549423218 0.8599522709846497 0.1760382205247879 
vn 0.6980048418045044 0.6699728965759277 -0.25283506512641907 
vn -0.3896148204803467 0.8605644702911377 0.3280687630176544 
vn 0.5691962242126465 0.6705117225646973 -0.4758462607860565 
vn -0.2565993666648865 0.8580756783485413 0.44481781125068665 
vn 0.37246066331863403 0.6702926158905029 -0.641857385635376 
vn -0.09037167578935623 0.8598290681838989 0.5025205612182617 
vn 0.12763994932174683 0.6707243323326111 -0.7306414246559143 
vn 0.09037167578935623 0.8598290681838989 0.5025205612182617 
vn -0.12763994932174683 0.6707243323326111 -0.7306414246559143 
vn 0.2565993666648865 0.8580756783485413 0.44481781125068665 
vn -0.37246066331863403 0.6702926158905029 -0.641857385635376 
vn 0.39304694533348083 0.8590022921562195 0.3280687630176544 
vn -0.5691962242126465 0.6705117225646973 -0.4758462607860565 
vn 0.4823490083217621 0.858108401298523 0.1760382205247879 
vn -0.6953848600387573 0.672691822052002 -0.25283506512641907 
vn 0.5108591318130493 0.8596616387367249 0.002184694167226553 
vn -0.74347984790802 0.6687547564506531 -0.002184694167226553 
vn 0.4823490083217621 0.858108401298523 -0.1760382205247879 
vn -0.6953848600387573 0.672691822052002 0.25283506512641907 
vn 0.39179882407188416 0.8595722913742065 -0.3280687630176544 
vn -0.5691962242126465 0.6705117225646973 0.4758462607860565 
vn 0.25512444972991943 0.8585153818130493 -0.44481781125068665 
vn -0.3702789545059204 0.6715002655982971 0.641857385635376 
vn 0.08861825615167618 0.8600115776062012 -0.5025205612182617 
vn -0.1255660504102707 0.6711156964302063 0.7306414246559143 
vn -0.09237512946128845 0.8596161603927612 -0.5025205612182617 
vn 0.1292695254087448 0.6704121828079224 0.7306414246559143 
vn -0.25874245166778564 0.8574318885803223 -0.44481781125068665 
vn 0.3735758364200592 0.6696717143058777 0.641857385635376 
vn -0.39179882407188416 0.8595722913742065 -0.3280687630176544 
vn 0.5691962242126465 0.6705117225646973 0.4758462607860565 
vn -0.4790538549423218 0.8599522709846497 -0.1760382205247879 
vn 0.6980048418045044 0.6699728965759277 0.25283506512641907 
vn -0.2991328537464142 0.9523886442184448 0.058952588587999344 
vn -0.6504783630371094 0.6011031866073608 -0.4642767012119293 
vn 0.30280643701553345 0.9514873623847961 0.05459024757146835 
vn 0.65269535779953 0.6046313047409058 -0.456519216299057 
vn 0.572001039981842 0.757082998752594 -0.31565824151039124 
vn 0.9792753458023071 0.18757516145706177 -0.0763898640871048 
vn 0.9043909311294556 0.3960520327091217 -0.15880759060382843 
vn 0.8522152900695801 0.49711260199546814 -0.16312000155448914 
vn 0.3031620681285858 0.7282019853591919 0.6146662831306458 
vn 0.6491020917892456 0.11998440325260162 0.7511792182922363 
vn -0.2996765673160553 0.7296432852745056 0.6146662831306458 
vn -0.6476890444755554 0.1273917406797409 0.7511792182922363 
vn -0.9043909311294556 0.3960520327091217 -0.15880759060382843 
vn -0.8455383777618408 0.5136067867279053 -0.1458524912595749 
vn -0.5702775120735168 0.7566443681716919 -0.3198012113571167 
vn -0.979593813419342 0.18763616681098938 -0.07203252613544464 
vn -0.28483322262763977 0.9572603106498718 0.05022686347365379 
vn 0.3027311861515045 0.9512509703636169 0.058952588587999344 
vn 0.47051557898521423 0.8174734115600586 -0.33219319581985474 
vn 0.3321222960948944 0.8609946966171265 -0.3852050006389618 
vn 0.28386956453323364 0.727222204208374 0.6249527335166931 
vn -0.3033163845539093 0.7310380935668945 0.6112139225006104 
vn -0.3338436782360077 0.8639006614685059 -0.37712597846984863 
vn -0.46279633045196533 0.8267688751220703 -0.3198012113571167 
vn -0.14657267928123474 0.9374840259552002 0.31565824151039124 
vn -0.1801823377609253 0.9832232594490051 0.028397228568792343 
vn 0.14291693270206451 0.974721372127533 0.17173540592193604 
vn 0.20245234668254852 0.9790947437286377 -0.01966099627315998 
vn 0.3071242570877075 0.8720004558563232 0.3811691105365753 
vn 0.45498862862586975 0.8609765768051147 0.22738653421401978 
vn 0.29318639636039734 0.7657060623168945 0.5724822878837585 
vn 0.4360682964324951 0.6572897434234619 0.6146662831306458 
vn 0.13663050532341003 0.6591131687164307 0.7395281791687012 
vn 0.18615464866161346 0.504730224609375 0.8429672718048096 
vn -0.14597627520561218 0.683137059211731 0.715552031993866 
vn -0.23855814337730408 0.4984709322452545 0.8334367275238037 
vn -0.2402474731206894 0.839515745639801 0.48733407258987427 
vn -0.4650765657424927 0.7100379467010498 0.528724730014801 
vn 0.5356161594390869 0.7494081854820251 0.3892335295677185 
vn 0.2794918119907379 0.5016700625419617 0.8186644315719604 
vn -0.2257358282804489 0.42107516527175903 0.8784868121147156 
vn -0.5504136681556702 0.5797410607337952 0.6007870435714722 
vn -0.5489283800125122 0.8100723624229431 0.2060592919588089 
vn -0.2282477170228958 0.9709347486495972 -0.07203252613544464 
vn 0.2611992359161377 0.9650846719741821 -0.01966099627315998 
vn 0.35731077194213867 0.8848230838775635 -0.2990269064903259 
vn 0.7936786413192749 0.5533069968223572 0.25283506512641907 
vn 0.41608768701553345 0.1830543726682663 0.8907088041305542 
vn -0.2955584228038788 0.18872490525245667 0.9364978075027466 
vn -0.7190069556236267 0.39407238364219666 0.5724822878837585 
vn -0.7184381484985352 0.693088173866272 0.058952588587999344 
vn -0.2969295084476471 0.9040830731391907 -0.30735430121421814 
vn 0.6244999170303345 0.636496901512146 0.45262736082077026 
vn 0.23105815052986145 0.6525821685791016 0.7216291427612305 
vn 0.23105815052986145 -0.6525821685791016 0.7216291427612305 
vn -0.028261570259928703 -0.6917027235031128 0.7216291427612305 
vn 0.3006172180175781 -0.9056556820869446 0.2990269064903259 
vn 3.097898456858039e-13 -0.999997615814209 0.002184694167226553 
vn 0.3059365749359131 -0.9024835228919983 -0.30319350957870483 
vn 3.097898456858039e-13 -0.999997615814209 0.002184694167226553 
vn -0.6114070415496826 -0.5820264220237732 -0.5361219048500061 
vn -0.6034810543060303 -0.5834742188453674 0.5434780716896057 
vn -0.6034810543060303 0.5834742188453674 0.5434780716896057 
vn -0.028261570259928703 0.6917027235031128 0.7216291427612305 
vn 0.6244999170303345 -0.636496901512146 0.45262736082077026 
vn 0.7282289862632751 -0.6788839101791382 0.09380380809307098 
vn 0.7282289862632751 0.6788839101791382 0.09380380809307098 
vn 0.3006172180175781 0.9056556820869446 0.2990269064903259 
vn 0.5786608457565308 -0.5773276686668396 0.5760593414306641 
vn 0.5786608457565308 0.5773276686668396 0.5760593414306641 
vn 0.5748727917671204 0.5775427222251892 -0.5796254277229309 
vn 0.5748727917671204 -0.5775427222251892 -0.5796254277229309 
vn 0.3059365749359131 0.9024835228919983 -0.30319350957870483 
vn 0.7269866466522217 -0.6789581179618835 -0.10250037163496017 
vn 0.6182844042778015 -0.6369882822036743 -0.46040233969688416 
vn 0.2244151085615158 -0.6515554189682007 -0.7246471047401428 
vn 0.2244151085615158 0.6515554189682007 -0.7246471047401428 
vn -0.030196821317076683 0.691620945930481 -0.7216291427612305 
vn -0.030196821317076683 -0.691620945930481 -0.7216291427612305 
vn -0.6114070415496826 0.5820264220237732 -0.5361219048500061 
vn 0.6182844042778015 0.6369882822036743 -0.46040233969688416 
vn 0.7269866466522217 0.6789581179618835 -0.10250037163496017 
vn 0.5389817357063293 0.6309213042259216 0.5580654144287109 
vn 0.5421361923217773 -0.6314196586608887 0.5544344186782837 
vn 0.7348014712333679 0.6614488959312439 0.15017375349998474 
vn 0.7297302484512329 -0.6670393943786621 0.15017375349998474 
vn 0.3006172180175781 -0.9056556820869446 0.2990269064903259 
vn 0.14948770403862 -0.6694603562355042 0.7276512384414673 
vn 0.14948770403862 0.6694603562355042 0.7276512384414673 
vn -0.015066036023199558 -0.6952630877494812 0.7185974717140198 
vn 3.097898456858039e-13 -0.999997615814209 -0.002184694167226553 
vn 0.3040924668312073 -0.9016990065574646 -0.30735430121421814 
vn 3.097898456858039e-13 -0.999997615814209 -0.002184694167226553 
vn -0.5994572639465332 -0.580756664276123 -0.5507928133010864 
vn -0.5914047956466675 -0.582068145275116 0.5580654144287109 
vn -0.5914047956466675 0.582068145275116 0.5580654144287109 
vn -0.018851570785045624 0.698305070400238 0.715552031993866 
vn 0.3006172180175781 0.9056556820869446 0.2990269064903259 
vn 0.5817655324935913 -0.5777654051780701 0.5724822878837585 
vn 0.5817655324935913 0.5777654051780701 0.5724822878837585 
vn 0.5748727917671204 0.5775427222251892 -0.5796254277229309 
vn 0.5748727917671204 -0.5775427222251892 -0.5796254277229309 
vn 0.3040924668312073 0.9016990065574646 -0.30735430121421814 
vn 0.7320956587791443 -0.6613832712173462 -0.16312000155448914 
vn 0.5350194573402405 -0.6310809850692749 -0.5616858005523682 
vn 0.14631231129169464 -0.6701614856719971 -0.7276512384414673 
vn 0.14631231129169464 0.6701614856719971 -0.7276512384414673 
vn -0.020771879702806473 0.6982505917549133 -0.715552031993866 
vn -0.020771879702806473 -0.6982505917549133 -0.715552031993866 
vn -0.5994572639465332 0.580756664276123 -0.5507928133010864 
vn 0.7320956587791443 0.6613832712173462 -0.16312000155448914 
vn 0.5350194573402405 0.6310809850692749 -0.5616858005523682 
vn 0.0037783945444971323 0.7047756314277649 -0.7094202041625977 
vn 0.5748727917671204 0.5775427222251892 -0.5796254277229309 
vn 0.0018878303235396743 -0.7078762650489807 -0.7063339352607727 
vn 0.5779946446418762 -0.5779946446418762 -0.5760593414306641 
vn 0.8517642617225647 -0.28905200958251953 0.43697428703308105 
vn 0.7343121767044067 -0.6555884480476379 0.1760382205247879 
vn 0.8517642617225647 0.28905200958251953 0.43697428703308105 
vn 0.7343121767044067 0.6555884480476379 0.1760382205247879 
vn 0.3031620681285858 0.7282019853591919 0.6146662831306458 
vn 0.6852852702140808 -0.030129702761769295 0.7276512384414673 
vn -0.2996765673160553 0.7296432852745056 0.6146662831306458 
vn -0.6852852702140808 -0.030129702761769295 0.7276512384414673 
vn -0.2992071807384491 0.9526253342628479 0.05459024757146835 
vn -0.6885406374931335 0.4759715497493744 -0.5471406579017639 
vn 0.30280643701553345 0.9514873623847961 0.05459024757146835 
vn 0.6885406374931335 0.4759715497493744 -0.5471406579017639 
vn 0.5260968804359436 0.4250553250312805 0.736579954624176 
vn -0.5260968804359436 0.4250553250312805 0.736579954624176 
vn -0.5282809734344482 0.8144053816795349 -0.2401314377784729 
vn 0.5282809734344482 0.8144053816795349 -0.2401314377784729 
vn 0.246848002076149 0.7792443037033081 0.5760593414306641 
vn -0.24325056374073029 0.7803747653961182 0.5760593414306641 
vn -0.24294476211071014 0.9626054167747498 0.11986933648586273 
vn 0.24294476211071014 0.9626054167747498 0.11986933648586273 
vn -0.5689820051193237 0.7593545317649841 -0.31565824151039124 
vn -0.65269535779953 0.6046313047409058 -0.456519216299057 
vn -0.2992071807384491 0.9526253342628479 0.05459024757146835 
vn 0.6479101181030273 0.6038705110549927 -0.4642767012119293 
vn 0.3027311861515045 0.9512509703636169 0.058952588587999344 
vn 0.979593813419342 0.18763616681098938 -0.07203252613544464 
vn 0.5702775120735168 0.7566443681716919 -0.3198012113571167 
vn 0.843571662902832 0.5168306231498718 -0.1458524912595749 
vn 0.9043909311294556 0.3960520327091217 -0.15880759060382843 
vn 0.6476890444755554 0.1273917406797409 0.7511792182922363 
vn 0.3031620681285858 0.7282019853591919 0.6146662831306458 
vn -0.6491020917892456 0.11998440325260162 0.7511792182922363 
vn -0.2996765673160553 0.7296432852745056 0.6146662831306458 
vn -0.8503068685531616 0.5003700256347656 -0.16312000155448914 
vn -0.9043909311294556 0.3960520327091217 -0.15880759060382843 
vn -0.9792753458023071 0.18757516145706177 -0.0763898640871048 
vn -0.46724027395248413 0.8193498849868774 -0.33219319581985474 
vn -0.2991328537464142 0.9523886442184448 0.058952588587999344 
vn 0.28845012187957764 0.9561766386032104 0.05022686347365379 
vn 0.46279633045196533 0.8267688751220703 -0.3198012113571167 
vn 0.33736103773117065 0.8625332117080688 -0.37712597846984863 
vn 0.3031620681285858 0.7282019853591919 0.6146662831306458 
vn -0.28386956453323364 0.727222204208374 0.6249527335166931 
vn -0.3321222960948944 0.8609946966171265 -0.3852050006389618 
vn -0.42822596430778503 -0.8624857068061829 -0.26970529556274414 
vn -0.5562527775764465 -0.7874611616134644 -0.26549527049064636 
vn 0.0018883368466049433 -0.8667506575584412 -0.4987381398677826 
vn 0.0018883368466049433 -0.8667506575584412 -0.4987381398677826 
vn 0.0018883368466049433 -0.8667506575584412 -0.4987381398677826 
vn 0.0018883368466049433 -0.8667506575584412 -0.4987381398677826 
vn 0.2408446967601776 -0.9073556065559387 -0.34452807903289795 
vn 0.2319493293762207 -0.9726076722145081 0.0152922747656703 
vn 0.0018883368466049433 -0.8667506575584412 -0.4987381398677826 
vn 0.36627739667892456 -0.8879728317260742 -0.2781098484992981 
vn 0.16536776721477509 -0.9813355803489685 -0.0981530249118805 
vn -0.2043810784816742 -0.9730428457260132 -0.10684575140476227 
vn -0.5373707413673401 -0.6599970459938049 -0.5250110030174255 
vn 0.0018883368466049433 -0.8667506575584412 -0.4987381398677826 
vn 0.0018883368466049433 -0.8667506575584412 -0.4987381398677826 
vn 0.0018883368466049433 -0.8667506575584412 -0.4987381398677826 
vn 0.27712252736091614 -0.7356268763542175 -0.6181069612503052 
vn 0.3965725600719452 -0.6818471550941467 -0.6146662831306458 
vn -0.404126912355423 -0.6647164225578308 -0.6283578276634216 
vn -0.19657664000988007 -0.5805643796920776 -0.790128231048584 
vn 0.16777969896793365 -0.5750633478164673 -0.8007197380065918 
vn -0.0018859562696889043 -0.9641103148460388 0.26549527049064636 
vn 7.920697924585982e-14 -0.2549481689929962 -0.9669547080993652 
vn 0.0018883368466049433 -0.8667506575584412 -0.4987381398677826 
vn 0.19767609238624573 -0.41795098781585693 -0.8867024183273315 
vn 0.6152371168136597 -0.03765048459172249 0.7874425053596497 
vn 0.8993490934371948 0.14282502233982086 0.41324591636657715 
vn 0.6167862415313721 -0.3597294092178345 0.7001210451126099 
vn 0.9011597633361816 -0.32531940937042236 0.2864931523799896 
vn 0.45235690474510193 -0.6328820586204529 0.6283578276634216 
vn 0.6592808365821838 -0.7299500703811646 0.18033768236637115 
vn 0.16655954718589783 -0.7950839996337891 0.5831804275512695 
vn 0.2446117103099823 -0.9627137780189514 0.11553031951189041 
vn -0.1628682017326355 -0.7958483099937439 0.5831804275512695 
vn -0.24095280468463898 -0.9636361002922058 0.11553031951189041 
vn -0.45235690474510193 -0.6328820586204529 0.6283578276634216 
vn -0.6564759612083435 -0.732473611831665 0.18033768236637115 
vn -0.6186769604682922 -0.3564677834510803 0.7001210451126099 
vn -0.9011597633361816 -0.32531940937042236 0.2864931523799896 
vn -0.6152371168136597 -0.03765048459172249 0.7874425053596497 
vn -0.8993490934371948 0.14282502233982086 0.41324591636657715 
vn -0.44861432909965515 0.23872199654579163 0.8612531423568726 
vn -0.6609416604042053 0.5398293733596802 0.5212872624397278 
vn -0.16648651659488678 0.39333996176719666 0.9041935205459595 
vn -0.24312742054462433 0.7751062512397766 0.5831804275512695 
vn 0.16301873326301575 0.39478978514671326 0.9041935205459595 
vn 0.23952797055244446 0.7762261033058167 0.5831804275512695 
vn 0.44861432909965515 0.23872199654579163 0.8612531423568726 
vn 0.6585499048233032 0.542744517326355 0.5212872624397278 
vn 0.42037805914878845 -0.12628991901874542 0.8985171914100647 
vn 0.4207776188850403 -0.34106194972991943 0.8406086564064026 
vn 0.30755797028541565 -0.5301938056945801 0.790128231048584 
vn 0.1106770783662796 -0.6373308300971985 0.762600839138031 
vn -0.11438989639282227 -0.6366749405860901 0.762600839138031 
vn -0.30429258942604065 -0.5320746302604675 0.790128231048584 
vn -0.4207776188850403 -0.34106194972991943 0.8406086564064026 
vn -0.42037805914878845 -0.12628991901874542 0.8985171914100647 
vn -0.3078310489654541 0.059793733060359955 0.949560284614563 
vn -0.11465158313512802 0.16863803565502167 0.9789873361587524 
vn 0.11153420805931091 0.1707158237695694 0.9789873361587524 
vn 0.3078310489654541 0.059793733060359955 0.949560284614563 
vn 0.0018760409438982606 -0.2591639459133148 0.9658315181732178 
vn -0.2992071807384491 0.9526253342628479 0.05459024757146835 
vn -0.2996765673160553 0.7296432852745056 0.6146662831306458 
vn -0.6885406374931335 0.4759715497493744 -0.5471406579017639 
vn -0.6852852702140808 -0.030129702761769295 0.7276512384414673 
vn -0.5260968804359436 0.4250553250312805 0.736579954624176 
vn 0.5260968804359436 0.4250553250312805 0.736579954624176 
vn 0.246848002076149 0.7792443037033081 0.5760593414306641 
vn 0.24294476211071014 0.9626054167747498 0.11986933648586273 
vn -0.24294476211071014 0.9626054167747498 0.11986933648586273 
vn 0.5282809734344482 0.8144053816795349 -0.2401314377784729 
vn -0.5282809734344482 0.8144053816795349 -0.2401314377784729 
vn 0.6885406374931335 0.4759715497493744 -0.5471406579017639 
vn 0.6852852702140808 -0.030129702761769295 0.7276512384414673 
vn 0.30280643701553345 0.9514873623847961 0.05459024757146835 
vn 0.3031620681285858 0.7282019853591919 0.6146662831306458 
vn -0.24325056374073029 0.7803747653961182 0.5760593414306641 
vn -0.41386887431144714 0.842622697353363 -0.34452807903289795 
vn -0.47745928168296814 0.7816723585128784 -0.401274174451828 
vn -0.26578202843666077 0.8448710441589355 -0.4642767012119293 
vn -0.30988356471061707 0.7826765179634094 -0.5398051738739014 
vn -0.09423039108514786 0.8435465097427368 -0.528724730014801 
vn -0.10923590511083603 0.783890962600708 -0.6112139225006104 
vn 0.09423039108514786 0.8435465097427368 -0.528724730014801 
vn 0.10923590511083603 0.783890962600708 -0.6112139225006104 
vn 0.26938101649284363 0.8437303900718689 -0.4642767012119293 
vn 0.30988356471061707 0.7826765179634094 -0.5398051738739014 
vn 0.41047605872154236 0.8442806601524353 -0.34452807903289795 
vn 0.47745928168296814 0.7816723585128784 -0.401274174451828 
vn 0.5065786242485046 0.8421926498413086 -0.18463370203971863 
vn 0.5859332084655762 0.7814269065856934 -0.21460255980491638 
vn 0.5365904569625854 0.8438400030136108 -0.002184694167226553 
vn 0.6226444840431213 0.7825018167495728 0.002184694167226553 
vn 0.5065786242485046 0.8421926498413086 0.18463370203971863 
vn 0.5859332084655762 0.7814269065856934 0.21460255980491638 
vn 0.41168296337127686 0.8436927795410156 0.34452807903289795 
vn 0.47850632667541504 0.7810318470001221 0.401274174451828 
vn 0.2708231210708618 0.843268632888794 0.4642767012119293 
vn 0.3112160265445709 0.7821477055549622 0.5398051738739014 
vn 0.09597162902355194 0.8433502316474915 0.528724730014801 
vn 0.11093942821025848 0.7836517095565796 0.6112139225006104 
vn -0.09222321957349777 0.8437683582305908 0.528724730014801 
vn -0.10720235109329224 0.7841716408729553 0.6112139225006104 
vn -0.2708231210708618 0.843268632888794 0.4642767012119293 
vn -0.30770763754844666 0.783534586429596 0.5398051738739014 
vn -0.41168296337127686 0.8436927795410156 0.34452807903289795 
vn -0.47528645396232605 0.7829954028129578 0.401274174451828 
vn -0.5065786242485046 0.8421926498413086 0.18463370203971863 
vn -0.5873808860778809 0.7815009355545044 0.2103329300880432 
vn -0.5365904569625854 0.8438400030136108 0.002184694167226553 
vn -0.6226444840431213 0.7825018167495728 -0.002184694167226553 
vn -0.5065786242485046 0.8421926498413086 -0.18463370203971863 
vn -0.5834633111953735 0.7844301462173462 -0.2103329300880432 
vn -1.0341130485562108e-13 0.999997615814209 0.002184694167226553 
vn -0.7463419437408447 0.6503409743309021 0.1415284425020218 
vn -0.9010450839996338 0.4099847078323364 -0.1415284425020218 
vn -0.9010450839996338 0.4099847078323364 0.1415284425020218 
vn -0.9795629978179932 0.14291973412036896 -0.1415284425020218 
vn -0.9795629978179932 0.14291973412036896 0.1415284425020218 
vn -0.9795629978179932 -0.14291973412036896 -0.1415284425020218 
vn -0.9795629978179932 -0.14291973412036896 0.1415284425020218 
vn -0.9010450839996338 -0.4099847078323364 -0.1415284425020218 
vn -0.9010450839996338 -0.4099847078323364 0.1415284425020218 
vn -0.7463419437408447 -0.6503409743309021 -0.1415284425020218 
vn -0.7463419437408447 -0.6503409743309021 0.1415284425020218 
vn -0.5357760190963745 -0.832414448261261 -0.1415284425020218 
vn -0.5357760190963745 -0.832414448261261 0.1415284425020218 
vn -0.27560287714004517 -0.9507958292961121 -0.1415284425020218 
vn -0.27560287714004517 -0.9507958292961121 0.1415284425020218 
vn 3.066722765489305e-13 -0.9899342060089111 -0.1415284425020218 
vn 3.066722765489305e-13 -0.9899342060089111 0.1415284425020218 
vn 0.27560287714004517 -0.9507958292961121 -0.1415284425020218 
vn 0.27560287714004517 -0.9507958292961121 0.1415284425020218 
vn 0.5357760190963745 -0.832414448261261 -0.1415284425020218 
vn 0.5357760190963745 -0.832414448261261 0.1415284425020218 
vn 0.7463419437408447 -0.6503409743309021 -0.1415284425020218 
vn 0.7463419437408447 -0.6503409743309021 0.1415284425020218 
vn 0.9010450839996338 -0.4099847078323364 -0.1415284425020218 
vn 0.9010450839996338 -0.4099847078323364 0.1415284425020218 
vn 0.9795629978179932 -0.14291973412036896 -0.1415284425020218 
vn 0.9795629978179932 -0.14291973412036896 0.1415284425020218 
vn 0.9795629978179932 0.14291973412036896 -0.1415284425020218 
vn 0.9795629978179932 0.14291973412036896 0.1415284425020218 
vn 0.9010450839996338 0.4099847078323364 -0.1415284425020218 
vn 0.9010450839996338 0.4099847078323364 0.1415284425020218 
vn 0.7463419437408447 0.6503409743309021 -0.1415284425020218 
vn 0.7463419437408447 0.6503409743309021 0.1415284425020218 
vn 0.5357760190963745 0.832414448261261 -0.1415284425020218 
vn 0.5357760190963745 0.832414448261261 0.1415284425020218 
vn 0.27560287714004517 0.9507958292961121 -0.1415284425020218 
vn 0.27560287714004517 0.9507958292961121 0.1415284425020218 
vn -1.0237063340036087e-13 0.9899342060089111 -0.1415284425020218 
vn -1.0237063340036087e-13 0.9899342060089111 0.1415284425020218 
vn -0.27560287714004517 0.9507958292961121 -0.1415284425020218 
vn -0.27560287714004517 0.9507958292961121 0.1415284425020218 
vn -0.5357760190963745 0.832414448261261 -0.1415284425020218 
vn -0.5357760190963745 0.832414448261261 0.1415284425020218 
vn -0.7463419437408447 0.6503409743309021 -0.1415284425020218 
vn -0.8307458162307739 0.3773130178451538 -0.40926313400268555 
vn -0.9028586745262146 0.1317192018032074 -0.40926313400268555 
vn -0.9028586745262146 -0.1317192018032074 -0.40926313400268555 
vn -0.8307458162307739 -0.3773130178451538 -0.40926313400268555 
vn -0.6883202791213989 -0.5989314913749695 -0.40926313400268555 
vn -0.49487704038619995 -0.7665510177612305 -0.40926313400268555 
vn -0.25524505972862244 -0.8759872317314148 -0.40926313400268555 
vn -0.0018882994772866368 -0.9124144315719604 -0.40926313400268555 
vn 0.25886866450309753 -0.8749232888221741 -0.40926313400268555 
vn 0.4916999638080597 -0.7685927748680115 -0.40926313400268555 
vn 0.6907933950424194 -0.5960773229598999 -0.40926313400268555 
vn 0.8291769623756409 -0.38074833154678345 -0.40926313400268555 
vn 0.9033961296081543 -0.127981036901474 -0.40926313400268555 
vn 0.9033961296081543 0.127981036901474 -0.40926313400268555 
vn 0.8291769623756409 0.38074833154678345 -0.40926313400268555 
vn 0.6907933950424194 0.5960773229598999 -0.40926313400268555 
vn 0.4916999638080597 0.7685927748680115 -0.40926313400268555 
vn 0.25886866450309753 0.8749232888221741 -0.40926313400268555 
vn -0.0018882994772866368 0.9124144315719604 -0.40926313400268555 
vn -0.25524505972862244 0.8759872317314148 -0.40926313400268555 
vn -0.49487704038619995 0.7665510177612305 -0.40926313400268555 
vn -0.6883202791213989 0.5989314913749695 -0.40926313400268555 
vn -0.6913249492645264 0.31854918599128723 -0.6485338807106018 
vn -0.7533153295516968 0.10917781293392181 -0.6485338807106018 
vn -0.7533153295516968 -0.10917781293392181 -0.6485338807106018 
vn -0.6913249492645264 -0.31854918599128723 -0.6485338807106018 
vn -0.5773971080780029 -0.49600037932395935 -0.6485338807106018 
vn -0.41282737255096436 -0.639513373374939 -0.6485338807106018 
vn -0.21428604423999786 -0.7304007411003113 -0.6485338807106018 
vn 0.0018888887716457248 -0.7611834406852722 -0.6485338807106018 
vn 0.21790839731693268 -0.7293282747268677 -0.6485338807106018 
vn 0.4096483886241913 -0.6415543556213379 -0.6485338807106018 
vn 0.574928343296051 -0.49885988235473633 -0.6485338807106018 
vn 0.6928974390029907 -0.31511420011520386 -0.6485338807106018 
vn 0.7538478970527649 -0.1054377630352974 -0.6485338807106018 
vn 0.7538478970527649 0.1054377630352974 -0.6485338807106018 
vn 0.6928974390029907 0.31511420011520386 -0.6485338807106018 
vn 0.574928343296051 0.49885988235473633 -0.6485338807106018 
vn 0.4096483886241913 0.6415543556213379 -0.6485338807106018 
vn 0.21790839731693268 0.7293282747268677 -0.6485338807106018 
vn 0.0018888887716457248 0.7611834406852722 -0.6485338807106018 
vn -0.21428604423999786 0.7304007411003113 -0.6485338807106018 
vn -0.41282737255096436 0.639513373374939 -0.6485338807106018 
vn -0.5773971080780029 0.49600037932395935 -0.6485338807106018 
vn -0.4996441602706909 0.22742387652397156 -0.8358433246612549 
vn -0.5437649488449097 0.07540271431207657 -0.8358433246612549 
vn -0.5437649488449097 -0.07540271431207657 -0.8358433246612549 
vn -0.4996441602706909 -0.22742387652397156 -0.8358433246612549 
vn -0.4139804244041443 -0.3605358600616455 -0.8358433246612549 
vn -0.29389628767967224 -0.46367108821868896 -0.8358433246612549 
vn -0.15664047002792358 -0.5261460542678833 -0.8358433246612549 
vn 1.700651202979006e-13 -0.5489680171012878 -0.8358433246612549 
vn 0.15664047002792358 -0.5261460542678833 -0.8358433246612549 
vn 0.29389628767967224 -0.46367108821868896 -0.8358433246612549 
vn 0.4139804244041443 -0.3605358600616455 -0.8358433246612549 
vn 0.4996441602706909 -0.22742387652397156 -0.8358433246612549 
vn 0.5437649488449097 -0.07540271431207657 -0.8358433246612549 
vn 0.5437649488449097 0.07540271431207657 -0.8358433246612549 
vn 0.4996441602706909 0.22742387652397156 -0.8358433246612549 
vn 0.4139804244041443 0.3605358600616455 -0.8358433246612549 
vn 0.29389628767967224 0.46367108821868896 -0.8358433246612549 
vn 0.15664047002792358 0.5261460542678833 -0.8358433246612549 
vn -5.6769638902970376e-14 0.5489680171012878 -0.8358433246612549 
vn -0.15664047002792358 0.5261460542678833 -0.8358433246612549 
vn -0.29389628767967224 0.46367108821868896 -0.8358433246612549 
vn -0.4139804244041443 0.3605358600616455 -0.8358433246612549 
vn -0.2665235996246338 0.12114983797073364 -0.9561840295791626 
vn -0.28981080651283264 0.041494689881801605 -0.9561840295791626 
vn -0.28981080651283264 -0.041494689881801605 -0.9561840295791626 
vn -0.2665235996246338 -0.12114983797073364 -0.9561840295791626 
vn -0.2218203842639923 -0.19107022881507874 -0.9561840295791626 
vn -0.15929320454597473 -0.24563750624656677 -0.9561840295791626 
vn -0.08396632224321365 -0.28046706318855286 -0.9561840295791626 
vn -0.0018924816977232695 -0.2927601933479309 -0.9561840295791626 
vn 0.08033342659473419 -0.28152912855148315 -0.9561840295791626 
vn 0.15610429644584656 -0.2476763278245926 -0.9561840295791626 
vn 0.21933169662952423 -0.19392195343971252 -0.9561840295791626 
vn 0.26493510603904724 -0.12458533048629761 -0.9561840295791626 
vn 0.28925013542175293 -0.04523789882659912 -0.9561840295791626 
vn 0.28925013542175293 0.04523789882659912 -0.9561840295791626 
vn 0.26493510603904724 0.12458533048629761 -0.9561840295791626 
vn 0.21933169662952423 0.19392195343971252 -0.9561840295791626 
vn 0.15610429644584656 0.2476763278245926 -0.9561840295791626 
vn 0.08033342659473419 0.28152912855148315 -0.9561840295791626 
vn -0.0018924816977232695 0.2927601933479309 -0.9561840295791626 
vn -0.08396632224321365 0.28046706318855286 -0.9561840295791626 
vn -0.15929320454597473 0.24563750624656677 -0.9561840295791626 
vn -0.2218203842639923 0.19107022881507874 -0.9561840295791626 
vn -2.0682311115474694e-13 0 -1 
vn -0.5365904569625854 0.8438400030136108 0.002184694167226553 
vn 0.74347984790802 0.6687547564506531 -0.002184694167226553 
vn -0.5065786242485046 0.8421926498413086 0.18463370203971863 
vn 0.6980048418045044 0.6699728965759277 -0.25283506512641907 
vn -0.41168296337127686 0.8436927795410156 0.34452807903289795 
vn 0.5691962242126465 0.6705117225646973 -0.4758462607860565 
vn -0.2708231210708618 0.843268632888794 0.4642767012119293 
vn 0.37246066331863403 0.6702926158905029 -0.641857385635376 
vn -0.09222321957349777 0.8437683582305908 0.528724730014801 
vn 0.12763994932174683 0.6707243323326111 -0.7306414246559143 
vn 0.09597162902355194 0.8433502316474915 0.528724730014801 
vn -0.12763994932174683 0.6707243323326111 -0.7306414246559143 
vn 0.2708231210708618 0.843268632888794 0.4642767012119293 
vn -0.37246066331863403 0.6702926158905029 -0.641857385635376 
vn 0.41168296337127686 0.8436927795410156 0.34452807903289795 
vn -0.5691962242126465 0.6705117225646973 -0.4758462607860565 
vn 0.5065786242485046 0.8421926498413086 0.18463370203971863 
vn -0.6953848600387573 0.672691822052002 -0.25283506512641907 
vn 0.5365904569625854 0.8438400030136108 -0.002184694167226553 
vn -0.74347984790802 0.6687547564506531 -0.002184694167226553 
vn 0.5065786242485046 0.8421926498413086 -0.18463370203971863 
vn -0.6953848600387573 0.672691822052002 0.25283506512641907 
vn 0.41047605872154236 0.8442806601524353 -0.34452807903289795 
vn -0.5691962242126465 0.6705117225646973 0.4758462607860565 
vn 0.26938101649284363 0.8437303900718689 -0.4642767012119293 
vn -0.3702789545059204 0.6715002655982971 0.641857385635376 
vn 0.09423039108514786 0.8435465097427368 -0.528724730014801 
vn -0.1255660504102707 0.6711156964302063 0.7306414246559143 
vn -0.09423039108514786 0.8435465097427368 -0.528724730014801 
vn 0.1292695254087448 0.6704121828079224 0.7306414246559143 
vn -0.26578202843666077 0.8448710441589355 -0.4642767012119293 
vn 0.3735758364200592 0.6696717143058777 0.641857385635376 
vn -0.41386887431144714 0.842622697353363 -0.34452807903289795 
vn 0.5691962242126465 0.6705117225646973 0.4758462607860565 
vn -0.5065786242485046 0.8421926498413086 -0.18463370203971863 
vn 0.6980048418045044 0.6699728965759277 0.25283506512641907 
vn -0.2992071807384491 0.9526253342628479 0.05459024757146835 
vn 0.6885406374931335 0.4759715497493744 -0.5471406579017639 
vn 0.30280643701553345 0.9514873623847961 0.05459024757146835 
vn 0.6852852702140808 -0.030129702761769295 0.7276512384414673 
vn 0.3031620681285858 0.7282019853591919 0.6146662831306458 
vn -0.6852852702140808 -0.030129702761769295 0.7276512384414673 
vn -0.2996765673160553 0.7296432852745056 0.6146662831306458 
vn -0.6885406374931335 0.4759715497493744 -0.5471406579017639 
vn -0.5282809734344482 0.8144053816795349 -0.2401314377784729 
vn 0.5282809734344482 0.8144053816795349 -0.2401314377784729 
vn 0.5260968804359436 0.4250553250312805 0.736579954624176 
vn -0.5260968804359436 0.4250553250312805 0.736579954624176 
vn -0.24325056374073029 0.7803747653961182 0.5760593414306641 
vn -0.24294476211071014 0.9626054167747498 0.11986933648586273 
vn 0.24294476211071014 0.9626054167747498 0.11986933648586273 
vn 0.246848002076149 0.7792443037033081 0.5760593414306641 
vn 0.39304694533348083 0.8590022921562195 0.3280687630176544 
vn 0.3411916196346283 0.8939213156700134 0.29067665338516235 
vn 0.2565993666648865 0.8580756783485413 0.44481781125068665 
vn 0.22227421402931213 0.8939191699028015 0.3892335295677185 
vn 0.09037167578935623 0.8598290681838989 0.5025205612182617 
vn 0.08104708045721054 0.8938894271850586 0.4409002661705017 
vn -0.09037167578935623 0.8598290681838989 0.5025205612182617 
vn -0.07728702574968338 0.8942223787307739 0.4409002661705017 
vn -0.2565993666648865 0.8580756783485413 0.44481781125068665 
vn -0.22593377530574799 0.8930012583732605 0.3892335295677185 
vn -0.3896148204803467 0.8605644702911377 0.3280687630176544 
vn -0.34471261501312256 0.8925694823265076 0.29067665338516235 
vn -0.4790538549423218 0.8599522709846497 0.1760382205247879 
vn -0.42039403319358826 0.894092321395874 0.15449213981628418 
vn -0.5108591318130493 0.8596616387367249 0.002184694167226553 
vn -0.4512958228588104 0.8923717141151428 0.002184694167226553 
vn -0.4790538549423218 0.8599522709846497 -0.1760382205247879 
vn -0.42039403319358826 0.894092321395874 -0.15449213981628418 
vn -0.39179882407188416 0.8595722913742065 -0.3280687630176544 
vn -0.34688621759414673 0.8917269706726074 -0.29067665338516235 
vn -0.25874245166778564 0.8574318885803223 -0.44481781125068665 
vn -0.2280532568693161 0.8924623131752014 -0.3892335295677185 
vn -0.08863804489374161 0.8577938675880432 -0.5062933564186096 
vn -0.08108886331319809 0.8919426798820496 -0.44481781125068665 
vn 0.08487871289253235 0.8581740260124207 -0.5062933564186096 
vn 0.07732692360877991 0.8922766447067261 -0.44481781125068665 
vn 0.25512444972991943 0.8585153818130493 -0.44481781125068665 
vn 0.2280532568693161 0.8924623131752014 -0.3892335295677185 
vn 0.39179882407188416 0.8595722913742065 -0.3280687630176544 
vn 0.34688621759414673 0.8917269706726074 -0.29067665338516235 
vn 0.4823490083217621 0.858108401298523 -0.1760382205247879 
vn 0.42039403319358826 0.894092321395874 -0.15449213981628418 
vn 0.5108591318130493 0.8596616387367249 0.002184694167226553 
vn 0.4512958228588104 0.8923717141151428 0.002184694167226553 
vn 0.4823490083217621 0.858108401298523 0.1760382205247879 
vn 0.42039403319358826 0.894092321395874 0.15449213981628418 
vn 0.2971849739551544 0.9488229751586914 0.10684575140476227 
vn 0.24467134475708008 0.9483776092529297 0.2017817199230194 
vn 0.15957242250442505 0.9484249353408813 0.27391019463539124 
vn 0.05846089869737625 0.9484431147575378 0.31150925159454346 
vn -0.054693542420864105 0.9486678242683411 0.31150925159454346 
vn -0.15585139393806458 0.9490435123443604 0.27391019463539124 
vn -0.2410138100385666 0.9493137001991272 0.2017817199230194 
vn -0.2971849739551544 0.9488229751586914 0.10684575140476227 
vn -0.31905397772789 0.947733998298645 -0.002184694167226553 
vn -0.29933464527130127 0.9481469988822937 -0.10684575140476227 
vn -0.2410138100385666 0.9493137001991272 -0.2017817199230194 
vn -0.15790756046772003 0.9487035274505615 -0.27391019463539124 
vn -0.054693542420864105 0.9486678242683411 -0.31150925159454346 
vn 0.05846089869737625 0.9484431147575378 -0.31150925159454346 
vn 0.15790756046772003 0.9487035274505615 -0.27391019463539124 
vn 0.24467134475708008 0.9483776092529297 -0.2017817199230194 
vn 0.29558899998664856 0.9488224983215332 -0.1111890971660614 
vn 0.31905397772789 0.947733998298645 0.002184694167226553 
vn 0.9087722897529602 -0.41728663444519043 0.002184694167226553 
vn 0.8544952273368835 -0.4156920909881592 0.31150925159454346 
vn 0.6974650621414185 -0.41646504402160645 0.5831804275512695 
vn 0.4528194069862366 -0.4181971549987793 0.7874425053596497 
vn 0.15653187036514282 -0.4184545874595642 0.8946471214294434 
vn -0.16005071997642517 -0.41712138056755066 0.8946471214294434 
vn -0.4528194069862366 -0.4181971549987793 0.7874425053596497 
vn -0.6955249309539795 -0.419697105884552 0.5831804275512695 
vn -0.8528375029563904 -0.4190825819969177 0.31150925159454346 
vn -0.9087722897529602 -0.41728663444519043 0.002184694167226553 
vn -0.8528375029563904 -0.4190825819969177 -0.31150925159454346 
vn -0.6971331834793091 -0.4170202910900116 -0.5831804275512695 
vn -0.4515993595123291 -0.41951435804367065 -0.7874425053596497 
vn -0.15733906626701355 -0.41815176606178284 -0.8946471214294434 
vn 0.16087426245212555 -0.4168044626712799 -0.8946471214294434 
vn 0.4515993595123291 -0.41951435804367065 -0.7874425053596497 
vn 0.6971331834793091 -0.4170202910900116 -0.5831804275512695 
vn 0.8544952273368835 -0.4156920909881592 -0.31150925159454346 
vn 0.876082718372345 -0.3608410060405731 -0.3198012113571167 
vn 0.9323094487190247 -0.36165499687194824 -0.002184694167226553 
vn 0.876261293888092 -0.36040714383125305 0.3198012113571167 
vn 0.7121074795722961 -0.36326009035110474 0.6007870435714722 
vn 0.46293842792510986 -0.36333298683166504 0.8085030317306519 
vn 0.1641979068517685 -0.3595432639122009 0.9185682535171509 
vn -0.1641979068517685 -0.3595432639122009 0.9185682535171509 
vn -0.46525365114212036 -0.36036354303359985 0.8085030317306519 
vn -0.7121074795722961 -0.36326009035110474 0.6007870435714722 
vn -0.8748193383216858 -0.3638933300971985 0.3198012113571167 
vn -0.9323094487190247 -0.36165499687194824 0.002184694167226553 
vn -0.876082718372345 -0.3608410060405731 -0.3198012113571167 
vn -0.713560163974762 -0.36039814352989197 -0.6007870435714722 
vn -0.4642806351184845 -0.3616162836551666 -0.8085030317306519 
vn -0.16168943047523499 -0.3606783151626587 -0.9185682535171509 
vn 0.16168943047523499 -0.3606783151626587 -0.9185682535171509 
vn 0.46659424901008606 -0.3586260676383972 -0.8085030317306519 
vn 0.7118496298789978 -0.3637651205062866 -0.6007870435714722 
vn 0.45486176013946533 0.8029432892799377 -0.3852050006389618 
vn 0.5587676167488098 0.804402232170105 -0.2017817199230194 
vn 0.5987265110015869 0.8009505867958069 0.002184694167226553 
vn 0.5582592487335205 0.8036704063415527 0.2060592919588089 
vn 0.45486176013946533 0.8029432892799377 0.3852050006389618 
vn 0.29717203974723816 0.8023883700370789 0.5175535082817078 
vn 0.10536275804042816 0.8003095984458923 0.590256929397583 
vn -0.10536275804042816 0.8003095984458923 0.590256929397583 
vn -0.30070459842681885 0.8010712265968323 0.5175535082817078 
vn -0.45486176013946533 0.8029432892799377 0.3852050006389618 
vn -0.5613530278205872 0.8015125393867493 0.2060592919588089 
vn -0.5987265110015869 0.8009505867958069 -0.002184694167226553 
vn -0.5634993314743042 0.8000050783157349 -0.2060592919588089 
vn -0.45486176013946533 0.8029432892799377 -0.3852050006389618 
vn -0.2958011031150818 0.8028947710990906 -0.5175535082817078 
vn -0.10164298117160797 0.8033824563026428 -0.5867242813110352 
vn 0.10164298117160797 0.8033824563026428 -0.5867242813110352 
vn 0.2958011031150818 0.8028947710990906 -0.5175535082817078 
vn -1.0341130485562108e-13 0.999997615814209 0.002184694167226553 
vn -0.7071051001548767 0.7071051001548767 -0.002184694167226553 
vn -0.5759913921356201 0.5799909830093384 0.5760593414306641 
vn 0.7071051001548767 0.7071051001548767 -0.002184694167226553 
vn 0.5786608457565308 0.5773276686668396 0.5760593414306641 
vn 0.7071051001548767 -0.7071051001548767 0.002184694167226553 
vn 0.5755424499511719 -0.5768754482269287 0.5796254277229309 
vn -0.7124248743057251 -0.7017449736595154 0.002184694167226553 
vn -0.5813180208206177 -0.5746520757675171 0.5760593414306641 
vn 0.3031620681285858 0.7282019853591919 0.6146662831306458 
vn -0.6491020917892456 0.11998440325260162 0.7511792182922363 
vn -0.2996765673160553 0.7296432852745056 0.6146662831306458 
vn -0.8503068685531616 0.5003700256347656 -0.16312000155448914 
vn -0.9043909311294556 0.3960520327091217 -0.15880759060382843 
vn -0.9792753458023071 0.18757516145706177 -0.0763898640871048 
vn -0.5689820051193237 0.7593545317649841 -0.31565824151039124 
vn -0.65269535779953 0.6046313047409058 -0.456519216299057 
vn -0.2992071807384491 0.9526253342628479 0.05459024757146835 
vn 0.6479101181030273 0.6038705110549927 -0.4642767012119293 
vn 0.3027311861515045 0.9512509703636169 0.058952588587999344 
vn 0.979593813419342 0.18763616681098938 -0.07203252613544464 
vn 0.5702775120735168 0.7566443681716919 -0.3198012113571167 
vn 0.843571662902832 0.5168306231498718 -0.1458524912595749 
vn 0.9043909311294556 0.3960520327091217 -0.15880759060382843 
vn 0.6476890444755554 0.1273917406797409 0.7511792182922363 
vn 0.2998279333114624 0.732475757598877 0.6112139225006104 
vn -0.28386956453323364 0.727222204208374 0.6249527335166931 
vn -0.3321222960948944 0.8609946966171265 -0.3852050006389618 
vn -0.46724027395248413 0.8193498849868774 -0.33219319581985474 
vn -0.2991328537464142 0.9523886442184448 0.058952588587999344 
vn 0.28845012187957764 0.9561766386032104 0.05022686347365379 
vn 0.46279633045196533 0.8267688751220703 -0.3198012113571167 
vn 0.33736103773117065 0.8625332117080688 -0.37712597846984863 
vn 0.4823490083217621 0.858108401298523 -0.1760382205247879 
vn -0.6953848600387573 0.672691822052002 0.25283506512641907 
vn 0.39179882407188416 0.8595722913742065 -0.3280687630176544 
vn -0.5691962242126465 0.6705117225646973 0.4758462607860565 
vn 0.25512444972991943 0.8585153818130493 -0.44481781125068665 
vn -0.3702789545059204 0.6715002655982971 0.641857385635376 
vn 0.08487871289253235 0.8581740260124207 -0.5062933564186096 
vn -0.1255660504102707 0.6711156964302063 0.7306414246559143 
vn -0.08863804489374161 0.8577938675880432 -0.5062933564186096 
vn 0.1292695254087448 0.6704121828079224 0.7306414246559143 
vn -0.25874245166778564 0.8574318885803223 -0.44481781125068665 
vn 0.3735758364200592 0.6696717143058777 0.641857385635376 
vn -0.39179882407188416 0.8595722913742065 -0.3280687630176544 
vn 0.5691962242126465 0.6705117225646973 0.4758462607860565 
vn -0.4790538549423218 0.8599522709846497 -0.1760382205247879 
vn 0.6980048418045044 0.6699728965759277 0.25283506512641907 
vn -0.5108591318130493 0.8596616387367249 0.002184694167226553 
vn 0.74347984790802 0.6687547564506531 0.002184694167226553 
vn -0.4790538549423218 0.8599522709846497 0.1760382205247879 
vn 0.6980048418045044 0.6699728965759277 -0.25283506512641907 
vn -0.3896148204803467 0.8605644702911377 0.3280687630176544 
vn 0.5691962242126465 0.6705117225646973 -0.4758462607860565 
vn -0.2565993666648865 0.8580756783485413 0.44481781125068665 
vn 0.37246066331863403 0.6702926158905029 -0.641857385635376 
vn -0.09037167578935623 0.8598290681838989 0.5025205612182617 
vn 0.12763994932174683 0.6707243323326111 -0.7306414246559143 
vn 0.09037167578935623 0.8598290681838989 0.5025205612182617 
vn -0.12763994932174683 0.6707243323326111 -0.7306414246559143 
vn 0.2565993666648865 0.8580756783485413 0.44481781125068665 
vn -0.37246066331863403 0.6702926158905029 -0.641857385635376 
vn 0.39304694533348083 0.8590022921562195 0.3280687630176544 
vn -0.5691962242126465 0.6705117225646973 -0.4758462607860565 
vn 0.4823490083217621 0.858108401298523 0.1760382205247879 
vn -0.6953848600387573 0.672691822052002 -0.25283506512641907 
vn 0.5108591318130493 0.8596616387367249 0.002184694167226553 
vn -0.74347984790802 0.6687547564506531 0.002184694167226553 
vn -0.1317249834537506 0.9451092481613159 -0.2990269064903259 
vn -0.656871497631073 0.7475866675376892 -0.0981530249118805 
vn -0.0037714340724051 0.8667445182800293 0.4987381398677826 
vn -0.6578578352928162 0.29289716482162476 0.6938546895980835 
vn -0.1317998319864273 0.21328315138816833 0.9680594801902771 
vn 0.29756492376327515 0.18554510176181793 0.9364978075027466 
vn 0.7171867489814758 0.3973754048347473 0.5724822878837585 
vn 0.7158128023147583 0.6957992315292358 0.058952588587999344 
vn 0.2969295084476471 0.9040830731391907 -0.30735430121421814 
vn 0.27281755208969116 0.8249841332435608 -0.4949462115764618 
vn -0.2692302465438843 0.826161801815033 -0.4949462115764618 
vn -1.0340933296291988e-13 0.9999785423278809 0.006554040592163801 
vn -0.2742431163787842 0.8245113492012024 0.4949462115764618 
vn 0.2742431163787842 0.8245113492012024 0.4949462115764618 
vn 0.10348565876483917 0.8330199718475342 0.5434780716896057 
vn 0.193755105137825 0.7182491421699524 0.6682642698287964 
vn 0.054623428732156754 0.724093496799469 0.6875353455543518 
vn 0.03764728456735611 0.6655735373497009 0.7453821301460266 
vn -0.0790276825428009 0.7711325883865356 0.6317508816719055 
vn -0.08084847033023834 0.6682526469230652 0.7395281791687012 
vn -0.13336144387722015 0.8311588764190674 0.5398051738739014 
vn -0.2178790271282196 0.7852153182029724 0.5796254277229309 
vn -0.13707150518894196 0.8811014890670776 0.45262736082077026 
vn -0.21861091256141663 0.8948220610618591 0.3892335295677185 
vn -0.07727192342281342 0.9325334429740906 0.3527185618877411 
vn -0.07914867252111435 0.9744206070899963 0.2103329300880432 
vn 0.05654427036643028 0.9564122557640076 0.2864931523799896 
vn 0.035825904458761215 0.9778834581375122 0.2060592919588089 
vn 0.09791611135005951 0.8882886171340942 0.4487268626689911 
vn 0.1929319053888321 0.9397242069244385 0.28230419754981995 
vn -0.4211335778236389 0.5988845825195312 0.681163489818573 
vn -0.41825222969055176 0.8902490735054016 0.18033768236637115 
vn -0.11865431070327759 0.9747964143753052 -0.18892620503902435 
vn 0.2282477170228958 0.9709347486495972 -0.07203252613544464 
vn 0.5520468950271606 0.8079503774642944 0.2060592919588089 
vn 0.5504136681556702 0.5797410607337952 0.6007870435714722 
vn 0.22904421389102936 0.41928476095199585 0.8784868121147156 
vn -0.11438004672527313 0.32281145453453064 0.9395264387130737 
vn -0.1317998319864273 0.21328315138816833 0.9680594801902771 
vn -0.6578578352928162 0.29289716482162476 0.6938546895980835 
vn -0.656871497631073 0.7475866675376892 -0.0981530249118805 
vn -0.1317249834537506 0.9451092481613159 -0.2990269064903259 
vn 0.2969295084476471 0.9040830731391907 -0.30735430121421814 
vn 0.7158128023147583 0.6957992315292358 0.058952588587999344 
vn 0.7171867489814758 0.3973754048347473 0.5724822878837585 
vn 0.29756492376327515 0.18554510176181793 0.9364978075027466 
vn -0.7294597029685974 0.526252806186676 0.43697428703308105 
vn -0.7277635931968689 0.6424149870872498 0.2401314377784729 
vn -0.7071051001548767 0.7071051001548767 -0.002184694167226553 
vn -0.5759913921356201 0.5799909830093384 0.5760593414306641 
vn 0.7071051001548767 0.7071051001548767 0.002184694167226553 
vn 0.5786608457565308 0.5773276686668396 0.5760593414306641 
vn 0.7071051001548767 -0.7071051001548767 0.002184694167226553 
vn 0.5755424499511719 -0.5768754482269287 0.5796254277229309 
vn -0.7124248743057251 -0.7017449736595154 -0.002184694167226553 
vn -0.5813180208206177 -0.5746520757675171 0.5760593414306641 
vn -1.0341130485562108e-13 0.999997615814209 0.002184694167226553 
vn 0.0037719623651355505 0.9244976043701172 0.3811691105365753 
vn 0.32620200514793396 0.9452975392341614 0.002184694167226553 
vn 0.29999861121177673 0.8744775056838989 0.3811691105365753 
vn 0.604758083820343 0.7964062690734863 0.002184694167226553 
vn 0.5604375600814819 0.7373505234718323 0.37712597846984863 
vn 0.8229818940162659 0.5680633783340454 0.002184694167226553 
vn 0.7606703042984009 0.531220555305481 0.37307560443878174 
vn 0.9547185897827148 0.297502338886261 0.002184694167226553 
vn 0.8861568570137024 0.2748464345932007 0.37307560443878174 
vn 0.999997615814209 0 0.002184694167226553 
vn 0.9294221997261047 0 0.3690181374549866 
vn 0.9547185897827148 -0.297502338886261 0.002184694167226553 
vn 0.8861568570137024 -0.2748464345932007 0.37307560443878174 
vn 0.8229818940162659 -0.5680633783340454 0.002184694167226553 
vn 0.7606703042984009 -0.531220555305481 0.37307560443878174 
vn 0.604758083820343 -0.7964062690734863 0.002184694167226553 
vn 0.5604375600814819 -0.7373505234718323 0.37712597846984863 
vn 0.32620200514793396 -0.9452975392341614 0.002184694167226553 
vn 0.29999861121177673 -0.8744775056838989 0.3811691105365753 
vn 3.097898456858039e-13 -0.999997615814209 0.002184694167226553 
vn 0.0037719623651355505 -0.9244976043701172 0.3811691105365753 
vn -0.32620200514793396 -0.9452975392341614 0.002184694167226553 
vn -0.29999861121177673 -0.8744775056838989 0.3811691105365753 
vn -0.604758083820343 -0.7964062690734863 0.002184694167226553 
vn -0.5634373426437378 -0.7350607514381409 0.37712597846984863 
vn -0.8229818940162659 -0.5680633783340454 0.002184694167226553 
vn -0.7628229856491089 -0.5281246900558472 0.37307560443878174 
vn -0.9547185897827148 -0.297502338886261 0.002184694167226553 
vn -0.8850325345993042 -0.27844566106796265 0.37307560443878174 
vn -0.999997615814209 -2.0682260971124217e-13 0.002184694167226553 
vn -0.9294221997261047 -1.9222598231054266e-13 0.3690181374549866 
vn -0.9547185897827148 0.297502338886261 0.002184694167226553 
vn -0.8850325345993042 0.27844566106796265 0.37307560443878174 
vn -0.8229818940162659 0.5680633783340454 0.002184694167226553 
vn -0.7628229856491089 0.5281246900558472 0.37307560443878174 
vn -0.604758083820343 0.7964062690734863 0.002184694167226553 
vn -0.5634373426437378 0.7350607514381409 0.37712597846984863 
vn -0.32620200514793396 0.9452975392341614 0.002184694167226553 
vn -0.29999861121177673 0.8744775056838989 0.3811691105365753 
vn 0.0018797018565237522 0.4032699465751648 0.9150791168212891 
vn 0.13458620011806488 0.3801535665988922 0.9150791168212891 
vn 0.24543428421020508 0.32500749826431274 0.913308322429657 
vn 0.3383743166923523 0.2337389588356018 0.9115201234817505 
vn 0.3937174081802368 0.11881783604621887 0.9115201234817505 
vn 0.41125550866127014 0 0.9115201234817505 
vn 0.3937174081802368 -0.11881783604621887 0.9115201234817505 
vn 0.3383743166923523 -0.2337389588356018 0.9115201234817505 
vn 0.24543428421020508 -0.32500749826431274 0.913308322429657 
vn 0.13458620011806488 -0.3801535665988922 0.9150791168212891 
vn 0.0018797018565237522 -0.4032699465751648 0.9150791168212891 
vn -0.13103652000427246 -0.3813916742801666 0.9150791168212891 
vn -0.24543428421020508 -0.32500749826431274 0.913308322429657 
vn -0.34050095081329346 -0.23062998056411743 0.9115201234817505 
vn -0.39261263608932495 -0.12241891771554947 0.9115201234817505 
vn -0.41123825311660767 -0.003766703186556697 0.9115201234817505 
vn -0.39261263608932495 0.12241891771554947 0.9115201234817505 
vn -0.34050095081329346 0.23062998056411743 0.9115201234817505 
vn -0.24543428421020508 0.32500749826431274 0.913308322429657 
vn -0.13103652000427246 0.3813916742801666 0.9150791168212891 
vn 0.10883889347314835 -0.320385605096817 0.9410139322280884 
vn -0.001878107083030045 -0.3383626937866211 0.9410139322280884 
vn -0.10527565330266953 -0.32157406210899353 0.9410139322280884 
vn -0.2067411094903946 -0.27303504943847656 0.9395264387130737 
vn -0.28473517298698425 -0.19759128987789154 0.9380210638046265 
vn -0.33385711908340454 -0.10729071497917175 0.9364978075027466 
vn -0.3506532907485962 -0.003759904531762004 0.9364978075027466 
vn -0.33385711908340454 0.10729071497917175 0.9364978075027466 
vn -0.28473517298698425 0.19759128987789154 0.9380210638046265 
vn -0.2067411094903946 0.27303504943847656 0.9395264387130737 
vn -0.10527565330266953 0.32157406210899353 0.9410139322280884 
vn -0.001878107083030045 0.3383626937866211 0.9410139322280884 
vn 0.10883889347314835 0.320385605096817 0.9410139322280884 
vn 0.2067411094903946 0.27303504943847656 0.9395264387130737 
vn 0.28473517298698425 0.19759128987789154 0.9380210638046265 
vn 0.3349882960319519 0.10370494425296783 0.9364978075027466 
vn 0.3506734371185303 0 0.9364978075027466 
vn 0.3349882960319519 -0.10370494425296783 0.9364978075027466 
vn 0.28473517298698425 -0.19759128987789154 0.9380210638046265 
vn 0.2067411094903946 -0.27303504943847656 0.9395264387130737 
vn 0.29626113176345825 -0.8629791736602783 0.40926313400268555 
vn 2.834683984938302e-13 -0.912416398525238 0.40926313400268555 
vn -0.29626113176345825 -0.8629791736602783 0.40926313400268555 
vn -0.5534031987190247 -0.7276668548583984 0.405272513628006 
vn -0.7532413601875305 -0.521158754825592 0.401274174451828 
vn -0.8777747750282288 -0.2677488625049591 0.3972681760787964 
vn -0.9177025556564331 -1.9020963732026275e-13 0.3972681760787964 
vn -0.8777747750282288 0.2677488625049591 0.3972681760787964 
vn -0.7532413601875305 0.521158754825592 0.401274174451828 
vn -0.5534031987190247 0.7276668548583984 0.405272513628006 
vn -0.29626113176345825 0.8629791736602783 0.40926313400268555 
vn -9.435439490270911e-14 0.912416398525238 0.40926313400268555 
vn 0.29626113176345825 0.8629791736602783 0.40926313400268555 
vn 0.5564024448394775 0.7253761291503906 0.405272513628006 
vn 0.7553808093070984 0.5180529356002808 0.401274174451828 
vn 0.8777747750282288 0.2677488625049591 0.3972681760787964 
vn 0.9177025556564331 0 0.3972681760787964 
vn 0.8777747750282288 -0.2677488625049591 0.3972681760787964 
vn 0.7553808093070984 -0.5180529356002808 0.401274174451828 
vn 0.5564024448394775 -0.7253761291503906 0.405272513628006 
vn 0.45096564292907715 -0.587968111038208 0.6715083718299866 
vn 0.2390042543411255 -0.7013939619064331 0.6715083718299866 
vn 0.0018864733865484595 -0.7409945726394653 0.6715083718299866 
vn -0.24257244169712067 -0.7001678943634033 0.6715083718299866 
vn -0.4479660391807556 -0.5902566909790039 0.6715083718299866 
vn -0.6058387160301208 -0.42152801156044006 0.67473965883255 
vn -0.7047881484031677 -0.21908926963806152 0.67473965883255 
vn -0.7380461692810059 0.00377018004655838 0.67473965883255 
vn -0.7047881484031677 0.21908926963806152 0.67473965883255 
vn -0.6058387160301208 0.42152801156044006 0.67473965883255 
vn -0.4479660391807556 0.5902566909790039 0.6715083718299866 
vn -0.24257244169712067 0.7001678943634033 0.6715083718299866 
vn 0.0018864733865484595 0.7409945726394653 0.6715083718299866 
vn 0.2390042543411255 0.7013939619064331 0.6715083718299866 
vn 0.45096564292907715 0.587968111038208 0.6715083718299866 
vn 0.6079840660095215 0.4184277355670929 0.67473965883255 
vn 0.705898106098175 0.21548616886138916 0.67473965883255 
vn 0.7380558252334595 0 0.67473965883255 
vn 0.705898106098175 -0.21548616886138916 0.67473965883255 
vn 0.6079840660095215 -0.4184277355670929 0.67473965883255 
vn 0 0 1 
vn 0.9043909311294556 0.3960520327091217 -0.15880759060382843 
vn 0.8522152900695801 0.49711260199546814 -0.16312000155448914 
vn 0.3031620681285858 0.7282019853591919 0.6146662831306458 
vn 0.6491020917892456 0.11998440325260162 0.7511792182922363 
vn -0.2996765673160553 0.7296432852745056 0.6146662831306458 
vn -0.6476890444755554 0.1273917406797409 0.7511792182922363 
vn -0.9043909311294556 0.3960520327091217 -0.15880759060382843 
vn -0.8455383777618408 0.5136067867279053 -0.1458524912595749 
vn -0.5702775120735168 0.7566443681716919 -0.3198012113571167 
vn -0.979593813419342 0.18763616681098938 -0.07203252613544464 
vn -0.2991328537464142 0.9523886442184448 0.058952588587999344 
vn -0.6504783630371094 0.6011031866073608 -0.4642767012119293 
vn 0.30280643701553345 0.9514873623847961 0.05459024757146835 
vn 0.65269535779953 0.6046313047409058 -0.456519216299057 
vn 0.572001039981842 0.757082998752594 -0.31565824151039124 
vn 0.9792753458023071 0.18757516145706177 -0.0763898640871048 
vn 0.3321222960948944 0.8609946966171265 -0.3852050006389618 
vn 0.28386956453323364 0.727222204208374 0.6249527335166931 
vn -0.3033163845539093 0.7310380935668945 0.6112139225006104 
vn -0.3338436782360077 0.8639006614685059 -0.37712597846984863 
vn -0.46279633045196533 0.8267688751220703 -0.3198012113571167 
vn -0.28483322262763977 0.9572603106498718 0.05022686347365379 
vn 0.3027311861515045 0.9512509703636169 0.058952588587999344 
vn 0.47051557898521423 0.8174734115600586 -0.33219319581985474 
vn -0.4641656279563904 0.1662687510251999 0.8700028657913208 
vn -0.2131631076335907 0.5293847322463989 0.8211658596992493 
vn 0.4628811776638031 0.16981182992458344 0.8700028657913208 
vn 0.2131631076335907 0.5293847322463989 0.8211658596992493 
vn 0.4588054418563843 0.87261962890625 0.16742929816246033 
vn 0.2145184427499771 0.8212380409240723 0.528724730014801 
vn -0.4621411859989166 0.8708575963973999 0.16742929816246033 
vn -0.21086712181568146 0.8221831917762756 0.528724730014801 
vn 0.6279515624046326 0.29882195591926575 0.7185974717140198 
vn 0.6321288347244263 0.7148398756980896 0.2990269064903259 
vn -0.6321288347244263 0.7148398756980896 0.2990269064903259 
vn -0.6279515624046326 0.29882195591926575 0.7185974717140198 
vn -0.27560287714004517 0.9507958292961121 0.1415284425020218 
vn -9.435439490270911e-14 0.912416398525238 0.40926313400268555 
vn -1.0237063340036087e-13 0.9899342060089111 0.1415284425020218 
vn 0.260345458984375 0.8744849562644958 0.40926313400268555 
vn 0.27560287714004517 0.9507958292961121 0.1415284425020218 
vn 0.49271252751350403 0.7679440379142761 0.40926313400268555 
vn 0.5357760190963745 0.832414448261261 0.1415284425020218 
vn 0.6913514733314514 0.5954299569129944 0.40926313400268555 
vn 0.7463419437408447 0.6503409743309021 0.1415284425020218 
vn 0.8293924927711487 0.380278617143631 0.40926313400268555 
vn 0.9010450839996338 0.4099847078323364 0.1415284425020218 
vn 0.9034197926521301 0.12781375646591187 0.40926313400268555 
vn 0.9795629978179932 0.14291973412036896 0.1415284425020218 
vn 0.9034197926521301 -0.12781375646591187 0.40926313400268555 
vn 0.9795629978179932 -0.14291973412036896 0.1415284425020218 
vn 0.8293924927711487 -0.380278617143631 0.40926313400268555 
vn 0.9010450839996338 -0.4099847078323364 0.1415284425020218 
vn 0.6913514733314514 -0.5954299569129944 0.40926313400268555 
vn 0.7463419437408447 -0.6503409743309021 0.1415284425020218 
vn 0.49271252751350403 -0.7679440379142761 0.40926313400268555 
vn 0.5357760190963745 -0.832414448261261 0.1415284425020218 
vn 0.260345458984375 -0.8744849562644958 0.40926313400268555 
vn 0.27560287714004517 -0.9507958292961121 0.1415284425020218 
vn 2.834683984938302e-13 -0.912416398525238 0.40926313400268555 
vn 3.066722765489305e-13 -0.9899342060089111 0.1415284425020218 
vn -0.260345458984375 -0.8744849562644958 0.40926313400268555 
vn -0.27560287714004517 -0.9507958292961121 0.1415284425020218 
vn -0.49271252751350403 -0.7679440379142761 0.40926313400268555 
vn -0.5357760190963745 -0.832414448261261 0.1415284425020218 
vn -0.6913514733314514 -0.5954299569129944 0.40926313400268555 
vn -0.7463419437408447 -0.6503409743309021 0.1415284425020218 
vn -0.8293924927711487 -0.380278617143631 0.40926313400268555 
vn -0.9010450839996338 -0.4099847078323364 0.1415284425020218 
vn -0.9034197926521301 -0.12781375646591187 0.40926313400268555 
vn -0.9795629978179932 -0.14291973412036896 0.1415284425020218 
vn -0.9034197926521301 0.12781375646591187 0.40926313400268555 
vn -0.9795629978179932 0.14291973412036896 0.1415284425020218 
vn -0.8293924927711487 0.380278617143631 0.40926313400268555 
vn -0.9010450839996338 0.4099847078323364 0.1415284425020218 
vn -0.6913514733314514 0.5954299569129944 0.40926313400268555 
vn -0.7463419437408447 0.6503409743309021 0.1415284425020218 
vn -0.49271252751350403 0.7679440379142761 0.40926313400268555 
vn -0.5357760190963745 0.832414448261261 0.1415284425020218 
vn -0.260345458984375 0.8744849562644958 0.40926313400268555 
vn -0.003771807299926877 0.7611764073371887 0.6485338807106018 
vn 0.21214672923088074 0.731024980545044 0.6485338807106018 
vn 0.41066235303878784 0.6409057974815369 0.6485338807106018 
vn 0.5754902958869934 0.49821147322654724 0.6485338807106018 
vn 0.693109393119812 0.3146476745605469 0.6485338807106018 
vn 0.7538710236549377 0.10527252405881882 0.6485338807106018 
vn 0.7538710236549377 -0.10527252405881882 0.6485338807106018 
vn 0.693109393119812 -0.3146476745605469 0.6485338807106018 
vn 0.5754902958869934 -0.49821147322654724 0.6485338807106018 
vn 0.41066235303878784 -0.6409057974815369 0.6485338807106018 
vn 0.21214672923088074 -0.731024980545044 0.6485338807106018 
vn 0.003771807299926877 -0.7611764073371887 0.6485338807106018 
vn -0.21214672923088074 -0.731024980545044 0.6485338807106018 
vn -0.41066235303878784 -0.6409057974815369 0.6485338807106018 
vn -0.5754902958869934 -0.49821147322654724 0.6485338807106018 
vn -0.693109393119812 -0.3146476745605469 0.6485338807106018 
vn -0.7538710236549377 -0.10527252405881882 0.6485338807106018 
vn -0.7538710236549377 0.10527252405881882 0.6485338807106018 
vn -0.693109393119812 0.3146476745605469 0.6485338807106018 
vn -0.5754902958869934 0.49821147322654724 0.6485338807106018 
vn -0.41066235303878784 0.6409057974815369 0.6485338807106018 
vn -0.21214672923088074 0.731024980545044 0.6485338807106018 
vn 0.003765546716749668 0.5489551424980164 0.8358433246612549 
vn 0.15236149728298187 0.5274010896682739 0.8358433246612549 
vn 0.29593005776405334 0.4623757302761078 0.8358433246612549 
vn 0.4151064455509186 0.3592388331890106 0.8358433246612549 
vn 0.5000674724578857 0.2264915108680725 0.8358433246612549 
vn 0.543810248374939 0.07507551461458206 0.8358433246612549 
vn 0.543810248374939 -0.07507551461458206 0.8358433246612549 
vn 0.5000674724578857 -0.2264915108680725 0.8358433246612549 
vn 0.4151064455509186 -0.3592388331890106 0.8358433246612549 
vn 0.29593005776405334 -0.4623757302761078 0.8358433246612549 
vn 0.15236149728298187 -0.5274010896682739 0.8358433246612549 
vn 0.003765546716749668 -0.5489551424980164 0.8358433246612549 
vn -0.15236149728298187 -0.5274010896682739 0.8358433246612549 
vn -0.29593005776405334 -0.4623757302761078 0.8358433246612549 
vn -0.4151064455509186 -0.3592388331890106 0.8358433246612549 
vn -0.5000674724578857 -0.2264915108680725 0.8358433246612549 
vn -0.543810248374939 -0.07507551461458206 0.8358433246612549 
vn -0.543810248374939 0.07507551461458206 0.8358433246612549 
vn -0.5000674724578857 0.2264915108680725 0.8358433246612549 
vn -0.4151064455509186 0.3592388331890106 0.8358433246612549 
vn -0.29593005776405334 0.4623757302761078 0.8358433246612549 
vn -0.15236149728298187 0.5274010896682739 0.8358433246612549 
vn 0.0018770330352708697 0.29276028275489807 0.9561840295791626 
vn 0.08330009132623672 0.28066566586494446 0.9561840295791626 
vn 0.15813784301280975 0.2463829070329666 0.9561840295791626 
vn 0.22047396004199982 0.19262228906154633 0.9561840295791626 
vn 0.2653804421424866 0.12363386899232864 0.9561840295791626 
vn 0.28930720686912537 0.04487153887748718 0.9561840295791626 
vn 0.28930720686912537 -0.04487153887748718 0.9561840295791626 
vn 0.2653804421424866 -0.12363386899232864 0.9561840295791626 
vn 0.22047396004199982 -0.19262228906154633 0.9561840295791626 
vn 0.15813784301280975 -0.2463829070329666 0.9561840295791626 
vn 0.08330009132623672 -0.28066566586494446 0.9561840295791626 
vn 0.0018770330352708697 -0.29276028275489807 0.9561840295791626 
vn -0.07969441264867783 -0.281710684299469 0.9561840295791626 
vn -0.16128407418727875 -0.24433493614196777 0.9561840295791626 
vn -0.22292572259902954 -0.18977943062782288 0.9561840295791626 
vn -0.26694393157958984 -0.12022087723016739 0.9561840295791626 
vn -0.28985878825187683 -0.04115821793675423 0.9561840295791626 
vn -0.28985878825187683 0.04115821793675423 0.9561840295791626 
vn -0.26694393157958984 0.12022087723016739 0.9561840295791626 
vn -0.22292572259902954 0.18977943062782288 0.9561840295791626 
vn -0.16128407418727875 0.24433493614196777 0.9561840295791626 
vn -0.07969441264867783 0.281710684299469 0.9561840295791626 
vn 0 0 1 
vn -0.7124248743057251 -0.7017449736595154 0.002184694167226553 
vn -0.5813180208206177 -0.5746520757675171 0.5760593414306641 
vn -0.7071051001548767 0.7071051001548767 0.002184694167226553 
vn -0.5759913921356201 0.5799909830093384 0.5760593414306641 
vn 0.7071051001548767 0.7071051001548767 -0.002184694167226553 
vn 0.5786608457565308 0.5773276686668396 0.5760593414306641 
vn 0.7071051001548767 -0.7071051001548767 0.002184694167226553 
vn 0.5755424499511719 -0.5768754482269287 0.5796254277229309 
vn 0.0018878303235396743 -0.7078762650489807 -0.7063339352607727 
vn 0.5779946446418762 -0.5779946446418762 -0.5760593414306641 
vn 0.8517642617225647 -0.28905200958251953 0.43697428703308105 
vn 0.7343121767044067 -0.6555884480476379 0.1760382205247879 
vn 0.8517642617225647 0.28905200958251953 0.43697428703308105 
vn 0.7343121767044067 0.6555884480476379 0.1760382205247879 
vn -0.0037783945444971323 0.7047756314277649 -0.7094202041625977 
vn 0.5748727917671204 0.5775427222251892 -0.5796254277229309 
vn -0.2996765673160553 0.7296432852745056 0.6146662831306458 
vn -0.6476890444755554 0.1273917406797409 0.7511792182922363 
vn -0.9043909311294556 0.3960520327091217 -0.15880759060382843 
vn -0.8455383777618408 0.5136067867279053 -0.1458524912595749 
vn -0.5702775120735168 0.7566443681716919 -0.3198012113571167 
vn -0.979593813419342 0.18763616681098938 -0.07203252613544464 
vn -0.2991328537464142 0.9523886442184448 0.058952588587999344 
vn -0.6504783630371094 0.6011031866073608 -0.4642767012119293 
vn 0.30280643701553345 0.9514873623847961 0.05459024757146835 
vn 0.65269535779953 0.6046313047409058 -0.456519216299057 
vn 0.572001039981842 0.757082998752594 -0.31565824151039124 
vn 0.9792753458023071 0.18757516145706177 -0.0763898640871048 
vn 0.9043909311294556 0.3960520327091217 -0.15880759060382843 
vn 0.8522152900695801 0.49711260199546814 -0.16312000155448914 
vn 0.3031620681285858 0.7282019853591919 0.6146662831306458 
vn 0.6491020917892456 0.11998440325260162 0.7511792182922363 
vn -0.3033163845539093 0.7310380935668945 0.6112139225006104 
vn -0.3338436782360077 0.8639006614685059 -0.37712597846984863 
vn -0.46279633045196533 0.8267688751220703 -0.3198012113571167 
vn -0.28483322262763977 0.9572603106498718 0.05022686347365379 
vn 0.3027311861515045 0.9512509703636169 0.058952588587999344 
vn 0.47051557898521423 0.8174734115600586 -0.33219319581985474 
vn 0.3321222960948944 0.8609946966171265 -0.3852050006389618 
vn 0.28386956453323364 0.727222204208374 0.6249527335166931 
vn 0.5389817357063293 0.6309213042259216 0.5580654144287109 
vn 0.14948770403862 0.6694603562355042 0.7276512384414673 
vn 0.14948770403862 -0.6694603562355042 0.7276512384414673 
vn -0.018851570785045624 -0.698305070400238 0.715552031993866 
vn 0.3038734197616577 -0.9059369564056396 0.2948545813560486 
vn 3.097898456858039e-13 -0.999997615814209 0.002184694167226553 
vn 0.3040924668312073 -0.9016990065574646 -0.30735430121421814 
vn 3.097898456858039e-13 -0.999997615814209 -0.002184694167226553 
vn -0.5994572639465332 -0.580756664276123 -0.5507928133010864 
vn -0.5914047956466675 -0.582068145275116 0.5580654144287109 
vn -0.5914047956466675 0.582068145275116 0.5580654144287109 
vn -0.018851570785045624 0.698305070400238 0.715552031993866 
vn 0.5389817357063293 -0.6309213042259216 0.5580654144287109 
vn 0.7358705401420593 -0.6612273454666138 0.1458524912595749 
vn 0.7358705401420593 0.6612273454666138 0.1458524912595749 
vn 0.3006172180175781 0.9056556820869446 0.2990269064903259 
vn 0.5817655324935913 -0.5777654051780701 0.5724822878837585 
vn 0.5817655324935913 0.5777654051780701 0.5724822878837585 
vn 0.5748727917671204 0.5775427222251892 -0.5796254277229309 
vn 0.5748727917671204 -0.5775427222251892 -0.5796254277229309 
vn 0.3040924668312073 0.9016990065574646 -0.30735430121421814 
vn 0.7320956587791443 -0.6613832712173462 -0.16312000155448914 
vn 0.5350194573402405 -0.6310809850692749 -0.5616858005523682 
vn 0.14631231129169464 -0.6701614856719971 -0.7276512384414673 
vn 0.14631231129169464 0.6701614856719971 -0.7276512384414673 
vn -0.020771879702806473 0.6982505917549133 -0.715552031993866 
vn -0.020771879702806473 -0.6982505917549133 -0.715552031993866 
vn -0.5994572639465332 0.580756664276123 -0.5507928133010864 
vn 0.5350194573402405 0.6310809850692749 -0.5616858005523682 
vn 0.7320956587791443 0.6613832712173462 -0.16312000155448914 
vn -0.2992071807384491 0.9526253342628479 0.05459024757146835 
vn 0.6479101181030273 0.6038705110549927 -0.4642767012119293 
vn 0.3027311861515045 0.9512509703636169 0.058952588587999344 
vn 0.979593813419342 0.18763616681098938 -0.07203252613544464 
vn 0.5702775120735168 0.7566443681716919 -0.3198012113571167 
vn 0.843571662902832 0.5168306231498718 -0.1458524912595749 
vn 0.9043909311294556 0.3960520327091217 -0.15880759060382843 
vn 0.6476890444755554 0.1273917406797409 0.7511792182922363 
vn 0.3031620681285858 0.7282019853591919 0.6146662831306458 
vn -0.6491020917892456 0.11998440325260162 0.7511792182922363 
vn -0.2996765673160553 0.7296432852745056 0.6146662831306458 
vn -0.8503068685531616 0.5003700256347656 -0.16312000155448914 
vn -0.9043909311294556 0.3960520327091217 -0.15880759060382843 
vn -0.9792753458023071 0.18757516145706177 -0.0763898640871048 
vn -0.5689820051193237 0.7593545317649841 -0.31565824151039124 
vn -0.65269535779953 0.6046313047409058 -0.456519216299057 
vn -0.2991328537464142 0.9523886442184448 0.058952588587999344 
vn 0.28845012187957764 0.9561766386032104 0.05022686347365379 
vn 0.46279633045196533 0.8267688751220703 -0.3198012113571167 
vn 0.33736103773117065 0.8625332117080688 -0.37712597846984863 
vn 0.2998279333114624 0.732475757598877 0.6112139225006104 
vn -0.28386956453323364 0.727222204208374 0.6249527335166931 
vn -0.3321222960948944 0.8609946966171265 -0.3852050006389618 
vn -0.46724027395248413 0.8193498849868774 -0.33219319581985474 
vn -0.25874245166778564 0.8574318885803223 -0.44481781125068665 
vn -0.2280532568693161 0.8924623131752014 -0.3892335295677185 
vn -0.09237512946128845 0.8596161603927612 -0.5025205612182617 
vn -0.08108886331319809 0.8919426798820496 -0.44481781125068665 
vn 0.08861825615167618 0.8600115776062012 -0.5025205612182617 
vn 0.08104708045721054 0.8938894271850586 -0.4409002661705017 
vn 0.25512444972991943 0.8585153818130493 -0.44481781125068665 
vn 0.2280532568693161 0.8924623131752014 -0.3892335295677185 
vn 0.39179882407188416 0.8595722913742065 -0.3280687630176544 
vn 0.34688621759414673 0.8917269706726074 -0.29067665338516235 
vn 0.4823490083217621 0.858108401298523 -0.1760382205247879 
vn 0.42039403319358826 0.894092321395874 -0.15449213981628418 
vn 0.5108591318130493 0.8596616387367249 0.002184694167226553 
vn 0.4512958228588104 0.8923717141151428 0.002184694167226553 
vn 0.4823490083217621 0.858108401298523 0.1760382205247879 
vn 0.42039403319358826 0.894092321395874 0.15449213981628418 
vn 0.39304694533348083 0.8590022921562195 0.3280687630176544 
vn 0.3411916196346283 0.8939213156700134 0.29067665338516235 
vn 0.2565993666648865 0.8580756783485413 0.44481781125068665 
vn 0.22227421402931213 0.8939191699028015 0.3892335295677185 
vn 0.09037167578935623 0.8598290681838989 0.5025205612182617 
vn 0.08104708045721054 0.8938894271850586 0.4409002661705017 
vn -0.09037167578935623 0.8598290681838989 0.5025205612182617 
vn -0.07728702574968338 0.8942223787307739 0.4409002661705017 
vn -0.2565993666648865 0.8580756783485413 0.44481781125068665 
vn -0.22593377530574799 0.8930012583732605 0.3892335295677185 
vn -0.3896148204803467 0.8605644702911377 0.3280687630176544 
vn -0.34471261501312256 0.8925694823265076 0.29067665338516235 
vn -0.4790538549423218 0.8599522709846497 0.1760382205247879 
vn -0.42039403319358826 0.894092321395874 0.15449213981628418 
vn -0.5108591318130493 0.8596616387367249 0.002184694167226553 
vn -0.4512958228588104 0.8923717141151428 0.002184694167226553 
vn -0.4790538549423218 0.8599522709846497 -0.1760382205247879 
vn -0.42039403319358826 0.894092321395874 -0.15449213981628418 
vn -0.39179882407188416 0.8595722913742065 -0.3280687630176544 
vn -0.34688621759414673 0.8917269706726074 -0.29067665338516235 
vn -0.2410138100385666 0.9493137001991272 -0.2017817199230194 
vn -0.15790756046772003 0.9487035274505615 -0.27391019463539124 
vn -0.054693542420864105 0.9486678242683411 -0.31150925159454346 
vn 0.05846089869737625 0.9484431147575378 -0.31150925159454346 
vn 0.15790756046772003 0.9487035274505615 -0.27391019463539124 
vn 0.24467134475708008 0.9483776092529297 -0.2017817199230194 
vn 0.29573068022727966 0.9492772817611694 -0.10684575140476227 
vn 0.31905397772789 0.947733998298645 0.002184694167226553 
vn 0.2971849739551544 0.9488229751586914 0.10684575140476227 
vn 0.24467134475708008 0.9483776092529297 0.2017817199230194 
vn 0.15957242250442505 0.9484249353408813 0.27391019463539124 
vn 0.05846089869737625 0.9484431147575378 0.31150925159454346 
vn -0.054693542420864105 0.9486678242683411 0.31150925159454346 
vn -0.15585139393806458 0.9490435123443604 0.27391019463539124 
vn -0.24079455435276031 0.9484500885009766 0.2060592919588089 
vn -0.2971849739551544 0.9488229751586914 0.10684575140476227 
vn -0.31905397772789 0.947733998298645 0.002184694167226553 
vn -0.29933464527130127 0.9481469988822937 -0.10684575140476227 
vn -0.8528375029563904 -0.4190825819969177 -0.31150925159454346 
vn -0.6971331834793091 -0.4170202910900116 -0.5831804275512695 
vn -0.4515993595123291 -0.41951435804367065 -0.7874425053596497 
vn -0.15733906626701355 -0.41815176606178284 -0.8946471214294434 
vn 0.16087426245212555 -0.4168044626712799 -0.8946471214294434 
vn 0.4515993595123291 -0.41951435804367065 -0.7874425053596497 
vn 0.6971331834793091 -0.4170202910900116 -0.5831804275512695 
vn 0.8544952273368835 -0.4156920909881592 -0.31150925159454346 
vn 0.9087722897529602 -0.41728663444519043 0.002184694167226553 
vn 0.8544952273368835 -0.4156920909881592 0.31150925159454346 
vn 0.6974650621414185 -0.41646504402160645 0.5831804275512695 
vn 0.4528194069862366 -0.4181971549987793 0.7874425053596497 
vn 0.15653187036514282 -0.4184545874595642 0.8946471214294434 
vn -0.16005071997642517 -0.41712138056755066 0.8946471214294434 
vn -0.4528194069862366 -0.4181971549987793 0.7874425053596497 
vn -0.6955249309539795 -0.419697105884552 0.5831804275512695 
vn -0.8528375029563904 -0.4190825819969177 0.31150925159454346 
vn -0.9087722897529602 -0.41728663444519043 -0.002184694167226553 
vn -0.9323094487190247 -0.36165499687194824 -0.002184694167226553 
vn -0.876082718372345 -0.3608410060405731 -0.3198012113571167 
vn -0.713560163974762 -0.36039814352989197 -0.6007870435714722 
vn -0.4662068784236908 -0.36488038301467896 -0.8059239983558655 
vn -0.16168943047523499 -0.3606783151626587 -0.9185682535171509 
vn 0.16168943047523499 -0.3606783151626587 -0.9185682535171509 
vn 0.4662068784236908 -0.36488038301467896 -0.8059239983558655 
vn 0.7118496298789978 -0.3637651205062866 -0.6007870435714722 
vn 0.876082718372345 -0.3608410060405731 -0.3198012113571167 
vn 0.9323094487190247 -0.36165499687194824 -0.002184694167226553 
vn 0.876261293888092 -0.36040714383125305 0.3198012113571167 
vn 0.7121074795722961 -0.36326009035110474 0.6007870435714722 
vn 0.46293842792510986 -0.36333298683166504 0.8085030317306519 
vn 0.1641979068517685 -0.3595432639122009 0.9185682535171509 
vn -0.1641979068517685 -0.3595432639122009 0.9185682535171509 
vn -0.46525365114212036 -0.36036354303359985 0.8085030317306519 
vn -0.7121074795722961 -0.36326009035110474 0.6007870435714722 
vn -0.8748193383216858 -0.3638933300971985 0.3198012113571167 
vn -0.5613530278205872 0.8015125393867493 0.2060592919588089 
vn -0.5987265110015869 0.8009505867958069 0.002184694167226553 
vn -0.5634993314743042 0.8000050783157349 -0.2060592919588089 
vn -0.45486176013946533 0.8029432892799377 -0.3852050006389618 
vn -0.2958011031150818 0.8028947710990906 -0.5175535082817078 
vn -0.10164298117160797 0.8033824563026428 -0.5867242813110352 
vn 0.10164298117160797 0.8033824563026428 -0.5867242813110352 
vn 0.2958011031150818 0.8028947710990906 -0.5175535082817078 
vn 0.45486176013946533 0.8029432892799377 -0.3852050006389618 
vn 0.5634993314743042 0.8000050783157349 -0.2060592919588089 
vn 0.5987265110015869 0.8009505867958069 0.002184694167226553 
vn 0.5582592487335205 0.8036704063415527 0.2060592919588089 
vn 0.45486176013946533 0.8029432892799377 0.3852050006389618 
vn 0.29717203974723816 0.8023883700370789 0.5175535082817078 
vn 0.10336251556873322 0.8031629920005798 0.5867242813110352 
vn -0.10709947347640991 0.8026732206344604 0.5867242813110352 
vn -0.30070459842681885 0.8010712265968323 0.5175535082817078 
vn -0.45486176013946533 0.8029432892799377 0.3852050006389618 
vn -1.0341130485562108e-13 0.999997615814209 0.002184694167226553 
vn 0.3602540194988251 0.18123799562454224 0.9150791168212891 
vn 0.7945196628570557 0.49429553747177124 0.3527185618877411 
vn 0.0037714340724051 0.8667445182800293 0.4987381398677826 
vn 0.41107267141342163 0.8654137253761292 -0.2864931523799896 
vn -0.2969295084476471 0.9040830731391907 -0.30735430121421814 
vn -0.7184381484985352 0.693088173866272 0.058952588587999344 
vn -0.7153513431549072 0.40067005157470703 0.5724822878837585 
vn -0.2955584228038788 0.18872490525245667 0.9364978075027466 
vn 0.0037783945444971323 0.7047756314277649 -0.7094202041625977 
vn 0.5748727917671204 0.5775427222251892 -0.5796254277229309 
vn 0.0018878303235396743 -0.7078762650489807 -0.7063339352607727 
vn 0.5779946446418762 -0.5779946446418762 -0.5760593414306641 
vn 0.8517642617225647 -0.28905200958251953 0.43697428703308105 
vn 0.7343121767044067 -0.6555884480476379 0.1760382205247879 
vn 0.8517642617225647 0.28905200958251953 0.43697428703308105 
vn 0.7343121767044067 0.6555884480476379 0.1760382205247879 
vn 7.76709290417274e-14 -0.2507207691669464 -0.9680594801902771 
vn -0.577764630317688 -0.21476112306118011 -0.7874425053596497 
vn 0.0037766085006296635 0.9641047716140747 -0.26549527049064636 
vn -0.5773835778236389 0.7889158725738525 -0.2103329300880432 
vn -2.7673027172721298e-14 0.2676009237766266 0.9635298252105713 
vn -0.5780614614486694 0.21396085619926453 0.7874425053596497 
vn 0.0018878997070714831 -0.967507541179657 0.25283506512641907 
vn -0.5752466917037964 -0.7904753684997559 0.2103329300880432 
vn -0.2992071807384491 0.9526253342628479 0.05459024757146835 
vn -0.2996765673160553 0.7296432852745056 0.6146662831306458 
vn -0.6852852702140808 -0.030129702761769295 0.7276512384414673 
vn 0.6852852702140808 -0.030129702761769295 0.7276512384414673 
vn -0.5260968804359436 0.4250553250312805 0.736579954624176 
vn 0.5260968804359436 0.4250553250312805 0.736579954624176 
vn -0.24325056374073029 0.7803747653961182 0.5760593414306641 
vn 0.246848002076149 0.7792443037033081 0.5760593414306641 
vn 0.24294476211071014 0.9626054167747498 0.11986933648586273 
vn 0.5282809734344482 0.8144053816795349 -0.2401314377784729 
vn -0.5282809734344482 0.8144053816795349 -0.2401314377784729 
vn -0.6885406374931335 0.4759715497493744 -0.5471406579017639 
vn 0.6885406374931335 0.4759715497493744 -0.5471406579017639 
vn 0.30280643701553345 0.9514873623847961 0.05459024757146835 
vn 0.3031620681285858 0.7282019853591919 0.6146662831306458 
vn -0.24294476211071014 0.9626054167747498 0.11986933648586273 
vn 0.7936786413192749 0.5533069968223572 0.25283506512641907 
vn 0.35731077194213867 0.8848230838775635 -0.2990269064903259 
vn -0.0037714340724051 0.8667445182800293 0.4987381398677826 
vn -0.2969295084476471 0.9040830731391907 -0.30735430121421814 
vn -0.7184381484985352 0.693088173866272 0.058952588587999344 
vn -0.7190069556236267 0.39407238364219666 0.5724822878837585 
vn -0.2955584228038788 0.18872490525245667 0.9364978075027466 
vn 0.41608768701553345 0.1830543726682663 0.8907088041305542 
vn 0.8517642617225647 -0.28905200958251953 0.43697428703308105 
vn 0.7343121767044067 -0.6555884480476379 0.1760382205247879 
vn 0.8517642617225647 0.28905200958251953 0.43697428703308105 
vn 0.7343121767044067 0.6555884480476379 0.1760382205247879 
vn 0.0037783945444971323 0.7047756314277649 -0.7094202041625977 
vn 0.5748727917671204 0.5775427222251892 -0.5796254277229309 
vn 0.0018878303235396743 -0.7078762650489807 -0.7063339352607727 
vn 0.5779946446418762 -0.5779946446418762 -0.5760593414306641 
vn 0.63112473487854 0.4594731628894806 -0.6249527335166931 
vn 0.19318002462387085 0.9554552435874939 -0.22312943637371063 
vn 0.6315692663192749 0.45886194705963135 0.6249527335166931 
vn 0.1873968541622162 0.9566063284873962 0.22312943637371063 
vn -0.6315692663192749 0.45886194705963135 0.6249527335166931 
vn -0.1873968541622162 0.9566063284873962 0.22312943637371063 
vn -0.6288931965827942 0.46252283453941345 -0.6249527335166931 
vn -0.18947741389274597 0.9561964273452759 -0.22312943637371063 
vn -0.2992071807384491 0.9526253342628479 0.05459024757146835 
vn -0.2996765673160553 0.7296432852745056 0.6146662831306458 
vn -0.6852852702140808 -0.030129702761769295 0.7276512384414673 
vn 0.6852852702140808 -0.030129702761769295 0.7276512384414673 
vn -0.5260968804359436 0.4250553250312805 0.736579954624176 
vn 0.5260968804359436 0.4250553250312805 0.736579954624176 
vn -0.24325056374073029 0.7803747653961182 0.5760593414306641 
vn 0.246848002076149 0.7792443037033081 0.5760593414306641 
vn 0.24294476211071014 0.9626054167747498 0.11986933648586273 
vn 0.5282809734344482 0.8144053816795349 -0.2401314377784729 
vn -0.5282809734344482 0.8144053816795349 -0.2401314377784729 
vn -0.6885406374931335 0.4759715497493744 -0.5471406579017639 
vn 0.6885406374931335 0.4759715497493744 -0.5471406579017639 
vn 0.30280643701553345 0.9514873623847961 0.05459024757146835 
vn 0.3031620681285858 0.7282019853591919 0.6146662831306458 
vn -0.24294476211071014 0.9626054167747498 0.11986933648586273 
vn 0.26509201526641846 0.6695460081100464 0.6938546895980835 
vn -0.26509201526641846 0.6695460081100464 0.6938546895980835 
vn 0.0018764362903311849 0.2209913283586502 0.9752739667892456 
vn -0.2721651792526245 -0.2921375632286072 0.916832447052002 
vn 0.2693970203399658 -0.29469218850135803 0.916832447052002 
vn -0.7078787684440613 -1.4640568759497624e-13 0.7063339352607727 
vn -0.3854221999645233 -0.8984485268592834 0.2103329300880432 
vn -0.7071051001548767 -0.7071051001548767 0.002184694167226553 
vn 0.7071051001548767 0.7071051001548767 0.002184694167226553 
vn -0.7071051001548767 0.7071051001548767 0.002184694167226553 
vn 0.7071051001548767 0.7071051001548767 0.002184694167226553 
vn 0.572001039981842 0.757082998752594 -0.31565824151039124 
vn -0.7114561796188354 0.26252034306526184 -0.651853621006012 
vn 0.3031620681285858 0.7282019853591919 0.6146662831306458 
vn -0.6394740343093872 -0.2888369560241699 0.7124928832054138 
vn -0.6988366842269897 0.23738926649093628 -0.67473965883255 
vn 0.3031620681285858 0.7282019853591919 0.6146662831306458 
vn -0.6988366842269897 0.23738926649093628 -0.67473965883255 
vn -0.0037783945444971323 -0.7047756314277649 -0.7094202041625977 
vn 0.22166800498962402 0.731148362159729 -0.6452018022537231 
vn 0.3854221999645233 -0.8984485268592834 0.2103329300880432 
vn -0.3806569576263428 0.9004778265953064 -0.2103329300880432 
vn -0.38311317563056946 0.007570705842226744 -0.9236704111099243 
vn 0.38311317563056946 0.007570705842226744 -0.9236704111099243 
vn 0.7320956587791443 0.6613832712173462 -0.16312000155448914 
vn 0.7320956587791443 0.6613832712173462 -0.16312000155448914 
vn 0.7269866466522217 0.6789581179618835 -0.10250037163496017 
vn 0.7071051001548767 0.7071051001548767 0.002184694167226553 
vn 0.999997615814209 0 0.002184694167226553 
vn 0.6410159468650818 -0.2853986918926239 0.7124928832054138 
vn 0.6410159468650818 -0.2853986918926239 0.7124928832054138 
vn 0.5702775120735168 0.7566443681716919 -0.3198012113571167 
vn 0.7127544283866882 0.25897493958473206 -0.651853621006012 
vt 0.8583905100822449 0.18983708322048187 
vt 0.9259695410728455 0.1891053467988968 
vt 0.8596081733703613 0.3163065016269684 
vt 0.9273089170455933 0.31569671630859375 
vt 0.9424076676368713 0.2899637818336487 
vt 0.9486176371574402 0.29020771384239197 
vt 0.9403377175331116 0.3421613872051239 
vt 0.9465476274490356 0.3424052894115448 
vt 0.9586023092269897 0.28496354818344116 
vt 0.9561669826507568 0.34850314259529114 
vt 0.9587240815162659 0.34960076212882996 
vt 0.9612811207771301 0.2839878797531128 
vt 0.9933050274848938 0.2850854992866516 
vt 0.2865867614746094 0.05251350626349449 
vt 0.3857026696205139 0.05287937819957733 
vt 0.2865867614746094 0.06897769868373871 
vt 0.3855808973312378 0.06934357434511185 
vt 0.28646501898765564 0.08410036563873291 
vt 0.3855808973312378 0.0845881998538971 
vt 0.28646501898765564 0.10056456178426743 
vt 0.38545915484428406 0.10105238854885101 
vt 0.9302312731742859 0.20727694034576416 
vt 0.9962273836135864 0.2099599987268448 
vt 0.9301095008850098 0.2117893546819687 
vt 0.9957402944564819 0.21435044705867767 
vt 0.9298660159111023 0.21642372012138367 
vt 0.9954968094825745 0.2186189442873001 
vt 0.9297442436218262 0.22105808556079865 
vt 0.9952532649040222 0.22288744151592255 
vt 0.92962247133255 0.22569245100021362 
vt 0.9951314926147461 0.2271559238433838 
vt 0.92962247133255 0.2303268164396286 
vt 0.9951314926147461 0.23130246996879578 
vt 0.9295006990432739 0.23483921587467194 
vt 0.99500972032547 0.2355709671974182 
vt 0.9295006990432739 0.23947358131408691 
vt 0.99500972032547 0.23983946442604065 
vt 0.9295006990432739 0.2441079467535019 
vt 0.99500972032547 0.2441079467535019 
vt 0.9295006990432739 0.24874231219291687 
vt 0.99500972032547 0.24837644398212433 
vt 0.9295006990432739 0.25337669253349304 
vt 0.99500972032547 0.2525229752063751 
vt 0.92962247133255 0.2578890919685364 
vt 0.9951314926147461 0.25679147243499756 
vt 0.92962247133255 0.26252347230911255 
vt 0.9951314926147461 0.26105996966362 
vt 0.9297442436218262 0.26715782284736633 
vt 0.9952532649040222 0.26532846689224243 
vt 0.9298660159111023 0.2717922031879425 
vt 0.9954968094825745 0.26959696412086487 
vt 0.9301095008850098 0.2764265537261963 
vt 0.9957402944564819 0.2738654613494873 
vt 0.9302312731742859 0.28106093406677246 
vt 0.9962273836135864 0.2782559096813202 
vt 0.9991496801376343 0.2110576033592224 
vt 0.9985408782958984 0.21483826637268066 
vt 0.9982973337173462 0.2188628613948822 
vt 0.9981756210327148 0.223009392619133 
vt 0.9981756210327148 0.22727788984775543 
vt 0.9980538487434387 0.23142442107200623 
vt 0.9979320764541626 0.23569291830062866 
vt 0.9979320764541626 0.2399614155292511 
vt 0.9979320764541626 0.24422991275787354 
vt 0.9979320764541626 0.24837644398212433 
vt 0.9979320764541626 0.25264495611190796 
vt 0.9980538487434387 0.256913423538208 
vt 0.9981756210327148 0.26105996966362 
vt 0.9982973337173462 0.26532846689224243 
vt 0.9984191060066223 0.2694750130176544 
vt 0.9985408782958984 0.27349957823753357 
vt 0.9991496801376343 0.27715829014778137 
vt 0.9152542948722839 0.7797430753707886 
vt 0.8714192509651184 0.7760843634605408 
vt 0.9931832551956177 0.7102276086807251 
vt 0.8710539937019348 0.7049834728240967 
vt 0.9953750371932983 0.6283944845199585 
vt 0.8706886768341064 0.6290042400360107 
vt 0.8418306112289429 0.7051054239273071 
vt 0.8413435816764832 0.6291261911392212 
vt 0.8409782648086548 0.5532689690589905 
vt 0.8702016472816467 0.55314701795578 
vt 0.8421959280967712 0.7763283252716064 
vt 0.8055449724197388 0.7237648367881775 
vt 0.8239313364028931 0.7052273750305176 
vt 0.8272189497947693 0.9220669269561768 
vt 0.7647539973258972 0.9215790629386902 
vt 0.8279495239257812 0.8316968083381653 
vt 0.7657281160354614 0.7993781566619873 
vt 0.7964126467704773 0.7997440695762634 
vt 0.7155613303184509 0.799012303352356 
vt 0.7165354490280151 0.66876220703125 
vt 0.7668240070343018 0.6691281199455261 
vt 0.7176313400268555 0.5385121703147888 
vt 0.767798125743866 0.5388780236244202 
vt 0.7144654989242554 0.9212132096290588 
vt 0.6493217349052429 0.9206034541130066 
vt 0.5432652831077576 0.7976707816123962 
vt 0.5181819200515747 0.6671767830848694 
vt 0.08993791788816452 0.3450883626937866 
vt 0.08311913162469864 0.37326040863990784 
vt 0.08445853739976883 0.34386879205703735 
vt 0.07824857532978058 0.3715530037879944 
vt 0.07897915691137314 0.342893123626709 
vt 0.07362154126167297 0.37021148204803467 
vt 0.07362154126167297 0.34203943610191345 
vt 0.0691162720322609 0.36911389231681824 
vt 0.06814216077327728 0.341307669878006 
vt 0.06461100280284882 0.36838212609291077 
vt 0.06278454512357712 0.34069788455963135 
vt 0.060105737298727036 0.36777234077453613 
vt 0.05742692947387695 0.34033203125 
vt 0.05560046806931496 0.3674064874649048 
vt 0.05206931382417679 0.3400880992412567 
vt 0.05109519883990288 0.3671625554561615 
vt 0.0465899333357811 0.33996614813804626 
vt 0.0465899333357811 0.36704060435295105 
vt 0.04123231768608093 0.3400880992412567 
vt 0.04208466410636902 0.3671625554561615 
vt 0.03587469831109047 0.34033203125 
vt 0.03757939487695694 0.3674064874649048 
vt 0.030517084524035454 0.34069788455963135 
vt 0.03319589048624039 0.36777234077453613 
vt 0.025037704035639763 0.341307669878006 
vt 0.028690623119473457 0.36838212609291077 
vt 0.019680088385939598 0.34203943610191345 
vt 0.024185355752706528 0.36911389231681824 
vt 0.014200707897543907 0.342893123626709 
vt 0.019680088385939598 0.3700895309448242 
vt 0.008843092247843742 0.34386879205703735 
vt 0.015053056180477142 0.37143105268478394 
vt 0.003363711992278695 0.3450883626937866 
vt 0.010060732252895832 0.37326040863990784 
vt 0.07727445662021637 0.37387019395828247 
vt 0.07289095968008041 0.37252867221832275 
vt 0.06862921267747879 0.3715530037879944 
vt 0.06424570828676224 0.3708212673664093 
vt 0.05986220762133598 0.37021148204803467 
vt 0.05547870323061943 0.3698456287384033 
vt 0.05109519883990288 0.36960169672966003 
vt 0.0465899333357811 0.3694797456264496 
vt 0.042206428945064545 0.36960169672966003 
vt 0.03782292455434799 0.3698456287384033 
vt 0.03343942016363144 0.37021148204803467 
vt 0.029055915772914886 0.3708212673664093 
vt 0.024672411382198334 0.3715530037879944 
vt 0.020410671830177307 0.37252867221832275 
vt 0.016027167439460754 0.37387019395828247 
vt 0.011643663980066776 0.3760654330253601 
vt 0.07532623410224915 0.37777283787727356 
vt 0.07155155390501022 0.3765532672405243 
vt 0.06753333657979965 0.37569954991340637 
vt 0.06339336186647415 0.3749678134918213 
vt 0.05925338715314865 0.3744799792766571 
vt 0.054991647601127625 0.37411412596702576 
vt 0.0507299080491066 0.37387019395828247 
vt 0.04646816849708557 0.373748242855072 
vt 0.042206428945064545 0.37387019395828247 
vt 0.03794468939304352 0.37411412596702576 
vt 0.03380471095442772 0.3744799792766571 
vt 0.029542971402406693 0.3749678134918213 
vt 0.025402996689081192 0.37569954991340637 
vt 0.021506547927856445 0.3765532672405243 
vt 0.01785362884402275 0.37777283787727356 
vt 0.014687764458358288 0.3794802129268646 
vt 0.07849209755659103 0.37960219383239746 
vt 0.081536203622818 0.3760654330253601 
vt 0.9375371336936951 0.0022672219201922417 
vt 0.9393635988235474 0.180812269449234 
vt 0.9341277480125427 0.002389179076999426 
vt 0.935954213142395 0.180812269449234 
vt 0.9308400750160217 0.002389179076999426 
vt 0.932666540145874 0.180812269449234 
vt 0.9274306893348694 0.002389179076999426 
vt 0.9292571544647217 0.18093422055244446 
vt 0.9241430759429932 0.002389179076999426 
vt 0.9259695410728455 0.18093422055244446 
vt 0.9207336902618408 0.0025111360009759665 
vt 0.9225601553916931 0.18093422055244446 
vt 0.9174460768699646 0.0025111360009759665 
vt 0.9192725419998169 0.18093422055244446 
vt 0.9140366911888123 0.0025111360009759665 
vt 0.9158631563186646 0.1810561865568161 
vt 0.9107490181922913 0.002633092924952507 
vt 0.9125754833221436 0.1810561865568161 
vt 0.9073396325111389 0.002633092924952507 
vt 0.9091660976409912 0.1810561865568161 
vt 0.9040520191192627 0.002633092924952507 
vt 0.905878484249115 0.18117813766002655 
vt 0.9006426334381104 0.002633092924952507 
vt 0.9024690985679626 0.18117813766002655 
vt 0.8973550200462341 0.0027550500817596912 
vt 0.8991814851760864 0.18117813766002655 
vt 0.8939456343650818 0.0027550500817596912 
vt 0.8957720398902893 0.18117813766002655 
vt 0.8906579613685608 0.0027550500817596912 
vt 0.892362654209137 0.1813001036643982 
vt 0.8872485756874084 0.002877007005736232 
vt 0.8890750408172607 0.1813001036643982 
vt 0.8839609622955322 0.002877007005736232 
vt 0.8856656551361084 0.1813001036643982 
vt 0.20476137101650238 0.7192524075508118 
vt 0.22777476906776428 0.7194963097572327 
vt 0.21048428118228912 0.845599889755249 
vt 0.2324018031358719 0.8488926887512207 
vt 0.20683135092258453 0.8559662103652954 
vt 0.2237565517425537 0.856454074382782 
vt 0.22424361109733582 0.9980461001396179 
vt 0.23873353004455566 0.998412013053894 
vt 0.28427326679229736 0.8471853137016296 
vt 0.2871955931186676 0.9975582957267761 
vt 0.2935273349285126 0.8542588353157043 
vt 0.30205079913139343 0.9976802468299866 
vt 0.322994202375412 0.9971924424171448 
vt 0.2803768217563629 0.7185207009315491 
vt 0.3029031455516815 0.717910885810852 
vt 0.3059472441673279 0.8423070311546326 
vt 0.3106960356235504 0.8526734113693237 
vt 0.0025113639421761036 0.97438645362854 
vt 0.010547787882387638 0.930969774723053 
vt 0.009208383969962597 0.9958509206771851 
vt 0.017123043537139893 0.9846308827400208 
vt 0.1891755759716034 0.9938995838165283 
vt 0.18016503751277924 0.9815819263458252 
vt 0.19989080727100372 0.9688984155654907 
vt 0.1808956265449524 0.9270671606063843 
vt 0.20001256465911865 0.7926705479621887 
vt 0.1878361701965332 0.8230378031730652 
vt 0.18345266580581665 0.7859628796577454 
vt 0.1804085671901703 0.8127934336662292 
vt 0.019071267917752266 0.7859628796577454 
vt 0.022115368396043777 0.8127934336662292 
vt 0.0025113639421761036 0.7926705479621887 
vt 0.014687764458358288 0.8230378031730652 
vt 0.1878361701965332 0.8551125526428223 
vt 0.715683102607727 0.5325362682342529 
vt 0.7149525284767151 0.529975175857544 
vt 0.7218930721282959 0.5321704149246216 
vt 0.7217712998390198 0.5294873118400574 
vt 0.7285900712013245 0.5321704149246216 
vt 0.7285900712013245 0.5296092629432678 
vt 0.7354089021682739 0.532292366027832 
vt 0.7355306148529053 0.5296092629432678 
vt 0.7423494458198547 0.5324143171310425 
vt 0.7423494458198547 0.529731273651123 
vt 0.7492899894714355 0.5324143171310425 
vt 0.7492899894714355 0.529731273651123 
vt 0.7561087608337402 0.5324143171310425 
vt 0.7562305331230164 0.529731273651123 
vt 0.763049304485321 0.5324143171310425 
vt 0.763049304485321 0.529731273651123 
vt 0.7699898481369019 0.5324143171310425 
vt 0.7699898481369019 0.529731273651123 
vt 0.7768086194992065 0.5324143171310425 
vt 0.7769303917884827 0.529731273651123 
vt 0.7837491631507874 0.5324143171310425 
vt 0.7837491631507874 0.529731273651123 
vt 0.7906897068023682 0.5324143171310425 
vt 0.7906897068023682 0.529731273651123 
vt 0.7975085377693176 0.532292366027832 
vt 0.7976303100585938 0.529731273651123 
vt 0.8044490814208984 0.532292366027832 
vt 0.8044490814208984 0.5296092629432678 
vt 0.8112678527832031 0.5321704149246216 
vt 0.8113896250724792 0.5296092629432678 
vt 0.8179648518562317 0.5321704149246216 
vt 0.8182083964347839 0.5294873118400574 
vt 0.8242965936660767 0.5325362682342529 
vt 0.8250271677970886 0.529975175857544 
vt 0.7217712998390198 0.5280238389968872 
vt 0.7285900712013245 0.5280238389968872 
vt 0.7355306148529053 0.5280238389968872 
vt 0.7423494458198547 0.5281457901000977 
vt 0.7492899894714355 0.5281457901000977 
vt 0.7562305331230164 0.5281457901000977 
vt 0.763049304485321 0.5281457901000977 
vt 0.7699898481369019 0.5281457901000977 
vt 0.7769303917884827 0.5281457901000977 
vt 0.7837491631507874 0.5281457901000977 
vt 0.7906897068023682 0.5281457901000977 
vt 0.7975085377693176 0.5281457901000977 
vt 0.8044490814208984 0.5280238389968872 
vt 0.8113896250724792 0.5280238389968872 
vt 0.8182083964347839 0.5280238389968872 
vt 0.8252707123756409 0.5281457901000977 
vt 0.7228671908378601 0.42362865805625916 
vt 0.7296859622001648 0.4237506091594696 
vt 0.7363830208778381 0.42387256026268005 
vt 0.7430800199508667 0.42387256026268005 
vt 0.7497770190238953 0.4239945411682129 
vt 0.7565957903862 0.4239945411682129 
vt 0.7632928490638733 0.4239945411682129 
vt 0.7699898481369019 0.4239945411682129 
vt 0.7766868472099304 0.4239945411682129 
vt 0.7835056781768799 0.4239945411682129 
vt 0.7902026772499084 0.4239945411682129 
vt 0.796899676322937 0.42387256026268005 
vt 0.8035967350006104 0.42387256026268005 
vt 0.810415506362915 0.4237506091594696 
vt 0.8171125054359436 0.42362865805625916 
vt 0.8239313364028931 0.42338475584983826 
vt 0.7296859622001648 0.42228713631629944 
vt 0.7363830208778381 0.42228713631629944 
vt 0.7430800199508667 0.4224090874195099 
vt 0.7497770190238953 0.4224090874195099 
vt 0.7565957903862 0.4224090874195099 
vt 0.7632928490638733 0.4224090874195099 
vt 0.7699898481369019 0.4224090874195099 
vt 0.7766868472099304 0.4224090874195099 
vt 0.7835056781768799 0.4224090874195099 
vt 0.7902026772499084 0.4224090874195099 
vt 0.796899676322937 0.4224090874195099 
vt 0.8035967350006104 0.42228713631629944 
vt 0.8102937340736389 0.42228713631629944 
vt 0.8169907331466675 0.422165185213089 
vt 0.8236877918243408 0.4216773509979248 
vt 0.7298077344894409 0.41972604393959045 
vt 0.7363830208778381 0.41972604393959045 
vt 0.7432017922401428 0.41972604393959045 
vt 0.7498987913131714 0.4198479950428009 
vt 0.7565957903862 0.4198479950428009 
vt 0.7632928490638733 0.4198479950428009 
vt 0.7699898481369019 0.4198479950428009 
vt 0.7768086194992065 0.4198479950428009 
vt 0.7835056781768799 0.4198479950428009 
vt 0.7902026772499084 0.4198479950428009 
vt 0.796899676322937 0.41972604393959045 
vt 0.8037185072898865 0.41972604393959045 
vt 0.8102937340736389 0.41972604393959045 
vt 0.8168690204620361 0.4196040630340576 
vt 0.8228354454040527 0.4191162586212158 
vt 0.7232325077056885 0.4196040630340576 
vt 0.7229889631271362 0.422165185213089 
vt 0.717144250869751 0.4191162586212158 
vt 0.716413676738739 0.42155539989471436 
vt 0.7160484194755554 0.42338475584983826 
vt 0.7147089838981628 0.5281457901000977 
vt 0.014687764458358288 0.7846213579177856 
vt 0.014687764458358288 0.7524247169494629 
vt 0.1878361701965332 0.7846213579177856 
vt 0.1878361701965332 0.7524247169494629 
vt 0.1804085671901703 0.742180347442627 
vt 0.022115368396043777 0.742180347442627 
vt 0.019071267917752266 0.7154717445373535 
vt 0.0025113639421761036 0.7220574617385864 
vt 0.18345266580581665 0.7154717445373535 
vt 0.005311936140060425 0.6127839684486389 
vt 0.00445958785712719 0.5971734523773193 
vt 0.007747216150164604 0.6126620173454285 
vt 0.0067731039598584175 0.5974173545837402 
vt 0.009330147877335548 0.6116863489151001 
vt 0.00859956443309784 0.5976613163948059 
vt 0.00993896834552288 0.5977832674980164 
vt 0.0176100991666317 0.5643670558929443 
vt 0.019071267917752266 0.5638791918754578 
vt 0.016027167439460754 0.5604643821716309 
vt 0.01894950307905674 0.5590009093284607 
vt 0.01493129227310419 0.5649768114089966 
vt 0.016757752746343613 0.5644890069961548 
vt 0.014687764458358288 0.560830295085907 
vt 0.013104831799864769 0.5640011429786682 
vt 0.01359188836067915 0.5616839528083801 
vt 0.03538764268159866 0.5590009093284607 
vt 0.0383099801838398 0.5603424310684204 
vt 0.033926475793123245 0.5610741972923279 
vt 0.03550940752029419 0.5640011429786682 
vt 0.03283059969544411 0.563391387462616 
vt 0.032221779227256775 0.5683916211128235 
vt 0.030882375314831734 0.5668061971664429 
vt 0.02369830012321472 0.5668061971664429 
vt 0.0323435440659523 0.5835142731666565 
vt 0.03611822798848152 0.588514506816864 
vt 0.022115368396043777 0.5835142731666565 
vt 0.018340684473514557 0.588514506816864 
vt 0.02235889621078968 0.5683916211128235 
vt 0.021871840581297874 0.5632694363594055 
vt 0.020775964483618736 0.5610741972923279 
vt 0.022237131372094154 0.5604643821716309 
vt 0.023333007469773293 0.5630255341529846 
vt 0.03246530890464783 0.5604643821716309 
vt 0.03136943280696869 0.5629035234451294 
vt 0.010304260067641735 0.6108326315879822 
vt 0.011400136165320873 0.5979052186012268 
vt 0.01188719179481268 0.6108326315879822 
vt 0.016635987907648087 0.606808066368103 
vt 0.014687764458358288 0.9257256388664246 
vt 0.014687764458358288 0.8935289978981018 
vt 0.1878361701965332 0.9257256388664246 
vt 0.1878361701965332 0.8935289978981018 
vt 0.1804085671901703 0.8834065198898315 
vt 0.022115368396043777 0.8834065198898315 
vt 0.019071267917752266 0.8565760254859924 
vt 0.0025113639421761036 0.863283634185791 
vt 0.18345266580581665 0.8565760254859924 
vt 0.7670674920082092 0.6847385764122009 
vt 0.7703551650047302 0.6833970546722412 
vt 0.7691375017166138 0.690226674079895 
vt 0.7725468873977661 0.6891290545463562 
vt 0.7709639668464661 0.6959586143493652 
vt 0.7744951248168945 0.6949830055236816 
vt 0.7725468873977661 0.7018125653266907 
vt 0.7760780453681946 0.7009588479995728 
vt 0.7737645506858826 0.7077884674072266 
vt 0.7774174809455872 0.7070567011833191 
vt 0.7748604416847229 0.7137643694877625 
vt 0.7783915996551514 0.7131545543670654 
vt 0.7755910158157349 0.7197402715682983 
vt 0.7792439460754395 0.7192524075508118 
vt 0.7761998176574707 0.7257161736488342 
vt 0.7798527479171753 0.7254722118377686 
vt 0.7765651345252991 0.7316920161247253 
vt 0.7800962924957275 0.7315700650215149 
vt 0.7766868472099304 0.7376679182052612 
vt 0.7802180051803589 0.7376679182052612 
vt 0.7765651345252991 0.7437657713890076 
vt 0.7800962924957275 0.743887722492218 
vt 0.7761998176574707 0.7497416734695435 
vt 0.7798527479171753 0.7499855756759644 
vt 0.775712788105011 0.7557175755500793 
vt 0.7792439460754395 0.7562053799629211 
vt 0.7748604416847229 0.7616934776306152 
vt 0.7783915996551514 0.7623032331466675 
vt 0.7737645506858826 0.7676693797111511 
vt 0.7774174809455872 0.7684010863304138 
vt 0.7725468873977661 0.7736452221870422 
vt 0.7760780453681946 0.7744989395141602 
vt 0.7709639668464661 0.7794991731643677 
vt 0.7744951248168945 0.780474841594696 
vt 0.7691375017166138 0.7852311730384827 
vt 0.7725468873977661 0.7864507436752319 
vt 0.7670674920082092 0.7908411622047424 
vt 0.7703551650047302 0.7920607328414917 
vt 0.7729122042655945 0.6818116307258606 
vt 0.7753474712371826 0.6881533861160278 
vt 0.777295708656311 0.6942512392997742 
vt 0.7788786292076111 0.7003490924835205 
vt 0.7802180051803589 0.7065688967704773 
vt 0.7813138961791992 0.7127887010574341 
vt 0.7820444703102112 0.7190085053443909 
vt 0.7826533317565918 0.7252283096313477 
vt 0.7830185890197754 0.7314481139183044 
vt 0.7831403613090515 0.7377898693084717 
vt 0.7830185890197754 0.7440096735954285 
vt 0.7826533317565918 0.7502294778823853 
vt 0.7820444703102112 0.7565712928771973 
vt 0.7813138961791992 0.762791097164154 
vt 0.7802180051803589 0.7690109014511108 
vt 0.7788786292076111 0.7751087546348572 
vt 0.777295708656311 0.781328558921814 
vt 0.7753474712371826 0.7874264121055603 
vt 0.7729122042655945 0.7936462163925171 
vt 0.7802180051803589 0.6792505383491516 
vt 0.7825315594673157 0.6857142448425293 
vt 0.7844797968864441 0.692177951335907 
vt 0.7860627174377441 0.6986417174339294 
vt 0.7875238656997681 0.7051054239273071 
vt 0.7886197566986084 0.7116910815238953 
vt 0.7893503308296204 0.718154788017273 
vt 0.7899591326713562 0.7247405052185059 
vt 0.7903244495391846 0.7312042117118835 
vt 0.7904462218284607 0.7377898693084717 
vt 0.7903244495391846 0.7442536354064941 
vt 0.7899591326713562 0.7508392930030823 
vt 0.7893503308296204 0.75730299949646 
vt 0.7886197566986084 0.7638887166976929 
vt 0.7875238656997681 0.7703524231910706 
vt 0.7860627174377441 0.7768161296844482 
vt 0.7844797968864441 0.7834017872810364 
vt 0.7825315594673157 0.7898655533790588 
vt 0.7802180051803589 0.7963292598724365 
vt 0.5137984156608582 0.08897864818572998 
vt 0.5085625648498535 0.09092996269464493 
vt 0.5039355158805847 0.06214810907840729 
vt 0.4983343780040741 0.06287985295057297 
vt 0.5051531791687012 0.03482973948121071 
vt 0.49955201148986816 0.0332443006336689 
vt 0.5178166031837463 0.009584642015397549 
vt 0.5131895542144775 0.006535716820508242 
vt 0.4896891415119171 0.06422137469053268 
vt 0.4991867244243622 0.0939788892865181 
vt 0.4909067749977112 0.031049074605107307 
vt 0.504179060459137 0.0016574369510635734 
vt 0.8831086158752441 0.5500980615615845 
vt 0.8882226943969727 0.358625590801239 
vt 0.8868833184242249 0.5511956810951233 
vt 0.8913885354995728 0.3585036098957062 
vt 0.8904144763946533 0.5511956810951233 
vt 0.8945544362068176 0.3583816587924957 
vt 0.8940673470497131 0.5513176321983337 
vt 0.8978420495986938 0.35813775658607483 
vt 0.8975985050201416 0.5514395833015442 
vt 0.9012514352798462 0.3580158054828644 
vt 0.9011296629905701 0.5515615344047546 
vt 0.9045390486717224 0.3580158054828644 
vt 0.9047825932502747 0.5515615344047546 
vt 0.9079484939575195 0.35789382457733154 
vt 0.9083137512207031 0.5516834855079651 
vt 0.9113578796386719 0.35789382457733154 
vt 0.9119666814804077 0.5518054366111755 
vt 0.9147672653198242 0.3580158054828644 
vt 0.9156196117401123 0.5518054366111755 
vt 0.9181766510009766 0.3580158054828644 
vt 0.9191507697105408 0.5518054366111755 
vt 0.9214642643928528 0.35813775658607483 
vt 0.9228036999702454 0.5518054366111755 
vt 0.9248736500740051 0.3582597076892853 
vt 0.9263348579406738 0.5518054366111755 
vt 0.9282830357551575 0.3585036098957062 
vt 0.9299877285957336 0.5518054366111755 
vt 0.9315707087516785 0.358625590801239 
vt 0.9335188865661621 0.5518054366111755 
vt 0.9348583221435547 0.3588694930076599 
vt 0.9370500445365906 0.5518054366111755 
vt 0.9380241632461548 0.35923534631729126 
vt 0.9407029747962952 0.5518054366111755 
vt 0.9410682916641235 0.3593573272228241 
vt 0.8884662389755249 0.3580158054828644 
vt 0.8913885354995728 0.35764992237091064 
vt 0.8945544362068176 0.35740602016448975 
vt 0.8978420495986938 0.35716208815574646 
vt 0.9011296629905701 0.357040137052536 
vt 0.9045390486717224 0.35691818594932556 
vt 0.9079484939575195 0.35691818594932556 
vt 0.9113578796386719 0.35691818594932556 
vt 0.9147672653198242 0.35691818594932556 
vt 0.9181766510009766 0.357040137052536 
vt 0.9215860366821289 0.357040137052536 
vt 0.9249954223632812 0.3572840392589569 
vt 0.9282830357551575 0.35740602016448975 
vt 0.9316924214363098 0.35764992237091064 
vt 0.9349800944328308 0.35789382457733154 
vt 0.9381459355354309 0.3582597076892853 
vt 0.9409465193748474 0.35874754190444946 
vt 0.890049159526825 0.3522838056087494 
vt 0.8937020897865295 0.3517959713935852 
vt 0.897233247756958 0.3515520691871643 
vt 0.9006426334381104 0.3513081669807434 
vt 0.9041737914085388 0.3513081669807434 
vt 0.9077049493789673 0.35118618607521057 
vt 0.9111143350601196 0.35118618607521057 
vt 0.9146454930305481 0.35118618607521057 
vt 0.9181766510009766 0.3513081669807434 
vt 0.9215860366821289 0.35143011808395386 
vt 0.9251171946525574 0.3515520691871643 
vt 0.9286483526229858 0.35167402029037476 
vt 0.9321795105934143 0.35191795229911804 
vt 0.9357106685638428 0.35240575671195984 
vt 0.9392418265342712 0.352893590927124 
vt 0.943016529083252 0.35374730825424194 
vt 0.889318585395813 0.3463079333305359 
vt 0.8930932879447937 0.34594205021858215 
vt 0.8967461585998535 0.34569814801216125 
vt 0.9003990888595581 0.3455761671066284 
vt 0.9040520191192627 0.34545421600341797 
vt 0.9075831770896912 0.34545421600341797 
vt 0.9111143350601196 0.34545421600341797 
vt 0.9146454930305481 0.34545421600341797 
vt 0.9182984232902527 0.3455761671066284 
vt 0.9218295812606812 0.3455761671066284 
vt 0.9253607392311096 0.34569814801216125 
vt 0.9290136694908142 0.34594205021858215 
vt 0.932666540145874 0.3460640013217926 
vt 0.9364412426948547 0.34642988443374634 
vt 0.9402159452438354 0.3469177186489105 
vt 0.9439905881881714 0.3476494550704956 
vt 0.8855438828468323 0.3469177186489105 
vt 0.8865180015563965 0.3530155420303345 
vt 0.41675248742103577 0.43606826663017273 
vt 0.4642404615879059 0.3385026752948761 
vt 0.4193095266819 0.43740978837013245 
vt 0.4671627879142761 0.33996614813804626 
vt 0.46874570846557617 0.3293558955192566 
vt 0.4716680645942688 0.3309413492679596 
vt 0.47690391540527344 0.32667285203933716 
vt 0.4688674807548523 0.3226482570171356 
vt 0.46363162994384766 0.3314291536808014 
vt 0.46229222416877747 0.33447808027267456 
vt 0.4620487093925476 0.3366733193397522 
vt 0.8229572176933289 0.2997203469276428 
vt 0.8236877918243408 0.30215948820114136 
vt 0.8168690204620361 0.300208181142807 
vt 0.8169907331466675 0.302769273519516 
vt 0.810415506362915 0.300208181142807 
vt 0.810415506362915 0.30289122462272644 
vt 0.8037185072898865 0.30033013224601746 
vt 0.8035967350006104 0.30289122462272644 
vt 0.796899676322937 0.30033013224601746 
vt 0.796899676322937 0.30289122462272644 
vt 0.7902026772499084 0.30033013224601746 
vt 0.7902026772499084 0.3030131757259369 
vt 0.7835056781768799 0.30033013224601746 
vt 0.7835056781768799 0.3030131757259369 
vt 0.7768086194992065 0.3004520833492279 
vt 0.7768086194992065 0.3030131757259369 
vt 0.770111620426178 0.3004520833492279 
vt 0.7699898481369019 0.3030131757259369 
vt 0.7632928490638733 0.3004520833492279 
vt 0.7632928490638733 0.3030131757259369 
vt 0.7565957903862 0.30033013224601746 
vt 0.7565957903862 0.3030131757259369 
vt 0.7498987913131714 0.30033013224601746 
vt 0.7498987913131714 0.30289122462272644 
vt 0.7432017922401428 0.30033013224601746 
vt 0.7430800199508667 0.30289122462272644 
vt 0.7365047335624695 0.300208181142807 
vt 0.7363830208778381 0.30289122462272644 
vt 0.7298077344894409 0.300208181142807 
vt 0.7296859622001648 0.302769273519516 
vt 0.7232325077056885 0.300208181142807 
vt 0.7231107354164124 0.30264732241630554 
vt 0.717144250869751 0.2995983958244324 
vt 0.716413676738739 0.30215948820114136 
vt 0.8171125054359436 0.30423274636268616 
vt 0.810415506362915 0.3043546974658966 
vt 0.8037185072898865 0.30447667837142944 
vt 0.796899676322937 0.30447667837142944 
vt 0.7902026772499084 0.30447667837142944 
vt 0.7835056781768799 0.3045986294746399 
vt 0.7768086194992065 0.3045986294746399 
vt 0.7699898481369019 0.3045986294746399 
vt 0.7632928490638733 0.3045986294746399 
vt 0.7565957903862 0.30447667837142944 
vt 0.7498987913131714 0.30447667837142944 
vt 0.7430800199508667 0.30447667837142944 
vt 0.7363830208778381 0.3043546974658966 
vt 0.7296859622001648 0.3043546974658966 
vt 0.7229889631271362 0.3041107952594757 
vt 0.7160484194755554 0.3038668930530548 
vt 0.8182083964347839 0.4086279571056366 
vt 0.8113896250724792 0.40850597620010376 
vt 0.8044490814208984 0.4086279571056366 
vt 0.7976303100585938 0.4086279571056366 
vt 0.7906897068023682 0.4086279571056366 
vt 0.7837491631507874 0.40874990820884705 
vt 0.7769303917884827 0.40874990820884705 
vt 0.7699898481369019 0.40874990820884705 
vt 0.763049304485321 0.40874990820884705 
vt 0.7562305331230164 0.40874990820884705 
vt 0.7492899894714355 0.4086279571056366 
vt 0.7424712181091309 0.4086279571056366 
vt 0.7355306148529053 0.4086279571056366 
vt 0.7285900712013245 0.40850597620010376 
vt 0.7217712998390198 0.4086279571056366 
vt 0.7147089838981628 0.40874990820884705 
vt 0.8113896250724792 0.41009142994880676 
vt 0.8044490814208984 0.4102133810520172 
vt 0.7976303100585938 0.4102133810520172 
vt 0.7906897068023682 0.4102133810520172 
vt 0.7837491631507874 0.41033533215522766 
vt 0.7769303917884827 0.41033533215522766 
vt 0.7699898481369019 0.41033533215522766 
vt 0.763049304485321 0.41033533215522766 
vt 0.7562305331230164 0.41033533215522766 
vt 0.7492899894714355 0.4102133810520172 
vt 0.7423494458198547 0.4102133810520172 
vt 0.7355306148529053 0.4102133810520172 
vt 0.7285900712013245 0.41009142994880676 
vt 0.7217712998390198 0.41009142994880676 
vt 0.7149525284767151 0.4104573130607605 
vt 0.8112678527832031 0.4127744734287262 
vt 0.8044490814208984 0.41289645433425903 
vt 0.7976303100585938 0.41289645433425903 
vt 0.7906897068023682 0.41289645433425903 
vt 0.7837491631507874 0.4130184054374695 
vt 0.7768086194992065 0.4130184054374695 
vt 0.7699898481369019 0.4130184054374695 
vt 0.763049304485321 0.4130184054374695 
vt 0.7561087608337402 0.4130184054374695 
vt 0.7492899894714355 0.41289645433425903 
vt 0.7423494458198547 0.41289645433425903 
vt 0.7354089021682739 0.41289645433425903 
vt 0.7285900712013245 0.4127744734287262 
vt 0.7218930721282959 0.41265252232551575 
vt 0.715683102607727 0.41314035654067993 
vt 0.8179648518562317 0.41265252232551575 
vt 0.8182083964347839 0.41009142994880676 
vt 0.8242965936660767 0.41314035654067993 
vt 0.8250271677970886 0.4104573130607605 
vt 0.8252707123756409 0.40874990820884705 
vt 0.8239313364028931 0.3038668930530548 
vt 0.054626356810331345 0.7107154130935669 
vt 0.05194754898548126 0.6948610544204712 
vt 0.05693987384438515 0.7103495597839355 
vt 0.05450459197163582 0.6949830055236816 
vt 0.05852280557155609 0.7092519402503967 
vt 0.05645281448960304 0.6951049566268921 
vt 0.05779222026467323 0.6951049566268921 
vt 0.06461100280284882 0.661932647228241 
vt 0.06619393825531006 0.6615667343139648 
vt 0.0631498396396637 0.6581519842147827 
vt 0.065950408577919 0.6565665006637573 
vt 0.06205395981669426 0.6626643538475037 
vt 0.06388042122125626 0.6620545983314514 
vt 0.06181043013930321 0.6585178375244141 
vt 0.06022749841213226 0.6616887450218201 
vt 0.06071455776691437 0.659371554851532 
vt 0.9398506283760071 0.20666715502738953 
vt 0.9425294399261475 0.014219008386135101 
vt 0.9435035586357117 0.20678910613059998 
vt 0.9456952810287476 0.01409705076366663 
vt 0.9470347166061401 0.20678910613059998 
vt 0.9488611817359924 0.013853137381374836 
vt 0.9506876468658447 0.20678910613059998 
vt 0.9521487951278687 0.013609223067760468 
vt 0.9542188048362732 0.20691107213497162 
vt 0.9554364085197449 0.01348726637661457 
vt 0.9578717350959778 0.20691107213497162 
vt 0.9588457942008972 0.013365308754146099 
vt 0.9614028930664062 0.20703302323818207 
vt 0.9621334671974182 0.013243352063000202 
vt 0.9650557637214661 0.20703302323818207 
vt 0.9655428528785706 0.013243352063000202 
vt 0.9685869216918945 0.2071549892425537 
vt 0.9689522385597229 0.013243352063000202 
vt 0.9722398519515991 0.20703302323818207 
vt 0.9723616242408752 0.013243352063000202 
vt 0.9757710099220276 0.20703302323818207 
vt 0.9757710099220276 0.013365308754146099 
vt 0.9794239401817322 0.20703302323818207 
vt 0.9791803956031799 0.013365308754146099 
vt 0.9829550981521606 0.20691107213497162 
vt 0.9824680089950562 0.01348726637661457 
vt 0.9866080284118652 0.20691107213497162 
vt 0.9858774542808533 0.013731179758906364 
vt 0.9901391863822937 0.20691107213497162 
vt 0.9890432953834534 0.013975094072520733 
vt 0.9937921166419983 0.20678910613059998 
vt 0.9922091364860535 0.014219008386135101 
vt 0.997323215007782 0.20678910613059998 
vt 0.9953750371932983 0.014340965077280998 
vt 0.9427729845046997 0.013609223067760468 
vt 0.9455735683441162 0.013121395371854305 
vt 0.9487394094467163 0.012877481058239937 
vt 0.9520270228385925 0.012633566744625568 
vt 0.9554364085197449 0.012511610053479671 
vt 0.9587240815162659 0.012267695739865303 
vt 0.9621334671974182 0.012267695739865303 
vt 0.9655428528785706 0.012145739048719406 
vt 0.9689522385597229 0.012145739048719406 
vt 0.9723616242408752 0.012145739048719406 
vt 0.9757710099220276 0.012267695739865303 
vt 0.9791803956031799 0.012389653362333775 
vt 0.9825897812843323 0.012511610053479671 
vt 0.9858774542808533 0.01275552436709404 
vt 0.9891650676727295 0.012999437749385834 
vt 0.9923309087753296 0.013243352063000202 
vt 0.9952532649040222 0.013731179758906364 
vt 0.9442341327667236 0.007755286991596222 
vt 0.9478870630264282 0.007267458830028772 
vt 0.9512964487075806 0.007023544982075691 
vt 0.954827606678009 0.00677963113412261 
vt 0.9583587646484375 0.006657673977315426 
vt 0.961889922618866 0.006535716820508242 
vt 0.9652993083000183 0.006535716820508242 
vt 0.9688304662704468 0.006413760129362345 
vt 0.9722398519515991 0.006535716820508242 
vt 0.9757710099220276 0.006535716820508242 
vt 0.979302167892456 0.006657673977315426 
vt 0.9828333258628845 0.00677963113412261 
vt 0.986364483833313 0.007023544982075691 
vt 0.9898956418037415 0.007389415986835957 
vt 0.9934267997741699 0.007877243682742119 
vt 0.9972015023231506 0.008730943314731121 
vt 0.9433817863464355 0.0019013510318472981 
vt 0.9471564888954163 0.0015354800270870328 
vt 0.9509311318397522 0.0011696090223267674 
vt 0.9545840620994568 0.001047651981934905 
vt 0.9581152200698853 0.0009256949997507036 
vt 0.9616463780403137 0.0008037380175665021 
vt 0.9651775360107422 0.0008037380175665021 
vt 0.9688304662704468 0.0006817809771746397 
vt 0.9723616242408752 0.0006817809771746397 
vt 0.9758927822113037 0.0008037380175665021 
vt 0.9795457124710083 0.0009256949997507036 
vt 0.9830768704414368 0.0009256949997507036 
vt 0.9868515133857727 0.0011696090223267674 
vt 0.9905044436454773 0.0014135229866951704 
vt 0.9944009184837341 0.0019013510318472981 
vt 0.9981756210327148 0.0025111360009759665 
vt 0.939728856086731 0.0025111360009759665 
vt 0.9407029747962952 0.00860898569226265 
vt 0.4565693140029907 0.6602252125740051 
vt 0.4564475417137146 0.615101158618927 
vt 0.5739498138427734 0.6599813103675842 
vt 0.5738280415534973 0.6148572564125061 
vt 0.43367767333984375 0.6075398325920105 
vt 0.596476137638092 0.6070519685745239 
vt 0.4266153872013092 0.5972954034805298 
vt 0.6034166812896729 0.5735138058662415 
vt 0.6034166812896729 0.596807599067688 
vt 0.43355593085289 0.5636352896690369 
vt 0.5963543653488159 0.5632694363594055 
vt 0.05267813056707382 0.661322832107544 
vt 0.05170401930809021 0.6457123756408691 
vt 0.054991647601127625 0.6612008810043335 
vt 0.05413930118083954 0.64595627784729 
vt 0.056696344166994095 0.6602252125740051 
vt 0.05596575886011124 0.6460782289505005 
vt 0.0571833997964859 0.6463221311569214 
vt 0.06485453248023987 0.6127839684486389 
vt 0.06643746048212051 0.6124181151390076 
vt 0.06339336186647415 0.6090033054351807 
vt 0.06631570309400558 0.6075398325920105 
vt 0.06229748949408531 0.6135157346725464 
vt 0.06412395089864731 0.6130278706550598 
vt 0.06205395981669426 0.609369158744812 
vt 0.060471028089523315 0.612540066242218 
vt 0.06095808371901512 0.6102228760719299 
vt 0.7198230624198914 0.08605168014764786 
vt 0.7278594970703125 0.09422279894351959 
vt 0.6887732744216919 0.08592972159385681 
vt 0.6806150674819946 0.0939788892865181 
vt 0.7278594970703125 0.09678389877080917 
vt 0.6806150674819946 0.09666194021701813 
vt 0.7291989326477051 0.09849129617214203 
vt 0.6791539192199707 0.09824737906455994 
vt 0.6776927709579468 0.10105238854885101 
vt 0.7307818531990051 0.1012963056564331 
vt 0.730660080909729 0.10532088577747345 
vt 0.8812821507453918 0.352893590927124 
vt 0.8816474676132202 0.5313166975975037 
vt 0.8779945373535156 0.352893590927124 
vt 0.8782380223274231 0.5313166975975037 
vt 0.8745851516723633 0.352893590927124 
vt 0.8749504089355469 0.5313166975975037 
vt 0.8712974786758423 0.352893590927124 
vt 0.8715410232543945 0.5313166975975037 
vt 0.8678880929946899 0.352893590927124 
vt 0.8682534098625183 0.5313166975975037 
vt 0.8644787073135376 0.352893590927124 
vt 0.864844024181366 0.5313166975975037 
vt 0.8611910939216614 0.352893590927124 
vt 0.8615564107894897 0.5313166975975037 
vt 0.857781708240509 0.352893590927124 
vt 0.8581469655036926 0.5313166975975037 
vt 0.8544940948486328 0.352893590927124 
vt 0.8548593521118164 0.5313166975975037 
vt 0.8510847091674805 0.352893590927124 
vt 0.8514499664306641 0.5313166975975037 
vt 0.8477970361709595 0.352893590927124 
vt 0.8481623530387878 0.5314386487007141 
vt 0.8443876504898071 0.352893590927124 
vt 0.8447529673576355 0.5314386487007141 
vt 0.8411000370979309 0.352893590927124 
vt 0.8414652943611145 0.5314386487007141 
vt 0.8376906514167786 0.352893590927124 
vt 0.8380559086799622 0.5314386487007141 
vt 0.8344030380249023 0.352893590927124 
vt 0.8347682952880859 0.5314386487007141 
vt 0.8309935927391052 0.352893590927124 
vt 0.8313589096069336 0.5314386487007141 
vt 0.827705979347229 0.352893590927124 
vt 0.8280712962150574 0.5314386487007141 
vt 0.2862214744091034 0.4317997694015503 
vt 0.28195974230766296 0.43375107645988464 
vt 0.27587154507637024 0.4099694788455963 
vt 0.2711227536201477 0.4109451174736023 
vt 0.2762368321418762 0.3870415687561035 
vt 0.2714880406856537 0.38582199811935425 
vt 0.2868303060531616 0.3658210337162018 
vt 0.2829338610172272 0.3632599413394928 
vt 0.2638168931007385 0.4125305712223053 
vt 0.2742886245250702 0.43765372037887573 
vt 0.2641822099685669 0.38399264216423035 
vt 0.27538448572158813 0.3591133952140808 
vt 0.03964938223361969 0.5609522461891174 
vt 0.037092339247465134 0.5643670558929443 
vt 0.04318054020404816 0.5979052186012268 
vt 0.044641707092523575 0.5977832674980164 
vt 0.04269348457455635 0.6108326315879822 
vt 0.044276416301727295 0.6108326315879822 
vt 0.04074525833129883 0.5616839528083801 
vt 0.03794468939304352 0.5644890069961548 
vt 0.04585934802889824 0.5976613163948059 
vt 0.04525052756071091 0.6116863489151001 
vt 0.03964938223361969 0.5649768114089966 
vt 0.04780757054686546 0.5974173545837402 
vt 0.04683345928788185 0.6126620173454285 
vt 0.041475843638181686 0.5641230940818787 
vt 0.050121087580919266 0.5971734523773193 
vt 0.04926874116063118 0.6127839684486389 
vt 0.5758980512619019 0.46094751358032227 
vt 0.576019823551178 0.5064374804496765 
vt 0.45754343271255493 0.46143531799316406 
vt 0.4577869474887848 0.5069252848625183 
vt 0.5987896919250488 0.5141207575798035 
vt 0.4348953366279602 0.5147305130958557 
vt 0.43599119782447815 0.5268042683601379 
vt 0.5976938009262085 0.5260725617408752 
vt 0.4361129701137543 0.5497322082519531 
vt 0.5976938009262085 0.5490004420280457 
vt 0.43501707911491394 0.5618059635162354 
vt 0.598911464214325 0.5609522461891174 
vt 0.6071913838386536 0.5500980615615845 
vt 0.6071913838386536 0.5249749422073364 
vt 0.06570687890052795 0.703641951084137 
vt 0.06095808371901512 0.7080323696136475 
vt 0.065950408577919 0.6857142448425293 
vt 0.05937515199184418 0.6952269077301025 
vt 0.0594969168305397 0.7082762718200684 
vt 0.037701159715652466 0.606808066368103 
vt 0.7233542203903198 0.0036087490152567625 
vt 0.7319995164871216 0.012267695739865303 
vt 0.6920608878135681 0.004584405105561018 
vt 0.6847550272941589 0.013243352063000202 
vt 0.7334606647491455 0.014219008386135101 
vt 0.6836591958999634 0.01482879277318716 
vt 0.7350435853004456 0.01653619110584259 
vt 0.6824415326118469 0.01653619110584259 
vt 0.6806150674819946 0.01921924576163292 
vt 0.7373570799827576 0.019707072526216507 
vt 0.740035891532898 0.023121869191527367 
vt 0.2439693808555603 0.6894949078559875 
vt 0.27501919865608215 0.6904705762863159 
vt 0.2434823215007782 0.7060810923576355 
vt 0.2744103670120239 0.7070567011833191 
vt 0.29072675108909607 0.6857142448425293 
vt 0.289874404668808 0.7129106521606445 
vt 0.29851964116096497 0.7131545543670654 
vt 0.29937198758125305 0.6859581470489502 
vt 0.31447073817253113 0.713642418384552 
vt 0.3153230845928192 0.6865679621696472 
vt 0.322994202375412 0.7138863205909729 
vt 0.3238465487957001 0.6868118643760681 
vt 0.4348953366279602 0.7175450325012207 
vt 0.435869425535202 0.6903486251831055 
vt 0.4435405731201172 0.7177889347076416 
vt 0.4443929195404053 0.6907144784927368 
vt 0.45949167013168335 0.7182767987251282 
vt 0.46034401655197144 0.6912023425102234 
vt 0.4680151343345642 0.7186426520347595 
vt 0.4688674807548523 0.6914462447166443 
vt 0.48433151841163635 0.6971781849861145 
vt 0.48384445905685425 0.7137643694877625 
vt 0.5153813362121582 0.6982758045196533 
vt 0.5147725343704224 0.7148619890213013 
vt 0.4266153872013092 0.5508298277854919 
vt 0.4266153872013092 0.5255846977233887 
vt 0.7384529709815979 0.13190750777721405 
vt 0.6800062656402588 0.13215142488479614 
vt 0.7384529709815979 0.12751705944538116 
vt 0.6800062656402588 0.1276390254497528 
vt 0.6815891861915588 0.124468132853508 
vt 0.7367482781410217 0.12434618175029755 
vt 0.7351653575897217 0.12251682579517365 
vt 0.6831721067428589 0.12263878434896469 
vt 0.7351653575897217 0.11971181631088257 
vt 0.6831721067428589 0.11983376741409302 
vt 0.7262765765190125 0.11080895364284515 
vt 0.3400411605834961 0.2599623501300812 
vt 0.3313959240913391 0.24142490327358246 
vt 0.34576407074928284 0.25679147243499756 
vt 0.336875319480896 0.2399614155292511 
vt 0.34040647745132446 0.23910771310329437 
vt 0.33991941809654236 0.22178982198238373 
vt 0.33626648783683777 0.22105808556079865 
vt 0.33078712224960327 0.21996046602725983 
vt 0.3383364677429199 0.20093517005443573 
vt 0.3441811501979828 0.2037401795387268 
vt 0.34722524881362915 0.2055695354938507 
vt 0.6776927709579468 0.04495217278599739 
vt 0.6803715229034424 0.04153737425804138 
vt 0.7394270896911621 0.04422042891383171 
vt 0.7374788522720337 0.041049547493457794 
vt 0.736261248588562 0.03848845139145851 
vt 0.683293879032135 0.038366492837667465 
vt 0.6848767995834351 0.036049310117959976 
vt 0.7350435853004456 0.036781053990125656 
vt 0.6863380074501038 0.03409799933433533 
vt 0.7339476943016052 0.03519561141729355 
vt 0.695226788520813 0.025561008602380753 
vt 0.7266418933868408 0.026658622547984123 
vt 0.10077491402626038 0.6432732343673706 
vt 0.10016608983278275 0.5933927893638611 
vt 0.13462530076503754 0.6399803757667542 
vt 0.12841534614562988 0.5930269360542297 
vt 0.14424465596675873 0.6305896639823914 
vt 0.13803470134735107 0.5971734523773193 
vt 0.16640570759773254 0.6282724738121033 
vt 0.15532518923282623 0.5902219414710999 
vt 0.14667993783950806 0.5790019035339355 
vt 0.08445853739976883 0.606808066368103 
vt 0.08275383710861206 0.588514506816864 
vt 0.08932909369468689 0.6108326315879822 
vt 0.089816153049469 0.5979052186012268 
vt 0.0907902643084526 0.6108326315879822 
vt 0.09127732366323471 0.5977832674980164 
vt 0.09176437556743622 0.6116863489151001 
vt 0.09249495714902878 0.5975393652915955 
vt 0.0944431871175766 0.5974173545837402 
vt 0.086163230240345 0.5649768114089966 
vt 0.0967566967010498 0.5971734523773193 
vt 0.0879896953701973 0.5640011429786682 
vt 0.0843367725610733 0.5644890069961548 
vt 0.08360619097948074 0.5643670558929443 
vt 0.0820232555270195 0.5638791918754578 
vt 0.08506735414266586 0.5604643821716309 
vt 0.08640675991773605 0.560830295085907 
vt 0.08750263601541519 0.5616839528083801 
vt 0.08214502036571503 0.5590009093284607 
vt 0.08031856268644333 0.5609522461891174 
vt 0.07922268658876419 0.5632694363594055 
vt 0.07873562723398209 0.5683916211128235 
vt 0.07776151597499847 0.5630255341529846 
vt 0.0773962214589119 0.5668061971664429 
vt 0.07897915691137314 0.5835142731666565 
vt 0.06875097751617432 0.5835142731666565 
vt 0.0649762973189354 0.588514506816864 
vt 0.06558511406183243 0.5640011429786682 
vt 0.05791398510336876 0.5979052186012268 
vt 0.06400218605995178 0.5643670558929443 
vt 0.05645281448960304 0.5977832674980164 
vt 0.0631498396396637 0.5644890069961548 
vt 0.05523517727851868 0.5976613163948059 
vt 0.053286951035261154 0.5974173545837402 
vt 0.054261062294244766 0.6126620173454285 
vt 0.05194754898548126 0.6127839684486389 
vt 0.06339336186647415 0.606808066368103 
vt 0.058401040732860565 0.6108326315879822 
vt 0.05681810900568962 0.6108326315879822 
vt 0.05584399774670601 0.6116863489151001 
vt 0.09578258544206619 0.6127839684486389 
vt 0.09346906840801239 0.6126620173454285 
vt 0.07885739207267761 0.5604643821716309 
vt 0.1684757024049759 0.64595627784729 
vt 0.05767045542597771 0.659371554851532 
vt 0.05864456668496132 0.6464440822601318 
vt 0.059131622314453125 0.6592496037483215 
vt 0.06570687890052795 0.6370534300804138 
vt 0.06400218605995178 0.6552249789237976 
vt 0.06972508877515793 0.6168085336685181 
vt 0.06948156654834747 0.6320531964302063 
vt 0.08348442614078522 0.6370534300804138 
vt 0.0797097384929657 0.6320531964302063 
vt 0.08287560194730759 0.612540066242218 
vt 0.07958797365427017 0.6169304847717285 
vt 0.0801967978477478 0.6118083000183105 
vt 0.07824857532978058 0.6153450608253479 
vt 0.07873562723398209 0.6114424467086792 
vt 0.07106449455022812 0.6153450608253479 
vt 0.07069920748472214 0.6114424467086792 
vt 0.06923803687095642 0.6118083000183105 
vt 0.069603331387043 0.6088813543319702 
vt 0.06814216077327728 0.6094911098480225 
vt 0.22570477426052094 0.2081306427717209 
vt 0.23374119400978088 0.2120332568883896 
vt 0.21523307263851166 0.23459531366825104 
vt 0.22290420532226562 0.2360587865114212 
vt 0.2237565517425537 0.26227954030036926 
vt 0.22862711548805237 0.26093801856040955 
vt 0.24019469320774078 0.2827683091163635 
vt 0.2278965264558792 0.23691248893737793 
vt 0.23824647068977356 0.21410652995109558 
vt 0.5757762789726257 0.4547276794910431 
vt 0.5750457048416138 0.4216773509979248 
vt 0.6026861071586609 0.4542398750782013 
vt 0.602077305316925 0.42106756567955017 
vt 0.6108443140983582 0.4019203186035156 
vt 0.5655481219291687 0.40277400612831116 
vt 0.5778462886810303 0.3900904953479767 
vt 0.5981808304786682 0.3896026611328125 
vt 0.5965979099273682 0.30972081422805786 
vt 0.5762633085250854 0.31020864844322205 
vt 0.5962326526641846 0.2921590209007263 
vt 0.5758980512619019 0.29252487421035767 
vt 0.5939190983772278 0.16849461197853088 
vt 0.5735844969749451 0.16886048018932343 
vt 0.5935538411140442 0.15093280375003815 
vt 0.5732192397117615 0.1512986719608307 
vt 0.5919708609580994 0.0710509717464447 
vt 0.5716363191604614 0.07141683995723724 
vt 0.5589728355407715 0.059221141040325165 
vt 0.6041473150253296 0.05836744233965874 
vt 0.5946496725082397 0.039464108645915985 
vt 0.5677398443222046 0.03995193541049957 
vt 0.5670092701911926 0.00677963113412261 
vt 0.5940408706665039 0.0062918029725551605 
vt 0.21620719134807587 0.2642308473587036 
vt 0.2282618135213852 0.28984183073043823 
vt 0.2361764758825302 0.28545138239860535 
vt 0.06570687890052795 0.5590009093284607 
vt 0.06716804951429367 0.5610741972923279 
vt 0.06278454512357712 0.5603424310684204 
vt 0.06144513934850693 0.5609522461891174 
vt 0.06034926325082779 0.5616839528083801 
vt 0.06144513934850693 0.5649768114089966 
vt 0.05961868166923523 0.5641230940818787 
vt 0.05097343772649765 0.5971734523773193 
vt 0.06826392561197281 0.563391387462616 
vt 0.06887274235486984 0.5683916211128235 
vt 0.06972508877515793 0.5629035234451294 
vt 0.07021214812994003 0.5668061971664429 
vt 0.3501475751399994 0.19739842414855957 
vt 0.3833891451358795 0.19739842414855957 
vt 0.3501475751399994 0.2832561433315277 
vt 0.3833891451358795 0.2832561433315277 
vt 0.392521470785141 0.17825117707252502 
vt 0.392521470785141 0.3025253415107727 
vt 0.47227686643600464 0.3015497028827667 
vt 0.47227686643600464 0.17886096239089966 
vt 0.489202082157135 0.3043546974658966 
vt 0.48944559693336487 0.17605595290660858 
vt 0.47556450963020325 0.1617869734764099 
vt 0.3930085003376007 0.16007958352565765 
vt 0.7419841289520264 0.04239107668399811 
vt 0.7752256989479065 0.042513031512498856 
vt 0.7414970993995667 0.12824879586696625 
vt 0.7747386693954468 0.1283707618713379 
vt 0.7844797968864441 0.02336578257381916 
vt 0.7838709354400635 0.14763996005058289 
vt 0.864113450050354 0.024707309901714325 
vt 0.8635045886039734 0.147396057844162 
vt 0.7841144800186157 0.16581155359745026 
vt 0.8667922616004944 0.16447003185749054 
vt 0.880673348903656 0.15020106732845306 
vt 0.8811603784561157 0.022024255245923996 
vt 0.8675228357315063 0.007877243682742119 
vt 0.7850885987281799 0.0051941899582743645 
vt 0.03855350986123085 0.6552249789237976 
vt 0.03684881329536438 0.6370534300804138 
vt 0.04342406615614891 0.6592496037483215 
vt 0.043911125510931015 0.6464440822601318 
vt 0.04488523676991463 0.659371554851532 
vt 0.04537229239940643 0.6463221311569214 
vt 0.04585934802889824 0.6602252125740051 
vt 0.0465899333357811 0.6460782289505005 
vt 0.04853815585374832 0.64595627784729 
vt 0.04025820270180702 0.6135157346725464 
vt 0.050851672887802124 0.6457123756408691 
vt 0.04208466410636902 0.612540066242218 
vt 0.03855350986123085 0.6130278706550598 
vt 0.037701159715652466 0.6127839684486389 
vt 0.03611822798848152 0.6124181151390076 
vt 0.039162326604127884 0.6090033054351807 
vt 0.040501732379198074 0.609369158744812 
vt 0.04159760847687721 0.6102228760719299 
vt 0.03623999282717705 0.6075398325920105 
vt 0.03441353142261505 0.6094911098480225 
vt 0.03331765532493591 0.6118083000183105 
vt 0.03283059969544411 0.6168085336685181 
vt 0.03197825327515602 0.6114424467086792 
vt 0.031491197645664215 0.6153450608253479 
vt 0.03307412937283516 0.6320531964302063 
vt 0.022845951840281487 0.6320531964302063 
vt 0.019071267917752266 0.6370534300804138 
vt 0.019680088385939598 0.612540066242218 
vt 0.012130719609558582 0.6464440822601318 
vt 0.018097156658768654 0.6129059195518494 
vt 0.010547787882387638 0.6463221311569214 
vt 0.017366571351885796 0.6130278706550598 
vt 0.009330147877335548 0.6460782289505005 
vt 0.007503687869757414 0.64595627784729 
vt 0.008356035687029362 0.6612008810043335 
vt 0.006042520049959421 0.661322832107544 
vt 0.01748833619058132 0.6553469300270081 
vt 0.012496012263000011 0.659371554851532 
vt 0.011034844443202019 0.659371554851532 
vt 0.010060732252895832 0.6602252125740051 
vt 0.03295236453413963 0.6088813543319702 
vt 0.04987756162881851 0.661322832107544 
vt 0.04756404459476471 0.6612008810043335 
vt 0.7199448347091675 0.08495406806468964 
vt 0.688895046710968 0.08531993627548218 
vt 0.7278594970703125 0.0767829492688179 
vt 0.6807368397712708 0.07727077603340149 
vt 0.7278594970703125 0.07422184944152832 
vt 0.6806150674819946 0.0747096836566925 
vt 0.7293207049369812 0.07263641059398651 
vt 0.6791539192199707 0.0731242373585701 
vt 0.6776927709579468 0.07019726932048798 
vt 0.7307818531990051 0.06970944255590439 
vt 0.730660080909729 0.06568486243486404 
vt 0.02272418886423111 0.6088813543319702 
vt 0.0238200630992651 0.6114424467086792 
vt 0.021263020113110542 0.6096130609512329 
vt 0.022480659186840057 0.6118083000183105 
vt 0.022967716678977013 0.6169304847717285 
vt 0.02442888356745243 0.6153450608253479 
vt 0.005190172232687473 0.6457123756408691 
vt 0.013835416175425053 0.612540066242218 
vt 0.015540111809968948 0.6135157346725464 
vt 0.01444423571228981 0.6102228760719299 
vt 0.015661876648664474 0.609369158744812 
vt 0.01687951572239399 0.6088813543319702 
vt 0.5134330987930298 0.16654330492019653 
vt 0.5063707828521729 0.19239819049835205 
vt 0.5084407925605774 0.16520176827907562 
vt 0.5010131597518921 0.1922762244939804 
vt 0.4927332401275635 0.19191035628318787 
vt 0.5056402087211609 0.21959459781646729 
vt 0.4979690909385681 0.2225215584039688 
vt 0.5123372077941895 0.24788862466812134 
vt 0.5105107426643372 0.21776524186134338 
vt 0.5243918895721436 0.2402053326368332 
vt 0.5202518701553345 0.2433762103319168 
vt 0.3930085003376007 0.32069694995880127 
vt 0.4754427373409271 0.3183797597885132 
vt 0.050121087580919266 0.710471510887146 
vt 0.04780757054686546 0.7102276086807251 
vt 0.05109519883990288 0.694739043712616 
vt 0.048781685531139374 0.6949830055236816 
vt 0.040501732379198074 0.6626643538475037 
vt 0.04683345928788185 0.6952269077301025 
vt 0.038797035813331604 0.6620545983314514 
vt 0.03794468939304352 0.661932647228241 
vt 0.04074525833129883 0.6583958864212036 
vt 0.039405856281518936 0.6580300331115723 
vt 0.04232819378376007 0.6615667343139648 
vt 0.041841134428977966 0.659371554851532 
vt 0.020045379176735878 0.6565665006637573 
vt 0.021506547927856445 0.6586397886276245 
vt 0.017123043537139893 0.6580300331115723 
vt 0.0199236162006855 0.6615667343139648 
vt 0.015905404463410378 0.6585178375244141 
vt 0.018340684473514557 0.6620545983314514 
vt 0.014687764458358288 0.659371554851532 
vt 0.0176100991666317 0.6621765494346619 
vt 0.01578363962471485 0.6626643538475037 
vt 0.007747216150164604 0.6949830055236816 
vt 0.014078943990170956 0.6616887450218201 
vt 0.005433700047433376 0.694739043712616 
vt 0.01237424835562706 0.6955927610397339 
vt 0.010913079604506493 0.695348858833313 
vt 0.009573675692081451 0.6952269077301025 
vt 0.00859956443309784 0.7102276086807251 
vt 0.006286047864705324 0.7103495597839355 
vt 0.012739540077745914 0.7083982229232788 
vt 0.011278372257947922 0.708520233631134 
vt 0.010304260067641735 0.7093738913536072 
vt 0.017731864005327225 0.7043736577033997 
vt 0.01931479573249817 0.6860800981521606 
vt 0.02308947965502739 0.6812018156051636 
vt 0.03331765532493591 0.6812018156051636 
vt 0.03307412937283516 0.6659572124481201 
vt 0.037092339247465134 0.6860800981521606 
vt 0.0364835187792778 0.6615667343139648 
vt 0.04415465146303177 0.6955927610397339 
vt 0.04561581835150719 0.695348858833313 
vt 0.04512876272201538 0.708520233631134 
vt 0.04610287770628929 0.7093738913536072 
vt 0.0364835187792778 0.6565665006637573 
vt 0.034657061100006104 0.6586397886276245 
vt 0.033561185002326965 0.6609569787979126 
vt 0.03319589048624039 0.6580300331115723 
vt 0.032221779227256775 0.6605911254882812 
vt 0.03173472359776497 0.6643717885017395 
vt 0.023211244493722916 0.6659572124481201 
vt 0.024672411382198334 0.66449373960495 
vt 0.02272418886423111 0.6609569787979126 
vt 0.02406359277665615 0.6605911254882812 
vt 0.022967716678977013 0.6580300331115723 
vt 0.6776927709579468 0.04604978486895561 
vt 0.7391835451126099 0.045561958104372025 
vt 0.6796409487724304 0.04922066628932953 
vt 0.7365047335624695 0.048976752907037735 
vt 0.7340694665908813 0.05214763432741165 
vt 0.6814674139022827 0.05178176239132881 
vt 0.6826850771903992 0.05361111834645271 
vt 0.7324865460395813 0.05446481704711914 
vt 0.6837809681892395 0.05519656091928482 
vt 0.7310253977775574 0.05641613155603409 
vt 0.6910867691040039 0.06385550647974014 
vt 0.45803049206733704 0.437287837266922 
vt 0.4407399892807007 0.4583863914012909 
vt 0.45389050245285034 0.4338730573654175 
vt 0.43562591075897217 0.4560692310333252 
vt 0.42807653546333313 0.45228853821754456 
vt 0.42917242646217346 0.4837534725666046 
vt 0.4206489324569702 0.4837534725666046 
vt 0.4261283278465271 0.5141207575798035 
vt 0.43465179204940796 0.4837534725666046 
vt 0.44061824679374695 0.5099742412567139 
vt 0.43562591075897217 0.5116816163063049 
vt 0.038797035813331604 0.7043736577033997 
vt 0.04366759583353996 0.7083982229232788 
vt 0.0045813522301614285 0.5574154853820801 
vt 0.006894867867231369 0.5003396272659302 
vt 0.01444423571228981 0.5581472516059875 
vt 0.016757752746343613 0.5026568174362183 
vt 0.02515946887433529 0.5586350560188293 
vt 0.02515946887433529 0.5052179098129272 
vt 0.04171937331557274 0.557659387588501 
vt 0.03855350986123085 0.5049739480018616 
vt 0.052191074937582016 0.5564398169517517 
vt 0.046711694449186325 0.5024128556251526 
vt 0.06168866902589798 0.5553421974182129 
vt 0.054626356810331345 0.4986322224140167 
vt 0.007260160055011511 0.48741215467453003 
vt 0.019071267917752266 0.4818021357059479 
vt 0.0261335801333189 0.4794849753379822 
vt 0.03818821534514427 0.4796069264411926 
vt 0.02515946887433529 0.4235067069530487 
vt 0.04025820270180702 0.4242384433746338 
vt 0.015296583995223045 0.42436039447784424 
vt 0.004216060042381287 0.42521411180496216 
vt 0.08859851211309433 0.46692338585853577 
vt 0.0903032049536705 0.5046080946922302 
vt 0.08165796101093292 0.46716731786727905 
vt 0.08275383710861206 0.5027787685394287 
vt 0.06984685361385345 0.4670453369617462 
vt 0.06972508877515793 0.5031446218490601 
vt 0.06278454512357712 0.46716731786727905 
vt 0.06181043013930321 0.5055837631225586 
vt 0.08324089646339417 0.5111938118934631 
vt 0.06996861845254898 0.5119255185127258 
vt 0.06168866902589798 0.5098522305488586 
vt 0.08579794317483902 0.555708110332489 
vt 0.07349977642297745 0.5568057298660278 
vt 0.06607217341661453 0.5575374364852905 
vt 0.09322554618120193 0.5549763441085815 
vt 0.0907902643084526 0.508266806602478 
vt 0.9812504053115845 0.998412013053894 
vt 0.9733357429504395 0.988411545753479 
vt 0.9891650676727295 0.9920702576637268 
vt 0.9803980588912964 0.9870700240135193 
vt 0.9989061951637268 0.9376773834228516 
vt 0.9890432953834534 0.9379213452339172 
vt 0.9951314926147461 0.9282867312431335 
vt 0.9831986427307129 0.9330430626869202 
vt 0.9610375761985779 0.9862163066864014 
vt 0.5247571468353271 0.005925931967794895 
vt 0.5499622821807861 0.009706598706543446 
vt 0.5131895542144775 0.10117434710264206 
vt 0.5370553135871887 0.10275979340076447 
vt 0.514407217502594 0.14983519911766052 
vt 0.5380294322967529 0.14763996005058289 
vt 0.5275577306747437 0.24252250790596008 
vt 0.5522758364677429 0.23898576200008392 
vt 0.5387600064277649 0.103125661611557 
vt 0.5397341251373291 0.14727409183979034 
vt 0.5541023015975952 0.237644225358963 
vt 0.5454570651054382 0.10190609097480774 
vt 0.5463094115257263 0.14837171137332916 
vt 0.5577552318572998 0.22947311401367188 
vt 0.5506929159164429 0.10227195918560028 
vt 0.551545262336731 0.14788387715816498 
vt 0.5628693103790283 0.22947311401367188 
vt 0.5606775283813477 0.02104859985411167 
vt 0.5555634498596191 0.020438814535737038 
vt 0.5519105195999146 0.011657911352813244 
vt 0.39130380749702454 0.8862115740776062 
vt 0.386920303106308 0.8434046506881714 
vt 0.3971484899520874 0.8856017589569092 
vt 0.39227792620658875 0.8418192267417908 
vt 0.40299317240715027 0.8851139545440674 
vt 0.3984878957271576 0.8403557538986206 
vt 0.40895959734916687 0.8846260905265808 
vt 0.4050631523132324 0.8392581343650818 
vt 0.41492602229118347 0.884138286113739 
vt 0.4117601811885834 0.8385263681411743 
vt 0.42089247703552246 0.8838943839073181 
vt 0.41857895255088806 0.8379166126251221 
vt 0.42673712968826294 0.8836504817008972 
vt 0.425275981426239 0.8376726508140564 
vt 0.43270358443260193 0.8835285305976868 
vt 0.4319729804992676 0.8374287486076355 
vt 0.43867000937461853 0.8834065198898315 
vt 0.43867000937461853 0.8374287486076355 
vt 0.44475820660591125 0.8835285305976868 
vt 0.4453670382499695 0.8374287486076355 
vt 0.45072466135025024 0.8836504817008972 
vt 0.45206403732299805 0.8376726508140564 
vt 0.45669108629226685 0.8838943839073181 
vt 0.4588828384876251 0.8379166126251221 
vt 0.46265751123428345 0.884138286113739 
vt 0.4657016098499298 0.8384044170379639 
vt 0.4685021936893463 0.8846260905265808 
vt 0.47239863872528076 0.8391361832618713 
vt 0.4744686186313629 0.8851139545440674 
vt 0.4789738953113556 0.8402337431907654 
vt 0.4804350733757019 0.8857237100601196 
vt 0.48518386483192444 0.8416972756385803 
vt 0.4862797260284424 0.8863335251808167 
vt 0.49066323041915894 0.8434046506881714 
vt 0.38265857100486755 0.8386483192443848 
vt 0.38959911465644836 0.8352335095405579 
vt 0.39690494537353516 0.8331602811813354 
vt 0.40421080589294434 0.8319407105445862 
vt 0.411394864320755 0.8312089443206787 
vt 0.41857895255088806 0.8308430910110474 
vt 0.42539772391319275 0.8307211399078369 
vt 0.4322165250778198 0.8305991888046265 
vt 0.4390352964401245 0.8305991888046265 
vt 0.44573232531547546 0.8305991888046265 
vt 0.45255109667778015 0.8307211399078369 
vt 0.45949167013168335 0.8308430910110474 
vt 0.4665539562702179 0.8312089443206787 
vt 0.47373804450035095 0.8319407105445862 
vt 0.48104387521743774 0.8331602811813354 
vt 0.4882279634475708 0.8351115584373474 
vt 0.49492499232292175 0.8384044170379639 
vt 0.3880161941051483 0.8310869932174683 
vt 0.39593085646629333 0.8290137052536011 
vt 0.4036019742488861 0.8277941346168518 
vt 0.41115134954452515 0.8271843791007996 
vt 0.4183354377746582 0.8269404768943787 
vt 0.42539772391319275 0.8269404768943787 
vt 0.4322165250778198 0.8269404768943787 
vt 0.4389135539531708 0.8269404768943787 
vt 0.44573232531547546 0.8269404768943787 
vt 0.45255109667778015 0.8269404768943787 
vt 0.45949167013168335 0.8269404768943787 
vt 0.46679750084877014 0.8271843791007996 
vt 0.47422510385513306 0.8277941346168518 
vt 0.48189622163772583 0.8290137052536011 
vt 0.48981088399887085 0.8310869932174683 
vt 0.497847318649292 0.8346237540245056 
vt 0.3852156102657318 0.8227939009666443 
vt 0.39422616362571716 0.8208426237106323 
vt 0.402749627828598 0.819866955280304 
vt 0.41078606247901917 0.8196230530738831 
vt 0.4183354377746582 0.8197450041770935 
vt 0.42539772391319275 0.8199889063835144 
vt 0.4322165250778198 0.8201108574867249 
vt 0.4389135539531708 0.8202328085899353 
vt 0.44561055302619934 0.8201108574867249 
vt 0.4524293541908264 0.8199889063835144 
vt 0.4596134126186371 0.8197450041770935 
vt 0.467041015625 0.8197450041770935 
vt 0.47507745027542114 0.8199889063835144 
vt 0.483600914478302 0.8208426237106323 
vt 0.49248969554901123 0.8227939009666443 
vt 0.5016220211982727 0.8260867595672607 
vt 0.3759615421295166 0.8260867595672607 
vt 0.3797362446784973 0.8348676562309265 
vt 0.48883676528930664 0.11739463359117508 
vt 0.3897208869457245 0.11898007243871689 
vt 0.4885932505130768 0.10227195918560028 
vt 0.38947734236717224 0.10373544692993164 
vt 0.3864332437515259 0.16898244619369507 
vt 0.28743913769721985 0.17093375325202942 
vt 0.386189728975296 0.15385977923870087 
vt 0.2871955931186676 0.15568913519382477 
vt 0.3903297185897827 0.13946884870529175 
vt 0.48932382464408875 0.1359320878982544 
vt 0.39093852043151855 0.1547134667634964 
vt 0.489932656288147 0.1510547548532486 
vt 0.3903297185897827 0.12178508192300797 
vt 0.48932382464408875 0.11824832856655121 
vt 0.39093852043151855 0.1370297074317932 
vt 0.489932656288147 0.1333709955215454 
vt 0.38631150126457214 0.15093280375003815 
vt 0.2873173654079437 0.15385977923870087 
vt 0.38582444190979004 0.13446861505508423 
vt 0.2868303060531616 0.13739557564258575 
vt 0.38533738255500793 0.11922398209571838 
vt 0.2863432466983795 0.1221509501338005 
vt 0.38485032320022583 0.10275979340076447 
vt 0.2858561873435974 0.10568676143884659 
vt 0.793855607509613 0.7977927327156067 
vt 0.7872803211212158 0.7951096892356873 
vt 0.7960473299026489 0.7919387817382812 
vt 0.7895938754081726 0.7894996404647827 
vt 0.7981173396110535 0.786206841468811 
vt 0.7916638255119324 0.7840116024017334 
vt 0.7998220324516296 0.7803528904914856 
vt 0.7933685183525085 0.7785235047340393 
vt 0.8012831807136536 0.7744989395141602 
vt 0.7947079539299011 0.77303546667099 
vt 0.80250084400177 0.7686449885368347 
vt 0.7959256172180176 0.7674254179000854 
vt 0.8034749627113342 0.762791097164154 
vt 0.796899676322937 0.7618154287338257 
vt 0.8042055368423462 0.7569371461868286 
vt 0.7976303100585938 0.7562053799629211 
vt 0.804814338684082 0.7510831952095032 
vt 0.7982391119003296 0.7504734396934509 
vt 0.8051796555519104 0.7451072931289673 
vt 0.7986043691635132 0.7448633909225464 
vt 0.8053014278411865 0.7392534017562866 
vt 0.7987261414527893 0.7392534017562866 
vt 0.8051796555519104 0.7332774996757507 
vt 0.7986043691635132 0.7335214018821716 
vt 0.8049361109733582 0.7274235486984253 
vt 0.7983608841896057 0.7279113531112671 
vt 0.8044490814208984 0.7214476466178894 
vt 0.7977520227432251 0.7221794128417969 
vt 0.8037185072898865 0.715593695640564 
vt 0.7970214486122131 0.7165693640708923 
vt 0.8027443885803223 0.7096177935600281 
vt 0.7960473299026489 0.7108373641967773 
vt 0.8014049530029297 0.703641951084137 
vt 0.7948297262191772 0.7052273750305176 
vt 0.7999438047409058 0.6976660490036011 
vt 0.7932468056678772 0.699617326259613 
vt 0.7981173396110535 0.6918120980262756 
vt 0.7914203405380249 0.6938853859901428 
vt 0.7849668264389038 0.7935242652893066 
vt 0.7871586084365845 0.7885239720344543 
vt 0.7891067862510681 0.7831578850746155 
vt 0.7908114790916443 0.7777917981147766 
vt 0.792272686958313 0.7723037004470825 
vt 0.7933685183525085 0.7669376134872437 
vt 0.7943426370620728 0.7613275647163391 
vt 0.7950732111930847 0.7558395266532898 
vt 0.7956820726394653 0.7503514885902405 
vt 0.7959256172180176 0.7447414398193359 
vt 0.7960473299026489 0.7391313910484314 
vt 0.7960473299026489 0.7336433529853821 
vt 0.7956820726394653 0.7280333042144775 
vt 0.7951949834823608 0.7224233150482178 
vt 0.7944644093513489 0.7169352173805237 
vt 0.7934902906417847 0.7113252282142639 
vt 0.792272686958313 0.7058371305465698 
vt 0.7908114790916443 0.700471043586731 
vt 0.788985013961792 0.6952269077301025 
vt 0.7820444703102112 0.7923046946525574 
vt 0.7841144800186157 0.7873044013977051 
vt 0.7860627174377441 0.7821822166442871 
vt 0.7876456379890442 0.7769380807876587 
vt 0.788985013961792 0.7715719938278198 
vt 0.7902026772499084 0.7662058472633362 
vt 0.7911767959594727 0.7608397603034973 
vt 0.7919073700904846 0.7554736733436584 
vt 0.7923944592475891 0.7499855756759644 
vt 0.7926379442214966 0.7446194887161255 
vt 0.7927597165107727 0.7391313910484314 
vt 0.7927597165107727 0.7336433529853821 
vt 0.7923944592475891 0.7282772660255432 
vt 0.7919073700904846 0.7227891683578491 
vt 0.7911767959594727 0.7174230813980103 
vt 0.7903244495391846 0.7120569348335266 
vt 0.7891067862510681 0.7066908478736877 
vt 0.7876456379890442 0.7013247609138489 
vt 0.785940945148468 0.6962025761604309 
vt 0.6616199016571045 0.9982900619506836 
vt 0.6627157926559448 0.9231645464897156 
vt 0.7099602222442627 0.9990217685699463 
vt 0.7110560536384583 0.9238962531089783 
vt 0.08263207972049713 0.6565665006637573 
vt 0.08555441349744797 0.6580300331115723 
vt 0.08117090910673141 0.6586397886276245 
vt 0.08275383710861206 0.6615667343139648 
vt 0.07995326817035675 0.6609569787979126 
vt 0.07934445142745972 0.6658352613449097 
vt 0.07800504565238953 0.6643717885017395 
vt 0.07094272971153259 0.6643717885017395 
vt 0.07934445142745972 0.6808359622955322 
vt 0.069603331387043 0.6658352613449097 
vt 0.07033391296863556 0.6604691743850708 
vt 0.08287560194730759 0.6857142448425293 
vt 0.06948156654834747 0.6808359622955322 
vt 0.06899450719356537 0.6608350276947021 
vt 0.0677768662571907 0.6585178375244141 
vt 0.06935980170965195 0.6580300331115723 
vt 0.98076331615448 0.615101158618927 
vt 0.9621334671974182 0.6115643978118896 
vt 0.9834421277046204 0.6008321642875671 
vt 0.9650557637214661 0.5974173545837402 
vt 0.9857556819915771 0.5864412784576416 
vt 0.967491090297699 0.5836362242698669 
vt 0.9878256320953369 0.5721722841262817 
vt 0.9695610404014587 0.5698550939559937 
vt 0.9894086122512817 0.5580253005027771 
vt 0.9711439609527588 0.5559520125389099 
vt 0.9907479882240295 0.5437563061714172 
vt 0.9726051688194275 0.5421708822250366 
vt 0.9918438792228699 0.5294873118400574 
vt 0.9735792875289917 0.5283896923065186 
vt 0.9925744533538818 0.5153403282165527 
vt 0.9743098616600037 0.5144866108894348 
vt 0.9930614829063416 0.5010713338851929 
vt 0.9747968912124634 0.5007054805755615 
vt 0.9931832551956177 0.4868023693561554 
vt 0.9749186635017395 0.4868023693561554 
vt 0.9930614829063416 0.47265538573265076 
vt 0.9747968912124634 0.4730212390422821 
vt 0.9925744533538818 0.4583863914012909 
vt 0.9743098616600037 0.4592401087284088 
vt 0.9918438792228699 0.44423937797546387 
vt 0.9735792875289917 0.4453369975090027 
vt 0.9907479882240295 0.4299704134464264 
vt 0.9726051688194275 0.4315558671951294 
vt 0.9894086122512817 0.4157014489173889 
vt 0.9711439609527588 0.4177747070789337 
vt 0.9877038598060608 0.4015544354915619 
vt 0.9695610404014587 0.4039935767650604 
vt 0.9857556819915771 0.3872854709625244 
vt 0.967491090297699 0.39021244645118713 
vt 0.9834421277046204 0.37301650643348694 
vt 0.9650557637214661 0.376309335231781 
vt 0.98076331615448 0.358625590801239 
vt 0.9621334671974182 0.362162321805954 
vt 0.9637163877487183 0.5971734523773193 
vt 0.9660298824310303 0.583392322063446 
vt 0.9680998921394348 0.5696111917495728 
vt 0.969804584980011 0.5558300614356995 
vt 0.9711439609527588 0.5420489311218262 
vt 0.9722398519515991 0.5282677412033081 
vt 0.9729704260826111 0.5144866108894348 
vt 0.9733357429504395 0.5007054805755615 
vt 0.9735792875289917 0.4868023693561554 
vt 0.9733357429504395 0.4730212390422821 
vt 0.9729704260826111 0.4592401087284088 
vt 0.9722398519515991 0.44545894861221313 
vt 0.9711439609527588 0.43167781829833984 
vt 0.969804584980011 0.41789668798446655 
vt 0.9680998921394348 0.4041155278682709 
vt 0.9661516547203064 0.3903343975543976 
vt 0.9637163877487183 0.37667521834373474 
vt 0.9605504870414734 0.3627721071243286 
vt 0.9594546556472778 0.596197783946991 
vt 0.961889922618866 0.5826605558395386 
vt 0.9638381600379944 0.5690013766288757 
vt 0.9655428528785706 0.5553421974182129 
vt 0.9668822288513184 0.54168301820755 
vt 0.9678563475608826 0.5279018878936768 
vt 0.9687086939811707 0.5142427086830139 
vt 0.969074010848999 0.5005835294723511 
vt 0.9691957831382751 0.4868023693561554 
vt 0.969074010848999 0.47314319014549255 
vt 0.9687086939811707 0.45936205983161926 
vt 0.9678563475608826 0.4457028806209564 
vt 0.9668822288513184 0.4320437014102936 
vt 0.9655428528785706 0.4182625412940979 
vt 0.9638381600379944 0.40460336208343506 
vt 0.961889922618866 0.39106613397598267 
vt 0.9594546556472778 0.3775289058685303 
vt 0.9565322995185852 0.3643575608730316 
vt 0.9603070020675659 0.5824166536331177 
vt 0.9622552394866943 0.5687574744224548 
vt 0.9639599323272705 0.5552202463150024 
vt 0.9652993083000183 0.5415610671043396 
vt 0.9662734270095825 0.5279018878936768 
vt 0.9670040011405945 0.5141207575798035 
vt 0.967491090297699 0.5004615783691406 
vt 0.9676128029823303 0.4868023693561554 
vt 0.967491090297699 0.47314319014549255 
vt 0.9670040011405945 0.4594840109348297 
vt 0.9662734270095825 0.44582483172416687 
vt 0.9652993083000183 0.43216565251350403 
vt 0.9639599323272705 0.4185064733028412 
vt 0.9622552394866943 0.40484726428985596 
vt 0.9603070020675659 0.39131006598472595 
vt 0.9578717350959778 0.377894788980484 
vt 0.9550711512565613 0.3648453950881958 
vt 0.9519052505493164 0.581075131893158 
vt 0.9538534879684448 0.567659854888916 
vt 0.9554364085197449 0.5542445778846741 
vt 0.9567758440971375 0.5408293604850769 
vt 0.9577499628067017 0.5272921323776245 
vt 0.9586023092269897 0.5137549042701721 
vt 0.9589675664901733 0.5003396272659302 
vt 0.9590893387794495 0.4868023693561554 
vt 0.9589675664901733 0.47338712215423584 
vt 0.9586023092269897 0.45984989404678345 
vt 0.9578717350959778 0.44631266593933105 
vt 0.9567758440971375 0.4328973889350891 
vt 0.9554364085197449 0.41948211193084717 
vt 0.9538534879684448 0.4059448838233948 
vt 0.9519052505493164 0.39265158772468567 
vt 0.9495917558670044 0.3794802129268646 
vt 0.9470347166061401 0.36655277013778687 
vt 0.9495917558670044 0.594246506690979 
vt 0.9578717350959778 0.5958319306373596 
vt 0.946912944316864 0.6072958707809448 
vt 0.9550711512565613 0.6088813543319702 
vt 0.9565322995185852 0.609369158744812 
vt 0.9605504870414734 0.6110765933990479 
vt 0.08689381927251816 0.6585178375244141 
vt 0.08421500772237778 0.6620545983314514 
vt 0.08932909369468689 0.6952269077301025 
vt 0.09091202914714813 0.6951049566268921 
vt 0.08774616569280624 0.7081543207168579 
vt 0.08920732885599136 0.7083982229232788 
vt 0.0879896953701973 0.659371554851532 
vt 0.08506735414266586 0.6621765494346619 
vt 0.09225143492221832 0.6951049566268921 
vt 0.09018144756555557 0.7094958424568176 
vt 0.08677205443382263 0.6626643538475037 
vt 0.09419965744018555 0.6949830055236816 
vt 0.09176437556743622 0.7105934619903564 
vt 0.08859851211309433 0.6618106961250305 
vt 0.0967566967010498 0.6948610544204712 
vt 0.09419965744018555 0.7109593749046326 
vt 0.8295324444770813 0.9270671606063843 
vt 0.8295324444770813 0.8837724328041077 
vt 0.8726369142532349 0.9270671606063843 
vt 0.8726369142532349 0.8837724328041077 
vt 0.08299736678600311 0.703641951084137 
vt 0.9825897812843323 0.769864559173584 
vt 0.9816156625747681 0.7797430753707886 
vt 0.9388765096664429 0.7626691460609436 
vt 0.9354671239852905 0.77303546667099 
vt 0.9417988657951355 0.7808406949043274 
vt 0.9243866205215454 0.8801137208938599 
vt 0.9162284135818481 0.879016101360321 
vt 0.91379314661026 0.9773134589195251 
vt 0.9063655138015747 0.9832893013954163 
vt 0.9432600140571594 0.9828014969825745 
vt 0.949226438999176 0.9904847741127014 
vt 0.9609158039093018 0.8851139545440674 
vt 0.9689522385597229 0.8863335251808167 
vt 0.9738227725028992 0.786206841468811 
vt 0.9497135281562805 0.9092614054679871 
vt 0.9561669826507568 0.8846260905265808 
vt 0.9575064182281494 0.859015166759491 
vt 0.9355888962745667 0.8557223081588745 
vt 0.9288918972015381 0.8804795742034912 
vt 0.9279177784919739 0.9060905575752258 
vt 0.9320577383041382 0.9145056009292603 
vt 0.9433817863464355 0.9163349270820618 
vt 0.9369282722473145 0.88157719373703 
vt 0.9342495203018188 0.9002366065979004 
vt 0.9447212219238281 0.9020659923553467 
vt 0.9483740925788879 0.8835285305976868 
vt 0.9511746764183044 0.8648690581321716 
vt 0.940581202507019 0.8629177808761597 
vt 0.8962591290473938 0.9812160730361938 
vt 0.9073396325111389 0.8776745796203613 
vt 0.9254825115203857 0.7720597982406616 
vt 0.9455735683441162 0.9996315836906433 
vt 0.9055131673812866 0.9921922087669373 
vt 0.9346147775650024 0.9740206003189087 
vt 0.9246301651000977 0.9715814590454102 
vt 0.9918438792228699 0.7826700806617737 
vt 0.9778410196304321 0.8877969980239868 
vt 0.9592111110687256 0.9915823936462402 
vt 0.2710009813308716 0.036781053990125656 
vt 0.27599331736564636 0.04165933281183243 
vt 0.013470124453306198 0.036781053990125656 
vt 0.008477799594402313 0.04165933281183243 
vt 0.28147268295288086 0.04848892614245415 
vt 0.0031201839447021484 0.04848892614245415 
vt 0.0031201839447021484 0.05946505442261696 
vt 0.28147268295288086 0.05946505442261696 
vt 0.28147268295288086 0.07141683995723724 
vt 0.012496012263000011 0.1072722002863884 
vt 0.007503687869757414 0.10251587629318237 
vt 0.2700268626213074 0.1072722002863884 
vt 0.27501919865608215 0.10251587629318237 
vt 0.0021460719872266054 0.09568628668785095 
vt 0.2803768217563629 0.09568628668785095 
vt 0.2803768217563629 0.0845881998538971 
vt 0.0021460719872266054 0.0845881998538971 
vt 0.0021460719872266054 0.07263641059398651 
vt 0.11002897471189499 0.21739937365055084 
vt 0.11185543239116669 0.22422896325588226 
vt 0.0238200630992651 0.21898481249809265 
vt 0.02235889621078968 0.22593635320663452 
vt 0.11891774833202362 0.22959506511688232 
vt 0.015540111809968948 0.23154638707637787 
vt 0.017001280561089516 0.242278590798378 
vt 0.11794363707304001 0.24044924974441528 
vt 0.1192830428481102 0.2521571218967438 
vt 0.13109414279460907 0.2495960146188736 
vt 0.01614893227815628 0.2539864778518677 
vt 0.006651340052485466 0.23935163021087646 
vt 0.38911205530166626 0.052391547709703445 
vt 0.4881061911582947 0.0522695928812027 
vt 0.38911205530166626 0.06885574758052826 
vt 0.4882279634475708 0.06873378902673721 
vt 0.38911205530166626 0.08410036563873291 
vt 0.4882279634475708 0.08397841453552246 
vt 0.3892338275909424 0.10056456178426743 
vt 0.4882279634475708 0.10044261068105698 
vt 0.0017807800322771072 0.17703160643577576 
vt 0.004216060042381287 0.1643480807542801 
vt 0.013470124453306198 0.1792268306016922 
vt 0.014565999619662762 0.1675189584493637 
vt 0.1317029744386673 0.17886096239089966 
vt 0.13060709834098816 0.16715309023857117 
vt 0.14351408183574677 0.17654377222061157 
vt 0.14083527028560638 0.1638602465391159 
vt 0.1317029744386673 0.1562989056110382 
vt 0.013348359614610672 0.15666478872299194 
vt 0.02028890885412693 0.15117672085762024 
vt 0.12476242333650589 0.15093280375003815 
vt 0.01894950307905674 0.14385929703712463 
vt 0.12305772304534912 0.14410321414470673 
vt 0.12829357385635376 0.23691248893737793 
vt 0.06229748949408531 0.4265556335449219 
vt 0.05547870323061943 0.48643651604652405 
vt 0.04987756162881851 0.42521411180496216 
vt 0.04525052756071091 0.48204606771469116 
vt 0.2499358057975769 0.6336386203765869 
vt 0.24603936076164246 0.6294920444488525 
vt 0.2549281418323517 0.630833625793457 
vt 0.25285816192626953 0.62595534324646 
vt 0.2610163390636444 0.6291261911392212 
vt 0.2600422203540802 0.6238820552825928 
vt 0.2678351104259491 0.6280285716056824 
vt 0.267348051071167 0.6226624846458435 
vt 0.27489742636680603 0.6272968649864197 
vt 0.27465391159057617 0.6218087673187256 
vt 0.2822032868862152 0.6269309520721436 
vt 0.2822032868862152 0.6213209629058838 
vt 0.2893873453140259 0.6266870498657227 
vt 0.28975263237953186 0.6211990118026733 
vt 0.29669317603111267 0.6268090009689331 
vt 0.2971802353858948 0.6213209629058838 
vt 0.30399903655052185 0.6271749138832092 
vt 0.3047296106815338 0.6218087673187256 
vt 0.3110613524913788 0.6279066205024719 
vt 0.31215721368789673 0.6225405335426331 
vt 0.3180018961429596 0.6290042400360107 
vt 0.3194630444049835 0.6238820552825928 
vt 0.32421186566352844 0.6307116150856018 
vt 0.3266471326351166 0.62595534324646 
vt 0.3294477164745331 0.6335166692733765 
vt 0.33346590399742126 0.6294920444488525 
vt 0.2509099245071411 0.6215648651123047 
vt 0.25882458686828613 0.6194915771484375 
vt 0.2664957046508789 0.6181500554084778 
vt 0.27416685223579407 0.6172963976860046 
vt 0.28195974230766296 0.6168085336685181 
vt 0.2896308898925781 0.6165646314620972 
vt 0.2973020076751709 0.6168085336685181 
vt 0.30497312545776367 0.6171743869781494 
vt 0.31276604533195496 0.6180281043052673 
vt 0.32055893540382385 0.619369626045227 
vt 0.32835182547569275 0.6214429140090942 
vt 0.3367535471916199 0.6246138215065002 
vt 0.24336054921150208 0.5896121263504028 
vt 0.2535887360572815 0.5890023708343506 
vt 0.26308631896972656 0.5886364579200745 
vt 0.27221861481666565 0.588514506816864 
vt 0.28098562359809875 0.5883925557136536 
vt 0.2896308898925781 0.5883925557136536 
vt 0.29839789867401123 0.5883925557136536 
vt 0.30716487765312195 0.588514506816864 
vt 0.3161754310131073 0.5886364579200745 
vt 0.32567301392555237 0.5890023708343506 
vt 0.3359012007713318 0.5896121263504028 
vt 0.34722524881362915 0.5904658436775208 
vt 0.24616113305091858 0.5574154853820801 
vt 0.2555369436740875 0.5591228604316711 
vt 0.2645474970340729 0.5603424310684204 
vt 0.27307096123695374 0.5611961483955383 
vt 0.28147268295288086 0.5616839528083801 
vt 0.28975263237953186 0.5618059635162354 
vt 0.2979108393192291 0.5616839528083801 
vt 0.30631253123283386 0.5613180994987488 
vt 0.3148360252380371 0.5604643821716309 
vt 0.32372480630874634 0.5593668222427368 
vt 0.3331006169319153 0.557659387588501 
vt 0.34308525919914246 0.5552202463150024 
vt 0.2573634088039398 0.5264384150505066 
vt 0.26357337832450867 0.5294873118400574 
vt 0.2705139219760895 0.5310727953910828 
vt 0.2769674062728882 0.5318045020103455 
vt 0.28329914808273315 0.5333899855613708 
vt 0.29011791944503784 0.5337558388710022 
vt 0.2963278889656067 0.5326582193374634 
vt 0.30265963077545166 0.5324143171310425 
vt 0.30947840213775635 0.5314386487007141 
vt 0.31593188643455505 0.5300971269607544 
vt 0.32189834117889404 0.5272921323776245 
vt 0.32835182547569275 0.5236334204673767 
vt 0.2770891785621643 0.5277799367904663 
vt 0.2600422203540802 0.523389458656311 
vt 0.2503010928630829 0.5230236053466797 
vt 0.23605471849441528 0.5549763441085815 
vt 0.2320365011692047 0.5904658436775208 
vt 0.24275173246860504 0.6247357726097107 
vt 0.2964496612548828 0.5286336541175842 
vt 0.31361839175224304 0.5261945128440857 
vt 0.3276212513446808 0.5148524641990662 
vt 0.2720968723297119 0.0017793939914554358 
vt 0.2770891785621643 0.006657673977315426 
vt 0.014565999619662762 0.0017793939914554358 
vt 0.009573675692081451 0.006657673977315426 
vt 0.28244680166244507 0.01348726637661457 
vt 0.004094296135008335 0.01348726637661457 
vt 0.004094296135008335 0.024585353210568428 
vt 0.28244680166244507 0.024585353210568428 
vt 0.28244680166244507 0.03653714060783386 
vt 0.6097484230995178 0.17934878170490265 
vt 0.6196113228797913 0.15410368144512177 
vt 0.6255777478218079 0.18532468378543854 
vt 0.6283783316612244 0.1567867398262024 
vt 0.6397023797035217 0.18666620552539825 
vt 0.6409200429916382 0.15666478872299194 
vt 0.6549229025840759 0.1797146499156952 
vt 0.6498087644577026 0.1528841108083725 
vt 0.6119402050971985 0.10556480288505554 
vt 0.6253342032432556 0.10471110045909882 
vt 0.6390935778617859 0.10410131514072418 
vt 0.652487576007843 0.10373544692993164 
vt 0.6224119067192078 0.06434333324432373 
vt 0.6384847164154053 0.0637335479259491 
vt 0.6539487838745117 0.06519703567028046 
vt 0.6188807487487793 0.002877007005736232 
vt 0.6382412314414978 0.0027550500817596912 
vt 0.6554099321365356 0.002877007005736232 
vt 0.6014685034751892 0.004096576943993568 
vt 0.6069478392601013 0.06690443307161331 
vt 0.660402238368988 0.17666573822498322 
vt 0.6607675552368164 0.12873663008213043 
vt 0.6752574443817139 0.17666573822498322 
vt 0.674648642539978 0.12873663008213043 
vt 0.6742833256721497 0.09617411345243454 
vt 0.6608893275260925 0.09617411345243454 
vt 0.6607675552368164 0.04239107668399811 
vt 0.6741616129875183 0.04239107668399811 
vt 0.6562622785568237 0.002877007005736232 
vt 0.6783015727996826 0.0027550500817596912 
vt 0.021871840581297874 0.21593588590621948 
vt 0.02028890885412693 0.20910629630088806 
vt 0.12305772304534912 0.21617980301380157 
vt 0.12476242333650589 0.20935021340847015 
vt 0.013348359614610672 0.20361822843551636 
vt 0.1317029744386673 0.2039840966463089 
vt 0.13060709834098816 0.19312992691993713 
vt 0.014565999619662762 0.1927640587091446 
vt 0.013470124453306198 0.1810561865568161 
vt 0.0017807800322771072 0.18325141072273254 
vt 0.1317029744386673 0.18142205476760864 
vt 0.14083527028560638 0.1964227706193924 
vt 0.014687764458358288 0.41972604393959045 
vt 0.011643663980066776 0.41631123423576355 
vt 0.017731864005327225 0.418018639087677 
vt 0.016027167439460754 0.4141160249710083 
vt 0.02138478308916092 0.41679906845092773 
vt 0.02028890885412693 0.4127744734287262 
vt 0.025402996689081192 0.4159453511238098 
vt 0.024672411382198334 0.4117988348007202 
vt 0.029542971402406693 0.41521361470222473 
vt 0.029055915772914886 0.41106709837913513 
vt 0.03368294984102249 0.41472581028938293 
vt 0.03343942016363144 0.4104573130607605 
vt 0.03794468939304352 0.4143599271774292 
vt 0.03782292455434799 0.41009142994880676 
vt 0.042206428945064545 0.4141160249710083 
vt 0.042206428945064545 0.40984752774238586 
vt 0.04646816849708557 0.41399404406547546 
vt 0.0465899333357811 0.40984752774238586 
vt 0.0507299080491066 0.4141160249710083 
vt 0.05097343772649765 0.40984752774238586 
vt 0.054991647601127625 0.4143599271774292 
vt 0.05547870323061943 0.41009142994880676 
vt 0.05925338715314865 0.41472581028938293 
vt 0.05986220762133598 0.4104573130607605 
vt 0.06339336186647415 0.41521361470222473 
vt 0.06424570828676224 0.41106709837913513 
vt 0.06753333657979965 0.4159453511238098 
vt 0.06850745528936386 0.4117988348007202 
vt 0.07155155390501022 0.41679906845092773 
vt 0.07289095968008041 0.4127744734287262 
vt 0.07532623410224915 0.418018639087677 
vt 0.07715269923210144 0.41423797607421875 
vt 0.07849209755659103 0.4198479950428009 
vt 0.081536203622818 0.416433185338974 
vt 0.015053056180477142 0.41167688369750977 
vt 0.019680088385939598 0.4104573130607605 
vt 0.024185355752706528 0.4093596935272217 
vt 0.02856886014342308 0.4086279571056366 
vt 0.03307412937283516 0.40801817178726196 
vt 0.03757939487695694 0.4076522886753082 
vt 0.04208466410636902 0.40740838646888733 
vt 0.0465899333357811 0.4072864055633545 
vt 0.05109519883990288 0.40740838646888733 
vt 0.05560046806931496 0.4076522886753082 
vt 0.060105737298727036 0.40801817178726196 
vt 0.06461100280284882 0.4086279571056366 
vt 0.06899450719356537 0.4093596935272217 
vt 0.07349977642297745 0.4104573130607605 
vt 0.07812681049108505 0.4117988348007202 
vt 0.08311913162469864 0.41350623965263367 
vt 0.008843092247843742 0.3841145932674408 
vt 0.014200707897543907 0.3831389248371124 
vt 0.019680088385939598 0.3822852373123169 
vt 0.025037704035639763 0.3815535008907318 
vt 0.030395319685339928 0.3809437155723572 
vt 0.03587469831109047 0.38057783246040344 
vt 0.04123231768608093 0.38033393025398254 
vt 0.0465899333357811 0.3802119791507721 
vt 0.05194754898548126 0.38033393025398254 
vt 0.05730516463518143 0.38057783246040344 
vt 0.06278454512357712 0.3809437155723572 
vt 0.06814216077327728 0.3815535008907318 
vt 0.07362154126167297 0.3822852373123169 
vt 0.07897915691137314 0.3831389248371124 
vt 0.08445853739976883 0.3841145932674408 
vt 0.089816153049469 0.38533416390419006 
vt 0.003363711992278695 0.38533416390419006 
vt 0.010060732252895832 0.41350623965263367 
vt 0.6311789155006409 0.6255894303321838 
vt 0.6293524503707886 0.4858267307281494 
vt 0.6936438083648682 0.6248577237129211 
vt 0.6918173432350159 0.48509499430656433 
vt 0.6265518665313721 0.2730117738246918 
vt 0.688895046710968 0.27215805649757385 
vt 0.004216060042381287 0.1959349364042282 
vt 0.8555899262428284 0.2576451897621155 
vt 0.8440223932266235 0.2681334912776947 
vt 0.7569611072540283 0.1393468827009201 
vt 0.7438105940818787 0.1487375795841217 
vt 0.7435670495033264 0.15581108629703522 
vt 0.7265201210975647 0.16995809972286224 
vt 0.7195795774459839 0.16971418261528015 
vt 0.819791316986084 0.2821585237979889 
vt 0.8195478320121765 0.2892320454120636 
vt 0.8370818495750427 0.2678895592689514 
vt 0.8298977613449097 0.30081796646118164 
vt 0.8535199761390686 0.2811828851699829 
vt 0.14473171532154083 0.17642182111740112 
vt 0.1472887545824051 0.16373829543590546 
vt 0.1565428227186203 0.17873899638652802 
vt 0.15763869881629944 0.16703112423419952 
vt 0.2596769332885742 0.17861704528331757 
vt 0.25870281457901 0.16690917313098907 
vt 0.27136626839637756 0.17629985511302948 
vt 0.26893100142478943 0.16373829543590546 
vt 0.2599204480648041 0.15617695450782776 
vt 0.15642106533050537 0.15617695450782776 
vt 0.1634833663702011 0.15068888664245605 
vt 0.25297990441322327 0.15068888664245605 
vt 0.16518807411193848 0.14385929703712463 
vt 0.2512752115726471 0.14385929703712463 
vt 0.7334606647491455 0.13715165853500366 
vt 0.7100819945335388 0.1565428227186203 
vt 0.003363711992278695 0.33289265632629395 
vt 0.012496012263000011 0.30289122462272644 
vt 0.008964856155216694 0.3343561291694641 
vt 0.01724480837583542 0.3050864636898041 
vt 0.014565999619662762 0.33569765090942383 
vt 0.02162831276655197 0.3066718876361847 
vt 0.020045379176735878 0.33679527044296265 
vt 0.026011815294623375 0.30789145827293396 
vt 0.025646524503827095 0.3376489579677582 
vt 0.030395319685339928 0.3087451756000519 
vt 0.031247667968273163 0.33838072419166565 
vt 0.03477882221341133 0.30947691202163696 
vt 0.036727048456668854 0.33886852860450745 
vt 0.039162326604127884 0.3098427653312683 
vt 0.04232819378376007 0.3392344117164612 
vt 0.04354583099484444 0.31020864844322205 
vt 0.04792933538556099 0.3392344117164612 
vt 0.04792933538556099 0.3103305995464325 
vt 0.05340871587395668 0.3392344117164612 
vt 0.05231283977627754 0.31020864844322205 
vt 0.0590098612010479 0.33886852860450745 
vt 0.056696344166994095 0.3098427653312683 
vt 0.06448923796415329 0.33838072419166565 
vt 0.06095808371901512 0.30947691202163696 
vt 0.0700903832912445 0.3376489579677582 
vt 0.06534158438444138 0.3087451756000519 
vt 0.07569152861833572 0.33679527044296265 
vt 0.06972508877515793 0.30789145827293396 
vt 0.08129267394542694 0.33569765090942383 
vt 0.07410859316587448 0.3066718876361847 
vt 0.08677205443382263 0.3343561291694641 
vt 0.07861386239528656 0.3050864636898041 
vt 0.09237319231033325 0.33289265632629395 
vt 0.08324089646339417 0.30289122462272644 
vt 0.017001280561089516 0.2981348931789398 
vt 0.020167144015431404 0.2999642491340637 
vt 0.0238200630992651 0.3014277517795563 
vt 0.027716511860489845 0.30240339040756226 
vt 0.03173472359776497 0.3032571077346802 
vt 0.03575293719768524 0.3038668930530548 
vt 0.03989291191101074 0.3043546974658966 
vt 0.04403288662433624 0.3045986294746399 
vt 0.04817286506295204 0.30472058057785034 
vt 0.05231283977627754 0.3045986294746399 
vt 0.05645281448960304 0.3043546974658966 
vt 0.060471028089523315 0.3038668930530548 
vt 0.06461100280284882 0.3032571077346802 
vt 0.06862921267747879 0.30240339040756226 
vt 0.07240390032529831 0.3013058006763458 
vt 0.07593505829572678 0.2999642491340637 
vt 0.07885739207267761 0.2981348931789398 
vt 0.508806049823761 0.840721607208252 
vt 0.5746803879737854 0.8434046506881714 
vt 0.5085625648498535 0.8453559875488281 
vt 0.5741933584213257 0.8477951288223267 
vt 0.5084407925605774 0.8498683571815491 
vt 0.5739498138427734 0.8520635962486267 
vt 0.5083190202713013 0.8545027375221252 
vt 0.5738280415534973 0.8563320636749268 
vt 0.5081972479820251 0.8591371178627014 
vt 0.5737062692642212 0.8606005907058716 
vt 0.508075475692749 0.8637714982032776 
vt 0.5735844969749451 0.8648690581321716 
vt 0.508075475692749 0.868405818939209 
vt 0.5735844969749451 0.869015634059906 
vt 0.5079537034034729 0.8729182481765747 
vt 0.5734627842903137 0.873284101486206 
vt 0.5079537034034729 0.8775526285171509 
vt 0.5734627842903137 0.8775526285171509 
vt 0.5079537034034729 0.8821869492530823 
vt 0.5734627842903137 0.8818210959434509 
vt 0.508075475692749 0.8868213295936584 
vt 0.5735844969749451 0.8860896229743958 
vt 0.508075475692749 0.8914557099342346 
vt 0.5735844969749451 0.8903580904006958 
vt 0.5081972479820251 0.8959681391716003 
vt 0.5737062692642212 0.8945046067237854 
vt 0.5083190202713013 0.9006024599075317 
vt 0.5738280415534973 0.8987731337547302 
vt 0.5084407925605774 0.9052368402481079 
vt 0.5739498138427734 0.9030416011810303 
vt 0.5085625648498535 0.9098712205886841 
vt 0.5741933584213257 0.9073101282119751 
vt 0.508806049823761 0.9145056009292603 
vt 0.5746803879737854 0.9117005467414856 
vt 0.577602744102478 0.8445022702217102 
vt 0.5771156549453735 0.8482829332351685 
vt 0.5768721699714661 0.8523074984550476 
vt 0.5767503976821899 0.856454074382782 
vt 0.5766286253929138 0.860722541809082 
vt 0.5765068531036377 0.8649910688400269 
vt 0.5765068531036377 0.8691375851631165 
vt 0.5765068531036377 0.8734060525894165 
vt 0.5763850808143616 0.8776745796203613 
vt 0.5765068531036377 0.8818210959434509 
vt 0.5765068531036377 0.8860896229743958 
vt 0.5765068531036377 0.8903580904006958 
vt 0.5766286253929138 0.8945046067237854 
vt 0.5767503976821899 0.8987731337547302 
vt 0.5768721699714661 0.9029196500778198 
vt 0.5771156549453735 0.9069442749023438 
vt 0.5777245163917542 0.9106029868125916 
vt 0.2811073958873749 0.10824785381555557 
vt 0.2811073958873749 0.12007768452167511 
vt 0.0027548919897526503 0.10824785381555557 
vt 0.0027548919897526503 0.12007768452167511 
vt 0.0027548919897526503 0.13117577135562897 
vt 0.2811073958873749 0.13117577135562897 
vt 0.2756280303001404 0.13812732696533203 
vt 0.00823427177965641 0.13812732696533203 
vt 0.2706356942653656 0.14288364350795746 
vt 0.7080119848251343 0.18008053302764893 
vt 0.8063973188400269 0.298622727394104 
vt 0.2868303060531616 0.17264115810394287 
vt 0.38594621419906616 0.17264115810394287 
vt 0.2868303060531616 0.18788577616214752 
vt 0.38594621419906616 0.18788577616214752 
vt 0.5073449015617371 0.8425509333610535 
vt 0.5073449015617371 0.8451120257377625 
vt 0.506492555141449 0.8346237540245056 
vt 0.5067360997200012 0.8466975092887878 
vt 0.5056402087211609 0.8471853137016296 
vt 0.5046660900115967 0.8471853137016296 
vt 0.5044225454330444 0.8393800854682922 
vt 0.4996737837791443 0.8347457051277161 
vt 0.5019872784614563 0.8395020365715027 
vt 0.4993084967136383 0.8426728844642639 
vt 0.5021090507507324 0.8473072648048401 
vt 0.49943023920059204 0.8452339768409729 
vt 0.5000390410423279 0.8468194603919983 
vt 0.5068578720092773 0.9308478236198425 
vt 0.5045443177223206 0.930969774723053 
vt 0.0797097384929657 0.6580300331115723 
vt 0.07861386239528656 0.6604691743850708 
vt 0.07885739207267761 0.2563036382198334 
vt 0.08324089646339417 0.26105996966362 
vt 0.07593505829572678 0.2581329941749573 
vt 0.07849209755659103 0.26325520873069763 
vt 0.07240390032529831 0.2594745457172394 
vt 0.07410859316587448 0.26484063267707825 
vt 0.06862921267747879 0.26045018434524536 
vt 0.06972508877515793 0.2660602033138275 
vt 0.06461100280284882 0.2613039016723633 
vt 0.06534158438444138 0.26691392064094543 
vt 0.060471028089523315 0.26203563809394836 
vt 0.06095808371901512 0.26752370595932007 
vt 0.05645281448960304 0.26252347230911255 
vt 0.056696344166994095 0.26801151037216187 
vt 0.05231283977627754 0.26276737451553345 
vt 0.05231283977627754 0.2683773934841156 
vt 0.04817286506295204 0.2628893256187439 
vt 0.04792933538556099 0.2683773934841156 
vt 0.04403288662433624 0.26276737451553345 
vt 0.04354583099484444 0.2683773934841156 
vt 0.03989291191101074 0.26252347230911255 
vt 0.039162326604127884 0.26801151037216187 
vt 0.03575293719768524 0.26203563809394836 
vt 0.03477882221341133 0.26752370595932007 
vt 0.03173472359776497 0.26142585277557373 
vt 0.030395319685339928 0.26691392064094543 
vt 0.027716511860489845 0.2605721354484558 
vt 0.026011815294623375 0.2660602033138275 
vt 0.0238200630992651 0.25959649682044983 
vt 0.02162831276655197 0.26484063267707825 
vt 0.020167144015431404 0.2581329941749573 
vt 0.01724480837583542 0.26325520873069763 
vt 0.017001280561089516 0.2563036382198334 
vt 0.012496012263000011 0.26105996966362 
vt 0.09237319231033325 0.2910614013671875 
vt 0.08677205443382263 0.29252487421035767 
vt 0.08129267394542694 0.2938663959503174 
vt 0.07569152861833572 0.2949640154838562 
vt 0.0700903832912445 0.2958177328109741 
vt 0.06448923796415329 0.2965494692325592 
vt 0.0590098612010479 0.2970373034477234 
vt 0.05340871587395668 0.2972812056541443 
vt 0.04792933538556099 0.29740315675735474 
vt 0.04232819378376007 0.2972812056541443 
vt 0.036727048456668854 0.2970373034477234 
vt 0.031247667968273163 0.2965494692325592 
vt 0.025646524503827095 0.2958177328109741 
vt 0.020045379176735878 0.2949640154838562 
vt 0.014565999619662762 0.2938663959503174 
vt 0.008964856155216694 0.29252487421035767 
vt 0.003363711992278695 0.2910614013671875 
vt 0.16543158888816833 0.34777140617370605 
vt 0.15776047110557556 0.33472201228141785 
vt 0.17529447376728058 0.3421613872051239 
vt 0.1698150932788849 0.3304535150527954 
vt 0.18722735345363617 0.3374050557613373 
vt 0.18381795287132263 0.32350197434425354 
vt 0.21486778557300568 0.3009399175643921 
vt 0.2025696188211441 0.2514253854751587 
vt 0.15435107052326202 0.2809389531612396 
vt 0.14253996312618256 0.2855733335018158 
vt 0.12744122743606567 0.2931346595287323 
vt 0.12768475711345673 0.27349957823753357 
vt 0.15495988726615906 0.2738654613494873 
vt 0.19075851142406464 0.24971798062324524 
vt 0.20792722702026367 0.21776524186134338 
vt 0.19916021823883057 0.2175213247537613 
vt 0.19112379848957062 0.20959411561489105 
vt 0.1919761449098587 0.21471631526947021 
vt 0.16190044581890106 0.2365466207265854 
vt 0.1653098315000534 0.23910771310329437 
vt 0.15118521451950073 0.2527669072151184 
vt 0.15495988726615906 0.2542303800582886 
vt 0.14911521971225739 0.2733776271343231 
vt 0.15313343703746796 0.2720361053943634 
vt 0.14144408702850342 0.27447524666786194 
vt 0.14497524499893188 0.25057166814804077 
vt 0.15666459500789642 0.23227812349796295 
vt 0.14923697710037231 0.22630223631858826 
vt 0.18552266061306 0.19288600981235504 
vt 0.18710558116436005 0.20313039422035217 
vt 0.21925128996372223 0.20081321895122528 
vt 0.21024075150489807 0.1847148984670639 
vt 0.2181554138660431 0.19288600981235504 
vt 0.242508202791214 0.18410511314868927 
vt 0.2347153127193451 0.19239819049835205 
vt 0.267348051071167 0.19203230738639832 
vt 0.2664957046508789 0.20276452600955963 
vt 0.3050948977470398 0.22422896325588226 
vt 0.2979108393192291 0.23069268465042114 
vt 0.31873247027397156 0.2454494833946228 
vt 0.30984368920326233 0.2493520975112915 
vt 0.3267689049243927 0.2717922031879425 
vt 0.3133748471736908 0.27374351024627686 
vt 0.32689064741134644 0.29093945026397705 
vt 0.31179192662239075 0.2848415970802307 
vt 0.29851964116096497 0.3325267732143402 
vt 0.28609973192214966 0.32923394441604614 
vt 0.2912138104438782 0.3460640013217926 
vt 0.2811073958873749 0.34094181656837463 
vt 0.23361943662166595 0.2005693018436432 
vt 0.26259925961494446 0.2094721645116806 
vt 0.24543054401874542 0.21788719296455383 
vt 0.2618686854839325 0.21447239816188812 
vt 0.2544410824775696 0.21739937365055084 
vt 0.2926749885082245 0.23508313298225403 
vt 0.30363374948501587 0.2516692876815796 
vt 0.305703729391098 0.27264589071273804 
vt 0.30168551206588745 0.27118241786956787 
vt 0.2991284728050232 0.27349957823753357 
vt 0.3001025915145874 0.28020721673965454 
vt 0.26393866539001465 0.2504497170448303 
vt 0.25200578570365906 0.25264495611190796 
vt 0.27221861481666565 0.32277020812034607 
vt 0.24129056930541992 0.3013058006763458 
vt 0.2691745162010193 0.33655136823654175 
vt 0.13572117686271667 0.24740079045295715 
vt 0.473007470369339 0.336185485124588 
vt 0.47142452001571655 0.33911246061325073 
vt 0.4698415994644165 0.3405759334564209 
vt 0.46825864911079407 0.34045398235321045 
vt 0.48749738931655884 0.04958653822541237 
vt 0.3883814811706543 0.04958653822541237 
vt 0.48749738931655884 0.03312234207987785 
vt 0.3883814811706543 0.03312234207987785 
vt 0.48749738931655884 0.01799967512488365 
vt 0.3883814811706543 0.01799967512488365 
vt 0.48749738931655884 0.0015354800270870328 
vt 0.3883814811706543 0.0014135229866951704 
vt 0.3548963665962219 0.5215601325035095 
vt 0.4211359918117523 0.5187551379203796 
vt 0.3556269705295563 0.6754698753356934 
vt 0.42174482345581055 0.6775431036949158 
vt 0.28926557302474976 0.23776619136333466 
vt 0.29973727464675903 0.25313276052474976 
vt 0.3852156102657318 0.0522695928812027 
vt 0.2862214744091034 0.049342624843120575 
vt 0.3857026696205139 0.03580539673566818 
vt 0.2867085337638855 0.03287842869758606 
vt 0.386189728975296 0.020560771226882935 
vt 0.2870738208293915 0.017755761742591858 
vt 0.386555016040802 0.004096576943993568 
vt 0.2875608801841736 0.001291565946303308 
vt 0.19769905507564545 0.9558489918708801 
vt 0.1966031789779663 0.8951144218444824 
vt 0.20049962401390076 0.9557270407676697 
vt 0.19952552020549774 0.8951144218444824 
vt 0.19648142158985138 0.8893824219703674 
vt 0.19952552020549774 0.8893824219703674 
vt 0.202082559466362 0.8859676718711853 
vt 0.19392436742782593 0.8859676718711853 
vt 0.1933155506849289 0.8916996121406555 
vt 0.1933155506849289 0.8936509490013123 
vt 0.19404613971710205 0.8947485685348511 
vt 0.20062139630317688 0.8951144218444824 
vt 0.202082559466362 0.8946266174316406 
vt 0.20269137620925903 0.8935289978981018 
vt 0.20281314849853516 0.8916996121406555 
vt 0.1004096195101738 0.7088860869407654 
vt 0.09980080276727676 0.6588836908340454 
vt 0.13426001369953156 0.7055932283401489 
vt 0.1280500441789627 0.6585178375244141 
vt 0.14387936890125275 0.6962025761604309 
vt 0.1376693993806839 0.6627863049507141 
vt 0.16604042053222656 0.6937634348869324 
vt 0.15495988726615906 0.6557128429412842 
vt 0.14619287848472595 0.6444928050041199 
vt 0.1679886430501938 0.7114471793174744 
vt 0.7059419751167297 0.1870320737361908 
vt 0.7065508365631104 0.23740032315254211 
vt 0.6102355122566223 0.18825164437294006 
vt 0.6109660863876343 0.23874184489250183 
vt 0.6977838277816772 0.26532846689224243 
vt 0.6204636693000793 0.26642608642578125 
vt 0.6137666702270508 0.4528983235359192 
vt 0.6230207085609436 0.45277637243270874 
vt 0.6165671944618225 0.6670548319816589 
vt 0.6254559755325317 0.6391266584396362 
vt 0.7122737169265747 0.6658352613449097 
vt 0.7026543617248535 0.6381510496139526 
vt 0.7094731330871582 0.4516787528991699 
vt 0.7002190947532654 0.45180073380470276 
vt 0.2149895429611206 0.6444928050041199 
vt 0.22363479435443878 0.6557128429412842 
vt 0.19672495126724243 0.6585178375244141 
vt 0.20646606385707855 0.6627863049507141 
vt 0.21255426108837128 0.6962025761604309 
vt 0.2347153127193451 0.6937634348869324 
vt 0.23678529262542725 0.7114471793174744 
vt 0.20293490588665009 0.7055932283401489 
vt 0.16859745979309082 0.6588836908340454 
vt 0.16920627653598785 0.7088860869407654 
vt 0.16190044581890106 0.5754651427268982 
vt 0.16129161417484283 0.5255846977233887 
vt 0.1956290751695633 0.5722942352294922 
vt 0.18941910564899445 0.5252188444137573 
vt 0.20524843037128448 0.5629035234451294 
vt 0.19916021823883057 0.5294873118400574 
vt 0.2274094671010971 0.5604643821716309 
vt 0.2163289487361908 0.5224138498306274 
vt 0.20768369734287262 0.5111938118934631 
vt 0.2153548300266266 0.5790019035339355 
vt 0.2241218388080597 0.5902219414710999 
vt 0.1970902383327484 0.5930269360542297 
vt 0.20683135092258453 0.5971734523773193 
vt 0.21304132044315338 0.6305896639823914 
vt 0.2352023720741272 0.6282724738121033 
vt 0.23715059459209442 0.64595627784729 
vt 0.2034219652414322 0.6399803757667542 
vt 0.1689627468585968 0.5933927893638611 
vt 0.16957157850265503 0.6432732343673706 
vt 0.22947946190834045 0.5781481862068176 
vt 0.14765405654907227 0.5774164199829102 
vt 0.09773081541061401 0.5786359906196594 
vt 0.1469234675168991 0.5492443442344666 
vt 0.09967903792858124 0.5447319746017456 
vt 0.14241820573806763 0.5397317409515381 
vt 0.10881133377552032 0.5347315073013306 
vt 0.1487499326467514 0.5221698880195618 
vt 0.11027250438928604 0.5125353336334229 
vt 0.0926167219877243 0.5111938118934631 
vt 0.8749504089355469 0.9254817366600037 
vt 0.8835956454277039 0.9347504377365112 
vt 0.8675228357315063 0.9324332475662231 
vt 0.876655101776123 0.936701774597168 
vt 0.8620434403419495 0.9873139262199402 
vt 0.8719063401222229 0.9863382577896118 
vt 0.8666704893112183 0.9964606761932373 
vt 0.8781163096427917 0.9907287359237671 
vt 0.8960155844688416 0.9359700083732605 
vt 0.16031751036643982 0.5304629802703857 
vt 0.07983150333166122 0.6088813543319702 
vt 0.08129267394542694 0.6096130609512329 
vt 0.0856761783361435 0.6088813543319702 
vt 0.08701557666063309 0.609369158744812 
vt 0.08445853739976883 0.6129059195518494 
vt 0.08811145275831223 0.6102228760719299 
vt 0.08531088382005692 0.6130278706550598 
vt 0.08701557666063309 0.6135157346725464 
vt 0.09517376869916916 0.64595627784729 
vt 0.08884204179048538 0.612540066242218 
vt 0.09748728573322296 0.6457123756408691 
vt 0.09322554618120193 0.6460782289505005 
vt 0.09200790524482727 0.6463221311569214 
vt 0.09054673463106155 0.6464440822601318 
vt 0.09164261072874069 0.659371554851532 
vt 0.09005968272686005 0.6592496037483215 
vt 0.08506735414266586 0.6553469300270081 
vt 0.0926167219877243 0.6602252125740051 
vt 0.09419965744018555 0.6612008810043335 
vt 0.09651317447423935 0.661322832107544 
vt 0.5114848613739014 0.7585225701332092 
vt 0.5077102184295654 0.7670595645904541 
vt 0.5023525953292847 0.7552297115325928 
vt 0.4996737837791443 0.7635228037834167 
vt 0.49346381425857544 0.7532784342765808 
vt 0.4918808937072754 0.7614495754241943 
vt 0.4849403202533722 0.7524247169494629 
vt 0.4840879738330841 0.7602300047874451 
vt 0.4770256578922272 0.752180814743042 
vt 0.4766603708267212 0.759620189666748 
vt 0.4694763123989105 0.7523027658462524 
vt 0.4694763123989105 0.7593762874603271 
vt 0.4624139964580536 0.7524247169494629 
vt 0.4624139964580536 0.7593762874603271 
vt 0.4555951952934265 0.7526686191558838 
vt 0.4555951952934265 0.7593762874603271 
vt 0.44889819622039795 0.7526686191558838 
vt 0.44889819622039795 0.7593762874603271 
vt 0.442201167345047 0.7525466680526733 
vt 0.442201167345047 0.7593762874603271 
vt 0.4353823959827423 0.7524247169494629 
vt 0.4353823959827423 0.7593762874603271 
vt 0.4283200800418854 0.752180814743042 
vt 0.4283200800418854 0.7593762874603271 
vt 0.42077070474624634 0.7520588636398315 
vt 0.4211359918117523 0.759620189666748 
vt 0.4127342700958252 0.7523027658462524 
vt 0.4135866165161133 0.7602300047874451 
vt 0.4040890336036682 0.7531564831733704 
vt 0.4057937264442444 0.7614495754241943 
vt 0.39507851004600525 0.7552297115325928 
vt 0.39787906408309937 0.7636447548866272 
vt 0.3860679566860199 0.7584006190299988 
vt 0.38959911465644836 0.767303466796875 
vt 0.49809083342552185 0.7675473690032959 
vt 0.4909067749977112 0.7655960917472839 
vt 0.483600914478302 0.7643765211105347 
vt 0.47641685605049133 0.7636447548866272 
vt 0.4693545401096344 0.7632789015769958 
vt 0.4624139964580536 0.7631569504737854 
vt 0.45571696758270264 0.763034999370575 
vt 0.44889819622039795 0.763034999370575 
vt 0.442201167345047 0.763034999370575 
vt 0.4353823959827423 0.7631569504737854 
vt 0.4284418225288391 0.7632789015769958 
vt 0.42137953639030457 0.7636447548866272 
vt 0.4141954481601715 0.7643765211105347 
vt 0.4067678451538086 0.7655960917472839 
vt 0.3994620144367218 0.7676693797111511 
vt 0.3926432132720947 0.7712060809135437 
vt 0.4951685070991516 0.7741330862045288 
vt 0.48895853757858276 0.7726696133613586 
vt 0.4822615385055542 0.7715719938278198 
vt 0.47556450963020325 0.7708402276039124 
vt 0.46874570846557617 0.7703524231910706 
vt 0.4620487093925476 0.7701085209846497 
vt 0.45535168051719666 0.769864559173584 
vt 0.4486546516418457 0.769864559173584 
vt 0.44195765256881714 0.7699865102767944 
vt 0.4352606236934662 0.7701085209846497 
vt 0.42856359481811523 0.7703524231910706 
vt 0.42174482345581055 0.7709621787071228 
vt 0.4150477945804596 0.7716939449310303 
vt 0.40835076570510864 0.7727915644645691 
vt 0.4022625684738159 0.7742550373077393 
vt 0.3967832028865814 0.7759624123573303 
vt 0.4904197156429291 0.8180375695228577 
vt 0.4844532907009125 0.8175497651100159 
vt 0.4784868359565735 0.8170619606971741 
vt 0.4725204110145569 0.8165740966796875 
vt 0.4665539562702179 0.8163301944732666 
vt 0.4605875313282013 0.8160862922668457 
vt 0.4546211063861847 0.8159643411636353 
vt 0.4486546516418457 0.8158423900604248 
vt 0.4426882266998291 0.8159643411636353 
vt 0.4367218017578125 0.8160862922668457 
vt 0.4307553470134735 0.8163301944732666 
vt 0.42491069436073303 0.816696047782898 
vt 0.41894423961639404 0.8170619606971741 
vt 0.41297781467437744 0.8175497651100159 
vt 0.4071331322193146 0.8181595802307129 
vt 0.401166707277298 0.8187693357467651 
vt 0.49626439809799194 0.8186473846435547 
vt 0.5006479024887085 0.7758404612541199 
vt 0.5047878623008728 0.7708402276039124 
vt 0.5599469542503357 0.9724351763725281 
vt 0.5553199052810669 0.9758499264717102 
vt 0.5103890299797058 0.9725571274757385 
vt 0.513676643371582 0.9759719371795654 
vt 0.5074666738510132 0.998412013053894 
vt 0.512093722820282 0.9949972033500671 
vt 0.5570245981216431 0.998412013053894 
vt 0.5537369847297668 0.9949972033500671 
vt 0.4251542091369629 0.44082459807395935 
vt 0.4163872003555298 0.4474102854728699 
vt 0.22996652126312256 0.44082459807395935 
vt 0.23873353004455566 0.4474102854728699 
vt 0.24202115833759308 0.513388991355896 
vt 0.24871817231178284 0.505705714225769 
vt 0.41297781467437744 0.5135109424591064 
vt 0.4064025580883026 0.505705714225769 
vt 0.38265857100486755 0.49533936381340027 
vt 0.3883814811706543 0.4548496603965759 
vt 0.26637396216392517 0.4544837772846222 
vt 0.27270567417144775 0.4954613447189331 
vt 0.2775762379169464 0.4913147985935211 
vt 0.377909779548645 0.4913147985935211 
vt 0.38302385807037354 0.4583863914012909 
vt 0.27185332775115967 0.45802053809165955 
vt 0.06570687890052795 0.6552249789237976 
vt 0.08311913162469864 0.6546152234077454 
vt 0.08397147804498672 0.6551030278205872 
vt 0.0820232555270195 0.6386388540267944 
vt 0.08263207972049713 0.6380290389060974 
vt 0.06753333657979965 0.6386388540267944 
vt 0.06704628467559814 0.6381510496139526 
vt 0.06655922532081604 0.6546152234077454 
vt 0.06753333657979965 0.6538834571838379 
vt 0.08214502036571503 0.6537615060806274 
vt 0.08129267394542694 0.6393705606460571 
vt 0.06826392561197281 0.6394925713539124 
vt 0.07155155390501022 0.642785370349884 
vt 0.07130802422761917 0.650468647480011 
vt 0.07837033271789551 0.650468647480011 
vt 0.07812681049108505 0.642785370349884 
vt 0.2668610215187073 0.3724067211151123 
vt 0.2601639926433563 0.37094321846961975 
vt 0.26637396216392517 0.36447951197624207 
vt 0.25979870557785034 0.3655771315097809 
vt 0.23861175775527954 0.33996614813804626 
vt 0.2365417778491974 0.3453322649002075 
vt 0.18527913093566895 0.3405759334564209 
vt 0.19112379848957062 0.3453322649002075 
vt 0.178582102060318 0.3536253273487091 
vt 0.18613147735595703 0.3547229468822479 
vt 0.21243250370025635 0.39228570461273193 
vt 0.2149895429611206 0.38679763674736023 
vt 0.24421291053295135 0.393017441034317 
vt 0.24177762866020203 0.3875293731689453 
vt 0.2398294061422348 0.3822852373123169 
vt 0.25468459725379944 0.3692358434200287 
vt 0.2545628547668457 0.36752843856811523 
vt 0.23447178304195404 0.3509422838687897 
vt 0.19441142678260803 0.3504544496536255 
vt 0.19234144687652588 0.3541131615638733 
vt 0.21754658222198486 0.38143154978752136 
vt 0.21937304735183716 0.3772850036621094 
vt 0.23861175775527954 0.3781386911869049 
vt 0.2518840432167053 0.3680162727832794 
vt 0.2517622709274292 0.3692358434200287 
vt 0.2328888475894928 0.355454683303833 
vt 0.19526377320289612 0.35350337624549866 
vt 0.19502024352550507 0.3531375229358673 
vt 0.8711757659912109 0.8487707376480103 
vt 0.8827432990074158 0.8804795742034912 
vt 0.8692275285720825 0.8491366505622864 
vt 0.8692275285720825 0.8827967643737793 
vt 0.867157518863678 0.8487707376480103 
vt 0.8557116985321045 0.8804795742034912 
vt 0.8654528260231018 0.8476731181144714 
vt 0.8437788486480713 0.8736500144004822 
vt 0.864113450050354 0.8462096452713013 
vt 0.8348900675773621 0.8630397319793701 
vt 0.8633828163146973 0.8442583680152893 
vt 0.8301412463188171 0.85011225938797 
vt 0.8633828163146973 0.8421850800514221 
vt 0.8301412463188171 0.8364530801773071 
vt 0.864113450050354 0.8402337431907654 
vt 0.8348900675773621 0.8234037160873413 
vt 0.8654528260231018 0.8387702703475952 
vt 0.8436570763587952 0.8129153847694397 
vt 0.867157518863678 0.8376726508140564 
vt 0.8555899262428284 0.8059638738632202 
vt 0.8692275285720825 0.837306797504425 
vt 0.8691057562828064 0.8036466836929321 
vt 0.8711757659912109 0.8376726508140564 
vt 0.8827432990074158 0.8059638738632202 
vt 0.8730021715164185 0.8387702703475952 
vt 0.8946762084960938 0.8127934336662292 
vt 0.8742198348045349 0.8402337431907654 
vt 0.9034432172775269 0.8234037160873413 
vt 0.8749504089355469 0.8421850800514221 
vt 0.908191978931427 0.8363311290740967 
vt 0.8749504089355469 0.8442583680152893 
vt 0.908191978931427 0.8499903082847595 
vt 0.8742198348045349 0.8460876941680908 
vt 0.903564989566803 0.8630397319793701 
vt 0.8730021715164185 0.8476731181144714 
vt 0.8946762084960938 0.873528003692627 
vt 0.11648246645927429 0.6449806094169617 
vt 0.11672599613666534 0.6455904245376587 
vt 0.11672599613666534 0.6546152234077454 
vt 0.1174565777182579 0.6544932723045349 
vt 0.1262235939502716 0.6552249789237976 
vt 0.12500594556331635 0.6538834571838379 
vt 0.12719769775867462 0.6531517505645752 
vt 0.12646710872650146 0.6521760821342468 
vt 0.1312159150838852 0.6525419354438782 
vt 0.13085061311721802 0.6521760821342468 
vt 0.13145944476127625 0.6448586583137512 
vt 0.13097238540649414 0.645346462726593 
vt 0.12671063840389252 0.6447367072105408 
vt 0.12598006427288055 0.64595627784729 
vt 0.12500594556331635 0.6432732343673706 
vt 0.12415359914302826 0.6447367072105408 
vt 0.11782187223434448 0.6463221311569214 
vt 0.11818716675043106 0.6533956527709961 
vt 0.12427536398172379 0.6527858376502991 
vt 0.1262235939502716 0.6516882181167603 
vt 0.13024179637432098 0.6514443159103394 
vt 0.13012003898620605 0.6460782289505005 
vt 0.12585829198360443 0.6464440822601318 
vt 0.12378830462694168 0.64595627784729 
vt 0.16591864824295044 0.3510642349720001 
vt 0.1593433916568756 0.34911292791366577 
vt 0.13839998841285706 0.31020864844322205 
vt 0.1353558897972107 0.3147210478782654 
vt 0.10515841841697693 0.3020375370979309 
vt 0.10783722251653671 0.3075256049633026 
vt 0.09882669150829315 0.3059401512145996 
vt 0.10357548296451569 0.31020864844322205 
vt 0.09517376869916916 0.3338682949542999 
vt 0.10065314918756485 0.3327707052230835 
vt 0.11246425658464432 0.3575279712677002 
vt 0.1151430606842041 0.3526496887207031 
vt 0.15946516394615173 0.3627721071243286 
vt 0.15459460020065308 0.35764992237091064 
vt 0.15179403126239777 0.3527716398239136 
vt 0.15362048149108887 0.3492348790168762 
vt 0.13231179118156433 0.3192334771156311 
vt 0.10893309861421585 0.3126477897167206 
vt 0.10759369283914566 0.31337952613830566 
vt 0.10552370548248291 0.3314291536808014 
vt 0.11794363707304001 0.3478933572769165 
vt 0.12013538926839828 0.34435659646987915 
vt 0.15118521451950073 0.35008859634399414 
vt 0.15081991255283356 0.3502105474472046 
vt 0.12963297963142395 0.32277020812034607 
vt 0.1091766282916069 0.31569671630859375 
vt 0.11002897471189499 0.31496497988700867 
vt 0.10929839313030243 0.3302095830440521 
vt 0.19684670865535736 0.742180347442627 
vt 0.19648142158985138 0.7412046790122986 
vt 0.1974555253982544 0.7410827279090881 
vt 0.19757729768753052 0.7399851083755493 
vt 0.19940374791622162 0.7432779669761658 
vt 0.20013433694839478 0.7387655377388 
vt 0.20281314849853516 0.7431560158729553 
vt 0.20220431685447693 0.7387655377388 
vt 0.20366549491882324 0.736448347568512 
vt 0.19879493117332458 0.736448347568512 
vt 0.19830787181854248 0.7355946898460388 
vt 0.19648142158985138 0.7397412061691284 
vt 0.19782082736492157 0.7418144941329956 
vt 0.19855140149593353 0.7425462007522583 
vt 0.19733376801013947 0.7430340647697449 
vt 0.1974555253982544 0.7437657713890076 
vt 0.2043960690498352 0.829867422580719 
vt 0.20354372262954712 0.8308430910110474 
vt 0.2080489993095398 0.8307211399078369 
vt 0.2071966528892517 0.8297454714775085 
vt 0.20476137101650238 0.7433999180793762 
vt 0.20354372262954712 0.7424242496490479 
vt 0.20415255427360535 0.7416924834251404 
vt 0.2043960690498352 0.7409607768058777 
vt 0.20537018775939941 0.7410827279090881 
vt 0.20537018775939941 0.739619255065918 
vt 0.2043960690498352 0.7397412061691284 
vt 0.20403078198432922 0.7358385920524597 
vt 0.20512665808200836 0.741936445236206 
vt 0.20476137101650238 0.7427901029586792 
vt 0.5666439533233643 0.9564588069915771 
vt 0.5667657256126404 0.9552392363548279 
vt 0.5672528147697449 0.9565807580947876 
vt 0.5671310424804688 0.9548733234405518 
vt 0.5674962997436523 0.9542635679244995 
vt 0.5661569237709045 0.9553611874580383 
vt 0.5660351514816284 0.9564588069915771 
vt 0.5653045773506165 0.9552392363548279 
vt 0.5642086863517761 0.9538977146148682 
vt 0.567374587059021 0.951824426651001 
vt 0.5642086863517761 0.9526781439781189 
vt 0.5625039935112 0.9523122310638428 
vt 0.5628693103790283 0.9547513723373413 
vt 0.5625039935112 0.9552392363548279 
vt 0.5651828050613403 0.9562149047851562 
vt 0.5677398443222046 0.9568246603012085 
vt 0.6540705561637878 0.9534098505973816 
vt 0.6548011302947998 0.95438551902771 
vt 0.6548011302947998 0.9507268071174622 
vt 0.6540705561637878 0.951824426651001 
vt 0.5674962997436523 0.9491413831710815 
vt 0.5668874979019165 0.9513366222381592 
vt 0.5662786960601807 0.9509707093238831 
vt 0.5655481219291687 0.9509707093238831 
vt 0.5653045773506165 0.9496291875839233 
vt 0.5642086863517761 0.9502390027046204 
vt 0.5645740032196045 0.951214611530304 
vt 0.5620169639587402 0.9520683288574219 
vt 0.5668874979019165 0.949263334274292 
vt 0.5661569237709045 0.9495072364807129 
vt 0.5019872784614563 0.967556893825531 
vt 0.4960208535194397 0.9599955677986145 
vt 0.5049096345901489 0.9429215788841248 
vt 0.4973602592945099 0.9484096169471741 
vt 0.3259165585041046 0.9403604865074158 
vt 0.3597669303417206 0.9465802907943726 
vt 0.32372480630874634 0.967556893825531 
vt 0.3595234155654907 0.9608492255210876 
vt 0.08165796101093292 0.5898560285568237 
vt 0.08117090910673141 0.5903438925743103 
vt 0.0672898143529892 0.5898560285568237 
vt 0.0677768662571907 0.5903438925743103 
vt 0.06607217341661453 0.6055884957313538 
vt 0.06680275499820709 0.605100691318512 
vt 0.08287560194730759 0.6055884957313538 
vt 0.08214502036571503 0.605100691318512 
vt 0.08044032752513885 0.591075599193573 
vt 0.06838569045066833 0.591075599193573 
vt 0.0677768662571907 0.6043689250946045 
vt 0.08117090910673141 0.6043689250946045 
vt 0.07751798629760742 0.5941245555877686 
vt 0.07130802422761917 0.5941245555877686 
vt 0.07118625938892365 0.6013200283050537 
vt 0.07776151597499847 0.6011980772018433 
vt 0.05754869058728218 0.6232722401618958 
vt 0.05645281448960304 0.61449134349823 
vt 0.05657457932829857 0.6137596368789673 
vt 0.04744227975606918 0.6142474412918091 
vt 0.04695522412657738 0.6141254901885986 
vt 0.04695522412657738 0.6216868162155151 
vt 0.04561581835150719 0.6226624846458435 
vt 0.04829462617635727 0.6235162019729614 
vt 0.04719875380396843 0.6242479085922241 
vt 0.04792933538556099 0.6283944845199585 
vt 0.04744227975606918 0.6290042400360107 
vt 0.0548698827624321 0.6280285716056824 
vt 0.05523517727851868 0.6283944845199585 
vt 0.054626356810331345 0.6236381530761719 
vt 0.05560046806931496 0.6242479085922241 
vt 0.05620928853750229 0.6221746802330017 
vt 0.054991647601127625 0.6214429140090942 
vt 0.05547870323061943 0.6153450608253479 
vt 0.04829462617635727 0.6153450608253479 
vt 0.04817286506295204 0.6211990118026733 
vt 0.048781685531139374 0.623394250869751 
vt 0.04865992069244385 0.627662718296051 
vt 0.05401753634214401 0.6274188160896301 
vt 0.05413930118083954 0.623394250869751 
vt 0.11903951317071915 0.49814438819885254 
vt 0.09992256760597229 0.4805825650691986 
vt 0.11952656507492065 0.48777803778648376 
vt 0.137182354927063 0.4459467828273773 
vt 0.1684757024049759 0.46533796191215515 
vt 0.1997690498828888 0.43460479378700256 
vt 0.1956290751695633 0.47546038031578064 
vt 0.2149895429611206 0.44362959265708923 
vt 0.16543158888816833 0.49326610565185547 
vt 0.19891668856143951 0.48899760842323303 
vt 0.19002792239189148 0.5130231380462646 
vt 0.1661621779203415 0.5238773226737976 
vt 0.0866502895951271 0.4516787528991699 
vt 0.0939561277627945 0.4320437014102936 
vt 0.1427834928035736 0.4096035957336426 
vt 0.1197700947523117 0.3937491774559021 
vt 0.1528899073600769 0.38240718841552734 
vt 0.14485347270965576 0.3710651993751526 
vt 0.08579794317483902 0.42570191621780396 
vt 0.09700022637844086 0.3731384575366974 
vt 0.12086597084999084 0.362162321805954 
vt 0.225948303937912 0.4386293590068817 
vt 0.20062139630317688 0.3833828568458557 
vt 0.186496764421463 0.4059448838233948 
vt 0.1896626353263855 0.38838309049606323 
vt 0.5222001075744629 0.7919387817382812 
vt 0.5231742262840271 0.7991342544555664 
vt 0.5100237131118774 0.7963292598724365 
vt 0.5150160193443298 0.8023051619529724 
vt 0.5035701990127563 0.8075492978096008 
vt 0.5103890299797058 0.8097445368766785 
vt 0.5032049417495728 0.8196230530738831 
vt 0.5100237131118774 0.8182815313339233 
vt 0.5084407925605774 0.8302332758903503 
vt 0.513676643371582 0.8258428573608398 
vt 0.5179383754730225 0.8371848464012146 
vt 0.5204954147338867 0.8308430910110474 
vt 0.5298712253570557 0.8391361832618713 
vt 0.5290188789367676 0.8319407105445862 
vt 0.5420476198196411 0.8347457051277161 
vt 0.5370553135871887 0.8287698030471802 
vt 0.5485011339187622 0.8235256671905518 
vt 0.5416823625564575 0.8213304281234741 
vt 0.5488664507865906 0.8114519119262695 
vt 0.5420476198196411 0.8127934336662292 
vt 0.5436305999755859 0.8008416295051575 
vt 0.5383947491645813 0.8052321076393127 
vt 0.5341330170631409 0.793890118598938 
vt 0.5315759181976318 0.8002318739891052 
vt 0.5234177708625793 0.800719678401947 
vt 0.5162336826324463 0.8037686347961426 
vt 0.5119719505310059 0.8103542923927307 
vt 0.5114848613739014 0.8180375695228577 
vt 0.5148942470550537 0.8248671889305115 
vt 0.5209825038909912 0.8293796181678772 
vt 0.528653621673584 0.8303552269935608 
vt 0.535837709903717 0.82730633020401 
vt 0.5400994420051575 0.8208426237106323 
vt 0.5405864715576172 0.8130373358726501 
vt 0.537298858165741 0.8062077760696411 
vt 0.5310888886451721 0.8016953468322754 
vt 0.5260965824127197 0.8155984282493591 
vt 0.019558323547244072 0.7038858532905579 
vt 0.020775964483618736 0.6881533861160278 
vt 0.02028890885412693 0.7033979892730713 
vt 0.021263020113110542 0.6886411905288696 
vt 0.021871840581297874 0.6893729567527771 
vt 0.033926475793123245 0.6893729567527771 
vt 0.03100414015352726 0.6924219131469727 
vt 0.031247667968273163 0.699617326259613 
vt 0.024672411382198334 0.6994953751564026 
vt 0.034657061100006104 0.7026662826538086 
vt 0.021263020113110542 0.7026662826538086 
vt 0.035631172358989716 0.7033979892730713 
vt 0.034657061100006104 0.6886411905288696 
vt 0.036361757665872574 0.7038858532905579 
vt 0.03514411672949791 0.6881533861160278 
vt 0.024915939196944237 0.6924219131469727 
vt 0.416996031999588 0.7468147277832031 
vt 0.4071331322193146 0.7393753528594971 
vt 0.4215012788772583 0.741326630115509 
vt 0.408716082572937 0.7375459671020508 
vt 0.4244236350059509 0.7346190214157104 
vt 0.409446656703949 0.7355946898460388 
vt 0.42137953639030457 0.7277894020080566 
vt 0.40920311212539673 0.7332774996757507 
vt 0.4168742597103119 0.7224233150482178 
vt 0.40798547863960266 0.7310822606086731 
vt 0.41115134954452515 0.7186426520347595 
vt 0.40603727102279663 0.7292528748512268 
vt 0.40469786524772644 0.7168132662773132 
vt 0.40348020195961 0.7281553149223328 
vt 0.3981226086616516 0.7168132662773132 
vt 0.400801420211792 0.7280333042144775 
vt 0.3916690945625305 0.71876460313797 
vt 0.3981226086616516 0.7285211682319641 
vt 0.38594621419906616 0.7225452661514282 
vt 0.3958090841770172 0.7298626899719238 
vt 0.3814409375190735 0.7279113531112671 
vt 0.39422616362571716 0.7316920161247253 
vt 0.37851858139038086 0.7347409725189209 
vt 0.3934955596923828 0.7337653040885925 
vt 0.3815627098083496 0.7414485812187195 
vt 0.39373910427093506 0.7360824942588806 
vt 0.3860679566860199 0.7468147277832031 
vt 0.3949567377567291 0.7382777333259583 
vt 0.39179086685180664 0.7505953907966614 
vt 0.39690494537353516 0.7399851083755493 
vt 0.39824435114860535 0.7525466680526733 
vt 0.3994620144367218 0.7410827279090881 
vt 0.4048196077346802 0.7524247169494629 
vt 0.4021408259868622 0.741326630115509 
vt 0.41127312183380127 0.7504734396934509 
vt 0.4048196077346802 0.7407168745994568 
vt 0.40141022205352783 0.7346190214157104 
vt 0.3516087532043457 0.8145008683204651 
vt 0.35867106914520264 0.8025490641593933 
vt 0.36244574189186096 0.8114519119262695 
vt 0.36597689986228943 0.7982805371284485 
vt 0.3719433546066284 0.8058419227600098 
vt 0.3719433546066284 0.7921826839447021 
vt 0.3796144723892212 0.7980366349220276 
vt 0.3760833144187927 0.7847433090209961 
vt 0.3850938379764557 0.7884020209312439 
vt 0.3781532943248749 0.7764502763748169 
vt 0.3880161941051483 0.7775478959083557 
vt 0.377909779548645 0.7676693797111511 
vt 0.3878944218158722 0.7659619450569153 
vt 0.3751091957092285 0.7592543363571167 
vt 0.38460680842399597 0.7544980049133301 
vt 0.3698733448982239 0.7516930103302002 
vt 0.3776662349700928 0.7437657713890076 
vt 0.36232396960258484 0.7465707659721375 
vt 0.3668292462825775 0.737058162689209 
vt 0.35367873311042786 0.7440096735954285 
vt 0.3552616834640503 0.7340092062950134 
vt 0.34491172432899475 0.743887722492218 
vt 0.3436940908432007 0.7341311573982239 
vt 0.33663177490234375 0.7460829615592957 
vt 0.3328571021556854 0.7371801137924194 
vt 0.32932594418525696 0.7503514885902405 
vt 0.32335948944091797 0.7427901029586792 
vt 0.32335948944091797 0.756449282169342 
vt 0.3156883716583252 0.7505953907966614 
vt 0.31921952962875366 0.7638887166976929 
vt 0.3102090060710907 0.7602300047874451 
vt 0.3171495497226715 0.7721817493438721 
vt 0.3074084222316742 0.7710841298103333 
vt 0.31739306449890137 0.7809626460075378 
vt 0.3074084222316742 0.7826700806617737 
vt 0.32019364833831787 0.7893776893615723 
vt 0.31081780791282654 0.7941340208053589 
vt 0.32555124163627625 0.7969390153884888 
vt 0.3176366090774536 0.8048662543296814 
vt 0.3331006169319153 0.8020612001419067 
vt 0.32847359776496887 0.81157386302948 
vt 0.34162411093711853 0.8046223521232605 
vt 0.3400411605834961 0.8146228194236755 
vt 0.35039111971855164 0.804744303226471 
vt 0.3557487428188324 0.7953535914421082 
vt 0.361349880695343 0.7921826839447021 
vt 0.3658551275730133 0.7876703143119812 
vt 0.36889922618865967 0.7820602655410767 
vt 0.370360404253006 0.7757185101509094 
vt 0.3699951171875 0.7692548036575317 
vt 0.3678033649921417 0.763034999370575 
vt 0.3639069199562073 0.7576688528060913 
vt 0.3585492968559265 0.7538881897926331 
vt 0.35221758484840393 0.7518149614334106 
vt 0.34576407074928284 0.7516930103302002 
vt 0.339554101228714 0.7532784342765808 
vt 0.33395296335220337 0.756449282169342 
vt 0.3295694589614868 0.7609617114067078 
vt 0.3264036178588867 0.7665717601776123 
vt 0.3249424397945404 0.7729135155677795 
vt 0.3253077268600464 0.7793772220611572 
vt 0.32749947905540466 0.785597026348114 
vt 0.3313959240913391 0.7909631133079529 
vt 0.336875319480896 0.7947438359260559 
vt 0.34308525919914246 0.7968170642852783 
vt 0.34953877329826355 0.7969390153884888 
vt 0.353435218334198 0.7892557382583618 
vt 0.35745343565940857 0.7870604991912842 
vt 0.36061927676200867 0.7837677001953125 
vt 0.36281102895736694 0.7797430753707886 
vt 0.36378514766693115 0.7752307057380676 
vt 0.3635416328907013 0.7705963253974915 
vt 0.36195868253707886 0.7662058472633362 
vt 0.35915812849998474 0.7625471353530884 
vt 0.35538342595100403 0.759864091873169 
vt 0.3509999215602875 0.7584006190299988 
vt 0.34637290239334106 0.7581567168235779 
vt 0.3418676257133484 0.7593762874603271 
vt 0.33797118067741394 0.7615715265274048 
vt 0.3346835672855377 0.7648643255233765 
vt 0.33249181509017944 0.7688889503479004 
vt 0.33151769638061523 0.7734013199806213 
vt 0.3318829834461212 0.7780357003211975 
vt 0.33346590399742126 0.7824261784553528 
vt 0.33626648783683777 0.7860848903656006 
vt 0.3400411605834961 0.78876793384552 
vt 0.34442466497421265 0.7902314066886902 
vt 0.3489299416542053 0.7903533577919006 
vt 0.35136523842811584 0.783889651298523 
vt 0.3539222776889801 0.7824261784553528 
vt 0.35599225759506226 0.7803528904914856 
vt 0.35733166337013245 0.7776698470115662 
vt 0.3580622375011444 0.7748647928237915 
vt 0.35781872272491455 0.7718158960342407 
vt 0.3567228317260742 0.7691328525543213 
vt 0.35501813888549805 0.7668156623840332 
vt 0.3525828719139099 0.7651082277297974 
vt 0.3497822880744934 0.7641326189041138 
vt 0.34685996174812317 0.7640106678009033 
vt 0.34393760561943054 0.764742374420166 
vt 0.3413805663585663 0.7662058472633362 
vt 0.33931058645248413 0.7682791352272034 
vt 0.33797118067741394 0.7709621787071228 
vt 0.3373623788356781 0.7737672328948975 
vt 0.33748412132263184 0.7768161296844482 
vt 0.33858001232147217 0.7794991731643677 
vt 0.34040647745132446 0.7818163633346558 
vt 0.3427199721336365 0.7835237383842468 
vt 0.345520555973053 0.7844994068145752 
vt 0.3484428822994232 0.7846213579177856 
vt 0.3494170010089874 0.7790113687515259 
vt 0.3507564067840576 0.7782796025276184 
vt 0.3517305254936218 0.7771819829940796 
vt 0.35233932733535767 0.7759624123573303 
vt 0.35270461440086365 0.7744989395141602 
vt 0.3525828719139099 0.77303546667099 
vt 0.3520958125591278 0.7716939449310303 
vt 0.3512434661388397 0.7705963253974915 
vt 0.35002583265304565 0.769864559173584 
vt 0.34868642687797546 0.7693767547607422 
vt 0.34722524881362915 0.7692548036575317 
vt 0.34588584303855896 0.7696206569671631 
vt 0.3446682095527649 0.7703524231910706 
vt 0.34357231855392456 0.7714500427246094 
vt 0.3429635167121887 0.7726696133613586 
vt 0.34259822964668274 0.7741330862045288 
vt 0.3427199721336365 0.775596559047699 
vt 0.3432070314884186 0.7768161296844482 
vt 0.3441811501979828 0.7780357003211975 
vt 0.34527701139450073 0.778767466545105 
vt 0.3466164171695709 0.7792552709579468 
vt 0.34807759523391724 0.7793772220611572 
vt 0.34771230816841125 0.7742550373077393 
vt 0.9120884537696838 0.5869290828704834 
vt 0.9318141937255859 0.5635133385658264 
vt 0.9133060574531555 0.5882706046104431 
vt 0.939728856086731 0.5730260014533997 
vt 0.9139149188995361 0.5900999903678894 
vt 0.9439905881881714 0.5847338438034058 
vt 0.9139149188995361 0.5919293165206909 
vt 0.9439905881881714 0.5971734523773193 
vt 0.9133060574531555 0.593636691570282 
vt 0.939728856086731 0.6088813543319702 
vt 0.9120884537696838 0.5949782133102417 
vt 0.9318141937255859 0.6183939576148987 
vt 0.9105055332183838 0.5959538817405701 
vt 0.9209772348403931 0.6247357726097107 
vt 0.9086790680885315 0.5963197946548462 
vt 0.9086790680885315 0.6268090009689331 
vt 0.9068526029586792 0.5959538817405701 
vt 0.896502673625946 0.6247357726097107 
vt 0.9052696824073792 0.5949782133102417 
vt 0.8856656551361084 0.6185159683227539 
vt 0.9040520191192627 0.593636691570282 
vt 0.8776292204856873 0.6088813543319702 
vt 0.9034432172775269 0.5919293165206909 
vt 0.8733674883842468 0.5971734523773193 
vt 0.9034432172775269 0.5900999903678894 
vt 0.8733674883842468 0.5847338438034058 
vt 0.9040520191192627 0.5882706046104431 
vt 0.8776292204856873 0.5730260014533997 
vt 0.9052696824073792 0.5869290828704834 
vt 0.8856656551361084 0.5635133385658264 
vt 0.9068526029586792 0.585953414440155 
vt 0.8963809013366699 0.5572935342788696 
vt 0.9086790680885315 0.5857095122337341 
vt 0.9086790680885315 0.555098295211792 
vt 0.9105055332183838 0.585953414440155 
vt 0.9209772348403931 0.5572935342788696 
vt 0.019193032756447792 0.654249370098114 
vt 0.03538764268159866 0.6537615060806274 
vt 0.03611822798848152 0.654249370098114 
vt 0.034291766583919525 0.6390047073364258 
vt 0.03490058705210686 0.638516902923584 
vt 0.020897727459669113 0.6390047073364258 
vt 0.020410671830177307 0.638516902923584 
vt 0.020045379176735878 0.6537615060806274 
vt 0.020897727459669113 0.6530297994613647 
vt 0.03441353142261505 0.6530297994613647 
vt 0.03368294984102249 0.6397364735603333 
vt 0.02162831276655197 0.6397364735603333 
vt 0.024550648406147957 0.642785370349884 
vt 0.024307120591402054 0.6498588919639587 
vt 0.030882375314831734 0.6499808430671692 
vt 0.030760612338781357 0.642785370349884 
vt 0.5297495126724243 0.7393753528594971 
vt 0.5242701172828674 0.7383996844291687 
vt 0.5297495126724243 0.7323018312454224 
vt 0.5243918895721436 0.7332774996757507 
vt 0.5274359583854675 0.725594162940979 
vt 0.5225654244422913 0.7283992171287537 
vt 0.5228089094161987 0.7202280759811401 
vt 0.5192777514457703 0.724496603012085 
vt 0.516720712184906 0.7165693640708923 
vt 0.5148942470550537 0.7218134999275208 
vt 0.5097801685333252 0.7153497934341431 
vt 0.5097801685333252 0.7209598422050476 
vt 0.5027178525924683 0.7165693640708923 
vt 0.5046660900115967 0.7218134999275208 
vt 0.4966296851634979 0.7201061248779297 
vt 0.500160813331604 0.7243745923042297 
vt 0.4920026361942291 0.7254722118377686 
vt 0.4968731999397278 0.7282772660255432 
vt 0.489567369222641 0.7321798801422119 
vt 0.4950467348098755 0.7330335378646851 
vt 0.489567369222641 0.7392534017562866 
vt 0.4950467348098755 0.7382777333259583 
vt 0.4920026361942291 0.7459610104560852 
vt 0.49675142765045166 0.7431560158729553 
vt 0.4965079128742218 0.7513270974159241 
vt 0.5000390410423279 0.747058629989624 
vt 0.5027178525924683 0.7548638582229614 
vt 0.5045443177223206 0.7497416734695435 
vt 0.5096583962440491 0.7562053799629211 
vt 0.5096583962440491 0.7505953907966614 
vt 0.5165989995002747 0.7549858093261719 
vt 0.5146507620811462 0.7497416734695435 
vt 0.5228089094161987 0.7514490485191345 
vt 0.5191560387611389 0.7471805810928345 
vt 0.5273141860961914 0.7459610104560852 
vt 0.5225654244422913 0.7432779669761658 
vt 0.5193995237350464 0.7414485812187195 
vt 0.520738959312439 0.7377898693084717 
vt 0.5208607316017151 0.733887255191803 
vt 0.5195212960243225 0.7302285432815552 
vt 0.5169642567634583 0.7271796464920044 
vt 0.5135548710823059 0.7252283096313477 
vt 0.5097801685333252 0.724496603012085 
vt 0.5058837532997131 0.7251063585281372 
vt 0.5024743676185608 0.727057695388794 
vt 0.5000390410423279 0.7301065921783447 
vt 0.49857789278030396 0.7337653040885925 
vt 0.49857789278030396 0.7376679182052612 
vt 0.49991729855537415 0.741326630115509 
vt 0.5023525953292847 0.7443755865097046 
vt 0.505761981010437 0.7463268637657166 
vt 0.5096583962440491 0.747058629989624 
vt 0.5134330987930298 0.7463268637657166 
vt 0.5168424844741821 0.744497537612915 
vt 0.5131895542144775 0.7401070594787598 
vt 0.5145289897918701 0.7386435866355896 
vt 0.5152595639228821 0.7368142604827881 
vt 0.5152595639228821 0.7348629236221313 
vt 0.5146507620811462 0.7330335378646851 
vt 0.5133113265037537 0.7315700650215149 
vt 0.5117284059524536 0.7305943965911865 
vt 0.5097801685333252 0.7301065921783447 
vt 0.5078319907188416 0.7304724454879761 
vt 0.5061272382736206 0.7314481139183044 
vt 0.5049096345901489 0.7329115867614746 
vt 0.504179060459137 0.7347409725189209 
vt 0.504179060459137 0.7366922497749329 
vt 0.5047878623008728 0.7385216355323792 
vt 0.5060055255889893 0.7399851083755493 
vt 0.5077102184295654 0.7409607768058777 
vt 0.5096583962440491 0.741326630115509 
vt 0.5114848613739014 0.7410827279090881 
vt 0.5111196041107178 0.739619255065918 
vt 0.5123372077941895 0.739009439945221 
vt 0.5133113265037537 0.7377898693084717 
vt 0.5137984156608582 0.736448347568512 
vt 0.5137984156608582 0.7351068258285522 
vt 0.5133113265037537 0.7336433529853821 
vt 0.5123372077941895 0.7325457334518433 
vt 0.5111196041107178 0.7318139672279358 
vt 0.5096583962440491 0.7315700650215149 
vt 0.5083190202713013 0.7318139672279358 
vt 0.5069796442985535 0.7325457334518433 
vt 0.5061272382736206 0.7336433529853821 
vt 0.5056402087211609 0.7351068258285522 
vt 0.5056402087211609 0.736448347568512 
vt 0.5061272382736206 0.7377898693084717 
vt 0.5069796442985535 0.7388874888420105 
vt 0.5083190202713013 0.739619255065918 
vt 0.5096583962440491 0.7398631572723389 
vt 0.5096583962440491 0.7380338311195374 
vt 0.5103890299797058 0.7379118204116821 
vt 0.5111196041107178 0.7374240159988403 
vt 0.5116066336631775 0.7369362115859985 
vt 0.5118501782417297 0.7362044453620911 
vt 0.5118501782417297 0.7353507280349731 
vt 0.5116066336631775 0.7347409725189209 
vt 0.5111196041107178 0.7341311573982239 
vt 0.5105107426643372 0.7336433529853821 
vt 0.5096583962440491 0.7335214018821716 
vt 0.5089278221130371 0.7336433529853821 
vt 0.5083190202713013 0.7340092062950134 
vt 0.5078319907188416 0.7346190214157104 
vt 0.5074666738510132 0.7353507280349731 
vt 0.5074666738510132 0.7360824942588806 
vt 0.5077102184295654 0.7368142604827881 
vt 0.5083190202713013 0.7374240159988403 
vt 0.5089278221130371 0.7377898693084717 
vt 0.5096583962440491 0.7357166409492493 
vt 0.5570245981216431 0.9453607201576233 
vt 0.5537369847297668 0.9419459104537964 
vt 0.5599469542503357 0.9195058345794678 
vt 0.5553199052810669 0.9229206442832947 
vt 0.5103890299797058 0.9195058345794678 
vt 0.513676643371582 0.9229206442832947 
vt 0.5074666738510132 0.9454826712608337 
vt 0.512093722820282 0.9420678615570068 
vt 0.046711694449186325 0.5794897079467773 
vt 0.05413930118083954 0.5787579417228699 
vt 0.05450459197163582 0.5790019035339355 
vt 0.053895771503448486 0.5742455720901489 
vt 0.0548698827624321 0.5749772787094116 
vt 0.05547870323061943 0.572782039642334 
vt 0.05681810900568962 0.5738796591758728 
vt 0.05572223290801048 0.565098762512207 
vt 0.05596575886011124 0.5644890069961548 
vt 0.04683345928788185 0.5648548603057861 
vt 0.04622463881969452 0.5646109580993652 
vt 0.04622463881969452 0.5722942352294922 
vt 0.04488523676991463 0.5732699036598206 
vt 0.04756404459476471 0.5740016102790833 
vt 0.04646816849708557 0.5748553276062012 
vt 0.04719875380396843 0.5790019035339355 
vt 0.04792933538556099 0.5782701373100281 
vt 0.053286951035261154 0.5781481862068176 
vt 0.05340871587395668 0.5741236209869385 
vt 0.05438282713294029 0.5720503330230713 
vt 0.05474812164902687 0.565952479839325 
vt 0.047685809433460236 0.5658305287361145 
vt 0.04744227975606918 0.5718064308166504 
vt 0.048051100224256516 0.5740016102790833 
vt 0.532550036907196 0.2806950509548187 
vt 0.5324282646179199 0.24532751739025116 
vt 0.5346200466156006 0.28106093406677246 
vt 0.5466746687889099 0.24788862466812134 
vt 0.5364465117454529 0.2821585237979889 
vt 0.5590946078300476 0.2550840973854065 
vt 0.5377858877182007 0.2837439775466919 
vt 0.5684704184532166 0.2660602033138275 
vt 0.5385165214538574 0.2858172357082367 
vt 0.5733410120010376 0.2795974314212799 
vt 0.5385165214538574 0.2878905236721039 
vt 0.5733410120010376 0.2939883768558502 
vt 0.5377858877182007 0.2899637818336487 
vt 0.5684704184532166 0.3075256049633026 
vt 0.5364465117454529 0.2915492355823517 
vt 0.5592163801193237 0.31862369179725647 
vt 0.5346200466156006 0.2926468253135681 
vt 0.546796441078186 0.32581913471221924 
vt 0.532550036907196 0.29301270842552185 
vt 0.532550036907196 0.3283802270889282 
vt 0.5303583145141602 0.2926468253135681 
vt 0.5184254050254822 0.32581913471221924 
vt 0.5285318493843079 0.2915492355823517 
vt 0.5058837532997131 0.31862369179725647 
vt 0.5271924138069153 0.2899637818336487 
vt 0.4966296851634979 0.30764755606651306 
vt 0.5264618396759033 0.2878905236721039 
vt 0.49163734912872314 0.29411032795906067 
vt 0.5264618396759033 0.2858172357082367 
vt 0.49163734912872314 0.27971938252449036 
vt 0.5271924138069153 0.2837439775466919 
vt 0.4965079128742218 0.26618218421936035 
vt 0.5285318493843079 0.2821585237979889 
vt 0.505761981010437 0.2550840973854065 
vt 0.5303583145141602 0.28106093406677246 
vt 0.5183036923408508 0.24788862466812134 
vt 0.768650472164154 0.25471821427345276 
vt 0.7826533317565918 0.29118335247039795 
vt 0.7422276735305786 0.254352331161499 
vt 0.7737645506858826 0.29898861050605774 
vt 0.739305317401886 0.2806950509548187 
vt 0.7080119848251343 0.2452055662870407 
vt 0.7093513607978821 0.2243509143590927 
vt 0.7165354490280151 0.21800915896892548 
vt 0.7374788522720337 0.2193506807088852 
vt 0.2792809307575226 0.4904610812664032 
vt 0.3754744827747345 0.4904610812664032 
vt 0.32737770676612854 0.47472864389419556 
vt 0.3754744827747345 0.4589961767196655 
vt 0.2792809307575226 0.4589961767196655 
vt 0.23361943662166595 0.6688841581344604 
vt 0.23970763385295868 0.6670548319816589 
vt 0.27185332775115967 0.6832751035690308 
vt 0.27489742636680603 0.6792505383491516 
vt 0.3248206675052643 0.6818116307258606 
vt 0.32104599475860596 0.6780309677124023 
vt 0.3432070314884186 0.663640022277832 
vt 0.33699706196784973 0.6626643538475037 
vt 0.34211117029190063 0.6490051746368408 
vt 0.33614471554756165 0.6505906581878662 
vt 0.3225071430206299 0.6326629519462585 
vt 0.31909775733947754 0.6368094682693481 
vt 0.2696615755558014 0.6331507563591003 
vt 0.27294921875 0.6369314789772034 
vt 0.23228003084659576 0.6501027941703796 
vt 0.23861175775527954 0.6513223648071289 
vt 0.24372585117816925 0.6546152234077454 
vt 0.2444564253091812 0.6632741689682007 
vt 0.2757497727870941 0.6741283535957336 
vt 0.3189760148525238 0.6726648807525635 
vt 0.3317612111568451 0.6607130765914917 
vt 0.331274151802063 0.6531517505645752 
vt 0.31727129220962524 0.6422975659370422 
vt 0.2739233076572418 0.6421756148338318 
vt 0.2747756540775299 0.646809995174408 
vt 0.24616113305091858 0.656810462474823 
vt 0.2466481775045395 0.6607130765914917 
vt 0.27635860443115234 0.6692500710487366 
vt 0.31739306449890137 0.6683963537216187 
vt 0.328595370054245 0.6592496037483215 
vt 0.3282300531864166 0.6551030278205872 
vt 0.31593188643455505 0.6466879844665527 
vt 0.35002583265304565 0.6660791635513306 
vt 0.3483211100101471 0.6458343267440796 
vt 0.6099919676780701 0.9453607201576233 
vt 0.6067043542861938 0.9419459104537964 
vt 0.613036036491394 0.9195058345794678 
vt 0.6082872748374939 0.9229206442832947 
vt 0.563356339931488 0.9195058345794678 
vt 0.5666439533233643 0.9229206442832947 
vt 0.5604339838027954 0.9454826712608337 
vt 0.5650610327720642 0.9420678615570068 
vt 0.35465285181999207 0.4381415545940399 
vt 0.35465285181999207 0.4274093210697174 
vt 0.37352627515792847 0.43533653020858765 
vt 0.370360404253006 0.42497017979621887 
vt 0.39093852043151855 0.42704346776008606 
vt 0.38485032320022583 0.418018639087677 
vt 0.4054284393787384 0.413872092962265 
vt 0.3966614305973053 0.40692055225372314 
vt 0.4155348539352417 0.3964322507381439 
vt 0.4048196077346802 0.3925296366214752 
vt 0.41991835832595825 0.37594348192214966 
vt 0.40798547863960266 0.37594348192214966 
vt 0.4155348539352417 0.35533273220062256 
vt 0.4048196077346802 0.35923534631729126 
vt 0.4054284393787384 0.3380148410797119 
vt 0.3966614305973053 0.34484443068504333 
vt 0.39093852043151855 0.3247215151786804 
vt 0.38485032320022583 0.3337463438510895 
vt 0.37352627515792847 0.3165504038333893 
vt 0.370360404253006 0.3267948031425476 
vt 0.35465285181999207 0.3137454092502594 
vt 0.35465285181999207 0.3244776129722595 
vt 0.33565765619277954 0.3165504038333893 
vt 0.338823527097702 0.3267948031425476 
vt 0.31824541091918945 0.32484349608421326 
vt 0.3243336081504822 0.3337463438510895 
vt 0.3037554919719696 0.3380148410797119 
vt 0.3125225007534027 0.34484443068504333 
vt 0.2936490774154663 0.35533273220062256 
vt 0.30436432361602783 0.3593573272228241 
vt 0.28926557302474976 0.37594348192214966 
vt 0.30119845271110535 0.37594348192214966 
vt 0.2936490774154663 0.3964322507381439 
vt 0.30436432361602783 0.3925296366214752 
vt 0.3037554919719696 0.413872092962265 
vt 0.3125225007534027 0.40692055225372314 
vt 0.31824541091918945 0.42704346776008606 
vt 0.3244553804397583 0.418018639087677 
vt 0.33565765619277954 0.43533653020858765 
vt 0.338823527097702 0.42497017979621887 
vt 0.35465285181999207 0.4235067069530487 
vt 0.36926454305648804 0.42131146788597107 
vt 0.38265857100486755 0.4148477613925934 
vt 0.39361733198165894 0.4044814109802246 
vt 0.4009231626987457 0.3911880850791931 
vt 0.40372374653816223 0.37594348192214966 
vt 0.4009231626987457 0.36057689785957336 
vt 0.39361733198165894 0.34728357195854187 
vt 0.38265857100486755 0.3369172215461731 
vt 0.36926454305648804 0.3304535150527954 
vt 0.35465285181999207 0.3282582759857178 
vt 0.33991941809654236 0.3304535150527954 
vt 0.3266471326351166 0.33703917264938354 
vt 0.3156883716583252 0.34728357195854187 
vt 0.3082607686519623 0.3606988489627838 
vt 0.3054601848125458 0.37594348192214966 
vt 0.3082607686519623 0.3911880850791931 
vt 0.3156883716583252 0.40460336208343506 
vt 0.3266471326351166 0.4148477613925934 
vt 0.3400411605834961 0.42131146788597107 
vt 0.3415023386478424 0.41655513644218445 
vt 0.35465285181999207 0.41862842440605164 
vt 0.3678033649921417 0.41655513644218445 
vt 0.3797362446784973 0.4107012152671814 
vt 0.38947734236717224 0.40143248438835144 
vt 0.39605259895324707 0.38948071002960205 
vt 0.3984878957271576 0.37594348192214966 
vt 0.39605259895324707 0.36228427290916443 
vt 0.38947734236717224 0.35033249855041504 
vt 0.3797362446784973 0.3410637676715851 
vt 0.3676815927028656 0.33520984649658203 
vt 0.35465285181999207 0.3332585096359253 
vt 0.3415023386478424 0.33520984649658203 
vt 0.3294477164745331 0.3410637676715851 
vt 0.31970658898353577 0.35033249855041504 
vt 0.31313133239746094 0.36240625381469727 
vt 0.31081780791282654 0.37594348192214966 
vt 0.31313133239746094 0.38948071002960205 
vt 0.31970658898353577 0.40143248438835144 
vt 0.3294477164745331 0.4107012152671814 
vt 0.34259822964668274 0.4130184054374695 
vt 0.35465285181999207 0.4148477613925934 
vt 0.36658573150634766 0.4130184054374695 
vt 0.37754449248313904 0.4075303375720978 
vt 0.3864332437515259 0.39911529421806335 
vt 0.39227792620658875 0.38813915848731995 
vt 0.3943479061126709 0.37594348192214966 
vt 0.39227792620658875 0.36362582445144653 
vt 0.3864332437515259 0.3527716398239136 
vt 0.37754449248313904 0.3442346453666687 
vt 0.36658573150634766 0.33886852860450745 
vt 0.35465285181999207 0.33703917264938354 
vt 0.34259822964668274 0.33886852860450745 
vt 0.33163946866989136 0.3442346453666687 
vt 0.32275068759918213 0.3527716398239136 
vt 0.31690600514411926 0.36362582445144653 
vt 0.3148360252380371 0.37594348192214966 
vt 0.31690600514411926 0.3882611393928528 
vt 0.32275068759918213 0.39911529421806335 
vt 0.33163946866989136 0.4076522886753082 
vt 0.3337094485759735 0.4047253131866455 
vt 0.3436940908432007 0.409725546836853 
vt 0.35465285181999207 0.4114329516887665 
vt 0.36561161279678345 0.409725546836853 
vt 0.3755962550640106 0.4047253131866455 
vt 0.38363268971443176 0.3969200849533081 
vt 0.3888685405254364 0.3870415687561035 
vt 0.3906950056552887 0.37594348192214966 
vt 0.3888685405254364 0.36472341418266296 
vt 0.38363268971443176 0.3548448979854584 
vt 0.3755962550640106 0.34703966975212097 
vt 0.36561161279678345 0.3421613872051239 
vt 0.35465285181999207 0.34045398235321045 
vt 0.34357231855392456 0.3421613872051239 
vt 0.3337094485759735 0.34703966975212097 
vt 0.32555124163627625 0.3548448979854584 
vt 0.3203153908252716 0.3648453950881958 
vt 0.3184889554977417 0.37594348192214966 
vt 0.3203153908252716 0.3870415687561035 
vt 0.32567301392555237 0.39704203605651855 
vt 0.35465285181999207 0.37594348192214966 
vt 0.10942015796899796 0.6547371745109558 
vt 0.1086895689368248 0.6538834571838379 
vt 0.11343836784362793 0.654249370098114 
vt 0.11319483816623688 0.6538834571838379 
vt 0.11368189752101898 0.6464440822601318 
vt 0.11319483816623688 0.6469319462776184 
vt 0.10905486345291138 0.6463221311569214 
vt 0.10820251703262329 0.6475417017936707 
vt 0.1073501706123352 0.6448586583137512 
vt 0.10637605935335159 0.6463221311569214 
vt 0.09882669150829315 0.6466879844665527 
vt 0.09907021373510361 0.6471758484840393 
vt 0.09894844889640808 0.6563225984573364 
vt 0.09967903792858124 0.6560786962509155 
vt 0.10844604671001434 0.656810462474823 
vt 0.1073501706123352 0.6554689407348633 
vt 0.10856781154870987 0.6533956527709961 
vt 0.11246425658464432 0.6531517505645752 
vt 0.11246425658464432 0.6477856040000916 
vt 0.10820251703262329 0.6480295658111572 
vt 0.10601076483726501 0.6475417017936707 
vt 0.10004432499408722 0.647907555103302 
vt 0.1004096195101738 0.6551030278205872 
vt 0.10661958158016205 0.6543713212013245 
vt 0.7531864047050476 0.9477998614311218 
vt 0.7440541386604309 0.9346284866333008 
vt 0.8274624347686768 0.9484096169471741 
vt 0.8365947604179382 0.9349943399429321 
vt 0.8401259183883667 0.9742645025253296 
vt 0.8487711548805237 0.9859724044799805 
vt 0.7389400601387024 0.9734107851982117 
vt 0.7302947640419006 0.9859724044799805 
vt 0.7216495275497437 0.9928019642829895 
vt 0.7377223968505859 0.9273110628128052 
vt 0.8430482745170593 0.9279208779335022 
vt 0.8572946190834045 0.9928019642829895 
vt 0.31313133239746094 0.8410874605178833 
vt 0.3208024501800537 0.8515757918357849 
vt 0.3110613524913788 0.8514538407325745 
vt 0.32202011346817017 0.8591371178627014 
vt 0.31313133239746094 0.8619421124458313 
vt 0.3254294991493225 0.8658447265625 
vt 0.31788012385368347 0.8710888624191284 
vt 0.3304218053817749 0.8713328242301941 
vt 0.32469889521598816 0.8782843351364136 
vt 0.3367535471916199 0.8752354383468628 
vt 0.3332223892211914 0.8834065198898315 
vt 0.3438158631324768 0.8771867156028748 
vt 0.34259822964668274 0.8859676718711853 
vt 0.3512434661388397 0.8771867156028748 
vt 0.35233932733535767 0.8859676718711853 
vt 0.35830578207969666 0.8752354383468628 
vt 0.3618369400501251 0.8834065198898315 
vt 0.3645157217979431 0.8713328242301941 
vt 0.37023863196372986 0.8782843351364136 
vt 0.369629830121994 0.8658447265625 
vt 0.37717920541763306 0.8710888624191284 
vt 0.37291744351387024 0.859015166759491 
vt 0.3819279968738556 0.8619421124458313 
vt 0.3741351068019867 0.8514538407325745 
vt 0.3838762044906616 0.8514538407325745 
vt 0.37291744351387024 0.8438924551010132 
vt 0.3819279968738556 0.8410874605178833 
vt 0.3695080578327179 0.8370628952980042 
vt 0.37717920541763306 0.8319407105445862 
vt 0.3645157217979431 0.8315747976303101 
vt 0.37023863196372986 0.8246232867240906 
vt 0.35818400979042053 0.8277941346168518 
vt 0.3618369400501251 0.8196230530738831 
vt 0.3511216938495636 0.8257209062576294 
vt 0.35233932733535767 0.8169400095939636 
vt 0.3438158631324768 0.8257209062576294 
vt 0.34259822964668274 0.8169400095939636 
vt 0.3367535471916199 0.8277941346168518 
vt 0.3332223892211914 0.8196230530738831 
vt 0.3304218053817749 0.8316968083381653 
vt 0.32469889521598816 0.8246232867240906 
vt 0.3254294991493225 0.8371848464012146 
vt 0.31788012385368347 0.8319407105445862 
vt 0.32202011346817017 0.8440144062042236 
vt 0.32871711254119873 0.8515757918357849 
vt 0.3294477164745331 0.8568199276924133 
vt 0.3317612111568451 0.8616982102394104 
vt 0.3354141414165497 0.8656008243560791 
vt 0.33979764580726624 0.868405818939209 
vt 0.34491172432899475 0.8697473406791687 
vt 0.3501475751399994 0.8697473406791687 
vt 0.3552616834640503 0.8682838678359985 
vt 0.3597669303417206 0.8654788732528687 
vt 0.36329808831214905 0.8615762591362 
vt 0.3654898405075073 0.8566979765892029 
vt 0.3663421869277954 0.8514538407325745 
vt 0.3654898405075073 0.8460876941680908 
vt 0.3631763458251953 0.8413313627243042 
vt 0.35964518785476685 0.8374287486076355 
vt 0.35513991117477417 0.8346237540245056 
vt 0.35002583265304565 0.8331602811813354 
vt 0.344789981842041 0.8331602811813354 
vt 0.33979764580726624 0.8346237540245056 
vt 0.33529236912727356 0.8374287486076355 
vt 0.3317612111568451 0.8414533138275146 
vt 0.3294477164745331 0.8462096452713013 
vt 0.3354141414165497 0.8515757918357849 
vt 0.3360229730606079 0.8548685908317566 
vt 0.33748412132263184 0.8580394983291626 
vt 0.3396758735179901 0.8604786396026611 
vt 0.34259822964668274 0.8623079657554626 
vt 0.34588584303855896 0.863283634185791 
vt 0.3492952287197113 0.8631616830825806 
vt 0.3524610996246338 0.8623079657554626 
vt 0.35538342595100403 0.8604786396026611 
vt 0.3575751781463623 0.8579175472259521 
vt 0.3590363562107086 0.8547466397285461 
vt 0.3595234155654907 0.8514538407325745 
vt 0.3590363562107086 0.8480390310287476 
vt 0.3575751781463623 0.844990074634552 
vt 0.3552616834640503 0.842428982257843 
vt 0.35233932733535767 0.8405996561050415 
vt 0.34917348623275757 0.8397459387779236 
vt 0.34576407074928284 0.8397459387779236 
vt 0.3424764573574066 0.840721607208252 
vt 0.339554101228714 0.8425509333610535 
vt 0.3373623788356781 0.8451120257377625 
vt 0.3359012007713318 0.848160982131958 
vt 0.34162411093711853 0.8515757918357849 
vt 0.3418676257133484 0.8531612157821655 
vt 0.34259822964668274 0.8546246886253357 
vt 0.3436940908432007 0.855844259262085 
vt 0.345155268907547 0.8566979765892029 
vt 0.34673818945884705 0.8571857810020447 
vt 0.3483211100101471 0.8571857810020447 
vt 0.34990406036376953 0.8566979765892029 
vt 0.35136523842811584 0.855844259262085 
vt 0.3524610996246338 0.8545027375221252 
vt 0.353069931268692 0.8530392646789551 
vt 0.3533134460449219 0.8514538407325745 
vt 0.353069931268692 0.8497464060783386 
vt 0.35233932733535767 0.8482829332351685 
vt 0.3512434661388397 0.8470633625984192 
vt 0.34990406036376953 0.8462096452713013 
vt 0.3483211100101471 0.8457218408584595 
vt 0.3466164171695709 0.8458437919616699 
vt 0.3450334966182709 0.8462096452713013 
vt 0.34357231855392456 0.8471853137016296 
vt 0.34259822964668274 0.8484048843383789 
vt 0.3418676257133484 0.8498683571815491 
vt 0.347468763589859 0.8514538407325745 
vt 0.5074666738510132 0.9719473123550415 
vt 0.512093722820282 0.9685325622558594 
vt 0.5570245981216431 0.9719473123550415 
vt 0.5537369847297668 0.9684105515480042 
vt 0.5599469542503357 0.9459704756736755 
vt 0.5553199052810669 0.9493852853775024 
vt 0.5103890299797058 0.9459704756736755 
vt 0.513676643371582 0.9495072364807129 
vt 0.3184889554977417 0.9124323129653931 
vt 0.3259165585041046 0.9070662260055542 
vt 0.5010131597518921 0.9137738347053528 
vt 0.4652145504951477 0.9086516499519348 
vt 0.4986996650695801 0.886699378490448 
vt 0.4643622040748596 0.894382655620575 
vt 0.32153305411338806 0.8881628513336182 
vt 0.32737770676612854 0.8957241773605347 
vt 0.11197719722986221 0.581684947013855 
vt 0.11136838048696518 0.5821727514266968 
vt 0.10722840577363968 0.581684947013855 
vt 0.10649781674146652 0.5827825665473938 
vt 0.10552370548248291 0.5800994634628296 
vt 0.10467135906219482 0.5815629959106445 
vt 0.09700022637844086 0.5819288492202759 
vt 0.09724375605583191 0.5824166536331177 
vt 0.09724375605583191 0.5915634632110596 
vt 0.09785257279872894 0.5913195610046387 
vt 0.10661958158016205 0.5920512676239014 
vt 0.10552370548248291 0.5907097458839417 
vt 0.10759369283914566 0.5899779796600342 
vt 0.1068631112575531 0.589124321937561 
vt 0.11173367500305176 0.5894901752471924 
vt 0.11136838048696518 0.589124321937561 
vt 0.11063779890537262 0.5830264687538147 
vt 0.10637605935335159 0.5832703709602356 
vt 0.10418430715799332 0.5827825665473938 
vt 0.09833963215351105 0.5832703709602356 
vt 0.09870492666959763 0.5903438925743103 
vt 0.10479312390089035 0.5896121263504028 
vt 0.10674134641885757 0.5886364579200745 
vt 0.11075955629348755 0.5883925557136536 
vt 0.4413488209247589 0.6826653480529785 
vt 0.4413488209247589 0.6833970546722412 
vt 0.4398876428604126 0.6833970546722412 
vt 0.43964412808418274 0.6843727231025696 
vt 0.43842649459838867 0.6820555329322815 
vt 0.4375741481781006 0.6857142448425293 
vt 0.4353823959827423 0.6824213862419128 
vt 0.43599119782447815 0.6857142448425293 
vt 0.43501707911491394 0.6875436305999756 
vt 0.43842649459838867 0.6871777176856995 
vt 0.4390352964401245 0.687665581703186 
vt 0.44110530614852905 0.68449467420578 
vt 0.43976590037345886 0.682787299156189 
vt 0.43915706872940063 0.6824213862419128 
vt 0.4413488209247589 0.6820555329322815 
vt 0.44147059321403503 0.6815677285194397 
vt 0.4269806742668152 0.6031493544578552 
vt 0.42819830775260925 0.6024176478385925 
vt 0.4239365756511688 0.6030274033546448 
vt 0.425275981426239 0.6035152077674866 
vt 0.4322165250778198 0.6826653480529785 
vt 0.4347735643386841 0.6829092502593994 
vt 0.434286504983902 0.6835190057754517 
vt 0.43416473269462585 0.6841288208961487 
vt 0.43270358443260193 0.6843727231025696 
vt 0.4329470992088318 0.685348391532898 
vt 0.43416473269462585 0.685104489326477 
vt 0.4345300495624542 0.6880314350128174 
vt 0.43270358443260193 0.6836409568786621 
vt 0.4325818121433258 0.6831531524658203 
vt 0.056696344166994095 0.6629083156585693 
vt 0.047685809433460236 0.6635180711746216 
vt 0.0470769889652729 0.6632741689682007 
vt 0.04719875380396843 0.6709574460983276 
vt 0.04585934802889824 0.671933114528656 
vt 0.04853815585374832 0.6726648807525635 
vt 0.04744227975606918 0.6735185384750366 
vt 0.04829462617635727 0.677665114402771 
vt 0.04780757054686546 0.6781529188156128 
vt 0.05511341243982315 0.6771772503852844 
vt 0.05560046806931496 0.6775431036949158 
vt 0.0548698827624321 0.6727868318557739 
vt 0.05584399774670601 0.6733965873718262 
vt 0.05645281448960304 0.671323299407959 
vt 0.05791398510336876 0.6722989678382874 
vt 0.05657457932829857 0.663640022277832 
vt 0.05560046806931496 0.66449373960495 
vt 0.04853815585374832 0.66449373960495 
vt 0.048416391015052795 0.6704696416854858 
vt 0.04902521148324013 0.6725428700447083 
vt 0.04902521148324013 0.6768113970756531 
vt 0.05438282713294029 0.6765674948692322 
vt 0.05438282713294029 0.6725428700447083 
vt 0.05523517727851868 0.6705915927886963 
vt 0.6007378697395325 0.874137818813324 
vt 0.6000072956085205 0.879869818687439 
vt 0.5934320688247681 0.8742597699165344 
vt 0.594893217086792 0.8802356719970703 
vt 0.5860044360160828 0.8769428133964539 
vt 0.5900226831436157 0.882430911064148 
vt 0.5808903574943542 0.8830406665802002 
vt 0.586247980594635 0.8864554762840271 
vt 0.5782115459442139 0.8903580904006958 
vt 0.5842997431755066 0.8914557099342346 
vt 0.5782115459442139 0.8977974653244019 
vt 0.5841779708862305 0.8968217968940735 
vt 0.5805251002311707 0.9047490358352661 
vt 0.5858826637268066 0.901822030544281 
vt 0.5850303173065186 0.9106029868125916 
vt 0.5890485644340515 0.9060905575752258 
vt 0.5912402868270874 0.9147495031356812 
vt 0.5935538411140442 0.9090175032615662 
vt 0.5986679196357727 0.9165788292884827 
vt 0.5987896919250488 0.9102370738983154 
vt 0.6067043542861938 0.9157251715660095 
vt 0.6041473150253296 0.9095053672790527 
vt 0.613036036491394 0.9112127423286438 
vt 0.6087743043899536 0.9067003130912781 
vt 0.6171760559082031 0.9052368402481079 
vt 0.6120619773864746 0.9025537967681885 
vt 0.6192460060119629 0.8985292315483093 
vt 0.6136448979377747 0.8977974653244019 
vt 0.6190025210380554 0.891821563243866 
vt 0.6136448979377747 0.8927972316741943 
vt 0.6168107390403748 0.8854798078536987 
vt 0.6120619773864746 0.8880409002304077 
vt 0.6127925515174866 0.8801137208938599 
vt 0.6090178489685059 0.884138286113739 
vt 0.6073131561279297 0.8762111067771912 
vt 0.6049996614456177 0.8813332915306091 
vt 0.603538453578949 0.8845041394233704 
vt 0.599763810634613 0.8835285305976868 
vt 0.5958673357963562 0.8837724328041077 
vt 0.5922144055366516 0.8854798078536987 
vt 0.5894138216972351 0.8884068131446838 
vt 0.5879526734352112 0.8921874761581421 
vt 0.5878309011459351 0.8963339924812317 
vt 0.5890485644340515 0.9001146554946899 
vt 0.5914838314056396 0.9034075140953064 
vt 0.594893217086792 0.9056026935577393 
vt 0.598911464214325 0.9064564108848572 
vt 0.6029296517372131 0.9058466553688049 
vt 0.6063390374183655 0.9038953185081482 
vt 0.6088960766792297 0.9008464217185974 
vt 0.6102355122566223 0.8971877098083496 
vt 0.6102355122566223 0.8932850360870361 
vt 0.6090178489685059 0.8896263837814331 
vt 0.6067043542861938 0.8865774273872375 
vt 0.6029296517372131 0.8907239437103271 
vt 0.6013467311859131 0.8896263837814331 
vt 0.5995202660560608 0.8891385197639465 
vt 0.5975720286369324 0.8893824219703674 
vt 0.5957455635070801 0.8902361392974854 
vt 0.5944061875343323 0.8916996121406555 
vt 0.5936756134033203 0.8935289978981018 
vt 0.5935538411140442 0.8954802751541138 
vt 0.59416264295578 0.8974316120147705 
vt 0.5953803062438965 0.8990170359611511 
vt 0.5970849990844727 0.9001146554946899 
vt 0.5990331768989563 0.9006024599075317 
vt 0.6009814143180847 0.9003585577011108 
vt 0.6026861071586609 0.8993828892707825 
vt 0.6040255427360535 0.8979194164276123 
vt 0.6046343445777893 0.8960900902748108 
vt 0.6047561168670654 0.894138753414154 
vt 0.6041473150253296 0.8923094272613525 
vt 0.602807879447937 0.8929191827774048 
vt 0.6019555330276489 0.8916996121406555 
vt 0.6007378697395325 0.8909679055213928 
vt 0.5992767214775085 0.8906019926071167 
vt 0.5979373455047607 0.8908458948135376 
vt 0.5965979099273682 0.8914557099342346 
vt 0.595623791217804 0.8925533294677734 
vt 0.5950149893760681 0.8938948512077332 
vt 0.5950149893760681 0.8953583240509033 
vt 0.5955020189285278 0.8968217968940735 
vt 0.5963543653488159 0.8980413675308228 
vt 0.5976938009262085 0.8987731337547302 
vt 0.5991549491882324 0.8991389870643616 
vt 0.600494384765625 0.8988950848579407 
vt 0.6018337607383728 0.8981633186340332 
vt 0.602807879447937 0.8970657587051392 
vt 0.6032949686050415 0.8957241773605347 
vt 0.6032949686050415 0.8942607045173645 
vt 0.6013467311859131 0.8946266174316406 
vt 0.6011031866073608 0.8937729001045227 
vt 0.6006161570549011 0.8931630849838257 
vt 0.6000072956085205 0.8927972316741943 
vt 0.5992767214775085 0.8925533294677734 
vt 0.5985461473464966 0.8926752805709839 
vt 0.5978155732154846 0.8930411338806152 
vt 0.5973284840583801 0.8936509490013123 
vt 0.5969632267951965 0.894382655620575 
vt 0.5969632267951965 0.8951144218444824 
vt 0.597206711769104 0.8958461880683899 
vt 0.5976938009262085 0.8964559435844421 
vt 0.5983026027679443 0.8969437479972839 
vt 0.5991549491882324 0.8970657587051392 
vt 0.5998855233192444 0.8970657587051392 
vt 0.6006161570549011 0.896699845790863 
vt 0.6011031866073608 0.8960900902748108 
vt 0.6013467311859131 0.8953583240509033 
vt 0.5991549491882324 0.8948705196380615 
vt 0.4546211063861847 0.3561864495277405 
vt 0.4247889220714569 0.3774069547653198 
vt 0.43635648488998413 0.34642988443374634 
vt 0.42089247703552246 0.375333696603775 
vt 0.4210142195224762 0.33813679218292236 
vt 0.4389135539531708 0.32033106684684753 
vt 0.44013118743896484 0.32033106684684753 
vt 0.4547428488731384 0.33496591448783875 
vt 0.31958481669425964 0.9138957858085632 
vt 0.32701241970062256 0.920725405216217 
vt 0.32153305411338806 0.9385311007499695 
vt 0.32749947905540466 0.9321893453598022 
vt 0.5000390410423279 0.9420678615570068 
vt 0.46460574865341187 0.9362139105796814 
vt 0.4983343780040741 0.9147495031356812 
vt 0.4637534022331238 0.9219449758529663 
vt 0.6567493081092834 0.9996315836906433 
vt 0.6471299529075623 0.9934117794036865 
vt 0.6544358134269714 0.9619468450546265 
vt 0.6476170420646667 0.9686545133590698 
vt 0.563356339931488 0.9614590406417847 
vt 0.5701751112937927 0.9673129916191101 
vt 0.561042845249176 0.9987778663635254 
vt 0.5702968835830688 0.9912165403366089 
vt 0.065950408577919 0.7065688967704773 
vt 0.06716804951429367 0.6908364295959473 
vt 0.06765510141849518 0.6913242936134338 
vt 0.08104914426803589 0.6913242936134338 
vt 0.06838569045066833 0.6920560002326965 
vt 0.08044032752513885 0.6920560002326965 
vt 0.07130802422761917 0.6951049566268921 
vt 0.0773962214589119 0.6951049566268921 
vt 0.07763975113630295 0.702178418636322 
vt 0.08104914426803589 0.705349326133728 
vt 0.06765510141849518 0.705349326133728 
vt 0.06668099015951157 0.7060810923576355 
vt 0.0820232555270195 0.7060810923576355 
vt 0.08287560194730759 0.7065688967704773 
vt 0.081536203622818 0.6908364295959473 
vt 0.07118625938892365 0.7023004293441772 
vt 0.8512064218521118 0.2347172647714615 
vt 0.8172342777252197 0.20825259387493134 
vt 0.8391517996788025 0.1977642923593521 
vt 0.8182083964347839 0.183373361825943 
vt 0.8362294435501099 0.16678722202777863 
vt 0.8375688791275024 0.16690917313098907 
vt 0.8576599359512329 0.18873947858810425 
vt 0.8559552431106567 0.23252204060554504 
vt 0.32847359776496887 0.9688984155654907 
vt 0.36232396960258484 0.9749962687492371 
vt 0.3262818455696106 0.996094822883606 
vt 0.362080454826355 0.9893871545791626 
vt 0.5044225454330444 0.996094822883606 
vt 0.4984561502933502 0.9885334968566895 
vt 0.5074666738510132 0.9714595079421997 
vt 0.49991729855537415 0.976947546005249 
vt 0.47057217359542847 0.44033676385879517 
vt 0.49163734912872314 0.4172869026660919 
vt 0.5549546480178833 0.4427759051322937 
vt 0.5346200466156006 0.4187503755092621 
vt 0.5572681427001953 0.3458200991153717 
vt 0.5362029671669006 0.36886996030807495 
vt 0.47288569808006287 0.34338095784187317 
vt 0.4932202696800232 0.3674064874649048 
vt 0.018827740103006363 0.6057104468345642 
vt 0.020045379176735878 0.5899779796600342 
vt 0.020532436668872833 0.5904658436775208 
vt 0.033926475793123245 0.5904658436775208 
vt 0.021263020113110542 0.5911975502967834 
vt 0.03331765532493591 0.5911975502967834 
vt 0.024185355752706528 0.594246506690979 
vt 0.03027355670928955 0.594246506690979 
vt 0.030517084524035454 0.6013200283050537 
vt 0.03404824063181877 0.6044908761978149 
vt 0.020532436668872833 0.6044908761978149 
vt 0.019558323547244072 0.6052226424217224 
vt 0.03490058705210686 0.6052226424217224 
vt 0.03575293719768524 0.6057104468345642 
vt 0.03441353142261505 0.5899779796600342 
vt 0.02406359277665615 0.6014419794082642 
vt 0.8397606015205383 0.6794944405555725 
vt 0.7864279747009277 0.6797383427619934 
vt 0.812729001045227 0.6072958707809448 
vt 0.7856974005699158 0.5350973606109619 
vt 0.8390300273895264 0.534853458404541 
vt 0.8057884573936462 0.7764502763748169 
vt 0.00445958785712719 0.2519131898880005 
vt 0.9709004759788513 0.930969774723053 
vt 0.20001256465911865 0.863283634185791 
vt 0.014687764458358288 0.8551125526428223 
vt 0.20001256465911865 0.7220574617385864 
vt 0.3489299416542053 0.25520604848861694 
vt 0.08275383710861206 0.6074178814888 
vt 0.6920608878135681 0.1109309121966362 
vt 0.6776927709579468 0.06617268919944763 
vt 0.4993084967136383 0.1625187247991562 
vt 0.7223801612854004 0.06495311856269836 
vt 0.4464628994464874 0.42753127217292786 
vt 0.9907479882240295 0.3506983816623688 
vt 0.4266153872013092 0.5740016102790833 
vt 0.2803768217563629 0.07263641059398651 
vt 0.0031201839447021484 0.07141683995723724 
vt 0.004094296135008335 0.03653714060783386 
vt 0.14351408183574677 0.18373924493789673 
vt 0.5011349320411682 0.8473072648048401 
vt 0.46314457058906555 0.33789288997650146 
vt 0.19550730288028717 0.8951144218444824 
vt 0.8905361890792847 0.9919483065605164 
vt 0.20403078198432922 0.9976802468299866 
vt 0.6776927709579468 0.1051989272236824 
vt 0.6786668300628662 0.02226817049086094 
vt 0.06862921267747879 0.5604643821716309 
vt 0.019801851361989975 0.6074178814888 
s on 
f 1/1/1 2/2/2 3/3/3 
f 2/2/2 4/4/4 3/3/3 
f 3/3/3 4/4/4 4/4/4 
f 4/4/4 5/5/5 4/4/4 
f 4/4/4 5/5/5 5/5/5 
f 5/5/5 6/6/6 5/5/5 
f 5/5/5 6/6/6 7/7/7 
f 6/6/6 8/8/8 7/7/7 
f 7/7/7 8/8/8 8/8/8 
f 8/8/8 6/6/6 8/8/8 
f 8/8/8 6/6/6 6/6/6 
f 6/6/6 9/9/9 6/6/6 
f 6/6/6 9/9/9 8/8/8 
f 9/9/9 10/10/10 8/8/8 
f 8/8/8 10/10/10 10/10/10 
f 10/10/10 9/9/9 10/10/10 
f 10/10/10 9/9/9 11/11/11 
f 9/9/9 12/12/12 11/11/11 
f 11/11/11 12/12/12 13/13/13 
f 12/12/12 13/13/13 13/13/13 
f 13/13/13 13/13/13 14/14/14 
f 13/13/13 14/14/14 14/14/14 
f 14/14/14 14/14/14 14/14/14 
f 14/14/14 15/15/15 14/14/14 
f 14/14/14 15/15/15 16/16/16 
f 15/15/15 17/17/17 16/16/16 
f 16/16/16 17/17/17 18/18/18 
f 17/17/17 19/19/19 18/18/18 
f 18/18/18 19/19/19 20/20/20 
f 19/19/19 21/21/21 20/20/20 
f 20/20/20 21/21/21 21/21/21 
f 21/21/21 22/22/22 21/21/21 
f 21/21/21 22/22/22 22/22/22 
f 22/22/22 23/23/23 22/22/22 
f 22/22/22 23/23/23 24/24/24 
f 23/23/23 25/25/25 24/24/24 
f 24/24/24 25/25/25 26/26/26 
f 25/25/25 27/27/27 26/26/26 
f 26/26/26 27/27/27 28/28/28 
f 27/27/27 29/29/29 28/28/28 
f 28/28/28 29/29/29 30/30/30 
f 29/29/29 31/31/31 30/30/30 
f 30/30/30 31/31/31 32/32/32 
f 31/31/31 33/33/33 32/32/32 
f 32/32/32 33/33/33 34/34/34 
f 33/33/33 35/35/35 34/34/34 
f 34/34/34 35/35/35 36/36/36 
f 35/35/35 37/37/37 36/36/36 
f 36/36/36 37/37/37 38/38/38 
f 37/37/37 39/39/39 38/38/38 
f 38/38/38 39/39/39 40/40/40 
f 39/39/39 41/41/41 40/40/40 
f 40/40/40 41/41/41 42/42/42 
f 41/41/41 43/43/43 42/42/42 
f 42/42/42 43/43/43 44/44/44 
f 43/43/43 45/45/45 44/44/44 
f 44/44/44 45/45/45 46/46/46 
f 45/45/45 47/47/47 46/46/46 
f 46/46/46 47/47/47 48/48/48 
f 47/47/47 49/49/49 48/48/48 
f 48/48/48 49/49/49 50/50/50 
f 49/49/49 51/51/51 50/50/50 
f 50/50/50 51/51/51 52/52/52 
f 51/51/51 53/53/53 52/52/52 
f 52/52/52 53/53/53 54/54/54 
f 53/53/53 55/55/55 54/54/54 
f 54/54/54 55/55/55 55/55/55 
f 55/55/55 23/23/23 55/55/55 
f 55/55/55 23/23/23 23/23/23 
f 23/23/23 56/56/56 23/23/23 
f 23/23/23 56/56/56 25/25/25 
f 56/56/56 57/57/57 25/25/25 
f 25/25/25 57/57/57 27/27/27 
f 57/57/57 58/58/58 27/27/27 
f 27/27/27 58/58/58 29/29/29 
f 58/58/58 59/59/59 29/29/29 
f 29/29/29 59/59/59 31/31/31 
f 59/59/59 60/60/60 31/31/31 
f 31/31/31 60/60/60 33/33/33 
f 60/60/60 61/61/61 33/33/33 
f 33/33/33 61/61/61 35/35/35 
f 61/61/61 62/62/62 35/35/35 
f 35/35/35 62/62/62 37/37/37 
f 62/62/62 63/63/63 37/37/37 
f 37/37/37 63/63/63 39/39/39 
f 63/63/63 64/64/64 39/39/39 
f 39/39/39 64/64/64 41/41/41 
f 64/64/64 65/65/65 41/41/41 
f 41/41/41 65/65/65 43/43/43 
f 65/65/65 66/66/66 43/43/43 
f 43/43/43 66/66/66 45/45/45 
f 66/66/66 67/67/67 45/45/45 
f 45/45/45 67/67/67 47/47/47 
f 67/67/67 68/68/68 47/47/47 
f 47/47/47 68/68/68 49/49/49 
f 68/68/68 69/69/69 49/49/49 
f 49/49/49 69/69/69 51/51/51 
f 69/69/69 70/70/70 51/51/51 
f 51/51/51 70/70/70 53/53/53 
f 70/70/70 71/71/71 53/53/53 
f 53/53/53 71/71/71 55/55/55 
f 71/71/71 72/72/72 55/55/55 
f 55/55/55 72/72/72 72/72/72 
f 72/72/72 73/73/73 72/72/72 
f 72/72/72 73/73/73 73/73/73 
f 73/73/73 74/74/74 73/73/73 
f 73/73/73 74/74/74 75/75/75 
f 74/74/74 76/76/76 75/75/75 
f 75/75/75 76/76/76 77/77/77 
f 76/76/76 78/78/78 77/77/77 
f 77/77/77 78/78/78 78/78/78 
f 78/78/78 74/74/74 78/78/78 
f 78/78/78 74/74/74 74/74/74 
f 74/74/74 79/79/79 74/74/74 
f 74/74/74 79/79/79 76/76/76 
f 79/79/79 80/80/80 76/76/76 
f 76/76/76 80/80/80 78/78/78 
f 80/80/80 81/81/81 78/78/78 
f 78/78/78 81/81/81 82/82/82 
f 81/81/81 82/82/82 82/82/82 
f 82/82/82 82/82/82 74/74/74 
f 82/82/82 74/74/74 74/74/74 
f 74/74/74 74/74/74 74/74/74 
f 74/74/74 83/83/83 74/74/74 
f 74/74/74 83/83/83 79/79/79 
f 83/83/83 84/84/84 79/79/79 
f 79/79/79 84/84/84 85/85/85 
f 84/84/84 85/85/85 85/85/85 
f 85/85/85 85/85/85 86/86/86 
f 85/85/85 86/86/86 86/86/86 
f 86/86/86 86/86/86 86/86/86 
f 86/86/86 87/87/87 86/86/86 
f 86/86/86 87/87/87 88/88/88 
f 87/87/87 89/89/89 88/88/88 
f 88/88/88 89/89/89 90/90/90 
f 89/89/89 90/90/90 90/90/90 
f 90/90/90 90/90/90 87/87/87 
f 90/90/90 87/87/87 87/87/87 
f 87/87/87 87/87/87 87/87/87 
f 87/87/87 91/91/91 87/87/87 
f 87/87/87 91/91/91 89/89/89 
f 91/91/91 92/92/92 89/89/89 
f 89/89/89 92/92/92 93/93/93 
f 92/92/92 94/94/94 93/93/93 
f 93/93/93 94/94/94 95/95/95 
f 94/94/94 95/95/95 95/95/95 
f 95/95/95 95/95/95 87/87/87 
f 95/95/95 87/87/87 87/87/87 
f 87/87/87 87/87/87 87/87/87 
f 87/87/87 96/96/96 87/87/87 
f 87/87/87 96/96/96 91/91/91 
f 96/96/96 97/97/97 91/91/91 
f 91/91/91 97/97/97 98/98/98 
f 97/97/97 98/98/98 98/98/98 
f 98/98/98 98/98/98 91/91/91 
f 98/98/98 91/91/91 91/91/91 
f 91/91/91 91/91/91 91/91/91 
f 91/91/91 98/98/98 91/91/91 
f 91/91/91 98/98/98 92/92/92 
f 98/98/98 99/99/99 92/92/92 
f 92/92/92 99/99/99 99/99/99 
f 99/99/99 100/100/100 99/99/99 
f 99/99/99 100/100/100 100/100/100 
f 100/100/100 101/101/101 100/100/100 
f 100/100/100 101/101/101 102/102/102 
f 101/101/101 103/103/103 102/102/102 
f 102/102/102 103/103/103 104/104/104 
f 103/103/103 105/105/105 104/104/104 
f 104/104/104 105/105/105 106/106/106 
f 105/105/105 107/107/107 106/106/106 
f 106/106/106 107/107/107 108/108/108 
f 107/107/107 109/109/109 108/108/108 
f 108/108/108 109/109/109 110/110/110 
f 109/109/109 111/111/111 110/110/110 
f 110/110/110 111/111/111 112/112/112 
f 111/111/111 113/113/113 112/112/112 
f 112/112/112 113/113/113 114/114/114 
f 113/113/113 115/115/115 114/114/114 
f 114/114/114 115/115/115 116/116/116 
f 115/115/115 117/117/117 116/116/116 
f 116/116/116 117/117/117 118/118/118 
f 117/117/117 119/119/119 118/118/118 
f 118/118/118 119/119/119 120/120/120 
f 119/119/119 121/121/121 120/120/120 
f 120/120/120 121/121/121 122/122/122 
f 121/121/121 123/123/123 122/122/122 
f 122/122/122 123/123/123 124/124/124 
f 123/123/123 125/125/125 124/124/124 
f 124/124/124 125/125/125 126/126/126 
f 125/125/125 127/127/127 126/126/126 
f 126/126/126 127/127/127 128/128/128 
f 127/127/127 129/129/129 128/128/128 
f 128/128/128 129/129/129 130/130/130 
f 129/129/129 131/131/131 130/130/130 
f 130/130/130 131/131/131 132/132/132 
f 131/131/131 133/133/133 132/132/132 
f 132/132/132 133/133/133 133/133/133 
f 133/133/133 101/101/101 133/133/133 
f 133/133/133 101/101/101 101/101/101 
f 101/101/101 134/134/134 101/101/101 
f 101/101/101 134/134/134 103/103/103 
f 134/134/134 135/135/135 103/103/103 
f 103/103/103 135/135/135 105/105/105 
f 135/135/135 136/136/136 105/105/105 
f 105/105/105 136/136/136 107/107/107 
f 136/136/136 137/137/137 107/107/107 
f 107/107/107 137/137/137 109/109/109 
f 137/137/137 138/138/138 109/109/109 
f 109/109/109 138/138/138 111/111/111 
f 138/138/138 139/139/139 111/111/111 
f 111/111/111 139/139/139 113/113/113 
f 139/139/139 140/140/140 113/113/113 
f 113/113/113 140/140/140 115/115/115 
f 140/140/140 141/141/141 115/115/115 
f 115/115/115 141/141/141 117/117/117 
f 141/141/141 142/142/142 117/117/117 
f 117/117/117 142/142/142 119/119/119 
f 142/142/142 143/143/143 119/119/119 
f 119/119/119 143/143/143 121/121/121 
f 143/143/143 144/144/144 121/121/121 
f 121/121/121 144/144/144 123/123/123 
f 144/144/144 145/145/145 123/123/123 
f 123/123/123 145/145/145 125/125/125 
f 145/145/145 146/146/146 125/125/125 
f 125/125/125 146/146/146 127/127/127 
f 146/146/146 147/147/147 127/127/127 
f 127/127/127 147/147/147 129/129/129 
f 147/147/147 148/148/148 129/129/129 
f 129/129/129 148/148/148 131/131/131 
f 148/148/148 149/149/149 131/131/131 
f 131/131/131 149/149/149 133/133/133 
f 149/149/149 133/133/133 133/133/133 
f 133/133/133 133/133/133 134/134/134 
f 133/133/133 134/134/134 134/134/134 
f 134/134/134 134/134/134 134/134/134 
f 134/134/134 150/150/150 134/134/134 
f 134/134/134 150/150/150 135/135/135 
f 150/150/150 151/151/151 135/135/135 
f 135/135/135 151/151/151 136/136/136 
f 151/151/151 152/152/152 136/136/136 
f 136/136/136 152/152/152 137/137/137 
f 152/152/152 153/153/153 137/137/137 
f 137/137/137 153/153/153 138/138/138 
f 153/153/153 154/154/154 138/138/138 
f 138/138/138 154/154/154 139/139/139 
f 154/154/154 155/155/155 139/139/139 
f 139/139/139 155/155/155 140/140/140 
f 155/155/155 156/156/156 140/140/140 
f 140/140/140 156/156/156 141/141/141 
f 156/156/156 157/157/157 141/141/141 
f 141/141/141 157/157/157 142/142/142 
f 157/157/157 158/158/158 142/142/142 
f 142/142/142 158/158/158 143/143/143 
f 158/158/158 159/159/159 143/143/143 
f 143/143/143 159/159/159 144/144/144 
f 159/159/159 160/160/160 144/144/144 
f 144/144/144 160/160/160 145/145/145 
f 160/160/160 161/161/161 145/145/145 
f 145/145/145 161/161/161 146/146/146 
f 161/161/161 162/162/162 146/146/146 
f 146/146/146 162/162/162 147/147/147 
f 162/162/162 163/163/163 147/147/147 
f 147/147/147 163/163/163 148/148/148 
f 163/163/163 164/164/164 148/148/148 
f 148/148/148 164/164/164 149/149/149 
f 164/164/164 165/165/165 149/149/149 
f 149/149/149 165/165/165 165/165/165 
f 165/165/165 150/150/150 165/165/165 
f 165/165/165 150/150/150 150/150/150 
f 150/150/150 134/134/134 150/150/150 
f 150/150/150 134/134/134 166/166/166 
f 134/134/134 167/167/167 166/166/166 
f 166/166/166 167/167/167 167/167/167 
f 167/167/167 168/168/168 167/167/167 
f 167/167/167 168/168/168 168/168/168 
f 168/168/168 169/169/169 168/168/168 
f 168/168/168 169/169/169 170/170/170 
f 169/169/169 171/171/171 170/170/170 
f 170/170/170 171/171/171 172/172/172 
f 171/171/171 173/173/173 172/172/172 
f 172/172/172 173/173/173 174/174/174 
f 173/173/173 175/175/175 174/174/174 
f 174/174/174 175/175/175 176/176/176 
f 175/175/175 177/177/177 176/176/176 
f 176/176/176 177/177/177 178/178/178 
f 177/177/177 179/179/179 178/178/178 
f 178/178/178 179/179/179 180/180/180 
f 179/179/179 181/181/181 180/180/180 
f 180/180/180 181/181/181 182/182/182 
f 181/181/181 183/183/183 182/182/182 
f 182/182/182 183/183/183 184/184/184 
f 183/183/183 185/185/185 184/184/184 
f 184/184/184 185/185/185 186/186/186 
f 185/185/185 187/187/187 186/186/186 
f 186/186/186 187/187/187 188/188/188 
f 187/187/187 189/189/189 188/188/188 
f 188/188/188 189/189/189 190/190/190 
f 189/189/189 191/191/191 190/190/190 
f 190/190/190 191/191/191 192/192/192 
f 191/191/191 193/193/193 192/192/192 
f 192/192/192 193/193/193 194/194/194 
f 193/193/193 195/195/195 194/194/194 
f 194/194/194 195/195/195 196/196/196 
f 195/195/195 197/197/197 196/196/196 
f 196/196/196 197/197/197 198/198/198 
f 197/197/197 199/199/199 198/198/198 
f 198/198/198 199/199/199 200/200/200 
f 199/199/199 201/201/201 200/200/200 
f 200/200/200 201/201/201 201/201/201 
f 201/201/201 202/202/202 201/201/201 
f 201/201/201 202/202/202 202/202/202 
f 202/202/202 203/203/203 202/202/202 
f 202/202/202 203/203/203 204/204/204 
f 203/203/203 205/205/205 204/204/204 
f 204/204/204 205/205/205 206/206/206 
f 205/205/205 207/207/207 206/206/206 
f 206/206/206 207/207/207 208/208/208 
f 207/207/207 205/205/205 208/208/208 
f 208/208/208 205/205/205 209/209/209 
f 205/205/205 210/210/210 209/209/209 
f 209/209/209 210/210/210 211/211/211 
f 210/210/210 212/212/212 211/211/211 
f 211/211/211 212/212/212 213/213/213 
f 212/212/212 214/214/214 213/213/213 
f 213/213/213 214/214/214 214/214/214 
f 214/214/214 205/205/205 214/214/214 
f 214/214/214 205/205/205 205/205/205 
f 205/205/205 203/203/203 205/205/205 
f 205/205/205 203/203/203 210/210/210 
f 203/203/203 215/215/215 210/210/210 
f 210/210/210 215/215/215 216/216/216 
f 215/215/215 216/216/216 216/216/216 
f 216/216/216 216/216/216 216/216/216 
f 216/216/216 217/217/217 216/216/216 
f 216/216/216 217/217/217 210/210/210 
f 217/217/217 212/212/212 210/210/210 
f 210/210/210 212/212/212 212/212/212 
f 212/212/212 217/217/217 212/212/212 
f 212/212/212 217/217/217 217/217/217 
f 217/217/217 218/218/218 217/217/217 
f 217/217/217 218/218/218 212/212/212 
f 218/218/218 214/214/214 212/212/212 
f 212/212/212 214/214/214 214/214/214 
f 214/214/214 219/219/219 214/214/214 
f 214/214/214 219/219/219 219/219/219 
f 219/219/219 220/220/220 219/219/219 
f 219/219/219 220/220/220 221/221/221 
f 220/220/220 222/222/222 221/221/221 
f 221/221/221 222/222/222 223/223/223 
f 222/222/222 224/224/224 223/223/223 
f 223/223/223 224/224/224 225/225/225 
f 224/224/224 226/226/226 225/225/225 
f 225/225/225 226/226/226 226/226/226 
f 226/226/226 224/224/224 226/226/226 
f 226/226/226 224/224/224 224/224/224 
f 224/224/224 222/222/222 224/224/224 
f 224/224/224 222/222/222 226/226/226 
f 222/222/222 220/220/220 226/226/226 
f 226/226/226 220/220/220 220/220/220 
f 220/220/220 227/227/227 220/220/220 
f 220/220/220 227/227/227 227/227/227 
f 227/227/227 228/228/228 227/227/227 
f 227/227/227 228/228/228 229/229/229 
f 228/228/228 230/230/230 229/229/229 
f 229/229/229 230/230/230 231/231/231 
f 230/230/230 232/232/232 231/231/231 
f 231/231/231 232/232/232 233/233/233 
f 232/232/232 234/234/234 233/233/233 
f 233/233/233 234/234/234 234/234/234 
f 234/234/234 232/232/232 234/234/234 
f 234/234/234 232/232/232 232/232/232 
f 232/232/232 230/230/230 232/232/232 
f 232/232/232 230/230/230 234/234/234 
f 230/230/230 228/228/228 234/234/234 
f 234/234/234 228/228/228 235/235/235 
f 228/228/228 235/235/235 235/235/235 
f 235/235/235 235/235/235 236/236/236 
f 235/235/235 236/236/236 236/236/236 
f 236/236/236 236/236/236 236/236/236 
f 236/236/236 237/237/237 236/236/236 
f 236/236/236 237/237/237 238/238/238 
f 237/237/237 239/239/239 238/238/238 
f 238/238/238 239/239/239 240/240/240 
f 239/239/239 241/241/241 240/240/240 
f 240/240/240 241/241/241 242/242/242 
f 241/241/241 243/243/243 242/242/242 
f 242/242/242 243/243/243 244/244/244 
f 243/243/243 245/245/245 244/244/244 
f 244/244/244 245/245/245 246/246/246 
f 245/245/245 247/247/247 246/246/246 
f 246/246/246 247/247/247 248/248/248 
f 247/247/247 249/249/249 248/248/248 
f 248/248/248 249/249/249 250/250/250 
f 249/249/249 251/251/251 250/250/250 
f 250/250/250 251/251/251 252/252/252 
f 251/251/251 253/253/253 252/252/252 
f 252/252/252 253/253/253 254/254/254 
f 253/253/253 255/255/255 254/254/254 
f 254/254/254 255/255/255 256/256/256 
f 255/255/255 257/257/257 256/256/256 
f 256/256/256 257/257/257 258/258/258 
f 257/257/257 259/259/259 258/258/258 
f 258/258/258 259/259/259 260/260/260 
f 259/259/259 261/261/261 260/260/260 
f 260/260/260 261/261/261 262/262/262 
f 261/261/261 263/263/263 262/262/262 
f 262/262/262 263/263/263 264/264/264 
f 263/263/263 265/265/265 264/264/264 
f 264/264/264 265/265/265 266/266/266 
f 265/265/265 267/267/267 266/266/266 
f 266/266/266 267/267/267 268/268/268 
f 267/267/267 269/269/269 268/268/268 
f 268/268/268 269/269/269 269/269/269 
f 269/269/269 237/237/237 269/269/269 
f 269/269/269 237/237/237 237/237/237 
f 237/237/237 270/270/270 237/237/237 
f 237/237/237 270/270/270 239/239/239 
f 270/270/270 271/271/271 239/239/239 
f 239/239/239 271/271/271 241/241/241 
f 271/271/271 272/272/272 241/241/241 
f 241/241/241 272/272/272 243/243/243 
f 272/272/272 273/273/273 243/243/243 
f 243/243/243 273/273/273 245/245/245 
f 273/273/273 274/274/274 245/245/245 
f 245/245/245 274/274/274 247/247/247 
f 274/274/274 275/275/275 247/247/247 
f 247/247/247 275/275/275 249/249/249 
f 275/275/275 276/276/276 249/249/249 
f 249/249/249 276/276/276 251/251/251 
f 276/276/276 277/277/277 251/251/251 
f 251/251/251 277/277/277 253/253/253 
f 277/277/277 278/278/278 253/253/253 
f 253/253/253 278/278/278 255/255/255 
f 278/278/278 279/279/279 255/255/255 
f 255/255/255 279/279/279 257/257/257 
f 279/279/279 280/280/280 257/257/257 
f 257/257/257 280/280/280 259/259/259 
f 280/280/280 281/281/281 259/259/259 
f 259/259/259 281/281/281 261/261/261 
f 281/281/281 282/282/282 261/261/261 
f 261/261/261 282/282/282 263/263/263 
f 282/282/282 283/283/283 263/263/263 
f 263/263/263 283/283/283 265/265/265 
f 283/283/283 284/284/284 265/265/265 
f 265/265/265 284/284/284 267/267/267 
f 284/284/284 285/285/285 267/267/267 
f 267/267/267 285/285/285 269/269/269 
f 285/285/285 269/269/269 269/269/269 
f 269/269/269 269/269/269 270/270/270 
f 269/269/269 270/270/270 270/270/270 
f 270/270/270 270/270/270 270/270/270 
f 270/270/270 286/286/286 270/270/270 
f 270/270/270 286/286/286 271/271/271 
f 286/286/286 287/287/287 271/271/271 
f 271/271/271 287/287/287 272/272/272 
f 287/287/287 288/288/288 272/272/272 
f 272/272/272 288/288/288 273/273/273 
f 288/288/288 289/289/289 273/273/273 
f 273/273/273 289/289/289 274/274/274 
f 289/289/289 290/290/290 274/274/274 
f 274/274/274 290/290/290 275/275/275 
f 290/290/290 291/291/291 275/275/275 
f 275/275/275 291/291/291 276/276/276 
f 291/291/291 292/292/292 276/276/276 
f 276/276/276 292/292/292 277/277/277 
f 292/292/292 293/293/293 277/277/277 
f 277/277/277 293/293/293 278/278/278 
f 293/293/293 294/294/294 278/278/278 
f 278/278/278 294/294/294 279/279/279 
f 294/294/294 295/295/295 279/279/279 
f 279/279/279 295/295/295 280/280/280 
f 295/295/295 296/296/296 280/280/280 
f 280/280/280 296/296/296 281/281/281 
f 296/296/296 297/297/297 281/281/281 
f 281/281/281 297/297/297 282/282/282 
f 297/297/297 298/298/298 282/282/282 
f 282/282/282 298/298/298 283/283/283 
f 298/298/298 299/299/299 283/283/283 
f 283/283/283 299/299/299 284/284/284 
f 299/299/299 300/300/300 284/284/284 
f 284/284/284 300/300/300 285/285/285 
f 300/300/300 301/301/301 285/285/285 
f 285/285/285 301/301/301 301/301/301 
f 301/301/301 286/286/286 301/301/301 
f 301/301/301 286/286/286 286/286/286 
f 286/286/286 302/302/302 286/286/286 
f 286/286/286 302/302/302 287/287/287 
f 302/302/302 303/303/303 287/287/287 
f 287/287/287 303/303/303 288/288/288 
f 303/303/303 304/304/304 288/288/288 
f 288/288/288 304/304/304 289/289/289 
f 304/304/304 305/305/305 289/289/289 
f 289/289/289 305/305/305 290/290/290 
f 305/305/305 306/306/306 290/290/290 
f 290/290/290 306/306/306 291/291/291 
f 306/306/306 307/307/307 291/291/291 
f 291/291/291 307/307/307 292/292/292 
f 307/307/307 308/308/308 292/292/292 
f 292/292/292 308/308/308 293/293/293 
f 308/308/308 309/309/309 293/293/293 
f 293/293/293 309/309/309 294/294/294 
f 309/309/309 310/310/310 294/294/294 
f 294/294/294 310/310/310 295/295/295 
f 310/310/310 311/311/311 295/295/295 
f 295/295/295 311/311/311 296/296/296 
f 311/311/311 312/312/312 296/296/296 
f 296/296/296 312/312/312 297/297/297 
f 312/312/312 313/313/313 297/297/297 
f 297/297/297 313/313/313 298/298/298 
f 313/313/313 314/314/314 298/298/298 
f 298/298/298 314/314/314 299/299/299 
f 314/314/314 315/315/315 299/299/299 
f 299/299/299 315/315/315 300/300/300 
f 315/315/315 316/316/316 300/300/300 
f 300/300/300 316/316/316 301/301/301 
f 316/316/316 301/301/301 301/301/301 
f 301/301/301 301/301/301 302/302/302 
f 301/301/301 302/302/302 302/302/302 
f 302/302/302 302/302/302 302/302/302 
f 302/302/302 317/317/317 302/302/302 
f 302/302/302 317/317/317 303/303/303 
f 317/317/317 318/318/318 303/303/303 
f 303/303/303 318/318/318 304/304/304 
f 318/318/318 319/319/319 304/304/304 
f 304/304/304 319/319/319 305/305/305 
f 319/319/319 320/320/320 305/305/305 
f 305/305/305 320/320/320 306/306/306 
f 320/320/320 321/321/321 306/306/306 
f 306/306/306 321/321/321 307/307/307 
f 321/321/321 322/322/322 307/307/307 
f 307/307/307 322/322/322 308/308/308 
f 322/322/322 323/323/323 308/308/308 
f 308/308/308 323/323/323 309/309/309 
f 323/323/323 324/324/324 309/309/309 
f 309/309/309 324/324/324 310/310/310 
f 324/324/324 325/325/325 310/310/310 
f 310/310/310 325/325/325 311/311/311 
f 325/325/325 326/326/326 311/311/311 
f 311/311/311 326/326/326 312/312/312 
f 326/326/326 327/327/327 312/312/312 
f 312/312/312 327/327/327 313/313/313 
f 327/327/327 328/328/328 313/313/313 
f 313/313/313 328/328/328 314/314/314 
f 328/328/328 329/329/329 314/314/314 
f 314/314/314 329/329/329 315/315/315 
f 329/329/329 330/330/330 315/315/315 
f 315/315/315 330/330/330 316/316/316 
f 330/330/330 331/331/331 316/316/316 
f 316/316/316 331/331/331 331/331/331 
f 331/331/331 317/317/317 331/331/331 
f 331/331/331 317/317/317 317/317/317 
f 317/317/317 302/302/302 317/317/317 
f 317/317/317 302/302/302 332/332/332 
f 302/302/302 333/333/333 332/332/332 
f 332/332/332 333/333/333 334/334/334 
f 333/333/333 335/335/335 334/334/334 
f 334/334/334 335/335/335 335/335/335 
f 335/335/335 333/333/333 335/335/335 
f 335/335/335 333/333/333 336/336/336 
f 333/333/333 286/286/286 336/336/336 
f 336/336/336 286/286/286 270/270/270 
f 286/286/286 270/270/270 270/270/270 
f 270/270/270 270/270/270 336/336/336 
f 270/270/270 336/336/336 336/336/336 
f 336/336/336 336/336/336 336/336/336 
f 336/336/336 270/270/270 336/336/336 
f 336/336/336 270/270/270 337/337/337 
f 270/270/270 237/237/237 337/337/337 
f 337/337/337 237/237/237 237/237/237 
f 237/237/237 338/338/338 237/237/237 
f 237/237/237 338/338/338 338/338/338 
f 338/338/338 339/339/339 338/338/338 
f 338/338/338 339/339/339 340/340/340 
f 339/339/339 341/341/341 340/340/340 
f 340/340/340 341/341/341 341/341/341 
f 341/341/341 339/339/339 341/341/341 
f 341/341/341 339/339/339 342/342/342 
f 339/339/339 343/343/343 342/342/342 
f 342/342/342 343/343/343 344/344/344 
f 343/343/343 345/345/345 344/344/344 
f 344/344/344 345/345/345 345/345/345 
f 345/345/345 344/344/344 345/345/345 
f 345/345/345 344/344/344 344/344/344 
f 344/344/344 346/346/346 344/344/344 
f 344/344/344 346/346/346 342/342/342 
f 346/346/346 341/341/341 342/342/342 
f 342/342/342 341/341/341 341/341/341 
f 341/341/341 347/347/347 341/341/341 
f 341/341/341 347/347/347 347/347/347 
f 347/347/347 348/348/348 347/347/347 
f 347/347/347 348/348/348 349/349/349 
f 348/348/348 350/350/350 349/349/349 
f 349/349/349 350/350/350 351/351/351 
f 350/350/350 352/352/352 351/351/351 
f 351/351/351 352/352/352 353/353/353 
f 352/352/352 354/354/354 353/353/353 
f 353/353/353 354/354/354 355/355/355 
f 354/354/354 356/356/356 355/355/355 
f 355/355/355 356/356/356 357/357/357 
f 356/356/356 357/357/357 357/357/357 
f 357/357/357 357/357/357 350/350/350 
f 357/357/357 350/350/350 350/350/350 
f 350/350/350 350/350/350 350/350/350 
f 350/350/350 358/358/358 350/350/350 
f 350/350/350 358/358/358 352/352/352 
f 358/358/358 359/359/359 352/352/352 
f 352/352/352 359/359/359 354/354/354 
f 359/359/359 360/360/360 354/354/354 
f 354/354/354 360/360/360 356/356/356 
f 360/360/360 356/356/356 356/356/356 
f 356/356/356 356/356/356 350/350/350 
f 356/356/356 350/350/350 350/350/350 
f 350/350/350 350/350/350 350/350/350 
f 350/350/350 348/348/348 350/350/350 
f 350/350/350 348/348/348 358/358/358 
f 348/348/348 361/361/361 358/358/358 
f 358/358/358 361/361/361 359/359/359 
f 361/361/361 362/362/362 359/359/359 
f 359/359/359 362/362/362 360/360/360 
f 362/362/362 360/360/360 360/360/360 
f 360/360/360 360/360/360 363/363/363 
f 360/360/360 363/363/363 363/363/363 
f 363/363/363 363/363/363 363/363/363 
f 363/363/363 364/364/364 363/363/363 
f 363/363/363 364/364/364 365/365/365 
f 364/364/364 366/366/366 365/365/365 
f 365/365/365 366/366/366 367/367/367 
f 366/366/366 368/368/368 367/367/367 
f 367/367/367 368/368/368 369/369/369 
f 368/368/368 370/370/370 369/369/369 
f 369/369/369 370/370/370 370/370/370 
f 370/370/370 368/368/368 370/370/370 
f 370/370/370 368/368/368 368/368/368 
f 368/368/368 366/366/366 368/368/368 
f 368/368/368 366/366/366 371/371/371 
f 366/366/366 372/372/372 371/371/371 
f 371/371/371 372/372/372 373/373/373 
f 372/372/372 374/374/374 373/373/373 
f 373/373/373 374/374/374 375/375/375 
f 374/374/374 355/355/355 375/375/375 
f 375/375/375 355/355/355 376/376/376 
f 355/355/355 377/377/377 376/376/376 
f 376/376/376 377/377/377 378/378/378 
f 377/377/377 378/378/378 378/378/378 
f 378/378/378 378/378/378 373/373/373 
f 378/378/378 373/373/373 373/373/373 
f 373/373/373 373/373/373 373/373/373 
f 373/373/373 375/375/375 373/373/373 
f 373/373/373 375/375/375 371/371/371 
f 375/375/375 368/368/368 371/371/371 
f 371/371/371 368/368/368 368/368/368 
f 368/368/368 375/375/375 368/368/368 
f 368/368/368 375/375/375 370/370/370 
f 375/375/375 379/379/379 370/370/370 
f 370/370/370 379/379/379 379/379/379 
f 379/379/379 375/375/375 379/379/379 
f 379/379/379 375/375/375 375/375/375 
f 375/375/375 376/376/376 375/375/375 
f 375/375/375 376/376/376 379/379/379 
f 376/376/376 378/378/378 379/379/379 
f 379/379/379 378/378/378 378/378/378 
f 378/378/378 380/380/380 378/378/378 
f 378/378/378 380/380/380 380/380/380 
f 380/380/380 365/365/365 380/380/380 
f 380/380/380 365/365/365 381/381/381 
f 365/365/365 367/367/367 381/381/381 
f 381/381/381 367/367/367 369/369/369 
f 367/367/367 369/369/369 369/369/369 
f 369/369/369 369/369/369 351/351/351 
f 369/369/369 351/351/351 351/351/351 
f 351/351/351 351/351/351 351/351/351 
f 351/351/351 353/353/353 351/351/351 
f 351/351/351 353/353/353 382/382/382 
f 353/353/353 383/383/383 382/382/382 
f 382/382/382 383/383/383 384/384/384 
f 383/383/383 374/374/374 384/384/384 
f 384/384/384 374/374/374 385/385/385 
f 374/374/374 385/385/385 385/385/385 
f 385/385/385 385/385/385 374/374/374 
f 385/385/385 374/374/374 374/374/374 
f 374/374/374 374/374/374 374/374/374 
f 374/374/374 383/383/383 374/374/374 
f 374/374/374 383/383/383 355/355/355 
f 383/383/383 353/353/353 355/355/355 
f 355/355/355 353/353/353 353/353/353 
f 353/353/353 386/386/386 353/353/353 
f 353/353/353 386/386/386 386/386/386 
f 386/386/386 387/387/387 386/386/386 
f 386/386/386 387/387/387 388/388/388 
f 387/387/387 389/389/389 388/388/388 
f 388/388/388 389/389/389 389/389/389 
f 389/389/389 387/387/387 389/389/389 
f 389/389/389 387/387/387 390/390/390 
f 387/387/387 391/391/391 390/390/390 
f 390/390/390 391/391/391 392/392/392 
f 391/391/391 393/393/393 392/392/392 
f 392/392/392 393/393/393 393/393/393 
f 393/393/393 392/392/392 393/393/393 
f 393/393/393 392/392/392 392/392/392 
f 392/392/392 394/394/394 392/392/392 
f 392/392/392 394/394/394 390/390/390 
f 394/394/394 389/389/389 390/390/390 
f 390/390/390 389/389/389 389/389/389 
f 389/389/389 395/395/395 389/389/389 
f 389/389/389 395/395/395 395/395/395 
f 395/395/395 396/396/396 395/395/395 
f 395/395/395 396/396/396 397/397/397 
f 396/396/396 398/398/398 397/397/397 
f 397/397/397 398/398/398 399/399/399 
f 398/398/398 400/400/400 399/399/399 
f 399/399/399 400/400/400 401/401/401 
f 400/400/400 402/402/402 401/401/401 
f 401/401/401 402/402/402 403/403/403 
f 402/402/402 404/404/404 403/403/403 
f 403/403/403 404/404/404 405/405/405 
f 404/404/404 406/406/406 405/405/405 
f 405/405/405 406/406/406 407/407/407 
f 406/406/406 408/408/408 407/407/407 
f 407/407/407 408/408/408 409/409/409 
f 408/408/408 410/410/410 409/409/409 
f 409/409/409 410/410/410 411/411/411 
f 410/410/410 412/412/412 411/411/411 
f 411/411/411 412/412/412 413/413/413 
f 412/412/412 414/414/414 413/413/413 
f 413/413/413 414/414/414 415/415/415 
f 414/414/414 416/416/416 415/415/415 
f 415/415/415 416/416/416 417/417/417 
f 416/416/416 418/418/418 417/417/417 
f 417/417/417 418/418/418 419/419/419 
f 418/418/418 420/420/420 419/419/419 
f 419/419/419 420/420/420 421/421/421 
f 420/420/420 422/422/422 421/421/421 
f 421/421/421 422/422/422 423/423/423 
f 422/422/422 424/424/424 423/423/423 
f 423/423/423 424/424/424 425/425/425 
f 424/424/424 426/426/426 425/425/425 
f 425/425/425 426/426/426 427/427/427 
f 426/426/426 428/428/428 427/427/427 
f 427/427/427 428/428/428 429/429/429 
f 428/428/428 430/430/430 429/429/429 
f 429/429/429 430/430/430 431/431/431 
f 430/430/430 432/432/432 431/431/431 
f 431/431/431 432/432/432 432/432/432 
f 432/432/432 396/396/396 432/432/432 
f 432/432/432 396/396/396 396/396/396 
f 396/396/396 433/433/433 396/396/396 
f 396/396/396 433/433/433 398/398/398 
f 433/433/433 434/434/434 398/398/398 
f 398/398/398 434/434/434 400/400/400 
f 434/434/434 435/435/435 400/400/400 
f 400/400/400 435/435/435 402/402/402 
f 435/435/435 436/436/436 402/402/402 
f 402/402/402 436/436/436 404/404/404 
f 436/436/436 437/437/437 404/404/404 
f 404/404/404 437/437/437 406/406/406 
f 437/437/437 438/438/438 406/406/406 
f 406/406/406 438/438/438 408/408/408 
f 438/438/438 439/439/439 408/408/408 
f 408/408/408 439/439/439 410/410/410 
f 439/439/439 440/440/440 410/410/410 
f 410/410/410 440/440/440 412/412/412 
f 440/440/440 441/441/441 412/412/412 
f 412/412/412 441/441/441 414/414/414 
f 441/441/441 442/442/442 414/414/414 
f 414/414/414 442/442/442 416/416/416 
f 442/442/442 443/443/443 416/416/416 
f 416/416/416 443/443/443 418/418/418 
f 443/443/443 444/444/444 418/418/418 
f 418/418/418 444/444/444 420/420/420 
f 444/444/444 445/445/445 420/420/420 
f 420/420/420 445/445/445 422/422/422 
f 445/445/445 446/446/446 422/422/422 
f 422/422/422 446/446/446 424/424/424 
f 446/446/446 447/447/447 424/424/424 
f 424/424/424 447/447/447 426/426/426 
f 447/447/447 448/448/448 426/426/426 
f 426/426/426 448/448/448 428/428/428 
f 448/448/448 449/449/449 428/428/428 
f 428/428/428 449/449/449 430/430/430 
f 449/449/449 450/450/450 430/430/430 
f 430/430/430 450/450/450 432/432/432 
f 450/450/450 451/451/451 432/432/432 
f 432/432/432 451/451/451 451/451/451 
f 451/451/451 433/433/433 451/451/451 
f 451/451/451 433/433/433 433/433/433 
f 433/433/433 452/452/452 433/433/433 
f 433/433/433 452/452/452 434/434/434 
f 452/452/452 453/453/453 434/434/434 
f 434/434/434 453/453/453 435/435/435 
f 453/453/453 454/454/454 435/435/435 
f 435/435/435 454/454/454 436/436/436 
f 454/454/454 455/455/455 436/436/436 
f 436/436/436 455/455/455 437/437/437 
f 455/455/455 456/456/456 437/437/437 
f 437/437/437 456/456/456 438/438/438 
f 456/456/456 457/457/457 438/438/438 
f 438/438/438 457/457/457 439/439/439 
f 457/457/457 458/458/458 439/439/439 
f 439/439/439 458/458/458 440/440/440 
f 458/458/458 459/459/459 440/440/440 
f 440/440/440 459/459/459 441/441/441 
f 459/459/459 460/460/460 441/441/441 
f 441/441/441 460/460/460 442/442/442 
f 460/460/460 461/461/461 442/442/442 
f 442/442/442 461/461/461 443/443/443 
f 461/461/461 462/462/462 443/443/443 
f 443/443/443 462/462/462 444/444/444 
f 462/462/462 463/463/463 444/444/444 
f 444/444/444 463/463/463 445/445/445 
f 463/463/463 464/464/464 445/445/445 
f 445/445/445 464/464/464 446/446/446 
f 464/464/464 465/465/465 446/446/446 
f 446/446/446 465/465/465 447/447/447 
f 465/465/465 466/466/466 447/447/447 
f 447/447/447 466/466/466 448/448/448 
f 466/466/466 467/467/467 448/448/448 
f 448/448/448 467/467/467 449/449/449 
f 467/467/467 468/468/468 449/449/449 
f 449/449/449 468/468/468 450/450/450 
f 468/468/468 469/469/469 450/450/450 
f 450/450/450 469/469/469 451/451/451 
f 469/469/469 470/470/470 451/451/451 
f 451/451/451 470/470/470 470/470/470 
f 470/470/470 471/471/471 470/470/470 
f 470/470/470 471/471/471 471/471/471 
f 471/471/471 472/472/472 471/471/471 
f 471/471/471 472/472/472 473/473/473 
f 472/472/472 474/474/474 473/473/473 
f 473/473/473 474/474/474 475/475/475 
f 474/474/474 476/476/476 475/475/475 
f 475/475/475 476/476/476 477/477/477 
f 476/476/476 478/478/478 477/477/477 
f 477/477/477 478/478/478 478/478/478 
f 478/478/478 476/476/476 478/478/478 
f 478/478/478 476/476/476 476/476/476 
f 476/476/476 474/474/474 476/476/476 
f 476/476/476 474/474/474 479/479/479 
f 474/474/474 472/472/472 479/479/479 
f 479/479/479 472/472/472 480/480/480 
f 472/472/472 480/480/480 480/480/480 
f 480/480/480 480/480/480 479/479/479 
f 480/480/480 479/479/479 479/479/479 
f 479/479/479 479/479/479 479/479/479 
f 479/479/479 481/481/481 479/479/479 
f 479/479/479 481/481/481 476/476/476 
f 481/481/481 482/482/482 476/476/476 
f 476/476/476 482/482/482 478/478/478 
f 482/482/482 478/478/478 478/478/478 
f 478/478/478 478/478/478 483/483/483 
f 478/478/478 483/483/483 483/483/483 
f 483/483/483 483/483/483 483/483/483 
f 483/483/483 484/484/484 483/483/483 
f 483/483/483 484/484/484 485/485/485 
f 484/484/484 486/486/486 485/485/485 
f 485/485/485 486/486/486 487/487/487 
f 486/486/486 488/488/488 487/487/487 
f 487/487/487 488/488/488 489/489/489 
f 488/488/488 490/490/490 489/489/489 
f 489/489/489 490/490/490 491/491/491 
f 490/490/490 492/492/492 491/491/491 
f 491/491/491 492/492/492 493/493/493 
f 492/492/492 494/494/494 493/493/493 
f 493/493/493 494/494/494 495/495/495 
f 494/494/494 496/496/496 495/495/495 
f 495/495/495 496/496/496 497/497/497 
f 496/496/496 498/498/498 497/497/497 
f 497/497/497 498/498/498 499/499/499 
f 498/498/498 500/500/500 499/499/499 
f 499/499/499 500/500/500 501/501/501 
f 500/500/500 502/502/502 501/501/501 
f 501/501/501 502/502/502 503/503/503 
f 502/502/502 504/504/504 503/503/503 
f 503/503/503 504/504/504 505/505/505 
f 504/504/504 506/506/506 505/505/505 
f 505/505/505 506/506/506 507/507/507 
f 506/506/506 508/508/508 507/507/507 
f 507/507/507 508/508/508 509/509/509 
f 508/508/508 510/510/510 509/509/509 
f 509/509/509 510/510/510 511/511/511 
f 510/510/510 512/512/512 511/511/511 
f 511/511/511 512/512/512 513/513/513 
f 512/512/512 514/514/514 513/513/513 
f 513/513/513 514/514/514 515/515/515 
f 514/514/514 516/516/516 515/515/515 
f 515/515/515 516/516/516 516/516/516 
f 516/516/516 484/484/484 516/516/516 
f 516/516/516 484/484/484 484/484/484 
f 484/484/484 517/517/517 484/484/484 
f 484/484/484 517/517/517 486/486/486 
f 517/517/517 518/518/518 486/486/486 
f 486/486/486 518/518/518 488/488/488 
f 518/518/518 519/519/519 488/488/488 
f 488/488/488 519/519/519 490/490/490 
f 519/519/519 520/520/520 490/490/490 
f 490/490/490 520/520/520 492/492/492 
f 520/520/520 521/521/521 492/492/492 
f 492/492/492 521/521/521 494/494/494 
f 521/521/521 522/522/522 494/494/494 
f 494/494/494 522/522/522 496/496/496 
f 522/522/522 523/523/523 496/496/496 
f 496/496/496 523/523/523 498/498/498 
f 523/523/523 524/524/524 498/498/498 
f 498/498/498 524/524/524 500/500/500 
f 524/524/524 525/525/525 500/500/500 
f 500/500/500 525/525/525 502/502/502 
f 525/525/525 526/526/526 502/502/502 
f 502/502/502 526/526/526 504/504/504 
f 526/526/526 527/527/527 504/504/504 
f 504/504/504 527/527/527 506/506/506 
f 527/527/527 528/528/528 506/506/506 
f 506/506/506 528/528/528 508/508/508 
f 528/528/528 529/529/529 508/508/508 
f 508/508/508 529/529/529 510/510/510 
f 529/529/529 530/530/530 510/510/510 
f 510/510/510 530/530/530 512/512/512 
f 530/530/530 531/531/531 512/512/512 
f 512/512/512 531/531/531 514/514/514 
f 531/531/531 532/532/532 514/514/514 
f 514/514/514 532/532/532 516/516/516 
f 532/532/532 533/533/533 516/516/516 
f 516/516/516 533/533/533 533/533/533 
f 533/533/533 517/517/517 533/533/533 
f 533/533/533 517/517/517 517/517/517 
f 517/517/517 534/534/534 517/517/517 
f 517/517/517 534/534/534 518/518/518 
f 534/534/534 535/535/535 518/518/518 
f 518/518/518 535/535/535 519/519/519 
f 535/535/535 536/536/536 519/519/519 
f 519/519/519 536/536/536 520/520/520 
f 536/536/536 537/537/537 520/520/520 
f 520/520/520 537/537/537 521/521/521 
f 537/537/537 538/538/538 521/521/521 
f 521/521/521 538/538/538 522/522/522 
f 538/538/538 539/539/539 522/522/522 
f 522/522/522 539/539/539 523/523/523 
f 539/539/539 540/540/540 523/523/523 
f 523/523/523 540/540/540 524/524/524 
f 540/540/540 541/541/541 524/524/524 
f 524/524/524 541/541/541 525/525/525 
f 541/541/541 542/542/542 525/525/525 
f 525/525/525 542/542/542 526/526/526 
f 542/542/542 543/543/543 526/526/526 
f 526/526/526 543/543/543 527/527/527 
f 543/543/543 544/544/544 527/527/527 
f 527/527/527 544/544/544 528/528/528 
f 544/544/544 545/545/545 528/528/528 
f 528/528/528 545/545/545 529/529/529 
f 545/545/545 546/546/546 529/529/529 
f 529/529/529 546/546/546 530/530/530 
f 546/546/546 547/547/547 530/530/530 
f 530/530/530 547/547/547 531/531/531 
f 547/547/547 548/548/548 531/531/531 
f 531/531/531 548/548/548 532/532/532 
f 548/548/548 549/549/549 532/532/532 
f 532/532/532 549/549/549 533/533/533 
f 549/549/549 533/533/533 533/533/533 
f 533/533/533 533/533/533 534/534/534 
f 533/533/533 534/534/534 534/534/534 
f 534/534/534 534/534/534 534/534/534 
f 534/534/534 550/550/550 534/534/534 
f 534/534/534 550/550/550 535/535/535 
f 550/550/550 551/551/551 535/535/535 
f 535/535/535 551/551/551 536/536/536 
f 551/551/551 552/552/552 536/536/536 
f 536/536/536 552/552/552 537/537/537 
f 552/552/552 553/553/553 537/537/537 
f 537/537/537 553/553/553 538/538/538 
f 553/553/553 554/554/554 538/538/538 
f 538/538/538 554/554/554 539/539/539 
f 554/554/554 555/555/555 539/539/539 
f 539/539/539 555/555/555 540/540/540 
f 555/555/555 556/556/556 540/540/540 
f 540/540/540 556/556/556 541/541/541 
f 556/556/556 557/557/557 541/541/541 
f 541/541/541 557/557/557 542/542/542 
f 557/557/557 558/558/558 542/542/542 
f 542/542/542 558/558/558 543/543/543 
f 558/558/558 559/559/559 543/543/543 
f 543/543/543 559/559/559 544/544/544 
f 559/559/559 560/560/560 544/544/544 
f 544/544/544 560/560/560 545/545/545 
f 560/560/560 561/561/561 545/545/545 
f 545/545/545 561/561/561 546/546/546 
f 561/561/561 562/562/562 546/546/546 
f 546/546/546 562/562/562 547/547/547 
f 562/562/562 563/563/563 547/547/547 
f 547/547/547 563/563/563 548/548/548 
f 563/563/563 564/564/564 548/548/548 
f 548/548/548 564/564/564 549/549/549 
f 564/564/564 565/565/565 549/549/549 
f 549/549/549 565/565/565 565/565/565 
f 565/565/565 550/550/550 565/565/565 
f 565/565/565 550/550/550 550/550/550 
f 550/550/550 534/534/534 550/550/550 
f 550/550/550 534/534/534 566/566/566 
f 534/534/534 567/567/567 566/566/566 
f 566/566/566 567/567/567 567/567/567 
f 567/567/567 568/568/568 567/567/567 
f 567/567/567 568/568/568 568/568/568 
f 568/568/568 569/569/569 568/568/568 
f 568/568/568 569/569/569 570/570/570 
f 569/569/569 571/571/571 570/570/570 
f 570/570/570 571/571/571 571/571/571 
f 571/571/571 569/569/569 571/571/571 
f 571/571/571 569/569/569 569/569/569 
f 569/569/569 572/572/572 569/569/569 
f 569/569/569 572/572/572 571/571/571 
f 572/572/572 573/573/573 571/571/571 
f 571/571/571 573/573/573 574/574/574 
f 573/573/573 575/575/575 574/574/574 
f 574/574/574 575/575/575 575/575/575 
f 575/575/575 569/569/569 575/575/575 
f 575/575/575 569/569/569 569/569/569 
f 569/569/569 576/576/576 569/569/569 
f 569/569/569 576/576/576 572/572/572 
f 576/576/576 575/575/575 572/572/572 
f 572/572/572 575/575/575 573/573/573 
f 575/575/575 573/573/573 573/573/573 
f 573/573/573 573/573/573 576/576/576 
f 573/573/573 576/576/576 576/576/576 
f 576/576/576 576/576/576 576/576/576 
f 576/576/576 569/569/569 576/576/576 
f 576/576/576 569/569/569 577/577/577 
f 569/569/569 578/578/578 577/577/577 
f 577/577/577 578/578/578 578/578/578 
f 578/578/578 579/579/579 578/578/578 
f 578/578/578 579/579/579 579/579/579 
f 579/579/579 580/580/580 579/579/579 
f 579/579/579 580/580/580 581/581/581 
f 580/580/580 582/582/582 581/581/581 
f 581/581/581 582/582/582 583/583/583 
f 582/582/582 584/584/584 583/583/583 
f 583/583/583 584/584/584 585/585/585 
f 584/584/584 586/586/586 585/585/585 
f 585/585/585 586/586/586 587/587/587 
f 586/586/586 588/588/588 587/587/587 
f 587/587/587 588/588/588 589/589/589 
f 588/588/588 590/590/590 589/589/589 
f 589/589/589 590/590/590 591/591/591 
f 590/590/590 592/592/592 591/591/591 
f 591/591/591 592/592/592 593/593/593 
f 592/592/592 594/594/594 593/593/593 
f 593/593/593 594/594/594 595/595/595 
f 594/594/594 596/596/596 595/595/595 
f 595/595/595 596/596/596 597/597/597 
f 596/596/596 598/598/598 597/597/597 
f 597/597/597 598/598/598 599/599/599 
f 598/598/598 600/600/600 599/599/599 
f 599/599/599 600/600/600 601/601/601 
f 600/600/600 602/602/602 601/601/601 
f 601/601/601 602/602/602 603/603/603 
f 602/602/602 604/604/604 603/603/603 
f 603/603/603 604/604/604 605/605/605 
f 604/604/604 606/606/606 605/605/605 
f 605/605/605 606/606/606 607/607/607 
f 606/606/606 608/608/608 607/607/607 
f 607/607/607 608/608/608 609/609/609 
f 608/608/608 610/610/610 609/609/609 
f 609/609/609 610/610/610 611/611/611 
f 610/610/610 612/612/612 611/611/611 
f 611/611/611 612/612/612 612/612/612 
f 612/612/612 580/580/580 612/612/612 
f 612/612/612 580/580/580 580/580/580 
f 580/580/580 613/613/613 580/580/580 
f 580/580/580 613/613/613 582/582/582 
f 613/613/613 614/614/614 582/582/582 
f 582/582/582 614/614/614 584/584/584 
f 614/614/614 615/615/615 584/584/584 
f 584/584/584 615/615/615 586/586/586 
f 615/615/615 616/616/616 586/586/586 
f 586/586/586 616/616/616 588/588/588 
f 616/616/616 617/617/617 588/588/588 
f 588/588/588 617/617/617 590/590/590 
f 617/617/617 618/618/618 590/590/590 
f 590/590/590 618/618/618 592/592/592 
f 618/618/618 619/619/619 592/592/592 
f 592/592/592 619/619/619 594/594/594 
f 619/619/619 620/620/620 594/594/594 
f 594/594/594 620/620/620 596/596/596 
f 620/620/620 621/621/621 596/596/596 
f 596/596/596 621/621/621 598/598/598 
f 621/621/621 622/622/622 598/598/598 
f 598/598/598 622/622/622 600/600/600 
f 622/622/622 623/623/623 600/600/600 
f 600/600/600 623/623/623 602/602/602 
f 623/623/623 624/624/624 602/602/602 
f 602/602/602 624/624/624 604/604/604 
f 624/624/624 625/625/625 604/604/604 
f 604/604/604 625/625/625 606/606/606 
f 625/625/625 626/626/626 606/606/606 
f 606/606/606 626/626/626 608/608/608 
f 626/626/626 627/627/627 608/608/608 
f 608/608/608 627/627/627 610/610/610 
f 627/627/627 628/628/628 610/610/610 
f 610/610/610 628/628/628 612/612/612 
f 628/628/628 612/612/612 612/612/612 
f 612/612/612 612/612/612 613/613/613 
f 612/612/612 613/613/613 613/613/613 
f 613/613/613 613/613/613 613/613/613 
f 613/613/613 629/629/629 613/613/613 
f 613/613/613 629/629/629 614/614/614 
f 629/629/629 630/630/630 614/614/614 
f 614/614/614 630/630/630 615/615/615 
f 630/630/630 631/631/631 615/615/615 
f 615/615/615 631/631/631 616/616/616 
f 631/631/631 632/632/632 616/616/616 
f 616/616/616 632/632/632 617/617/617 
f 632/632/632 633/633/633 617/617/617 
f 617/617/617 633/633/633 618/618/618 
f 633/633/633 634/634/634 618/618/618 
f 618/618/618 634/634/634 619/619/619 
f 634/634/634 635/635/635 619/619/619 
f 619/619/619 635/635/635 620/620/620 
f 635/635/635 636/636/636 620/620/620 
f 620/620/620 636/636/636 621/621/621 
f 636/636/636 637/637/637 621/621/621 
f 621/621/621 637/637/637 622/622/622 
f 637/637/637 638/638/638 622/622/622 
f 622/622/622 638/638/638 623/623/623 
f 638/638/638 639/639/639 623/623/623 
f 623/623/623 639/639/639 624/624/624 
f 639/639/639 640/640/640 624/624/624 
f 624/624/624 640/640/640 625/625/625 
f 640/640/640 641/641/641 625/625/625 
f 625/625/625 641/641/641 626/626/626 
f 641/641/641 642/642/642 626/626/626 
f 626/626/626 642/642/642 627/627/627 
f 642/642/642 643/643/643 627/627/627 
f 627/627/627 643/643/643 628/628/628 
f 643/643/643 644/644/644 628/628/628 
f 628/628/628 644/644/644 644/644/644 
f 644/644/644 629/629/629 644/644/644 
f 644/644/644 629/629/629 629/629/629 
f 629/629/629 645/645/645 629/629/629 
f 629/629/629 645/645/645 630/630/630 
f 645/645/645 646/646/646 630/630/630 
f 630/630/630 646/646/646 631/631/631 
f 646/646/646 647/647/647 631/631/631 
f 631/631/631 647/647/647 632/632/632 
f 647/647/647 648/648/648 632/632/632 
f 632/632/632 648/648/648 633/633/633 
f 648/648/648 649/649/649 633/633/633 
f 633/633/633 649/649/649 634/634/634 
f 649/649/649 650/650/650 634/634/634 
f 634/634/634 650/650/650 635/635/635 
f 650/650/650 651/651/651 635/635/635 
f 635/635/635 651/651/651 636/636/636 
f 651/651/651 652/652/652 636/636/636 
f 636/636/636 652/652/652 637/637/637 
f 652/652/652 653/653/653 637/637/637 
f 637/637/637 653/653/653 638/638/638 
f 653/653/653 654/654/654 638/638/638 
f 638/638/638 654/654/654 639/639/639 
f 654/654/654 655/655/655 639/639/639 
f 639/639/639 655/655/655 640/640/640 
f 655/655/655 656/656/656 640/640/640 
f 640/640/640 656/656/656 641/641/641 
f 656/656/656 657/657/657 641/641/641 
f 641/641/641 657/657/657 642/642/642 
f 657/657/657 658/658/658 642/642/642 
f 642/642/642 658/658/658 643/643/643 
f 658/658/658 659/659/659 643/643/643 
f 643/643/643 659/659/659 644/644/644 
f 659/659/659 644/644/644 644/644/644 
f 644/644/644 644/644/644 645/645/645 
f 644/644/644 645/645/645 645/645/645 
f 645/645/645 645/645/645 645/645/645 
f 645/645/645 660/660/660 645/645/645 
f 645/645/645 660/660/660 646/646/646 
f 660/660/660 661/661/661 646/646/646 
f 646/646/646 661/661/661 647/647/647 
f 661/661/661 662/662/662 647/647/647 
f 647/647/647 662/662/662 648/648/648 
f 662/662/662 663/663/663 648/648/648 
f 648/648/648 663/663/663 649/649/649 
f 663/663/663 664/664/664 649/649/649 
f 649/649/649 664/664/664 650/650/650 
f 664/664/664 665/665/665 650/650/650 
f 650/650/650 665/665/665 651/651/651 
f 665/665/665 666/666/666 651/651/651 
f 651/651/651 666/666/666 652/652/652 
f 666/666/666 667/667/667 652/652/652 
f 652/652/652 667/667/667 653/653/653 
f 667/667/667 668/668/668 653/653/653 
f 653/653/653 668/668/668 654/654/654 
f 668/668/668 669/669/669 654/654/654 
f 654/654/654 669/669/669 655/655/655 
f 669/669/669 670/670/670 655/655/655 
f 655/655/655 670/670/670 656/656/656 
f 670/670/670 671/671/671 656/656/656 
f 656/656/656 671/671/671 657/657/657 
f 671/671/671 672/672/672 657/657/657 
f 657/657/657 672/672/672 658/658/658 
f 672/672/672 673/673/673 658/658/658 
f 658/658/658 673/673/673 659/659/659 
f 673/673/673 674/674/674 659/659/659 
f 659/659/659 674/674/674 674/674/674 
f 674/674/674 660/660/660 674/674/674 
f 674/674/674 660/660/660 660/660/660 
f 660/660/660 645/645/645 660/660/660 
f 660/660/660 645/645/645 675/675/675 
f 645/645/645 676/676/676 675/675/675 
f 675/675/675 676/676/676 677/677/677 
f 676/676/676 678/678/678 677/677/677 
f 677/677/677 678/678/678 678/678/678 
f 678/678/678 676/676/676 678/678/678 
f 678/678/678 676/676/676 679/679/679 
f 676/676/676 629/629/629 679/679/679 
f 679/679/679 629/629/629 613/613/613 
f 629/629/629 613/613/613 613/613/613 
f 613/613/613 613/613/613 679/679/679 
f 613/613/613 679/679/679 679/679/679 
f 679/679/679 679/679/679 679/679/679 
f 679/679/679 613/613/613 679/679/679 
f 679/679/679 613/613/613 680/680/680 
f 613/613/613 580/580/580 680/680/680 
f 680/680/680 580/580/580 580/580/580 
f 580/580/580 681/681/681 580/580/580 
f 580/580/580 681/681/681 681/681/681 
f 681/681/681 682/682/682 681/681/681 
f 681/681/681 682/682/682 683/683/683 
f 682/682/682 684/684/684 683/683/683 
f 683/683/683 684/684/684 685/685/685 
f 684/684/684 686/686/686 685/685/685 
f 685/685/685 686/686/686 687/687/687 
f 686/686/686 688/688/688 687/687/687 
f 687/687/687 688/688/688 689/689/689 
f 688/688/688 690/690/690 689/689/689 
f 689/689/689 690/690/690 691/691/691 
f 690/690/690 691/691/691 691/691/691 
f 691/691/691 691/691/691 684/684/684 
f 691/691/691 684/684/684 684/684/684 
f 684/684/684 684/684/684 684/684/684 
f 684/684/684 692/692/692 684/684/684 
f 684/684/684 692/692/692 686/686/686 
f 692/692/692 693/693/693 686/686/686 
f 686/686/686 693/693/693 688/688/688 
f 693/693/693 694/694/694 688/688/688 
f 688/688/688 694/694/694 690/690/690 
f 694/694/694 690/690/690 690/690/690 
f 690/690/690 690/690/690 684/684/684 
f 690/690/690 684/684/684 684/684/684 
f 684/684/684 684/684/684 684/684/684 
f 684/684/684 682/682/682 684/684/684 
f 684/684/684 682/682/682 692/692/692 
f 682/682/682 695/695/695 692/692/692 
f 692/692/692 695/695/695 693/693/693 
f 695/695/695 696/696/696 693/693/693 
f 693/693/693 696/696/696 694/694/694 
f 696/696/696 694/694/694 694/694/694 
f 694/694/694 694/694/694 697/697/697 
f 694/694/694 697/697/697 697/697/697 
f 697/697/697 697/697/697 697/697/697 
f 697/697/697 698/698/698 697/697/697 
f 697/697/697 698/698/698 699/699/699 
f 698/698/698 700/700/700 699/699/699 
f 699/699/699 700/700/700 701/701/701 
f 700/700/700 702/702/702 701/701/701 
f 701/701/701 702/702/702 703/703/703 
f 702/702/702 704/704/704 703/703/703 
f 703/703/703 704/704/704 705/705/705 
f 704/704/704 706/706/706 705/705/705 
f 705/705/705 706/706/706 707/707/707 
f 706/706/706 708/708/708 707/707/707 
f 707/707/707 708/708/708 709/709/709 
f 708/708/708 710/710/710 709/709/709 
f 709/709/709 710/710/710 711/711/711 
f 710/710/710 712/712/712 711/711/711 
f 711/711/711 712/712/712 713/713/713 
f 712/712/712 714/714/714 713/713/713 
f 713/713/713 714/714/714 715/715/715 
f 714/714/714 716/716/716 715/715/715 
f 715/715/715 716/716/716 717/717/717 
f 716/716/716 718/718/718 717/717/717 
f 717/717/717 718/718/718 719/719/719 
f 718/718/718 720/720/720 719/719/719 
f 719/719/719 720/720/720 721/721/721 
f 720/720/720 722/722/722 721/721/721 
f 721/721/721 722/722/722 723/723/723 
f 722/722/722 724/724/724 723/723/723 
f 723/723/723 724/724/724 725/725/725 
f 724/724/724 726/726/726 725/725/725 
f 725/725/725 726/726/726 727/727/727 
f 726/726/726 728/728/728 727/727/727 
f 727/727/727 728/728/728 729/729/729 
f 728/728/728 730/730/730 729/729/729 
f 729/729/729 730/730/730 730/730/730 
f 730/730/730 698/698/698 730/730/730 
f 730/730/730 698/698/698 698/698/698 
f 698/698/698 731/731/731 698/698/698 
f 698/698/698 731/731/731 700/700/700 
f 731/731/731 732/732/732 700/700/700 
f 700/700/700 732/732/732 702/702/702 
f 732/732/732 733/733/733 702/702/702 
f 702/702/702 733/733/733 704/704/704 
f 733/733/733 734/734/734 704/704/704 
f 704/704/704 734/734/734 706/706/706 
f 734/734/734 735/735/735 706/706/706 
f 706/706/706 735/735/735 708/708/708 
f 735/735/735 736/736/736 708/708/708 
f 708/708/708 736/736/736 710/710/710 
f 736/736/736 737/737/737 710/710/710 
f 710/710/710 737/737/737 712/712/712 
f 737/737/737 738/738/738 712/712/712 
f 712/712/712 738/738/738 714/714/714 
f 738/738/738 739/739/739 714/714/714 
f 714/714/714 739/739/739 716/716/716 
f 739/739/739 740/740/740 716/716/716 
f 716/716/716 740/740/740 718/718/718 
f 740/740/740 741/741/741 718/718/718 
f 718/718/718 741/741/741 720/720/720 
f 741/741/741 742/742/742 720/720/720 
f 720/720/720 742/742/742 722/722/722 
f 742/742/742 743/743/743 722/722/722 
f 722/722/722 743/743/743 724/724/724 
f 743/743/743 744/744/744 724/724/724 
f 724/724/724 744/744/744 726/726/726 
f 744/744/744 745/745/745 726/726/726 
f 726/726/726 745/745/745 728/728/728 
f 745/745/745 746/746/746 728/728/728 
f 728/728/728 746/746/746 730/730/730 
f 746/746/746 747/747/747 730/730/730 
f 730/730/730 747/747/747 747/747/747 
f 747/747/747 731/731/731 747/747/747 
f 747/747/747 731/731/731 731/731/731 
f 731/731/731 748/748/748 731/731/731 
f 731/731/731 748/748/748 732/732/732 
f 748/748/748 749/749/749 732/732/732 
f 732/732/732 749/749/749 733/733/733 
f 749/749/749 750/750/750 733/733/733 
f 733/733/733 750/750/750 734/734/734 
f 750/750/750 751/751/751 734/734/734 
f 734/734/734 751/751/751 735/735/735 
f 751/751/751 752/752/752 735/735/735 
f 735/735/735 752/752/752 736/736/736 
f 752/752/752 753/753/753 736/736/736 
f 736/736/736 753/753/753 737/737/737 
f 753/753/753 754/754/754 737/737/737 
f 737/737/737 754/754/754 738/738/738 
f 754/754/754 755/755/755 738/738/738 
f 738/738/738 755/755/755 739/739/739 
f 755/755/755 756/756/756 739/739/739 
f 739/739/739 756/756/756 740/740/740 
f 756/756/756 757/757/757 740/740/740 
f 740/740/740 757/757/757 741/741/741 
f 757/757/757 758/758/758 741/741/741 
f 741/741/741 758/758/758 742/742/742 
f 758/758/758 759/759/759 742/742/742 
f 742/742/742 759/759/759 743/743/743 
f 759/759/759 760/760/760 743/743/743 
f 743/743/743 760/760/760 744/744/744 
f 760/760/760 761/761/761 744/744/744 
f 744/744/744 761/761/761 745/745/745 
f 761/761/761 762/762/762 745/745/745 
f 745/745/745 762/762/762 746/746/746 
f 762/762/762 763/763/763 746/746/746 
f 746/746/746 763/763/763 747/747/747 
f 763/763/763 747/747/747 747/747/747 
f 747/747/747 747/747/747 748/748/748 
f 747/747/747 748/748/748 748/748/748 
f 748/748/748 748/748/748 748/748/748 
f 748/748/748 764/764/764 748/748/748 
f 748/748/748 764/764/764 749/749/749 
f 764/764/764 765/765/765 749/749/749 
f 749/749/749 765/765/765 750/750/750 
f 765/765/765 766/766/766 750/750/750 
f 750/750/750 766/766/766 751/751/751 
f 766/766/766 767/767/767 751/751/751 
f 751/751/751 767/767/767 752/752/752 
f 767/767/767 768/768/768 752/752/752 
f 752/752/752 768/768/768 753/753/753 
f 768/768/768 769/769/769 753/753/753 
f 753/753/753 769/769/769 754/754/754 
f 769/769/769 770/770/770 754/754/754 
f 754/754/754 770/770/770 755/755/755 
f 770/770/770 771/771/771 755/755/755 
f 755/755/755 771/771/771 756/756/756 
f 771/771/771 772/772/772 756/756/756 
f 756/756/756 772/772/772 757/757/757 
f 772/772/772 773/773/773 757/757/757 
f 757/757/757 773/773/773 758/758/758 
f 773/773/773 774/774/774 758/758/758 
f 758/758/758 774/774/774 759/759/759 
f 774/774/774 775/775/775 759/759/759 
f 759/759/759 775/775/775 760/760/760 
f 775/775/775 776/776/776 760/760/760 
f 760/760/760 776/776/776 761/761/761 
f 776/776/776 777/777/777 761/761/761 
f 761/761/761 777/777/777 762/762/762 
f 777/777/777 778/778/778 762/762/762 
f 762/762/762 778/778/778 763/763/763 
f 778/778/778 779/779/779 763/763/763 
f 763/763/763 779/779/779 779/779/779 
f 779/779/779 764/764/764 779/779/779 
f 779/779/779 764/764/764 764/764/764 
f 764/764/764 748/748/748 764/764/764 
f 764/764/764 748/748/748 780/780/780 
f 748/748/748 781/781/781 780/780/780 
f 780/780/780 781/781/781 781/781/781 
f 781/781/781 782/782/782 781/781/781 
f 781/781/781 782/782/782 782/782/782 
f 782/782/782 783/783/783 782/782/782 
f 782/782/782 783/783/783 784/784/784 
f 783/783/783 785/785/785 784/784/784 
f 784/784/784 785/785/785 785/785/785 
f 785/785/785 783/783/783 785/785/785 
f 785/785/785 783/783/783 783/783/783 
f 783/783/783 786/786/786 783/783/783 
f 783/783/783 786/786/786 785/785/785 
f 786/786/786 787/787/787 785/785/785 
f 785/785/785 787/787/787 787/787/787 
f 787/787/787 786/786/786 787/787/787 
f 787/787/787 786/786/786 786/786/786 
f 786/786/786 788/788/788 786/786/786 
f 786/786/786 788/788/788 787/787/787 
f 788/788/788 789/789/789 787/787/787 
f 787/787/787 789/789/789 790/790/790 
f 789/789/789 790/790/790 790/790/790 
f 790/790/790 790/790/790 788/788/788 
f 790/790/790 788/788/788 788/788/788 
f 788/788/788 788/788/788 788/788/788 
f 788/788/788 791/791/791 788/788/788 
f 788/788/788 791/791/791 789/789/789 
f 791/791/791 792/792/792 789/789/789 
f 789/789/789 792/792/792 792/792/792 
f 792/792/792 793/793/793 792/792/792 
f 792/792/792 793/793/793 793/793/793 
f 793/793/793 794/794/794 793/793/793 
f 793/793/793 794/794/794 795/795/795 
f 794/794/794 796/796/796 795/795/795 
f 795/795/795 796/796/796 797/797/797 
f 796/796/796 798/798/798 797/797/797 
f 797/797/797 798/798/798 799/799/799 
f 798/798/798 800/800/800 799/799/799 
f 799/799/799 800/800/800 801/801/801 
f 800/800/800 802/802/802 801/801/801 
f 801/801/801 802/802/802 803/803/803 
f 802/802/802 803/803/803 803/803/803 
f 803/803/803 803/803/803 796/796/796 
f 803/803/803 796/796/796 796/796/796 
f 796/796/796 796/796/796 796/796/796 
f 796/796/796 804/804/804 796/796/796 
f 796/796/796 804/804/804 798/798/798 
f 804/804/804 805/805/805 798/798/798 
f 798/798/798 805/805/805 800/800/800 
f 805/805/805 806/806/806 800/800/800 
f 800/800/800 806/806/806 802/802/802 
f 806/806/806 802/802/802 802/802/802 
f 802/802/802 802/802/802 796/796/796 
f 802/802/802 796/796/796 796/796/796 
f 796/796/796 796/796/796 796/796/796 
f 796/796/796 794/794/794 796/796/796 
f 796/796/796 794/794/794 804/804/804 
f 794/794/794 807/807/807 804/804/804 
f 804/804/804 807/807/807 805/805/805 
f 807/807/807 808/808/808 805/805/805 
f 805/805/805 808/808/808 806/806/806 
f 808/808/808 806/806/806 806/806/806 
f 806/806/806 806/806/806 809/809/809 
f 806/806/806 809/809/809 809/809/809 
f 809/809/809 809/809/809 809/809/809 
f 809/809/809 810/810/810 809/809/809 
f 809/809/809 810/810/810 811/811/811 
f 810/810/810 812/812/812 811/811/811 
f 811/811/811 812/812/812 812/812/812 
f 812/812/812 810/810/810 812/812/812 
f 812/812/812 810/810/810 810/810/810 
f 810/810/810 813/813/813 810/810/810 
f 810/810/810 813/813/813 812/812/812 
f 813/813/813 814/814/814 812/812/812 
f 812/812/812 814/814/814 814/814/814 
f 814/814/814 813/813/813 814/814/814 
f 814/814/814 813/813/813 813/813/813 
f 813/813/813 815/815/815 813/813/813 
f 813/813/813 815/815/815 814/814/814 
f 815/815/815 816/816/816 814/814/814 
f 814/814/814 816/816/816 816/816/816 
f 816/816/816 815/815/815 816/816/816 
f 816/816/816 815/815/815 817/817/817 
f 815/815/815 818/818/818 817/817/817 
f 817/817/817 818/818/818 819/819/819 
f 818/818/818 819/819/819 819/819/819 
f 819/819/819 819/819/819 820/820/820 
f 819/819/819 820/820/820 820/820/820 
f 820/820/820 820/820/820 820/820/820 
f 820/820/820 821/821/821 820/820/820 
f 820/820/820 821/821/821 822/822/822 
f 821/821/821 823/823/823 822/822/822 
f 822/822/822 823/823/823 824/824/824 
f 823/823/823 825/825/825 824/824/824 
f 824/824/824 825/825/825 826/826/826 
f 825/825/825 827/827/827 826/826/826 
f 826/826/826 827/827/827 828/828/828 
f 827/827/827 829/829/829 828/828/828 
f 828/828/828 829/829/829 830/830/830 
f 829/829/829 831/831/831 830/830/830 
f 830/830/830 831/831/831 832/832/832 
f 831/831/831 833/833/833 832/832/832 
f 832/832/832 833/833/833 834/834/834 
f 833/833/833 835/835/835 834/834/834 
f 834/834/834 835/835/835 836/836/836 
f 835/835/835 837/837/837 836/836/836 
f 836/836/836 837/837/837 838/838/838 
f 837/837/837 839/839/839 838/838/838 
f 838/838/838 839/839/839 840/840/840 
f 839/839/839 841/841/841 840/840/840 
f 840/840/840 841/841/841 842/842/842 
f 841/841/841 843/843/843 842/842/842 
f 842/842/842 843/843/843 844/844/844 
f 843/843/843 845/845/845 844/844/844 
f 844/844/844 845/845/845 846/846/846 
f 845/845/845 847/847/847 846/846/846 
f 846/846/846 847/847/847 848/848/848 
f 847/847/847 849/849/849 848/848/848 
f 848/848/848 849/849/849 850/850/850 
f 849/849/849 851/851/851 850/850/850 
f 850/850/850 851/851/851 852/852/852 
f 851/851/851 853/853/853 852/852/852 
f 852/852/852 853/853/853 853/853/853 
f 853/853/853 854/854/854 853/853/853 
f 853/853/853 854/854/854 854/854/854 
f 854/854/854 855/855/855 854/854/854 
f 854/854/854 855/855/855 856/856/856 
f 855/855/855 857/857/857 856/856/856 
f 856/856/856 857/857/857 858/858/858 
f 857/857/857 859/859/859 858/858/858 
f 858/858/858 859/859/859 860/860/860 
f 859/859/859 861/861/861 860/860/860 
f 860/860/860 861/861/861 861/861/861 
f 861/861/861 859/859/859 861/861/861 
f 861/861/861 859/859/859 859/859/859 
f 859/859/859 857/857/857 859/859/859 
f 859/859/859 857/857/857 862/862/862 
f 857/857/857 855/855/855 862/862/862 
f 862/862/862 855/855/855 863/863/863 
f 855/855/855 863/863/863 863/863/863 
f 863/863/863 863/863/863 862/862/862 
f 863/863/863 862/862/862 862/862/862 
f 862/862/862 862/862/862 862/862/862 
f 862/862/862 864/864/864 862/862/862 
f 862/862/862 864/864/864 859/859/859 
f 864/864/864 865/865/865 859/859/859 
f 859/859/859 865/865/865 861/861/861 
f 865/865/865 861/861/861 861/861/861 
f 861/861/861 861/861/861 364/364/364 
f 861/861/861 364/364/364 364/364/364 
f 364/364/364 364/364/364 364/364/364 
f 364/364/364 866/866/866 364/364/364 
f 364/364/364 866/866/866 366/366/366 
f 866/866/866 867/867/867 366/366/366 
f 366/366/366 867/867/867 868/868/868 
f 867/867/867 869/869/869 868/868/868 
f 868/868/868 869/869/869 870/870/870 
f 869/869/869 871/871/871 870/870/870 
f 870/870/870 871/871/871 871/871/871 
f 871/871/871 866/866/866 871/871/871 
f 871/871/871 866/866/866 866/866/866 
f 866/866/866 872/872/872 866/866/866 
f 866/866/866 872/872/872 867/867/867 
f 872/872/872 873/873/873 867/867/867 
f 867/867/867 873/873/873 869/869/869 
f 873/873/873 874/874/874 869/869/869 
f 869/869/869 874/874/874 871/871/871 
f 874/874/874 875/875/875 871/871/871 
f 871/871/871 875/875/875 875/875/875 
f 875/875/875 872/872/872 875/875/875 
f 875/875/875 872/872/872 872/872/872 
f 872/872/872 876/876/876 872/872/872 
f 872/872/872 876/876/876 873/873/873 
f 876/876/876 877/877/877 873/873/873 
f 873/873/873 877/877/877 874/874/874 
f 877/877/877 878/878/878 874/874/874 
f 874/874/874 878/878/878 875/875/875 
f 878/878/878 875/875/875 875/875/875 
f 875/875/875 875/875/875 872/872/872 
f 875/875/875 872/872/872 872/872/872 
f 872/872/872 872/872/872 872/872/872 
f 872/872/872 879/879/879 872/872/872 
f 872/872/872 879/879/879 876/876/876 
f 879/879/879 877/877/877 876/876/876 
f 876/876/876 877/877/877 877/877/877 
f 877/877/877 879/879/879 877/877/877 
f 877/877/877 879/879/879 879/879/879 
f 879/879/879 880/880/880 879/879/879 
f 879/879/879 880/880/880 877/877/877 
f 880/880/880 881/881/881 877/877/877 
f 877/877/877 881/881/881 878/878/878 
f 881/881/881 878/878/878 878/878/878 
f 878/878/878 878/878/878 882/882/882 
f 878/878/878 882/882/882 882/882/882 
f 882/882/882 882/882/882 882/882/882 
f 882/882/882 883/883/883 882/882/882 
f 882/882/882 883/883/883 884/884/884 
f 883/883/883 885/885/885 884/884/884 
f 884/884/884 885/885/885 885/885/885 
f 885/885/885 883/883/883 885/885/885 
f 885/885/885 883/883/883 883/883/883 
f 883/883/883 886/886/886 883/883/883 
f 883/883/883 886/886/886 885/885/885 
f 886/886/886 887/887/887 885/885/885 
f 885/885/885 887/887/887 887/887/887 
f 887/887/887 886/886/886 887/887/887 
f 887/887/887 886/886/886 888/888/888 
f 886/886/886 889/889/889 888/888/888 
f 888/888/888 889/889/889 890/890/890 
f 889/889/889 891/891/891 890/890/890 
f 890/890/890 891/891/891 892/892/892 
f 891/891/891 893/893/893 892/892/892 
f 892/892/892 893/893/893 893/893/893 
f 893/893/893 891/891/891 893/893/893 
f 893/893/893 891/891/891 894/894/894 
f 891/891/891 889/889/889 894/894/894 
f 894/894/894 889/889/889 895/895/895 
f 889/889/889 886/886/886 895/895/895 
f 895/895/895 886/886/886 886/886/886 
f 886/886/886 896/896/896 886/886/886 
f 886/886/886 896/896/896 896/896/896 
f 896/896/896 897/897/897 896/896/896 
f 896/896/896 897/897/897 898/898/898 
f 897/897/897 899/899/899 898/898/898 
f 898/898/898 899/899/899 689/689/689 
f 899/899/899 687/687/687 689/689/689 
f 689/689/689 687/687/687 687/687/687 
f 687/687/687 897/897/897 687/687/687 
f 687/687/687 897/897/897 897/897/897 
f 897/897/897 900/900/900 897/897/897 
f 897/897/897 900/900/900 899/899/899 
f 900/900/900 687/687/687 899/899/899 
f 899/899/899 687/687/687 687/687/687 
f 687/687/687 366/366/366 687/687/687 
f 687/687/687 366/366/366 366/366/366 
f 366/366/366 868/868/868 366/366/366 
f 366/366/366 868/868/868 372/372/372 
f 868/868/868 901/901/901 372/372/372 
f 372/372/372 901/901/901 901/901/901 
f 901/901/901 902/902/902 901/901/901 
f 901/901/901 902/902/902 902/902/902 
f 902/902/902 903/903/903 902/902/902 
f 902/902/902 903/903/903 904/904/904 
f 903/903/903 905/905/905 904/904/904 
f 904/904/904 905/905/905 905/905/905 
f 905/905/905 903/903/903 905/905/905 
f 905/905/905 903/903/903 903/903/903 
f 903/903/903 906/906/906 903/903/903 
f 903/903/903 906/906/906 905/905/905 
f 906/906/906 907/907/907 905/905/905 
f 905/905/905 907/907/907 907/907/907 
f 907/907/907 906/906/906 907/907/907 
f 907/907/907 906/906/906 906/906/906 
f 906/906/906 908/908/908 906/906/906 
f 906/906/906 908/908/908 907/907/907 
f 908/908/908 909/909/909 907/907/907 
f 907/907/907 909/909/909 909/909/909 
f 909/909/909 908/908/908 909/909/909 
f 909/909/909 908/908/908 910/910/910 
f 908/908/908 911/911/911 910/910/910 
f 910/910/910 911/911/911 912/912/912 
f 911/911/911 912/912/912 912/912/912 
f 912/912/912 912/912/912 913/913/913 
f 912/912/912 913/913/913 913/913/913 
f 913/913/913 913/913/913 913/913/913 
f 913/913/913 914/914/914 913/913/913 
f 913/913/913 914/914/914 915/915/915 
f 914/914/914 916/916/916 915/915/915 
f 915/915/915 916/916/916 916/916/916 
f 916/916/916 914/914/914 916/916/916 
f 916/916/916 914/914/914 914/914/914 
f 914/914/914 917/917/917 914/914/914 
f 914/914/914 917/917/917 916/916/916 
f 917/917/917 918/918/918 916/916/916 
f 916/916/916 918/918/918 918/918/918 
f 918/918/918 917/917/917 918/918/918 
f 918/918/918 917/917/917 919/919/919 
f 917/917/917 920/920/920 919/919/919 
f 919/919/919 920/920/920 921/921/921 
f 920/920/920 922/922/922 921/921/921 
f 921/921/921 922/922/922 923/923/923 
f 922/922/922 924/924/924 923/923/923 
f 923/923/923 924/924/924 925/925/925 
f 924/924/924 926/926/926 925/925/925 
f 925/925/925 926/926/926 927/927/927 
f 926/926/926 928/928/928 927/927/927 
f 927/927/927 928/928/928 929/929/929 
f 928/928/928 930/930/930 929/929/929 
f 929/929/929 930/930/930 931/931/931 
f 930/930/930 932/932/932 931/931/931 
f 931/931/931 932/932/932 933/933/933 
f 932/932/932 933/933/933 933/933/933 
f 933/933/933 933/933/933 931/931/931 
f 933/933/933 931/931/931 931/931/931 
f 931/931/931 931/931/931 931/931/931 
f 931/931/931 933/933/933 931/931/931 
f 931/931/931 933/933/933 934/934/934 
f 933/933/933 935/935/935 934/934/934 
f 934/934/934 935/935/935 936/936/936 
f 935/935/935 936/936/936 936/936/936 
f 936/936/936 936/936/936 892/892/892 
f 936/936/936 892/892/892 892/892/892 
f 892/892/892 892/892/892 892/892/892 
f 892/892/892 937/937/937 892/892/892 
f 892/892/892 937/937/937 890/890/890 
f 937/937/937 938/938/938 890/890/890 
f 890/890/890 938/938/938 888/888/888 
f 938/938/938 887/887/887 888/888/888 
f 888/888/888 887/887/887 887/887/887 
f 887/887/887 939/939/939 887/887/887 
f 887/887/887 939/939/939 939/939/939 
f 939/939/939 940/940/940 939/939/939 
f 939/939/939 940/940/940 941/941/941 
f 940/940/940 942/942/942 941/941/941 
f 941/941/941 942/942/942 943/943/943 
f 942/942/942 943/943/943 943/943/943 
f 943/943/943 943/943/943 941/941/941 
f 943/943/943 941/941/941 941/941/941 
f 941/941/941 941/941/941 941/941/941 
f 941/941/941 943/943/943 941/941/941 
f 941/941/941 943/943/943 944/944/944 
f 943/943/943 945/945/945 944/944/944 
f 944/944/944 945/945/945 945/945/945 
f 945/945/945 943/943/943 945/945/945 
f 945/945/945 943/943/943 943/943/943 
f 943/943/943 946/946/946 943/943/943 
f 943/943/943 946/946/946 945/945/945 
f 946/946/946 947/947/947 945/945/945 
f 945/945/945 947/947/947 947/947/947 
f 947/947/947 946/946/946 947/947/947 
f 947/947/947 946/946/946 946/946/946 
f 946/946/946 948/948/948 946/946/946 
f 946/946/946 948/948/948 947/947/947 
f 948/948/948 949/949/949 947/947/947 
f 947/947/947 949/949/949 949/949/949 
f 949/949/949 950/950/950 949/949/949 
f 949/949/949 950/950/950 950/950/950 
f 950/950/950 951/951/951 950/950/950 
f 950/950/950 951/951/951 952/952/952 
f 951/951/951 953/953/953 952/952/952 
f 952/952/952 953/953/953 954/954/954 
f 953/953/953 955/955/955 954/954/954 
f 954/954/954 955/955/955 955/955/955 
f 955/955/955 953/953/953 955/955/955 
f 955/955/955 953/953/953 956/956/956 
f 953/953/953 951/951/951 956/956/956 
f 956/956/956 951/951/951 957/957/957 
f 951/951/951 957/957/957 957/957/957 
f 957/957/957 957/957/957 957/957/957 
f 957/957/957 958/958/958 957/957/957 
f 957/957/957 958/958/958 956/956/956 
f 958/958/958 959/959/959 956/956/956 
f 956/956/956 959/959/959 960/960/960 
f 959/959/959 960/960/960 960/960/960 
f 960/960/960 960/960/960 961/961/961 
f 960/960/960 961/961/961 961/961/961 
f 961/961/961 961/961/961 961/961/961 
f 961/961/961 962/962/962 961/961/961 
f 961/961/961 962/962/962 963/963/963 
f 962/962/962 964/964/964 963/963/963 
f 963/963/963 964/964/964 964/964/964 
f 964/964/964 962/962/962 964/964/964 
f 964/964/964 962/962/962 965/965/965 
f 962/962/962 966/966/966 965/965/965 
f 965/965/965 966/966/966 967/967/967 
f 966/966/966 967/967/967 967/967/967 
f 967/967/967 967/967/967 965/965/965 
f 967/967/967 965/965/965 965/965/965 
f 965/965/965 965/965/965 965/965/965 
f 965/965/965 967/967/967 965/965/965 
f 965/965/965 967/967/967 968/968/968 
f 967/967/967 969/969/969 968/968/968 
f 968/968/968 969/969/969 970/970/970 
f 969/969/969 971/971/971 970/970/970 
f 970/970/970 971/971/971 972/972/972 
f 971/971/971 972/972/972 972/972/972 
f 972/972/972 972/972/972 973/973/973 
f 972/972/972 973/973/973 973/973/973 
f 973/973/973 973/973/973 973/973/973 
f 973/973/973 974/974/974 973/973/973 
f 973/973/973 974/974/974 975/975/975 
f 974/974/974 976/976/976 975/975/975 
f 975/975/975 976/976/976 977/977/977 
f 976/976/976 978/978/978 977/977/977 
f 977/977/977 978/978/978 979/979/979 
f 978/978/978 980/980/980 979/979/979 
f 979/979/979 980/980/980 980/980/980 
f 980/980/980 978/978/978 980/980/980 
f 980/980/980 978/978/978 978/978/978 
f 978/978/978 976/976/976 978/978/978 
f 978/978/978 976/976/976 980/980/980 
f 976/976/976 981/981/981 980/980/980 
f 980/980/980 981/981/981 981/981/981 
f 981/981/981 982/982/982 981/981/981 
f 981/981/981 982/982/982 982/982/982 
f 982/982/982 983/983/983 982/982/982 
f 982/982/982 983/983/983 984/984/984 
f 983/983/983 985/985/985 984/984/984 
f 984/984/984 985/985/985 986/986/986 
f 985/985/985 987/987/987 986/986/986 
f 986/986/986 987/987/987 988/988/988 
f 987/987/987 989/989/989 988/988/988 
f 988/988/988 989/989/989 990/990/990 
f 989/989/989 991/991/991 990/990/990 
f 990/990/990 991/991/991 992/992/992 
f 991/991/991 993/993/993 992/992/992 
f 992/992/992 993/993/993 993/993/993 
f 993/993/993 991/991/991 993/993/993 
f 993/993/993 991/991/991 994/994/994 
f 991/991/991 989/989/989 994/994/994 
f 994/994/994 989/989/989 995/995/995 
f 989/989/989 987/987/987 995/995/995 
f 995/995/995 987/987/987 996/996/996 
f 987/987/987 985/985/985 996/996/996 
f 996/996/996 985/985/985 983/983/983 
f 985/985/985 983/983/983 983/983/983 
f 983/983/983 983/983/983 996/996/996 
f 983/983/983 996/996/996 996/996/996 
f 996/996/996 996/996/996 996/996/996 
f 996/996/996 997/997/997 996/996/996 
f 996/996/996 997/997/997 995/995/995 
f 997/997/997 998/998/998 995/995/995 
f 995/995/995 998/998/998 994/994/994 
f 998/998/998 999/999/999 994/994/994 
f 994/994/994 999/999/999 993/993/993 
f 999/999/999 993/993/993 993/993/993 
f 993/993/993 993/993/993 997/997/997 
f 993/993/993 997/997/997 997/997/997 
f 997/997/997 997/997/997 997/997/997 
f 997/997/997 996/996/996 997/997/997 
f 997/997/997 996/996/996 1000/1000/1000 
f 996/996/996 1001/1001/1001 1000/1000/1000 
f 1000/1000/1000 1001/1001/1001 1001/1001/1001 
f 1001/1001/1001 996/996/996 1001/1001/1001 
f 1001/1001/1001 996/996/996 1002/1002/1002 
f 996/996/996 1003/1003/1003 1002/1002/1002 
f 1002/1002/1002 1003/1003/1003 1004/1004/1004 
f 1003/1003/1003 1005/1005/1005 1004/1004/1004 
f 1004/1004/1004 1005/1005/1005 1005/1005/1005 
f 1005/1005/1005 996/996/996 1005/1005/1005 
f 1005/1005/1005 996/996/996 996/996/996 
f 996/996/996 983/983/983 996/996/996 
f 996/996/996 983/983/983 1003/1003/1003 
f 983/983/983 1006/1006/1006 1003/1003/1003 
f 1003/1003/1003 1006/1006/1006 1007/1007/1007 
f 1006/1006/1006 1008/1008/1008 1007/1007/1007 
f 1007/1007/1007 1008/1008/1008 1009/1009/1009 
f 1008/1008/1008 1010/1010/1010 1009/1009/1009 
f 1009/1009/1009 1010/1010/1010 1011/1011/1011 
f 1010/1010/1010 1012/1012/1012 1011/1011/1011 
f 1011/1011/1011 1012/1012/1012 1013/1013/1013 
f 1012/1012/1012 1014/1014/1014 1013/1013/1013 
f 1013/1013/1013 1014/1014/1014 1015/1015/1015 
f 1014/1014/1014 1016/1016/1016 1015/1015/1015 
f 1015/1015/1015 1016/1016/1016 1017/1017/1017 
f 1016/1016/1016 1017/1017/1017 1017/1017/1017 
f 1017/1017/1017 1017/1017/1017 1008/1008/1008 
f 1017/1017/1017 1008/1008/1008 1008/1008/1008 
f 1008/1008/1008 1008/1008/1008 1008/1008/1008 
f 1008/1008/1008 1018/1018/1018 1008/1008/1008 
f 1008/1008/1008 1018/1018/1018 1010/1010/1010 
f 1018/1018/1018 1019/1019/1019 1010/1010/1010 
f 1010/1010/1010 1019/1019/1019 1012/1012/1012 
f 1019/1019/1019 1020/1020/1020 1012/1012/1012 
f 1012/1012/1012 1020/1020/1020 1014/1014/1014 
f 1020/1020/1020 1021/1021/1021 1014/1014/1014 
f 1014/1014/1014 1021/1021/1021 1016/1016/1016 
f 1021/1021/1021 1016/1016/1016 1016/1016/1016 
f 1016/1016/1016 1016/1016/1016 1022/1022/1022 
f 1016/1016/1016 1022/1022/1022 1022/1022/1022 
f 1022/1022/1022 1022/1022/1022 1022/1022/1022 
f 1022/1022/1022 1023/1023/1023 1022/1022/1022 
f 1022/1022/1022 1023/1023/1023 992/992/992 
f 1023/1023/1023 990/990/990 992/992/992 
f 992/992/992 990/990/990 990/990/990 
f 990/990/990 1004/1004/1004 990/990/990 
f 990/990/990 1004/1004/1004 1004/1004/1004 
f 1004/1004/1004 1024/1024/1024 1004/1004/1004 
f 1004/1004/1004 1024/1024/1024 1002/1002/1002 
f 1024/1024/1024 1001/1001/1001 1002/1002/1002 
f 1002/1002/1002 1001/1001/1001 1001/1001/1001 
f 1001/1001/1001 975/975/975 1001/1001/1001 
f 1001/1001/1001 975/975/975 975/975/975 
f 975/975/975 977/977/977 975/975/975 
f 975/975/975 977/977/977 1025/1025/1025 
f 977/977/977 979/979/979 1025/1025/1025 
f 1025/1025/1025 979/979/979 979/979/979 
f 979/979/979 797/797/797 979/979/979 
f 979/979/979 797/797/797 797/797/797 
f 797/797/797 799/799/799 797/797/797 
f 797/797/797 799/799/799 1026/1026/1026 
f 799/799/799 1027/1027/1027 1026/1026/1026 
f 1026/1026/1026 1027/1027/1027 1028/1028/1028 
f 1027/1027/1027 1029/1029/1029 1028/1028/1028 
f 1028/1028/1028 1029/1029/1029 1030/1030/1030 
f 1029/1029/1029 1030/1030/1030 1030/1030/1030 
f 1030/1030/1030 1030/1030/1030 799/799/799 
f 1030/1030/1030 799/799/799 799/799/799 
f 799/799/799 799/799/799 799/799/799 
f 799/799/799 801/801/801 799/799/799 
f 799/799/799 801/801/801 1027/1027/1027 
f 801/801/801 1029/1029/1029 1027/1027/1027 
f 1027/1027/1027 1029/1029/1029 1029/1029/1029 
f 1029/1029/1029 801/801/801 1029/1029/1029 
f 1029/1029/1029 801/801/801 801/801/801 
f 801/801/801 1031/1031/1031 801/801/801 
f 801/801/801 1031/1031/1031 1029/1029/1029 
f 1031/1031/1031 1032/1032/1032 1029/1029/1029 
f 1029/1029/1029 1032/1032/1032 1033/1033/1033 
f 1032/1032/1032 1034/1034/1034 1033/1033/1033 
f 1033/1033/1033 1034/1034/1034 1035/1035/1035 
f 1034/1034/1034 1036/1036/1036 1035/1035/1035 
f 1035/1035/1035 1036/1036/1036 1037/1037/1037 
f 1036/1036/1036 1038/1038/1038 1037/1037/1037 
f 1037/1037/1037 1038/1038/1038 1039/1039/1039 
f 1038/1038/1038 1039/1039/1039 1039/1039/1039 
f 1039/1039/1039 1039/1039/1039 1032/1032/1032 
f 1039/1039/1039 1032/1032/1032 1032/1032/1032 
f 1032/1032/1032 1032/1032/1032 1032/1032/1032 
f 1032/1032/1032 1031/1031/1031 1032/1032/1032 
f 1032/1032/1032 1031/1031/1031 1034/1034/1034 
f 1031/1031/1031 1036/1036/1036 1034/1034/1034 
f 1034/1034/1034 1036/1036/1036 1036/1036/1036 
f 1036/1036/1036 1031/1031/1031 1036/1036/1036 
f 1036/1036/1036 1031/1031/1031 1031/1031/1031 
f 1031/1031/1031 1040/1040/1040 1031/1031/1031 
f 1031/1031/1031 1040/1040/1040 1036/1036/1036 
f 1040/1040/1040 1038/1038/1038 1036/1036/1036 
f 1036/1036/1036 1038/1038/1038 1038/1038/1038 
f 1038/1038/1038 1040/1040/1040 1038/1038/1038 
f 1038/1038/1038 1040/1040/1040 1040/1040/1040 
f 1040/1040/1040 1031/1031/1031 1040/1040/1040 
f 1040/1040/1040 1031/1031/1031 1041/1041/1041 
f 1031/1031/1031 1042/1042/1042 1041/1041/1041 
f 1041/1041/1041 1042/1042/1042 1043/1043/1043 
f 1042/1042/1042 1044/1044/1044 1043/1043/1043 
f 1043/1043/1043 1044/1044/1044 1044/1044/1044 
f 1044/1044/1044 1031/1031/1031 1044/1044/1044 
f 1044/1044/1044 1031/1031/1031 1031/1031/1031 
f 1031/1031/1031 801/801/801 1031/1031/1031 
f 1031/1031/1031 801/801/801 1042/1042/1042 
f 801/801/801 1044/1044/1044 1042/1042/1042 
f 1042/1042/1042 1044/1044/1044 1044/1044/1044 
f 1044/1044/1044 1045/1045/1045 1044/1044/1044 
f 1044/1044/1044 1045/1045/1045 1045/1045/1045 
f 1045/1045/1045 1046/1046/1046 1045/1045/1045 
f 1045/1045/1045 1046/1046/1046 1047/1047/1047 
f 1046/1046/1046 1048/1048/1048 1047/1047/1047 
f 1047/1047/1047 1048/1048/1048 1049/1049/1049 
f 1048/1048/1048 1050/1050/1050 1049/1049/1049 
f 1049/1049/1049 1050/1050/1050 1051/1051/1051 
f 1050/1050/1050 1051/1051/1051 1051/1051/1051 
f 1051/1051/1051 1051/1051/1051 1050/1050/1050 
f 1051/1051/1051 1050/1050/1050 1050/1050/1050 
f 1050/1050/1050 1050/1050/1050 1050/1050/1050 
f 1050/1050/1050 1048/1048/1048 1050/1050/1050 
f 1050/1050/1050 1048/1048/1048 1052/1052/1052 
f 1048/1048/1048 1046/1046/1046 1052/1052/1052 
f 1052/1052/1052 1046/1046/1046 1053/1053/1053 
f 1046/1046/1046 1053/1053/1053 1053/1053/1053 
f 1053/1053/1053 1053/1053/1053 1054/1054/1054 
f 1053/1053/1053 1054/1054/1054 1054/1054/1054 
f 1054/1054/1054 1054/1054/1054 1054/1054/1054 
f 1054/1054/1054 1055/1055/1055 1054/1054/1054 
f 1054/1054/1054 1055/1055/1055 1056/1056/1056 
f 1055/1055/1055 1057/1057/1057 1056/1056/1056 
f 1056/1056/1056 1057/1057/1057 1057/1057/1057 
f 1057/1057/1057 1055/1055/1055 1057/1057/1057 
f 1057/1057/1057 1055/1055/1055 1058/1058/1058 
f 1055/1055/1055 1059/1059/1059 1058/1058/1058 
f 1058/1058/1058 1059/1059/1059 1060/1060/1060 
f 1059/1059/1059 1060/1060/1060 1060/1060/1060 
f 1060/1060/1060 1060/1060/1060 1058/1058/1058 
f 1060/1060/1060 1058/1058/1058 1058/1058/1058 
f 1058/1058/1058 1058/1058/1058 1058/1058/1058 
f 1058/1058/1058 1060/1060/1060 1058/1058/1058 
f 1058/1058/1058 1060/1060/1060 1061/1061/1061 
f 1060/1060/1060 1062/1062/1062 1061/1061/1061 
f 1061/1061/1061 1062/1062/1062 1062/1062/1062 
f 1062/1062/1062 1060/1060/1060 1062/1062/1062 
f 1062/1062/1062 1060/1060/1060 1060/1060/1060 
f 1060/1060/1060 1063/1063/1063 1060/1060/1060 
f 1060/1060/1060 1063/1063/1063 1062/1062/1062 
f 1063/1063/1063 1064/1064/1064 1062/1062/1062 
f 1062/1062/1062 1064/1064/1064 1064/1064/1064 
f 1064/1064/1064 1063/1063/1063 1064/1064/1064 
f 1064/1064/1064 1063/1063/1063 1063/1063/1063 
f 1063/1063/1063 1065/1065/1065 1063/1063/1063 
f 1063/1063/1063 1065/1065/1065 1064/1064/1064 
f 1065/1065/1065 1066/1066/1066 1064/1064/1064 
f 1064/1064/1064 1066/1066/1066 1066/1066/1066 
f 1066/1066/1066 1065/1065/1065 1066/1066/1066 
f 1066/1066/1066 1065/1065/1065 1065/1065/1065 
f 1065/1065/1065 1067/1067/1067 1065/1065/1065 
f 1065/1065/1065 1067/1067/1067 1066/1066/1066 
f 1067/1067/1067 1068/1068/1068 1066/1066/1066 
f 1066/1066/1066 1068/1068/1068 1068/1068/1068 
f 1068/1068/1068 1067/1067/1067 1068/1068/1068 
f 1068/1068/1068 1067/1067/1067 1067/1067/1067 
f 1067/1067/1067 1069/1069/1069 1067/1067/1067 
f 1067/1067/1067 1069/1069/1069 1068/1068/1068 
f 1069/1069/1069 1070/1070/1070 1068/1068/1068 
f 1068/1068/1068 1070/1070/1070 1070/1070/1070 
f 1070/1070/1070 1069/1069/1069 1070/1070/1070 
f 1070/1070/1070 1069/1069/1069 1069/1069/1069 
f 1069/1069/1069 1071/1071/1071 1069/1069/1069 
f 1069/1069/1069 1071/1071/1071 1070/1070/1070 
f 1071/1071/1071 1072/1072/1072 1070/1070/1070 
f 1070/1070/1070 1072/1072/1072 1073/1073/1073 
f 1072/1072/1072 1074/1074/1074 1073/1073/1073 
f 1073/1073/1073 1074/1074/1074 1074/1074/1074 
f 1074/1074/1074 1072/1072/1072 1074/1074/1074 
f 1074/1074/1074 1072/1072/1072 1072/1072/1072 
f 1072/1072/1072 1075/1075/1075 1072/1072/1072 
f 1072/1072/1072 1075/1075/1075 1074/1074/1074 
f 1075/1075/1075 1076/1076/1076 1074/1074/1074 
f 1074/1074/1074 1076/1076/1076 1077/1077/1077 
f 1076/1076/1076 1077/1077/1077 1077/1077/1077 
f 1077/1077/1077 1077/1077/1077 1047/1047/1047 
f 1077/1077/1077 1047/1047/1047 1047/1047/1047 
f 1047/1047/1047 1047/1047/1047 1047/1047/1047 
f 1047/1047/1047 1049/1049/1049 1047/1047/1047 
f 1047/1047/1047 1049/1049/1049 1078/1078/1078 
f 1049/1049/1049 1079/1079/1079 1078/1078/1078 
f 1078/1078/1078 1079/1079/1079 1079/1079/1079 
f 1079/1079/1079 1049/1049/1049 1079/1079/1079 
f 1079/1079/1079 1049/1049/1049 1080/1080/1080 
f 1049/1049/1049 1051/1051/1051 1080/1080/1080 
f 1080/1080/1080 1051/1051/1051 1051/1051/1051 
f 1051/1051/1051 1081/1081/1081 1051/1051/1051 
f 1051/1051/1051 1081/1081/1081 1081/1081/1081 
f 1081/1081/1081 1082/1082/1082 1081/1081/1081 
f 1081/1081/1081 1082/1082/1082 1083/1083/1083 
f 1082/1082/1082 1009/1009/1009 1083/1083/1083 
f 1083/1083/1083 1009/1009/1009 1084/1084/1084 
f 1009/1009/1009 1011/1011/1011 1084/1084/1084 
f 1084/1084/1084 1011/1011/1011 1085/1085/1085 
f 1011/1011/1011 1013/1013/1013 1085/1085/1085 
f 1085/1085/1085 1013/1013/1013 1086/1086/1086 
f 1013/1013/1013 1015/1015/1015 1086/1086/1086 
f 1086/1086/1086 1015/1015/1015 1087/1087/1087 
f 1015/1015/1015 1088/1088/1088 1087/1087/1087 
f 1087/1087/1087 1088/1088/1088 1088/1088/1088 
f 1088/1088/1088 1082/1082/1082 1088/1088/1088 
f 1088/1088/1088 1082/1082/1082 1082/1082/1082 
f 1082/1082/1082 1089/1089/1089 1082/1082/1082 
f 1082/1082/1082 1089/1089/1089 1009/1009/1009 
f 1089/1089/1089 1090/1090/1090 1009/1009/1009 
f 1009/1009/1009 1090/1090/1090 1007/1007/1007 
f 1090/1090/1090 1003/1003/1003 1007/1007/1007 
f 1007/1007/1007 1003/1003/1003 1003/1003/1003 
f 1003/1003/1003 1082/1082/1082 1003/1003/1003 
f 1003/1003/1003 1082/1082/1082 1082/1082/1082 
f 1082/1082/1082 1091/1091/1091 1082/1082/1082 
f 1082/1082/1082 1091/1091/1091 1089/1089/1089 
f 1091/1091/1091 1092/1092/1092 1089/1089/1089 
f 1089/1089/1089 1092/1092/1092 1090/1090/1090 
f 1092/1092/1092 1005/1005/1005 1090/1090/1090 
f 1090/1090/1090 1005/1005/1005 1003/1003/1003 
f 1005/1005/1005 1003/1003/1003 1003/1003/1003 
f 1003/1003/1003 1003/1003/1003 1093/1093/1093 
f 1003/1003/1003 1093/1093/1093 1093/1093/1093 
f 1093/1093/1093 1093/1093/1093 1093/1093/1093 
f 1093/1093/1093 1094/1094/1094 1093/1093/1093 
f 1093/1093/1093 1094/1094/1094 1095/1095/1095 
f 1094/1094/1094 1096/1096/1096 1095/1095/1095 
f 1095/1095/1095 1096/1096/1096 1096/1096/1096 
f 1096/1096/1096 1094/1094/1094 1096/1096/1096 
f 1096/1096/1096 1094/1094/1094 1094/1094/1094 
f 1094/1094/1094 1097/1097/1097 1094/1094/1094 
f 1094/1094/1094 1097/1097/1097 1096/1096/1096 
f 1097/1097/1097 1098/1098/1098 1096/1096/1096 
f 1096/1096/1096 1098/1098/1098 1098/1098/1098 
f 1098/1098/1098 1097/1097/1097 1098/1098/1098 
f 1098/1098/1098 1097/1097/1097 1099/1099/1099 
f 1097/1097/1097 1100/1100/1100 1099/1099/1099 
f 1099/1099/1099 1100/1100/1100 1101/1101/1101 
f 1100/1100/1100 1102/1102/1102 1101/1101/1101 
f 1101/1101/1101 1102/1102/1102 1102/1102/1102 
f 1102/1102/1102 1100/1100/1100 1102/1102/1102 
f 1102/1102/1102 1100/1100/1100 1103/1103/1103 
f 1100/1100/1100 1097/1097/1097 1103/1103/1103 
f 1103/1103/1103 1097/1097/1097 1104/1104/1104 
f 1097/1097/1097 1104/1104/1104 1104/1104/1104 
f 1104/1104/1104 1104/1104/1104 1105/1105/1105 
f 1104/1104/1104 1105/1105/1105 1105/1105/1105 
f 1105/1105/1105 1105/1105/1105 1105/1105/1105 
f 1105/1105/1105 1106/1106/1106 1105/1105/1105 
f 1105/1105/1105 1106/1106/1106 1107/1107/1107 
f 1106/1106/1106 1108/1108/1108 1107/1107/1107 
f 1107/1107/1107 1108/1108/1108 1108/1108/1108 
f 1108/1108/1108 1106/1106/1106 1108/1108/1108 
f 1108/1108/1108 1106/1106/1106 1106/1106/1106 
f 1106/1106/1106 1109/1109/1109 1106/1106/1106 
f 1106/1106/1106 1109/1109/1109 1108/1108/1108 
f 1109/1109/1109 1110/1110/1110 1108/1108/1108 
f 1108/1108/1108 1110/1110/1110 1110/1110/1110 
f 1110/1110/1110 1109/1109/1109 1110/1110/1110 
f 1110/1110/1110 1109/1109/1109 1109/1109/1109 
f 1109/1109/1109 1111/1111/1111 1109/1109/1109 
f 1109/1109/1109 1111/1111/1111 1110/1110/1110 
f 1111/1111/1111 1112/1112/1112 1110/1110/1110 
f 1110/1110/1110 1112/1112/1112 1113/1113/1113 
f 1112/1112/1112 1114/1114/1114 1113/1113/1113 
f 1113/1113/1113 1114/1114/1114 1114/1114/1114 
f 1114/1114/1114 1112/1112/1112 1114/1114/1114 
f 1114/1114/1114 1112/1112/1112 1115/1115/1115 
f 1112/1112/1112 1111/1111/1111 1115/1115/1115 
f 1115/1115/1115 1111/1111/1111 1116/1116/1116 
f 1111/1111/1111 1117/1117/1117 1116/1116/1116 
f 1116/1116/1116 1117/1117/1117 1117/1117/1117 
f 1117/1117/1117 1111/1111/1111 1117/1117/1117 
f 1117/1117/1117 1111/1111/1111 1111/1111/1111 
f 1111/1111/1111 1109/1109/1109 1111/1111/1111 
f 1111/1111/1111 1109/1109/1109 1117/1117/1117 
f 1109/1109/1109 1118/1118/1118 1117/1117/1117 
f 1117/1117/1117 1118/1118/1118 1118/1118/1118 
f 1118/1118/1118 1119/1119/1119 1118/1118/1118 
f 1118/1118/1118 1119/1119/1119 1119/1119/1119 
f 1119/1119/1119 1120/1120/1120 1119/1119/1119 
f 1119/1119/1119 1120/1120/1120 1121/1121/1121 
f 1120/1120/1120 1122/1122/1122 1121/1121/1121 
f 1121/1121/1121 1122/1122/1122 1123/1123/1123 
f 1122/1122/1122 1124/1124/1124 1123/1123/1123 
f 1123/1123/1123 1124/1124/1124 1125/1125/1125 
f 1124/1124/1124 1126/1126/1126 1125/1125/1125 
f 1125/1125/1125 1126/1126/1126 1127/1127/1127 
f 1126/1126/1126 1128/1128/1128 1127/1127/1127 
f 1127/1127/1127 1128/1128/1128 1129/1129/1129 
f 1128/1128/1128 1130/1130/1130 1129/1129/1129 
f 1129/1129/1129 1130/1130/1130 1130/1130/1130 
f 1130/1130/1130 1128/1128/1128 1130/1130/1130 
f 1130/1130/1130 1128/1128/1128 1131/1131/1131 
f 1128/1128/1128 1126/1126/1126 1131/1131/1131 
f 1131/1131/1131 1126/1126/1126 1132/1132/1132 
f 1126/1126/1126 1124/1124/1124 1132/1132/1132 
f 1132/1132/1132 1124/1124/1124 1133/1133/1133 
f 1124/1124/1124 1122/1122/1122 1133/1133/1133 
f 1133/1133/1133 1122/1122/1122 1120/1120/1120 
f 1122/1122/1122 1120/1120/1120 1120/1120/1120 
f 1120/1120/1120 1120/1120/1120 1133/1133/1133 
f 1120/1120/1120 1133/1133/1133 1133/1133/1133 
f 1133/1133/1133 1133/1133/1133 1133/1133/1133 
f 1133/1133/1133 1134/1134/1134 1133/1133/1133 
f 1133/1133/1133 1134/1134/1134 1132/1132/1132 
f 1134/1134/1134 1135/1135/1135 1132/1132/1132 
f 1132/1132/1132 1135/1135/1135 1131/1131/1131 
f 1135/1135/1135 1136/1136/1136 1131/1131/1131 
f 1131/1131/1131 1136/1136/1136 1130/1130/1130 
f 1136/1136/1136 1130/1130/1130 1130/1130/1130 
f 1130/1130/1130 1130/1130/1130 1134/1134/1134 
f 1130/1130/1130 1134/1134/1134 1134/1134/1134 
f 1134/1134/1134 1134/1134/1134 1134/1134/1134 
f 1134/1134/1134 1133/1133/1133 1134/1134/1134 
f 1134/1134/1134 1133/1133/1133 1137/1137/1137 
f 1133/1133/1133 1138/1138/1138 1137/1137/1137 
f 1137/1137/1137 1138/1138/1138 1138/1138/1138 
f 1138/1138/1138 1133/1133/1133 1138/1138/1138 
f 1138/1138/1138 1133/1133/1133 1139/1139/1139 
f 1133/1133/1133 1140/1140/1140 1139/1139/1139 
f 1139/1139/1139 1140/1140/1140 1141/1141/1141 
f 1140/1140/1140 1142/1142/1142 1141/1141/1141 
f 1141/1141/1141 1142/1142/1142 1142/1142/1142 
f 1142/1142/1142 1133/1133/1133 1142/1142/1142 
f 1142/1142/1142 1133/1133/1133 1133/1133/1133 
f 1133/1133/1133 1120/1120/1120 1133/1133/1133 
f 1133/1133/1133 1120/1120/1120 1140/1140/1140 
f 1120/1120/1120 1143/1143/1143 1140/1140/1140 
f 1140/1140/1140 1143/1143/1143 1144/1144/1144 
f 1143/1143/1143 1145/1145/1145 1144/1144/1144 
f 1144/1144/1144 1145/1145/1145 1146/1146/1146 
f 1145/1145/1145 1147/1147/1147 1146/1146/1146 
f 1146/1146/1146 1147/1147/1147 1148/1148/1148 
f 1147/1147/1147 1149/1149/1149 1148/1148/1148 
f 1148/1148/1148 1149/1149/1149 1150/1150/1150 
f 1149/1149/1149 1151/1151/1151 1150/1150/1150 
f 1150/1150/1150 1151/1151/1151 1152/1152/1152 
f 1151/1151/1151 1153/1153/1153 1152/1152/1152 
f 1152/1152/1152 1153/1153/1153 1154/1154/1154 
f 1153/1153/1153 1154/1154/1154 1154/1154/1154 
f 1154/1154/1154 1154/1154/1154 1145/1145/1145 
f 1154/1154/1154 1145/1145/1145 1145/1145/1145 
f 1145/1145/1145 1145/1145/1145 1145/1145/1145 
f 1145/1145/1145 1155/1155/1155 1145/1145/1145 
f 1145/1145/1145 1155/1155/1155 1147/1147/1147 
f 1155/1155/1155 1156/1156/1156 1147/1147/1147 
f 1147/1147/1147 1156/1156/1156 1149/1149/1149 
f 1156/1156/1156 1157/1157/1157 1149/1149/1149 
f 1149/1149/1149 1157/1157/1157 1151/1151/1151 
f 1157/1157/1157 1158/1158/1158 1151/1151/1151 
f 1151/1151/1151 1158/1158/1158 1153/1153/1153 
f 1158/1158/1158 1153/1153/1153 1153/1153/1153 
f 1153/1153/1153 1153/1153/1153 1141/1141/1141 
f 1153/1153/1153 1141/1141/1141 1141/1141/1141 
f 1141/1141/1141 1141/1141/1141 1141/1141/1141 
f 1141/1141/1141 1159/1159/1159 1141/1141/1141 
f 1141/1141/1141 1159/1159/1159 1139/1139/1139 
f 1159/1159/1159 1138/1138/1138 1139/1139/1139 
f 1139/1139/1139 1138/1138/1138 1138/1138/1138 
f 1138/1138/1138 1160/1160/1160 1138/1138/1138 
f 1138/1138/1138 1160/1160/1160 1160/1160/1160 
f 1160/1160/1160 1161/1161/1161 1160/1160/1160 
f 1160/1160/1160 1161/1161/1161 1129/1129/1129 
f 1161/1161/1161 1127/1127/1127 1129/1129/1129 
f 1129/1129/1129 1127/1127/1127 1127/1127/1127 
f 1127/1127/1127 1162/1162/1162 1127/1127/1127 
f 1127/1127/1127 1162/1162/1162 1162/1162/1162 
f 1162/1162/1162 1163/1163/1163 1162/1162/1162 
f 1162/1162/1162 1163/1163/1163 1164/1164/1164 
f 1163/1163/1163 1165/1165/1165 1164/1164/1164 
f 1164/1164/1164 1165/1165/1165 1166/1166/1166 
f 1165/1165/1165 1167/1167/1167 1166/1166/1166 
f 1166/1166/1166 1167/1167/1167 1168/1168/1168 
f 1167/1167/1167 1169/1169/1169 1168/1168/1168 
f 1168/1168/1168 1169/1169/1169 1170/1170/1170 
f 1169/1169/1169 1170/1170/1170 1170/1170/1170 
f 1170/1170/1170 1170/1170/1170 1168/1168/1168 
f 1170/1170/1170 1168/1168/1168 1168/1168/1168 
f 1168/1168/1168 1168/1168/1168 1168/1168/1168 
f 1168/1168/1168 1170/1170/1170 1168/1168/1168 
f 1168/1168/1168 1170/1170/1170 1171/1171/1171 
f 1170/1170/1170 1172/1172/1172 1171/1171/1171 
f 1171/1171/1171 1172/1172/1172 1172/1172/1172 
f 1172/1172/1172 1173/1173/1173 1172/1172/1172 
f 1172/1172/1172 1173/1173/1173 1173/1173/1173 
f 1173/1173/1173 1174/1174/1174 1173/1173/1173 
f 1173/1173/1173 1174/1174/1174 1175/1175/1175 
f 1174/1174/1174 1176/1176/1176 1175/1175/1175 
f 1175/1175/1175 1176/1176/1176 1146/1146/1146 
f 1176/1176/1176 1177/1177/1177 1146/1146/1146 
f 1146/1146/1146 1177/1177/1177 1144/1144/1144 
f 1177/1177/1177 1140/1140/1140 1144/1144/1144 
f 1144/1144/1144 1140/1140/1140 1140/1140/1140 
f 1140/1140/1140 1176/1176/1176 1140/1140/1140 
f 1140/1140/1140 1176/1176/1176 1176/1176/1176 
f 1176/1176/1176 1178/1178/1178 1176/1176/1176 
f 1176/1176/1176 1178/1178/1178 1177/1177/1177 
f 1178/1178/1178 1142/1142/1142 1177/1177/1177 
f 1177/1177/1177 1142/1142/1142 1140/1140/1140 
f 1142/1142/1142 1140/1140/1140 1140/1140/1140 
f 1140/1140/1140 1140/1140/1140 1154/1154/1154 
f 1140/1140/1140 1154/1154/1154 1154/1154/1154 
f 1154/1154/1154 1154/1154/1154 1154/1154/1154 
f 1154/1154/1154 1179/1179/1179 1154/1154/1154 
f 1154/1154/1154 1179/1179/1179 1152/1152/1152 
f 1179/1179/1179 1180/1180/1180 1152/1152/1152 
f 1152/1152/1152 1180/1180/1180 1181/1181/1181 
f 1180/1180/1180 1182/1182/1182 1181/1181/1181 
f 1181/1181/1181 1182/1182/1182 1150/1150/1150 
f 1182/1182/1182 1148/1148/1148 1150/1150/1150 
f 1150/1150/1150 1148/1148/1148 1148/1148/1148 
f 1148/1148/1148 1182/1182/1182 1148/1148/1148 
f 1148/1148/1148 1182/1182/1182 1182/1182/1182 
f 1182/1182/1182 1183/1183/1183 1182/1182/1182 
f 1182/1182/1182 1183/1183/1183 1148/1148/1148 
f 1183/1183/1183 1146/1146/1146 1148/1148/1148 
f 1148/1148/1148 1146/1146/1146 1146/1146/1146 
f 1146/1146/1146 1183/1183/1183 1146/1146/1146 
f 1146/1146/1146 1183/1183/1183 1183/1183/1183 
f 1183/1183/1183 1184/1184/1184 1183/1183/1183 
f 1183/1183/1183 1184/1184/1184 1146/1146/1146 
f 1184/1184/1184 1175/1175/1175 1146/1146/1146 
f 1146/1146/1146 1175/1175/1175 1175/1175/1175 
f 1175/1175/1175 1185/1185/1185 1175/1175/1175 
f 1175/1175/1175 1185/1185/1185 1185/1185/1185 
f 1185/1185/1185 1186/1186/1186 1185/1185/1185 
f 1185/1185/1185 1186/1186/1186 1187/1187/1187 
f 1186/1186/1186 1188/1188/1188 1187/1187/1187 
f 1187/1187/1187 1188/1188/1188 1189/1189/1189 
f 1188/1188/1188 1190/1190/1190 1189/1189/1189 
f 1189/1189/1189 1190/1190/1190 1191/1191/1191 
f 1190/1190/1190 1192/1192/1192 1191/1191/1191 
f 1191/1191/1191 1192/1192/1192 1192/1192/1192 
f 1192/1192/1192 1186/1186/1186 1192/1192/1192 
f 1192/1192/1192 1186/1186/1186 1186/1186/1186 
f 1186/1186/1186 1193/1193/1193 1186/1186/1186 
f 1186/1186/1186 1193/1193/1193 1188/1188/1188 
f 1193/1193/1193 1190/1190/1190 1188/1188/1188 
f 1188/1188/1188 1190/1190/1190 1190/1190/1190 
f 1190/1190/1190 1193/1193/1193 1190/1190/1190 
f 1190/1190/1190 1193/1193/1193 1193/1193/1193 
f 1193/1193/1193 1194/1194/1194 1193/1193/1193 
f 1193/1193/1193 1194/1194/1194 1190/1190/1190 
f 1194/1194/1194 1195/1195/1195 1190/1190/1190 
f 1190/1190/1190 1195/1195/1195 1192/1192/1192 
f 1195/1195/1195 1192/1192/1192 1192/1192/1192 
f 1192/1192/1192 1192/1192/1192 1098/1098/1098 
f 1192/1192/1192 1098/1098/1098 1098/1098/1098 
f 1098/1098/1098 1098/1098/1098 1098/1098/1098 
f 1098/1098/1098 1099/1099/1099 1098/1098/1098 
f 1098/1098/1098 1099/1099/1099 1196/1196/1196 
f 1099/1099/1099 1197/1197/1197 1196/1196/1196 
f 1196/1196/1196 1197/1197/1197 1197/1197/1197 
f 1197/1197/1197 1198/1198/1198 1197/1197/1197 
f 1197/1197/1197 1198/1198/1198 1198/1198/1198 
f 1198/1198/1198 1199/1199/1199 1198/1198/1198 
f 1198/1198/1198 1199/1199/1199 1200/1200/1200 
f 1199/1199/1199 1201/1201/1201 1200/1200/1200 
f 1200/1200/1200 1201/1201/1201 1202/1202/1202 
f 1201/1201/1201 1203/1203/1203 1202/1202/1202 
f 1202/1202/1202 1203/1203/1203 1204/1204/1204 
f 1203/1203/1203 1205/1205/1205 1204/1204/1204 
f 1204/1204/1204 1205/1205/1205 1206/1206/1206 
f 1205/1205/1205 1207/1207/1207 1206/1206/1206 
f 1206/1206/1206 1207/1207/1207 1207/1207/1207 
f 1207/1207/1207 1200/1200/1200 1207/1207/1207 
f 1207/1207/1207 1200/1200/1200 1200/1200/1200 
f 1200/1200/1200 1202/1202/1202 1200/1200/1200 
f 1200/1200/1200 1202/1202/1202 1208/1208/1208 
f 1202/1202/1202 1204/1204/1204 1208/1208/1208 
f 1208/1208/1208 1204/1204/1204 1209/1209/1209 
f 1204/1204/1204 1206/1206/1206 1209/1209/1209 
f 1209/1209/1209 1206/1206/1206 1206/1206/1206 
f 1206/1206/1206 1210/1210/1210 1206/1206/1206 
f 1206/1206/1206 1210/1210/1210 1210/1210/1210 
f 1210/1210/1210 1211/1211/1211 1210/1210/1210 
f 1210/1210/1210 1211/1211/1211 1212/1212/1212 
f 1211/1211/1211 1213/1213/1213 1212/1212/1212 
f 1212/1212/1212 1213/1213/1213 1214/1214/1214 
f 1213/1213/1213 1215/1215/1215 1214/1214/1214 
f 1214/1214/1214 1215/1215/1215 1216/1216/1216 
f 1215/1215/1215 1217/1217/1217 1216/1216/1216 
f 1216/1216/1216 1217/1217/1217 1218/1218/1218 
f 1217/1217/1217 1219/1219/1219 1218/1218/1218 
f 1218/1218/1218 1219/1219/1219 1220/1220/1220 
f 1219/1219/1219 1221/1221/1221 1220/1220/1220 
f 1220/1220/1220 1221/1221/1221 1221/1221/1221 
f 1221/1221/1221 1213/1213/1213 1221/1221/1221 
f 1221/1221/1221 1213/1213/1213 1213/1213/1213 
f 1213/1213/1213 1222/1222/1222 1213/1213/1213 
f 1213/1213/1213 1222/1222/1222 1215/1215/1215 
f 1222/1222/1222 1223/1223/1223 1215/1215/1215 
f 1215/1215/1215 1223/1223/1223 1217/1217/1217 
f 1223/1223/1223 1224/1224/1224 1217/1217/1217 
f 1217/1217/1217 1224/1224/1224 1219/1219/1219 
f 1224/1224/1224 1225/1225/1225 1219/1219/1219 
f 1219/1219/1219 1225/1225/1225 1226/1226/1226 
f 1225/1225/1225 1226/1226/1226 1226/1226/1226 
f 1226/1226/1226 1226/1226/1226 1222/1222/1222 
f 1226/1226/1226 1222/1222/1222 1222/1222/1222 
f 1222/1222/1222 1222/1222/1222 1222/1222/1222 
f 1222/1222/1222 1227/1227/1227 1222/1222/1222 
f 1222/1222/1222 1227/1227/1227 1223/1223/1223 
f 1227/1227/1227 1228/1228/1228 1223/1223/1223 
f 1223/1223/1223 1228/1228/1228 1224/1224/1224 
f 1228/1228/1228 1229/1229/1229 1224/1224/1224 
f 1224/1224/1224 1229/1229/1229 1225/1225/1225 
f 1229/1229/1229 1225/1225/1225 1225/1225/1225 
f 1225/1225/1225 1225/1225/1225 1227/1227/1227 
f 1225/1225/1225 1227/1227/1227 1227/1227/1227 
f 1227/1227/1227 1227/1227/1227 1227/1227/1227 
f 1227/1227/1227 1222/1222/1222 1227/1227/1227 
f 1227/1227/1227 1222/1222/1222 1230/1230/1230 
f 1222/1222/1222 1231/1231/1231 1230/1230/1230 
f 1230/1230/1230 1231/1231/1231 1231/1231/1231 
f 1231/1231/1231 1222/1222/1222 1231/1231/1231 
f 1231/1231/1231 1222/1222/1222 1222/1222/1222 
f 1222/1222/1222 1213/1213/1213 1222/1222/1222 
f 1222/1222/1222 1213/1213/1213 1231/1231/1231 
f 1213/1213/1213 1232/1232/1232 1231/1231/1231 
f 1231/1231/1231 1232/1232/1232 1233/1233/1233 
f 1232/1232/1232 1234/1234/1234 1233/1233/1233 
f 1233/1233/1233 1234/1234/1234 1235/1235/1235 
f 1234/1234/1234 1236/1236/1236 1235/1235/1235 
f 1235/1235/1235 1236/1236/1236 1237/1237/1237 
f 1236/1236/1236 1238/1238/1238 1237/1237/1237 
f 1237/1237/1237 1238/1238/1238 1239/1239/1239 
f 1238/1238/1238 1240/1240/1240 1239/1239/1239 
f 1239/1239/1239 1240/1240/1240 1240/1240/1240 
f 1240/1240/1240 1236/1236/1236 1240/1240/1240 
f 1240/1240/1240 1236/1236/1236 1236/1236/1236 
f 1236/1236/1236 1205/1205/1205 1236/1236/1236 
f 1236/1236/1236 1205/1205/1205 1238/1238/1238 
f 1205/1205/1205 1203/1203/1203 1238/1238/1238 
f 1238/1238/1238 1203/1203/1203 1240/1240/1240 
f 1203/1203/1203 1201/1201/1201 1240/1240/1240 
f 1240/1240/1240 1201/1201/1201 1199/1199/1199 
f 1201/1201/1201 1199/1199/1199 1199/1199/1199 
f 1199/1199/1199 1199/1199/1199 1205/1205/1205 
f 1199/1199/1199 1205/1205/1205 1205/1205/1205 
f 1205/1205/1205 1205/1205/1205 1205/1205/1205 
f 1205/1205/1205 1236/1236/1236 1205/1205/1205 
f 1205/1205/1205 1236/1236/1236 1207/1207/1207 
f 1236/1236/1236 1241/1241/1241 1207/1207/1207 
f 1207/1207/1207 1241/1241/1241 1241/1241/1241 
f 1241/1241/1241 1236/1236/1236 1241/1241/1241 
f 1241/1241/1241 1236/1236/1236 1242/1242/1242 
f 1236/1236/1236 1243/1243/1243 1242/1242/1242 
f 1242/1242/1242 1243/1243/1243 1244/1244/1244 
f 1243/1243/1243 1245/1245/1245 1244/1244/1244 
f 1244/1244/1244 1245/1245/1245 1245/1245/1245 
f 1245/1245/1245 1236/1236/1236 1245/1245/1245 
f 1245/1245/1245 1236/1236/1236 1236/1236/1236 
f 1236/1236/1236 1234/1234/1234 1236/1236/1236 
f 1236/1236/1236 1234/1234/1234 1243/1243/1243 
f 1234/1234/1234 1245/1245/1245 1243/1243/1243 
f 1243/1243/1243 1245/1245/1245 1245/1245/1245 
f 1245/1245/1245 1234/1234/1234 1245/1245/1245 
f 1245/1245/1245 1234/1234/1234 1246/1246/1246 
f 1234/1234/1234 1247/1247/1247 1246/1246/1246 
f 1246/1246/1246 1247/1247/1247 1248/1248/1248 
f 1247/1247/1247 1249/1249/1249 1248/1248/1248 
f 1248/1248/1248 1249/1249/1249 1250/1250/1250 
f 1249/1249/1249 1211/1211/1211 1250/1250/1250 
f 1250/1250/1250 1211/1211/1211 1251/1251/1251 
f 1211/1211/1211 1251/1251/1251 1251/1251/1251 
f 1251/1251/1251 1251/1251/1251 1211/1211/1211 
f 1251/1251/1251 1211/1211/1211 1211/1211/1211 
f 1211/1211/1211 1211/1211/1211 1211/1211/1211 
f 1211/1211/1211 1249/1249/1249 1211/1211/1211 
f 1211/1211/1211 1249/1249/1249 1213/1213/1213 
f 1249/1249/1249 1247/1247/1247 1213/1213/1213 
f 1213/1213/1213 1247/1247/1247 1232/1232/1232 
f 1247/1247/1247 1234/1234/1234 1232/1232/1232 
f 1232/1232/1232 1234/1234/1234 1234/1234/1234 
f 1234/1234/1234 1252/1252/1252 1234/1234/1234 
f 1234/1234/1234 1252/1252/1252 1252/1252/1252 
f 1252/1252/1252 1253/1253/1253 1252/1252/1252 
f 1252/1252/1252 1253/1253/1253 1254/1254/1254 
f 1253/1253/1253 1255/1255/1255 1254/1254/1254 
f 1254/1254/1254 1255/1255/1255 1256/1256/1256 
f 1255/1255/1255 1256/1256/1256 1256/1256/1256 
f 1256/1256/1256 1256/1256/1256 1254/1254/1254 
f 1256/1256/1256 1254/1254/1254 1254/1254/1254 
f 1254/1254/1254 1254/1254/1254 1254/1254/1254 
f 1254/1254/1254 1256/1256/1256 1254/1254/1254 
f 1254/1254/1254 1256/1256/1256 1257/1257/1257 
f 1256/1256/1256 1258/1258/1258 1257/1257/1257 
f 1257/1257/1257 1258/1258/1258 1258/1258/1258 
f 1258/1258/1258 1256/1256/1256 1258/1258/1258 
f 1258/1258/1258 1256/1256/1256 1256/1256/1256 
f 1256/1256/1256 1259/1259/1259 1256/1256/1256 
f 1256/1256/1256 1259/1259/1259 1258/1258/1258 
f 1259/1259/1259 1260/1260/1260 1258/1258/1258 
f 1258/1258/1258 1260/1260/1260 1260/1260/1260 
f 1260/1260/1260 1259/1259/1259 1260/1260/1260 
f 1260/1260/1260 1259/1259/1259 1259/1259/1259 
f 1259/1259/1259 1261/1261/1261 1259/1259/1259 
f 1259/1259/1259 1261/1261/1261 1260/1260/1260 
f 1261/1261/1261 1262/1262/1262 1260/1260/1260 
f 1260/1260/1260 1262/1262/1262 1262/1262/1262 
f 1262/1262/1262 1263/1263/1263 1262/1262/1262 
f 1262/1262/1262 1263/1263/1263 1263/1263/1263 
f 1263/1263/1263 1264/1264/1264 1263/1263/1263 
f 1263/1263/1263 1264/1264/1264 1265/1265/1265 
f 1264/1264/1264 1266/1266/1266 1265/1265/1265 
f 1265/1265/1265 1266/1266/1266 1267/1267/1267 
f 1266/1266/1266 1268/1268/1268 1267/1267/1267 
f 1267/1267/1267 1268/1268/1268 1269/1269/1269 
f 1268/1268/1268 1270/1270/1270 1269/1269/1269 
f 1269/1269/1269 1270/1270/1270 1270/1270/1270 
f 1270/1270/1270 1264/1264/1264 1270/1270/1270 
f 1270/1270/1270 1264/1264/1264 1264/1264/1264 
f 1264/1264/1264 1271/1271/1271 1264/1264/1264 
f 1264/1264/1264 1271/1271/1271 1266/1266/1266 
f 1271/1271/1271 1268/1268/1268 1266/1266/1266 
f 1266/1266/1266 1268/1268/1268 1268/1268/1268 
f 1268/1268/1268 1271/1271/1271 1268/1268/1268 
f 1268/1268/1268 1271/1271/1271 1271/1271/1271 
f 1271/1271/1271 1272/1272/1272 1271/1271/1271 
f 1271/1271/1271 1272/1272/1272 1268/1268/1268 
f 1272/1272/1272 1273/1273/1273 1268/1268/1268 
f 1268/1268/1268 1273/1273/1273 1270/1270/1270 
f 1273/1273/1273 1270/1270/1270 1270/1270/1270 
f 1270/1270/1270 1270/1270/1270 1274/1274/1274 
f 1270/1270/1270 1274/1274/1274 1274/1274/1274 
f 1274/1274/1274 1274/1274/1274 1274/1274/1274 
f 1274/1274/1274 1235/1235/1235 1274/1274/1274 
f 1274/1274/1274 1235/1235/1235 1275/1275/1275 
f 1235/1235/1235 1237/1237/1237 1275/1275/1275 
f 1275/1275/1275 1237/1237/1237 1239/1239/1239 
f 1237/1237/1237 1239/1239/1239 1239/1239/1239 
f 1239/1239/1239 1239/1239/1239 1276/1276/1276 
f 1239/1239/1239 1276/1276/1276 1276/1276/1276 
f 1276/1276/1276 1276/1276/1276 1276/1276/1276 
f 1276/1276/1276 1277/1277/1277 1276/1276/1276 
f 1276/1276/1276 1277/1277/1277 1278/1278/1278 
f 1277/1277/1277 1279/1279/1279 1278/1278/1278 
f 1278/1278/1278 1279/1279/1279 1280/1280/1280 
f 1279/1279/1279 1281/1281/1281 1280/1280/1280 
f 1280/1280/1280 1281/1281/1281 1282/1282/1282 
f 1281/1281/1281 1283/1283/1283 1282/1282/1282 
f 1282/1282/1282 1283/1283/1283 1284/1284/1284 
f 1283/1283/1283 1285/1285/1285 1284/1284/1284 
f 1284/1284/1284 1285/1285/1285 1286/1286/1286 
f 1285/1285/1285 1287/1287/1287 1286/1286/1286 
f 1286/1286/1286 1287/1287/1287 1287/1287/1287 
f 1287/1287/1287 1277/1277/1277 1287/1287/1287 
f 1287/1287/1287 1277/1277/1277 1277/1277/1277 
f 1277/1277/1277 1288/1288/1288 1277/1277/1277 
f 1277/1277/1277 1288/1288/1288 1279/1279/1279 
f 1288/1288/1288 1289/1289/1289 1279/1279/1279 
f 1279/1279/1279 1289/1289/1289 1281/1281/1281 
f 1289/1289/1289 1290/1290/1290 1281/1281/1281 
f 1281/1281/1281 1290/1290/1290 1291/1291/1291 
f 1290/1290/1290 1292/1292/1292 1291/1291/1291 
f 1291/1291/1291 1292/1292/1292 1293/1293/1293 
f 1292/1292/1292 1293/1293/1293 1293/1293/1293 
f 1293/1293/1293 1293/1293/1293 1292/1292/1292 
f 1293/1293/1293 1292/1292/1292 1292/1292/1292 
f 1292/1292/1292 1292/1292/1292 1292/1292/1292 
f 1292/1292/1292 1290/1290/1290 1292/1292/1292 
f 1292/1292/1292 1290/1290/1290 1294/1294/1294 
f 1290/1290/1290 1289/1289/1289 1294/1294/1294 
f 1294/1294/1294 1289/1289/1289 1295/1295/1295 
f 1289/1289/1289 1288/1288/1288 1295/1295/1295 
f 1295/1295/1295 1288/1288/1288 1288/1288/1288 
f 1288/1288/1288 1296/1296/1296 1288/1288/1288 
f 1288/1288/1288 1296/1296/1296 1296/1296/1296 
f 1296/1296/1296 1297/1297/1297 1296/1296/1296 
f 1296/1296/1296 1297/1297/1297 1298/1298/1298 
f 1297/1297/1297 1299/1299/1299 1298/1298/1298 
f 1298/1298/1298 1299/1299/1299 1300/1300/1300 
f 1299/1299/1299 1301/1301/1301 1300/1300/1300 
f 1300/1300/1300 1301/1301/1301 1302/1302/1302 
f 1301/1301/1301 1303/1303/1303 1302/1302/1302 
f 1302/1302/1302 1303/1303/1303 1303/1303/1303 
f 1303/1303/1303 1297/1297/1297 1303/1303/1303 
f 1303/1303/1303 1297/1297/1297 1297/1297/1297 
f 1297/1297/1297 1304/1304/1304 1297/1297/1297 
f 1297/1297/1297 1304/1304/1304 1299/1299/1299 
f 1304/1304/1304 1305/1305/1305 1299/1299/1299 
f 1299/1299/1299 1305/1305/1305 1301/1301/1301 
f 1305/1305/1305 1306/1306/1306 1301/1301/1301 
f 1301/1301/1301 1306/1306/1306 1303/1303/1303 
f 1306/1306/1306 1303/1303/1303 1303/1303/1303 
f 1303/1303/1303 1303/1303/1303 1304/1304/1304 
f 1303/1303/1303 1304/1304/1304 1304/1304/1304 
f 1304/1304/1304 1304/1304/1304 1304/1304/1304 
f 1304/1304/1304 1307/1307/1307 1304/1304/1304 
f 1304/1304/1304 1307/1307/1307 1305/1305/1305 
f 1307/1307/1307 1308/1308/1308 1305/1305/1305 
f 1305/1305/1305 1308/1308/1308 1306/1306/1306 
f 1308/1308/1308 1309/1309/1309 1306/1306/1306 
f 1306/1306/1306 1309/1309/1309 1309/1309/1309 
f 1309/1309/1309 1307/1307/1307 1309/1309/1309 
f 1309/1309/1309 1307/1307/1307 1307/1307/1307 
f 1307/1307/1307 1304/1304/1304 1307/1307/1307 
f 1307/1307/1307 1304/1304/1304 1310/1310/1310 
f 1304/1304/1304 1311/1311/1311 1310/1310/1310 
f 1310/1310/1310 1311/1311/1311 1311/1311/1311 
f 1311/1311/1311 1312/1312/1312 1311/1311/1311 
f 1311/1311/1311 1312/1312/1312 1312/1312/1312 
f 1312/1312/1312 1313/1313/1313 1312/1312/1312 
f 1312/1312/1312 1313/1313/1313 1314/1314/1314 
f 1313/1313/1313 1315/1315/1315 1314/1314/1314 
f 1314/1314/1314 1315/1315/1315 1316/1316/1316 
f 1315/1315/1315 1317/1317/1317 1316/1316/1316 
f 1316/1316/1316 1317/1317/1317 1318/1318/1318 
f 1317/1317/1317 1319/1319/1319 1318/1318/1318 
f 1318/1318/1318 1319/1319/1319 1319/1319/1319 
f 1319/1319/1319 1317/1317/1317 1319/1319/1319 
f 1319/1319/1319 1317/1317/1317 1317/1317/1317 
f 1317/1317/1317 1315/1315/1315 1317/1317/1317 
f 1317/1317/1317 1315/1315/1315 1319/1319/1319 
f 1315/1315/1315 1313/1313/1313 1319/1319/1319 
f 1319/1319/1319 1313/1313/1313 1320/1320/1320 
f 1313/1313/1313 1320/1320/1320 1320/1320/1320 
f 1320/1320/1320 1320/1320/1320 1321/1321/1321 
f 1320/1320/1320 1321/1321/1321 1321/1321/1321 
f 1321/1321/1321 1321/1321/1321 1321/1321/1321 
f 1321/1321/1321 1322/1322/1322 1321/1321/1321 
f 1321/1321/1321 1322/1322/1322 1323/1323/1323 
f 1322/1322/1322 1324/1324/1324 1323/1323/1323 
f 1323/1323/1323 1324/1324/1324 1325/1325/1325 
f 1324/1324/1324 1326/1326/1326 1325/1325/1325 
f 1325/1325/1325 1326/1326/1326 1327/1327/1327 
f 1326/1326/1326 1328/1328/1328 1327/1327/1327 
f 1327/1327/1327 1328/1328/1328 1328/1328/1328 
f 1328/1328/1328 1322/1322/1322 1328/1328/1328 
f 1328/1328/1328 1322/1322/1322 1322/1322/1322 
f 1322/1322/1322 1329/1329/1329 1322/1322/1322 
f 1322/1322/1322 1329/1329/1329 1324/1324/1324 
f 1329/1329/1329 1330/1330/1330 1324/1324/1324 
f 1324/1324/1324 1330/1330/1330 1326/1326/1326 
f 1330/1330/1330 1331/1331/1331 1326/1326/1326 
f 1326/1326/1326 1331/1331/1331 1328/1328/1328 
f 1331/1331/1331 1328/1328/1328 1328/1328/1328 
f 1328/1328/1328 1328/1328/1328 1329/1329/1329 
f 1328/1328/1328 1329/1329/1329 1329/1329/1329 
f 1329/1329/1329 1329/1329/1329 1329/1329/1329 
f 1329/1329/1329 1332/1332/1332 1329/1329/1329 
f 1329/1329/1329 1332/1332/1332 1330/1330/1330 
f 1332/1332/1332 1333/1333/1333 1330/1330/1330 
f 1330/1330/1330 1333/1333/1333 1331/1331/1331 
f 1333/1333/1333 1334/1334/1334 1331/1331/1331 
f 1331/1331/1331 1334/1334/1334 1334/1334/1334 
f 1334/1334/1334 1332/1332/1332 1334/1334/1334 
f 1334/1334/1334 1332/1332/1332 1332/1332/1332 
f 1332/1332/1332 1335/1335/1335 1332/1332/1332 
f 1332/1332/1332 1335/1335/1335 1333/1333/1333 
f 1335/1335/1335 1336/1336/1336 1333/1333/1333 
f 1333/1333/1333 1336/1336/1336 1334/1334/1334 
f 1336/1336/1336 1337/1337/1337 1334/1334/1334 
f 1334/1334/1334 1337/1337/1337 1337/1337/1337 
f 1337/1337/1337 1335/1335/1335 1337/1337/1337 
f 1337/1337/1337 1335/1335/1335 1335/1335/1335 
f 1335/1335/1335 1332/1332/1332 1335/1335/1335 
f 1335/1335/1335 1332/1332/1332 1338/1338/1338 
f 1332/1332/1332 1339/1339/1339 1338/1338/1338 
f 1338/1338/1338 1339/1339/1339 1339/1339/1339 
f 1339/1339/1339 1332/1332/1332 1339/1339/1339 
f 1339/1339/1339 1332/1332/1332 1332/1332/1332 
f 1332/1332/1332 1329/1329/1329 1332/1332/1332 
f 1332/1332/1332 1329/1329/1329 1339/1339/1339 
f 1329/1329/1329 1340/1340/1340 1339/1339/1339 
f 1339/1339/1339 1340/1340/1340 1340/1340/1340 
f 1340/1340/1340 1341/1341/1341 1340/1340/1340 
f 1340/1340/1340 1341/1341/1341 1341/1341/1341 
f 1341/1341/1341 1342/1342/1342 1341/1341/1341 
f 1341/1341/1341 1342/1342/1342 1343/1343/1343 
f 1342/1342/1342 1344/1344/1344 1343/1343/1343 
f 1343/1343/1343 1344/1344/1344 1345/1345/1345 
f 1344/1344/1344 1346/1346/1346 1345/1345/1345 
f 1345/1345/1345 1346/1346/1346 1347/1347/1347 
f 1346/1346/1346 1348/1348/1348 1347/1347/1347 
f 1347/1347/1347 1348/1348/1348 1349/1349/1349 
f 1348/1348/1348 1350/1350/1350 1349/1349/1349 
f 1349/1349/1349 1350/1350/1350 1351/1351/1351 
f 1350/1350/1350 1352/1352/1352 1351/1351/1351 
f 1351/1351/1351 1352/1352/1352 1353/1353/1353 
f 1352/1352/1352 1354/1354/1354 1353/1353/1353 
f 1353/1353/1353 1354/1354/1354 1355/1355/1355 
f 1354/1354/1354 1356/1356/1356 1355/1355/1355 
f 1355/1355/1355 1356/1356/1356 1357/1357/1357 
f 1356/1356/1356 1358/1358/1358 1357/1357/1357 
f 1357/1357/1357 1358/1358/1358 1359/1359/1359 
f 1358/1358/1358 1360/1360/1360 1359/1359/1359 
f 1359/1359/1359 1360/1360/1360 1361/1361/1361 
f 1360/1360/1360 1362/1362/1362 1361/1361/1361 
f 1361/1361/1361 1362/1362/1362 1363/1363/1363 
f 1362/1362/1362 1364/1364/1364 1363/1363/1363 
f 1363/1363/1363 1364/1364/1364 1365/1365/1365 
f 1364/1364/1364 1366/1366/1366 1365/1365/1365 
f 1365/1365/1365 1366/1366/1366 1367/1367/1367 
f 1366/1366/1366 1368/1368/1368 1367/1367/1367 
f 1367/1367/1367 1368/1368/1368 1369/1369/1369 
f 1368/1368/1368 1370/1370/1370 1369/1369/1369 
f 1369/1369/1369 1370/1370/1370 1371/1371/1371 
f 1370/1370/1370 1372/1372/1372 1371/1371/1371 
f 1371/1371/1371 1372/1372/1372 1373/1373/1373 
f 1372/1372/1372 1374/1374/1374 1373/1373/1373 
f 1373/1373/1373 1374/1374/1374 1374/1374/1374 
f 1374/1374/1374 1342/1342/1342 1374/1374/1374 
f 1374/1374/1374 1342/1342/1342 1342/1342/1342 
f 1342/1342/1342 1375/1375/1375 1342/1342/1342 
f 1342/1342/1342 1375/1375/1375 1344/1344/1344 
f 1375/1375/1375 1376/1376/1376 1344/1344/1344 
f 1344/1344/1344 1376/1376/1376 1346/1346/1346 
f 1376/1376/1376 1377/1377/1377 1346/1346/1346 
f 1346/1346/1346 1377/1377/1377 1348/1348/1348 
f 1377/1377/1377 1378/1378/1378 1348/1348/1348 
f 1348/1348/1348 1378/1378/1378 1350/1350/1350 
f 1378/1378/1378 1379/1379/1379 1350/1350/1350 
f 1350/1350/1350 1379/1379/1379 1352/1352/1352 
f 1379/1379/1379 1380/1380/1380 1352/1352/1352 
f 1352/1352/1352 1380/1380/1380 1354/1354/1354 
f 1380/1380/1380 1381/1381/1381 1354/1354/1354 
f 1354/1354/1354 1381/1381/1381 1356/1356/1356 
f 1381/1381/1381 1382/1382/1382 1356/1356/1356 
f 1356/1356/1356 1382/1382/1382 1358/1358/1358 
f 1382/1382/1382 1383/1383/1383 1358/1358/1358 
f 1358/1358/1358 1383/1383/1383 1360/1360/1360 
f 1383/1383/1383 1384/1384/1384 1360/1360/1360 
f 1360/1360/1360 1384/1384/1384 1362/1362/1362 
f 1384/1384/1384 1385/1385/1385 1362/1362/1362 
f 1362/1362/1362 1385/1385/1385 1364/1364/1364 
f 1385/1385/1385 1386/1386/1386 1364/1364/1364 
f 1364/1364/1364 1386/1386/1386 1366/1366/1366 
f 1386/1386/1386 1387/1387/1387 1366/1366/1366 
f 1366/1366/1366 1387/1387/1387 1368/1368/1368 
f 1387/1387/1387 1388/1388/1388 1368/1368/1368 
f 1368/1368/1368 1388/1388/1388 1370/1370/1370 
f 1388/1388/1388 1389/1389/1389 1370/1370/1370 
f 1370/1370/1370 1389/1389/1389 1372/1372/1372 
f 1389/1389/1389 1390/1390/1390 1372/1372/1372 
f 1372/1372/1372 1390/1390/1390 1374/1374/1374 
f 1390/1390/1390 1391/1391/1391 1374/1374/1374 
f 1374/1374/1374 1391/1391/1391 1391/1391/1391 
f 1391/1391/1391 1375/1375/1375 1391/1391/1391 
f 1391/1391/1391 1375/1375/1375 1375/1375/1375 
f 1375/1375/1375 1392/1392/1392 1375/1375/1375 
f 1375/1375/1375 1392/1392/1392 1376/1376/1376 
f 1392/1392/1392 1393/1393/1393 1376/1376/1376 
f 1376/1376/1376 1393/1393/1393 1377/1377/1377 
f 1393/1393/1393 1394/1394/1394 1377/1377/1377 
f 1377/1377/1377 1394/1394/1394 1378/1378/1378 
f 1394/1394/1394 1395/1395/1395 1378/1378/1378 
f 1378/1378/1378 1395/1395/1395 1379/1379/1379 
f 1395/1395/1395 1396/1396/1396 1379/1379/1379 
f 1379/1379/1379 1396/1396/1396 1380/1380/1380 
f 1396/1396/1396 1397/1397/1397 1380/1380/1380 
f 1380/1380/1380 1397/1397/1397 1381/1381/1381 
f 1397/1397/1397 1398/1398/1398 1381/1381/1381 
f 1381/1381/1381 1398/1398/1398 1382/1382/1382 
f 1398/1398/1398 1399/1399/1399 1382/1382/1382 
f 1382/1382/1382 1399/1399/1399 1383/1383/1383 
f 1399/1399/1399 1400/1400/1400 1383/1383/1383 
f 1383/1383/1383 1400/1400/1400 1384/1384/1384 
f 1400/1400/1400 1401/1401/1401 1384/1384/1384 
f 1384/1384/1384 1401/1401/1401 1385/1385/1385 
f 1401/1401/1401 1402/1402/1402 1385/1385/1385 
f 1385/1385/1385 1402/1402/1402 1386/1386/1386 
f 1402/1402/1402 1403/1403/1403 1386/1386/1386 
f 1386/1386/1386 1403/1403/1403 1387/1387/1387 
f 1403/1403/1403 1404/1404/1404 1387/1387/1387 
f 1387/1387/1387 1404/1404/1404 1388/1388/1388 
f 1404/1404/1404 1405/1405/1405 1388/1388/1388 
f 1388/1388/1388 1405/1405/1405 1389/1389/1389 
f 1405/1405/1405 1406/1406/1406 1389/1389/1389 
f 1389/1389/1389 1406/1406/1406 1390/1390/1390 
f 1406/1406/1406 1407/1407/1407 1390/1390/1390 
f 1390/1390/1390 1407/1407/1407 1391/1391/1391 
f 1407/1407/1407 1391/1391/1391 1391/1391/1391 
f 1391/1391/1391 1391/1391/1391 1392/1392/1392 
f 1391/1391/1391 1392/1392/1392 1392/1392/1392 
f 1392/1392/1392 1392/1392/1392 1392/1392/1392 
f 1392/1392/1392 1408/1408/1408 1392/1392/1392 
f 1392/1392/1392 1408/1408/1408 1393/1393/1393 
f 1408/1408/1408 1409/1409/1409 1393/1393/1393 
f 1393/1393/1393 1409/1409/1409 1394/1394/1394 
f 1409/1409/1409 1410/1410/1410 1394/1394/1394 
f 1394/1394/1394 1410/1410/1410 1395/1395/1395 
f 1410/1410/1410 1411/1411/1411 1395/1395/1395 
f 1395/1395/1395 1411/1411/1411 1396/1396/1396 
f 1411/1411/1411 1412/1412/1412 1396/1396/1396 
f 1396/1396/1396 1412/1412/1412 1397/1397/1397 
f 1412/1412/1412 1413/1413/1413 1397/1397/1397 
f 1397/1397/1397 1413/1413/1413 1398/1398/1398 
f 1413/1413/1413 1414/1414/1414 1398/1398/1398 
f 1398/1398/1398 1414/1414/1414 1399/1399/1399 
f 1414/1414/1414 1415/1415/1415 1399/1399/1399 
f 1399/1399/1399 1415/1415/1415 1400/1400/1400 
f 1415/1415/1415 1416/1416/1416 1400/1400/1400 
f 1400/1400/1400 1416/1416/1416 1401/1401/1401 
f 1416/1416/1416 1417/1417/1417 1401/1401/1401 
f 1401/1401/1401 1417/1417/1417 1402/1402/1402 
f 1417/1417/1417 1418/1418/1418 1402/1402/1402 
f 1402/1402/1402 1418/1418/1418 1403/1403/1403 
f 1418/1418/1418 1419/1419/1419 1403/1403/1403 
f 1403/1403/1403 1419/1419/1419 1404/1404/1404 
f 1419/1419/1419 1420/1420/1420 1404/1404/1404 
f 1404/1404/1404 1420/1420/1420 1405/1405/1405 
f 1420/1420/1420 1421/1421/1421 1405/1405/1405 
f 1405/1405/1405 1421/1421/1421 1406/1406/1406 
f 1421/1421/1421 1422/1422/1422 1406/1406/1406 
f 1406/1406/1406 1422/1422/1422 1407/1407/1407 
f 1422/1422/1422 1423/1423/1423 1407/1407/1407 
f 1407/1407/1407 1423/1423/1423 1423/1423/1423 
f 1423/1423/1423 1408/1408/1408 1423/1423/1423 
f 1423/1423/1423 1408/1408/1408 1408/1408/1408 
f 1408/1408/1408 1392/1392/1392 1408/1408/1408 
f 1408/1408/1408 1392/1392/1392 1424/1424/1424 
f 1392/1392/1392 1425/1425/1425 1424/1424/1424 
f 1424/1424/1424 1425/1425/1425 1425/1425/1425 
f 1425/1425/1425 1426/1426/1426 1425/1425/1425 
f 1425/1425/1425 1426/1426/1426 1426/1426/1426 
f 1426/1426/1426 1427/1427/1427 1426/1426/1426 
f 1426/1426/1426 1427/1427/1427 1428/1428/1428 
f 1427/1427/1427 1429/1429/1429 1428/1428/1428 
f 1428/1428/1428 1429/1429/1429 1429/1429/1429 
f 1429/1429/1429 1430/1430/1430 1429/1429/1429 
f 1429/1429/1429 1430/1430/1430 1430/1430/1430 
f 1430/1430/1430 1431/1431/1431 1430/1430/1430 
f 1430/1430/1430 1431/1431/1431 1432/1432/1432 
f 1431/1431/1431 1433/1433/1433 1432/1432/1432 
f 1432/1432/1432 1433/1433/1433 1433/1433/1433 
f 1433/1433/1433 1434/1434/1434 1433/1433/1433 
f 1433/1433/1433 1434/1434/1434 1434/1434/1434 
f 1434/1434/1434 1435/1435/1435 1434/1434/1434 
f 1434/1434/1434 1435/1435/1435 1436/1436/1436 
f 1435/1435/1435 1437/1437/1437 1436/1436/1436 
f 1436/1436/1436 1437/1437/1437 1437/1437/1437 
f 1437/1437/1437 1438/1438/1438 1437/1437/1437 
f 1437/1437/1437 1438/1438/1438 1438/1438/1438 
f 1438/1438/1438 1439/1439/1439 1438/1438/1438 
f 1438/1438/1438 1439/1439/1439 1440/1440/1440 
f 1439/1439/1439 1441/1441/1441 1440/1440/1440 
f 1440/1440/1440 1441/1441/1441 1441/1441/1441 
f 1441/1441/1441 1442/1442/1442 1441/1441/1441 
f 1441/1441/1441 1442/1442/1442 1442/1442/1442 
f 1442/1442/1442 1443/1443/1443 1442/1442/1442 
f 1442/1442/1442 1443/1443/1443 1444/1444/1444 
f 1443/1443/1443 1445/1445/1445 1444/1444/1444 
f 1444/1444/1444 1445/1445/1445 1446/1446/1446 
f 1445/1445/1445 1447/1447/1447 1446/1446/1446 
f 1446/1446/1446 1447/1447/1447 1448/1448/1448 
f 1447/1447/1447 1449/1449/1449 1448/1448/1448 
f 1448/1448/1448 1449/1449/1449 1449/1449/1449 
f 1449/1449/1449 1450/1450/1450 1449/1449/1449 
f 1449/1449/1449 1450/1450/1450 1450/1450/1450 
f 1450/1450/1450 1451/1451/1451 1450/1450/1450 
f 1450/1450/1450 1451/1451/1451 1452/1452/1452 
f 1451/1451/1451 1453/1453/1453 1452/1452/1452 
f 1452/1452/1452 1453/1453/1453 1454/1454/1454 
f 1453/1453/1453 1455/1455/1455 1454/1454/1454 
f 1454/1454/1454 1455/1455/1455 1456/1456/1456 
f 1455/1455/1455 1457/1457/1457 1456/1456/1456 
f 1456/1456/1456 1457/1457/1457 1458/1458/1458 
f 1457/1457/1457 1459/1459/1459 1458/1458/1458 
f 1458/1458/1458 1459/1459/1459 1460/1460/1460 
f 1459/1459/1459 1461/1461/1461 1460/1460/1460 
f 1460/1460/1460 1461/1461/1461 1462/1462/1462 
f 1461/1461/1461 1463/1463/1463 1462/1462/1462 
f 1462/1462/1462 1463/1463/1463 1464/1464/1464 
f 1463/1463/1463 1465/1465/1465 1464/1464/1464 
f 1464/1464/1464 1465/1465/1465 1466/1466/1466 
f 1465/1465/1465 1467/1467/1467 1466/1466/1466 
f 1466/1466/1466 1467/1467/1467 1468/1468/1468 
f 1467/1467/1467 1469/1469/1469 1468/1468/1468 
f 1468/1468/1468 1469/1469/1469 1470/1470/1470 
f 1469/1469/1469 1471/1471/1471 1470/1470/1470 
f 1470/1470/1470 1471/1471/1471 1472/1472/1472 
f 1471/1471/1471 1473/1473/1473 1472/1472/1472 
f 1472/1472/1472 1473/1473/1473 1474/1474/1474 
f 1473/1473/1473 1475/1475/1475 1474/1474/1474 
f 1474/1474/1474 1475/1475/1475 1476/1476/1476 
f 1475/1475/1475 1477/1477/1477 1476/1476/1476 
f 1476/1476/1476 1477/1477/1477 1478/1478/1478 
f 1477/1477/1477 1479/1479/1479 1478/1478/1478 
f 1478/1478/1478 1479/1479/1479 1480/1480/1480 
f 1479/1479/1479 1481/1481/1481 1480/1480/1480 
f 1480/1480/1480 1481/1481/1481 1482/1482/1482 
f 1481/1481/1481 1483/1483/1483 1482/1482/1482 
f 1482/1482/1482 1483/1483/1483 1484/1484/1484 
f 1483/1483/1483 1485/1485/1485 1484/1484/1484 
f 1484/1484/1484 1485/1485/1485 1486/1486/1486 
f 1485/1485/1485 1487/1487/1487 1486/1486/1486 
f 1486/1486/1486 1487/1487/1487 1487/1487/1487 
f 1487/1487/1487 1451/1451/1451 1487/1487/1487 
f 1487/1487/1487 1451/1451/1451 1451/1451/1451 
f 1451/1451/1451 1488/1488/1488 1451/1451/1451 
f 1451/1451/1451 1488/1488/1488 1453/1453/1453 
f 1488/1488/1488 1489/1489/1489 1453/1453/1453 
f 1453/1453/1453 1489/1489/1489 1455/1455/1455 
f 1489/1489/1489 1490/1490/1490 1455/1455/1455 
f 1455/1455/1455 1490/1490/1490 1457/1457/1457 
f 1490/1490/1490 1491/1491/1491 1457/1457/1457 
f 1457/1457/1457 1491/1491/1491 1459/1459/1459 
f 1491/1491/1491 1492/1492/1492 1459/1459/1459 
f 1459/1459/1459 1492/1492/1492 1461/1461/1461 
f 1492/1492/1492 1493/1493/1493 1461/1461/1461 
f 1461/1461/1461 1493/1493/1493 1463/1463/1463 
f 1493/1493/1493 1494/1494/1494 1463/1463/1463 
f 1463/1463/1463 1494/1494/1494 1465/1465/1465 
f 1494/1494/1494 1495/1495/1495 1465/1465/1465 
f 1465/1465/1465 1495/1495/1495 1467/1467/1467 
f 1495/1495/1495 1496/1496/1496 1467/1467/1467 
f 1467/1467/1467 1496/1496/1496 1469/1469/1469 
f 1496/1496/1496 1497/1497/1497 1469/1469/1469 
f 1469/1469/1469 1497/1497/1497 1471/1471/1471 
f 1497/1497/1497 1498/1498/1498 1471/1471/1471 
f 1471/1471/1471 1498/1498/1498 1473/1473/1473 
f 1498/1498/1498 1499/1499/1499 1473/1473/1473 
f 1473/1473/1473 1499/1499/1499 1475/1475/1475 
f 1499/1499/1499 1500/1500/1500 1475/1475/1475 
f 1475/1475/1475 1500/1500/1500 1477/1477/1477 
f 1500/1500/1500 1501/1501/1501 1477/1477/1477 
f 1477/1477/1477 1501/1501/1501 1479/1479/1479 
f 1501/1501/1501 1502/1502/1502 1479/1479/1479 
f 1479/1479/1479 1502/1502/1502 1481/1481/1481 
f 1502/1502/1502 1503/1503/1503 1481/1481/1481 
f 1481/1481/1481 1503/1503/1503 1483/1483/1483 
f 1503/1503/1503 1504/1504/1504 1483/1483/1483 
f 1483/1483/1483 1504/1504/1504 1485/1485/1485 
f 1504/1504/1504 1505/1505/1505 1485/1485/1485 
f 1485/1485/1485 1505/1505/1505 1487/1487/1487 
f 1505/1505/1505 1506/1506/1506 1487/1487/1487 
f 1487/1487/1487 1506/1506/1506 1506/1506/1506 
f 1506/1506/1506 1488/1488/1488 1506/1506/1506 
f 1506/1506/1506 1488/1488/1488 1488/1488/1488 
f 1488/1488/1488 1507/1507/1507 1488/1488/1488 
f 1488/1488/1488 1507/1507/1507 1489/1489/1489 
f 1507/1507/1507 1508/1508/1508 1489/1489/1489 
f 1489/1489/1489 1508/1508/1508 1490/1490/1490 
f 1508/1508/1508 1509/1509/1509 1490/1490/1490 
f 1490/1490/1490 1509/1509/1509 1491/1491/1491 
f 1509/1509/1509 1510/1510/1510 1491/1491/1491 
f 1491/1491/1491 1510/1510/1510 1492/1492/1492 
f 1510/1510/1510 1511/1511/1511 1492/1492/1492 
f 1492/1492/1492 1511/1511/1511 1493/1493/1493 
f 1511/1511/1511 1512/1512/1512 1493/1493/1493 
f 1493/1493/1493 1512/1512/1512 1494/1494/1494 
f 1512/1512/1512 1513/1513/1513 1494/1494/1494 
f 1494/1494/1494 1513/1513/1513 1495/1495/1495 
f 1513/1513/1513 1514/1514/1514 1495/1495/1495 
f 1495/1495/1495 1514/1514/1514 1496/1496/1496 
f 1514/1514/1514 1515/1515/1515 1496/1496/1496 
f 1496/1496/1496 1515/1515/1515 1497/1497/1497 
f 1515/1515/1515 1516/1516/1516 1497/1497/1497 
f 1497/1497/1497 1516/1516/1516 1498/1498/1498 
f 1516/1516/1516 1517/1517/1517 1498/1498/1498 
f 1498/1498/1498 1517/1517/1517 1499/1499/1499 
f 1517/1517/1517 1518/1518/1518 1499/1499/1499 
f 1499/1499/1499 1518/1518/1518 1500/1500/1500 
f 1518/1518/1518 1519/1519/1519 1500/1500/1500 
f 1500/1500/1500 1519/1519/1519 1501/1501/1501 
f 1519/1519/1519 1520/1520/1520 1501/1501/1501 
f 1501/1501/1501 1520/1520/1520 1502/1502/1502 
f 1520/1520/1520 1521/1521/1521 1502/1502/1502 
f 1502/1502/1502 1521/1521/1521 1503/1503/1503 
f 1521/1521/1521 1522/1522/1522 1503/1503/1503 
f 1503/1503/1503 1522/1522/1522 1504/1504/1504 
f 1522/1522/1522 1523/1523/1523 1504/1504/1504 
f 1504/1504/1504 1523/1523/1523 1505/1505/1505 
f 1523/1523/1523 1524/1524/1524 1505/1505/1505 
f 1505/1505/1505 1524/1524/1524 1506/1506/1506 
f 1524/1524/1524 1525/1525/1525 1506/1506/1506 
f 1506/1506/1506 1525/1525/1525 1525/1525/1525 
f 1525/1525/1525 1526/1526/1526 1525/1525/1525 
f 1525/1525/1525 1526/1526/1526 1526/1526/1526 
f 1526/1526/1526 1527/1527/1527 1526/1526/1526 
f 1526/1526/1526 1527/1527/1527 1528/1528/1528 
f 1527/1527/1527 1529/1529/1529 1528/1528/1528 
f 1528/1528/1528 1529/1529/1529 1529/1529/1529 
f 1529/1529/1529 1530/1530/1530 1529/1529/1529 
f 1529/1529/1529 1530/1530/1530 1530/1530/1530 
f 1530/1530/1530 1531/1531/1531 1530/1530/1530 
f 1530/1530/1530 1531/1531/1531 1532/1532/1532 
f 1531/1531/1531 1533/1533/1533 1532/1532/1532 
f 1532/1532/1532 1533/1533/1533 1534/1534/1534 
f 1533/1533/1533 1535/1535/1535 1534/1534/1534 
f 1534/1534/1534 1535/1535/1535 1536/1536/1536 
f 1535/1535/1535 1537/1537/1537 1536/1536/1536 
f 1536/1536/1536 1537/1537/1537 1537/1537/1537 
f 1537/1537/1537 1533/1533/1533 1537/1537/1537 
f 1537/1537/1537 1533/1533/1533 1533/1533/1533 
f 1533/1533/1533 1538/1538/1538 1533/1533/1533 
f 1533/1533/1533 1538/1538/1538 1535/1535/1535 
f 1538/1538/1538 1539/1539/1539 1535/1535/1535 
f 1535/1535/1535 1539/1539/1539 1537/1537/1537 
f 1539/1539/1539 1540/1540/1540 1537/1537/1537 
f 1537/1537/1537 1540/1540/1540 1540/1540/1540 
f 1540/1540/1540 1533/1533/1533 1540/1540/1540 
f 1540/1540/1540 1533/1533/1533 1533/1533/1533 
f 1533/1533/1533 1541/1541/1541 1533/1533/1533 
f 1533/1533/1533 1541/1541/1541 1538/1538/1538 
f 1541/1541/1541 1542/1542/1542 1538/1538/1538 
f 1538/1538/1538 1542/1542/1542 1539/1539/1539 
f 1542/1542/1542 898/898/898 1539/1539/1539 
f 1539/1539/1539 898/898/898 689/689/689 
f 898/898/898 689/689/689 689/689/689 
f 689/689/689 689/689/689 689/689/689 
f 689/689/689 1543/1543/1543 689/689/689 
f 689/689/689 1543/1543/1543 1539/1539/1539 
f 1543/1543/1543 1540/1540/1540 1539/1539/1539 
f 1539/1539/1539 1540/1540/1540 1540/1540/1540 
f 1540/1540/1540 689/689/689 1540/1540/1540 
f 1540/1540/1540 689/689/689 689/689/689 
f 689/689/689 1544/1544/1544 689/689/689 
f 689/689/689 1544/1544/1544 1543/1543/1543 
f 1544/1544/1544 1545/1545/1545 1543/1543/1543 
f 1543/1543/1543 1545/1545/1545 1540/1540/1540 
f 1545/1545/1545 1540/1540/1540 1540/1540/1540 
f 1540/1540/1540 1540/1540/1540 1546/1546/1546 
f 1540/1540/1540 1546/1546/1546 1546/1546/1546 
f 1546/1546/1546 1546/1546/1546 1546/1546/1546 
f 1546/1546/1546 1547/1547/1547 1546/1546/1546 
f 1546/1546/1546 1547/1547/1547 1548/1548/1548 
f 1547/1547/1547 1549/1549/1549 1548/1548/1548 
f 1548/1548/1548 1549/1549/1549 1550/1550/1550 
f 1549/1549/1549 1551/1551/1551 1550/1550/1550 
f 1550/1550/1550 1551/1551/1551 1552/1552/1552 
f 1551/1551/1551 1553/1553/1553 1552/1552/1552 
f 1552/1552/1552 1553/1553/1553 1554/1554/1554 
f 1553/1553/1553 1555/1555/1555 1554/1554/1554 
f 1554/1554/1554 1555/1555/1555 1556/1556/1556 
f 1555/1555/1555 1557/1557/1557 1556/1556/1556 
f 1556/1556/1556 1557/1557/1557 1558/1558/1558 
f 1557/1557/1557 1559/1559/1559 1558/1558/1558 
f 1558/1558/1558 1559/1559/1559 1560/1560/1560 
f 1559/1559/1559 1561/1561/1561 1560/1560/1560 
f 1560/1560/1560 1561/1561/1561 1562/1562/1562 
f 1561/1561/1561 1563/1563/1563 1562/1562/1562 
f 1562/1562/1562 1563/1563/1563 1564/1564/1564 
f 1563/1563/1563 1565/1565/1565 1564/1564/1564 
f 1564/1564/1564 1565/1565/1565 1566/1566/1566 
f 1565/1565/1565 1567/1567/1567 1566/1566/1566 
f 1566/1566/1566 1567/1567/1567 1568/1568/1568 
f 1567/1567/1567 1569/1569/1569 1568/1568/1568 
f 1568/1568/1568 1569/1569/1569 1570/1570/1570 
f 1569/1569/1569 1571/1571/1571 1570/1570/1570 
f 1570/1570/1570 1571/1571/1571 1572/1572/1572 
f 1571/1571/1571 1573/1573/1573 1572/1572/1572 
f 1572/1572/1572 1573/1573/1573 1574/1574/1574 
f 1573/1573/1573 1575/1575/1575 1574/1574/1574 
f 1574/1574/1574 1575/1575/1575 1576/1576/1576 
f 1575/1575/1575 1577/1577/1577 1576/1576/1576 
f 1576/1576/1576 1577/1577/1577 1578/1578/1578 
f 1577/1577/1577 1579/1579/1579 1578/1578/1578 
f 1578/1578/1578 1579/1579/1579 1580/1580/1580 
f 1579/1579/1579 1581/1581/1581 1580/1580/1580 
f 1580/1580/1580 1581/1581/1581 1582/1582/1582 
f 1581/1581/1581 1583/1583/1583 1582/1582/1582 
f 1582/1582/1582 1583/1583/1583 1583/1583/1583 
f 1583/1583/1583 1547/1547/1547 1583/1583/1583 
f 1583/1583/1583 1547/1547/1547 1547/1547/1547 
f 1547/1547/1547 1584/1584/1584 1547/1547/1547 
f 1547/1547/1547 1584/1584/1584 1549/1549/1549 
f 1584/1584/1584 1585/1585/1585 1549/1549/1549 
f 1549/1549/1549 1585/1585/1585 1551/1551/1551 
f 1585/1585/1585 1586/1586/1586 1551/1551/1551 
f 1551/1551/1551 1586/1586/1586 1553/1553/1553 
f 1586/1586/1586 1587/1587/1587 1553/1553/1553 
f 1553/1553/1553 1587/1587/1587 1555/1555/1555 
f 1587/1587/1587 1588/1588/1588 1555/1555/1555 
f 1555/1555/1555 1588/1588/1588 1557/1557/1557 
f 1588/1588/1588 1589/1589/1589 1557/1557/1557 
f 1557/1557/1557 1589/1589/1589 1559/1559/1559 
f 1589/1589/1589 1590/1590/1590 1559/1559/1559 
f 1559/1559/1559 1590/1590/1590 1561/1561/1561 
f 1590/1590/1590 1591/1591/1591 1561/1561/1561 
f 1561/1561/1561 1591/1591/1591 1563/1563/1563 
f 1591/1591/1591 1592/1592/1592 1563/1563/1563 
f 1563/1563/1563 1592/1592/1592 1565/1565/1565 
f 1592/1592/1592 1593/1593/1593 1565/1565/1565 
f 1565/1565/1565 1593/1593/1593 1567/1567/1567 
f 1593/1593/1593 1594/1594/1594 1567/1567/1567 
f 1567/1567/1567 1594/1594/1594 1569/1569/1569 
f 1594/1594/1594 1595/1595/1595 1569/1569/1569 
f 1569/1569/1569 1595/1595/1595 1571/1571/1571 
f 1595/1595/1595 1596/1596/1596 1571/1571/1571 
f 1571/1571/1571 1596/1596/1596 1573/1573/1573 
f 1596/1596/1596 1597/1597/1597 1573/1573/1573 
f 1573/1573/1573 1597/1597/1597 1575/1575/1575 
f 1597/1597/1597 1598/1598/1598 1575/1575/1575 
f 1575/1575/1575 1598/1598/1598 1577/1577/1577 
f 1598/1598/1598 1599/1599/1599 1577/1577/1577 
f 1577/1577/1577 1599/1599/1599 1579/1579/1579 
f 1599/1599/1599 1600/1600/1600 1579/1579/1579 
f 1579/1579/1579 1600/1600/1600 1581/1581/1581 
f 1600/1600/1600 1601/1601/1601 1581/1581/1581 
f 1581/1581/1581 1601/1601/1601 1583/1583/1583 
f 1601/1601/1601 1583/1583/1583 1583/1583/1583 
f 1583/1583/1583 1583/1583/1583 1584/1584/1584 
f 1583/1583/1583 1584/1584/1584 1584/1584/1584 
f 1584/1584/1584 1584/1584/1584 1584/1584/1584 
f 1584/1584/1584 1602/1602/1602 1584/1584/1584 
f 1584/1584/1584 1602/1602/1602 1585/1585/1585 
f 1602/1602/1602 1603/1603/1603 1585/1585/1585 
f 1585/1585/1585 1603/1603/1603 1586/1586/1586 
f 1603/1603/1603 1604/1604/1604 1586/1586/1586 
f 1586/1586/1586 1604/1604/1604 1587/1587/1587 
f 1604/1604/1604 1605/1605/1605 1587/1587/1587 
f 1587/1587/1587 1605/1605/1605 1588/1588/1588 
f 1605/1605/1605 1606/1606/1606 1588/1588/1588 
f 1588/1588/1588 1606/1606/1606 1589/1589/1589 
f 1606/1606/1606 1607/1607/1607 1589/1589/1589 
f 1589/1589/1589 1607/1607/1607 1590/1590/1590 
f 1607/1607/1607 1608/1608/1608 1590/1590/1590 
f 1590/1590/1590 1608/1608/1608 1591/1591/1591 
f 1608/1608/1608 1609/1609/1609 1591/1591/1591 
f 1591/1591/1591 1609/1609/1609 1592/1592/1592 
f 1609/1609/1609 1610/1610/1610 1592/1592/1592 
f 1592/1592/1592 1610/1610/1610 1593/1593/1593 
f 1610/1610/1610 1611/1611/1611 1593/1593/1593 
f 1593/1593/1593 1611/1611/1611 1594/1594/1594 
f 1611/1611/1611 1612/1612/1612 1594/1594/1594 
f 1594/1594/1594 1612/1612/1612 1595/1595/1595 
f 1612/1612/1612 1613/1613/1613 1595/1595/1595 
f 1595/1595/1595 1613/1613/1613 1596/1596/1596 
f 1613/1613/1613 1614/1614/1614 1596/1596/1596 
f 1596/1596/1596 1614/1614/1614 1597/1597/1597 
f 1614/1614/1614 1615/1615/1615 1597/1597/1597 
f 1597/1597/1597 1615/1615/1615 1598/1598/1598 
f 1615/1615/1615 1616/1616/1616 1598/1598/1598 
f 1598/1598/1598 1616/1616/1616 1599/1599/1599 
f 1616/1616/1616 1617/1617/1617 1599/1599/1599 
f 1599/1599/1599 1617/1617/1617 1600/1600/1600 
f 1617/1617/1617 1618/1618/1618 1600/1600/1600 
f 1600/1600/1600 1618/1618/1618 1601/1601/1601 
f 1618/1618/1618 1619/1619/1619 1601/1601/1601 
f 1601/1601/1601 1619/1619/1619 1619/1619/1619 
f 1619/1619/1619 1602/1602/1602 1619/1619/1619 
f 1619/1619/1619 1602/1602/1602 1602/1602/1602 
f 1602/1602/1602 1620/1620/1620 1602/1602/1602 
f 1602/1602/1602 1620/1620/1620 1603/1603/1603 
f 1620/1620/1620 1621/1621/1621 1603/1603/1603 
f 1603/1603/1603 1621/1621/1621 1604/1604/1604 
f 1621/1621/1621 1622/1622/1622 1604/1604/1604 
f 1604/1604/1604 1622/1622/1622 1605/1605/1605 
f 1622/1622/1622 1623/1623/1623 1605/1605/1605 
f 1605/1605/1605 1623/1623/1623 1606/1606/1606 
f 1623/1623/1623 1624/1624/1624 1606/1606/1606 
f 1606/1606/1606 1624/1624/1624 1607/1607/1607 
f 1624/1624/1624 1625/1625/1625 1607/1607/1607 
f 1607/1607/1607 1625/1625/1625 1608/1608/1608 
f 1625/1625/1625 1626/1626/1626 1608/1608/1608 
f 1608/1608/1608 1626/1626/1626 1609/1609/1609 
f 1626/1626/1626 1627/1627/1627 1609/1609/1609 
f 1609/1609/1609 1627/1627/1627 1610/1610/1610 
f 1627/1627/1627 1628/1628/1628 1610/1610/1610 
f 1610/1610/1610 1628/1628/1628 1611/1611/1611 
f 1628/1628/1628 1629/1629/1629 1611/1611/1611 
f 1611/1611/1611 1629/1629/1629 1612/1612/1612 
f 1629/1629/1629 1630/1630/1630 1612/1612/1612 
f 1612/1612/1612 1630/1630/1630 1613/1613/1613 
f 1630/1630/1630 1631/1631/1631 1613/1613/1613 
f 1613/1613/1613 1631/1631/1631 1614/1614/1614 
f 1631/1631/1631 1632/1632/1632 1614/1614/1614 
f 1614/1614/1614 1632/1632/1632 1615/1615/1615 
f 1632/1632/1632 1633/1633/1633 1615/1615/1615 
f 1615/1615/1615 1633/1633/1633 1616/1616/1616 
f 1633/1633/1633 1634/1634/1634 1616/1616/1616 
f 1616/1616/1616 1634/1634/1634 1617/1617/1617 
f 1634/1634/1634 1635/1635/1635 1617/1617/1617 
f 1617/1617/1617 1635/1635/1635 1618/1618/1618 
f 1635/1635/1635 1636/1636/1636 1618/1618/1618 
f 1618/1618/1618 1636/1636/1636 1619/1619/1619 
f 1636/1636/1636 1619/1619/1619 1619/1619/1619 
f 1619/1619/1619 1619/1619/1619 1620/1620/1620 
f 1619/1619/1619 1620/1620/1620 1620/1620/1620 
f 1620/1620/1620 1620/1620/1620 1620/1620/1620 
f 1620/1620/1620 1637/1637/1637 1620/1620/1620 
f 1620/1620/1620 1637/1637/1637 1621/1621/1621 
f 1637/1637/1637 1638/1638/1638 1621/1621/1621 
f 1621/1621/1621 1638/1638/1638 1622/1622/1622 
f 1638/1638/1638 1639/1639/1639 1622/1622/1622 
f 1622/1622/1622 1639/1639/1639 1623/1623/1623 
f 1639/1639/1639 1640/1640/1640 1623/1623/1623 
f 1623/1623/1623 1640/1640/1640 1624/1624/1624 
f 1640/1640/1640 1641/1641/1641 1624/1624/1624 
f 1624/1624/1624 1641/1641/1641 1625/1625/1625 
f 1641/1641/1641 1642/1642/1642 1625/1625/1625 
f 1625/1625/1625 1642/1642/1642 1626/1626/1626 
f 1642/1642/1642 1643/1643/1643 1626/1626/1626 
f 1626/1626/1626 1643/1643/1643 1627/1627/1627 
f 1643/1643/1643 1644/1644/1644 1627/1627/1627 
f 1627/1627/1627 1644/1644/1644 1628/1628/1628 
f 1644/1644/1644 1645/1645/1645 1628/1628/1628 
f 1628/1628/1628 1645/1645/1645 1629/1629/1629 
f 1645/1645/1645 1646/1646/1646 1629/1629/1629 
f 1629/1629/1629 1646/1646/1646 1630/1630/1630 
f 1646/1646/1646 1647/1647/1647 1630/1630/1630 
f 1630/1630/1630 1647/1647/1647 1631/1631/1631 
f 1647/1647/1647 1648/1648/1648 1631/1631/1631 
f 1631/1631/1631 1648/1648/1648 1632/1632/1632 
f 1648/1648/1648 1649/1649/1649 1632/1632/1632 
f 1632/1632/1632 1649/1649/1649 1633/1633/1633 
f 1649/1649/1649 1650/1650/1650 1633/1633/1633 
f 1633/1633/1633 1650/1650/1650 1634/1634/1634 
f 1650/1650/1650 1651/1651/1651 1634/1634/1634 
f 1634/1634/1634 1651/1651/1651 1635/1635/1635 
f 1651/1651/1651 1652/1652/1652 1635/1635/1635 
f 1635/1635/1635 1652/1652/1652 1636/1636/1636 
f 1652/1652/1652 1653/1653/1653 1636/1636/1636 
f 1636/1636/1636 1653/1653/1653 1653/1653/1653 
f 1653/1653/1653 1637/1637/1637 1653/1653/1653 
f 1653/1653/1653 1637/1637/1637 1637/1637/1637 
f 1637/1637/1637 1620/1620/1620 1637/1637/1637 
f 1637/1637/1637 1620/1620/1620 1654/1654/1654 
f 1620/1620/1620 1655/1655/1655 1654/1654/1654 
f 1654/1654/1654 1655/1655/1655 1656/1656/1656 
f 1655/1655/1655 1657/1657/1657 1656/1656/1656 
f 1656/1656/1656 1657/1657/1657 1657/1657/1657 
f 1657/1657/1657 1655/1655/1655 1657/1657/1657 
f 1657/1657/1657 1655/1655/1655 1658/1658/1658 
f 1655/1655/1655 1602/1602/1602 1658/1658/1658 
f 1658/1658/1658 1602/1602/1602 1584/1584/1584 
f 1602/1602/1602 1584/1584/1584 1584/1584/1584 
f 1584/1584/1584 1584/1584/1584 1658/1658/1658 
f 1584/1584/1584 1658/1658/1658 1658/1658/1658 
f 1658/1658/1658 1658/1658/1658 1658/1658/1658 
f 1658/1658/1658 1584/1584/1584 1658/1658/1658 
f 1658/1658/1658 1584/1584/1584 1659/1659/1659 
f 1584/1584/1584 1547/1547/1547 1659/1659/1659 
f 1659/1659/1659 1547/1547/1547 1547/1547/1547 
f 1547/1547/1547 1531/1531/1531 1547/1547/1547 
f 1547/1547/1547 1531/1531/1531 1531/1531/1531 
f 1531/1531/1531 1660/1660/1660 1531/1531/1531 
f 1531/1531/1531 1660/1660/1660 1533/1533/1533 
f 1660/1660/1660 1661/1661/1661 1533/1533/1533 
f 1533/1533/1533 1661/1661/1661 1662/1662/1662 
f 1661/1661/1661 1663/1663/1663 1662/1662/1662 
f 1662/1662/1662 1663/1663/1663 1664/1664/1664 
f 1663/1663/1663 1665/1665/1665 1664/1664/1664 
f 1664/1664/1664 1665/1665/1665 1665/1665/1665 
f 1665/1665/1665 1660/1660/1660 1665/1665/1665 
f 1665/1665/1665 1660/1660/1660 1660/1660/1660 
f 1660/1660/1660 1666/1666/1666 1660/1660/1660 
f 1660/1660/1660 1666/1666/1666 1661/1661/1661 
f 1666/1666/1666 1667/1667/1667 1661/1661/1661 
f 1661/1661/1661 1667/1667/1667 1663/1663/1663 
f 1667/1667/1667 1668/1668/1668 1663/1663/1663 
f 1663/1663/1663 1668/1668/1668 1665/1665/1665 
f 1668/1668/1668 1669/1669/1669 1665/1665/1665 
f 1665/1665/1665 1669/1669/1669 1669/1669/1669 
f 1669/1669/1669 1666/1666/1666 1669/1669/1669 
f 1669/1669/1669 1666/1666/1666 1666/1666/1666 
f 1666/1666/1666 1670/1670/1670 1666/1666/1666 
f 1666/1666/1666 1670/1670/1670 1667/1667/1667 
f 1670/1670/1670 1671/1671/1671 1667/1667/1667 
f 1667/1667/1667 1671/1671/1671 1668/1668/1668 
f 1671/1671/1671 1672/1672/1672 1668/1668/1668 
f 1668/1668/1668 1672/1672/1672 1669/1669/1669 
f 1672/1672/1672 1669/1669/1669 1669/1669/1669 
f 1669/1669/1669 1669/1669/1669 1666/1666/1666 
f 1669/1669/1669 1666/1666/1666 1666/1666/1666 
f 1666/1666/1666 1666/1666/1666 1666/1666/1666 
f 1666/1666/1666 1673/1673/1673 1666/1666/1666 
f 1666/1666/1666 1673/1673/1673 1670/1670/1670 
f 1673/1673/1673 1671/1671/1671 1670/1670/1670 
f 1670/1670/1670 1671/1671/1671 1671/1671/1671 
f 1671/1671/1671 1673/1673/1673 1671/1671/1671 
f 1671/1671/1671 1673/1673/1673 1673/1673/1673 
f 1673/1673/1673 1674/1674/1674 1673/1673/1673 
f 1673/1673/1673 1674/1674/1674 1671/1671/1671 
f 1674/1674/1674 1675/1675/1675 1671/1671/1671 
f 1671/1671/1671 1675/1675/1675 1672/1672/1672 
f 1675/1675/1675 1672/1672/1672 1672/1672/1672 
f 1672/1672/1672 1672/1672/1672 1676/1676/1676 
f 1672/1672/1672 1676/1676/1676 1676/1676/1676 
f 1676/1676/1676 1676/1676/1676 1676/1676/1676 
f 1676/1676/1676 1677/1677/1677 1676/1676/1676 
f 1676/1676/1676 1677/1677/1677 1678/1678/1678 
f 1677/1677/1677 1679/1679/1679 1678/1678/1678 
f 1678/1678/1678 1679/1679/1679 1679/1679/1679 
f 1679/1679/1679 1664/1664/1664 1679/1679/1679 
f 1679/1679/1679 1664/1664/1664 1664/1664/1664 
f 1664/1664/1664 1680/1680/1680 1664/1664/1664 
f 1664/1664/1664 1680/1680/1680 1662/1662/1662 
f 1680/1680/1680 1541/1541/1541 1662/1662/1662 
f 1662/1662/1662 1541/1541/1541 1533/1533/1533 
f 1541/1541/1541 1533/1533/1533 1533/1533/1533 
f 1533/1533/1533 1533/1533/1533 1681/1681/1681 
f 1533/1533/1533 1681/1681/1681 1681/1681/1681 
f 1681/1681/1681 1681/1681/1681 1681/1681/1681 
f 1681/1681/1681 1682/1682/1682 1681/1681/1681 
f 1681/1681/1681 1682/1682/1682 1683/1683/1683 
f 1682/1682/1682 1684/1684/1684 1683/1683/1683 
f 1683/1683/1683 1684/1684/1684 1684/1684/1684 
f 1684/1684/1684 1682/1682/1682 1684/1684/1684 
f 1684/1684/1684 1682/1682/1682 1682/1682/1682 
f 1682/1682/1682 1685/1685/1685 1682/1682/1682 
f 1682/1682/1682 1685/1685/1685 1684/1684/1684 
f 1685/1685/1685 1686/1686/1686 1684/1684/1684 
f 1684/1684/1684 1686/1686/1686 1687/1687/1687 
f 1686/1686/1686 1688/1688/1688 1687/1687/1687 
f 1687/1687/1687 1688/1688/1688 1689/1689/1689 
f 1688/1688/1688 1690/1690/1690 1689/1689/1689 
f 1689/1689/1689 1690/1690/1690 1691/1691/1691 
f 1690/1690/1690 1692/1692/1692 1691/1691/1691 
f 1691/1691/1691 1692/1692/1692 1693/1693/1693 
f 1692/1692/1692 1694/1694/1694 1693/1693/1693 
f 1693/1693/1693 1694/1694/1694 1682/1682/1682 
f 1694/1694/1694 1685/1685/1685 1682/1682/1682 
f 1682/1682/1682 1685/1685/1685 1685/1685/1685 
f 1685/1685/1685 1690/1690/1690 1685/1685/1685 
f 1685/1685/1685 1690/1690/1690 1690/1690/1690 
f 1690/1690/1690 1695/1695/1695 1690/1690/1690 
f 1690/1690/1690 1695/1695/1695 1692/1692/1692 
f 1695/1695/1695 1696/1696/1696 1692/1692/1692 
f 1692/1692/1692 1696/1696/1696 1694/1694/1694 
f 1696/1696/1696 1697/1697/1697 1694/1694/1694 
f 1694/1694/1694 1697/1697/1697 1685/1685/1685 
f 1697/1697/1697 1698/1698/1698 1685/1685/1685 
f 1685/1685/1685 1698/1698/1698 1686/1686/1686 
f 1698/1698/1698 1699/1699/1699 1686/1686/1686 
f 1686/1686/1686 1699/1699/1699 1688/1688/1688 
f 1699/1699/1699 1700/1700/1700 1688/1688/1688 
f 1688/1688/1688 1700/1700/1700 1701/1701/1701 
f 1700/1700/1700 1702/1702/1702 1701/1701/1701 
f 1701/1701/1701 1702/1702/1702 1702/1702/1702 
f 1702/1702/1702 1699/1699/1699 1702/1702/1702 
f 1702/1702/1702 1699/1699/1699 1699/1699/1699 
f 1699/1699/1699 1703/1703/1703 1699/1699/1699 
f 1699/1699/1699 1703/1703/1703 1700/1700/1700 
f 1703/1703/1703 1704/1704/1704 1700/1700/1700 
f 1700/1700/1700 1704/1704/1704 1695/1695/1695 
f 1704/1704/1704 1705/1705/1705 1695/1695/1695 
f 1695/1695/1695 1705/1705/1705 1696/1696/1696 
f 1705/1705/1705 1706/1706/1706 1696/1696/1696 
f 1696/1696/1696 1706/1706/1706 1697/1697/1697 
f 1706/1706/1706 1707/1707/1707 1697/1697/1697 
f 1697/1697/1697 1707/1707/1707 1698/1698/1698 
f 1707/1707/1707 1708/1708/1708 1698/1698/1698 
f 1698/1698/1698 1708/1708/1708 1699/1699/1699 
f 1708/1708/1708 1703/1703/1703 1699/1699/1699 
f 1699/1699/1699 1703/1703/1703 1703/1703/1703 
f 1703/1703/1703 1708/1708/1708 1703/1703/1703 
f 1703/1703/1703 1708/1708/1708 1708/1708/1708 
f 1708/1708/1708 1706/1706/1706 1708/1708/1708 
f 1708/1708/1708 1706/1706/1706 1703/1703/1703 
f 1706/1706/1706 1705/1705/1705 1703/1703/1703 
f 1703/1703/1703 1705/1705/1705 1704/1704/1704 
f 1705/1705/1705 1704/1704/1704 1704/1704/1704 
f 1704/1704/1704 1704/1704/1704 1689/1689/1689 
f 1704/1704/1704 1689/1689/1689 1689/1689/1689 
f 1689/1689/1689 1689/1689/1689 1689/1689/1689 
f 1689/1689/1689 1709/1709/1709 1689/1689/1689 
f 1689/1689/1689 1709/1709/1709 1687/1687/1687 
f 1709/1709/1709 1710/1710/1710 1687/1687/1687 
f 1687/1687/1687 1710/1710/1710 1684/1684/1684 
f 1710/1710/1710 1711/1711/1711 1684/1684/1684 
f 1684/1684/1684 1711/1711/1711 1711/1711/1711 
f 1711/1711/1711 1691/1691/1691 1711/1711/1711 
f 1711/1711/1711 1691/1691/1691 1691/1691/1691 
f 1691/1691/1691 1712/1712/1712 1691/1691/1691 
f 1691/1691/1691 1712/1712/1712 1689/1689/1689 
f 1712/1712/1712 1713/1713/1713 1689/1689/1689 
f 1689/1689/1689 1713/1713/1713 1713/1713/1713 
f 1713/1713/1713 1700/1700/1700 1713/1713/1713 
f 1713/1713/1713 1700/1700/1700 1700/1700/1700 
f 1700/1700/1700 1695/1695/1695 1700/1700/1700 
f 1700/1700/1700 1695/1695/1695 1702/1702/1702 
f 1695/1695/1695 1714/1714/1714 1702/1702/1702 
f 1702/1702/1702 1714/1714/1714 1714/1714/1714 
f 1714/1714/1714 1695/1695/1695 1714/1714/1714 
f 1714/1714/1714 1695/1695/1695 1695/1695/1695 
f 1695/1695/1695 1690/1690/1690 1695/1695/1695 
f 1695/1695/1695 1690/1690/1690 1714/1714/1714 
f 1690/1690/1690 1715/1715/1715 1714/1714/1714 
f 1714/1714/1714 1715/1715/1715 1715/1715/1715 
f 1715/1715/1715 1690/1690/1690 1715/1715/1715 
f 1715/1715/1715 1690/1690/1690 1690/1690/1690 
f 1690/1690/1690 1688/1688/1688 1690/1690/1690 
f 1690/1690/1690 1688/1688/1688 1715/1715/1715 
f 1688/1688/1688 1701/1701/1701 1715/1715/1715 
f 1715/1715/1715 1701/1701/1701 1701/1701/1701 
f 1701/1701/1701 1682/1682/1682 1701/1701/1701 
f 1701/1701/1701 1682/1682/1682 1682/1682/1682 
f 1682/1682/1682 1716/1716/1716 1682/1682/1682 
f 1682/1682/1682 1716/1716/1716 1693/1693/1693 
f 1716/1716/1716 1717/1717/1717 1693/1693/1693 
f 1693/1693/1693 1717/1717/1717 1691/1691/1691 
f 1717/1717/1717 1718/1718/1718 1691/1691/1691 
f 1691/1691/1691 1718/1718/1718 1718/1718/1718 
f 1718/1718/1718 1719/1719/1719 1718/1718/1718 
f 1718/1718/1718 1719/1719/1719 1719/1719/1719 
f 1719/1719/1719 1720/1720/1720 1719/1719/1719 
f 1719/1719/1719 1720/1720/1720 1721/1721/1721 
f 1720/1720/1720 1722/1722/1722 1721/1721/1721 
f 1721/1721/1721 1722/1722/1722 1722/1722/1722 
f 1722/1722/1722 1720/1720/1720 1722/1722/1722 
f 1722/1722/1722 1720/1720/1720 1720/1720/1720 
f 1720/1720/1720 1723/1723/1723 1720/1720/1720 
f 1720/1720/1720 1723/1723/1723 1722/1722/1722 
f 1723/1723/1723 1724/1724/1724 1722/1722/1722 
f 1722/1722/1722 1724/1724/1724 1724/1724/1724 
f 1724/1724/1724 1723/1723/1723 1724/1724/1724 
f 1724/1724/1724 1723/1723/1723 1725/1725/1725 
f 1723/1723/1723 1726/1726/1726 1725/1725/1725 
f 1725/1725/1725 1726/1726/1726 1727/1727/1727 
f 1726/1726/1726 1727/1727/1727 1727/1727/1727 
f 1727/1727/1727 1727/1727/1727 1728/1728/1728 
f 1727/1727/1727 1728/1728/1728 1728/1728/1728 
f 1728/1728/1728 1728/1728/1728 1728/1728/1728 
f 1728/1728/1728 1729/1729/1729 1728/1728/1728 
f 1728/1728/1728 1729/1729/1729 1730/1730/1730 
f 1729/1729/1729 1731/1731/1731 1730/1730/1730 
f 1730/1730/1730 1731/1731/1731 1731/1731/1731 
f 1731/1731/1731 1729/1729/1729 1731/1731/1731 
f 1731/1731/1731 1729/1729/1729 1729/1729/1729 
f 1729/1729/1729 1732/1732/1732 1729/1729/1729 
f 1729/1729/1729 1732/1732/1732 1731/1731/1731 
f 1732/1732/1732 1733/1733/1733 1731/1731/1731 
f 1731/1731/1731 1733/1733/1733 1733/1733/1733 
f 1733/1733/1733 1732/1732/1732 1733/1733/1733 
f 1733/1733/1733 1732/1732/1732 1734/1734/1734 
f 1732/1732/1732 1735/1735/1735 1734/1734/1734 
f 1734/1734/1734 1735/1735/1735 1736/1736/1736 
f 1735/1735/1735 1736/1736/1736 1736/1736/1736 
f 1736/1736/1736 1736/1736/1736 1737/1737/1737 
f 1736/1736/1736 1737/1737/1737 1737/1737/1737 
f 1737/1737/1737 1737/1737/1737 1737/1737/1737 
f 1737/1737/1737 1738/1738/1738 1737/1737/1737 
f 1737/1737/1737 1738/1738/1738 1739/1739/1739 
f 1738/1738/1738 1740/1740/1740 1739/1739/1739 
f 1739/1739/1739 1740/1740/1740 1740/1740/1740 
f 1740/1740/1740 1738/1738/1738 1740/1740/1740 
f 1740/1740/1740 1738/1738/1738 1738/1738/1738 
f 1738/1738/1738 1741/1741/1741 1738/1738/1738 
f 1738/1738/1738 1741/1741/1741 1740/1740/1740 
f 1741/1741/1741 1742/1742/1742 1740/1740/1740 
f 1740/1740/1740 1742/1742/1742 1742/1742/1742 
f 1742/1742/1742 1741/1741/1741 1742/1742/1742 
f 1742/1742/1742 1741/1741/1741 1743/1743/1743 
f 1741/1741/1741 1744/1744/1744 1743/1743/1743 
f 1743/1743/1743 1744/1744/1744 1745/1745/1745 
f 1744/1744/1744 1746/1746/1746 1745/1745/1745 
f 1745/1745/1745 1746/1746/1746 1746/1746/1746 
f 1746/1746/1746 1745/1745/1745 1746/1746/1746 
f 1746/1746/1746 1745/1745/1745 1745/1745/1745 
f 1745/1745/1745 1747/1747/1747 1745/1745/1745 
f 1745/1745/1745 1747/1747/1747 1743/1743/1743 
f 1747/1747/1747 1748/1748/1748 1743/1743/1743 
f 1743/1743/1743 1748/1748/1748 1742/1742/1742 
f 1748/1748/1748 1742/1742/1742 1742/1742/1742 
f 1742/1742/1742 1742/1742/1742 1749/1749/1749 
f 1742/1742/1742 1749/1749/1749 1749/1749/1749 
f 1749/1749/1749 1749/1749/1749 1749/1749/1749 
f 1749/1749/1749 1750/1750/1750 1749/1749/1749 
f 1749/1749/1749 1750/1750/1750 1751/1751/1751 
f 1750/1750/1750 1752/1752/1752 1751/1751/1751 
f 1751/1751/1751 1752/1752/1752 1753/1753/1753 
f 1752/1752/1752 1754/1754/1754 1753/1753/1753 
f 1753/1753/1753 1754/1754/1754 1755/1755/1755 
f 1754/1754/1754 1756/1756/1756 1755/1755/1755 
f 1755/1755/1755 1756/1756/1756 1756/1756/1756 
f 1756/1756/1756 1757/1757/1757 1756/1756/1756 
f 1756/1756/1756 1757/1757/1757 1757/1757/1757 
f 1757/1757/1757 1758/1758/1758 1757/1757/1757 
f 1757/1757/1757 1758/1758/1758 1759/1759/1759 
f 1758/1758/1758 1760/1760/1760 1759/1759/1759 
f 1759/1759/1759 1760/1760/1760 1761/1761/1761 
f 1760/1760/1760 1762/1762/1762 1761/1761/1761 
f 1761/1761/1761 1762/1762/1762 1763/1763/1763 
f 1762/1762/1762 1764/1764/1764 1763/1763/1763 
f 1763/1763/1763 1764/1764/1764 1764/1764/1764 
f 1764/1764/1764 1762/1762/1762 1764/1764/1764 
f 1764/1764/1764 1762/1762/1762 1765/1765/1765 
f 1762/1762/1762 1760/1760/1760 1765/1765/1765 
f 1765/1765/1765 1760/1760/1760 1766/1766/1766 
f 1760/1760/1760 1758/1758/1758 1766/1766/1766 
f 1766/1766/1766 1758/1758/1758 1758/1758/1758 
f 1758/1758/1758 1766/1766/1766 1758/1758/1758 
f 1758/1758/1758 1766/1766/1766 1766/1766/1766 
f 1766/1766/1766 1767/1767/1767 1766/1766/1766 
f 1766/1766/1766 1767/1767/1767 1765/1765/1765 
f 1767/1767/1767 1768/1768/1768 1765/1765/1765 
f 1765/1765/1765 1768/1768/1768 1768/1768/1768 
f 1768/1768/1768 1767/1767/1767 1768/1768/1768 
f 1768/1768/1768 1767/1767/1767 1767/1767/1767 
f 1767/1767/1767 1769/1769/1769 1767/1767/1767 
f 1767/1767/1767 1769/1769/1769 1768/1768/1768 
f 1769/1769/1769 1770/1770/1770 1768/1768/1768 
f 1768/1768/1768 1770/1770/1770 1770/1770/1770 
f 1770/1770/1770 1746/1746/1746 1770/1770/1770 
f 1770/1770/1770 1746/1746/1746 1746/1746/1746 
f 1746/1746/1746 1744/1744/1744 1746/1746/1746 
f 1746/1746/1746 1744/1744/1744 1771/1771/1771 
f 1744/1744/1744 1741/1741/1741 1771/1771/1771 
f 1771/1771/1771 1741/1741/1741 1741/1741/1741 
f 1741/1741/1741 1772/1772/1772 1741/1741/1741 
f 1741/1741/1741 1772/1772/1772 1772/1772/1772 
f 1772/1772/1772 1773/1773/1773 1772/1772/1772 
f 1772/1772/1772 1773/1773/1773 1774/1774/1774 
f 1773/1773/1773 1775/1775/1775 1774/1774/1774 
f 1774/1774/1774 1775/1775/1775 1293/1293/1293 
f 1775/1775/1775 1291/1291/1291 1293/1293/1293 
f 1293/1293/1293 1291/1291/1291 1291/1291/1291 
f 1291/1291/1291 1773/1773/1773 1291/1291/1291 
f 1291/1291/1291 1773/1773/1773 1773/1773/1773 
f 1773/1773/1773 1287/1287/1287 1773/1773/1773 
f 1773/1773/1773 1287/1287/1287 1775/1775/1775 
f 1287/1287/1287 1285/1285/1285 1775/1775/1775 
f 1775/1775/1775 1285/1285/1285 1291/1291/1291 
f 1285/1285/1285 1283/1283/1283 1291/1291/1291 
f 1291/1291/1291 1283/1283/1283 1281/1281/1281 
f 1283/1283/1283 1281/1281/1281 1281/1281/1281 
f 1281/1281/1281 1281/1281/1281 1776/1776/1776 
f 1281/1281/1281 1776/1776/1776 1776/1776/1776 
f 1776/1776/1776 1776/1776/1776 1776/1776/1776 
f 1776/1776/1776 1777/1777/1777 1776/1776/1776 
f 1776/1776/1776 1777/1777/1777 1778/1778/1778 
f 1777/1777/1777 1779/1779/1779 1778/1778/1778 
f 1778/1778/1778 1779/1779/1779 1780/1780/1780 
f 1779/1779/1779 1781/1781/1781 1780/1780/1780 
f 1780/1780/1780 1781/1781/1781 1782/1782/1782 
f 1781/1781/1781 1783/1783/1783 1782/1782/1782 
f 1782/1782/1782 1783/1783/1783 1784/1784/1784 
f 1783/1783/1783 1785/1785/1785 1784/1784/1784 
f 1784/1784/1784 1785/1785/1785 1786/1786/1786 
f 1785/1785/1785 1787/1787/1787 1786/1786/1786 
f 1786/1786/1786 1787/1787/1787 1788/1788/1788 
f 1787/1787/1787 1789/1789/1789 1788/1788/1788 
f 1788/1788/1788 1789/1789/1789 1790/1790/1790 
f 1789/1789/1789 1791/1791/1791 1790/1790/1790 
f 1790/1790/1790 1791/1791/1791 1792/1792/1792 
f 1791/1791/1791 1793/1793/1793 1792/1792/1792 
f 1792/1792/1792 1793/1793/1793 1794/1794/1794 
f 1793/1793/1793 1795/1795/1795 1794/1794/1794 
f 1794/1794/1794 1795/1795/1795 1796/1796/1796 
f 1795/1795/1795 1797/1797/1797 1796/1796/1796 
f 1796/1796/1796 1797/1797/1797 1798/1798/1798 
f 1797/1797/1797 1799/1799/1799 1798/1798/1798 
f 1798/1798/1798 1799/1799/1799 1800/1800/1800 
f 1799/1799/1799 1801/1801/1801 1800/1800/1800 
f 1800/1800/1800 1801/1801/1801 1801/1801/1801 
f 1801/1801/1801 1777/1777/1777 1801/1801/1801 
f 1801/1801/1801 1777/1777/1777 1777/1777/1777 
f 1777/1777/1777 1802/1802/1802 1777/1777/1777 
f 1777/1777/1777 1802/1802/1802 1779/1779/1779 
f 1802/1802/1802 1803/1803/1803 1779/1779/1779 
f 1779/1779/1779 1803/1803/1803 1781/1781/1781 
f 1803/1803/1803 1804/1804/1804 1781/1781/1781 
f 1781/1781/1781 1804/1804/1804 1783/1783/1783 
f 1804/1804/1804 1805/1805/1805 1783/1783/1783 
f 1783/1783/1783 1805/1805/1805 1785/1785/1785 
f 1805/1805/1805 1806/1806/1806 1785/1785/1785 
f 1785/1785/1785 1806/1806/1806 1787/1787/1787 
f 1806/1806/1806 1807/1807/1807 1787/1787/1787 
f 1787/1787/1787 1807/1807/1807 1789/1789/1789 
f 1807/1807/1807 1808/1808/1808 1789/1789/1789 
f 1789/1789/1789 1808/1808/1808 1791/1791/1791 
f 1808/1808/1808 1809/1809/1809 1791/1791/1791 
f 1791/1791/1791 1809/1809/1809 1793/1793/1793 
f 1809/1809/1809 1810/1810/1810 1793/1793/1793 
f 1793/1793/1793 1810/1810/1810 1795/1795/1795 
f 1810/1810/1810 1811/1811/1811 1795/1795/1795 
f 1795/1795/1795 1811/1811/1811 1797/1797/1797 
f 1811/1811/1811 1812/1812/1812 1797/1797/1797 
f 1797/1797/1797 1812/1812/1812 1799/1799/1799 
f 1812/1812/1812 1813/1813/1813 1799/1799/1799 
f 1799/1799/1799 1813/1813/1813 1801/1801/1801 
f 1813/1813/1813 1801/1801/1801 1801/1801/1801 
f 1801/1801/1801 1801/1801/1801 1802/1802/1802 
f 1801/1801/1801 1802/1802/1802 1802/1802/1802 
f 1802/1802/1802 1802/1802/1802 1802/1802/1802 
f 1802/1802/1802 1814/1814/1814 1802/1802/1802 
f 1802/1802/1802 1814/1814/1814 1803/1803/1803 
f 1814/1814/1814 1815/1815/1815 1803/1803/1803 
f 1803/1803/1803 1815/1815/1815 1804/1804/1804 
f 1815/1815/1815 1816/1816/1816 1804/1804/1804 
f 1804/1804/1804 1816/1816/1816 1805/1805/1805 
f 1816/1816/1816 1817/1817/1817 1805/1805/1805 
f 1805/1805/1805 1817/1817/1817 1806/1806/1806 
f 1817/1817/1817 1818/1818/1818 1806/1806/1806 
f 1806/1806/1806 1818/1818/1818 1807/1807/1807 
f 1818/1818/1818 1819/1819/1819 1807/1807/1807 
f 1807/1807/1807 1819/1819/1819 1808/1808/1808 
f 1819/1819/1819 1820/1820/1820 1808/1808/1808 
f 1808/1808/1808 1820/1820/1820 1809/1809/1809 
f 1820/1820/1820 1821/1821/1821 1809/1809/1809 
f 1809/1809/1809 1821/1821/1821 1810/1810/1810 
f 1821/1821/1821 1822/1822/1822 1810/1810/1810 
f 1810/1810/1810 1822/1822/1822 1811/1811/1811 
f 1822/1822/1822 1823/1823/1823 1811/1811/1811 
f 1811/1811/1811 1823/1823/1823 1812/1812/1812 
f 1823/1823/1823 1824/1824/1824 1812/1812/1812 
f 1812/1812/1812 1824/1824/1824 1813/1813/1813 
f 1824/1824/1824 1825/1825/1825 1813/1813/1813 
f 1813/1813/1813 1825/1825/1825 1825/1825/1825 
f 1825/1825/1825 1814/1814/1814 1825/1825/1825 
f 1825/1825/1825 1814/1814/1814 1814/1814/1814 
f 1814/1814/1814 1826/1826/1826 1814/1814/1814 
f 1814/1814/1814 1826/1826/1826 1815/1815/1815 
f 1826/1826/1826 1827/1827/1827 1815/1815/1815 
f 1815/1815/1815 1827/1827/1827 1816/1816/1816 
f 1827/1827/1827 1828/1828/1828 1816/1816/1816 
f 1816/1816/1816 1828/1828/1828 1817/1817/1817 
f 1828/1828/1828 1829/1829/1829 1817/1817/1817 
f 1817/1817/1817 1829/1829/1829 1818/1818/1818 
f 1829/1829/1829 1830/1830/1830 1818/1818/1818 
f 1818/1818/1818 1830/1830/1830 1819/1819/1819 
f 1830/1830/1830 1831/1831/1831 1819/1819/1819 
f 1819/1819/1819 1831/1831/1831 1820/1820/1820 
f 1831/1831/1831 1832/1832/1832 1820/1820/1820 
f 1820/1820/1820 1832/1832/1832 1821/1821/1821 
f 1832/1832/1832 1833/1833/1833 1821/1821/1821 
f 1821/1821/1821 1833/1833/1833 1822/1822/1822 
f 1833/1833/1833 1834/1834/1834 1822/1822/1822 
f 1822/1822/1822 1834/1834/1834 1823/1823/1823 
f 1834/1834/1834 1835/1835/1835 1823/1823/1823 
f 1823/1823/1823 1835/1835/1835 1824/1824/1824 
f 1835/1835/1835 1836/1836/1836 1824/1824/1824 
f 1824/1824/1824 1836/1836/1836 1825/1825/1825 
f 1836/1836/1836 1837/1837/1837 1825/1825/1825 
f 1825/1825/1825 1837/1837/1837 1837/1837/1837 
f 1837/1837/1837 1826/1826/1826 1837/1837/1837 
f 1837/1837/1837 1826/1826/1826 1826/1826/1826 
f 1826/1826/1826 1838/1838/1838 1826/1826/1826 
f 1826/1826/1826 1838/1838/1838 1827/1827/1827 
f 1838/1838/1838 1839/1839/1839 1827/1827/1827 
f 1827/1827/1827 1839/1839/1839 1828/1828/1828 
f 1839/1839/1839 1840/1840/1840 1828/1828/1828 
f 1828/1828/1828 1840/1840/1840 1829/1829/1829 
f 1840/1840/1840 1841/1841/1841 1829/1829/1829 
f 1829/1829/1829 1841/1841/1841 1830/1830/1830 
f 1841/1841/1841 1842/1842/1842 1830/1830/1830 
f 1830/1830/1830 1842/1842/1842 1831/1831/1831 
f 1842/1842/1842 1843/1843/1843 1831/1831/1831 
f 1831/1831/1831 1843/1843/1843 1832/1832/1832 
f 1843/1843/1843 1844/1844/1844 1832/1832/1832 
f 1832/1832/1832 1844/1844/1844 1833/1833/1833 
f 1844/1844/1844 1845/1845/1845 1833/1833/1833 
f 1833/1833/1833 1845/1845/1845 1834/1834/1834 
f 1845/1845/1845 1846/1846/1846 1834/1834/1834 
f 1834/1834/1834 1846/1846/1846 1835/1835/1835 
f 1846/1846/1846 1847/1847/1847 1835/1835/1835 
f 1835/1835/1835 1847/1847/1847 1836/1836/1836 
f 1847/1847/1847 1848/1848/1848 1836/1836/1836 
f 1836/1836/1836 1848/1848/1848 1837/1837/1837 
f 1848/1848/1848 1849/1849/1849 1837/1837/1837 
f 1837/1837/1837 1849/1849/1849 1849/1849/1849 
f 1849/1849/1849 1841/1841/1841 1849/1849/1849 
f 1849/1849/1849 1841/1841/1841 1841/1841/1841 
f 1841/1841/1841 1840/1840/1840 1841/1841/1841 
f 1841/1841/1841 1840/1840/1840 1850/1850/1850 
f 1840/1840/1840 1839/1839/1839 1850/1850/1850 
f 1850/1850/1850 1839/1839/1839 1851/1851/1851 
f 1839/1839/1839 1838/1838/1838 1851/1851/1851 
f 1851/1851/1851 1838/1838/1838 1852/1852/1852 
f 1838/1838/1838 1826/1826/1826 1852/1852/1852 
f 1852/1852/1852 1826/1826/1826 1853/1853/1853 
f 1826/1826/1826 1814/1814/1814 1853/1853/1853 
f 1853/1853/1853 1814/1814/1814 1854/1854/1854 
f 1814/1814/1814 1802/1802/1802 1854/1854/1854 
f 1854/1854/1854 1802/1802/1802 1855/1855/1855 
f 1802/1802/1802 1777/1777/1777 1855/1855/1855 
f 1855/1855/1855 1777/1777/1777 1777/1777/1777 
f 1777/1777/1777 1841/1841/1841 1777/1777/1777 
f 1777/1777/1777 1841/1841/1841 1841/1841/1841 
f 1841/1841/1841 1850/1850/1850 1841/1841/1841 
f 1841/1841/1841 1850/1850/1850 1842/1842/1842 
f 1850/1850/1850 1843/1843/1843 1842/1842/1842 
f 1842/1842/1842 1843/1843/1843 1843/1843/1843 
f 1843/1843/1843 1850/1850/1850 1843/1843/1843 
f 1843/1843/1843 1850/1850/1850 1850/1850/1850 
f 1850/1850/1850 1856/1856/1856 1850/1850/1850 
f 1850/1850/1850 1856/1856/1856 1843/1843/1843 
f 1856/1856/1856 1844/1844/1844 1843/1843/1843 
f 1843/1843/1843 1844/1844/1844 1844/1844/1844 
f 1844/1844/1844 1856/1856/1856 1844/1844/1844 
f 1844/1844/1844 1856/1856/1856 1845/1845/1845 
f 1856/1856/1856 1846/1846/1846 1845/1845/1845 
f 1845/1845/1845 1846/1846/1846 1846/1846/1846 
f 1846/1846/1846 1856/1856/1856 1846/1846/1846 
f 1846/1846/1846 1856/1856/1856 1856/1856/1856 
f 1856/1856/1856 1857/1857/1857 1856/1856/1856 
f 1856/1856/1856 1857/1857/1857 1846/1846/1846 
f 1857/1857/1857 1848/1848/1848 1846/1846/1846 
f 1846/1846/1846 1848/1848/1848 1847/1847/1847 
f 1848/1848/1848 1847/1847/1847 1847/1847/1847 
f 1847/1847/1847 1847/1847/1847 1848/1848/1848 
f 1847/1847/1847 1848/1848/1848 1848/1848/1848 
f 1848/1848/1848 1848/1848/1848 1848/1848/1848 
f 1848/1848/1848 1857/1857/1857 1848/1848/1848 
f 1848/1848/1848 1857/1857/1857 1849/1849/1849 
f 1857/1857/1857 1858/1858/1858 1849/1849/1849 
f 1849/1849/1849 1858/1858/1858 1858/1858/1858 
f 1858/1858/1858 1859/1859/1859 1858/1858/1858 
f 1858/1858/1858 1859/1859/1859 1859/1859/1859 
f 1859/1859/1859 1860/1860/1860 1859/1859/1859 
f 1859/1859/1859 1860/1860/1860 1861/1861/1861 
f 1860/1860/1860 1862/1862/1862 1861/1861/1861 
f 1861/1861/1861 1862/1862/1862 1862/1862/1862 
f 1862/1862/1862 1860/1860/1860 1862/1862/1862 
f 1862/1862/1862 1860/1860/1860 1860/1860/1860 
f 1860/1860/1860 1863/1863/1863 1860/1860/1860 
f 1860/1860/1860 1863/1863/1863 1862/1862/1862 
f 1863/1863/1863 1864/1864/1864 1862/1862/1862 
f 1862/1862/1862 1864/1864/1864 1864/1864/1864 
f 1864/1864/1864 1863/1863/1863 1864/1864/1864 
f 1864/1864/1864 1863/1863/1863 1865/1865/1865 
f 1863/1863/1863 1866/1866/1866 1865/1865/1865 
f 1865/1865/1865 1866/1866/1866 1867/1867/1867 
f 1866/1866/1866 1867/1867/1867 1867/1867/1867 
f 1867/1867/1867 1867/1867/1867 1868/1868/1868 
f 1867/1867/1867 1868/1868/1868 1868/1868/1868 
f 1868/1868/1868 1868/1868/1868 1868/1868/1868 
f 1868/1868/1868 1869/1869/1869 1868/1868/1868 
f 1868/1868/1868 1869/1869/1869 1870/1870/1870 
f 1869/1869/1869 1871/1871/1871 1870/1870/1870 
f 1870/1870/1870 1871/1871/1871 1872/1872/1872 
f 1871/1871/1871 1873/1873/1873 1872/1872/1872 
f 1872/1872/1872 1873/1873/1873 1874/1874/1874 
f 1873/1873/1873 1875/1875/1875 1874/1874/1874 
f 1874/1874/1874 1875/1875/1875 1875/1875/1875 
f 1875/1875/1875 1869/1869/1869 1875/1875/1875 
f 1875/1875/1875 1869/1869/1869 1869/1869/1869 
f 1869/1869/1869 1876/1876/1876 1869/1869/1869 
f 1869/1869/1869 1876/1876/1876 1871/1871/1871 
f 1876/1876/1876 1877/1877/1877 1871/1871/1871 
f 1871/1871/1871 1877/1877/1877 1873/1873/1873 
f 1877/1877/1877 1878/1878/1878 1873/1873/1873 
f 1873/1873/1873 1878/1878/1878 1875/1875/1875 
f 1878/1878/1878 1879/1879/1879 1875/1875/1875 
f 1875/1875/1875 1879/1879/1879 1879/1879/1879 
f 1879/1879/1879 1876/1876/1876 1879/1879/1879 
f 1879/1879/1879 1876/1876/1876 1876/1876/1876 
f 1876/1876/1876 1880/1880/1880 1876/1876/1876 
f 1876/1876/1876 1880/1880/1880 1877/1877/1877 
f 1880/1880/1880 1881/1881/1881 1877/1877/1877 
f 1877/1877/1877 1881/1881/1881 1878/1878/1878 
f 1881/1881/1881 1882/1882/1882 1878/1878/1878 
f 1878/1878/1878 1882/1882/1882 1879/1879/1879 
f 1882/1882/1882 1879/1879/1879 1879/1879/1879 
f 1879/1879/1879 1879/1879/1879 1880/1880/1880 
f 1879/1879/1879 1880/1880/1880 1880/1880/1880 
f 1880/1880/1880 1880/1880/1880 1880/1880/1880 
f 1880/1880/1880 1883/1883/1883 1880/1880/1880 
f 1880/1880/1880 1883/1883/1883 1881/1881/1881 
f 1883/1883/1883 1884/1884/1884 1881/1881/1881 
f 1881/1881/1881 1884/1884/1884 1882/1882/1882 
f 1884/1884/1884 1885/1885/1885 1882/1882/1882 
f 1882/1882/1882 1885/1885/1885 1885/1885/1885 
f 1885/1885/1885 1883/1883/1883 1885/1885/1885 
f 1885/1885/1885 1883/1883/1883 1883/1883/1883 
f 1883/1883/1883 1880/1880/1880 1883/1883/1883 
f 1883/1883/1883 1880/1880/1880 1886/1886/1886 
f 1880/1880/1880 1887/1887/1887 1886/1886/1886 
f 1886/1886/1886 1887/1887/1887 1887/1887/1887 
f 1887/1887/1887 1888/1888/1888 1887/1887/1887 
f 1887/1887/1887 1888/1888/1888 1888/1888/1888 
f 1888/1888/1888 1889/1889/1889 1888/1888/1888 
f 1888/1888/1888 1889/1889/1889 1890/1890/1890 
f 1889/1889/1889 1891/1891/1891 1890/1890/1890 
f 1890/1890/1890 1891/1891/1891 1891/1891/1891 
f 1891/1891/1891 1889/1889/1889 1891/1891/1891 
f 1891/1891/1891 1889/1889/1889 1892/1892/1892 
f 1889/1889/1889 1893/1893/1893 1892/1892/1892 
f 1892/1892/1892 1893/1893/1893 1894/1894/1894 
f 1893/1893/1893 1894/1894/1894 1894/1894/1894 
f 1894/1894/1894 1894/1894/1894 1892/1892/1892 
f 1894/1894/1894 1892/1892/1892 1892/1892/1892 
f 1892/1892/1892 1892/1892/1892 1892/1892/1892 
f 1892/1892/1892 1894/1894/1894 1892/1892/1892 
f 1892/1892/1892 1894/1894/1894 1895/1895/1895 
f 1894/1894/1894 1896/1896/1896 1895/1895/1895 
f 1895/1895/1895 1896/1896/1896 1897/1897/1897 
f 1896/1896/1896 1897/1897/1897 1897/1897/1897 
f 1897/1897/1897 1897/1897/1897 1898/1898/1898 
f 1897/1897/1897 1898/1898/1898 1898/1898/1898 
f 1898/1898/1898 1898/1898/1898 1898/1898/1898 
f 1898/1898/1898 1899/1899/1899 1898/1898/1898 
f 1898/1898/1898 1899/1899/1899 1900/1900/1900 
f 1899/1899/1899 1901/1901/1901 1900/1900/1900 
f 1900/1900/1900 1901/1901/1901 1901/1901/1901 
f 1901/1901/1901 1899/1899/1899 1901/1901/1901 
f 1901/1901/1901 1899/1899/1899 1899/1899/1899 
f 1899/1899/1899 1902/1902/1902 1899/1899/1899 
f 1899/1899/1899 1902/1902/1902 1901/1901/1901 
f 1902/1902/1902 1903/1903/1903 1901/1901/1901 
f 1901/1901/1901 1903/1903/1903 1903/1903/1903 
f 1903/1903/1903 1902/1902/1902 1903/1903/1903 
f 1903/1903/1903 1902/1902/1902 1904/1904/1904 
f 1902/1902/1902 1905/1905/1905 1904/1904/1904 
f 1904/1904/1904 1905/1905/1905 1906/1906/1906 
f 1905/1905/1905 1907/1907/1907 1906/1906/1906 
f 1906/1906/1906 1907/1907/1907 1907/1907/1907 
f 1907/1907/1907 1906/1906/1906 1907/1907/1907 
f 1907/1907/1907 1906/1906/1906 1906/1906/1906 
f 1906/1906/1906 1908/1908/1908 1906/1906/1906 
f 1906/1906/1906 1908/1908/1908 1904/1904/1904 
f 1908/1908/1908 1909/1909/1909 1904/1904/1904 
f 1904/1904/1904 1909/1909/1909 1903/1903/1903 
f 1909/1909/1909 1903/1903/1903 1903/1903/1903 
f 1903/1903/1903 1903/1903/1903 1910/1910/1910 
f 1903/1903/1903 1910/1910/1910 1910/1910/1910 
f 1910/1910/1910 1910/1910/1910 1910/1910/1910 
f 1910/1910/1910 1911/1911/1911 1910/1910/1910 
f 1910/1910/1910 1911/1911/1911 1912/1912/1912 
f 1911/1911/1911 1913/1913/1913 1912/1912/1912 
f 1912/1912/1912 1913/1913/1913 1914/1914/1914 
f 1913/1913/1913 1915/1915/1915 1914/1914/1914 
f 1914/1914/1914 1915/1915/1915 1916/1916/1916 
f 1915/1915/1915 1917/1917/1917 1916/1916/1916 
f 1916/1916/1916 1917/1917/1917 1918/1918/1918 
f 1917/1917/1917 1919/1919/1919 1918/1918/1918 
f 1918/1918/1918 1919/1919/1919 1920/1920/1920 
f 1919/1919/1919 1921/1921/1921 1920/1920/1920 
f 1920/1920/1920 1921/1921/1921 1922/1922/1922 
f 1921/1921/1921 1923/1923/1923 1922/1922/1922 
f 1922/1922/1922 1923/1923/1923 1924/1924/1924 
f 1923/1923/1923 1925/1925/1925 1924/1924/1924 
f 1924/1924/1924 1925/1925/1925 1926/1926/1926 
f 1925/1925/1925 1927/1927/1927 1926/1926/1926 
f 1926/1926/1926 1927/1927/1927 1928/1928/1928 
f 1927/1927/1927 1929/1929/1929 1928/1928/1928 
f 1928/1928/1928 1929/1929/1929 1930/1930/1930 
f 1929/1929/1929 1931/1931/1931 1930/1930/1930 
f 1930/1930/1930 1931/1931/1931 1932/1932/1932 
f 1931/1931/1931 1933/1933/1933 1932/1932/1932 
f 1932/1932/1932 1933/1933/1933 1934/1934/1934 
f 1933/1933/1933 1935/1935/1935 1934/1934/1934 
f 1934/1934/1934 1935/1935/1935 1936/1936/1936 
f 1935/1935/1935 1937/1937/1937 1936/1936/1936 
f 1936/1936/1936 1937/1937/1937 1938/1938/1938 
f 1937/1937/1937 1939/1939/1939 1938/1938/1938 
f 1938/1938/1938 1939/1939/1939 1940/1940/1940 
f 1939/1939/1939 1941/1941/1941 1940/1940/1940 
f 1940/1940/1940 1941/1941/1941 1942/1942/1942 
f 1941/1941/1941 1943/1943/1943 1942/1942/1942 
f 1942/1942/1942 1943/1943/1943 1943/1943/1943 
f 1943/1943/1943 1911/1911/1911 1943/1943/1943 
f 1943/1943/1943 1911/1911/1911 1911/1911/1911 
f 1911/1911/1911 1944/1944/1944 1911/1911/1911 
f 1911/1911/1911 1944/1944/1944 1913/1913/1913 
f 1944/1944/1944 1945/1945/1945 1913/1913/1913 
f 1913/1913/1913 1945/1945/1945 1915/1915/1915 
f 1945/1945/1945 1946/1946/1946 1915/1915/1915 
f 1915/1915/1915 1946/1946/1946 1917/1917/1917 
f 1946/1946/1946 1947/1947/1947 1917/1917/1917 
f 1917/1917/1917 1947/1947/1947 1919/1919/1919 
f 1947/1947/1947 1948/1948/1948 1919/1919/1919 
f 1919/1919/1919 1948/1948/1948 1921/1921/1921 
f 1948/1948/1948 1949/1949/1949 1921/1921/1921 
f 1921/1921/1921 1949/1949/1949 1923/1923/1923 
f 1949/1949/1949 1950/1950/1950 1923/1923/1923 
f 1923/1923/1923 1950/1950/1950 1925/1925/1925 
f 1950/1950/1950 1951/1951/1951 1925/1925/1925 
f 1925/1925/1925 1951/1951/1951 1927/1927/1927 
f 1951/1951/1951 1952/1952/1952 1927/1927/1927 
f 1927/1927/1927 1952/1952/1952 1929/1929/1929 
f 1952/1952/1952 1953/1953/1953 1929/1929/1929 
f 1929/1929/1929 1953/1953/1953 1931/1931/1931 
f 1953/1953/1953 1954/1954/1954 1931/1931/1931 
f 1931/1931/1931 1954/1954/1954 1933/1933/1933 
f 1954/1954/1954 1955/1955/1955 1933/1933/1933 
f 1933/1933/1933 1955/1955/1955 1935/1935/1935 
f 1955/1955/1955 1956/1956/1956 1935/1935/1935 
f 1935/1935/1935 1956/1956/1956 1937/1937/1937 
f 1956/1956/1956 1957/1957/1957 1937/1937/1937 
f 1937/1937/1937 1957/1957/1957 1939/1939/1939 
f 1957/1957/1957 1958/1958/1958 1939/1939/1939 
f 1939/1939/1939 1958/1958/1958 1941/1941/1941 
f 1958/1958/1958 1959/1959/1959 1941/1941/1941 
f 1941/1941/1941 1959/1959/1959 1943/1943/1943 
f 1959/1959/1959 1943/1943/1943 1943/1943/1943 
f 1943/1943/1943 1943/1943/1943 1944/1944/1944 
f 1943/1943/1943 1944/1944/1944 1944/1944/1944 
f 1944/1944/1944 1944/1944/1944 1944/1944/1944 
f 1944/1944/1944 1960/1960/1960 1944/1944/1944 
f 1944/1944/1944 1960/1960/1960 1945/1945/1945 
f 1960/1960/1960 1961/1961/1961 1945/1945/1945 
f 1945/1945/1945 1961/1961/1961 1946/1946/1946 
f 1961/1961/1961 1962/1962/1962 1946/1946/1946 
f 1946/1946/1946 1962/1962/1962 1947/1947/1947 
f 1962/1962/1962 1963/1963/1963 1947/1947/1947 
f 1947/1947/1947 1963/1963/1963 1948/1948/1948 
f 1963/1963/1963 1964/1964/1964 1948/1948/1948 
f 1948/1948/1948 1964/1964/1964 1949/1949/1949 
f 1964/1964/1964 1965/1965/1965 1949/1949/1949 
f 1949/1949/1949 1965/1965/1965 1950/1950/1950 
f 1965/1965/1965 1966/1966/1966 1950/1950/1950 
f 1950/1950/1950 1966/1966/1966 1951/1951/1951 
f 1966/1966/1966 1967/1967/1967 1951/1951/1951 
f 1951/1951/1951 1967/1967/1967 1952/1952/1952 
f 1967/1967/1967 1968/1968/1968 1952/1952/1952 
f 1952/1952/1952 1968/1968/1968 1953/1953/1953 
f 1968/1968/1968 1969/1969/1969 1953/1953/1953 
f 1953/1953/1953 1969/1969/1969 1954/1954/1954 
f 1969/1969/1969 1970/1970/1970 1954/1954/1954 
f 1954/1954/1954 1970/1970/1970 1955/1955/1955 
f 1970/1970/1970 1971/1971/1971 1955/1955/1955 
f 1955/1955/1955 1971/1971/1971 1956/1956/1956 
f 1971/1971/1971 1972/1972/1972 1956/1956/1956 
f 1956/1956/1956 1972/1972/1972 1957/1957/1957 
f 1972/1972/1972 1973/1973/1973 1957/1957/1957 
f 1957/1957/1957 1973/1973/1973 1958/1958/1958 
f 1973/1973/1973 1974/1974/1974 1958/1958/1958 
f 1958/1958/1958 1974/1974/1974 1959/1959/1959 
f 1974/1974/1974 1975/1975/1975 1959/1959/1959 
f 1959/1959/1959 1975/1975/1975 1975/1975/1975 
f 1975/1975/1975 1960/1960/1960 1975/1975/1975 
f 1975/1975/1975 1960/1960/1960 1960/1960/1960 
f 1960/1960/1960 1944/1944/1944 1960/1960/1960 
f 1960/1960/1960 1944/1944/1944 1976/1976/1976 
f 1944/1944/1944 1977/1977/1977 1976/1976/1976 
f 1976/1976/1976 1977/1977/1977 1977/1977/1977 
f 1977/1977/1977 1978/1978/1978 1977/1977/1977 
f 1977/1977/1977 1978/1978/1978 1978/1978/1978 
f 1978/1978/1978 1979/1979/1979 1978/1978/1978 
f 1978/1978/1978 1979/1979/1979 1980/1980/1980 
f 1979/1979/1979 1981/1981/1981 1980/1980/1980 
f 1980/1980/1980 1981/1981/1981 1981/1981/1981 
f 1981/1981/1981 1979/1979/1979 1981/1981/1981 
f 1981/1981/1981 1979/1979/1979 1979/1979/1979 
f 1979/1979/1979 1982/1982/1982 1979/1979/1979 
f 1979/1979/1979 1982/1982/1982 1981/1981/1981 
f 1982/1982/1982 1983/1983/1983 1981/1981/1981 
f 1981/1981/1981 1983/1983/1983 1983/1983/1983 
f 1983/1983/1983 1902/1902/1902 1983/1983/1983 
f 1983/1983/1983 1902/1902/1902 1902/1902/1902 
f 1902/1902/1902 1984/1984/1984 1902/1902/1902 
f 1902/1902/1902 1984/1984/1984 1905/1905/1905 
f 1984/1984/1984 1907/1907/1907 1905/1905/1905 
f 1905/1905/1905 1907/1907/1907 1907/1907/1907 
f 1907/1907/1907 1985/1985/1985 1907/1907/1907 
f 1907/1907/1907 1985/1985/1985 1985/1985/1985 
f 1985/1985/1985 1986/1986/1986 1985/1985/1985 
f 1985/1985/1985 1986/1986/1986 1987/1987/1987 
f 1986/1986/1986 1988/1988/1988 1987/1987/1987 
f 1987/1987/1987 1988/1988/1988 1988/1988/1988 
f 1988/1988/1988 1986/1986/1986 1988/1988/1988 
f 1988/1988/1988 1986/1986/1986 1986/1986/1986 
f 1986/1986/1986 1989/1989/1989 1986/1986/1986 
f 1986/1986/1986 1989/1989/1989 1988/1988/1988 
f 1989/1989/1989 1990/1990/1990 1988/1988/1988 
f 1988/1988/1988 1990/1990/1990 1991/1991/1991 
f 1990/1990/1990 1992/1992/1992 1991/1991/1991 
f 1991/1991/1991 1992/1992/1992 1993/1993/1993 
f 1992/1992/1992 1994/1994/1994 1993/1993/1993 
f 1993/1993/1993 1994/1994/1994 1986/1986/1986 
f 1994/1994/1994 1989/1989/1989 1986/1986/1986 
f 1986/1986/1986 1989/1989/1989 1989/1989/1989 
f 1989/1989/1989 1994/1994/1994 1989/1989/1989 
f 1989/1989/1989 1994/1994/1994 1990/1990/1990 
f 1994/1994/1994 1992/1992/1992 1990/1990/1990 
f 1990/1990/1990 1992/1992/1992 1992/1992/1992 
f 1992/1992/1992 1995/1995/1995 1992/1992/1992 
f 1992/1992/1992 1995/1995/1995 1995/1995/1995 
f 1995/1995/1995 1993/1993/1993 1995/1995/1995 
f 1995/1995/1995 1993/1993/1993 1996/1996/1996 
f 1993/1993/1993 1986/1986/1986 1996/1996/1996 
f 1996/1996/1996 1986/1986/1986 1986/1986/1986 
f 1986/1986/1986 1997/1997/1997 1986/1986/1986 
f 1986/1986/1986 1997/1997/1997 1997/1997/1997 
f 1997/1997/1997 1998/1998/1998 1997/1997/1997 
f 1997/1997/1997 1998/1998/1998 1999/1999/1999 
f 1998/1998/1998 2000/2000/2000 1999/1999/1999 
f 1999/1999/1999 2000/2000/2000 2001/2001/2001 
f 2000/2000/2000 2002/2002/2002 2001/2001/2001 
f 2001/2001/2001 2002/2002/2002 2003/2003/2003 
f 2002/2002/2002 2004/2004/2004 2003/2003/2003 
f 2003/2003/2003 2004/2004/2004 2004/2004/2004 
f 2004/2004/2004 2002/2002/2002 2004/2004/2004 
f 2004/2004/2004 2002/2002/2002 2005/2005/2005 
f 2002/2002/2002 2000/2000/2000 2005/2005/2005 
f 2005/2005/2005 2000/2000/2000 2006/2006/2006 
f 2000/2000/2000 1998/1998/1998 2006/2006/2006 
f 2006/2006/2006 1998/1998/1998 1998/1998/1998 
f 1998/1998/1998 2006/2006/2006 1998/1998/1998 
f 1998/1998/1998 2006/2006/2006 2006/2006/2006 
f 2006/2006/2006 2007/2007/2007 2006/2006/2006 
f 2006/2006/2006 2007/2007/2007 2005/2005/2005 
f 2007/2007/2007 2008/2008/2008 2005/2005/2005 
f 2005/2005/2005 2008/2008/2008 2008/2008/2008 
f 2008/2008/2008 2007/2007/2007 2008/2008/2008 
f 2008/2008/2008 2007/2007/2007 2007/2007/2007 
f 2007/2007/2007 2009/2009/2009 2007/2007/2007 
f 2007/2007/2007 2009/2009/2009 2008/2008/2008 
f 2009/2009/2009 2010/2010/2010 2008/2008/2008 
f 2008/2008/2008 2010/2010/2010 2010/2010/2010 
f 2010/2010/2010 2011/2011/2011 2010/2010/2010 
f 2010/2010/2010 2011/2011/2011 2011/2011/2011 
f 2011/2011/2011 1988/1988/1988 2011/2011/2011 
f 2011/2011/2011 1988/1988/1988 2012/2012/2012 
f 1988/1988/1988 1991/1991/1991 2012/2012/2012 
f 2012/2012/2012 1991/1991/1991 1991/1991/1991 
f 1991/1991/1991 2013/2013/2013 1991/1991/1991 
f 1991/1991/1991 2013/2013/2013 2013/2013/2013 
f 2013/2013/2013 2014/2014/2014 2013/2013/2013 
f 2013/2013/2013 2014/2014/2014 2015/2015/2015 
f 2014/2014/2014 2016/2016/2016 2015/2015/2015 
f 2015/2015/2015 2016/2016/2016 2017/2017/2017 
f 2016/2016/2016 2018/2018/2018 2017/2017/2017 
f 2017/2017/2017 2018/2018/2018 2019/2019/2019 
f 2018/2018/2018 2020/2020/2020 2019/2019/2019 
f 2019/2019/2019 2020/2020/2020 2021/2021/2021 
f 2020/2020/2020 2022/2022/2022 2021/2021/2021 
f 2021/2021/2021 2022/2022/2022 2023/2023/2023 
f 2022/2022/2022 2024/2024/2024 2023/2023/2023 
f 2023/2023/2023 2024/2024/2024 2025/2025/2025 
f 2024/2024/2024 2026/2026/2026 2025/2025/2025 
f 2025/2025/2025 2026/2026/2026 2027/2027/2027 
f 2026/2026/2026 2028/2028/2028 2027/2027/2027 
f 2027/2027/2027 2028/2028/2028 2029/2029/2029 
f 2028/2028/2028 2030/2030/2030 2029/2029/2029 
f 2029/2029/2029 2030/2030/2030 2031/2031/2031 
f 2030/2030/2030 2032/2032/2032 2031/2031/2031 
f 2031/2031/2031 2032/2032/2032 2033/2033/2033 
f 2032/2032/2032 2034/2034/2034 2033/2033/2033 
f 2033/2033/2033 2034/2034/2034 2035/2035/2035 
f 2034/2034/2034 2036/2036/2036 2035/2035/2035 
f 2035/2035/2035 2036/2036/2036 2037/2037/2037 
f 2036/2036/2036 2038/2038/2038 2037/2037/2037 
f 2037/2037/2037 2038/2038/2038 2039/2039/2039 
f 2038/2038/2038 2040/2040/2040 2039/2039/2039 
f 2039/2039/2039 2040/2040/2040 2041/2041/2041 
f 2040/2040/2040 2042/2042/2042 2041/2041/2041 
f 2041/2041/2041 2042/2042/2042 2043/2043/2043 
f 2042/2042/2042 2044/2044/2044 2043/2043/2043 
f 2043/2043/2043 2044/2044/2044 2045/2045/2045 
f 2044/2044/2044 2046/2046/2046 2045/2045/2045 
f 2045/2045/2045 2046/2046/2046 2046/2046/2046 
f 2046/2046/2046 2014/2014/2014 2046/2046/2046 
f 2046/2046/2046 2014/2014/2014 2014/2014/2014 
f 2014/2014/2014 2047/2047/2047 2014/2014/2014 
f 2014/2014/2014 2047/2047/2047 2016/2016/2016 
f 2047/2047/2047 2048/2048/2048 2016/2016/2016 
f 2016/2016/2016 2048/2048/2048 2018/2018/2018 
f 2048/2048/2048 2049/2049/2049 2018/2018/2018 
f 2018/2018/2018 2049/2049/2049 2020/2020/2020 
f 2049/2049/2049 2050/2050/2050 2020/2020/2020 
f 2020/2020/2020 2050/2050/2050 2022/2022/2022 
f 2050/2050/2050 2051/2051/2051 2022/2022/2022 
f 2022/2022/2022 2051/2051/2051 2024/2024/2024 
f 2051/2051/2051 2052/2052/2052 2024/2024/2024 
f 2024/2024/2024 2052/2052/2052 2026/2026/2026 
f 2052/2052/2052 2053/2053/2053 2026/2026/2026 
f 2026/2026/2026 2053/2053/2053 2028/2028/2028 
f 2053/2053/2053 2054/2054/2054 2028/2028/2028 
f 2028/2028/2028 2054/2054/2054 2030/2030/2030 
f 2054/2054/2054 2055/2055/2055 2030/2030/2030 
f 2030/2030/2030 2055/2055/2055 2032/2032/2032 
f 2055/2055/2055 2056/2056/2056 2032/2032/2032 
f 2032/2032/2032 2056/2056/2056 2034/2034/2034 
f 2056/2056/2056 2057/2057/2057 2034/2034/2034 
f 2034/2034/2034 2057/2057/2057 2036/2036/2036 
f 2057/2057/2057 2058/2058/2058 2036/2036/2036 
f 2036/2036/2036 2058/2058/2058 2038/2038/2038 
f 2058/2058/2058 2059/2059/2059 2038/2038/2038 
f 2038/2038/2038 2059/2059/2059 2040/2040/2040 
f 2059/2059/2059 2060/2060/2060 2040/2040/2040 
f 2040/2040/2040 2060/2060/2060 2042/2042/2042 
f 2060/2060/2060 2061/2061/2061 2042/2042/2042 
f 2042/2042/2042 2061/2061/2061 2044/2044/2044 
f 2061/2061/2061 2062/2062/2062 2044/2044/2044 
f 2044/2044/2044 2062/2062/2062 2046/2046/2046 
f 2062/2062/2062 2063/2063/2063 2046/2046/2046 
f 2046/2046/2046 2063/2063/2063 2063/2063/2063 
f 2063/2063/2063 2064/2064/2064 2063/2063/2063 
f 2063/2063/2063 2064/2064/2064 2064/2064/2064 
f 2064/2064/2064 2065/2065/2065 2064/2064/2064 
f 2064/2064/2064 2065/2065/2065 2066/2066/2066 
f 2065/2065/2065 2067/2067/2067 2066/2066/2066 
f 2066/2066/2066 2067/2067/2067 2068/2068/2068 
f 2067/2067/2067 2069/2069/2069 2068/2068/2068 
f 2068/2068/2068 2069/2069/2069 2070/2070/2070 
f 2069/2069/2069 2071/2071/2071 2070/2070/2070 
f 2070/2070/2070 2071/2071/2071 2072/2072/2072 
f 2071/2071/2071 2073/2073/2073 2072/2072/2072 
f 2072/2072/2072 2073/2073/2073 2074/2074/2074 
f 2073/2073/2073 2075/2075/2075 2074/2074/2074 
f 2074/2074/2074 2075/2075/2075 2076/2076/2076 
f 2075/2075/2075 2077/2077/2077 2076/2076/2076 
f 2076/2076/2076 2077/2077/2077 2078/2078/2078 
f 2077/2077/2077 2079/2079/2079 2078/2078/2078 
f 2078/2078/2078 2079/2079/2079 2080/2080/2080 
f 2079/2079/2079 2081/2081/2081 2080/2080/2080 
f 2080/2080/2080 2081/2081/2081 2082/2082/2082 
f 2081/2081/2081 2083/2083/2083 2082/2082/2082 
f 2082/2082/2082 2083/2083/2083 2084/2084/2084 
f 2083/2083/2083 2085/2085/2085 2084/2084/2084 
f 2084/2084/2084 2085/2085/2085 2086/2086/2086 
f 2085/2085/2085 2087/2087/2087 2086/2086/2086 
f 2086/2086/2086 2087/2087/2087 2088/2088/2088 
f 2087/2087/2087 2089/2089/2089 2088/2088/2088 
f 2088/2088/2088 2089/2089/2089 2090/2090/2090 
f 2089/2089/2089 2091/2091/2091 2090/2090/2090 
f 2090/2090/2090 2091/2091/2091 2092/2092/2092 
f 2091/2091/2091 2093/2093/2093 2092/2092/2092 
f 2092/2092/2092 2093/2093/2093 2094/2094/2094 
f 2093/2093/2093 2095/2095/2095 2094/2094/2094 
f 2094/2094/2094 2095/2095/2095 2096/2096/2096 
f 2095/2095/2095 2097/2097/2097 2096/2096/2096 
f 2096/2096/2096 2097/2097/2097 2097/2097/2097 
f 2097/2097/2097 2065/2065/2065 2097/2097/2097 
f 2097/2097/2097 2065/2065/2065 2065/2065/2065 
f 2065/2065/2065 2098/2098/2098 2065/2065/2065 
f 2065/2065/2065 2098/2098/2098 2067/2067/2067 
f 2098/2098/2098 2099/2099/2099 2067/2067/2067 
f 2067/2067/2067 2099/2099/2099 2069/2069/2069 
f 2099/2099/2099 2100/2100/2100 2069/2069/2069 
f 2069/2069/2069 2100/2100/2100 2071/2071/2071 
f 2100/2100/2100 2101/2101/2101 2071/2071/2071 
f 2071/2071/2071 2101/2101/2101 2073/2073/2073 
f 2101/2101/2101 2102/2102/2102 2073/2073/2073 
f 2073/2073/2073 2102/2102/2102 2075/2075/2075 
f 2102/2102/2102 2103/2103/2103 2075/2075/2075 
f 2075/2075/2075 2103/2103/2103 2077/2077/2077 
f 2103/2103/2103 2104/2104/2104 2077/2077/2077 
f 2077/2077/2077 2104/2104/2104 2079/2079/2079 
f 2104/2104/2104 2105/2105/2105 2079/2079/2079 
f 2079/2079/2079 2105/2105/2105 2081/2081/2081 
f 2105/2105/2105 2106/2106/2106 2081/2081/2081 
f 2081/2081/2081 2106/2106/2106 2083/2083/2083 
f 2106/2106/2106 2107/2107/2107 2083/2083/2083 
f 2083/2083/2083 2107/2107/2107 2085/2085/2085 
f 2107/2107/2107 2108/2108/2108 2085/2085/2085 
f 2085/2085/2085 2108/2108/2108 2087/2087/2087 
f 2108/2108/2108 2109/2109/2109 2087/2087/2087 
f 2087/2087/2087 2109/2109/2109 2089/2089/2089 
f 2109/2109/2109 2110/2110/2110 2089/2089/2089 
f 2089/2089/2089 2110/2110/2110 2091/2091/2091 
f 2110/2110/2110 2111/2111/2111 2091/2091/2091 
f 2091/2091/2091 2111/2111/2111 2093/2093/2093 
f 2111/2111/2111 2112/2112/2112 2093/2093/2093 
f 2093/2093/2093 2112/2112/2112 2095/2095/2095 
f 2112/2112/2112 2113/2113/2113 2095/2095/2095 
f 2095/2095/2095 2113/2113/2113 2097/2097/2097 
f 2113/2113/2113 2114/2114/2114 2097/2097/2097 
f 2097/2097/2097 2114/2114/2114 2114/2114/2114 
f 2114/2114/2114 2115/2115/2115 2114/2114/2114 
f 2114/2114/2114 2115/2115/2115 2115/2115/2115 
f 2115/2115/2115 2116/2116/2116 2115/2115/2115 
f 2115/2115/2115 2116/2116/2116 2117/2117/2117 
f 2116/2116/2116 2118/2118/2118 2117/2117/2117 
f 2117/2117/2117 2118/2118/2118 2118/2118/2118 
f 2118/2118/2118 2116/2116/2116 2118/2118/2118 
f 2118/2118/2118 2116/2116/2116 2119/2119/2119 
f 2116/2116/2116 2120/2120/2120 2119/2119/2119 
f 2119/2119/2119 2120/2120/2120 2121/2121/2121 
f 2120/2120/2120 2121/2121/2121 2121/2121/2121 
f 2121/2121/2121 2121/2121/2121 2119/2119/2119 
f 2121/2121/2121 2119/2119/2119 2119/2119/2119 
f 2119/2119/2119 2119/2119/2119 2119/2119/2119 
f 2119/2119/2119 2121/2121/2121 2119/2119/2119 
f 2119/2119/2119 2121/2121/2121 2122/2122/2122 
f 2121/2121/2121 2123/2123/2123 2122/2122/2122 
f 2122/2122/2122 2123/2123/2123 1769/1769/1769 
f 2123/2123/2123 1769/1769/1769 1769/1769/1769 
f 1769/1769/1769 1769/1769/1769 2124/2124/2124 
f 1769/1769/1769 2124/2124/2124 2124/2124/2124 
f 2124/2124/2124 2124/2124/2124 2124/2124/2124 
f 2124/2124/2124 1991/1991/1991 2124/2124/2124 
f 2124/2124/2124 1991/1991/1991 2125/2125/2125 
f 1991/1991/1991 1993/1993/1993 2125/2125/2125 
f 2125/2125/2125 1993/1993/1993 1993/1993/1993 
f 1993/1993/1993 2126/2126/2126 1993/1993/1993 
f 1993/1993/1993 2126/2126/2126 2126/2126/2126 
f 2126/2126/2126 2127/2127/2127 2126/2126/2126 
f 2126/2126/2126 2127/2127/2127 2128/2128/2128 
f 2127/2127/2127 2129/2129/2129 2128/2128/2128 
f 2128/2128/2128 2129/2129/2129 2129/2129/2129 
f 2129/2129/2129 2130/2130/2130 2129/2129/2129 
f 2129/2129/2129 2130/2130/2130 2130/2130/2130 
f 2130/2130/2130 2131/2131/2131 2130/2130/2130 
f 2130/2130/2130 2131/2131/2131 2132/2132/2132 
f 2131/2131/2131 2133/2133/2133 2132/2132/2132 
f 2132/2132/2132 2133/2133/2133 2134/2134/2134 
f 2133/2133/2133 2134/2134/2134 2134/2134/2134 
f 2134/2134/2134 2134/2134/2134 2134/2134/2134 
f 2134/2134/2134 2135/2135/2135 2134/2134/2134 
f 2134/2134/2134 2135/2135/2135 2132/2132/2132 
f 2135/2135/2135 2136/2136/2136 2132/2132/2132 
f 2132/2132/2132 2136/2136/2136 2137/2137/2137 
f 2136/2136/2136 2138/2138/2138 2137/2137/2137 
f 2137/2137/2137 2138/2138/2138 2139/2139/2139 
f 2138/2138/2138 2140/2140/2140 2139/2139/2139 
f 2139/2139/2139 2140/2140/2140 2141/2141/2141 
f 2140/2140/2140 2142/2142/2142 2141/2141/2141 
f 2141/2141/2141 2142/2142/2142 2142/2142/2142 
f 2142/2142/2142 2136/2136/2136 2142/2142/2142 
f 2142/2142/2142 2136/2136/2136 2136/2136/2136 
f 2136/2136/2136 2135/2135/2135 2136/2136/2136 
f 2136/2136/2136 2135/2135/2135 2138/2138/2138 
f 2135/2135/2135 2140/2140/2140 2138/2138/2138 
f 2138/2138/2138 2140/2140/2140 2140/2140/2140 
f 2140/2140/2140 2135/2135/2135 2140/2140/2140 
f 2140/2140/2140 2135/2135/2135 2135/2135/2135 
f 2135/2135/2135 2143/2143/2143 2135/2135/2135 
f 2135/2135/2135 2143/2143/2143 2140/2140/2140 
f 2143/2143/2143 2144/2144/2144 2140/2140/2140 
f 2140/2140/2140 2144/2144/2144 2144/2144/2144 
f 2144/2144/2144 2145/2145/2145 2144/2144/2144 
f 2144/2144/2144 2145/2145/2145 2145/2145/2145 
f 2145/2145/2145 1532/1532/1532 2145/2145/2145 
f 2145/2145/2145 1532/1532/1532 2146/2146/2146 
f 1532/1532/1532 1534/1534/1534 2146/2146/2146 
f 2146/2146/2146 1534/1534/1534 1536/1536/1536 
f 1534/1534/1534 1536/1536/1536 1536/1536/1536 
f 1536/1536/1536 1536/1536/1536 2147/2147/2147 
f 1536/1536/1536 2147/2147/2147 2147/2147/2147 
f 2147/2147/2147 2147/2147/2147 2147/2147/2147 
f 2147/2147/2147 2148/2148/2148 2147/2147/2147 
f 2147/2147/2147 2148/2148/2148 2149/2149/2149 
f 2148/2148/2148 2150/2150/2150 2149/2149/2149 
f 2149/2149/2149 2150/2150/2150 2151/2151/2151 
f 2150/2150/2150 2152/2152/2152 2151/2151/2151 
f 2151/2151/2151 2152/2152/2152 2153/2153/2153 
f 2152/2152/2152 2154/2154/2154 2153/2153/2153 
f 2153/2153/2153 2154/2154/2154 2155/2155/2155 
f 2154/2154/2154 2156/2156/2156 2155/2155/2155 
f 2155/2155/2155 2156/2156/2156 2157/2157/2157 
f 2156/2156/2156 2158/2158/2158 2157/2157/2157 
f 2157/2157/2157 2158/2158/2158 2159/2159/2159 
f 2158/2158/2158 2160/2160/2160 2159/2159/2159 
f 2159/2159/2159 2160/2160/2160 2161/2161/2161 
f 2160/2160/2160 2162/2162/2162 2161/2161/2161 
f 2161/2161/2161 2162/2162/2162 2163/2163/2163 
f 2162/2162/2162 2164/2164/2164 2163/2163/2163 
f 2163/2163/2163 2164/2164/2164 2165/2165/2165 
f 2164/2164/2164 2166/2166/2166 2165/2165/2165 
f 2165/2165/2165 2166/2166/2166 2167/2167/2167 
f 2166/2166/2166 2168/2168/2168 2167/2167/2167 
f 2167/2167/2167 2168/2168/2168 2169/2169/2169 
f 2168/2168/2168 2170/2170/2170 2169/2169/2169 
f 2169/2169/2169 2170/2170/2170 2171/2171/2171 
f 2170/2170/2170 2172/2172/2172 2171/2171/2171 
f 2171/2171/2171 2172/2172/2172 2173/2173/2173 
f 2172/2172/2172 2174/2174/2174 2173/2173/2173 
f 2173/2173/2173 2174/2174/2174 2175/2175/2175 
f 2174/2174/2174 2176/2176/2176 2175/2175/2175 
f 2175/2175/2175 2176/2176/2176 2177/2177/2177 
f 2176/2176/2176 2178/2178/2178 2177/2177/2177 
f 2177/2177/2177 2178/2178/2178 2179/2179/2179 
f 2178/2178/2178 2180/2180/2180 2179/2179/2179 
f 2179/2179/2179 2180/2180/2180 2180/2180/2180 
f 2180/2180/2180 2148/2148/2148 2180/2180/2180 
f 2180/2180/2180 2148/2148/2148 2148/2148/2148 
f 2148/2148/2148 2181/2181/2181 2148/2148/2148 
f 2148/2148/2148 2181/2181/2181 2150/2150/2150 
f 2181/2181/2181 2182/2182/2182 2150/2150/2150 
f 2150/2150/2150 2182/2182/2182 2152/2152/2152 
f 2182/2182/2182 2183/2183/2183 2152/2152/2152 
f 2152/2152/2152 2183/2183/2183 2154/2154/2154 
f 2183/2183/2183 2184/2184/2184 2154/2154/2154 
f 2154/2154/2154 2184/2184/2184 2156/2156/2156 
f 2184/2184/2184 2185/2185/2185 2156/2156/2156 
f 2156/2156/2156 2185/2185/2185 2158/2158/2158 
f 2185/2185/2185 2186/2186/2186 2158/2158/2158 
f 2158/2158/2158 2186/2186/2186 2160/2160/2160 
f 2186/2186/2186 2187/2187/2187 2160/2160/2160 
f 2160/2160/2160 2187/2187/2187 2162/2162/2162 
f 2187/2187/2187 2188/2188/2188 2162/2162/2162 
f 2162/2162/2162 2188/2188/2188 2164/2164/2164 
f 2188/2188/2188 2189/2189/2189 2164/2164/2164 
f 2164/2164/2164 2189/2189/2189 2166/2166/2166 
f 2189/2189/2189 2190/2190/2190 2166/2166/2166 
f 2166/2166/2166 2190/2190/2190 2168/2168/2168 
f 2190/2190/2190 2191/2191/2191 2168/2168/2168 
f 2168/2168/2168 2191/2191/2191 2170/2170/2170 
f 2191/2191/2191 2192/2192/2192 2170/2170/2170 
f 2170/2170/2170 2192/2192/2192 2172/2172/2172 
f 2192/2192/2192 2193/2193/2193 2172/2172/2172 
f 2172/2172/2172 2193/2193/2193 2174/2174/2174 
f 2193/2193/2193 2194/2194/2194 2174/2174/2174 
f 2174/2174/2174 2194/2194/2194 2176/2176/2176 
f 2194/2194/2194 2195/2195/2195 2176/2176/2176 
f 2176/2176/2176 2195/2195/2195 2178/2178/2178 
f 2195/2195/2195 2196/2196/2196 2178/2178/2178 
f 2178/2178/2178 2196/2196/2196 2180/2180/2180 
f 2196/2196/2196 2197/2197/2197 2180/2180/2180 
f 2180/2180/2180 2197/2197/2197 2197/2197/2197 
f 2197/2197/2197 2198/2198/2198 2197/2197/2197 
f 2197/2197/2197 2198/2198/2198 2198/2198/2198 
f 2198/2198/2198 2199/2199/2199 2198/2198/2198 
f 2198/2198/2198 2199/2199/2199 2200/2200/2200 
f 2199/2199/2199 2201/2201/2201 2200/2200/2200 
f 2200/2200/2200 2201/2201/2201 2202/2202/2202 
f 2201/2201/2201 2203/2203/2203 2202/2202/2202 
f 2202/2202/2202 2203/2203/2203 2204/2204/2204 
f 2203/2203/2203 2205/2205/2205 2204/2204/2204 
f 2204/2204/2204 2205/2205/2205 2205/2205/2205 
f 2205/2205/2205 2203/2203/2203 2205/2205/2205 
f 2205/2205/2205 2203/2203/2203 2206/2206/2206 
f 2203/2203/2203 2201/2201/2201 2206/2206/2206 
f 2206/2206/2206 2201/2201/2201 2207/2207/2207 
f 2201/2201/2201 2208/2208/2208 2207/2207/2207 
f 2207/2207/2207 2208/2208/2208 2209/2209/2209 
f 2208/2208/2208 2209/2209/2209 2209/2209/2209 
f 2209/2209/2209 2209/2209/2209 2206/2206/2206 
f 2209/2209/2209 2206/2206/2206 2206/2206/2206 
f 2206/2206/2206 2206/2206/2206 2206/2206/2206 
f 2206/2206/2206 2210/2210/2210 2206/2206/2206 
f 2206/2206/2206 2210/2210/2210 2205/2205/2205 
f 2210/2210/2210 2211/2211/2211 2205/2205/2205 
f 2205/2205/2205 2211/2211/2211 2212/2212/2212 
f 2211/2211/2211 2213/2213/2213 2212/2212/2212 
f 2212/2212/2212 2213/2213/2213 2214/2214/2214 
f 2213/2213/2213 2215/2215/2215 2214/2214/2214 
f 2214/2214/2214 2215/2215/2215 2216/2216/2216 
f 2215/2215/2215 2217/2217/2217 2216/2216/2216 
f 2216/2216/2216 2217/2217/2217 2218/2218/2218 
f 2217/2217/2217 2219/2219/2219 2218/2218/2218 
f 2218/2218/2218 2219/2219/2219 2220/2220/2220 
f 2219/2219/2219 2221/2221/2221 2220/2220/2220 
f 2220/2220/2220 2221/2221/2221 2206/2206/2206 
f 2221/2221/2221 2210/2210/2210 2206/2206/2206 
f 2206/2206/2206 2210/2210/2210 2210/2210/2210 
f 2210/2210/2210 2206/2206/2206 2210/2210/2210 
f 2210/2210/2210 2206/2206/2206 2206/2206/2206 
f 2206/2206/2206 2207/2207/2207 2206/2206/2206 
f 2206/2206/2206 2207/2207/2207 2220/2220/2220 
f 2207/2207/2207 2222/2222/2222 2220/2220/2220 
f 2220/2220/2220 2222/2222/2222 2218/2218/2218 
f 2222/2222/2222 2223/2223/2223 2218/2218/2218 
f 2218/2218/2218 2223/2223/2223 2224/2224/2224 
f 2223/2223/2223 2225/2225/2225 2224/2224/2224 
f 2224/2224/2224 2225/2225/2225 2226/2226/2226 
f 2225/2225/2225 2226/2226/2226 2226/2226/2226 
f 2226/2226/2226 2226/2226/2226 2218/2218/2218 
f 2226/2226/2226 2218/2218/2218 2218/2218/2218 
f 2218/2218/2218 2218/2218/2218 2218/2218/2218 
f 2218/2218/2218 2224/2224/2224 2218/2218/2218 
f 2218/2218/2218 2224/2224/2224 2216/2216/2216 
f 2224/2224/2224 2227/2227/2227 2216/2216/2216 
f 2216/2216/2216 2227/2227/2227 2214/2214/2214 
f 2227/2227/2227 2228/2228/2228 2214/2214/2214 
f 2214/2214/2214 2228/2228/2228 2212/2212/2212 
f 2228/2228/2228 2212/2212/2212 2212/2212/2212 
f 2212/2212/2212 2212/2212/2212 2224/2224/2224 
f 2212/2212/2212 2224/2224/2224 2224/2224/2224 
f 2224/2224/2224 2224/2224/2224 2224/2224/2224 
f 2224/2224/2224 2226/2226/2226 2224/2224/2224 
f 2224/2224/2224 2226/2226/2226 2227/2227/2227 
f 2226/2226/2226 2229/2229/2229 2227/2227/2227 
f 2227/2227/2227 2229/2229/2229 2230/2230/2230 
f 2229/2229/2229 2231/2231/2231 2230/2230/2230 
f 2230/2230/2230 2231/2231/2231 2232/2232/2232 
f 2231/2231/2231 2233/2233/2233 2232/2232/2232 
f 2232/2232/2232 2233/2233/2233 2234/2234/2234 
f 2233/2233/2233 2235/2235/2235 2234/2234/2234 
f 2234/2234/2234 2235/2235/2235 2236/2236/2236 
f 2235/2235/2235 2237/2237/2237 2236/2236/2236 
f 2236/2236/2236 2237/2237/2237 2238/2238/2238 
f 2237/2237/2237 2239/2239/2239 2238/2238/2238 
f 2238/2238/2238 2239/2239/2239 2240/2240/2240 
f 2239/2239/2239 2241/2241/2241 2240/2240/2240 
f 2240/2240/2240 2241/2241/2241 2242/2242/2242 
f 2241/2241/2241 2243/2243/2243 2242/2242/2242 
f 2242/2242/2242 2243/2243/2243 2244/2244/2244 
f 2243/2243/2243 2245/2245/2245 2244/2244/2244 
f 2244/2244/2244 2245/2245/2245 2246/2246/2246 
f 2245/2245/2245 2246/2246/2246 2246/2246/2246 
f 2246/2246/2246 2246/2246/2246 2227/2227/2227 
f 2246/2246/2246 2227/2227/2227 2227/2227/2227 
f 2227/2227/2227 2227/2227/2227 2227/2227/2227 
f 2227/2227/2227 2230/2230/2230 2227/2227/2227 
f 2227/2227/2227 2230/2230/2230 2228/2228/2228 
f 2230/2230/2230 2232/2232/2232 2228/2228/2228 
f 2228/2228/2228 2232/2232/2232 2247/2247/2247 
f 2232/2232/2232 2248/2248/2248 2247/2247/2247 
f 2247/2247/2247 2248/2248/2248 2249/2249/2249 
f 2248/2248/2248 2250/2250/2250 2249/2249/2249 
f 2249/2249/2249 2250/2250/2250 2251/2251/2251 
f 2250/2250/2250 2251/2251/2251 2251/2251/2251 
f 2251/2251/2251 2251/2251/2251 2232/2232/2232 
f 2251/2251/2251 2232/2232/2232 2232/2232/2232 
f 2232/2232/2232 2232/2232/2232 2232/2232/2232 
f 2232/2232/2232 2234/2234/2234 2232/2232/2232 
f 2232/2232/2232 2234/2234/2234 2248/2248/2248 
f 2234/2234/2234 2236/2236/2236 2248/2248/2248 
f 2248/2248/2248 2236/2236/2236 2252/2252/2252 
f 2236/2236/2236 2238/2238/2238 2252/2252/2252 
f 2252/2252/2252 2238/2238/2238 2253/2253/2253 
f 2238/2238/2238 2254/2254/2254 2253/2253/2253 
f 2253/2253/2253 2254/2254/2254 2255/2255/2255 
f 2254/2254/2254 2256/2256/2256 2255/2255/2255 
f 2255/2255/2255 2256/2256/2256 2256/2256/2256 
f 2256/2256/2256 2238/2238/2238 2256/2256/2256 
f 2256/2256/2256 2238/2238/2238 2238/2238/2238 
f 2238/2238/2238 2240/2240/2240 2238/2238/2238 
f 2238/2238/2238 2240/2240/2240 2254/2254/2254 
f 2240/2240/2240 2257/2257/2257 2254/2254/2254 
f 2254/2254/2254 2257/2257/2257 2256/2256/2256 
f 2257/2257/2257 2258/2258/2258 2256/2256/2256 
f 2256/2256/2256 2258/2258/2258 2258/2258/2258 
f 2258/2258/2258 2257/2257/2257 2258/2258/2258 
f 2258/2258/2258 2257/2257/2257 2259/2259/2259 
f 2257/2257/2257 2260/2260/2260 2259/2259/2259 
f 2259/2259/2259 2260/2260/2260 2261/2261/2261 
f 2260/2260/2260 2262/2262/2262 2261/2261/2261 
f 2261/2261/2261 2262/2262/2262 2204/2204/2204 
f 2262/2262/2262 2202/2202/2202 2204/2204/2204 
f 2204/2204/2204 2202/2202/2202 2202/2202/2202 
f 2202/2202/2202 2257/2257/2257 2202/2202/2202 
f 2202/2202/2202 2257/2257/2257 2257/2257/2257 
f 2257/2257/2257 2242/2242/2242 2257/2257/2257 
f 2257/2257/2257 2242/2242/2242 2260/2260/2260 
f 2242/2242/2242 2244/2244/2244 2260/2260/2260 
f 2260/2260/2260 2244/2244/2244 2246/2246/2246 
f 2244/2244/2244 2246/2246/2246 2246/2246/2246 
f 2246/2246/2246 2246/2246/2246 2207/2207/2207 
f 2246/2246/2246 2207/2207/2207 2207/2207/2207 
f 2207/2207/2207 2207/2207/2207 2207/2207/2207 
f 2207/2207/2207 2209/2209/2209 2207/2207/2207 
f 2207/2207/2207 2209/2209/2209 2222/2222/2222 
f 2209/2209/2209 2263/2263/2263 2222/2222/2222 
f 2222/2222/2222 2263/2263/2263 2223/2223/2223 
f 2263/2263/2263 2225/2225/2225 2223/2223/2223 
f 2223/2223/2223 2225/2225/2225 2225/2225/2225 
f 2225/2225/2225 2249/2249/2249 2225/2225/2225 
f 2225/2225/2225 2249/2249/2249 2249/2249/2249 
f 2249/2249/2249 2251/2251/2251 2249/2249/2249 
f 2249/2249/2249 2251/2251/2251 2259/2259/2259 
f 2251/2251/2251 2258/2258/2258 2259/2259/2259 
f 2259/2259/2259 2258/2258/2258 2258/2258/2258 
f 2258/2258/2258 2264/2264/2264 2258/2258/2258 
f 2258/2258/2258 2264/2264/2264 2264/2264/2264 
f 2264/2264/2264 2265/2265/2265 2264/2264/2264 
f 2264/2264/2264 2265/2265/2265 574/574/574 
f 2265/2265/2265 2266/2266/2266 574/574/574 
f 574/574/574 2266/2266/2266 2267/2267/2267 
f 2266/2266/2266 2267/2267/2267 2267/2267/2267 
f 2267/2267/2267 2267/2267/2267 2268/2268/2268 
f 2267/2267/2267 2268/2268/2268 2268/2268/2268 
f 2268/2268/2268 2268/2268/2268 2268/2268/2268 
f 2268/2268/2268 2269/2269/2269 2268/2268/2268 
f 2268/2268/2268 2269/2269/2269 2270/2270/2270 
f 2269/2269/2269 2271/2271/2271 2270/2270/2270 
f 2270/2270/2270 2271/2271/2271 2272/2272/2272 
f 2271/2271/2271 2273/2273/2273 2272/2272/2272 
f 2272/2272/2272 2273/2273/2273 2274/2274/2274 
f 2273/2273/2273 2275/2275/2275 2274/2274/2274 
f 2274/2274/2274 2275/2275/2275 2275/2275/2275 
f 2275/2275/2275 2276/2276/2276 2275/2275/2275 
f 2275/2275/2275 2276/2276/2276 2276/2276/2276 
f 2276/2276/2276 2277/2277/2277 2276/2276/2276 
f 2276/2276/2276 2277/2277/2277 2278/2278/2278 
f 2277/2277/2277 2279/2279/2279 2278/2278/2278 
f 2278/2278/2278 2279/2279/2279 2279/2279/2279 
f 2279/2279/2279 2250/2250/2250 2279/2279/2279 
f 2279/2279/2279 2250/2250/2250 2250/2250/2250 
f 2250/2250/2250 2248/2248/2248 2250/2250/2250 
f 2250/2250/2250 2248/2248/2248 2280/2280/2280 
f 2248/2248/2248 2252/2252/2252 2280/2280/2280 
f 2280/2280/2280 2252/2252/2252 2281/2281/2281 
f 2252/2252/2252 2253/2253/2253 2281/2281/2281 
f 2281/2281/2281 2253/2253/2253 2255/2255/2255 
f 2253/2253/2253 2255/2255/2255 2255/2255/2255 
f 2255/2255/2255 2255/2255/2255 2282/2282/2282 
f 2255/2255/2255 2282/2282/2282 2282/2282/2282 
f 2282/2282/2282 2282/2282/2282 2282/2282/2282 
f 2282/2282/2282 2283/2283/2283 2282/2282/2282 
f 2282/2282/2282 2283/2283/2283 2284/2284/2284 
f 2283/2283/2283 2285/2285/2285 2284/2284/2284 
f 2284/2284/2284 2285/2285/2285 2286/2286/2286 
f 2285/2285/2285 2287/2287/2287 2286/2286/2286 
f 2286/2286/2286 2287/2287/2287 2288/2288/2288 
f 2287/2287/2287 2289/2289/2289 2288/2288/2288 
f 2288/2288/2288 2289/2289/2289 2289/2289/2289 
f 2289/2289/2289 2290/2290/2290 2289/2289/2289 
f 2289/2289/2289 2290/2290/2290 2290/2290/2290 
f 2290/2290/2290 2291/2291/2291 2290/2290/2290 
f 2290/2290/2290 2291/2291/2291 2292/2292/2292 
f 2291/2291/2291 2293/2293/2293 2292/2292/2292 
f 2292/2292/2292 2293/2293/2293 2293/2293/2293 
f 2293/2293/2293 2291/2291/2291 2293/2293/2293 
f 2293/2293/2293 2291/2291/2291 2291/2291/2291 
f 2291/2291/2291 2294/2294/2294 2291/2291/2291 
f 2291/2291/2291 2294/2294/2294 2293/2293/2293 
f 2294/2294/2294 2295/2295/2295 2293/2293/2293 
f 2293/2293/2293 2295/2295/2295 2296/2296/2296 
f 2295/2295/2295 2297/2297/2297 2296/2296/2296 
f 2296/2296/2296 2297/2297/2297 2297/2297/2297 
f 2297/2297/2297 2291/2291/2291 2297/2297/2297 
f 2297/2297/2297 2291/2291/2291 2291/2291/2291 
f 2291/2291/2291 2298/2298/2298 2291/2291/2291 
f 2291/2291/2291 2298/2298/2298 2294/2294/2294 
f 2298/2298/2298 2297/2297/2297 2294/2294/2294 
f 2294/2294/2294 2297/2297/2297 2295/2295/2295 
f 2297/2297/2297 2295/2295/2295 2295/2295/2295 
f 2295/2295/2295 2295/2295/2295 2298/2298/2298 
f 2295/2295/2295 2298/2298/2298 2298/2298/2298 
f 2298/2298/2298 2298/2298/2298 2298/2298/2298 
f 2298/2298/2298 2291/2291/2291 2298/2298/2298 
f 2298/2298/2298 2291/2291/2291 2299/2299/2299 
f 2291/2291/2291 2300/2300/2300 2299/2299/2299 
f 2299/2299/2299 2300/2300/2300 2300/2300/2300 
f 2300/2300/2300 2293/2293/2293 2300/2300/2300 
f 2300/2300/2300 2293/2293/2293 2293/2293/2293 
f 2293/2293/2293 2296/2296/2296 2293/2293/2293 
f 2293/2293/2293 2296/2296/2296 2301/2301/2301 
f 2296/2296/2296 2302/2302/2302 2301/2301/2301 
f 2301/2301/2301 2302/2302/2302 2302/2302/2302 
f 2302/2302/2302 2296/2296/2296 2302/2302/2302 
f 2302/2302/2302 2296/2296/2296 2303/2303/2303 
f 2296/2296/2296 2304/2304/2304 2303/2303/2303 
f 2303/2303/2303 2304/2304/2304 2304/2304/2304 
f 2304/2304/2304 2305/2305/2305 2304/2304/2304 
f 2304/2304/2304 2305/2305/2305 2305/2305/2305 
f 2305/2305/2305 2306/2306/2306 2305/2305/2305 
f 2305/2305/2305 2306/2306/2306 2307/2307/2307 
f 2306/2306/2306 2308/2308/2308 2307/2307/2307 
f 2307/2307/2307 2308/2308/2308 2309/2309/2309 
f 2308/2308/2308 2310/2310/2310 2309/2309/2309 
f 2309/2309/2309 2310/2310/2310 2311/2311/2311 
f 2310/2310/2310 2312/2312/2312 2311/2311/2311 
f 2311/2311/2311 2312/2312/2312 2312/2312/2312 
f 2312/2312/2312 2310/2310/2310 2312/2312/2312 
f 2312/2312/2312 2310/2310/2310 2310/2310/2310 
f 2310/2310/2310 2308/2308/2308 2310/2310/2310 
f 2310/2310/2310 2308/2308/2308 2312/2312/2312 
f 2308/2308/2308 2313/2313/2313 2312/2312/2312 
f 2312/2312/2312 2313/2313/2313 2313/2313/2313 
f 2313/2313/2313 2307/2307/2307 2313/2313/2313 
f 2313/2313/2313 2307/2307/2307 2307/2307/2307 
f 2307/2307/2307 2309/2309/2309 2307/2307/2307 
f 2307/2307/2307 2309/2309/2309 2314/2314/2314 
f 2309/2309/2309 2311/2311/2311 2314/2314/2314 
f 2314/2314/2314 2311/2311/2311 2311/2311/2311 
f 2311/2311/2311 2315/2315/2315 2311/2311/2311 
f 2311/2311/2311 2315/2315/2315 2315/2315/2315 
f 2315/2315/2315 2316/2316/2316 2315/2315/2315 
f 2315/2315/2315 2316/2316/2316 2317/2317/2317 
f 2316/2316/2316 2318/2318/2318 2317/2317/2317 
f 2317/2317/2317 2318/2318/2318 2318/2318/2318 
f 2318/2318/2318 2316/2316/2316 2318/2318/2318 
f 2318/2318/2318 2316/2316/2316 2316/2316/2316 
f 2316/2316/2316 2319/2319/2319 2316/2316/2316 
f 2316/2316/2316 2319/2319/2319 2318/2318/2318 
f 2319/2319/2319 2320/2320/2320 2318/2318/2318 
f 2318/2318/2318 2320/2320/2320 2321/2321/2321 
f 2320/2320/2320 2322/2322/2322 2321/2321/2321 
f 2321/2321/2321 2322/2322/2322 2323/2323/2323 
f 2322/2322/2322 2324/2324/2324 2323/2323/2323 
f 2323/2323/2323 2324/2324/2324 2325/2325/2325 
f 2324/2324/2324 2326/2326/2326 2325/2325/2325 
f 2325/2325/2325 2326/2326/2326 2327/2327/2327 
f 2326/2326/2326 2328/2328/2328 2327/2327/2327 
f 2327/2327/2327 2328/2328/2328 2316/2316/2316 
f 2328/2328/2328 2319/2319/2319 2316/2316/2316 
f 2316/2316/2316 2319/2319/2319 2319/2319/2319 
f 2319/2319/2319 2329/2329/2329 2319/2319/2319 
f 2319/2319/2319 2329/2329/2329 2329/2329/2329 
f 2329/2329/2329 2330/2330/2330 2329/2329/2329 
f 2329/2329/2329 2330/2330/2330 2331/2331/2331 
f 2330/2330/2330 2332/2332/2332 2331/2331/2331 
f 2331/2331/2331 2332/2332/2332 2333/2333/2333 
f 2332/2332/2332 2334/2334/2334 2333/2333/2333 
f 2333/2333/2333 2334/2334/2334 2335/2335/2335 
f 2334/2334/2334 2335/2335/2335 2335/2335/2335 
f 2335/2335/2335 2335/2335/2335 2335/2335/2335 
f 2335/2335/2335 2336/2336/2336 2335/2335/2335 
f 2335/2335/2335 2336/2336/2336 2333/2333/2333 
f 2336/2336/2336 2331/2331/2331 2333/2333/2333 
f 2333/2333/2333 2331/2331/2331 2331/2331/2331 
f 2331/2331/2331 2336/2336/2336 2331/2331/2331 
f 2331/2331/2331 2336/2336/2336 2337/2337/2337 
f 2336/2336/2336 2338/2338/2338 2337/2337/2337 
f 2337/2337/2337 2338/2338/2338 2338/2338/2338 
f 2338/2338/2338 2339/2339/2339 2338/2338/2338 
f 2338/2338/2338 2339/2339/2339 2339/2339/2339 
f 2339/2339/2339 2340/2340/2340 2339/2339/2339 
f 2339/2339/2339 2340/2340/2340 2341/2341/2341 
f 2340/2340/2340 2342/2342/2342 2341/2341/2341 
f 2341/2341/2341 2342/2342/2342 2343/2343/2343 
f 2342/2342/2342 2344/2344/2344 2343/2343/2343 
f 2343/2343/2343 2344/2344/2344 2345/2345/2345 
f 2344/2344/2344 2346/2346/2346 2345/2345/2345 
f 2345/2345/2345 2346/2346/2346 2346/2346/2346 
f 2346/2346/2346 2344/2344/2344 2346/2346/2346 
f 2346/2346/2346 2344/2344/2344 2344/2344/2344 
f 2344/2344/2344 2342/2342/2342 2344/2344/2344 
f 2344/2344/2344 2342/2342/2342 2346/2346/2346 
f 2342/2342/2342 2347/2347/2347 2346/2346/2346 
f 2346/2346/2346 2347/2347/2347 2347/2347/2347 
f 2347/2347/2347 2348/2348/2348 2347/2347/2347 
f 2347/2347/2347 2348/2348/2348 2348/2348/2348 
f 2348/2348/2348 2349/2349/2349 2348/2348/2348 
f 2348/2348/2348 2349/2349/2349 2350/2350/2350 
f 2349/2349/2349 2351/2351/2351 2350/2350/2350 
f 2350/2350/2350 2351/2351/2351 2352/2352/2352 
f 2351/2351/2351 2353/2353/2353 2352/2352/2352 
f 2352/2352/2352 2353/2353/2353 2354/2354/2354 
f 2353/2353/2353 2354/2354/2354 2354/2354/2354 
f 2354/2354/2354 2354/2354/2354 2354/2354/2354 
f 2354/2354/2354 2355/2355/2355 2354/2354/2354 
f 2354/2354/2354 2355/2355/2355 2352/2352/2352 
f 2355/2355/2355 2350/2350/2350 2352/2352/2352 
f 2352/2352/2352 2350/2350/2350 2350/2350/2350 
f 2350/2350/2350 2355/2355/2355 2350/2350/2350 
f 2350/2350/2350 2355/2355/2355 2356/2356/2356 
f 2355/2355/2355 2357/2357/2357 2356/2356/2356 
f 2356/2356/2356 2357/2357/2357 2357/2357/2357 
f 2357/2357/2357 2341/2341/2341 2357/2357/2357 
f 2357/2357/2357 2341/2341/2341 2341/2341/2341 
f 2341/2341/2341 2343/2343/2343 2341/2341/2341 
f 2341/2341/2341 2343/2343/2343 2358/2358/2358 
f 2343/2343/2343 2345/2345/2345 2358/2358/2358 
f 2358/2358/2358 2345/2345/2345 2345/2345/2345 
f 2345/2345/2345 2359/2359/2359 2345/2345/2345 
f 2345/2345/2345 2359/2359/2359 2359/2359/2359 
f 2359/2359/2359 2360/2360/2360 2359/2359/2359 
f 2359/2359/2359 2360/2360/2360 2361/2361/2361 
f 2360/2360/2360 2362/2362/2362 2361/2361/2361 
f 2361/2361/2361 2362/2362/2362 2363/2363/2363 
f 2362/2362/2362 2364/2364/2364 2363/2363/2363 
f 2363/2363/2363 2364/2364/2364 2365/2365/2365 
f 2364/2364/2364 2366/2366/2366 2365/2365/2365 
f 2365/2365/2365 2366/2366/2366 2366/2366/2366 
f 2366/2366/2366 2364/2364/2364 2366/2366/2366 
f 2366/2366/2366 2364/2364/2364 2364/2364/2364 
f 2364/2364/2364 2362/2362/2362 2364/2364/2364 
f 2364/2364/2364 2362/2362/2362 2366/2366/2366 
f 2362/2362/2362 2367/2367/2367 2366/2366/2366 
f 2366/2366/2366 2367/2367/2367 2367/2367/2367 
f 2367/2367/2367 2368/2368/2368 2367/2367/2367 
f 2367/2367/2367 2368/2368/2368 2368/2368/2368 
f 2368/2368/2368 2369/2369/2369 2368/2368/2368 
f 2368/2368/2368 2369/2369/2369 2370/2370/2370 
f 2369/2369/2369 2371/2371/2371 2370/2370/2370 
f 2370/2370/2370 2371/2371/2371 2372/2372/2372 
f 2371/2371/2371 2373/2373/2373 2372/2372/2372 
f 2372/2372/2372 2373/2373/2373 2374/2374/2374 
f 2373/2373/2373 2375/2375/2375 2374/2374/2374 
f 2374/2374/2374 2375/2375/2375 2375/2375/2375 
f 2375/2375/2375 2373/2373/2373 2375/2375/2375 
f 2375/2375/2375 2373/2373/2373 2373/2373/2373 
f 2373/2373/2373 2371/2371/2371 2373/2373/2373 
f 2373/2373/2373 2371/2371/2371 2375/2375/2375 
f 2371/2371/2371 2369/2369/2369 2375/2375/2375 
f 2375/2375/2375 2369/2369/2369 2376/2376/2376 
f 2369/2369/2369 2376/2376/2376 2376/2376/2376 
f 2376/2376/2376 2376/2376/2376 2361/2361/2361 
f 2376/2376/2376 2361/2361/2361 2361/2361/2361 
f 2361/2361/2361 2361/2361/2361 2361/2361/2361 
f 2361/2361/2361 2363/2363/2363 2361/2361/2361 
f 2361/2361/2361 2363/2363/2363 2377/2377/2377 
f 2363/2363/2363 2365/2365/2365 2377/2377/2377 
f 2377/2377/2377 2365/2365/2365 2365/2365/2365 
f 2365/2365/2365 2378/2378/2378 2365/2365/2365 
f 2365/2365/2365 2378/2378/2378 2378/2378/2378 
f 2378/2378/2378 2379/2379/2379 2378/2378/2378 
f 2378/2378/2378 2379/2379/2379 1039/1039/1039 
f 2379/2379/2379 1037/1037/1037 1039/1039/1039 
f 1039/1039/1039 1037/1037/1037 1037/1037/1037 
f 1037/1037/1037 2379/2379/2379 1037/1037/1037 
f 1037/1037/1037 2379/2379/2379 1035/1035/1035 
f 2379/2379/2379 2380/2380/2380 1035/1035/1035 
f 1035/1035/1035 2380/2380/2380 2381/2381/2381 
f 2380/2380/2380 2381/2381/2381 2381/2381/2381 
f 2381/2381/2381 2381/2381/2381 1035/1035/1035 
f 2381/2381/2381 1035/1035/1035 1035/1035/1035 
f 1035/1035/1035 1035/1035/1035 1035/1035/1035 
f 1035/1035/1035 2381/2381/2381 1035/1035/1035 
f 1035/1035/1035 2381/2381/2381 2382/2382/2382 
f 2381/2381/2381 2383/2383/2383 2382/2382/2382 
f 2382/2382/2382 2383/2383/2383 2384/2384/2384 
f 2383/2383/2383 2385/2385/2385 2384/2384/2384 
f 2384/2384/2384 2385/2385/2385 2386/2386/2386 
f 2385/2385/2385 2387/2387/2387 2386/2386/2386 
f 2386/2386/2386 2387/2387/2387 2388/2388/2388 
f 2387/2387/2387 2388/2388/2388 2388/2388/2388 
f 2388/2388/2388 2388/2388/2388 2386/2386/2386 
f 2388/2388/2388 2386/2386/2386 2386/2386/2386 
f 2386/2386/2386 2386/2386/2386 2386/2386/2386 
f 2386/2386/2386 2389/2389/2389 2386/2386/2386 
f 2386/2386/2386 2389/2389/2389 2384/2384/2384 
f 2389/2389/2389 2390/2390/2390 2384/2384/2384 
f 2384/2384/2384 2390/2390/2390 2382/2382/2382 
f 2390/2390/2390 2391/2391/2391 2382/2382/2382 
f 2382/2382/2382 2391/2391/2391 1035/1035/1035 
f 2391/2391/2391 1033/1033/1033 1035/1035/1035 
f 1035/1035/1035 1033/1033/1033 1033/1033/1033 
f 1033/1033/1033 2389/2389/2389 1033/1033/1033 
f 1033/1033/1033 2389/2389/2389 2389/2389/2389 
f 2389/2389/2389 2392/2392/2392 2389/2389/2389 
f 2389/2389/2389 2392/2392/2392 2390/2390/2390 
f 2392/2392/2392 2393/2393/2393 2390/2390/2390 
f 2390/2390/2390 2393/2393/2393 2391/2391/2391 
f 2393/2393/2393 2394/2394/2394 2391/2391/2391 
f 2391/2391/2391 2394/2394/2394 1033/1033/1033 
f 2394/2394/2394 1033/1033/1033 1033/1033/1033 
f 1033/1033/1033 1033/1033/1033 2392/2392/2392 
f 1033/1033/1033 2392/2392/2392 2392/2392/2392 
f 2392/2392/2392 2392/2392/2392 2392/2392/2392 
f 2392/2392/2392 2389/2389/2389 2392/2392/2392 
f 2392/2392/2392 2389/2389/2389 2395/2395/2395 
f 2389/2389/2389 2396/2396/2396 2395/2395/2395 
f 2395/2395/2395 2396/2396/2396 2396/2396/2396 
f 2396/2396/2396 2389/2389/2389 2396/2396/2396 
f 2396/2396/2396 2389/2389/2389 2389/2389/2389 
f 2389/2389/2389 2386/2386/2386 2389/2389/2389 
f 2389/2389/2389 2386/2386/2386 2396/2396/2396 
f 2386/2386/2386 2397/2397/2397 2396/2396/2396 
f 2396/2396/2396 2397/2397/2397 2397/2397/2397 
f 2397/2397/2397 2398/2398/2398 2397/2397/2397 
f 2397/2397/2397 2398/2398/2398 2398/2398/2398 
f 2398/2398/2398 2399/2399/2399 2398/2398/2398 
f 2398/2398/2398 2399/2399/2399 2400/2400/2400 
f 2399/2399/2399 2401/2401/2401 2400/2400/2400 
f 2400/2400/2400 2401/2401/2401 2402/2402/2402 
f 2401/2401/2401 2403/2403/2403 2402/2402/2402 
f 2402/2402/2402 2403/2403/2403 2404/2404/2404 
f 2403/2403/2403 2405/2405/2405 2404/2404/2404 
f 2404/2404/2404 2405/2405/2405 2406/2406/2406 
f 2405/2405/2405 2407/2407/2407 2406/2406/2406 
f 2406/2406/2406 2407/2407/2407 2408/2408/2408 
f 2407/2407/2407 2409/2409/2409 2408/2408/2408 
f 2408/2408/2408 2409/2409/2409 2410/2410/2410 
f 2409/2409/2409 2411/2411/2411 2410/2410/2410 
f 2410/2410/2410 2411/2411/2411 2412/2412/2412 
f 2411/2411/2411 2413/2413/2413 2412/2412/2412 
f 2412/2412/2412 2413/2413/2413 2414/2414/2414 
f 2413/2413/2413 2415/2415/2415 2414/2414/2414 
f 2414/2414/2414 2415/2415/2415 2416/2416/2416 
f 2415/2415/2415 2417/2417/2417 2416/2416/2416 
f 2416/2416/2416 2417/2417/2417 2418/2418/2418 
f 2417/2417/2417 2419/2419/2419 2418/2418/2418 
f 2418/2418/2418 2419/2419/2419 2420/2420/2420 
f 2419/2419/2419 2421/2421/2421 2420/2420/2420 
f 2420/2420/2420 2421/2421/2421 2422/2422/2422 
f 2421/2421/2421 2423/2423/2423 2422/2422/2422 
f 2422/2422/2422 2423/2423/2423 2424/2424/2424 
f 2423/2423/2423 2425/2425/2425 2424/2424/2424 
f 2424/2424/2424 2425/2425/2425 2426/2426/2426 
f 2425/2425/2425 2427/2427/2427 2426/2426/2426 
f 2426/2426/2426 2427/2427/2427 2428/2428/2428 
f 2427/2427/2427 2429/2429/2429 2428/2428/2428 
f 2428/2428/2428 2429/2429/2429 2430/2430/2430 
f 2429/2429/2429 2431/2431/2431 2430/2430/2430 
f 2430/2430/2430 2431/2431/2431 2431/2431/2431 
f 2431/2431/2431 2399/2399/2399 2431/2431/2431 
f 2431/2431/2431 2399/2399/2399 2399/2399/2399 
f 2399/2399/2399 2432/2432/2432 2399/2399/2399 
f 2399/2399/2399 2432/2432/2432 2401/2401/2401 
f 2432/2432/2432 2433/2433/2433 2401/2401/2401 
f 2401/2401/2401 2433/2433/2433 2403/2403/2403 
f 2433/2433/2433 2434/2434/2434 2403/2403/2403 
f 2403/2403/2403 2434/2434/2434 2405/2405/2405 
f 2434/2434/2434 2435/2435/2435 2405/2405/2405 
f 2405/2405/2405 2435/2435/2435 2407/2407/2407 
f 2435/2435/2435 2436/2436/2436 2407/2407/2407 
f 2407/2407/2407 2436/2436/2436 2409/2409/2409 
f 2436/2436/2436 2437/2437/2437 2409/2409/2409 
f 2409/2409/2409 2437/2437/2437 2411/2411/2411 
f 2437/2437/2437 2438/2438/2438 2411/2411/2411 
f 2411/2411/2411 2438/2438/2438 2413/2413/2413 
f 2438/2438/2438 2439/2439/2439 2413/2413/2413 
f 2413/2413/2413 2439/2439/2439 2415/2415/2415 
f 2439/2439/2439 2440/2440/2440 2415/2415/2415 
f 2415/2415/2415 2440/2440/2440 2417/2417/2417 
f 2440/2440/2440 2441/2441/2441 2417/2417/2417 
f 2417/2417/2417 2441/2441/2441 2419/2419/2419 
f 2441/2441/2441 2442/2442/2442 2419/2419/2419 
f 2419/2419/2419 2442/2442/2442 2421/2421/2421 
f 2442/2442/2442 2443/2443/2443 2421/2421/2421 
f 2421/2421/2421 2443/2443/2443 2423/2423/2423 
f 2443/2443/2443 2444/2444/2444 2423/2423/2423 
f 2423/2423/2423 2444/2444/2444 2425/2425/2425 
f 2444/2444/2444 2445/2445/2445 2425/2425/2425 
f 2425/2425/2425 2445/2445/2445 2427/2427/2427 
f 2445/2445/2445 2446/2446/2446 2427/2427/2427 
f 2427/2427/2427 2446/2446/2446 2429/2429/2429 
f 2446/2446/2446 2447/2447/2447 2429/2429/2429 
f 2429/2429/2429 2447/2447/2447 2431/2431/2431 
f 2447/2447/2447 2431/2431/2431 2431/2431/2431 
f 2431/2431/2431 2431/2431/2431 2432/2432/2432 
f 2431/2431/2431 2432/2432/2432 2432/2432/2432 
f 2432/2432/2432 2432/2432/2432 2432/2432/2432 
f 2432/2432/2432 2448/2448/2448 2432/2432/2432 
f 2432/2432/2432 2448/2448/2448 2433/2433/2433 
f 2448/2448/2448 2449/2449/2449 2433/2433/2433 
f 2433/2433/2433 2449/2449/2449 2434/2434/2434 
f 2449/2449/2449 2450/2450/2450 2434/2434/2434 
f 2434/2434/2434 2450/2450/2450 2435/2435/2435 
f 2450/2450/2450 2451/2451/2451 2435/2435/2435 
f 2435/2435/2435 2451/2451/2451 2436/2436/2436 
f 2451/2451/2451 2452/2452/2452 2436/2436/2436 
f 2436/2436/2436 2452/2452/2452 2437/2437/2437 
f 2452/2452/2452 2453/2453/2453 2437/2437/2437 
f 2437/2437/2437 2453/2453/2453 2438/2438/2438 
f 2453/2453/2453 2454/2454/2454 2438/2438/2438 
f 2438/2438/2438 2454/2454/2454 2439/2439/2439 
f 2454/2454/2454 2455/2455/2455 2439/2439/2439 
f 2439/2439/2439 2455/2455/2455 2440/2440/2440 
f 2455/2455/2455 2456/2456/2456 2440/2440/2440 
f 2440/2440/2440 2456/2456/2456 2441/2441/2441 
f 2456/2456/2456 2457/2457/2457 2441/2441/2441 
f 2441/2441/2441 2457/2457/2457 2442/2442/2442 
f 2457/2457/2457 2458/2458/2458 2442/2442/2442 
f 2442/2442/2442 2458/2458/2458 2443/2443/2443 
f 2458/2458/2458 2459/2459/2459 2443/2443/2443 
f 2443/2443/2443 2459/2459/2459 2444/2444/2444 
f 2459/2459/2459 2460/2460/2460 2444/2444/2444 
f 2444/2444/2444 2460/2460/2460 2445/2445/2445 
f 2460/2460/2460 2461/2461/2461 2445/2445/2445 
f 2445/2445/2445 2461/2461/2461 2446/2446/2446 
f 2461/2461/2461 2462/2462/2462 2446/2446/2446 
f 2446/2446/2446 2462/2462/2462 2447/2447/2447 
f 2462/2462/2462 2463/2463/2463 2447/2447/2447 
f 2447/2447/2447 2463/2463/2463 2463/2463/2463 
f 2463/2463/2463 2448/2448/2448 2463/2463/2463 
f 2463/2463/2463 2448/2448/2448 2448/2448/2448 
f 2448/2448/2448 2464/2464/2464 2448/2448/2448 
f 2448/2448/2448 2464/2464/2464 2449/2449/2449 
f 2464/2464/2464 2465/2465/2465 2449/2449/2449 
f 2449/2449/2449 2465/2465/2465 2450/2450/2450 
f 2465/2465/2465 2466/2466/2466 2450/2450/2450 
f 2450/2450/2450 2466/2466/2466 2451/2451/2451 
f 2466/2466/2466 2467/2467/2467 2451/2451/2451 
f 2451/2451/2451 2467/2467/2467 2452/2452/2452 
f 2467/2467/2467 2468/2468/2468 2452/2452/2452 
f 2452/2452/2452 2468/2468/2468 2453/2453/2453 
f 2468/2468/2468 2469/2469/2469 2453/2453/2453 
f 2453/2453/2453 2469/2469/2469 2454/2454/2454 
f 2469/2469/2469 2470/2470/2470 2454/2454/2454 
f 2454/2454/2454 2470/2470/2470 2455/2455/2455 
f 2470/2470/2470 2471/2471/2471 2455/2455/2455 
f 2455/2455/2455 2471/2471/2471 2456/2456/2456 
f 2471/2471/2471 2472/2472/2472 2456/2456/2456 
f 2456/2456/2456 2472/2472/2472 2457/2457/2457 
f 2472/2472/2472 2473/2473/2473 2457/2457/2457 
f 2457/2457/2457 2473/2473/2473 2458/2458/2458 
f 2473/2473/2473 2474/2474/2474 2458/2458/2458 
f 2458/2458/2458 2474/2474/2474 2459/2459/2459 
f 2474/2474/2474 2475/2475/2475 2459/2459/2459 
f 2459/2459/2459 2475/2475/2475 2460/2460/2460 
f 2475/2475/2475 2476/2476/2476 2460/2460/2460 
f 2460/2460/2460 2476/2476/2476 2461/2461/2461 
f 2476/2476/2476 2477/2477/2477 2461/2461/2461 
f 2461/2461/2461 2477/2477/2477 2462/2462/2462 
f 2477/2477/2477 2478/2478/2478 2462/2462/2462 
f 2462/2462/2462 2478/2478/2478 2463/2463/2463 
f 2478/2478/2478 2479/2479/2479 2463/2463/2463 
f 2463/2463/2463 2479/2479/2479 2479/2479/2479 
f 2479/2479/2479 2464/2464/2464 2479/2479/2479 
f 2479/2479/2479 2464/2464/2464 2464/2464/2464 
f 2464/2464/2464 2448/2448/2448 2464/2464/2464 
f 2464/2464/2464 2448/2448/2448 2480/2480/2480 
f 2448/2448/2448 2481/2481/2481 2480/2480/2480 
f 2480/2480/2480 2481/2481/2481 2481/2481/2481 
f 2481/2481/2481 2448/2448/2448 2481/2481/2481 
f 2481/2481/2481 2448/2448/2448 2448/2448/2448 
f 2448/2448/2448 2432/2432/2432 2448/2448/2448 
f 2448/2448/2448 2432/2432/2432 2481/2481/2481 
f 2432/2432/2432 2482/2482/2482 2481/2481/2481 
f 2481/2481/2481 2482/2482/2482 2482/2482/2482 
f 2482/2482/2482 2483/2483/2483 2482/2482/2482 
f 2482/2482/2482 2483/2483/2483 2483/2483/2483 
f 2483/2483/2483 2484/2484/2484 2483/2483/2483 
f 2483/2483/2483 2484/2484/2484 2485/2485/2485 
f 2484/2484/2484 2486/2486/2486 2485/2485/2485 
f 2485/2485/2485 2486/2486/2486 2487/2487/2487 
f 2486/2486/2486 2488/2488/2488 2487/2487/2487 
f 2487/2487/2487 2488/2488/2488 2489/2489/2489 
f 2488/2488/2488 2490/2490/2490 2489/2489/2489 
f 2489/2489/2489 2490/2490/2490 2483/2483/2483 
f 2490/2490/2490 2484/2484/2484 2483/2483/2483 
f 2483/2483/2483 2484/2484/2484 2484/2484/2484 
f 2484/2484/2484 2490/2490/2490 2484/2484/2484 
f 2484/2484/2484 2490/2490/2490 2486/2486/2486 
f 2490/2490/2490 2488/2488/2488 2486/2486/2486 
f 2486/2486/2486 2488/2488/2488 2488/2488/2488 
f 2488/2488/2488 2491/2491/2491 2488/2488/2488 
f 2488/2488/2488 2491/2491/2491 2491/2491/2491 
f 2491/2491/2491 2492/2492/2492 2491/2491/2491 
f 2491/2491/2491 2492/2492/2492 2493/2493/2493 
f 2492/2492/2492 2494/2494/2494 2493/2493/2493 
f 2493/2493/2493 2494/2494/2494 2495/2495/2495 
f 2494/2494/2494 2496/2496/2496 2495/2495/2495 
f 2495/2495/2495 2496/2496/2496 2497/2497/2497 
f 2496/2496/2496 2498/2498/2498 2497/2497/2497 
f 2497/2497/2497 2498/2498/2498 2491/2491/2491 
f 2498/2498/2498 2492/2492/2492 2491/2491/2491 
f 2491/2491/2491 2492/2492/2492 2492/2492/2492 
f 2492/2492/2492 2498/2498/2498 2492/2492/2492 
f 2492/2492/2492 2498/2498/2498 2498/2498/2498 
f 2498/2498/2498 2499/2499/2499 2498/2498/2498 
f 2498/2498/2498 2499/2499/2499 2492/2492/2492 
f 2499/2499/2499 2500/2500/2500 2492/2492/2492 
f 2492/2492/2492 2500/2500/2500 2494/2494/2494 
f 2500/2500/2500 2501/2501/2501 2494/2494/2494 
f 2494/2494/2494 2501/2501/2501 2496/2496/2496 
f 2501/2501/2501 2502/2502/2502 2496/2496/2496 
f 2496/2496/2496 2502/2502/2502 2498/2498/2498 
f 2502/2502/2502 2499/2499/2499 2498/2498/2498 
f 2498/2498/2498 2499/2499/2499 2499/2499/2499 
f 2499/2499/2499 2502/2502/2502 2499/2499/2499 
f 2499/2499/2499 2502/2502/2502 2502/2502/2502 
f 2502/2502/2502 2503/2503/2503 2502/2502/2502 
f 2502/2502/2502 2503/2503/2503 2499/2499/2499 
f 2503/2503/2503 2504/2504/2504 2499/2499/2499 
f 2499/2499/2499 2504/2504/2504 2500/2500/2500 
f 2504/2504/2504 2505/2505/2505 2500/2500/2500 
f 2500/2500/2500 2505/2505/2505 2501/2501/2501 
f 2505/2505/2505 2506/2506/2506 2501/2501/2501 
f 2501/2501/2501 2506/2506/2506 2502/2502/2502 
f 2506/2506/2506 2503/2503/2503 2502/2502/2502 
f 2502/2502/2502 2503/2503/2503 2503/2503/2503 
f 2503/2503/2503 2507/2507/2507 2503/2503/2503 
f 2503/2503/2503 2507/2507/2507 2507/2507/2507 
f 2507/2507/2507 2508/2508/2508 2507/2507/2507 
f 2507/2507/2507 2508/2508/2508 2509/2509/2509 
f 2508/2508/2508 2510/2510/2510 2509/2509/2509 
f 2509/2509/2509 2510/2510/2510 2511/2511/2511 
f 2510/2510/2510 2512/2512/2512 2511/2511/2511 
f 2511/2511/2511 2512/2512/2512 2513/2513/2513 
f 2512/2512/2512 2514/2514/2514 2513/2513/2513 
f 2513/2513/2513 2514/2514/2514 2507/2507/2507 
f 2514/2514/2514 2508/2508/2508 2507/2507/2507 
f 2507/2507/2507 2508/2508/2508 2508/2508/2508 
f 2508/2508/2508 2514/2514/2514 2508/2508/2508 
f 2508/2508/2508 2514/2514/2514 2514/2514/2514 
f 2514/2514/2514 2515/2515/2515 2514/2514/2514 
f 2514/2514/2514 2515/2515/2515 2508/2508/2508 
f 2515/2515/2515 2516/2516/2516 2508/2508/2508 
f 2508/2508/2508 2516/2516/2516 2510/2510/2510 
f 2516/2516/2516 2517/2517/2517 2510/2510/2510 
f 2510/2510/2510 2517/2517/2517 2512/2512/2512 
f 2517/2517/2517 2518/2518/2518 2512/2512/2512 
f 2512/2512/2512 2518/2518/2518 2514/2514/2514 
f 2518/2518/2518 2515/2515/2515 2514/2514/2514 
f 2514/2514/2514 2515/2515/2515 2515/2515/2515 
f 2515/2515/2515 2518/2518/2518 2515/2515/2515 
f 2515/2515/2515 2518/2518/2518 2518/2518/2518 
f 2518/2518/2518 2519/2519/2519 2518/2518/2518 
f 2518/2518/2518 2519/2519/2519 2515/2515/2515 
f 2519/2519/2519 2520/2520/2520 2515/2515/2515 
f 2515/2515/2515 2520/2520/2520 2516/2516/2516 
f 2520/2520/2520 2521/2521/2521 2516/2516/2516 
f 2516/2516/2516 2521/2521/2521 2517/2517/2517 
f 2521/2521/2521 2522/2522/2522 2517/2517/2517 
f 2517/2517/2517 2522/2522/2522 2518/2518/2518 
f 2522/2522/2522 2519/2519/2519 2518/2518/2518 
f 2518/2518/2518 2519/2519/2519 2519/2519/2519 
f 2519/2519/2519 2522/2522/2522 2519/2519/2519 
f 2519/2519/2519 2522/2522/2522 2520/2520/2520 
f 2522/2522/2522 2521/2521/2521 2520/2520/2520 
f 2520/2520/2520 2521/2521/2521 2521/2521/2521 
f 2521/2521/2521 2523/2523/2523 2521/2521/2521 
f 2521/2521/2521 2523/2523/2523 2523/2523/2523 
f 2523/2523/2523 2524/2524/2524 2523/2523/2523 
f 2523/2523/2523 2524/2524/2524 2525/2525/2525 
f 2524/2524/2524 2526/2526/2526 2525/2525/2525 
f 2525/2525/2525 2526/2526/2526 2527/2527/2527 
f 2526/2526/2526 2528/2528/2528 2527/2527/2527 
f 2527/2527/2527 2528/2528/2528 2529/2529/2529 
f 2528/2528/2528 2530/2530/2530 2529/2529/2529 
f 2529/2529/2529 2530/2530/2530 2531/2531/2531 
f 2530/2530/2530 2532/2532/2532 2531/2531/2531 
f 2531/2531/2531 2532/2532/2532 2533/2533/2533 
f 2532/2532/2532 2534/2534/2534 2533/2533/2533 
f 2533/2533/2533 2534/2534/2534 2535/2535/2535 
f 2534/2534/2534 2536/2536/2536 2535/2535/2535 
f 2535/2535/2535 2536/2536/2536 2523/2523/2523 
f 2536/2536/2536 2524/2524/2524 2523/2523/2523 
f 2523/2523/2523 2524/2524/2524 2524/2524/2524 
f 2524/2524/2524 2536/2536/2536 2524/2524/2524 
f 2524/2524/2524 2536/2536/2536 2536/2536/2536 
f 2536/2536/2536 2537/2537/2537 2536/2536/2536 
f 2536/2536/2536 2537/2537/2537 2524/2524/2524 
f 2537/2537/2537 2538/2538/2538 2524/2524/2524 
f 2524/2524/2524 2538/2538/2538 2526/2526/2526 
f 2538/2538/2538 2539/2539/2539 2526/2526/2526 
f 2526/2526/2526 2539/2539/2539 2528/2528/2528 
f 2539/2539/2539 2540/2540/2540 2528/2528/2528 
f 2528/2528/2528 2540/2540/2540 2530/2530/2530 
f 2540/2540/2540 2541/2541/2541 2530/2530/2530 
f 2530/2530/2530 2541/2541/2541 2532/2532/2532 
f 2541/2541/2541 2542/2542/2542 2532/2532/2532 
f 2532/2532/2532 2542/2542/2542 2534/2534/2534 
f 2542/2542/2542 2543/2543/2543 2534/2534/2534 
f 2534/2534/2534 2543/2543/2543 2536/2536/2536 
f 2543/2543/2543 2537/2537/2537 2536/2536/2536 
f 2536/2536/2536 2537/2537/2537 2537/2537/2537 
f 2537/2537/2537 2543/2543/2543 2537/2537/2537 
f 2537/2537/2537 2543/2543/2543 2543/2543/2543 
f 2543/2543/2543 2544/2544/2544 2543/2543/2543 
f 2543/2543/2543 2544/2544/2544 2537/2537/2537 
f 2544/2544/2544 2545/2545/2545 2537/2537/2537 
f 2537/2537/2537 2545/2545/2545 2538/2538/2538 
f 2545/2545/2545 2546/2546/2546 2538/2538/2538 
f 2538/2538/2538 2546/2546/2546 2539/2539/2539 
f 2546/2546/2546 2547/2547/2547 2539/2539/2539 
f 2539/2539/2539 2547/2547/2547 2540/2540/2540 
f 2547/2547/2547 2548/2548/2548 2540/2540/2540 
f 2540/2540/2540 2548/2548/2548 2541/2541/2541 
f 2548/2548/2548 2549/2549/2549 2541/2541/2541 
f 2541/2541/2541 2549/2549/2549 2542/2542/2542 
f 2549/2549/2549 2550/2550/2550 2542/2542/2542 
f 2542/2542/2542 2550/2550/2550 2543/2543/2543 
f 2550/2550/2550 2544/2544/2544 2543/2543/2543 
f 2543/2543/2543 2544/2544/2544 2544/2544/2544 
f 2544/2544/2544 2551/2551/2551 2544/2544/2544 
f 2544/2544/2544 2551/2551/2551 2551/2551/2551 
f 2551/2551/2551 2552/2552/2552 2551/2551/2551 
f 2551/2551/2551 2552/2552/2552 2553/2553/2553 
f 2552/2552/2552 2554/2554/2554 2553/2553/2553 
f 2553/2553/2553 2554/2554/2554 2555/2555/2555 
f 2554/2554/2554 2556/2556/2556 2555/2555/2555 
f 2555/2555/2555 2556/2556/2556 2557/2557/2557 
f 2556/2556/2556 2558/2558/2558 2557/2557/2557 
f 2557/2557/2557 2558/2558/2558 2559/2559/2559 
f 2558/2558/2558 2560/2560/2560 2559/2559/2559 
f 2559/2559/2559 2560/2560/2560 2561/2561/2561 
f 2560/2560/2560 2562/2562/2562 2561/2561/2561 
f 2561/2561/2561 2562/2562/2562 2563/2563/2563 
f 2562/2562/2562 2564/2564/2564 2563/2563/2563 
f 2563/2563/2563 2564/2564/2564 2565/2565/2565 
f 2564/2564/2564 2566/2566/2566 2565/2565/2565 
f 2565/2565/2565 2566/2566/2566 2567/2567/2567 
f 2566/2566/2566 2568/2568/2568 2567/2567/2567 
f 2567/2567/2567 2568/2568/2568 2569/2569/2569 
f 2568/2568/2568 2570/2570/2570 2569/2569/2569 
f 2569/2569/2569 2570/2570/2570 2571/2571/2571 
f 2570/2570/2570 2572/2572/2572 2571/2571/2571 
f 2571/2571/2571 2572/2572/2572 2573/2573/2573 
f 2572/2572/2572 2574/2574/2574 2573/2573/2573 
f 2573/2573/2573 2574/2574/2574 2575/2575/2575 
f 2574/2574/2574 2576/2576/2576 2575/2575/2575 
f 2575/2575/2575 2576/2576/2576 2577/2577/2577 
f 2576/2576/2576 2578/2578/2578 2577/2577/2577 
f 2577/2577/2577 2578/2578/2578 2579/2579/2579 
f 2578/2578/2578 2580/2580/2580 2579/2579/2579 
f 2579/2579/2579 2580/2580/2580 2581/2581/2581 
f 2580/2580/2580 2582/2582/2582 2581/2581/2581 
f 2581/2581/2581 2582/2582/2582 2583/2583/2583 
f 2582/2582/2582 2584/2584/2584 2583/2583/2583 
f 2583/2583/2583 2584/2584/2584 2585/2585/2585 
f 2584/2584/2584 2586/2586/2586 2585/2585/2585 
f 2585/2585/2585 2586/2586/2586 2551/2551/2551 
f 2586/2586/2586 2552/2552/2552 2551/2551/2551 
f 2551/2551/2551 2552/2552/2552 2552/2552/2552 
f 2552/2552/2552 2587/2587/2587 2552/2552/2552 
f 2552/2552/2552 2587/2587/2587 2587/2587/2587 
f 2587/2587/2587 2588/2588/2588 2587/2587/2587 
f 2587/2587/2587 2588/2588/2588 2589/2589/2589 
f 2588/2588/2588 2590/2590/2590 2589/2589/2589 
f 2589/2589/2589 2590/2590/2590 2591/2591/2591 
f 2590/2590/2590 2592/2592/2592 2591/2591/2591 
f 2591/2591/2591 2592/2592/2592 2593/2593/2593 
f 2592/2592/2592 2594/2594/2594 2593/2593/2593 
f 2593/2593/2593 2594/2594/2594 2595/2595/2595 
f 2594/2594/2594 2596/2596/2596 2595/2595/2595 
f 2595/2595/2595 2596/2596/2596 2597/2597/2597 
f 2596/2596/2596 2598/2598/2598 2597/2597/2597 
f 2597/2597/2597 2598/2598/2598 2599/2599/2599 
f 2598/2598/2598 2600/2600/2600 2599/2599/2599 
f 2599/2599/2599 2600/2600/2600 2601/2601/2601 
f 2600/2600/2600 2602/2602/2602 2601/2601/2601 
f 2601/2601/2601 2602/2602/2602 2587/2587/2587 
f 2602/2602/2602 2588/2588/2588 2587/2587/2587 
f 2587/2587/2587 2588/2588/2588 2588/2588/2588 
f 2588/2588/2588 2602/2602/2602 2588/2588/2588 
f 2588/2588/2588 2602/2602/2602 2602/2602/2602 
f 2602/2602/2602 2603/2603/2603 2602/2602/2602 
f 2602/2602/2602 2603/2603/2603 2588/2588/2588 
f 2603/2603/2603 2604/2604/2604 2588/2588/2588 
f 2588/2588/2588 2604/2604/2604 2590/2590/2590 
f 2604/2604/2604 2605/2605/2605 2590/2590/2590 
f 2590/2590/2590 2605/2605/2605 2592/2592/2592 
f 2605/2605/2605 2606/2606/2606 2592/2592/2592 
f 2592/2592/2592 2606/2606/2606 2594/2594/2594 
f 2606/2606/2606 2607/2607/2607 2594/2594/2594 
f 2594/2594/2594 2607/2607/2607 2596/2596/2596 
f 2607/2607/2607 2608/2608/2608 2596/2596/2596 
f 2596/2596/2596 2608/2608/2608 2598/2598/2598 
f 2608/2608/2608 2609/2609/2609 2598/2598/2598 
f 2598/2598/2598 2609/2609/2609 2600/2600/2600 
f 2609/2609/2609 2610/2610/2610 2600/2600/2600 
f 2600/2600/2600 2610/2610/2610 2602/2602/2602 
f 2610/2610/2610 2603/2603/2603 2602/2602/2602 
f 2602/2602/2602 2603/2603/2603 2603/2603/2603 
f 2603/2603/2603 2608/2608/2608 2603/2603/2603 
f 2603/2603/2603 2608/2608/2608 2608/2608/2608 
f 2608/2608/2608 2606/2606/2606 2608/2608/2608 
f 2608/2608/2608 2606/2606/2606 2609/2609/2609 
f 2606/2606/2606 2605/2605/2605 2609/2609/2609 
f 2609/2609/2609 2605/2605/2605 2610/2610/2610 
f 2605/2605/2605 2604/2604/2604 2610/2610/2610 
f 2610/2610/2610 2604/2604/2604 2603/2603/2603 
f 2604/2604/2604 2603/2603/2603 2603/2603/2603 
f 2603/2603/2603 2603/2603/2603 2611/2611/2611 
f 2603/2603/2603 2611/2611/2611 2611/2611/2611 
f 2611/2611/2611 2611/2611/2611 2611/2611/2611 
f 2611/2611/2611 2612/2612/2612 2611/2611/2611 
f 2611/2611/2611 2612/2612/2612 2613/2613/2613 
f 2612/2612/2612 2614/2614/2614 2613/2613/2613 
f 2613/2613/2613 2614/2614/2614 2615/2615/2615 
f 2614/2614/2614 2616/2616/2616 2615/2615/2615 
f 2615/2615/2615 2616/2616/2616 2617/2617/2617 
f 2616/2616/2616 2618/2618/2618 2617/2617/2617 
f 2617/2617/2617 2618/2618/2618 2619/2619/2619 
f 2618/2618/2618 2620/2620/2620 2619/2619/2619 
f 2619/2619/2619 2620/2620/2620 2621/2621/2621 
f 2620/2620/2620 2622/2622/2622 2621/2621/2621 
f 2621/2621/2621 2622/2622/2622 2623/2623/2623 
f 2622/2622/2622 2624/2624/2624 2623/2623/2623 
f 2623/2623/2623 2624/2624/2624 2611/2611/2611 
f 2624/2624/2624 2612/2612/2612 2611/2611/2611 
f 2611/2611/2611 2612/2612/2612 2612/2612/2612 
f 2612/2612/2612 2624/2624/2624 2612/2612/2612 
f 2612/2612/2612 2624/2624/2624 2624/2624/2624 
f 2624/2624/2624 2625/2625/2625 2624/2624/2624 
f 2624/2624/2624 2625/2625/2625 2612/2612/2612 
f 2625/2625/2625 2626/2626/2626 2612/2612/2612 
f 2612/2612/2612 2626/2626/2626 2614/2614/2614 
f 2626/2626/2626 2627/2627/2627 2614/2614/2614 
f 2614/2614/2614 2627/2627/2627 2616/2616/2616 
f 2627/2627/2627 2628/2628/2628 2616/2616/2616 
f 2616/2616/2616 2628/2628/2628 2618/2618/2618 
f 2628/2628/2628 2629/2629/2629 2618/2618/2618 
f 2618/2618/2618 2629/2629/2629 2620/2620/2620 
f 2629/2629/2629 2630/2630/2630 2620/2620/2620 
f 2620/2620/2620 2630/2630/2630 2622/2622/2622 
f 2630/2630/2630 2631/2631/2631 2622/2622/2622 
f 2622/2622/2622 2631/2631/2631 2624/2624/2624 
f 2631/2631/2631 2625/2625/2625 2624/2624/2624 
f 2624/2624/2624 2625/2625/2625 2625/2625/2625 
f 2625/2625/2625 2631/2631/2631 2625/2625/2625 
f 2625/2625/2625 2631/2631/2631 2631/2631/2631 
f 2631/2631/2631 2632/2632/2632 2631/2631/2631 
f 2631/2631/2631 2632/2632/2632 2625/2625/2625 
f 2632/2632/2632 2633/2633/2633 2625/2625/2625 
f 2625/2625/2625 2633/2633/2633 2626/2626/2626 
f 2633/2633/2633 2634/2634/2634 2626/2626/2626 
f 2626/2626/2626 2634/2634/2634 2627/2627/2627 
f 2634/2634/2634 2635/2635/2635 2627/2627/2627 
f 2627/2627/2627 2635/2635/2635 2628/2628/2628 
f 2635/2635/2635 2636/2636/2636 2628/2628/2628 
f 2628/2628/2628 2636/2636/2636 2629/2629/2629 
f 2636/2636/2636 2637/2637/2637 2629/2629/2629 
f 2629/2629/2629 2637/2637/2637 2630/2630/2630 
f 2637/2637/2637 2638/2638/2638 2630/2630/2630 
f 2630/2630/2630 2638/2638/2638 2631/2631/2631 
f 2638/2638/2638 2632/2632/2632 2631/2631/2631 
f 2631/2631/2631 2632/2632/2632 2632/2632/2632 
f 2632/2632/2632 2639/2639/2639 2632/2632/2632 
f 2632/2632/2632 2639/2639/2639 2639/2639/2639 
f 2639/2639/2639 2640/2640/2640 2639/2639/2639 
f 2639/2639/2639 2640/2640/2640 2641/2641/2641 
f 2640/2640/2640 2642/2642/2642 2641/2641/2641 
f 2641/2641/2641 2642/2642/2642 2643/2643/2643 
f 2642/2642/2642 2644/2644/2644 2643/2643/2643 
f 2643/2643/2643 2644/2644/2644 2645/2645/2645 
f 2644/2644/2644 2646/2646/2646 2645/2645/2645 
f 2645/2645/2645 2646/2646/2646 2647/2647/2647 
f 2646/2646/2646 2648/2648/2648 2647/2647/2647 
f 2647/2647/2647 2648/2648/2648 2649/2649/2649 
f 2648/2648/2648 2642/2642/2642 2649/2649/2649 
f 2649/2649/2649 2642/2642/2642 2650/2650/2650 
f 2642/2642/2642 2640/2640/2640 2650/2650/2650 
f 2650/2650/2650 2640/2640/2640 2640/2640/2640 
f 2640/2640/2640 2639/2639/2639 2640/2640/2640 
f 2640/2640/2640 2639/2639/2639 2639/2639/2639 
f 2639/2639/2639 2641/2641/2641 2639/2639/2639 
f 2639/2639/2639 2641/2641/2641 2651/2651/2651 
f 2641/2641/2641 2643/2643/2643 2651/2651/2651 
f 2651/2651/2651 2643/2643/2643 2652/2652/2652 
f 2643/2643/2643 2653/2653/2653 2652/2652/2652 
f 2652/2652/2652 2653/2653/2653 2651/2651/2651 
f 2653/2653/2653 2639/2639/2639 2651/2651/2651 
f 2651/2651/2651 2639/2639/2639 2639/2639/2639 
f 2639/2639/2639 2653/2653/2653 2639/2639/2639 
f 2639/2639/2639 2653/2653/2653 2653/2653/2653 
f 2653/2653/2653 2643/2643/2643 2653/2653/2653 
f 2653/2653/2653 2643/2643/2643 2654/2654/2654 
f 2643/2643/2643 2655/2655/2655 2654/2654/2654 
f 2654/2654/2654 2655/2655/2655 2656/2656/2656 
f 2655/2655/2655 2657/2657/2657 2656/2656/2656 
f 2656/2656/2656 2657/2657/2657 2657/2657/2657 
f 2657/2657/2657 2655/2655/2655 2657/2657/2657 
f 2657/2657/2657 2655/2655/2655 2655/2655/2655 
f 2655/2655/2655 2643/2643/2643 2655/2655/2655 
f 2655/2655/2655 2643/2643/2643 2658/2658/2658 
f 2643/2643/2643 2645/2645/2645 2658/2658/2658 
f 2658/2658/2658 2645/2645/2645 2657/2657/2657 
f 2645/2645/2645 2659/2659/2659 2657/2657/2657 
f 2657/2657/2657 2659/2659/2659 2659/2659/2659 
f 2659/2659/2659 2645/2645/2645 2659/2659/2659 
f 2659/2659/2659 2645/2645/2645 2660/2660/2660 
f 2645/2645/2645 2647/2647/2647 2660/2660/2660 
f 2660/2660/2660 2647/2647/2647 2661/2661/2661 
f 2647/2647/2647 2662/2662/2662 2661/2661/2661 
f 2661/2661/2661 2662/2662/2662 2663/2663/2663 
f 2662/2662/2662 2664/2664/2664 2663/2663/2663 
f 2663/2663/2663 2664/2664/2664 2664/2664/2664 
f 2664/2664/2664 2662/2662/2662 2664/2664/2664 
f 2664/2664/2664 2662/2662/2662 2662/2662/2662 
f 2662/2662/2662 2665/2665/2665 2662/2662/2662 
f 2662/2662/2662 2665/2665/2665 2664/2664/2664 
f 2665/2665/2665 2647/2647/2647 2664/2664/2664 
f 2664/2664/2664 2647/2647/2647 2666/2666/2666 
f 2647/2647/2647 2649/2649/2649 2666/2666/2666 
f 2666/2666/2666 2649/2649/2649 2649/2649/2649 
f 2649/2649/2649 2642/2642/2642 2649/2649/2649 
f 2649/2649/2649 2642/2642/2642 2642/2642/2642 
f 2642/2642/2642 2648/2648/2648 2642/2642/2642 
f 2642/2642/2642 2648/2648/2648 2644/2644/2644 
f 2648/2648/2648 2646/2646/2646 2644/2644/2644 
f 2644/2644/2644 2646/2646/2646 2646/2646/2646 
f 2646/2646/2646 2663/2663/2663 2646/2646/2646 
f 2646/2646/2646 2663/2663/2663 2663/2663/2663 
f 2663/2663/2663 2667/2667/2667 2663/2663/2663 
f 2663/2663/2663 2667/2667/2667 2661/2661/2661 
f 2667/2667/2667 2660/2660/2660 2661/2661/2661 
f 2661/2661/2661 2660/2660/2660 2660/2660/2660 
f 2660/2660/2660 2667/2667/2667 2660/2660/2660 
f 2660/2660/2660 2667/2667/2667 2667/2667/2667 
f 2667/2667/2667 2668/2668/2668 2667/2667/2667 
f 2667/2667/2667 2668/2668/2668 2660/2660/2660 
f 2668/2668/2668 2659/2659/2659 2660/2660/2660 
f 2660/2660/2660 2659/2659/2659 2659/2659/2659 
f 2659/2659/2659 2669/2669/2669 2659/2659/2659 
f 2659/2659/2659 2669/2669/2669 2669/2669/2669 
f 2669/2669/2669 2670/2670/2670 2669/2669/2669 
f 2669/2669/2669 2670/2670/2670 2671/2671/2671 
f 2670/2670/2670 2672/2672/2672 2671/2671/2671 
f 2671/2671/2671 2672/2672/2672 2673/2673/2673 
f 2672/2672/2672 2670/2670/2670 2673/2673/2673 
f 2673/2673/2673 2670/2670/2670 2674/2674/2674 
f 2670/2670/2670 2669/2669/2669 2674/2674/2674 
f 2674/2674/2674 2669/2669/2669 2675/2675/2675 
f 2669/2669/2669 2675/2675/2675 2675/2675/2675 
f 2675/2675/2675 2675/2675/2675 2674/2674/2674 
f 2675/2675/2675 2674/2674/2674 2674/2674/2674 
f 2674/2674/2674 2674/2674/2674 2674/2674/2674 
f 2674/2674/2674 2676/2676/2676 2674/2674/2674 
f 2674/2674/2674 2676/2676/2676 2673/2673/2673 
f 2676/2676/2676 2677/2677/2677 2673/2673/2673 
f 2673/2673/2673 2677/2677/2677 2678/2678/2678 
f 2677/2677/2677 2679/2679/2679 2678/2678/2678 
f 2678/2678/2678 2679/2679/2679 2680/2680/2680 
f 2679/2679/2679 2681/2681/2681 2680/2680/2680 
f 2680/2680/2680 2681/2681/2681 2682/2682/2682 
f 2681/2681/2681 2676/2676/2676 2682/2682/2682 
f 2682/2682/2682 2676/2676/2676 2683/2683/2683 
f 2676/2676/2676 2675/2675/2675 2683/2683/2683 
f 2683/2683/2683 2675/2675/2675 2675/2675/2675 
f 2675/2675/2675 2676/2676/2676 2675/2675/2675 
f 2675/2675/2675 2676/2676/2676 2676/2676/2676 
f 2676/2676/2676 2681/2681/2681 2676/2676/2676 
f 2676/2676/2676 2681/2681/2681 2677/2677/2677 
f 2681/2681/2681 2679/2679/2679 2677/2677/2677 
f 2677/2677/2677 2679/2679/2679 2679/2679/2679 
f 2679/2679/2679 2671/2671/2671 2679/2679/2679 
f 2679/2679/2679 2671/2671/2671 2671/2671/2671 
f 2671/2671/2671 2673/2673/2673 2671/2671/2671 
f 2671/2671/2671 2673/2673/2673 2684/2684/2684 
f 2673/2673/2673 2685/2685/2685 2684/2684/2684 
f 2684/2684/2684 2685/2685/2685 2686/2686/2686 
f 2685/2685/2685 2687/2687/2687 2686/2686/2686 
f 2686/2686/2686 2687/2687/2687 2687/2687/2687 
f 2687/2687/2687 2685/2685/2685 2687/2687/2687 
f 2687/2687/2687 2685/2685/2685 2685/2685/2685 
f 2685/2685/2685 2673/2673/2673 2685/2685/2685 
f 2685/2685/2685 2673/2673/2673 2688/2688/2688 
f 2673/2673/2673 2678/2678/2678 2688/2688/2688 
f 2688/2688/2688 2678/2678/2678 2687/2687/2687 
f 2678/2678/2678 2689/2689/2689 2687/2687/2687 
f 2687/2687/2687 2689/2689/2689 2689/2689/2689 
f 2689/2689/2689 2678/2678/2678 2689/2689/2689 
f 2689/2689/2689 2678/2678/2678 2690/2690/2690 
f 2678/2678/2678 2680/2680/2680 2690/2690/2690 
f 2690/2690/2690 2680/2680/2680 2691/2691/2691 
f 2680/2680/2680 2692/2692/2692 2691/2691/2691 
f 2691/2691/2691 2692/2692/2692 2693/2693/2693 
f 2692/2692/2692 2694/2694/2694 2693/2693/2693 
f 2693/2693/2693 2694/2694/2694 2694/2694/2694 
f 2694/2694/2694 2692/2692/2692 2694/2694/2694 
f 2694/2694/2694 2692/2692/2692 2692/2692/2692 
f 2692/2692/2692 2695/2695/2695 2692/2692/2692 
f 2692/2692/2692 2695/2695/2695 2694/2694/2694 
f 2695/2695/2695 2680/2680/2680 2694/2694/2694 
f 2694/2694/2694 2680/2680/2680 2696/2696/2696 
f 2680/2680/2680 2682/2682/2682 2696/2696/2696 
f 2696/2696/2696 2682/2682/2682 2682/2682/2682 
f 2682/2682/2682 2689/2689/2689 2682/2682/2682 
f 2682/2682/2682 2689/2689/2689 2689/2689/2689 
f 2689/2689/2689 2690/2690/2690 2689/2689/2689 
f 2689/2689/2689 2690/2690/2690 2697/2697/2697 
f 2690/2690/2690 2698/2698/2698 2697/2697/2697 
f 2697/2697/2697 2698/2698/2698 2698/2698/2698 
f 2698/2698/2698 2690/2690/2690 2698/2698/2698 
f 2698/2698/2698 2690/2690/2690 2690/2690/2690 
f 2690/2690/2690 2691/2691/2691 2690/2690/2690 
f 2690/2690/2690 2691/2691/2691 2698/2698/2698 
f 2691/2691/2691 2693/2693/2693 2698/2698/2698 
f 2698/2698/2698 2693/2693/2693 2693/2693/2693 
f 2693/2693/2693 2699/2699/2699 2693/2693/2693 
f 2693/2693/2693 2699/2699/2699 2699/2699/2699 
f 2699/2699/2699 2700/2700/2700 2699/2699/2699 
f 2699/2699/2699 2700/2700/2700 2701/2701/2701 
f 2700/2700/2700 2702/2702/2702 2701/2701/2701 
f 2701/2701/2701 2702/2702/2702 2703/2703/2703 
f 2702/2702/2702 2704/2704/2704 2703/2703/2703 
f 2703/2703/2703 2704/2704/2704 2705/2705/2705 
f 2704/2704/2704 2706/2706/2706 2705/2705/2705 
f 2705/2705/2705 2706/2706/2706 2699/2699/2699 
f 2706/2706/2706 2700/2700/2700 2699/2699/2699 
f 2699/2699/2699 2700/2700/2700 2700/2700/2700 
f 2700/2700/2700 2706/2706/2706 2700/2700/2700 
f 2700/2700/2700 2706/2706/2706 2702/2702/2702 
f 2706/2706/2706 2704/2704/2704 2702/2702/2702 
f 2702/2702/2702 2704/2704/2704 2704/2704/2704 
f 2704/2704/2704 2707/2707/2707 2704/2704/2704 
f 2704/2704/2704 2707/2707/2707 2707/2707/2707 
f 2707/2707/2707 2708/2708/2708 2707/2707/2707 
f 2707/2707/2707 2708/2708/2708 2709/2709/2709 
f 2708/2708/2708 2710/2710/2710 2709/2709/2709 
f 2709/2709/2709 2710/2710/2710 2711/2711/2711 
f 2710/2710/2710 2712/2712/2712 2711/2711/2711 
f 2711/2711/2711 2712/2712/2712 2713/2713/2713 
f 2712/2712/2712 2714/2714/2714 2713/2713/2713 
f 2713/2713/2713 2714/2714/2714 2707/2707/2707 
f 2714/2714/2714 2708/2708/2708 2707/2707/2707 
f 2707/2707/2707 2708/2708/2708 2708/2708/2708 
f 2708/2708/2708 2714/2714/2714 2708/2708/2708 
f 2708/2708/2708 2714/2714/2714 2714/2714/2714 
f 2714/2714/2714 2715/2715/2715 2714/2714/2714 
f 2714/2714/2714 2715/2715/2715 2708/2708/2708 
f 2715/2715/2715 2716/2716/2716 2708/2708/2708 
f 2708/2708/2708 2716/2716/2716 2710/2710/2710 
f 2716/2716/2716 2717/2717/2717 2710/2710/2710 
f 2710/2710/2710 2717/2717/2717 2712/2712/2712 
f 2717/2717/2717 2718/2718/2718 2712/2712/2712 
f 2712/2712/2712 2718/2718/2718 2714/2714/2714 
f 2718/2718/2718 2715/2715/2715 2714/2714/2714 
f 2714/2714/2714 2715/2715/2715 2715/2715/2715 
f 2715/2715/2715 2718/2718/2718 2715/2715/2715 
f 2715/2715/2715 2718/2718/2718 2718/2718/2718 
f 2718/2718/2718 2719/2719/2719 2718/2718/2718 
f 2718/2718/2718 2719/2719/2719 2715/2715/2715 
f 2719/2719/2719 2720/2720/2720 2715/2715/2715 
f 2715/2715/2715 2720/2720/2720 2716/2716/2716 
f 2720/2720/2720 2721/2721/2721 2716/2716/2716 
f 2716/2716/2716 2721/2721/2721 2717/2717/2717 
f 2721/2721/2721 2722/2722/2722 2717/2717/2717 
f 2717/2717/2717 2722/2722/2722 2718/2718/2718 
f 2722/2722/2722 2719/2719/2719 2718/2718/2718 
f 2718/2718/2718 2719/2719/2719 2719/2719/2719 
f 2719/2719/2719 2722/2722/2722 2719/2719/2719 
f 2719/2719/2719 2722/2722/2722 2720/2720/2720 
f 2722/2722/2722 2721/2721/2721 2720/2720/2720 
f 2720/2720/2720 2721/2721/2721 2721/2721/2721 
f 2721/2721/2721 2723/2723/2723 2721/2721/2721 
f 2721/2721/2721 2723/2723/2723 2723/2723/2723 
f 2723/2723/2723 2724/2724/2724 2723/2723/2723 
f 2723/2723/2723 2724/2724/2724 2725/2725/2725 
f 2724/2724/2724 2726/2726/2726 2725/2725/2725 
f 2725/2725/2725 2726/2726/2726 2727/2727/2727 
f 2726/2726/2726 2728/2728/2728 2727/2727/2727 
f 2727/2727/2727 2728/2728/2728 2729/2729/2729 
f 2728/2728/2728 2730/2730/2730 2729/2729/2729 
f 2729/2729/2729 2730/2730/2730 2731/2731/2731 
f 2730/2730/2730 2732/2732/2732 2731/2731/2731 
f 2731/2731/2731 2732/2732/2732 2733/2733/2733 
f 2732/2732/2732 2734/2734/2734 2733/2733/2733 
f 2733/2733/2733 2734/2734/2734 2735/2735/2735 
f 2734/2734/2734 2736/2736/2736 2735/2735/2735 
f 2735/2735/2735 2736/2736/2736 2737/2737/2737 
f 2736/2736/2736 2738/2738/2738 2737/2737/2737 
f 2737/2737/2737 2738/2738/2738 2723/2723/2723 
f 2738/2738/2738 2724/2724/2724 2723/2723/2723 
f 2723/2723/2723 2724/2724/2724 2724/2724/2724 
f 2724/2724/2724 2738/2738/2738 2724/2724/2724 
f 2724/2724/2724 2738/2738/2738 2738/2738/2738 
f 2738/2738/2738 2739/2739/2739 2738/2738/2738 
f 2738/2738/2738 2739/2739/2739 2724/2724/2724 
f 2739/2739/2739 2740/2740/2740 2724/2724/2724 
f 2724/2724/2724 2740/2740/2740 2726/2726/2726 
f 2740/2740/2740 2741/2741/2741 2726/2726/2726 
f 2726/2726/2726 2741/2741/2741 2728/2728/2728 
f 2741/2741/2741 2742/2742/2742 2728/2728/2728 
f 2728/2728/2728 2742/2742/2742 2730/2730/2730 
f 2742/2742/2742 2743/2743/2743 2730/2730/2730 
f 2730/2730/2730 2743/2743/2743 2732/2732/2732 
f 2743/2743/2743 2744/2744/2744 2732/2732/2732 
f 2732/2732/2732 2744/2744/2744 2734/2734/2734 
f 2744/2744/2744 2745/2745/2745 2734/2734/2734 
f 2734/2734/2734 2745/2745/2745 2736/2736/2736 
f 2745/2745/2745 2746/2746/2746 2736/2736/2736 
f 2736/2736/2736 2746/2746/2746 2738/2738/2738 
f 2746/2746/2746 2739/2739/2739 2738/2738/2738 
f 2738/2738/2738 2739/2739/2739 2739/2739/2739 
f 2739/2739/2739 2745/2745/2745 2739/2739/2739 
f 2739/2739/2739 2745/2745/2745 2745/2745/2745 
f 2745/2745/2745 2744/2744/2744 2745/2745/2745 
f 2745/2745/2745 2744/2744/2744 2746/2746/2746 
f 2744/2744/2744 2743/2743/2743 2746/2746/2746 
f 2746/2746/2746 2743/2743/2743 2739/2739/2739 
f 2743/2743/2743 2742/2742/2742 2739/2739/2739 
f 2739/2739/2739 2742/2742/2742 2740/2740/2740 
f 2742/2742/2742 2741/2741/2741 2740/2740/2740 
f 2740/2740/2740 2741/2741/2741 2741/2741/2741 
f 2741/2741/2741 2747/2747/2747 2741/2741/2741 
f 2741/2741/2741 2747/2747/2747 2747/2747/2747 
f 2747/2747/2747 2748/2748/2748 2747/2747/2747 
f 2747/2747/2747 2748/2748/2748 2749/2749/2749 
f 2748/2748/2748 2750/2750/2750 2749/2749/2749 
f 2749/2749/2749 2750/2750/2750 2751/2751/2751 
f 2750/2750/2750 2752/2752/2752 2751/2751/2751 
f 2751/2751/2751 2752/2752/2752 2753/2753/2753 
f 2752/2752/2752 2754/2754/2754 2753/2753/2753 
f 2753/2753/2753 2754/2754/2754 2754/2754/2754 
f 2754/2754/2754 2747/2747/2747 2754/2754/2754 
f 2754/2754/2754 2747/2747/2747 2747/2747/2747 
f 2747/2747/2747 2749/2749/2749 2747/2747/2747 
f 2747/2747/2747 2749/2749/2749 2755/2755/2755 
f 2749/2749/2749 2751/2751/2751 2755/2755/2755 
f 2755/2755/2755 2751/2751/2751 2753/2753/2753 
f 2751/2751/2751 2753/2753/2753 2753/2753/2753 
f 2753/2753/2753 2753/2753/2753 2753/2753/2753 
f 2753/2753/2753 2756/2756/2756 2753/2753/2753 
f 2753/2753/2753 2756/2756/2756 2755/2755/2755 
f 2756/2756/2756 2757/2757/2757 2755/2755/2755 
f 2755/2755/2755 2757/2757/2757 2758/2758/2758 
f 2757/2757/2757 2758/2758/2758 2758/2758/2758 
f 2758/2758/2758 2758/2758/2758 2748/2748/2748 
f 2758/2758/2758 2748/2748/2748 2748/2748/2748 
f 2748/2748/2748 2748/2748/2748 2748/2748/2748 
f 2748/2748/2748 2759/2759/2759 2748/2748/2748 
f 2748/2748/2748 2759/2759/2759 2750/2750/2750 
f 2759/2759/2759 2760/2760/2760 2750/2750/2750 
f 2750/2750/2750 2760/2760/2760 2761/2761/2761 
f 2760/2760/2760 2762/2762/2762 2761/2761/2761 
f 2761/2761/2761 2762/2762/2762 2763/2763/2763 
f 2762/2762/2762 2764/2764/2764 2763/2763/2763 
f 2763/2763/2763 2764/2764/2764 2764/2764/2764 
f 2764/2764/2764 2759/2759/2759 2764/2764/2764 
f 2764/2764/2764 2759/2759/2759 2759/2759/2759 
f 2759/2759/2759 2765/2765/2765 2759/2759/2759 
f 2759/2759/2759 2765/2765/2765 2760/2760/2760 
f 2765/2765/2765 2762/2762/2762 2760/2760/2760 
f 2760/2760/2760 2762/2762/2762 2762/2762/2762 
f 2762/2762/2762 2765/2765/2765 2762/2762/2762 
f 2762/2762/2762 2765/2765/2765 2765/2765/2765 
f 2765/2765/2765 2766/2766/2766 2765/2765/2765 
f 2765/2765/2765 2766/2766/2766 2762/2762/2762 
f 2766/2766/2766 2767/2767/2767 2762/2762/2762 
f 2762/2762/2762 2767/2767/2767 2764/2764/2764 
f 2767/2767/2767 2764/2764/2764 2764/2764/2764 
f 2764/2764/2764 2764/2764/2764 2754/2754/2754 
f 2764/2764/2764 2754/2754/2754 2754/2754/2754 
f 2754/2754/2754 2754/2754/2754 2754/2754/2754 
f 2754/2754/2754 2752/2752/2752 2754/2754/2754 
f 2754/2754/2754 2752/2752/2752 2768/2768/2768 
f 2752/2752/2752 2769/2769/2769 2768/2768/2768 
f 2768/2768/2768 2769/2769/2769 2769/2769/2769 
f 2769/2769/2769 2752/2752/2752 2769/2769/2769 
f 2769/2769/2769 2752/2752/2752 2770/2770/2770 
f 2752/2752/2752 2750/2750/2750 2770/2770/2770 
f 2770/2770/2770 2750/2750/2750 2761/2761/2761 
f 2750/2750/2750 2761/2761/2761 2761/2761/2761 
f 2761/2761/2761 2761/2761/2761 2761/2761/2761 
f 2761/2761/2761 2763/2763/2763 2761/2761/2761 
f 2761/2761/2761 2763/2763/2763 2770/2770/2770 
f 2763/2763/2763 2771/2771/2771 2770/2770/2770 
f 2770/2770/2770 2771/2771/2771 2769/2769/2769 
f 2771/2771/2771 2769/2769/2769 2769/2769/2769 
f 2769/2769/2769 2769/2769/2769 2772/2772/2772 
f 2769/2769/2769 2772/2772/2772 2772/2772/2772 
f 2772/2772/2772 2772/2772/2772 2772/2772/2772 
f 2772/2772/2772 2773/2773/2773 2772/2772/2772 
f 2772/2772/2772 2773/2773/2773 2774/2774/2774 
f 2773/2773/2773 2775/2775/2775 2774/2774/2774 
f 2774/2774/2774 2775/2775/2775 2776/2776/2776 
f 2775/2775/2775 2777/2777/2777 2776/2776/2776 
f 2776/2776/2776 2777/2777/2777 2778/2778/2778 
f 2777/2777/2777 2779/2779/2779 2778/2778/2778 
f 2778/2778/2778 2779/2779/2779 2780/2780/2780 
f 2779/2779/2779 2781/2781/2781 2780/2780/2780 
f 2780/2780/2780 2781/2781/2781 2782/2782/2782 
f 2781/2781/2781 2783/2783/2783 2782/2782/2782 
f 2782/2782/2782 2783/2783/2783 2784/2784/2784 
f 2783/2783/2783 2785/2785/2785 2784/2784/2784 
f 2784/2784/2784 2785/2785/2785 2786/2786/2786 
f 2785/2785/2785 2787/2787/2787 2786/2786/2786 
f 2786/2786/2786 2787/2787/2787 2788/2788/2788 
f 2787/2787/2787 2789/2789/2789 2788/2788/2788 
f 2788/2788/2788 2789/2789/2789 2790/2790/2790 
f 2789/2789/2789 2791/2791/2791 2790/2790/2790 
f 2790/2790/2790 2791/2791/2791 2792/2792/2792 
f 2791/2791/2791 2793/2793/2793 2792/2792/2792 
f 2792/2792/2792 2793/2793/2793 2794/2794/2794 
f 2793/2793/2793 2795/2795/2795 2794/2794/2794 
f 2794/2794/2794 2795/2795/2795 2772/2772/2772 
f 2795/2795/2795 2773/2773/2773 2772/2772/2772 
f 2772/2772/2772 2773/2773/2773 2773/2773/2773 
f 2773/2773/2773 2795/2795/2795 2773/2773/2773 
f 2773/2773/2773 2795/2795/2795 2795/2795/2795 
f 2795/2795/2795 2796/2796/2796 2795/2795/2795 
f 2795/2795/2795 2796/2796/2796 2773/2773/2773 
f 2796/2796/2796 2797/2797/2797 2773/2773/2773 
f 2773/2773/2773 2797/2797/2797 2775/2775/2775 
f 2797/2797/2797 2798/2798/2798 2775/2775/2775 
f 2775/2775/2775 2798/2798/2798 2777/2777/2777 
f 2798/2798/2798 2799/2799/2799 2777/2777/2777 
f 2777/2777/2777 2799/2799/2799 2779/2779/2779 
f 2799/2799/2799 2800/2800/2800 2779/2779/2779 
f 2779/2779/2779 2800/2800/2800 2781/2781/2781 
f 2800/2800/2800 2801/2801/2801 2781/2781/2781 
f 2781/2781/2781 2801/2801/2801 2783/2783/2783 
f 2801/2801/2801 2802/2802/2802 2783/2783/2783 
f 2783/2783/2783 2802/2802/2802 2785/2785/2785 
f 2802/2802/2802 2803/2803/2803 2785/2785/2785 
f 2785/2785/2785 2803/2803/2803 2787/2787/2787 
f 2803/2803/2803 2804/2804/2804 2787/2787/2787 
f 2787/2787/2787 2804/2804/2804 2789/2789/2789 
f 2804/2804/2804 2805/2805/2805 2789/2789/2789 
f 2789/2789/2789 2805/2805/2805 2791/2791/2791 
f 2805/2805/2805 2806/2806/2806 2791/2791/2791 
f 2791/2791/2791 2806/2806/2806 2793/2793/2793 
f 2806/2806/2806 2807/2807/2807 2793/2793/2793 
f 2793/2793/2793 2807/2807/2807 2795/2795/2795 
f 2807/2807/2807 2796/2796/2796 2795/2795/2795 
f 2795/2795/2795 2796/2796/2796 2796/2796/2796 
f 2796/2796/2796 2807/2807/2807 2796/2796/2796 
f 2796/2796/2796 2807/2807/2807 2808/2808/2808 
f 2807/2807/2807 2806/2806/2806 2808/2808/2808 
f 2808/2808/2808 2806/2806/2806 2805/2805/2805 
f 2806/2806/2806 2805/2805/2805 2805/2805/2805 
f 2805/2805/2805 2805/2805/2805 2805/2805/2805 
f 2805/2805/2805 2804/2804/2804 2805/2805/2805 
f 2805/2805/2805 2804/2804/2804 2808/2808/2808 
f 2804/2804/2804 2803/2803/2803 2808/2808/2808 
f 2808/2808/2808 2803/2803/2803 2802/2802/2802 
f 2803/2803/2803 2802/2802/2802 2802/2802/2802 
f 2802/2802/2802 2802/2802/2802 2802/2802/2802 
f 2802/2802/2802 2801/2801/2801 2802/2802/2802 
f 2802/2802/2802 2801/2801/2801 2808/2808/2808 
f 2801/2801/2801 2800/2800/2800 2808/2808/2808 
f 2808/2808/2808 2800/2800/2800 2799/2799/2799 
f 2800/2800/2800 2799/2799/2799 2799/2799/2799 
f 2799/2799/2799 2799/2799/2799 2799/2799/2799 
f 2799/2799/2799 2798/2798/2798 2799/2799/2799 
f 2799/2799/2799 2798/2798/2798 2808/2808/2808 
f 2798/2798/2798 2797/2797/2797 2808/2808/2808 
f 2808/2808/2808 2797/2797/2797 2796/2796/2796 
f 2797/2797/2797 2796/2796/2796 2796/2796/2796 
f 2796/2796/2796 2796/2796/2796 2809/2809/2809 
f 2796/2796/2796 2809/2809/2809 2809/2809/2809 
f 2809/2809/2809 2809/2809/2809 2809/2809/2809 
f 2809/2809/2809 2810/2810/2810 2809/2809/2809 
f 2809/2809/2809 2810/2810/2810 2811/2811/2811 
f 2810/2810/2810 2812/2812/2812 2811/2811/2811 
f 2811/2811/2811 2812/2812/2812 2813/2813/2813 
f 2812/2812/2812 2814/2814/2814 2813/2813/2813 
f 2813/2813/2813 2814/2814/2814 2815/2815/2815 
f 2814/2814/2814 2816/2816/2816 2815/2815/2815 
f 2815/2815/2815 2816/2816/2816 2817/2817/2817 
f 2816/2816/2816 2818/2818/2818 2817/2817/2817 
f 2817/2817/2817 2818/2818/2818 2819/2819/2819 
f 2818/2818/2818 2820/2820/2820 2819/2819/2819 
f 2819/2819/2819 2820/2820/2820 2811/2811/2811 
f 2820/2820/2820 2809/2809/2809 2811/2811/2811 
f 2811/2811/2811 2809/2809/2809 2809/2809/2809 
f 2809/2809/2809 2816/2816/2816 2809/2809/2809 
f 2809/2809/2809 2816/2816/2816 2816/2816/2816 
f 2816/2816/2816 2814/2814/2814 2816/2816/2816 
f 2816/2816/2816 2814/2814/2814 2818/2818/2818 
f 2814/2814/2814 2821/2821/2821 2818/2818/2818 
f 2818/2818/2818 2821/2821/2821 2820/2820/2820 
f 2821/2821/2821 2822/2822/2822 2820/2820/2820 
f 2820/2820/2820 2822/2822/2822 2809/2809/2809 
f 2822/2822/2822 2809/2809/2809 2809/2809/2809 
f 2809/2809/2809 2809/2809/2809 2822/2822/2822 
f 2809/2809/2809 2822/2822/2822 2822/2822/2822 
f 2822/2822/2822 2822/2822/2822 2822/2822/2822 
f 2822/2822/2822 2821/2821/2821 2822/2822/2822 
f 2822/2822/2822 2821/2821/2821 2823/2823/2823 
f 2821/2821/2821 2812/2812/2812 2823/2823/2823 
f 2823/2823/2823 2812/2812/2812 2810/2810/2810 
f 2812/2812/2812 2810/2810/2810 2810/2810/2810 
f 2810/2810/2810 2810/2810/2810 2811/2811/2811 
f 2810/2810/2810 2811/2811/2811 2811/2811/2811 
f 2811/2811/2811 2811/2811/2811 2811/2811/2811 
f 2811/2811/2811 2813/2813/2813 2811/2811/2811 
f 2811/2811/2811 2813/2813/2813 2819/2819/2819 
f 2813/2813/2813 2824/2824/2824 2819/2819/2819 
f 2819/2819/2819 2824/2824/2824 2817/2817/2817 
f 2824/2824/2824 2815/2815/2815 2817/2817/2817 
f 2817/2817/2817 2815/2815/2815 2815/2815/2815 
f 2815/2815/2815 2825/2825/2825 2815/2815/2815 
f 2815/2815/2815 2825/2825/2825 2825/2825/2825 
f 2825/2825/2825 2826/2826/2826 2825/2825/2825 
f 2825/2825/2825 2826/2826/2826 2827/2827/2827 
f 2826/2826/2826 2828/2828/2828 2827/2827/2827 
f 2827/2827/2827 2828/2828/2828 2829/2829/2829 
f 2828/2828/2828 2830/2830/2830 2829/2829/2829 
f 2829/2829/2829 2830/2830/2830 2831/2831/2831 
f 2830/2830/2830 2832/2832/2832 2831/2831/2831 
f 2831/2831/2831 2832/2832/2832 2833/2833/2833 
f 2832/2832/2832 2834/2834/2834 2833/2833/2833 
f 2833/2833/2833 2834/2834/2834 2835/2835/2835 
f 2834/2834/2834 2836/2836/2836 2835/2835/2835 
f 2835/2835/2835 2836/2836/2836 2837/2837/2837 
f 2836/2836/2836 2838/2838/2838 2837/2837/2837 
f 2837/2837/2837 2838/2838/2838 2839/2839/2839 
f 2838/2838/2838 2840/2840/2840 2839/2839/2839 
f 2839/2839/2839 2840/2840/2840 2841/2841/2841 
f 2840/2840/2840 2842/2842/2842 2841/2841/2841 
f 2841/2841/2841 2842/2842/2842 2843/2843/2843 
f 2842/2842/2842 2844/2844/2844 2843/2843/2843 
f 2843/2843/2843 2844/2844/2844 2845/2845/2845 
f 2844/2844/2844 2846/2846/2846 2845/2845/2845 
f 2845/2845/2845 2846/2846/2846 2847/2847/2847 
f 2846/2846/2846 2848/2848/2848 2847/2847/2847 
f 2847/2847/2847 2848/2848/2848 2849/2849/2849 
f 2848/2848/2848 2850/2850/2850 2849/2849/2849 
f 2849/2849/2849 2850/2850/2850 2851/2851/2851 
f 2850/2850/2850 2852/2852/2852 2851/2851/2851 
f 2851/2851/2851 2852/2852/2852 2853/2853/2853 
f 2852/2852/2852 2854/2854/2854 2853/2853/2853 
f 2853/2853/2853 2854/2854/2854 2855/2855/2855 
f 2854/2854/2854 2856/2856/2856 2855/2855/2855 
f 2855/2855/2855 2856/2856/2856 2857/2857/2857 
f 2856/2856/2856 2858/2858/2858 2857/2857/2857 
f 2857/2857/2857 2858/2858/2858 2859/2859/2859 
f 2858/2858/2858 2860/2860/2860 2859/2859/2859 
f 2859/2859/2859 2860/2860/2860 2825/2825/2825 
f 2860/2860/2860 2826/2826/2826 2825/2825/2825 
f 2825/2825/2825 2826/2826/2826 2826/2826/2826 
f 2826/2826/2826 2860/2860/2860 2826/2826/2826 
f 2826/2826/2826 2860/2860/2860 2861/2861/2861 
f 2860/2860/2860 2858/2858/2858 2861/2861/2861 
f 2861/2861/2861 2858/2858/2858 2856/2856/2856 
f 2858/2858/2858 2856/2856/2856 2856/2856/2856 
f 2856/2856/2856 2856/2856/2856 2856/2856/2856 
f 2856/2856/2856 2854/2854/2854 2856/2856/2856 
f 2856/2856/2856 2854/2854/2854 2861/2861/2861 
f 2854/2854/2854 2852/2852/2852 2861/2861/2861 
f 2861/2861/2861 2852/2852/2852 2850/2850/2850 
f 2852/2852/2852 2850/2850/2850 2850/2850/2850 
f 2850/2850/2850 2850/2850/2850 2850/2850/2850 
f 2850/2850/2850 2848/2848/2848 2850/2850/2850 
f 2850/2850/2850 2848/2848/2848 2861/2861/2861 
f 2848/2848/2848 2846/2846/2846 2861/2861/2861 
f 2861/2861/2861 2846/2846/2846 2844/2844/2844 
f 2846/2846/2846 2844/2844/2844 2844/2844/2844 
f 2844/2844/2844 2844/2844/2844 2844/2844/2844 
f 2844/2844/2844 2842/2842/2842 2844/2844/2844 
f 2844/2844/2844 2842/2842/2842 2861/2861/2861 
f 2842/2842/2842 2840/2840/2840 2861/2861/2861 
f 2861/2861/2861 2840/2840/2840 2838/2838/2838 
f 2840/2840/2840 2838/2838/2838 2838/2838/2838 
f 2838/2838/2838 2838/2838/2838 2838/2838/2838 
f 2838/2838/2838 2836/2836/2836 2838/2838/2838 
f 2838/2838/2838 2836/2836/2836 2861/2861/2861 
f 2836/2836/2836 2834/2834/2834 2861/2861/2861 
f 2861/2861/2861 2834/2834/2834 2832/2832/2832 
f 2834/2834/2834 2832/2832/2832 2832/2832/2832 
f 2832/2832/2832 2832/2832/2832 2832/2832/2832 
f 2832/2832/2832 2830/2830/2830 2832/2832/2832 
f 2832/2832/2832 2830/2830/2830 2861/2861/2861 
f 2830/2830/2830 2828/2828/2828 2861/2861/2861 
f 2861/2861/2861 2828/2828/2828 2826/2826/2826 
f 2828/2828/2828 2826/2826/2826 2826/2826/2826 
f 2826/2826/2826 2826/2826/2826 2862/2862/2862 
f 2826/2826/2826 2862/2862/2862 2862/2862/2862 
f 2862/2862/2862 2862/2862/2862 2862/2862/2862 
f 2862/2862/2862 2863/2863/2863 2862/2862/2862 
f 2862/2862/2862 2863/2863/2863 2864/2864/2864 
f 2863/2863/2863 2865/2865/2865 2864/2864/2864 
f 2864/2864/2864 2865/2865/2865 2866/2866/2866 
f 2865/2865/2865 2867/2867/2867 2866/2866/2866 
f 2866/2866/2866 2867/2867/2867 2868/2868/2868 
f 2867/2867/2867 2869/2869/2869 2868/2868/2868 
f 2868/2868/2868 2869/2869/2869 2870/2870/2870 
f 2869/2869/2869 2871/2871/2871 2870/2870/2870 
f 2870/2870/2870 2871/2871/2871 2872/2872/2872 
f 2871/2871/2871 2873/2873/2873 2872/2872/2872 
f 2872/2872/2872 2873/2873/2873 2874/2874/2874 
f 2873/2873/2873 2875/2875/2875 2874/2874/2874 
f 2874/2874/2874 2875/2875/2875 2876/2876/2876 
f 2875/2875/2875 2877/2877/2877 2876/2876/2876 
f 2876/2876/2876 2877/2877/2877 2878/2878/2878 
f 2877/2877/2877 2879/2879/2879 2878/2878/2878 
f 2878/2878/2878 2879/2879/2879 2880/2880/2880 
f 2879/2879/2879 2881/2881/2881 2880/2880/2880 
f 2880/2880/2880 2881/2881/2881 2882/2882/2882 
f 2881/2881/2881 2883/2883/2883 2882/2882/2882 
f 2882/2882/2882 2883/2883/2883 2884/2884/2884 
f 2883/2883/2883 2885/2885/2885 2884/2884/2884 
f 2884/2884/2884 2885/2885/2885 2886/2886/2886 
f 2885/2885/2885 2887/2887/2887 2886/2886/2886 
f 2886/2886/2886 2887/2887/2887 2888/2888/2888 
f 2887/2887/2887 2889/2889/2889 2888/2888/2888 
f 2888/2888/2888 2889/2889/2889 2890/2890/2890 
f 2889/2889/2889 2891/2891/2891 2890/2890/2890 
f 2890/2890/2890 2891/2891/2891 2892/2892/2892 
f 2891/2891/2891 2893/2893/2893 2892/2892/2892 
f 2892/2892/2892 2893/2893/2893 2894/2894/2894 
f 2893/2893/2893 2895/2895/2895 2894/2894/2894 
f 2894/2894/2894 2895/2895/2895 2896/2896/2896 
f 2895/2895/2895 2897/2897/2897 2896/2896/2896 
f 2896/2896/2896 2897/2897/2897 2898/2898/2898 
f 2897/2897/2897 2899/2899/2899 2898/2898/2898 
f 2898/2898/2898 2899/2899/2899 2900/2900/2900 
f 2899/2899/2899 2901/2901/2901 2900/2900/2900 
f 2900/2900/2900 2901/2901/2901 2902/2902/2902 
f 2901/2901/2901 2903/2903/2903 2902/2902/2902 
f 2902/2902/2902 2903/2903/2903 2904/2904/2904 
f 2903/2903/2903 2905/2905/2905 2904/2904/2904 
f 2904/2904/2904 2905/2905/2905 2862/2862/2862 
f 2905/2905/2905 2863/2863/2863 2862/2862/2862 
f 2862/2862/2862 2863/2863/2863 2863/2863/2863 
f 2863/2863/2863 2905/2905/2905 2863/2863/2863 
f 2863/2863/2863 2905/2905/2905 2905/2905/2905 
f 2905/2905/2905 2906/2906/2906 2905/2905/2905 
f 2905/2905/2905 2906/2906/2906 2863/2863/2863 
f 2906/2906/2906 2907/2907/2907 2863/2863/2863 
f 2863/2863/2863 2907/2907/2907 2865/2865/2865 
f 2907/2907/2907 2908/2908/2908 2865/2865/2865 
f 2865/2865/2865 2908/2908/2908 2867/2867/2867 
f 2908/2908/2908 2909/2909/2909 2867/2867/2867 
f 2867/2867/2867 2909/2909/2909 2869/2869/2869 
f 2909/2909/2909 2910/2910/2910 2869/2869/2869 
f 2869/2869/2869 2910/2910/2910 2871/2871/2871 
f 2910/2910/2910 2911/2911/2911 2871/2871/2871 
f 2871/2871/2871 2911/2911/2911 2873/2873/2873 
f 2911/2911/2911 2912/2912/2912 2873/2873/2873 
f 2873/2873/2873 2912/2912/2912 2875/2875/2875 
f 2912/2912/2912 2913/2913/2913 2875/2875/2875 
f 2875/2875/2875 2913/2913/2913 2877/2877/2877 
f 2913/2913/2913 2914/2914/2914 2877/2877/2877 
f 2877/2877/2877 2914/2914/2914 2879/2879/2879 
f 2914/2914/2914 2915/2915/2915 2879/2879/2879 
f 2879/2879/2879 2915/2915/2915 2881/2881/2881 
f 2915/2915/2915 2916/2916/2916 2881/2881/2881 
f 2881/2881/2881 2916/2916/2916 2883/2883/2883 
f 2916/2916/2916 2917/2917/2917 2883/2883/2883 
f 2883/2883/2883 2917/2917/2917 2885/2885/2885 
f 2917/2917/2917 2918/2918/2918 2885/2885/2885 
f 2885/2885/2885 2918/2918/2918 2887/2887/2887 
f 2918/2918/2918 2919/2919/2919 2887/2887/2887 
f 2887/2887/2887 2919/2919/2919 2889/2889/2889 
f 2919/2919/2919 2920/2920/2920 2889/2889/2889 
f 2889/2889/2889 2920/2920/2920 2891/2891/2891 
f 2920/2920/2920 2921/2921/2921 2891/2891/2891 
f 2891/2891/2891 2921/2921/2921 2893/2893/2893 
f 2921/2921/2921 2922/2922/2922 2893/2893/2893 
f 2893/2893/2893 2922/2922/2922 2895/2895/2895 
f 2922/2922/2922 2923/2923/2923 2895/2895/2895 
f 2895/2895/2895 2923/2923/2923 2897/2897/2897 
f 2923/2923/2923 2924/2924/2924 2897/2897/2897 
f 2897/2897/2897 2924/2924/2924 2899/2899/2899 
f 2924/2924/2924 2925/2925/2925 2899/2899/2899 
f 2899/2899/2899 2925/2925/2925 2901/2901/2901 
f 2925/2925/2925 2926/2926/2926 2901/2901/2901 
f 2901/2901/2901 2926/2926/2926 2903/2903/2903 
f 2926/2926/2926 2927/2927/2927 2903/2903/2903 
f 2903/2903/2903 2927/2927/2927 2905/2905/2905 
f 2927/2927/2927 2906/2906/2906 2905/2905/2905 
f 2905/2905/2905 2906/2906/2906 2906/2906/2906 
f 2906/2906/2906 2927/2927/2927 2906/2906/2906 
f 2906/2906/2906 2927/2927/2927 2927/2927/2927 
f 2927/2927/2927 2928/2928/2928 2927/2927/2927 
f 2927/2927/2927 2928/2928/2928 2906/2906/2906 
f 2928/2928/2928 2929/2929/2929 2906/2906/2906 
f 2906/2906/2906 2929/2929/2929 2907/2907/2907 
f 2929/2929/2929 2930/2930/2930 2907/2907/2907 
f 2907/2907/2907 2930/2930/2930 2908/2908/2908 
f 2930/2930/2930 2931/2931/2931 2908/2908/2908 
f 2908/2908/2908 2931/2931/2931 2909/2909/2909 
f 2931/2931/2931 2932/2932/2932 2909/2909/2909 
f 2909/2909/2909 2932/2932/2932 2910/2910/2910 
f 2932/2932/2932 2933/2933/2933 2910/2910/2910 
f 2910/2910/2910 2933/2933/2933 2911/2911/2911 
f 2933/2933/2933 2934/2934/2934 2911/2911/2911 
f 2911/2911/2911 2934/2934/2934 2912/2912/2912 
f 2934/2934/2934 2935/2935/2935 2912/2912/2912 
f 2912/2912/2912 2935/2935/2935 2913/2913/2913 
f 2935/2935/2935 2936/2936/2936 2913/2913/2913 
f 2913/2913/2913 2936/2936/2936 2914/2914/2914 
f 2936/2936/2936 2937/2937/2937 2914/2914/2914 
f 2914/2914/2914 2937/2937/2937 2915/2915/2915 
f 2937/2937/2937 2938/2938/2938 2915/2915/2915 
f 2915/2915/2915 2938/2938/2938 2916/2916/2916 
f 2938/2938/2938 2939/2939/2939 2916/2916/2916 
f 2916/2916/2916 2939/2939/2939 2917/2917/2917 
f 2939/2939/2939 2940/2940/2940 2917/2917/2917 
f 2917/2917/2917 2940/2940/2940 2918/2918/2918 
f 2940/2940/2940 2941/2941/2941 2918/2918/2918 
f 2918/2918/2918 2941/2941/2941 2919/2919/2919 
f 2941/2941/2941 2942/2942/2942 2919/2919/2919 
f 2919/2919/2919 2942/2942/2942 2920/2920/2920 
f 2942/2942/2942 2943/2943/2943 2920/2920/2920 
f 2920/2920/2920 2943/2943/2943 2921/2921/2921 
f 2943/2943/2943 2944/2944/2944 2921/2921/2921 
f 2921/2921/2921 2944/2944/2944 2922/2922/2922 
f 2944/2944/2944 2945/2945/2945 2922/2922/2922 
f 2922/2922/2922 2945/2945/2945 2923/2923/2923 
f 2945/2945/2945 2946/2946/2946 2923/2923/2923 
f 2923/2923/2923 2946/2946/2946 2924/2924/2924 
f 2946/2946/2946 2947/2947/2947 2924/2924/2924 
f 2924/2924/2924 2947/2947/2947 2925/2925/2925 
f 2947/2947/2947 2948/2948/2948 2925/2925/2925 
f 2925/2925/2925 2948/2948/2948 2926/2926/2926 
f 2948/2948/2948 2949/2949/2949 2926/2926/2926 
f 2926/2926/2926 2949/2949/2949 2927/2927/2927 
f 2949/2949/2949 2928/2928/2928 2927/2927/2927 
f 2927/2927/2927 2928/2928/2928 2928/2928/2928 
f 2928/2928/2928 2949/2949/2949 2928/2928/2928 
f 2928/2928/2928 2949/2949/2949 2949/2949/2949 
f 2949/2949/2949 2950/2950/2950 2949/2949/2949 
f 2949/2949/2949 2950/2950/2950 2928/2928/2928 
f 2950/2950/2950 2951/2951/2951 2928/2928/2928 
f 2928/2928/2928 2951/2951/2951 2929/2929/2929 
f 2951/2951/2951 2952/2952/2952 2929/2929/2929 
f 2929/2929/2929 2952/2952/2952 2930/2930/2930 
f 2952/2952/2952 2953/2953/2953 2930/2930/2930 
f 2930/2930/2930 2953/2953/2953 2931/2931/2931 
f 2953/2953/2953 2954/2954/2954 2931/2931/2931 
f 2931/2931/2931 2954/2954/2954 2932/2932/2932 
f 2954/2954/2954 2955/2955/2955 2932/2932/2932 
f 2932/2932/2932 2955/2955/2955 2933/2933/2933 
f 2955/2955/2955 2956/2956/2956 2933/2933/2933 
f 2933/2933/2933 2956/2956/2956 2934/2934/2934 
f 2956/2956/2956 2957/2957/2957 2934/2934/2934 
f 2934/2934/2934 2957/2957/2957 2935/2935/2935 
f 2957/2957/2957 2958/2958/2958 2935/2935/2935 
f 2935/2935/2935 2958/2958/2958 2936/2936/2936 
f 2958/2958/2958 2959/2959/2959 2936/2936/2936 
f 2936/2936/2936 2959/2959/2959 2937/2937/2937 
f 2959/2959/2959 2960/2960/2960 2937/2937/2937 
f 2937/2937/2937 2960/2960/2960 2938/2938/2938 
f 2960/2960/2960 2961/2961/2961 2938/2938/2938 
f 2938/2938/2938 2961/2961/2961 2939/2939/2939 
f 2961/2961/2961 2962/2962/2962 2939/2939/2939 
f 2939/2939/2939 2962/2962/2962 2940/2940/2940 
f 2962/2962/2962 2963/2963/2963 2940/2940/2940 
f 2940/2940/2940 2963/2963/2963 2941/2941/2941 
f 2963/2963/2963 2964/2964/2964 2941/2941/2941 
f 2941/2941/2941 2964/2964/2964 2942/2942/2942 
f 2964/2964/2964 2965/2965/2965 2942/2942/2942 
f 2942/2942/2942 2965/2965/2965 2943/2943/2943 
f 2965/2965/2965 2966/2966/2966 2943/2943/2943 
f 2943/2943/2943 2966/2966/2966 2944/2944/2944 
f 2966/2966/2966 2967/2967/2967 2944/2944/2944 
f 2944/2944/2944 2967/2967/2967 2945/2945/2945 
f 2967/2967/2967 2968/2968/2968 2945/2945/2945 
f 2945/2945/2945 2968/2968/2968 2946/2946/2946 
f 2968/2968/2968 2969/2969/2969 2946/2946/2946 
f 2946/2946/2946 2969/2969/2969 2947/2947/2947 
f 2969/2969/2969 2970/2970/2970 2947/2947/2947 
f 2947/2947/2947 2970/2970/2970 2948/2948/2948 
f 2970/2970/2970 2971/2971/2971 2948/2948/2948 
f 2948/2948/2948 2971/2971/2971 2949/2949/2949 
f 2971/2971/2971 2950/2950/2950 2949/2949/2949 
f 2949/2949/2949 2950/2950/2950 2950/2950/2950 
f 2950/2950/2950 2971/2971/2971 2950/2950/2950 
f 2950/2950/2950 2971/2971/2971 2971/2971/2971 
f 2971/2971/2971 2972/2972/2972 2971/2971/2971 
f 2971/2971/2971 2972/2972/2972 2950/2950/2950 
f 2972/2972/2972 2973/2973/2973 2950/2950/2950 
f 2950/2950/2950 2973/2973/2973 2951/2951/2951 
f 2973/2973/2973 2974/2974/2974 2951/2951/2951 
f 2951/2951/2951 2974/2974/2974 2952/2952/2952 
f 2974/2974/2974 2975/2975/2975 2952/2952/2952 
f 2952/2952/2952 2975/2975/2975 2953/2953/2953 
f 2975/2975/2975 2976/2976/2976 2953/2953/2953 
f 2953/2953/2953 2976/2976/2976 2954/2954/2954 
f 2976/2976/2976 2977/2977/2977 2954/2954/2954 
f 2954/2954/2954 2977/2977/2977 2955/2955/2955 
f 2977/2977/2977 2978/2978/2978 2955/2955/2955 
f 2955/2955/2955 2978/2978/2978 2956/2956/2956 
f 2978/2978/2978 2979/2979/2979 2956/2956/2956 
f 2956/2956/2956 2979/2979/2979 2957/2957/2957 
f 2979/2979/2979 2980/2980/2980 2957/2957/2957 
f 2957/2957/2957 2980/2980/2980 2958/2958/2958 
f 2980/2980/2980 2981/2981/2981 2958/2958/2958 
f 2958/2958/2958 2981/2981/2981 2959/2959/2959 
f 2981/2981/2981 2982/2982/2982 2959/2959/2959 
f 2959/2959/2959 2982/2982/2982 2960/2960/2960 
f 2982/2982/2982 2983/2983/2983 2960/2960/2960 
f 2960/2960/2960 2983/2983/2983 2961/2961/2961 
f 2983/2983/2983 2984/2984/2984 2961/2961/2961 
f 2961/2961/2961 2984/2984/2984 2962/2962/2962 
f 2984/2984/2984 2985/2985/2985 2962/2962/2962 
f 2962/2962/2962 2985/2985/2985 2963/2963/2963 
f 2985/2985/2985 2986/2986/2986 2963/2963/2963 
f 2963/2963/2963 2986/2986/2986 2964/2964/2964 
f 2986/2986/2986 2987/2987/2987 2964/2964/2964 
f 2964/2964/2964 2987/2987/2987 2965/2965/2965 
f 2987/2987/2987 2988/2988/2988 2965/2965/2965 
f 2965/2965/2965 2988/2988/2988 2966/2966/2966 
f 2988/2988/2988 2989/2989/2989 2966/2966/2966 
f 2966/2966/2966 2989/2989/2989 2967/2967/2967 
f 2989/2989/2989 2990/2990/2990 2967/2967/2967 
f 2967/2967/2967 2990/2990/2990 2968/2968/2968 
f 2990/2990/2990 2991/2991/2991 2968/2968/2968 
f 2968/2968/2968 2991/2991/2991 2969/2969/2969 
f 2991/2991/2991 2992/2992/2992 2969/2969/2969 
f 2969/2969/2969 2992/2992/2992 2970/2970/2970 
f 2992/2992/2992 2993/2993/2993 2970/2970/2970 
f 2970/2970/2970 2993/2993/2993 2971/2971/2971 
f 2993/2993/2993 2972/2972/2972 2971/2971/2971 
f 2971/2971/2971 2972/2972/2972 2972/2972/2972 
f 2972/2972/2972 2993/2993/2993 2972/2972/2972 
f 2972/2972/2972 2993/2993/2993 2994/2994/2994 
f 2993/2993/2993 2992/2992/2992 2994/2994/2994 
f 2994/2994/2994 2992/2992/2992 2991/2991/2991 
f 2992/2992/2992 2991/2991/2991 2991/2991/2991 
f 2991/2991/2991 2991/2991/2991 2991/2991/2991 
f 2991/2991/2991 2990/2990/2990 2991/2991/2991 
f 2991/2991/2991 2990/2990/2990 2994/2994/2994 
f 2990/2990/2990 2989/2989/2989 2994/2994/2994 
f 2994/2994/2994 2989/2989/2989 2988/2988/2988 
f 2989/2989/2989 2988/2988/2988 2988/2988/2988 
f 2988/2988/2988 2988/2988/2988 2988/2988/2988 
f 2988/2988/2988 2987/2987/2987 2988/2988/2988 
f 2988/2988/2988 2987/2987/2987 2994/2994/2994 
f 2987/2987/2987 2986/2986/2986 2994/2994/2994 
f 2994/2994/2994 2986/2986/2986 2985/2985/2985 
f 2986/2986/2986 2985/2985/2985 2985/2985/2985 
f 2985/2985/2985 2985/2985/2985 2985/2985/2985 
f 2985/2985/2985 2984/2984/2984 2985/2985/2985 
f 2985/2985/2985 2984/2984/2984 2994/2994/2994 
f 2984/2984/2984 2983/2983/2983 2994/2994/2994 
f 2994/2994/2994 2983/2983/2983 2982/2982/2982 
f 2983/2983/2983 2982/2982/2982 2982/2982/2982 
f 2982/2982/2982 2982/2982/2982 2982/2982/2982 
f 2982/2982/2982 2981/2981/2981 2982/2982/2982 
f 2982/2982/2982 2981/2981/2981 2994/2994/2994 
f 2981/2981/2981 2980/2980/2980 2994/2994/2994 
f 2994/2994/2994 2980/2980/2980 2979/2979/2979 
f 2980/2980/2980 2979/2979/2979 2979/2979/2979 
f 2979/2979/2979 2979/2979/2979 2979/2979/2979 
f 2979/2979/2979 2978/2978/2978 2979/2979/2979 
f 2979/2979/2979 2978/2978/2978 2994/2994/2994 
f 2978/2978/2978 2977/2977/2977 2994/2994/2994 
f 2994/2994/2994 2977/2977/2977 2976/2976/2976 
f 2977/2977/2977 2976/2976/2976 2976/2976/2976 
f 2976/2976/2976 2976/2976/2976 2976/2976/2976 
f 2976/2976/2976 2975/2975/2975 2976/2976/2976 
f 2976/2976/2976 2975/2975/2975 2994/2994/2994 
f 2975/2975/2975 2974/2974/2974 2994/2994/2994 
f 2994/2994/2994 2974/2974/2974 2973/2973/2973 
f 2974/2974/2974 2973/2973/2973 2973/2973/2973 
f 2973/2973/2973 2973/2973/2973 2995/2995/2995 
f 2973/2973/2973 2995/2995/2995 2995/2995/2995 
f 2995/2995/2995 2995/2995/2995 2995/2995/2995 
f 2995/2995/2995 2996/2996/2996 2995/2995/2995 
f 2995/2995/2995 2996/2996/2996 2997/2997/2997 
f 2996/2996/2996 2998/2998/2998 2997/2997/2997 
f 2997/2997/2997 2998/2998/2998 2999/2999/2999 
f 2998/2998/2998 3000/3000/3000 2999/2999/2999 
f 2999/2999/2999 3000/3000/3000 3001/3001/3001 
f 3000/3000/3000 3002/3002/3002 3001/3001/3001 
f 3001/3001/3001 3002/3002/3002 3003/3003/3003 
f 3002/3002/3002 3004/3004/3004 3003/3003/3003 
f 3003/3003/3003 3004/3004/3004 3005/3005/3005 
f 3004/3004/3004 3006/3006/3006 3005/3005/3005 
f 3005/3005/3005 3006/3006/3006 3007/3007/3007 
f 3006/3006/3006 3008/3008/3008 3007/3007/3007 
f 3007/3007/3007 3008/3008/3008 3009/3009/3009 
f 3008/3008/3008 3010/3010/3010 3009/3009/3009 
f 3009/3009/3009 3010/3010/3010 3011/3011/3011 
f 3010/3010/3010 3012/3012/3012 3011/3011/3011 
f 3011/3011/3011 3012/3012/3012 3013/3013/3013 
f 3012/3012/3012 3014/3014/3014 3013/3013/3013 
f 3013/3013/3013 3014/3014/3014 3015/3015/3015 
f 3014/3014/3014 3016/3016/3016 3015/3015/3015 
f 3015/3015/3015 3016/3016/3016 3017/3017/3017 
f 3016/3016/3016 3018/3018/3018 3017/3017/3017 
f 3017/3017/3017 3018/3018/3018 3019/3019/3019 
f 3018/3018/3018 3020/3020/3020 3019/3019/3019 
f 3019/3019/3019 3020/3020/3020 3021/3021/3021 
f 3020/3020/3020 3022/3022/3022 3021/3021/3021 
f 3021/3021/3021 3022/3022/3022 3023/3023/3023 
f 3022/3022/3022 3024/3024/3024 3023/3023/3023 
f 3023/3023/3023 3024/3024/3024 3025/3025/3025 
f 3024/3024/3024 3026/3026/3026 3025/3025/3025 
f 3025/3025/3025 3026/3026/3026 3027/3027/3027 
f 3026/3026/3026 3028/3028/3028 3027/3027/3027 
f 3027/3027/3027 3028/3028/3028 3029/3029/3029 
f 3028/3028/3028 3030/3030/3030 3029/3029/3029 
f 3029/3029/3029 3030/3030/3030 2995/2995/2995 
f 3030/3030/3030 2996/2996/2996 2995/2995/2995 
f 2995/2995/2995 2996/2996/2996 2996/2996/2996 
f 2996/2996/2996 3031/3031/3031 2996/2996/2996 
f 2996/2996/2996 3031/3031/3031 3031/3031/3031 
f 3031/3031/3031 3032/3032/3032 3031/3031/3031 
f 3031/3031/3031 3032/3032/3032 3033/3033/3033 
f 3032/3032/3032 3034/3034/3034 3033/3033/3033 
f 3033/3033/3033 3034/3034/3034 3035/3035/3035 
f 3034/3034/3034 3036/3036/3036 3035/3035/3035 
f 3035/3035/3035 3036/3036/3036 3037/3037/3037 
f 3036/3036/3036 3038/3038/3038 3037/3037/3037 
f 3037/3037/3037 3038/3038/3038 3031/3031/3031 
f 3038/3038/3038 3032/3032/3032 3031/3031/3031 
f 3031/3031/3031 3032/3032/3032 3032/3032/3032 
f 3032/3032/3032 3038/3038/3038 3032/3032/3032 
f 3032/3032/3032 3038/3038/3038 3038/3038/3038 
f 3038/3038/3038 3039/3039/3039 3038/3038/3038 
f 3038/3038/3038 3039/3039/3039 3032/3032/3032 
f 3039/3039/3039 3040/3040/3040 3032/3032/3032 
f 3032/3032/3032 3040/3040/3040 3034/3034/3034 
f 3040/3040/3040 3041/3041/3041 3034/3034/3034 
f 3034/3034/3034 3041/3041/3041 3036/3036/3036 
f 3041/3041/3041 3042/3042/3042 3036/3036/3036 
f 3036/3036/3036 3042/3042/3042 3038/3038/3038 
f 3042/3042/3042 3039/3039/3039 3038/3038/3038 
f 3038/3038/3038 3039/3039/3039 3039/3039/3039 
f 3039/3039/3039 3042/3042/3042 3039/3039/3039 
f 3039/3039/3039 3042/3042/3042 3042/3042/3042 
f 3042/3042/3042 3043/3043/3043 3042/3042/3042 
f 3042/3042/3042 3043/3043/3043 3039/3039/3039 
f 3043/3043/3043 3044/3044/3044 3039/3039/3039 
f 3039/3039/3039 3044/3044/3044 3040/3040/3040 
f 3044/3044/3044 3045/3045/3045 3040/3040/3040 
f 3040/3040/3040 3045/3045/3045 3041/3041/3041 
f 3045/3045/3045 3046/3046/3046 3041/3041/3041 
f 3041/3041/3041 3046/3046/3046 3042/3042/3042 
f 3046/3046/3046 3043/3043/3043 3042/3042/3042 
f 3042/3042/3042 3043/3043/3043 3043/3043/3043 
f 3043/3043/3043 3046/3046/3046 3043/3043/3043 
f 3043/3043/3043 3046/3046/3046 3044/3044/3044 
f 3046/3046/3046 3045/3045/3045 3044/3044/3044 
f 3044/3044/3044 3045/3045/3045 3045/3045/3045 
f 3045/3045/3045 3047/3047/3047 3045/3045/3045 
f 3045/3045/3045 3047/3047/3047 3047/3047/3047 
f 3047/3047/3047 3048/3048/3048 3047/3047/3047 
f 3047/3047/3047 3048/3048/3048 3049/3049/3049 
f 3048/3048/3048 3050/3050/3050 3049/3049/3049 
f 3049/3049/3049 3050/3050/3050 3051/3051/3051 
f 3050/3050/3050 3052/3052/3052 3051/3051/3051 
f 3051/3051/3051 3052/3052/3052 3053/3053/3053 
f 3052/3052/3052 3054/3054/3054 3053/3053/3053 
f 3053/3053/3053 3054/3054/3054 3055/3055/3055 
f 3054/3054/3054 3056/3056/3056 3055/3055/3055 
f 3055/3055/3055 3056/3056/3056 3057/3057/3057 
f 3056/3056/3056 3058/3058/3058 3057/3057/3057 
f 3057/3057/3057 3058/3058/3058 3059/3059/3059 
f 3058/3058/3058 3060/3060/3060 3059/3059/3059 
f 3059/3059/3059 3060/3060/3060 3061/3061/3061 
f 3060/3060/3060 3062/3062/3062 3061/3061/3061 
f 3061/3061/3061 3062/3062/3062 3063/3063/3063 
f 3062/3062/3062 3064/3064/3064 3063/3063/3063 
f 3063/3063/3063 3064/3064/3064 3065/3065/3065 
f 3064/3064/3064 3066/3066/3066 3065/3065/3065 
f 3065/3065/3065 3066/3066/3066 3067/3067/3067 
f 3066/3066/3066 3068/3068/3068 3067/3067/3067 
f 3067/3067/3067 3068/3068/3068 3069/3069/3069 
f 3068/3068/3068 3070/3070/3070 3069/3069/3069 
f 3069/3069/3069 3070/3070/3070 3071/3071/3071 
f 3070/3070/3070 3072/3072/3072 3071/3071/3071 
f 3071/3071/3071 3072/3072/3072 3073/3073/3073 
f 3072/3072/3072 3074/3074/3074 3073/3073/3073 
f 3073/3073/3073 3074/3074/3074 3075/3075/3075 
f 3074/3074/3074 3076/3076/3076 3075/3075/3075 
f 3075/3075/3075 3076/3076/3076 3077/3077/3077 
f 3076/3076/3076 3078/3078/3078 3077/3077/3077 
f 3077/3077/3077 3078/3078/3078 3079/3079/3079 
f 3078/3078/3078 3080/3080/3080 3079/3079/3079 
f 3079/3079/3079 3080/3080/3080 3081/3081/3081 
f 3080/3080/3080 3082/3082/3082 3081/3081/3081 
f 3081/3081/3081 3082/3082/3082 3047/3047/3047 
f 3082/3082/3082 3048/3048/3048 3047/3047/3047 
f 3047/3047/3047 3048/3048/3048 3048/3048/3048 
f 3048/3048/3048 3082/3082/3082 3048/3048/3048 
f 3048/3048/3048 3082/3082/3082 3082/3082/3082 
f 3082/3082/3082 3083/3083/3083 3082/3082/3082 
f 3082/3082/3082 3083/3083/3083 3048/3048/3048 
f 3083/3083/3083 3084/3084/3084 3048/3048/3048 
f 3048/3048/3048 3084/3084/3084 3050/3050/3050 
f 3084/3084/3084 3085/3085/3085 3050/3050/3050 
f 3050/3050/3050 3085/3085/3085 3052/3052/3052 
f 3085/3085/3085 3086/3086/3086 3052/3052/3052 
f 3052/3052/3052 3086/3086/3086 3054/3054/3054 
f 3086/3086/3086 3087/3087/3087 3054/3054/3054 
f 3054/3054/3054 3087/3087/3087 3056/3056/3056 
f 3087/3087/3087 3088/3088/3088 3056/3056/3056 
f 3056/3056/3056 3088/3088/3088 3058/3058/3058 
f 3088/3088/3088 3089/3089/3089 3058/3058/3058 
f 3058/3058/3058 3089/3089/3089 3060/3060/3060 
f 3089/3089/3089 3090/3090/3090 3060/3060/3060 
f 3060/3060/3060 3090/3090/3090 3062/3062/3062 
f 3090/3090/3090 3091/3091/3091 3062/3062/3062 
f 3062/3062/3062 3091/3091/3091 3064/3064/3064 
f 3091/3091/3091 3092/3092/3092 3064/3064/3064 
f 3064/3064/3064 3092/3092/3092 3066/3066/3066 
f 3092/3092/3092 3093/3093/3093 3066/3066/3066 
f 3066/3066/3066 3093/3093/3093 3068/3068/3068 
f 3093/3093/3093 3094/3094/3094 3068/3068/3068 
f 3068/3068/3068 3094/3094/3094 3070/3070/3070 
f 3094/3094/3094 3095/3095/3095 3070/3070/3070 
f 3070/3070/3070 3095/3095/3095 3072/3072/3072 
f 3095/3095/3095 3096/3096/3096 3072/3072/3072 
f 3072/3072/3072 3096/3096/3096 3074/3074/3074 
f 3096/3096/3096 3097/3097/3097 3074/3074/3074 
f 3074/3074/3074 3097/3097/3097 3076/3076/3076 
f 3097/3097/3097 3098/3098/3098 3076/3076/3076 
f 3076/3076/3076 3098/3098/3098 3078/3078/3078 
f 3098/3098/3098 3099/3099/3099 3078/3078/3078 
f 3078/3078/3078 3099/3099/3099 3080/3080/3080 
f 3099/3099/3099 3100/3100/3100 3080/3080/3080 
f 3080/3080/3080 3100/3100/3100 3082/3082/3082 
f 3100/3100/3100 3083/3083/3083 3082/3082/3082 
f 3082/3082/3082 3083/3083/3083 3083/3083/3083 
f 3083/3083/3083 3100/3100/3100 3083/3083/3083 
f 3083/3083/3083 3100/3100/3100 3100/3100/3100 
f 3100/3100/3100 3101/3101/3101 3100/3100/3100 
f 3100/3100/3100 3101/3101/3101 3083/3083/3083 
f 3101/3101/3101 3102/3102/3102 3083/3083/3083 
f 3083/3083/3083 3102/3102/3102 3084/3084/3084 
f 3102/3102/3102 3103/3103/3103 3084/3084/3084 
f 3084/3084/3084 3103/3103/3103 3085/3085/3085 
f 3103/3103/3103 3104/3104/3104 3085/3085/3085 
f 3085/3085/3085 3104/3104/3104 3086/3086/3086 
f 3104/3104/3104 3105/3105/3105 3086/3086/3086 
f 3086/3086/3086 3105/3105/3105 3087/3087/3087 
f 3105/3105/3105 3106/3106/3106 3087/3087/3087 
f 3087/3087/3087 3106/3106/3106 3088/3088/3088 
f 3106/3106/3106 3107/3107/3107 3088/3088/3088 
f 3088/3088/3088 3107/3107/3107 3089/3089/3089 
f 3107/3107/3107 3108/3108/3108 3089/3089/3089 
f 3089/3089/3089 3108/3108/3108 3090/3090/3090 
f 3108/3108/3108 3109/3109/3109 3090/3090/3090 
f 3090/3090/3090 3109/3109/3109 3091/3091/3091 
f 3109/3109/3109 3110/3110/3110 3091/3091/3091 
f 3091/3091/3091 3110/3110/3110 3092/3092/3092 
f 3110/3110/3110 3111/3111/3111 3092/3092/3092 
f 3092/3092/3092 3111/3111/3111 3093/3093/3093 
f 3111/3111/3111 3112/3112/3112 3093/3093/3093 
f 3093/3093/3093 3112/3112/3112 3094/3094/3094 
f 3112/3112/3112 3113/3113/3113 3094/3094/3094 
f 3094/3094/3094 3113/3113/3113 3095/3095/3095 
f 3113/3113/3113 3114/3114/3114 3095/3095/3095 
f 3095/3095/3095 3114/3114/3114 3096/3096/3096 
f 3114/3114/3114 3115/3115/3115 3096/3096/3096 
f 3096/3096/3096 3115/3115/3115 3097/3097/3097 
f 3115/3115/3115 3116/3116/3116 3097/3097/3097 
f 3097/3097/3097 3116/3116/3116 3098/3098/3098 
f 3116/3116/3116 3117/3117/3117 3098/3098/3098 
f 3098/3098/3098 3117/3117/3117 3099/3099/3099 
f 3117/3117/3117 3118/3118/3118 3099/3099/3099 
f 3099/3099/3099 3118/3118/3118 3100/3100/3100 
f 3118/3118/3118 3101/3101/3101 3100/3100/3100 
f 3100/3100/3100 3101/3101/3101 3101/3101/3101 
f 3101/3101/3101 3118/3118/3118 3101/3101/3101 
f 3101/3101/3101 3118/3118/3118 3118/3118/3118 
f 3118/3118/3118 3119/3119/3119 3118/3118/3118 
f 3118/3118/3118 3119/3119/3119 3101/3101/3101 
f 3119/3119/3119 3120/3120/3120 3101/3101/3101 
f 3101/3101/3101 3120/3120/3120 3102/3102/3102 
f 3120/3120/3120 3121/3121/3121 3102/3102/3102 
f 3102/3102/3102 3121/3121/3121 3103/3103/3103 
f 3121/3121/3121 3122/3122/3122 3103/3103/3103 
f 3103/3103/3103 3122/3122/3122 3104/3104/3104 
f 3122/3122/3122 3123/3123/3123 3104/3104/3104 
f 3104/3104/3104 3123/3123/3123 3105/3105/3105 
f 3123/3123/3123 3124/3124/3124 3105/3105/3105 
f 3105/3105/3105 3124/3124/3124 3106/3106/3106 
f 3124/3124/3124 3125/3125/3125 3106/3106/3106 
f 3106/3106/3106 3125/3125/3125 3107/3107/3107 
f 3125/3125/3125 3126/3126/3126 3107/3107/3107 
f 3107/3107/3107 3126/3126/3126 3108/3108/3108 
f 3126/3126/3126 3127/3127/3127 3108/3108/3108 
f 3108/3108/3108 3127/3127/3127 3109/3109/3109 
f 3127/3127/3127 3128/3128/3128 3109/3109/3109 
f 3109/3109/3109 3128/3128/3128 3110/3110/3110 
f 3128/3128/3128 3129/3129/3129 3110/3110/3110 
f 3110/3110/3110 3129/3129/3129 3111/3111/3111 
f 3129/3129/3129 3130/3130/3130 3111/3111/3111 
f 3111/3111/3111 3130/3130/3130 3112/3112/3112 
f 3130/3130/3130 3131/3131/3131 3112/3112/3112 
f 3112/3112/3112 3131/3131/3131 3113/3113/3113 
f 3131/3131/3131 3132/3132/3132 3113/3113/3113 
f 3113/3113/3113 3132/3132/3132 3114/3114/3114 
f 3132/3132/3132 3133/3133/3133 3114/3114/3114 
f 3114/3114/3114 3133/3133/3133 3115/3115/3115 
f 3133/3133/3133 3134/3134/3134 3115/3115/3115 
f 3115/3115/3115 3134/3134/3134 3116/3116/3116 
f 3134/3134/3134 3135/3135/3135 3116/3116/3116 
f 3116/3116/3116 3135/3135/3135 3117/3117/3117 
f 3135/3135/3135 3136/3136/3136 3117/3117/3117 
f 3117/3117/3117 3136/3136/3136 3118/3118/3118 
f 3136/3136/3136 3119/3119/3119 3118/3118/3118 
f 3118/3118/3118 3119/3119/3119 3119/3119/3119 
f 3119/3119/3119 3136/3136/3136 3119/3119/3119 
f 3119/3119/3119 3136/3136/3136 3136/3136/3136 
f 3136/3136/3136 3137/3137/3137 3136/3136/3136 
f 3136/3136/3136 3137/3137/3137 3119/3119/3119 
f 3137/3137/3137 3138/3138/3138 3119/3119/3119 
f 3119/3119/3119 3138/3138/3138 3120/3120/3120 
f 3138/3138/3138 3139/3139/3139 3120/3120/3120 
f 3120/3120/3120 3139/3139/3139 3121/3121/3121 
f 3139/3139/3139 3140/3140/3140 3121/3121/3121 
f 3121/3121/3121 3140/3140/3140 3122/3122/3122 
f 3140/3140/3140 3141/3141/3141 3122/3122/3122 
f 3122/3122/3122 3141/3141/3141 3123/3123/3123 
f 3141/3141/3141 3142/3142/3142 3123/3123/3123 
f 3123/3123/3123 3142/3142/3142 3124/3124/3124 
f 3142/3142/3142 3143/3143/3143 3124/3124/3124 
f 3124/3124/3124 3143/3143/3143 3125/3125/3125 
f 3143/3143/3143 3144/3144/3144 3125/3125/3125 
f 3125/3125/3125 3144/3144/3144 3126/3126/3126 
f 3144/3144/3144 3145/3145/3145 3126/3126/3126 
f 3126/3126/3126 3145/3145/3145 3127/3127/3127 
f 3145/3145/3145 3146/3146/3146 3127/3127/3127 
f 3127/3127/3127 3146/3146/3146 3128/3128/3128 
f 3146/3146/3146 3147/3147/3147 3128/3128/3128 
f 3128/3128/3128 3147/3147/3147 3129/3129/3129 
f 3147/3147/3147 3148/3148/3148 3129/3129/3129 
f 3129/3129/3129 3148/3148/3148 3130/3130/3130 
f 3148/3148/3148 3149/3149/3149 3130/3130/3130 
f 3130/3130/3130 3149/3149/3149 3131/3131/3131 
f 3149/3149/3149 3150/3150/3150 3131/3131/3131 
f 3131/3131/3131 3150/3150/3150 3132/3132/3132 
f 3150/3150/3150 3151/3151/3151 3132/3132/3132 
f 3132/3132/3132 3151/3151/3151 3133/3133/3133 
f 3151/3151/3151 3152/3152/3152 3133/3133/3133 
f 3133/3133/3133 3152/3152/3152 3134/3134/3134 
f 3152/3152/3152 3153/3153/3153 3134/3134/3134 
f 3134/3134/3134 3153/3153/3153 3135/3135/3135 
f 3153/3153/3153 3154/3154/3154 3135/3135/3135 
f 3135/3135/3135 3154/3154/3154 3136/3136/3136 
f 3154/3154/3154 3137/3137/3137 3136/3136/3136 
f 3136/3136/3136 3137/3137/3137 3137/3137/3137 
f 3137/3137/3137 3154/3154/3154 3137/3137/3137 
f 3137/3137/3137 3154/3154/3154 3155/3155/3155 
f 3154/3154/3154 3153/3153/3153 3155/3155/3155 
f 3155/3155/3155 3153/3153/3153 3152/3152/3152 
f 3153/3153/3153 3152/3152/3152 3152/3152/3152 
f 3152/3152/3152 3152/3152/3152 3152/3152/3152 
f 3152/3152/3152 3151/3151/3151 3152/3152/3152 
f 3152/3152/3152 3151/3151/3151 3155/3155/3155 
f 3151/3151/3151 3150/3150/3150 3155/3155/3155 
f 3155/3155/3155 3150/3150/3150 3149/3149/3149 
f 3150/3150/3150 3149/3149/3149 3149/3149/3149 
f 3149/3149/3149 3149/3149/3149 3149/3149/3149 
f 3149/3149/3149 3148/3148/3148 3149/3149/3149 
f 3149/3149/3149 3148/3148/3148 3155/3155/3155 
f 3148/3148/3148 3147/3147/3147 3155/3155/3155 
f 3155/3155/3155 3147/3147/3147 3146/3146/3146 
f 3147/3147/3147 3146/3146/3146 3146/3146/3146 
f 3146/3146/3146 3146/3146/3146 3146/3146/3146 
f 3146/3146/3146 3145/3145/3145 3146/3146/3146 
f 3146/3146/3146 3145/3145/3145 3155/3155/3155 
f 3145/3145/3145 3144/3144/3144 3155/3155/3155 
f 3155/3155/3155 3144/3144/3144 3143/3143/3143 
f 3144/3144/3144 3143/3143/3143 3143/3143/3143 
f 3143/3143/3143 3143/3143/3143 3143/3143/3143 
f 3143/3143/3143 3142/3142/3142 3143/3143/3143 
f 3143/3143/3143 3142/3142/3142 3155/3155/3155 
f 3142/3142/3142 3141/3141/3141 3155/3155/3155 
f 3155/3155/3155 3141/3141/3141 3140/3140/3140 
f 3141/3141/3141 3140/3140/3140 3140/3140/3140 
f 3140/3140/3140 3140/3140/3140 3140/3140/3140 
f 3140/3140/3140 3139/3139/3139 3140/3140/3140 
f 3140/3140/3140 3139/3139/3139 3155/3155/3155 
f 3139/3139/3139 3138/3138/3138 3155/3155/3155 
f 3155/3155/3155 3138/3138/3138 3137/3137/3137 
f 3138/3138/3138 3137/3137/3137 3137/3137/3137 
f 3137/3137/3137 3137/3137/3137 3156/3156/3156 
f 3137/3137/3137 3156/3156/3156 3156/3156/3156 
f 3156/3156/3156 3156/3156/3156 3156/3156/3156 
f 3156/3156/3156 3157/3157/3157 3156/3156/3156 
f 3156/3156/3156 3157/3157/3157 3158/3158/3158 
f 3157/3157/3157 3159/3159/3159 3158/3158/3158 
f 3158/3158/3158 3159/3159/3159 3160/3160/3160 
f 3159/3159/3159 3161/3161/3161 3160/3160/3160 
f 3160/3160/3160 3161/3161/3161 3162/3162/3162 
f 3161/3161/3161 3163/3163/3163 3162/3162/3162 
f 3162/3162/3162 3163/3163/3163 3156/3156/3156 
f 3163/3163/3163 3157/3157/3157 3156/3156/3156 
f 3156/3156/3156 3157/3157/3157 3157/3157/3157 
f 3157/3157/3157 3163/3163/3163 3157/3157/3157 
f 3157/3157/3157 3163/3163/3163 3163/3163/3163 
f 3163/3163/3163 3161/3161/3161 3163/3163/3163 
f 3163/3163/3163 3161/3161/3161 3157/3157/3157 
f 3161/3161/3161 3159/3159/3159 3157/3157/3157 
f 3157/3157/3157 3159/3159/3159 3159/3159/3159 
f 3159/3159/3159 3164/3164/3164 3159/3159/3159 
f 3159/3159/3159 3164/3164/3164 3164/3164/3164 
f 3164/3164/3164 3165/3165/3165 3164/3164/3164 
f 3164/3164/3164 3165/3165/3165 3166/3166/3166 
f 3165/3165/3165 3167/3167/3167 3166/3166/3166 
f 3166/3166/3166 3167/3167/3167 3168/3168/3168 
f 3167/3167/3167 3169/3169/3169 3168/3168/3168 
f 3168/3168/3168 3169/3169/3169 3170/3170/3170 
f 3169/3169/3169 3171/3171/3171 3170/3170/3170 
f 3170/3170/3170 3171/3171/3171 3172/3172/3172 
f 3171/3171/3171 3173/3173/3173 3172/3172/3172 
f 3172/3172/3172 3173/3173/3173 3174/3174/3174 
f 3173/3173/3173 3175/3175/3175 3174/3174/3174 
f 3174/3174/3174 3175/3175/3175 3176/3176/3176 
f 3175/3175/3175 3177/3177/3177 3176/3176/3176 
f 3176/3176/3176 3177/3177/3177 3178/3178/3178 
f 3177/3177/3177 3179/3179/3179 3178/3178/3178 
f 3178/3178/3178 3179/3179/3179 3164/3164/3164 
f 3179/3179/3179 3165/3165/3165 3164/3164/3164 
f 3164/3164/3164 3165/3165/3165 3165/3165/3165 
f 3165/3165/3165 3179/3179/3179 3165/3165/3165 
f 3165/3165/3165 3179/3179/3179 3179/3179/3179 
f 3179/3179/3179 3180/3180/3180 3179/3179/3179 
f 3179/3179/3179 3180/3180/3180 3165/3165/3165 
f 3180/3180/3180 3181/3181/3181 3165/3165/3165 
f 3165/3165/3165 3181/3181/3181 3167/3167/3167 
f 3181/3181/3181 3182/3182/3182 3167/3167/3167 
f 3167/3167/3167 3182/3182/3182 3169/3169/3169 
f 3182/3182/3182 3183/3183/3183 3169/3169/3169 
f 3169/3169/3169 3183/3183/3183 3171/3171/3171 
f 3183/3183/3183 3184/3184/3184 3171/3171/3171 
f 3171/3171/3171 3184/3184/3184 3173/3173/3173 
f 3184/3184/3184 3185/3185/3185 3173/3173/3173 
f 3173/3173/3173 3185/3185/3185 3175/3175/3175 
f 3185/3185/3185 3186/3186/3186 3175/3175/3175 
f 3175/3175/3175 3186/3186/3186 3177/3177/3177 
f 3186/3186/3186 3187/3187/3187 3177/3177/3177 
f 3177/3177/3177 3187/3187/3187 3179/3179/3179 
f 3187/3187/3187 3180/3180/3180 3179/3179/3179 
f 3179/3179/3179 3180/3180/3180 3180/3180/3180 
f 3180/3180/3180 3185/3185/3185 3180/3180/3180 
f 3180/3180/3180 3185/3185/3185 3185/3185/3185 
f 3185/3185/3185 3184/3184/3184 3185/3185/3185 
f 3185/3185/3185 3184/3184/3184 3186/3186/3186 
f 3184/3184/3184 3183/3183/3183 3186/3186/3186 
f 3186/3186/3186 3183/3183/3183 3187/3187/3187 
f 3183/3183/3183 3182/3182/3182 3187/3187/3187 
f 3187/3187/3187 3182/3182/3182 3180/3180/3180 
f 3182/3182/3182 3181/3181/3181 3180/3180/3180 
f 3180/3180/3180 3181/3181/3181 3181/3181/3181 
f 3181/3181/3181 3188/3188/3188 3181/3181/3181 
f 3181/3181/3181 3188/3188/3188 3188/3188/3188 
f 3188/3188/3188 3189/3189/3189 3188/3188/3188 
f 3188/3188/3188 3189/3189/3189 3190/3190/3190 
f 3189/3189/3189 3191/3191/3191 3190/3190/3190 
f 3190/3190/3190 3191/3191/3191 3192/3192/3192 
f 3191/3191/3191 3193/3193/3193 3192/3192/3192 
f 3192/3192/3192 3193/3193/3193 3194/3194/3194 
f 3193/3193/3193 3195/3195/3195 3194/3194/3194 
f 3194/3194/3194 3195/3195/3195 3196/3196/3196 
f 3195/3195/3195 3197/3197/3197 3196/3196/3196 
f 3196/3196/3196 3197/3197/3197 3198/3198/3198 
f 3197/3197/3197 3199/3199/3199 3198/3198/3198 
f 3198/3198/3198 3199/3199/3199 3200/3200/3200 
f 3199/3199/3199 3201/3201/3201 3200/3200/3200 
f 3200/3200/3200 3201/3201/3201 3202/3202/3202 
f 3201/3201/3201 3203/3203/3203 3202/3202/3202 
f 3202/3202/3202 3203/3203/3203 3204/3204/3204 
f 3203/3203/3203 3205/3205/3205 3204/3204/3204 
f 3204/3204/3204 3205/3205/3205 3206/3206/3206 
f 3205/3205/3205 3207/3207/3207 3206/3206/3206 
f 3206/3206/3206 3207/3207/3207 3208/3208/3208 
f 3207/3207/3207 3209/3209/3209 3208/3208/3208 
f 3208/3208/3208 3209/3209/3209 3210/3210/3210 
f 3209/3209/3209 3211/3211/3211 3210/3210/3210 
f 3210/3210/3210 3211/3211/3211 3212/3212/3212 
f 3211/3211/3211 3213/3213/3213 3212/3212/3212 
f 3212/3212/3212 3213/3213/3213 3214/3214/3214 
f 3213/3213/3213 3215/3215/3215 3214/3214/3214 
f 3214/3214/3214 3215/3215/3215 3216/3216/3216 
f 3215/3215/3215 3217/3217/3217 3216/3216/3216 
f 3216/3216/3216 3217/3217/3217 3218/3218/3218 
f 3217/3217/3217 3219/3219/3219 3218/3218/3218 
f 3218/3218/3218 3219/3219/3219 3220/3220/3220 
f 3219/3219/3219 3221/3221/3221 3220/3220/3220 
f 3220/3220/3220 3221/3221/3221 3222/3222/3222 
f 3221/3221/3221 3223/3223/3223 3222/3222/3222 
f 3222/3222/3222 3223/3223/3223 3188/3188/3188 
f 3223/3223/3223 3189/3189/3189 3188/3188/3188 
f 3188/3188/3188 3189/3189/3189 3189/3189/3189 
f 3189/3189/3189 3224/3224/3224 3189/3189/3189 
f 3189/3189/3189 3224/3224/3224 3224/3224/3224 
f 3224/3224/3224 3225/3225/3225 3224/3224/3224 
f 3224/3224/3224 3225/3225/3225 3226/3226/3226 
f 3225/3225/3225 3227/3227/3227 3226/3226/3226 
f 3226/3226/3226 3227/3227/3227 3228/3228/3228 
f 3227/3227/3227 3228/3228/3228 3228/3228/3228 
f 3228/3228/3228 3228/3228/3228 3228/3228/3228 
f 3228/3228/3228 3229/3229/3229 3228/3228/3228 
f 3228/3228/3228 3229/3229/3229 3226/3226/3226 
f 3229/3229/3229 3230/3230/3230 3226/3226/3226 
f 3226/3226/3226 3230/3230/3230 3231/3231/3231 
f 3230/3230/3230 3231/3231/3231 3231/3231/3231 
f 3231/3231/3231 3231/3231/3231 3231/3231/3231 
f 3231/3231/3231 3232/3232/3232 3231/3231/3231 
f 3231/3231/3231 3232/3232/3232 3226/3226/3226 
f 3232/3232/3232 3224/3224/3224 3226/3226/3226 
f 3226/3226/3226 3224/3224/3224 3224/3224/3224 
f 3224/3224/3224 3233/3233/3233 3224/3224/3224 
f 3224/3224/3224 3233/3233/3233 3233/3233/3233 
f 3233/3233/3233 3234/3234/3234 3233/3233/3233 
f 3233/3233/3233 3234/3234/3234 3235/3235/3235 
f 3234/3234/3234 3236/3236/3236 3235/3235/3235 
f 3235/3235/3235 3236/3236/3236 3237/3237/3237 
f 3236/3236/3236 3237/3237/3237 3237/3237/3237 
f 3237/3237/3237 3237/3237/3237 3238/3238/3238 
f 3237/3237/3237 3238/3238/3238 3238/3238/3238 
f 3238/3238/3238 3238/3238/3238 3238/3238/3238 
f 3238/3238/3238 3239/3239/3239 3238/3238/3238 
f 3238/3238/3238 3239/3239/3239 3240/3240/3240 
f 3239/3239/3239 3241/3241/3241 3240/3240/3240 
f 3240/3240/3240 3241/3241/3241 3242/3242/3242 
f 3241/3241/3241 3243/3243/3243 3242/3242/3242 
f 3242/3242/3242 3243/3243/3243 3244/3244/3244 
f 3243/3243/3243 3245/3245/3245 3244/3244/3244 
f 3244/3244/3244 3245/3245/3245 3246/3246/3246 
f 3245/3245/3245 3247/3247/3247 3246/3246/3246 
f 3246/3246/3246 3247/3247/3247 3248/3248/3248 
f 3247/3247/3247 3249/3249/3249 3248/3248/3248 
f 3248/3248/3248 3249/3249/3249 3250/3250/3250 
f 3249/3249/3249 3251/3251/3251 3250/3250/3250 
f 3250/3250/3250 3251/3251/3251 3252/3252/3252 
f 3251/3251/3251 3253/3253/3253 3252/3252/3252 
f 3252/3252/3252 3253/3253/3253 3238/3238/3238 
f 3253/3253/3253 3239/3239/3239 3238/3238/3238 
f 3238/3238/3238 3239/3239/3239 3239/3239/3239 
f 3239/3239/3239 3253/3253/3253 3239/3239/3239 
f 3239/3239/3239 3253/3253/3253 3253/3253/3253 
f 3253/3253/3253 3254/3254/3254 3253/3253/3253 
f 3253/3253/3253 3254/3254/3254 3239/3239/3239 
f 3254/3254/3254 3255/3255/3255 3239/3239/3239 
f 3239/3239/3239 3255/3255/3255 3241/3241/3241 
f 3255/3255/3255 3256/3256/3256 3241/3241/3241 
f 3241/3241/3241 3256/3256/3256 3243/3243/3243 
f 3256/3256/3256 3257/3257/3257 3243/3243/3243 
f 3243/3243/3243 3257/3257/3257 3245/3245/3245 
f 3257/3257/3257 3258/3258/3258 3245/3245/3245 
f 3245/3245/3245 3258/3258/3258 3247/3247/3247 
f 3258/3258/3258 3259/3259/3259 3247/3247/3247 
f 3247/3247/3247 3259/3259/3259 3249/3249/3249 
f 3259/3259/3259 3260/3260/3260 3249/3249/3249 
f 3249/3249/3249 3260/3260/3260 3251/3251/3251 
f 3260/3260/3260 3261/3261/3261 3251/3251/3251 
f 3251/3251/3251 3261/3261/3261 3253/3253/3253 
f 3261/3261/3261 3254/3254/3254 3253/3253/3253 
f 3253/3253/3253 3254/3254/3254 3254/3254/3254 
f 3254/3254/3254 3261/3261/3261 3254/3254/3254 
f 3254/3254/3254 3261/3261/3261 3261/3261/3261 
f 3261/3261/3261 3262/3262/3262 3261/3261/3261 
f 3261/3261/3261 3262/3262/3262 3254/3254/3254 
f 3262/3262/3262 3263/3263/3263 3254/3254/3254 
f 3254/3254/3254 3263/3263/3263 3255/3255/3255 
f 3263/3263/3263 3264/3264/3264 3255/3255/3255 
f 3255/3255/3255 3264/3264/3264 3256/3256/3256 
f 3264/3264/3264 3265/3265/3265 3256/3256/3256 
f 3256/3256/3256 3265/3265/3265 3257/3257/3257 
f 3265/3265/3265 3266/3266/3266 3257/3257/3257 
f 3257/3257/3257 3266/3266/3266 3258/3258/3258 
f 3266/3266/3266 3267/3267/3267 3258/3258/3258 
f 3258/3258/3258 3267/3267/3267 3259/3259/3259 
f 3267/3267/3267 3268/3268/3268 3259/3259/3259 
f 3259/3259/3259 3268/3268/3268 3260/3260/3260 
f 3268/3268/3268 3269/3269/3269 3260/3260/3260 
f 3260/3260/3260 3269/3269/3269 3261/3261/3261 
f 3269/3269/3269 3262/3262/3262 3261/3261/3261 
f 3261/3261/3261 3262/3262/3262 3262/3262/3262 
f 3262/3262/3262 3242/3242/3242 3262/3262/3262 
f 3262/3262/3262 3242/3242/3242 3242/3242/3242 
f 3242/3242/3242 3244/3244/3244 3242/3242/3242 
f 3242/3242/3242 3244/3244/3244 3270/3270/3270 
f 3244/3244/3244 3271/3271/3271 3270/3270/3270 
f 3270/3270/3270 3271/3271/3271 3271/3271/3271 
f 3271/3271/3271 3244/3244/3244 3271/3271/3271 
f 3271/3271/3271 3244/3244/3244 3244/3244/3244 
f 3244/3244/3244 3246/3246/3246 3244/3244/3244 
f 3244/3244/3244 3246/3246/3246 3271/3271/3271 
f 3246/3246/3246 3248/3248/3248 3271/3271/3271 
f 3271/3271/3271 3248/3248/3248 3248/3248/3248 
f 3248/3248/3248 3272/3272/3272 3248/3248/3248 
f 3248/3248/3248 3272/3272/3272 3272/3272/3272 
f 3272/3272/3272 3273/3273/3273 3272/3272/3272 
f 3272/3272/3272 3273/3273/3273 3274/3274/3274 
f 3273/3273/3273 3275/3275/3275 3274/3274/3274 
f 3274/3274/3274 3275/3275/3275 3276/3276/3276 
f 3275/3275/3275 3277/3277/3277 3276/3276/3276 
f 3276/3276/3276 3277/3277/3277 3278/3278/3278 
f 3277/3277/3277 3279/3279/3279 3278/3278/3278 
f 3278/3278/3278 3279/3279/3279 3272/3272/3272 
f 3279/3279/3279 3273/3273/3273 3272/3272/3272 
f 3272/3272/3272 3273/3273/3273 3273/3273/3273 
f 3273/3273/3273 3279/3279/3279 3273/3273/3273 
f 3273/3273/3273 3279/3279/3279 3279/3279/3279 
f 3279/3279/3279 3277/3277/3277 3279/3279/3279 
f 3279/3279/3279 3277/3277/3277 3273/3273/3273 
f 3277/3277/3277 3275/3275/3275 3273/3273/3273 
f 3273/3273/3273 3275/3275/3275 3275/3275/3275 
f 3275/3275/3275 3280/3280/3280 3275/3275/3275 
f 3275/3275/3275 3280/3280/3280 3280/3280/3280 
f 3280/3280/3280 3281/3281/3281 3280/3280/3280 
f 3280/3280/3280 3281/3281/3281 3282/3282/3282 
f 3281/3281/3281 3283/3283/3283 3282/3282/3282 
f 3282/3282/3282 3283/3283/3283 3284/3284/3284 
f 3283/3283/3283 3285/3285/3285 3284/3284/3284 
f 3284/3284/3284 3285/3285/3285 3286/3286/3286 
f 3285/3285/3285 3287/3287/3287 3286/3286/3286 
f 3286/3286/3286 3287/3287/3287 3288/3288/3288 
f 3287/3287/3287 3289/3289/3289 3288/3288/3288 
f 3288/3288/3288 3289/3289/3289 3290/3290/3290 
f 3289/3289/3289 3291/3291/3291 3290/3290/3290 
f 3290/3290/3290 3291/3291/3291 3292/3292/3292 
f 3291/3291/3291 3293/3293/3293 3292/3292/3292 
f 3292/3292/3292 3293/3293/3293 3294/3294/3294 
f 3293/3293/3293 3295/3295/3295 3294/3294/3294 
f 3294/3294/3294 3295/3295/3295 3296/3296/3296 
f 3295/3295/3295 3297/3297/3297 3296/3296/3296 
f 3296/3296/3296 3297/3297/3297 3298/3298/3298 
f 3297/3297/3297 3299/3299/3299 3298/3298/3298 
f 3298/3298/3298 3299/3299/3299 3300/3300/3300 
f 3299/3299/3299 3301/3301/3301 3300/3300/3300 
f 3300/3300/3300 3301/3301/3301 3302/3302/3302 
f 3301/3301/3301 3303/3303/3303 3302/3302/3302 
f 3302/3302/3302 3303/3303/3303 3304/3304/3304 
f 3303/3303/3303 3305/3305/3305 3304/3304/3304 
f 3304/3304/3304 3305/3305/3305 3306/3306/3306 
f 3305/3305/3305 3307/3307/3307 3306/3306/3306 
f 3306/3306/3306 3307/3307/3307 3308/3308/3308 
f 3307/3307/3307 3309/3309/3309 3308/3308/3308 
f 3308/3308/3308 3309/3309/3309 3310/3310/3310 
f 3309/3309/3309 3311/3311/3311 3310/3310/3310 
f 3310/3310/3310 3311/3311/3311 3312/3312/3312 
f 3311/3311/3311 3313/3313/3313 3312/3312/3312 
f 3312/3312/3312 3313/3313/3313 3314/3314/3314 
f 3313/3313/3313 3315/3315/3315 3314/3314/3314 
f 3314/3314/3314 3315/3315/3315 3316/3316/3316 
f 3315/3315/3315 3317/3317/3317 3316/3316/3316 
f 3316/3316/3316 3317/3317/3317 3318/3318/3318 
f 3317/3317/3317 3319/3319/3319 3318/3318/3318 
f 3318/3318/3318 3319/3319/3319 3280/3280/3280 
f 3319/3319/3319 3281/3281/3281 3280/3280/3280 
f 3280/3280/3280 3281/3281/3281 3281/3281/3281 
f 3281/3281/3281 3319/3319/3319 3281/3281/3281 
f 3281/3281/3281 3319/3319/3319 3319/3319/3319 
f 3319/3319/3319 3320/3320/3320 3319/3319/3319 
f 3319/3319/3319 3320/3320/3320 3281/3281/3281 
f 3320/3320/3320 3321/3321/3321 3281/3281/3281 
f 3281/3281/3281 3321/3321/3321 3283/3283/3283 
f 3321/3321/3321 3322/3322/3322 3283/3283/3283 
f 3283/3283/3283 3322/3322/3322 3285/3285/3285 
f 3322/3322/3322 3323/3323/3323 3285/3285/3285 
f 3285/3285/3285 3323/3323/3323 3287/3287/3287 
f 3323/3323/3323 3324/3324/3324 3287/3287/3287 
f 3287/3287/3287 3324/3324/3324 3289/3289/3289 
f 3324/3324/3324 3325/3325/3325 3289/3289/3289 
f 3289/3289/3289 3325/3325/3325 3291/3291/3291 
f 3325/3325/3325 3326/3326/3326 3291/3291/3291 
f 3291/3291/3291 3326/3326/3326 3293/3293/3293 
f 3326/3326/3326 3327/3327/3327 3293/3293/3293 
f 3293/3293/3293 3327/3327/3327 3295/3295/3295 
f 3327/3327/3327 3328/3328/3328 3295/3295/3295 
f 3295/3295/3295 3328/3328/3328 3297/3297/3297 
f 3328/3328/3328 3329/3329/3329 3297/3297/3297 
f 3297/3297/3297 3329/3329/3329 3299/3299/3299 
f 3329/3329/3329 3330/3330/3330 3299/3299/3299 
f 3299/3299/3299 3330/3330/3330 3301/3301/3301 
f 3330/3330/3330 3331/3331/3331 3301/3301/3301 
f 3301/3301/3301 3331/3331/3331 3303/3303/3303 
f 3331/3331/3331 3332/3332/3332 3303/3303/3303 
f 3303/3303/3303 3332/3332/3332 3305/3305/3305 
f 3332/3332/3332 3333/3333/3333 3305/3305/3305 
f 3305/3305/3305 3333/3333/3333 3307/3307/3307 
f 3333/3333/3333 3334/3334/3334 3307/3307/3307 
f 3307/3307/3307 3334/3334/3334 3309/3309/3309 
f 3334/3334/3334 3335/3335/3335 3309/3309/3309 
f 3309/3309/3309 3335/3335/3335 3311/3311/3311 
f 3335/3335/3335 3336/3336/3336 3311/3311/3311 
f 3311/3311/3311 3336/3336/3336 3313/3313/3313 
f 3336/3336/3336 3337/3337/3337 3313/3313/3313 
f 3313/3313/3313 3337/3337/3337 3315/3315/3315 
f 3337/3337/3337 3338/3338/3338 3315/3315/3315 
f 3315/3315/3315 3338/3338/3338 3317/3317/3317 
f 3338/3338/3338 3339/3339/3339 3317/3317/3317 
f 3317/3317/3317 3339/3339/3339 3319/3319/3319 
f 3339/3339/3339 3320/3320/3320 3319/3319/3319 
f 3319/3319/3319 3320/3320/3320 3320/3320/3320 
f 3320/3320/3320 3339/3339/3339 3320/3320/3320 
f 3320/3320/3320 3339/3339/3339 3339/3339/3339 
f 3339/3339/3339 3340/3340/3340 3339/3339/3339 
f 3339/3339/3339 3340/3340/3340 3320/3320/3320 
f 3340/3340/3340 3341/3341/3341 3320/3320/3320 
f 3320/3320/3320 3341/3341/3341 3321/3321/3321 
f 3341/3341/3341 3342/3342/3342 3321/3321/3321 
f 3321/3321/3321 3342/3342/3342 3322/3322/3322 
f 3342/3342/3342 3343/3343/3343 3322/3322/3322 
f 3322/3322/3322 3343/3343/3343 3323/3323/3323 
f 3343/3343/3343 3344/3344/3344 3323/3323/3323 
f 3323/3323/3323 3344/3344/3344 3324/3324/3324 
f 3344/3344/3344 3345/3345/3345 3324/3324/3324 
f 3324/3324/3324 3345/3345/3345 3325/3325/3325 
f 3345/3345/3345 3346/3346/3346 3325/3325/3325 
f 3325/3325/3325 3346/3346/3346 3326/3326/3326 
f 3346/3346/3346 3347/3347/3347 3326/3326/3326 
f 3326/3326/3326 3347/3347/3347 3327/3327/3327 
f 3347/3347/3347 3348/3348/3348 3327/3327/3327 
f 3327/3327/3327 3348/3348/3348 3328/3328/3328 
f 3348/3348/3348 3349/3349/3349 3328/3328/3328 
f 3328/3328/3328 3349/3349/3349 3329/3329/3329 
f 3349/3349/3349 3350/3350/3350 3329/3329/3329 
f 3329/3329/3329 3350/3350/3350 3330/3330/3330 
f 3350/3350/3350 3351/3351/3351 3330/3330/3330 
f 3330/3330/3330 3351/3351/3351 3331/3331/3331 
f 3351/3351/3351 3352/3352/3352 3331/3331/3331 
f 3331/3331/3331 3352/3352/3352 3332/3332/3332 
f 3352/3352/3352 3353/3353/3353 3332/3332/3332 
f 3332/3332/3332 3353/3353/3353 3333/3333/3333 
f 3353/3353/3353 3354/3354/3354 3333/3333/3333 
f 3333/3333/3333 3354/3354/3354 3334/3334/3334 
f 3354/3354/3354 3355/3355/3355 3334/3334/3334 
f 3334/3334/3334 3355/3355/3355 3335/3335/3335 
f 3355/3355/3355 3356/3356/3356 3335/3335/3335 
f 3335/3335/3335 3356/3356/3356 3336/3336/3336 
f 3356/3356/3356 3357/3357/3357 3336/3336/3336 
f 3336/3336/3336 3357/3357/3357 3337/3337/3337 
f 3357/3357/3357 3358/3358/3358 3337/3337/3337 
f 3337/3337/3337 3358/3358/3358 3338/3338/3338 
f 3358/3358/3358 3359/3359/3359 3338/3338/3338 
f 3338/3338/3338 3359/3359/3359 3339/3339/3339 
f 3359/3359/3359 3340/3340/3340 3339/3339/3339 
f 3339/3339/3339 3340/3340/3340 3340/3340/3340 
f 3340/3340/3340 3359/3359/3359 3340/3340/3340 
f 3340/3340/3340 3359/3359/3359 3359/3359/3359 
f 3359/3359/3359 3360/3360/3360 3359/3359/3359 
f 3359/3359/3359 3360/3360/3360 3340/3340/3340 
f 3360/3360/3360 3361/3361/3361 3340/3340/3340 
f 3340/3340/3340 3361/3361/3361 3341/3341/3341 
f 3361/3361/3361 3362/3362/3362 3341/3341/3341 
f 3341/3341/3341 3362/3362/3362 3342/3342/3342 
f 3362/3362/3362 3363/3363/3363 3342/3342/3342 
f 3342/3342/3342 3363/3363/3363 3343/3343/3343 
f 3363/3363/3363 3364/3364/3364 3343/3343/3343 
f 3343/3343/3343 3364/3364/3364 3344/3344/3344 
f 3364/3364/3364 3365/3365/3365 3344/3344/3344 
f 3344/3344/3344 3365/3365/3365 3345/3345/3345 
f 3365/3365/3365 3366/3366/3366 3345/3345/3345 
f 3345/3345/3345 3366/3366/3366 3346/3346/3346 
f 3366/3366/3366 3367/3367/3367 3346/3346/3346 
f 3346/3346/3346 3367/3367/3367 3347/3347/3347 
f 3367/3367/3367 3368/3368/3368 3347/3347/3347 
f 3347/3347/3347 3368/3368/3368 3348/3348/3348 
f 3368/3368/3368 3369/3369/3369 3348/3348/3348 
f 3348/3348/3348 3369/3369/3369 3349/3349/3349 
f 3369/3369/3369 3370/3370/3370 3349/3349/3349 
f 3349/3349/3349 3370/3370/3370 3350/3350/3350 
f 3370/3370/3370 3371/3371/3371 3350/3350/3350 
f 3350/3350/3350 3371/3371/3371 3351/3351/3351 
f 3371/3371/3371 3372/3372/3372 3351/3351/3351 
f 3351/3351/3351 3372/3372/3372 3352/3352/3352 
f 3372/3372/3372 3373/3373/3373 3352/3352/3352 
f 3352/3352/3352 3373/3373/3373 3353/3353/3353 
f 3373/3373/3373 3374/3374/3374 3353/3353/3353 
f 3353/3353/3353 3374/3374/3374 3354/3354/3354 
f 3374/3374/3374 3375/3375/3375 3354/3354/3354 
f 3354/3354/3354 3375/3375/3375 3355/3355/3355 
f 3375/3375/3375 3376/3376/3376 3355/3355/3355 
f 3355/3355/3355 3376/3376/3376 3356/3356/3356 
f 3376/3376/3376 3377/3377/3377 3356/3356/3356 
f 3356/3356/3356 3377/3377/3377 3357/3357/3357 
f 3377/3377/3377 3378/3378/3378 3357/3357/3357 
f 3357/3357/3357 3378/3378/3378 3358/3358/3358 
f 3378/3378/3378 3379/3379/3379 3358/3358/3358 
f 3358/3358/3358 3379/3379/3379 3359/3359/3359 
f 3379/3379/3379 3360/3360/3360 3359/3359/3359 
f 3359/3359/3359 3360/3360/3360 3360/3360/3360 
f 3360/3360/3360 3379/3379/3379 3360/3360/3360 
f 3360/3360/3360 3379/3379/3379 3379/3379/3379 
f 3379/3379/3379 3380/3380/3380 3379/3379/3379 
f 3379/3379/3379 3380/3380/3380 3360/3360/3360 
f 3380/3380/3380 3381/3381/3381 3360/3360/3360 
f 3360/3360/3360 3381/3381/3381 3361/3361/3361 
f 3381/3381/3381 3382/3382/3382 3361/3361/3361 
f 3361/3361/3361 3382/3382/3382 3362/3362/3362 
f 3382/3382/3382 3383/3383/3383 3362/3362/3362 
f 3362/3362/3362 3383/3383/3383 3363/3363/3363 
f 3383/3383/3383 3384/3384/3384 3363/3363/3363 
f 3363/3363/3363 3384/3384/3384 3364/3364/3364 
f 3384/3384/3384 3385/3385/3385 3364/3364/3364 
f 3364/3364/3364 3385/3385/3385 3365/3365/3365 
f 3385/3385/3385 3386/3386/3386 3365/3365/3365 
f 3365/3365/3365 3386/3386/3386 3366/3366/3366 
f 3386/3386/3386 3387/3387/3387 3366/3366/3366 
f 3366/3366/3366 3387/3387/3387 3367/3367/3367 
f 3387/3387/3387 3388/3388/3388 3367/3367/3367 
f 3367/3367/3367 3388/3388/3388 3368/3368/3368 
f 3388/3388/3388 3389/3389/3389 3368/3368/3368 
f 3368/3368/3368 3389/3389/3389 3369/3369/3369 
f 3389/3389/3389 3390/3390/3390 3369/3369/3369 
f 3369/3369/3369 3390/3390/3390 3370/3370/3370 
f 3390/3390/3390 3391/3391/3391 3370/3370/3370 
f 3370/3370/3370 3391/3391/3391 3371/3371/3371 
f 3391/3391/3391 3392/3392/3392 3371/3371/3371 
f 3371/3371/3371 3392/3392/3392 3372/3372/3372 
f 3392/3392/3392 3393/3393/3393 3372/3372/3372 
f 3372/3372/3372 3393/3393/3393 3373/3373/3373 
f 3393/3393/3393 3394/3394/3394 3373/3373/3373 
f 3373/3373/3373 3394/3394/3394 3374/3374/3374 
f 3394/3394/3394 3395/3395/3395 3374/3374/3374 
f 3374/3374/3374 3395/3395/3395 3375/3375/3375 
f 3395/3395/3395 3396/3396/3396 3375/3375/3375 
f 3375/3375/3375 3396/3396/3396 3376/3376/3376 
f 3396/3396/3396 3397/3397/3397 3376/3376/3376 
f 3376/3376/3376 3397/3397/3397 3377/3377/3377 
f 3397/3397/3397 3398/3398/3398 3377/3377/3377 
f 3377/3377/3377 3398/3398/3398 3378/3378/3378 
f 3398/3398/3398 3399/3399/3399 3378/3378/3378 
f 3378/3378/3378 3399/3399/3399 3379/3379/3379 
f 3399/3399/3399 3380/3380/3380 3379/3379/3379 
f 3379/3379/3379 3380/3380/3380 3380/3380/3380 
f 3380/3380/3380 3399/3399/3399 3380/3380/3380 
f 3380/3380/3380 3399/3399/3399 3400/3400/3400 
f 3399/3399/3399 3398/3398/3398 3400/3400/3400 
f 3400/3400/3400 3398/3398/3398 3397/3397/3397 
f 3398/3398/3398 3397/3397/3397 3397/3397/3397 
f 3397/3397/3397 3397/3397/3397 3397/3397/3397 
f 3397/3397/3397 3396/3396/3396 3397/3397/3397 
f 3397/3397/3397 3396/3396/3396 3400/3400/3400 
f 3396/3396/3396 3395/3395/3395 3400/3400/3400 
f 3400/3400/3400 3395/3395/3395 3394/3394/3394 
f 3395/3395/3395 3394/3394/3394 3394/3394/3394 
f 3394/3394/3394 3394/3394/3394 3394/3394/3394 
f 3394/3394/3394 3393/3393/3393 3394/3394/3394 
f 3394/3394/3394 3393/3393/3393 3400/3400/3400 
f 3393/3393/3393 3392/3392/3392 3400/3400/3400 
f 3400/3400/3400 3392/3392/3392 3391/3391/3391 
f 3392/3392/3392 3391/3391/3391 3391/3391/3391 
f 3391/3391/3391 3391/3391/3391 3391/3391/3391 
f 3391/3391/3391 3390/3390/3390 3391/3391/3391 
f 3391/3391/3391 3390/3390/3390 3400/3400/3400 
f 3390/3390/3390 3389/3389/3389 3400/3400/3400 
f 3400/3400/3400 3389/3389/3389 3388/3388/3388 
f 3389/3389/3389 3388/3388/3388 3388/3388/3388 
f 3388/3388/3388 3388/3388/3388 3388/3388/3388 
f 3388/3388/3388 3387/3387/3387 3388/3388/3388 
f 3388/3388/3388 3387/3387/3387 3400/3400/3400 
f 3387/3387/3387 3386/3386/3386 3400/3400/3400 
f 3400/3400/3400 3386/3386/3386 3385/3385/3385 
f 3386/3386/3386 3385/3385/3385 3385/3385/3385 
f 3385/3385/3385 3385/3385/3385 3385/3385/3385 
f 3385/3385/3385 3384/3384/3384 3385/3385/3385 
f 3385/3385/3385 3384/3384/3384 3400/3400/3400 
f 3384/3384/3384 3383/3383/3383 3400/3400/3400 
f 3400/3400/3400 3383/3383/3383 3382/3382/3382 
f 3383/3383/3383 3382/3382/3382 3382/3382/3382 
f 3382/3382/3382 3382/3382/3382 3382/3382/3382 
f 3382/3382/3382 3381/3381/3381 3382/3382/3382 
f 3382/3382/3382 3381/3381/3381 3400/3400/3400 
f 3381/3381/3381 3380/3380/3380 3400/3400/3400 
f 3400/3400/3400 3380/3380/3380 3380/3380/3380 
f 3380/3380/3380 3401/3401/3401 3380/3380/3380 
f 3380/3380/3380 3401/3401/3401 3401/3401/3401 
f 3401/3401/3401 3402/3402/3402 3401/3401/3401 
f 3401/3401/3401 3402/3402/3402 3403/3403/3403 
f 3402/3402/3402 3404/3404/3404 3403/3403/3403 
f 3403/3403/3403 3404/3404/3404 3405/3405/3405 
f 3404/3404/3404 3406/3406/3406 3405/3405/3405 
f 3405/3405/3405 3406/3406/3406 3407/3407/3407 
f 3406/3406/3406 3408/3408/3408 3407/3407/3407 
f 3407/3407/3407 3408/3408/3408 3409/3409/3409 
f 3408/3408/3408 3410/3410/3410 3409/3409/3409 
f 3409/3409/3409 3410/3410/3410 3411/3411/3411 
f 3410/3410/3410 3412/3412/3412 3411/3411/3411 
f 3411/3411/3411 3412/3412/3412 3413/3413/3413 
f 3412/3412/3412 3414/3414/3414 3413/3413/3413 
f 3413/3413/3413 3414/3414/3414 3415/3415/3415 
f 3414/3414/3414 3416/3416/3416 3415/3415/3415 
f 3415/3415/3415 3416/3416/3416 3401/3401/3401 
f 3416/3416/3416 3402/3402/3402 3401/3401/3401 
f 3401/3401/3401 3402/3402/3402 3402/3402/3402 
f 3402/3402/3402 3416/3416/3416 3402/3402/3402 
f 3402/3402/3402 3416/3416/3416 3416/3416/3416 
f 3416/3416/3416 3417/3417/3417 3416/3416/3416 
f 3416/3416/3416 3417/3417/3417 3402/3402/3402 
f 3417/3417/3417 3418/3418/3418 3402/3402/3402 
f 3402/3402/3402 3418/3418/3418 3404/3404/3404 
f 3418/3418/3418 3419/3419/3419 3404/3404/3404 
f 3404/3404/3404 3419/3419/3419 3406/3406/3406 
f 3419/3419/3419 3420/3420/3420 3406/3406/3406 
f 3406/3406/3406 3420/3420/3420 3408/3408/3408 
f 3420/3420/3420 3421/3421/3421 3408/3408/3408 
f 3408/3408/3408 3421/3421/3421 3410/3410/3410 
f 3421/3421/3421 3422/3422/3422 3410/3410/3410 
f 3410/3410/3410 3422/3422/3422 3412/3412/3412 
f 3422/3422/3422 3423/3423/3423 3412/3412/3412 
f 3412/3412/3412 3423/3423/3423 3414/3414/3414 
f 3423/3423/3423 3424/3424/3424 3414/3414/3414 
f 3414/3414/3414 3424/3424/3424 3416/3416/3416 
f 3424/3424/3424 3417/3417/3417 3416/3416/3416 
f 3416/3416/3416 3417/3417/3417 3417/3417/3417 
f 3417/3417/3417 3423/3423/3423 3417/3417/3417 
f 3417/3417/3417 3423/3423/3423 3423/3423/3423 
f 3423/3423/3423 3421/3421/3421 3423/3423/3423 
f 3423/3423/3423 3421/3421/3421 3424/3424/3424 
f 3421/3421/3421 3420/3420/3420 3424/3424/3424 
f 3424/3424/3424 3420/3420/3420 3417/3417/3417 
f 3420/3420/3420 3419/3419/3419 3417/3417/3417 
f 3417/3417/3417 3419/3419/3419 3418/3418/3418 
f 3419/3419/3419 3418/3418/3418 3418/3418/3418 
f 3418/3418/3418 3418/3418/3418 3425/3425/3425 
f 3418/3418/3418 3425/3425/3425 3425/3425/3425 
f 3425/3425/3425 3425/3425/3425 3425/3425/3425 
f 3425/3425/3425 3426/3426/3426 3425/3425/3425 
f 3425/3425/3425 3426/3426/3426 3427/3427/3427 
f 3426/3426/3426 3428/3428/3428 3427/3427/3427 
f 3427/3427/3427 3428/3428/3428 3429/3429/3429 
f 3428/3428/3428 3430/3430/3430 3429/3429/3429 
f 3429/3429/3429 3430/3430/3430 3431/3431/3431 
f 3430/3430/3430 3432/3432/3432 3431/3431/3431 
f 3431/3431/3431 3432/3432/3432 3425/3425/3425 
f 3432/3432/3432 3426/3426/3426 3425/3425/3425 
f 3425/3425/3425 3426/3426/3426 3426/3426/3426 
f 3426/3426/3426 3432/3432/3432 3426/3426/3426 
f 3426/3426/3426 3432/3432/3432 3432/3432/3432 
f 3432/3432/3432 3433/3433/3433 3432/3432/3432 
f 3432/3432/3432 3433/3433/3433 3426/3426/3426 
f 3433/3433/3433 3434/3434/3434 3426/3426/3426 
f 3426/3426/3426 3434/3434/3434 3428/3428/3428 
f 3434/3434/3434 3435/3435/3435 3428/3428/3428 
f 3428/3428/3428 3435/3435/3435 3430/3430/3430 
f 3435/3435/3435 3436/3436/3436 3430/3430/3430 
f 3430/3430/3430 3436/3436/3436 3432/3432/3432 
f 3436/3436/3436 3433/3433/3433 3432/3432/3432 
f 3432/3432/3432 3433/3433/3433 3433/3433/3433 
f 3433/3433/3433 3437/3437/3437 3433/3433/3433 
f 3433/3433/3433 3437/3437/3437 3437/3437/3437 
f 3437/3437/3437 3438/3438/3438 3437/3437/3437 
f 3437/3437/3437 3438/3438/3438 3439/3439/3439 
f 3438/3438/3438 3440/3440/3440 3439/3439/3439 
f 3439/3439/3439 3440/3440/3440 3441/3441/3441 
f 3440/3440/3440 3442/3442/3442 3441/3441/3441 
f 3441/3441/3441 3442/3442/3442 3443/3443/3443 
f 3442/3442/3442 3444/3444/3444 3443/3443/3443 
f 3443/3443/3443 3444/3444/3444 3445/3445/3445 
f 3444/3444/3444 3446/3446/3446 3445/3445/3445 
f 3445/3445/3445 3446/3446/3446 3447/3447/3447 
f 3446/3446/3446 3448/3448/3448 3447/3447/3447 
f 3447/3447/3447 3448/3448/3448 3449/3449/3449 
f 3448/3448/3448 3450/3450/3450 3449/3449/3449 
f 3449/3449/3449 3450/3450/3450 3451/3451/3451 
f 3450/3450/3450 3452/3452/3452 3451/3451/3451 
f 3451/3451/3451 3452/3452/3452 3453/3453/3453 
f 3452/3452/3452 3454/3454/3454 3453/3453/3453 
f 3453/3453/3453 3454/3454/3454 3455/3455/3455 
f 3454/3454/3454 3456/3456/3456 3455/3455/3455 
f 3455/3455/3455 3456/3456/3456 3457/3457/3457 
f 3456/3456/3456 3458/3458/3458 3457/3457/3457 
f 3457/3457/3457 3458/3458/3458 3459/3459/3459 
f 3458/3458/3458 3460/3460/3460 3459/3459/3459 
f 3459/3459/3459 3460/3460/3460 3461/3461/3461 
f 3460/3460/3460 3462/3462/3462 3461/3461/3461 
f 3461/3461/3461 3462/3462/3462 3463/3463/3463 
f 3462/3462/3462 3464/3464/3464 3463/3463/3463 
f 3463/3463/3463 3464/3464/3464 3465/3465/3465 
f 3464/3464/3464 3466/3466/3466 3465/3465/3465 
f 3465/3465/3465 3466/3466/3466 3467/3467/3467 
f 3466/3466/3466 3468/3468/3468 3467/3467/3467 
f 3467/3467/3467 3468/3468/3468 3469/3469/3469 
f 3468/3468/3468 3470/3470/3470 3469/3469/3469 
f 3469/3469/3469 3470/3470/3470 3471/3471/3471 
f 3470/3470/3470 3472/3472/3472 3471/3471/3471 
f 3471/3471/3471 3472/3472/3472 3473/3473/3473 
f 3472/3472/3472 3474/3474/3474 3473/3473/3473 
f 3473/3473/3473 3474/3474/3474 3475/3475/3475 
f 3474/3474/3474 3476/3476/3476 3475/3475/3475 
f 3475/3475/3475 3476/3476/3476 3477/3477/3477 
f 3476/3476/3476 3478/3478/3478 3477/3477/3477 
f 3477/3477/3477 3478/3478/3478 3479/3479/3479 
f 3478/3478/3478 3480/3480/3480 3479/3479/3479 
f 3479/3479/3479 3480/3480/3480 3437/3437/3437 
f 3480/3480/3480 3438/3438/3438 3437/3437/3437 
f 3437/3437/3437 3438/3438/3438 3438/3438/3438 
f 3438/3438/3438 3480/3480/3480 3438/3438/3438 
f 3438/3438/3438 3480/3480/3480 3480/3480/3480 
f 3480/3480/3480 3481/3481/3481 3480/3480/3480 
f 3480/3480/3480 3481/3481/3481 3438/3438/3438 
f 3481/3481/3481 3482/3482/3482 3438/3438/3438 
f 3438/3438/3438 3482/3482/3482 3440/3440/3440 
f 3482/3482/3482 3483/3483/3483 3440/3440/3440 
f 3440/3440/3440 3483/3483/3483 3442/3442/3442 
f 3483/3483/3483 3484/3484/3484 3442/3442/3442 
f 3442/3442/3442 3484/3484/3484 3444/3444/3444 
f 3484/3484/3484 3485/3485/3485 3444/3444/3444 
f 3444/3444/3444 3485/3485/3485 3446/3446/3446 
f 3485/3485/3485 3486/3486/3486 3446/3446/3446 
f 3446/3446/3446 3486/3486/3486 3448/3448/3448 
f 3486/3486/3486 3487/3487/3487 3448/3448/3448 
f 3448/3448/3448 3487/3487/3487 3450/3450/3450 
f 3487/3487/3487 3488/3488/3488 3450/3450/3450 
f 3450/3450/3450 3488/3488/3488 3452/3452/3452 
f 3488/3488/3488 3489/3489/3489 3452/3452/3452 
f 3452/3452/3452 3489/3489/3489 3454/3454/3454 
f 3489/3489/3489 3490/3490/3490 3454/3454/3454 
f 3454/3454/3454 3490/3490/3490 3456/3456/3456 
f 3490/3490/3490 3491/3491/3491 3456/3456/3456 
f 3456/3456/3456 3491/3491/3491 3458/3458/3458 
f 3491/3491/3491 3492/3492/3492 3458/3458/3458 
f 3458/3458/3458 3492/3492/3492 3460/3460/3460 
f 3492/3492/3492 3493/3493/3493 3460/3460/3460 
f 3460/3460/3460 3493/3493/3493 3462/3462/3462 
f 3493/3493/3493 3494/3494/3494 3462/3462/3462 
f 3462/3462/3462 3494/3494/3494 3464/3464/3464 
f 3494/3494/3494 3495/3495/3495 3464/3464/3464 
f 3464/3464/3464 3495/3495/3495 3466/3466/3466 
f 3495/3495/3495 3496/3496/3496 3466/3466/3466 
f 3466/3466/3466 3496/3496/3496 3468/3468/3468 
f 3496/3496/3496 3497/3497/3497 3468/3468/3468 
f 3468/3468/3468 3497/3497/3497 3470/3470/3470 
f 3497/3497/3497 3498/3498/3498 3470/3470/3470 
f 3470/3470/3470 3498/3498/3498 3472/3472/3472 
f 3498/3498/3498 3499/3499/3499 3472/3472/3472 
f 3472/3472/3472 3499/3499/3499 3474/3474/3474 
f 3499/3499/3499 3500/3500/3500 3474/3474/3474 
f 3474/3474/3474 3500/3500/3500 3476/3476/3476 
f 3500/3500/3500 3501/3501/3501 3476/3476/3476 
f 3476/3476/3476 3501/3501/3501 3478/3478/3478 
f 3501/3501/3501 3502/3502/3502 3478/3478/3478 
f 3478/3478/3478 3502/3502/3502 3480/3480/3480 
f 3502/3502/3502 3481/3481/3481 3480/3480/3480 
f 3480/3480/3480 3481/3481/3481 3481/3481/3481 
f 3481/3481/3481 3502/3502/3502 3481/3481/3481 
f 3481/3481/3481 3502/3502/3502 3502/3502/3502 
f 3502/3502/3502 3503/3503/3503 3502/3502/3502 
f 3502/3502/3502 3503/3503/3503 3481/3481/3481 
f 3503/3503/3503 3504/3504/3504 3481/3481/3481 
f 3481/3481/3481 3504/3504/3504 3482/3482/3482 
f 3504/3504/3504 3505/3505/3505 3482/3482/3482 
f 3482/3482/3482 3505/3505/3505 3483/3483/3483 
f 3505/3505/3505 3506/3506/3506 3483/3483/3483 
f 3483/3483/3483 3506/3506/3506 3484/3484/3484 
f 3506/3506/3506 3507/3507/3507 3484/3484/3484 
f 3484/3484/3484 3507/3507/3507 3485/3485/3485 
f 3507/3507/3507 3508/3508/3508 3485/3485/3485 
f 3485/3485/3485 3508/3508/3508 3486/3486/3486 
f 3508/3508/3508 3509/3509/3509 3486/3486/3486 
f 3486/3486/3486 3509/3509/3509 3487/3487/3487 
f 3509/3509/3509 3510/3510/3510 3487/3487/3487 
f 3487/3487/3487 3510/3510/3510 3488/3488/3488 
f 3510/3510/3510 3511/3511/3511 3488/3488/3488 
f 3488/3488/3488 3511/3511/3511 3489/3489/3489 
f 3511/3511/3511 3512/3512/3512 3489/3489/3489 
f 3489/3489/3489 3512/3512/3512 3490/3490/3490 
f 3512/3512/3512 3513/3513/3513 3490/3490/3490 
f 3490/3490/3490 3513/3513/3513 3491/3491/3491 
f 3513/3513/3513 3514/3514/3514 3491/3491/3491 
f 3491/3491/3491 3514/3514/3514 3492/3492/3492 
f 3514/3514/3514 3515/3515/3515 3492/3492/3492 
f 3492/3492/3492 3515/3515/3515 3493/3493/3493 
f 3515/3515/3515 3516/3516/3516 3493/3493/3493 
f 3493/3493/3493 3516/3516/3516 3494/3494/3494 
f 3516/3516/3516 3517/3517/3517 3494/3494/3494 
f 3494/3494/3494 3517/3517/3517 3495/3495/3495 
f 3517/3517/3517 3518/3518/3518 3495/3495/3495 
f 3495/3495/3495 3518/3518/3518 3496/3496/3496 
f 3518/3518/3518 3519/3519/3519 3496/3496/3496 
f 3496/3496/3496 3519/3519/3519 3497/3497/3497 
f 3519/3519/3519 3520/3520/3520 3497/3497/3497 
f 3497/3497/3497 3520/3520/3520 3498/3498/3498 
f 3520/3520/3520 3521/3521/3521 3498/3498/3498 
f 3498/3498/3498 3521/3521/3521 3499/3499/3499 
f 3521/3521/3521 3522/3522/3522 3499/3499/3499 
f 3499/3499/3499 3522/3522/3522 3500/3500/3500 
f 3522/3522/3522 3523/3523/3523 3500/3500/3500 
f 3500/3500/3500 3523/3523/3523 3501/3501/3501 
f 3523/3523/3523 3524/3524/3524 3501/3501/3501 
f 3501/3501/3501 3524/3524/3524 3502/3502/3502 
f 3524/3524/3524 3503/3503/3503 3502/3502/3502 
f 3502/3502/3502 3503/3503/3503 3503/3503/3503 
f 3503/3503/3503 3524/3524/3524 3503/3503/3503 
f 3503/3503/3503 3524/3524/3524 3524/3524/3524 
f 3524/3524/3524 3525/3525/3525 3524/3524/3524 
f 3524/3524/3524 3525/3525/3525 3503/3503/3503 
f 3525/3525/3525 3526/3526/3526 3503/3503/3503 
f 3503/3503/3503 3526/3526/3526 3504/3504/3504 
f 3526/3526/3526 3527/3527/3527 3504/3504/3504 
f 3504/3504/3504 3527/3527/3527 3505/3505/3505 
f 3527/3527/3527 3528/3528/3528 3505/3505/3505 
f 3505/3505/3505 3528/3528/3528 3506/3506/3506 
f 3528/3528/3528 3529/3529/3529 3506/3506/3506 
f 3506/3506/3506 3529/3529/3529 3507/3507/3507 
f 3529/3529/3529 3530/3530/3530 3507/3507/3507 
f 3507/3507/3507 3530/3530/3530 3508/3508/3508 
f 3530/3530/3530 3531/3531/3531 3508/3508/3508 
f 3508/3508/3508 3531/3531/3531 3509/3509/3509 
f 3531/3531/3531 3532/3532/3532 3509/3509/3509 
f 3509/3509/3509 3532/3532/3532 3510/3510/3510 
f 3532/3532/3532 3533/3533/3533 3510/3510/3510 
f 3510/3510/3510 3533/3533/3533 3511/3511/3511 
f 3533/3533/3533 3534/3534/3534 3511/3511/3511 
f 3511/3511/3511 3534/3534/3534 3512/3512/3512 
f 3534/3534/3534 3535/3535/3535 3512/3512/3512 
f 3512/3512/3512 3535/3535/3535 3513/3513/3513 
f 3535/3535/3535 3536/3536/3536 3513/3513/3513 
f 3513/3513/3513 3536/3536/3536 3514/3514/3514 
f 3536/3536/3536 3537/3537/3537 3514/3514/3514 
f 3514/3514/3514 3537/3537/3537 3515/3515/3515 
f 3537/3537/3537 3538/3538/3538 3515/3515/3515 
f 3515/3515/3515 3538/3538/3538 3516/3516/3516 
f 3538/3538/3538 3539/3539/3539 3516/3516/3516 
f 3516/3516/3516 3539/3539/3539 3517/3517/3517 
f 3539/3539/3539 3540/3540/3540 3517/3517/3517 
f 3517/3517/3517 3540/3540/3540 3518/3518/3518 
f 3540/3540/3540 3541/3541/3541 3518/3518/3518 
f 3518/3518/3518 3541/3541/3541 3519/3519/3519 
f 3541/3541/3541 3542/3542/3542 3519/3519/3519 
f 3519/3519/3519 3542/3542/3542 3520/3520/3520 
f 3542/3542/3542 3543/3543/3543 3520/3520/3520 
f 3520/3520/3520 3543/3543/3543 3521/3521/3521 
f 3543/3543/3543 3544/3544/3544 3521/3521/3521 
f 3521/3521/3521 3544/3544/3544 3522/3522/3522 
f 3544/3544/3544 3545/3545/3545 3522/3522/3522 
f 3522/3522/3522 3545/3545/3545 3523/3523/3523 
f 3545/3545/3545 3546/3546/3546 3523/3523/3523 
f 3523/3523/3523 3546/3546/3546 3524/3524/3524 
f 3546/3546/3546 3525/3525/3525 3524/3524/3524 
f 3524/3524/3524 3525/3525/3525 3525/3525/3525 
f 3525/3525/3525 3546/3546/3546 3525/3525/3525 
f 3525/3525/3525 3546/3546/3546 3547/3547/3547 
f 3546/3546/3546 3545/3545/3545 3547/3547/3547 
f 3547/3547/3547 3545/3545/3545 3544/3544/3544 
f 3545/3545/3545 3544/3544/3544 3544/3544/3544 
f 3544/3544/3544 3544/3544/3544 3544/3544/3544 
f 3544/3544/3544 3543/3543/3543 3544/3544/3544 
f 3544/3544/3544 3543/3543/3543 3547/3547/3547 
f 3543/3543/3543 3542/3542/3542 3547/3547/3547 
f 3547/3547/3547 3542/3542/3542 3541/3541/3541 
f 3542/3542/3542 3541/3541/3541 3541/3541/3541 
f 3541/3541/3541 3541/3541/3541 3541/3541/3541 
f 3541/3541/3541 3540/3540/3540 3541/3541/3541 
f 3541/3541/3541 3540/3540/3540 3547/3547/3547 
f 3540/3540/3540 3539/3539/3539 3547/3547/3547 
f 3547/3547/3547 3539/3539/3539 3538/3538/3538 
f 3539/3539/3539 3538/3538/3538 3538/3538/3538 
f 3538/3538/3538 3538/3538/3538 3538/3538/3538 
f 3538/3538/3538 3537/3537/3537 3538/3538/3538 
f 3538/3538/3538 3537/3537/3537 3547/3547/3547 
f 3537/3537/3537 3536/3536/3536 3547/3547/3547 
f 3547/3547/3547 3536/3536/3536 3535/3535/3535 
f 3536/3536/3536 3535/3535/3535 3535/3535/3535 
f 3535/3535/3535 3535/3535/3535 3535/3535/3535 
f 3535/3535/3535 3534/3534/3534 3535/3535/3535 
f 3535/3535/3535 3534/3534/3534 3547/3547/3547 
f 3534/3534/3534 3533/3533/3533 3547/3547/3547 
f 3547/3547/3547 3533/3533/3533 3532/3532/3532 
f 3533/3533/3533 3532/3532/3532 3532/3532/3532 
f 3532/3532/3532 3532/3532/3532 3532/3532/3532 
f 3532/3532/3532 3531/3531/3531 3532/3532/3532 
f 3532/3532/3532 3531/3531/3531 3547/3547/3547 
f 3531/3531/3531 3530/3530/3530 3547/3547/3547 
f 3547/3547/3547 3530/3530/3530 3529/3529/3529 
f 3530/3530/3530 3529/3529/3529 3529/3529/3529 
f 3529/3529/3529 3529/3529/3529 3529/3529/3529 
f 3529/3529/3529 3528/3528/3528 3529/3529/3529 
f 3529/3529/3529 3528/3528/3528 3547/3547/3547 
f 3528/3528/3528 3527/3527/3527 3547/3547/3547 
f 3547/3547/3547 3527/3527/3527 3526/3526/3526 
f 3527/3527/3527 3526/3526/3526 3526/3526/3526 
f 3526/3526/3526 3526/3526/3526 3548/3548/3548 
f 3526/3526/3526 3548/3548/3548 3548/3548/3548 
f 3548/3548/3548 3548/3548/3548 3548/3548/3548 
f 3548/3548/3548 3549/3549/3549 3548/3548/3548 
f 3548/3548/3548 3549/3549/3549 3550/3550/3550 
f 3549/3549/3549 3551/3551/3551 3550/3550/3550 
f 3550/3550/3550 3551/3551/3551 3552/3552/3552 
f 3551/3551/3551 3553/3553/3553 3552/3552/3552 
f 3552/3552/3552 3553/3553/3553 3554/3554/3554 
f 3553/3553/3553 3555/3555/3555 3554/3554/3554 
f 3554/3554/3554 3555/3555/3555 3548/3548/3548 
f 3555/3555/3555 3549/3549/3549 3548/3548/3548 
f 3548/3548/3548 3549/3549/3549 3549/3549/3549 
f 3549/3549/3549 3555/3555/3555 3549/3549/3549 
f 3549/3549/3549 3555/3555/3555 3551/3551/3551 
f 3555/3555/3555 3553/3553/3553 3551/3551/3551 
f 3551/3551/3551 3553/3553/3553 3553/3553/3553 
f 3553/3553/3553 3556/3556/3556 3553/3553/3553 
f 3553/3553/3553 3556/3556/3556 3556/3556/3556 
f 3556/3556/3556 3557/3557/3557 3556/3556/3556 
f 3556/3556/3556 3557/3557/3557 3558/3558/3558 
f 3557/3557/3557 3559/3559/3559 3558/3558/3558 
f 3558/3558/3558 3559/3559/3559 3560/3560/3560 
f 3559/3559/3559 3561/3561/3561 3560/3560/3560 
f 3560/3560/3560 3561/3561/3561 3562/3562/3562 
f 3561/3561/3561 3563/3563/3563 3562/3562/3562 
f 3562/3562/3562 3563/3563/3563 3556/3556/3556 
f 3563/3563/3563 3557/3557/3557 3556/3556/3556 
f 3556/3556/3556 3557/3557/3557 3557/3557/3557 
f 3557/3557/3557 3563/3563/3563 3557/3557/3557 
f 3557/3557/3557 3563/3563/3563 3563/3563/3563 
f 3563/3563/3563 3561/3561/3561 3563/3563/3563 
f 3563/3563/3563 3561/3561/3561 3557/3557/3557 
f 3561/3561/3561 3559/3559/3559 3557/3557/3557 
f 3557/3557/3557 3559/3559/3559 3559/3559/3559 
f 3559/3559/3559 3564/3564/3564 3559/3559/3559 
f 3559/3559/3559 3564/3564/3564 3564/3564/3564 
f 3564/3564/3564 3565/3565/3565 3564/3564/3564 
f 3564/3564/3564 3565/3565/3565 3566/3566/3566 
f 3565/3565/3565 3567/3567/3567 3566/3566/3566 
f 3566/3566/3566 3567/3567/3567 3568/3568/3568 
f 3567/3567/3567 3569/3569/3569 3568/3568/3568 
f 3568/3568/3568 3569/3569/3569 3570/3570/3570 
f 3569/3569/3569 3571/3571/3571 3570/3570/3570 
f 3570/3570/3570 3571/3571/3571 3572/3572/3572 
f 3571/3571/3571 3573/3573/3573 3572/3572/3572 
f 3572/3572/3572 3573/3573/3573 3574/3574/3574 
f 3573/3573/3573 3575/3575/3575 3574/3574/3574 
f 3574/3574/3574 3575/3575/3575 3576/3576/3576 
f 3575/3575/3575 3577/3577/3577 3576/3576/3576 
f 3576/3576/3576 3577/3577/3577 3578/3578/3578 
f 3577/3577/3577 3579/3579/3579 3578/3578/3578 
f 3578/3578/3578 3579/3579/3579 3564/3564/3564 
f 3579/3579/3579 3565/3565/3565 3564/3564/3564 
f 3564/3564/3564 3565/3565/3565 3565/3565/3565 
f 3565/3565/3565 3579/3579/3579 3565/3565/3565 
f 3565/3565/3565 3579/3579/3579 3579/3579/3579 
f 3579/3579/3579 3580/3580/3580 3579/3579/3579 
f 3579/3579/3579 3580/3580/3580 3565/3565/3565 
f 3580/3580/3580 3581/3581/3581 3565/3565/3565 
f 3565/3565/3565 3581/3581/3581 3567/3567/3567 
f 3581/3581/3581 3582/3582/3582 3567/3567/3567 
f 3567/3567/3567 3582/3582/3582 3569/3569/3569 
f 3582/3582/3582 3583/3583/3583 3569/3569/3569 
f 3569/3569/3569 3583/3583/3583 3571/3571/3571 
f 3583/3583/3583 3584/3584/3584 3571/3571/3571 
f 3571/3571/3571 3584/3584/3584 3573/3573/3573 
f 3584/3584/3584 3585/3585/3585 3573/3573/3573 
f 3573/3573/3573 3585/3585/3585 3575/3575/3575 
f 3585/3585/3585 3586/3586/3586 3575/3575/3575 
f 3575/3575/3575 3586/3586/3586 3577/3577/3577 
f 3586/3586/3586 3587/3587/3587 3577/3577/3577 
f 3577/3577/3577 3587/3587/3587 3579/3579/3579 
f 3587/3587/3587 3580/3580/3580 3579/3579/3579 
f 3579/3579/3579 3580/3580/3580 3580/3580/3580 
f 3580/3580/3580 3584/3584/3584 3580/3580/3580 
f 3580/3580/3580 3584/3584/3584 3584/3584/3584 
f 3584/3584/3584 3582/3582/3582 3584/3584/3584 
f 3584/3584/3584 3582/3582/3582 3585/3585/3585 
f 3582/3582/3582 3581/3581/3581 3585/3585/3585 
f 3585/3585/3585 3581/3581/3581 3586/3586/3586 
f 3581/3581/3581 3580/3580/3580 3586/3586/3586 
f 3586/3586/3586 3580/3580/3580 3587/3587/3587 
f 3580/3580/3580 3587/3587/3587 3587/3587/3587 
f 3587/3587/3587 3587/3587/3587 3588/3588/3588 
f 3587/3587/3587 3588/3588/3588 3588/3588/3588 
f 3588/3588/3588 3588/3588/3588 3588/3588/3588 
f 3588/3588/3588 3589/3589/3589 3588/3588/3588 
f 3588/3588/3588 3589/3589/3589 3590/3590/3590 
f 3589/3589/3589 3591/3591/3591 3590/3590/3590 
f 3590/3590/3590 3591/3591/3591 3592/3592/3592 
f 3591/3591/3591 3593/3593/3593 3592/3592/3592 
f 3592/3592/3592 3593/3593/3593 3594/3594/3594 
f 3593/3593/3593 3595/3595/3595 3594/3594/3594 
f 3594/3594/3594 3595/3595/3595 3596/3596/3596 
f 3595/3595/3595 3597/3597/3597 3596/3596/3596 
f 3596/3596/3596 3597/3597/3597 3598/3598/3598 
f 3597/3597/3597 3591/3591/3591 3598/3598/3598 
f 3598/3598/3598 3591/3591/3591 3599/3599/3599 
f 3591/3591/3591 3589/3589/3589 3599/3599/3599 
f 3599/3599/3599 3589/3589/3589 3589/3589/3589 
f 3589/3589/3589 3588/3588/3588 3589/3589/3589 
f 3589/3589/3589 3588/3588/3588 3588/3588/3588 
f 3588/3588/3588 3590/3590/3590 3588/3588/3588 
f 3588/3588/3588 3590/3590/3590 3600/3600/3600 
f 3590/3590/3590 3592/3592/3592 3600/3600/3600 
f 3600/3600/3600 3592/3592/3592 3601/3601/3601 
f 3592/3592/3592 3602/3602/3602 3601/3601/3601 
f 3601/3601/3601 3602/3602/3602 3600/3600/3600 
f 3602/3602/3602 3588/3588/3588 3600/3600/3600 
f 3600/3600/3600 3588/3588/3588 3588/3588/3588 
f 3588/3588/3588 3602/3602/3602 3588/3588/3588 
f 3588/3588/3588 3602/3602/3602 3602/3602/3602 
f 3602/3602/3602 3592/3592/3592 3602/3602/3602 
f 3602/3602/3602 3592/3592/3592 3603/3603/3603 
f 3592/3592/3592 3604/3604/3604 3603/3603/3603 
f 3603/3603/3603 3604/3604/3604 3605/3605/3605 
f 3604/3604/3604 3606/3606/3606 3605/3605/3605 
f 3605/3605/3605 3606/3606/3606 3606/3606/3606 
f 3606/3606/3606 3604/3604/3604 3606/3606/3606 
f 3606/3606/3606 3604/3604/3604 3604/3604/3604 
f 3604/3604/3604 3592/3592/3592 3604/3604/3604 
f 3604/3604/3604 3592/3592/3592 3607/3607/3607 
f 3592/3592/3592 3594/3594/3594 3607/3607/3607 
f 3607/3607/3607 3594/3594/3594 3606/3606/3606 
f 3594/3594/3594 3608/3608/3608 3606/3606/3606 
f 3606/3606/3606 3608/3608/3608 3608/3608/3608 
f 3608/3608/3608 3594/3594/3594 3608/3608/3608 
f 3608/3608/3608 3594/3594/3594 3609/3609/3609 
f 3594/3594/3594 3596/3596/3596 3609/3609/3609 
f 3609/3609/3609 3596/3596/3596 3610/3610/3610 
f 3596/3596/3596 3611/3611/3611 3610/3610/3610 
f 3610/3610/3610 3611/3611/3611 3612/3612/3612 
f 3611/3611/3611 3613/3613/3613 3612/3612/3612 
f 3612/3612/3612 3613/3613/3613 3613/3613/3613 
f 3613/3613/3613 3611/3611/3611 3613/3613/3613 
f 3613/3613/3613 3611/3611/3611 3611/3611/3611 
f 3611/3611/3611 3614/3614/3614 3611/3611/3611 
f 3611/3611/3611 3614/3614/3614 3613/3613/3613 
f 3614/3614/3614 3596/3596/3596 3613/3613/3613 
f 3613/3613/3613 3596/3596/3596 3615/3615/3615 
f 3596/3596/3596 3598/3598/3598 3615/3615/3615 
f 3615/3615/3615 3598/3598/3598 3598/3598/3598 
f 3598/3598/3598 3595/3595/3595 3598/3598/3598 
f 3598/3598/3598 3595/3595/3595 3595/3595/3595 
f 3595/3595/3595 3593/3593/3593 3595/3595/3595 
f 3595/3595/3595 3593/3593/3593 3597/3597/3597 
f 3593/3593/3593 3591/3591/3591 3597/3597/3597 
f 3597/3597/3597 3591/3591/3591 3591/3591/3591 
f 3591/3591/3591 3612/3612/3612 3591/3591/3591 
f 3591/3591/3591 3612/3612/3612 3612/3612/3612 
f 3612/3612/3612 3616/3616/3616 3612/3612/3612 
f 3612/3612/3612 3616/3616/3616 3610/3610/3610 
f 3616/3616/3616 3609/3609/3609 3610/3610/3610 
f 3610/3610/3610 3609/3609/3609 3609/3609/3609 
f 3609/3609/3609 3616/3616/3616 3609/3609/3609 
f 3609/3609/3609 3616/3616/3616 3616/3616/3616 
f 3616/3616/3616 3617/3617/3617 3616/3616/3616 
f 3616/3616/3616 3617/3617/3617 3609/3609/3609 
f 3617/3617/3617 3608/3608/3608 3609/3609/3609 
f 3609/3609/3609 3608/3608/3608 3608/3608/3608 
f 3608/3608/3608 3618/3618/3618 3608/3608/3608 
f 3608/3608/3608 3618/3618/3618 3618/3618/3618 
f 3618/3618/3618 3619/3619/3619 3618/3618/3618 
f 3618/3618/3618 3619/3619/3619 3620/3620/3620 
f 3619/3619/3619 3621/3621/3621 3620/3620/3620 
f 3620/3620/3620 3621/3621/3621 3622/3622/3622 
f 3621/3621/3621 3623/3623/3623 3622/3622/3622 
f 3622/3622/3622 3623/3623/3623 3624/3624/3624 
f 3623/3623/3623 3625/3625/3625 3624/3624/3624 
f 3624/3624/3624 3625/3625/3625 3626/3626/3626 
f 3625/3625/3625 3627/3627/3627 3626/3626/3626 
f 3626/3626/3626 3627/3627/3627 3628/3628/3628 
f 3627/3627/3627 3629/3629/3629 3628/3628/3628 
f 3628/3628/3628 3629/3629/3629 3630/3630/3630 
f 3629/3629/3629 3631/3631/3631 3630/3630/3630 
f 3630/3630/3630 3631/3631/3631 3632/3632/3632 
f 3631/3631/3631 3633/3633/3633 3632/3632/3632 
f 3632/3632/3632 3633/3633/3633 3618/3618/3618 
f 3633/3633/3633 3619/3619/3619 3618/3618/3618 
f 3618/3618/3618 3619/3619/3619 3619/3619/3619 
f 3619/3619/3619 3633/3633/3633 3619/3619/3619 
f 3619/3619/3619 3633/3633/3633 3633/3633/3633 
f 3633/3633/3633 3634/3634/3634 3633/3633/3633 
f 3633/3633/3633 3634/3634/3634 3619/3619/3619 
f 3634/3634/3634 3635/3635/3635 3619/3619/3619 
f 3619/3619/3619 3635/3635/3635 3621/3621/3621 
f 3635/3635/3635 3636/3636/3636 3621/3621/3621 
f 3621/3621/3621 3636/3636/3636 3623/3623/3623 
f 3636/3636/3636 3637/3637/3637 3623/3623/3623 
f 3623/3623/3623 3637/3637/3637 3625/3625/3625 
f 3637/3637/3637 3638/3638/3638 3625/3625/3625 
f 3625/3625/3625 3638/3638/3638 3627/3627/3627 
f 3638/3638/3638 3639/3639/3639 3627/3627/3627 
f 3627/3627/3627 3639/3639/3639 3629/3629/3629 
f 3639/3639/3639 3640/3640/3640 3629/3629/3629 
f 3629/3629/3629 3640/3640/3640 3631/3631/3631 
f 3640/3640/3640 3641/3641/3641 3631/3631/3631 
f 3631/3631/3631 3641/3641/3641 3633/3633/3633 
f 3641/3641/3641 3634/3634/3634 3633/3633/3633 
f 3633/3633/3633 3634/3634/3634 3634/3634/3634 
f 3634/3634/3634 3639/3639/3639 3634/3634/3634 
f 3634/3634/3634 3639/3639/3639 3639/3639/3639 
f 3639/3639/3639 3638/3638/3638 3639/3639/3639 
f 3639/3639/3639 3638/3638/3638 3640/3640/3640 
f 3638/3638/3638 3637/3637/3637 3640/3640/3640 
f 3640/3640/3640 3637/3637/3637 3641/3641/3641 
f 3637/3637/3637 3636/3636/3636 3641/3641/3641 
f 3641/3641/3641 3636/3636/3636 3634/3634/3634 
f 3636/3636/3636 3635/3635/3635 3634/3634/3634 
f 3634/3634/3634 3635/3635/3635 3635/3635/3635 
f 3635/3635/3635 3642/3642/3642 3635/3635/3635 
f 3635/3635/3635 3642/3642/3642 3642/3642/3642 
f 3642/3642/3642 3643/3643/3643 3642/3642/3642 
f 3642/3642/3642 3643/3643/3643 3644/3644/3644 
f 3643/3643/3643 3645/3645/3645 3644/3644/3644 
f 3644/3644/3644 3645/3645/3645 3646/3646/3646 
f 3645/3645/3645 3647/3647/3647 3646/3646/3646 
f 3646/3646/3646 3647/3647/3647 3648/3648/3648 
f 3647/3647/3647 3649/3649/3649 3648/3648/3648 
f 3648/3648/3648 3649/3649/3649 3650/3650/3650 
f 3649/3649/3649 3651/3651/3651 3650/3650/3650 
f 3650/3650/3650 3651/3651/3651 3652/3652/3652 
f 3651/3651/3651 3653/3653/3653 3652/3652/3652 
f 3652/3652/3652 3653/3653/3653 3654/3654/3654 
f 3653/3653/3653 3655/3655/3655 3654/3654/3654 
f 3654/3654/3654 3655/3655/3655 3656/3656/3656 
f 3655/3655/3655 3657/3657/3657 3656/3656/3656 
f 3656/3656/3656 3657/3657/3657 3658/3658/3658 
f 3657/3657/3657 3659/3659/3659 3658/3658/3658 
f 3658/3658/3658 3659/3659/3659 3660/3660/3660 
f 3659/3659/3659 3661/3661/3661 3660/3660/3660 
f 3660/3660/3660 3661/3661/3661 3662/3662/3662 
f 3661/3661/3661 3663/3663/3663 3662/3662/3662 
f 3662/3662/3662 3663/3663/3663 3664/3664/3664 
f 3663/3663/3663 3665/3665/3665 3664/3664/3664 
f 3664/3664/3664 3665/3665/3665 3666/3666/3666 
f 3665/3665/3665 3667/3667/3667 3666/3666/3666 
f 3666/3666/3666 3667/3667/3667 3668/3668/3668 
f 3667/3667/3667 3669/3669/3669 3668/3668/3668 
f 3668/3668/3668 3669/3669/3669 3670/3670/3670 
f 3669/3669/3669 3671/3671/3671 3670/3670/3670 
f 3670/3670/3670 3671/3671/3671 3672/3672/3672 
f 3671/3671/3671 3673/3673/3673 3672/3672/3672 
f 3672/3672/3672 3673/3673/3673 3674/3674/3674 
f 3673/3673/3673 3675/3675/3675 3674/3674/3674 
f 3674/3674/3674 3675/3675/3675 3676/3676/3676 
f 3675/3675/3675 3677/3677/3677 3676/3676/3676 
f 3676/3676/3676 3677/3677/3677 3642/3642/3642 
f 3677/3677/3677 3643/3643/3643 3642/3642/3642 
f 3642/3642/3642 3643/3643/3643 3643/3643/3643 
f 3643/3643/3643 3677/3677/3677 3643/3643/3643 
f 3643/3643/3643 3677/3677/3677 3677/3677/3677 
f 3677/3677/3677 3678/3678/3678 3677/3677/3677 
f 3677/3677/3677 3678/3678/3678 3643/3643/3643 
f 3678/3678/3678 3679/3679/3679 3643/3643/3643 
f 3643/3643/3643 3679/3679/3679 3645/3645/3645 
f 3679/3679/3679 3680/3680/3680 3645/3645/3645 
f 3645/3645/3645 3680/3680/3680 3647/3647/3647 
f 3680/3680/3680 3681/3681/3681 3647/3647/3647 
f 3647/3647/3647 3681/3681/3681 3649/3649/3649 
f 3681/3681/3681 3682/3682/3682 3649/3649/3649 
f 3649/3649/3649 3682/3682/3682 3651/3651/3651 
f 3682/3682/3682 3683/3683/3683 3651/3651/3651 
f 3651/3651/3651 3683/3683/3683 3653/3653/3653 
f 3683/3683/3683 3684/3684/3684 3653/3653/3653 
f 3653/3653/3653 3684/3684/3684 3655/3655/3655 
f 3684/3684/3684 3685/3685/3685 3655/3655/3655 
f 3655/3655/3655 3685/3685/3685 3657/3657/3657 
f 3685/3685/3685 3686/3686/3686 3657/3657/3657 
f 3657/3657/3657 3686/3686/3686 3659/3659/3659 
f 3686/3686/3686 3687/3687/3687 3659/3659/3659 
f 3659/3659/3659 3687/3687/3687 3661/3661/3661 
f 3687/3687/3687 3688/3688/3688 3661/3661/3661 
f 3661/3661/3661 3688/3688/3688 3663/3663/3663 
f 3688/3688/3688 3689/3689/3689 3663/3663/3663 
f 3663/3663/3663 3689/3689/3689 3665/3665/3665 
f 3689/3689/3689 3690/3690/3690 3665/3665/3665 
f 3665/3665/3665 3690/3690/3690 3667/3667/3667 
f 3690/3690/3690 3691/3691/3691 3667/3667/3667 
f 3667/3667/3667 3691/3691/3691 3669/3669/3669 
f 3691/3691/3691 3692/3692/3692 3669/3669/3669 
f 3669/3669/3669 3692/3692/3692 3671/3671/3671 
f 3692/3692/3692 3693/3693/3693 3671/3671/3671 
f 3671/3671/3671 3693/3693/3693 3673/3673/3673 
f 3693/3693/3693 3694/3694/3694 3673/3673/3673 
f 3673/3673/3673 3694/3694/3694 3675/3675/3675 
f 3694/3694/3694 3695/3695/3695 3675/3675/3675 
f 3675/3675/3675 3695/3695/3695 3677/3677/3677 
f 3695/3695/3695 3678/3678/3678 3677/3677/3677 
f 3677/3677/3677 3678/3678/3678 3678/3678/3678 
f 3678/3678/3678 3695/3695/3695 3678/3678/3678 
f 3678/3678/3678 3695/3695/3695 3695/3695/3695 
f 3695/3695/3695 3696/3696/3696 3695/3695/3695 
f 3695/3695/3695 3696/3696/3696 3678/3678/3678 
f 3696/3696/3696 3697/3697/3697 3678/3678/3678 
f 3678/3678/3678 3697/3697/3697 3679/3679/3679 
f 3697/3697/3697 3698/3698/3698 3679/3679/3679 
f 3679/3679/3679 3698/3698/3698 3680/3680/3680 
f 3698/3698/3698 3699/3699/3699 3680/3680/3680 
f 3680/3680/3680 3699/3699/3699 3681/3681/3681 
f 3699/3699/3699 3700/3700/3700 3681/3681/3681 
f 3681/3681/3681 3700/3700/3700 3682/3682/3682 
f 3700/3700/3700 3701/3701/3701 3682/3682/3682 
f 3682/3682/3682 3701/3701/3701 3683/3683/3683 
f 3701/3701/3701 3702/3702/3702 3683/3683/3683 
f 3683/3683/3683 3702/3702/3702 3684/3684/3684 
f 3702/3702/3702 3703/3703/3703 3684/3684/3684 
f 3684/3684/3684 3703/3703/3703 3685/3685/3685 
f 3703/3703/3703 3704/3704/3704 3685/3685/3685 
f 3685/3685/3685 3704/3704/3704 3686/3686/3686 
f 3704/3704/3704 3705/3705/3705 3686/3686/3686 
f 3686/3686/3686 3705/3705/3705 3687/3687/3687 
f 3705/3705/3705 3706/3706/3706 3687/3687/3687 
f 3687/3687/3687 3706/3706/3706 3688/3688/3688 
f 3706/3706/3706 3707/3707/3707 3688/3688/3688 
f 3688/3688/3688 3707/3707/3707 3689/3689/3689 
f 3707/3707/3707 3708/3708/3708 3689/3689/3689 
f 3689/3689/3689 3708/3708/3708 3690/3690/3690 
f 3708/3708/3708 3709/3709/3709 3690/3690/3690 
f 3690/3690/3690 3709/3709/3709 3691/3691/3691 
f 3709/3709/3709 3710/3710/3710 3691/3691/3691 
f 3691/3691/3691 3710/3710/3710 3692/3692/3692 
f 3710/3710/3710 3711/3711/3711 3692/3692/3692 
f 3692/3692/3692 3711/3711/3711 3693/3693/3693 
f 3711/3711/3711 3712/3712/3712 3693/3693/3693 
f 3693/3693/3693 3712/3712/3712 3694/3694/3694 
f 3712/3712/3712 3713/3713/3713 3694/3694/3694 
f 3694/3694/3694 3713/3713/3713 3695/3695/3695 
f 3713/3713/3713 3696/3696/3696 3695/3695/3695 
f 3695/3695/3695 3696/3696/3696 3696/3696/3696 
f 3696/3696/3696 3713/3713/3713 3696/3696/3696 
f 3696/3696/3696 3713/3713/3713 3713/3713/3713 
f 3713/3713/3713 3714/3714/3714 3713/3713/3713 
f 3713/3713/3713 3714/3714/3714 3696/3696/3696 
f 3714/3714/3714 3715/3715/3715 3696/3696/3696 
f 3696/3696/3696 3715/3715/3715 3697/3697/3697 
f 3715/3715/3715 3716/3716/3716 3697/3697/3697 
f 3697/3697/3697 3716/3716/3716 3698/3698/3698 
f 3716/3716/3716 3717/3717/3717 3698/3698/3698 
f 3698/3698/3698 3717/3717/3717 3699/3699/3699 
f 3717/3717/3717 3718/3718/3718 3699/3699/3699 
f 3699/3699/3699 3718/3718/3718 3700/3700/3700 
f 3718/3718/3718 3719/3719/3719 3700/3700/3700 
f 3700/3700/3700 3719/3719/3719 3701/3701/3701 
f 3719/3719/3719 3720/3720/3720 3701/3701/3701 
f 3701/3701/3701 3720/3720/3720 3702/3702/3702 
f 3720/3720/3720 3721/3721/3721 3702/3702/3702 
f 3702/3702/3702 3721/3721/3721 3703/3703/3703 
f 3721/3721/3721 3722/3722/3722 3703/3703/3703 
f 3703/3703/3703 3722/3722/3722 3704/3704/3704 
f 3722/3722/3722 3723/3723/3723 3704/3704/3704 
f 3704/3704/3704 3723/3723/3723 3705/3705/3705 
f 3723/3723/3723 3724/3724/3724 3705/3705/3705 
f 3705/3705/3705 3724/3724/3724 3706/3706/3706 
f 3724/3724/3724 3725/3725/3725 3706/3706/3706 
f 3706/3706/3706 3725/3725/3725 3707/3707/3707 
f 3725/3725/3725 3726/3726/3726 3707/3707/3707 
f 3707/3707/3707 3726/3726/3726 3708/3708/3708 
f 3726/3726/3726 3727/3727/3727 3708/3708/3708 
f 3708/3708/3708 3727/3727/3727 3709/3709/3709 
f 3727/3727/3727 3728/3728/3728 3709/3709/3709 
f 3709/3709/3709 3728/3728/3728 3710/3710/3710 
f 3728/3728/3728 3729/3729/3729 3710/3710/3710 
f 3710/3710/3710 3729/3729/3729 3711/3711/3711 
f 3729/3729/3729 3730/3730/3730 3711/3711/3711 
f 3711/3711/3711 3730/3730/3730 3712/3712/3712 
f 3730/3730/3730 3731/3731/3731 3712/3712/3712 
f 3712/3712/3712 3731/3731/3731 3713/3713/3713 
f 3731/3731/3731 3714/3714/3714 3713/3713/3713 
f 3713/3713/3713 3714/3714/3714 3714/3714/3714 
f 3714/3714/3714 3731/3731/3731 3714/3714/3714 
f 3714/3714/3714 3731/3731/3731 3731/3731/3731 
f 3731/3731/3731 3732/3732/3732 3731/3731/3731 
f 3731/3731/3731 3732/3732/3732 3714/3714/3714 
f 3732/3732/3732 3733/3733/3733 3714/3714/3714 
f 3714/3714/3714 3733/3733/3733 3715/3715/3715 
f 3733/3733/3733 3734/3734/3734 3715/3715/3715 
f 3715/3715/3715 3734/3734/3734 3716/3716/3716 
f 3734/3734/3734 3735/3735/3735 3716/3716/3716 
f 3716/3716/3716 3735/3735/3735 3717/3717/3717 
f 3735/3735/3735 3736/3736/3736 3717/3717/3717 
f 3717/3717/3717 3736/3736/3736 3718/3718/3718 
f 3736/3736/3736 3737/3737/3737 3718/3718/3718 
f 3718/3718/3718 3737/3737/3737 3719/3719/3719 
f 3737/3737/3737 3738/3738/3738 3719/3719/3719 
f 3719/3719/3719 3738/3738/3738 3720/3720/3720 
f 3738/3738/3738 3739/3739/3739 3720/3720/3720 
f 3720/3720/3720 3739/3739/3739 3721/3721/3721 
f 3739/3739/3739 3740/3740/3740 3721/3721/3721 
f 3721/3721/3721 3740/3740/3740 3722/3722/3722 
f 3740/3740/3740 3741/3741/3741 3722/3722/3722 
f 3722/3722/3722 3741/3741/3741 3723/3723/3723 
f 3741/3741/3741 3742/3742/3742 3723/3723/3723 
f 3723/3723/3723 3742/3742/3742 3724/3724/3724 
f 3742/3742/3742 3743/3743/3743 3724/3724/3724 
f 3724/3724/3724 3743/3743/3743 3725/3725/3725 
f 3743/3743/3743 3744/3744/3744 3725/3725/3725 
f 3725/3725/3725 3744/3744/3744 3726/3726/3726 
f 3744/3744/3744 3745/3745/3745 3726/3726/3726 
f 3726/3726/3726 3745/3745/3745 3727/3727/3727 
f 3745/3745/3745 3746/3746/3746 3727/3727/3727 
f 3727/3727/3727 3746/3746/3746 3728/3728/3728 
f 3746/3746/3746 3747/3747/3747 3728/3728/3728 
f 3728/3728/3728 3747/3747/3747 3729/3729/3729 
f 3747/3747/3747 3748/3748/3748 3729/3729/3729 
f 3729/3729/3729 3748/3748/3748 3730/3730/3730 
f 3748/3748/3748 3749/3749/3749 3730/3730/3730 
f 3730/3730/3730 3749/3749/3749 3731/3731/3731 
f 3749/3749/3749 3732/3732/3732 3731/3731/3731 
f 3731/3731/3731 3732/3732/3732 3732/3732/3732 
f 3732/3732/3732 3749/3749/3749 3732/3732/3732 
f 3732/3732/3732 3749/3749/3749 3750/3750/3750 
f 3749/3749/3749 3748/3748/3748 3750/3750/3750 
f 3750/3750/3750 3748/3748/3748 3747/3747/3747 
f 3748/3748/3748 3747/3747/3747 3747/3747/3747 
f 3747/3747/3747 3747/3747/3747 3747/3747/3747 
f 3747/3747/3747 3746/3746/3746 3747/3747/3747 
f 3747/3747/3747 3746/3746/3746 3750/3750/3750 
f 3746/3746/3746 3745/3745/3745 3750/3750/3750 
f 3750/3750/3750 3745/3745/3745 3744/3744/3744 
f 3745/3745/3745 3744/3744/3744 3744/3744/3744 
f 3744/3744/3744 3744/3744/3744 3744/3744/3744 
f 3744/3744/3744 3743/3743/3743 3744/3744/3744 
f 3744/3744/3744 3743/3743/3743 3750/3750/3750 
f 3743/3743/3743 3742/3742/3742 3750/3750/3750 
f 3750/3750/3750 3742/3742/3742 3741/3741/3741 
f 3742/3742/3742 3741/3741/3741 3741/3741/3741 
f 3741/3741/3741 3741/3741/3741 3741/3741/3741 
f 3741/3741/3741 3740/3740/3740 3741/3741/3741 
f 3741/3741/3741 3740/3740/3740 3750/3750/3750 
f 3740/3740/3740 3739/3739/3739 3750/3750/3750 
f 3750/3750/3750 3739/3739/3739 3738/3738/3738 
f 3739/3739/3739 3738/3738/3738 3738/3738/3738 
f 3738/3738/3738 3738/3738/3738 3738/3738/3738 
f 3738/3738/3738 3737/3737/3737 3738/3738/3738 
f 3738/3738/3738 3737/3737/3737 3750/3750/3750 
f 3737/3737/3737 3736/3736/3736 3750/3750/3750 
f 3750/3750/3750 3736/3736/3736 3735/3735/3735 
f 3736/3736/3736 3735/3735/3735 3735/3735/3735 
f 3735/3735/3735 3735/3735/3735 3735/3735/3735 
f 3735/3735/3735 3734/3734/3734 3735/3735/3735 
f 3735/3735/3735 3734/3734/3734 3750/3750/3750 
f 3734/3734/3734 3733/3733/3733 3750/3750/3750 
f 3750/3750/3750 3733/3733/3733 3732/3732/3732 
f 3733/3733/3733 3732/3732/3732 3732/3732/3732 
f 3732/3732/3732 3732/3732/3732 3751/3751/3751 
f 3732/3732/3732 3751/3751/3751 3751/3751/3751 
f 3751/3751/3751 3751/3751/3751 3751/3751/3751 
f 3751/3751/3751 3752/3752/3752 3751/3751/3751 
f 3751/3751/3751 3752/3752/3752 3753/3753/3753 
f 3752/3752/3752 3754/3754/3754 3753/3753/3753 
f 3753/3753/3753 3754/3754/3754 3755/3755/3755 
f 3754/3754/3754 3755/3755/3755 3755/3755/3755 
f 3755/3755/3755 3755/3755/3755 3755/3755/3755 
f 3755/3755/3755 3756/3756/3756 3755/3755/3755 
f 3755/3755/3755 3756/3756/3756 3753/3753/3753 
f 3756/3756/3756 3757/3757/3757 3753/3753/3753 
f 3753/3753/3753 3757/3757/3757 3758/3758/3758 
f 3757/3757/3757 3758/3758/3758 3758/3758/3758 
f 3758/3758/3758 3758/3758/3758 3759/3759/3759 
f 3758/3758/3758 3759/3759/3759 3759/3759/3759 
f 3759/3759/3759 3759/3759/3759 3759/3759/3759 
f 3759/3759/3759 3760/3760/3760 3759/3759/3759 
f 3759/3759/3759 3760/3760/3760 3761/3761/3761 
f 3760/3760/3760 3762/3762/3762 3761/3761/3761 
f 3761/3761/3761 3762/3762/3762 3763/3763/3763 
f 3762/3762/3762 3764/3764/3764 3763/3763/3763 
f 3763/3763/3763 3764/3764/3764 3765/3765/3765 
f 3764/3764/3764 3766/3766/3766 3765/3765/3765 
f 3765/3765/3765 3766/3766/3766 3759/3759/3759 
f 3766/3766/3766 3760/3760/3760 3759/3759/3759 
f 3759/3759/3759 3760/3760/3760 3760/3760/3760 
f 3760/3760/3760 3766/3766/3766 3760/3760/3760 
f 3760/3760/3760 3766/3766/3766 3762/3762/3762 
f 3766/3766/3766 3764/3764/3764 3762/3762/3762 
f 3762/3762/3762 3764/3764/3764 3764/3764/3764 
f 3764/3764/3764 3767/3767/3767 3764/3764/3764 
f 3764/3764/3764 3767/3767/3767 3767/3767/3767 
f 3767/3767/3767 3768/3768/3768 3767/3767/3767 
f 3767/3767/3767 3768/3768/3768 3769/3769/3769 
f 3768/3768/3768 3770/3770/3770 3769/3769/3769 
f 3769/3769/3769 3770/3770/3770 3771/3771/3771 
f 3770/3770/3770 3772/3772/3772 3771/3771/3771 
f 3771/3771/3771 3772/3772/3772 3773/3773/3773 
f 3772/3772/3772 3774/3774/3774 3773/3773/3773 
f 3773/3773/3773 3774/3774/3774 3767/3767/3767 
f 3774/3774/3774 3768/3768/3768 3767/3767/3767 
f 3767/3767/3767 3768/3768/3768 3768/3768/3768 
f 3768/3768/3768 3774/3774/3774 3768/3768/3768 
f 3768/3768/3768 3774/3774/3774 3770/3770/3770 
f 3774/3774/3774 3772/3772/3772 3770/3770/3770 
f 3770/3770/3770 3772/3772/3772 3772/3772/3772 
f 3772/3772/3772 3775/3775/3775 3772/3772/3772 
f 3772/3772/3772 3775/3775/3775 3775/3775/3775 
f 3775/3775/3775 3776/3776/3776 3775/3775/3775 
f 3775/3775/3775 3776/3776/3776 3777/3777/3777 
f 3776/3776/3776 3778/3778/3778 3777/3777/3777 
f 3777/3777/3777 3778/3778/3778 3779/3779/3779 
f 3778/3778/3778 3780/3780/3780 3779/3779/3779 
f 3779/3779/3779 3780/3780/3780 3781/3781/3781 
f 3780/3780/3780 3782/3782/3782 3781/3781/3781 
f 3781/3781/3781 3782/3782/3782 3783/3783/3783 
f 3782/3782/3782 3784/3784/3784 3783/3783/3783 
f 3783/3783/3783 3784/3784/3784 3785/3785/3785 
f 3784/3784/3784 3786/3786/3786 3785/3785/3785 
f 3785/3785/3785 3786/3786/3786 3777/3777/3777 
f 3786/3786/3786 3775/3775/3775 3777/3777/3777 
f 3777/3777/3777 3775/3775/3775 3775/3775/3775 
f 3775/3775/3775 3782/3782/3782 3775/3775/3775 
f 3775/3775/3775 3782/3782/3782 3782/3782/3782 
f 3782/3782/3782 3780/3780/3780 3782/3782/3782 
f 3782/3782/3782 3780/3780/3780 3784/3784/3784 
f 3780/3780/3780 3787/3787/3787 3784/3784/3784 
f 3784/3784/3784 3787/3787/3787 3786/3786/3786 
f 3787/3787/3787 3788/3788/3788 3786/3786/3786 
f 3786/3786/3786 3788/3788/3788 3775/3775/3775 
f 3788/3788/3788 3775/3775/3775 3775/3775/3775 
f 3775/3775/3775 3775/3775/3775 3788/3788/3788 
f 3775/3775/3775 3788/3788/3788 3788/3788/3788 
f 3788/3788/3788 3788/3788/3788 3788/3788/3788 
f 3788/3788/3788 3787/3787/3787 3788/3788/3788 
f 3788/3788/3788 3787/3787/3787 3789/3789/3789 
f 3787/3787/3787 3778/3778/3778 3789/3789/3789 
f 3789/3789/3789 3778/3778/3778 3776/3776/3776 
f 3778/3778/3778 3776/3776/3776 3776/3776/3776 
f 3776/3776/3776 3776/3776/3776 3777/3777/3777 
f 3776/3776/3776 3777/3777/3777 3777/3777/3777 
f 3777/3777/3777 3777/3777/3777 3777/3777/3777 
f 3777/3777/3777 3779/3779/3779 3777/3777/3777 
f 3777/3777/3777 3779/3779/3779 3785/3785/3785 
f 3779/3779/3779 3790/3790/3790 3785/3785/3785 
f 3785/3785/3785 3790/3790/3790 3783/3783/3783 
f 3790/3790/3790 3781/3781/3781 3783/3783/3783 
f 3783/3783/3783 3781/3781/3781 3781/3781/3781 
f 3781/3781/3781 3791/3791/3791 3781/3781/3781 
f 3781/3781/3781 3791/3791/3791 3791/3791/3791 
f 3791/3791/3791 3792/3792/3792 3791/3791/3791 
f 3791/3791/3791 3792/3792/3792 3793/3793/3793 
f 3792/3792/3792 3794/3794/3794 3793/3793/3793 
f 3793/3793/3793 3794/3794/3794 3795/3795/3795 
f 3794/3794/3794 3795/3795/3795 3795/3795/3795 
f 3795/3795/3795 3795/3795/3795 3795/3795/3795 
f 3795/3795/3795 3796/3796/3796 3795/3795/3795 
f 3795/3795/3795 3796/3796/3796 3793/3793/3793 
f 3796/3796/3796 3797/3797/3797 3793/3793/3793 
f 3793/3793/3793 3797/3797/3797 3798/3798/3798 
f 3797/3797/3797 3798/3798/3798 3798/3798/3798 
f 3798/3798/3798 3798/3798/3798 3799/3799/3799 
f 3798/3798/3798 3799/3799/3799 3799/3799/3799 
f 3799/3799/3799 3799/3799/3799 3799/3799/3799 
f 3799/3799/3799 3800/3800/3800 3799/3799/3799 
f 3799/3799/3799 3800/3800/3800 3801/3801/3801 
f 3800/3800/3800 3802/3802/3802 3801/3801/3801 
f 3801/3801/3801 3802/3802/3802 3803/3803/3803 
f 3802/3802/3802 3804/3804/3804 3803/3803/3803 
f 3803/3803/3803 3804/3804/3804 3805/3805/3805 
f 3804/3804/3804 3806/3806/3806 3805/3805/3805 
f 3805/3805/3805 3806/3806/3806 3799/3799/3799 
f 3806/3806/3806 3800/3800/3800 3799/3799/3799 
f 3799/3799/3799 3800/3800/3800 3800/3800/3800 
f 3800/3800/3800 3806/3806/3806 3800/3800/3800 
f 3800/3800/3800 3806/3806/3806 3802/3802/3802 
f 3806/3806/3806 3804/3804/3804 3802/3802/3802 
f 3802/3802/3802 3804/3804/3804 3804/3804/3804 
f 3804/3804/3804 3807/3807/3807 3804/3804/3804 
f 3804/3804/3804 3807/3807/3807 3807/3807/3807 
f 3807/3807/3807 3808/3808/3808 3807/3807/3807 
f 3807/3807/3807 3808/3808/3808 3809/3809/3809 
f 3808/3808/3808 3810/3810/3810 3809/3809/3809 
f 3809/3809/3809 3810/3810/3810 3811/3811/3811 
f 3810/3810/3810 3812/3812/3812 3811/3811/3811 
f 3811/3811/3811 3812/3812/3812 3813/3813/3813 
f 3812/3812/3812 3814/3814/3814 3813/3813/3813 
f 3813/3813/3813 3814/3814/3814 3807/3807/3807 
f 3814/3814/3814 3808/3808/3808 3807/3807/3807 
f 3807/3807/3807 3808/3808/3808 3808/3808/3808 
f 3808/3808/3808 3814/3814/3814 3808/3808/3808 
f 3808/3808/3808 3814/3814/3814 3814/3814/3814 
f 3814/3814/3814 3812/3812/3812 3814/3814/3814 
f 3814/3814/3814 3812/3812/3812 3808/3808/3808 
f 3812/3812/3812 3810/3810/3810 3808/3808/3808 
f 3808/3808/3808 3810/3810/3810 3810/3810/3810 
f 3810/3810/3810 3815/3815/3815 3810/3810/3810 
f 3810/3810/3810 3815/3815/3815 3815/3815/3815 
f 3815/3815/3815 3816/3816/3816 3815/3815/3815 
f 3815/3815/3815 3816/3816/3816 3817/3817/3817 
f 3816/3816/3816 3818/3818/3818 3817/3817/3817 
f 3817/3817/3817 3818/3818/3818 3819/3819/3819 
f 3818/3818/3818 3820/3820/3820 3819/3819/3819 
f 3819/3819/3819 3820/3820/3820 3821/3821/3821 
f 3820/3820/3820 3822/3822/3822 3821/3821/3821 
f 3821/3821/3821 3822/3822/3822 3823/3823/3823 
f 3822/3822/3822 3824/3824/3824 3823/3823/3823 
f 3823/3823/3823 3824/3824/3824 3825/3825/3825 
f 3824/3824/3824 3826/3826/3826 3825/3825/3825 
f 3825/3825/3825 3826/3826/3826 3817/3817/3817 
f 3826/3826/3826 3815/3815/3815 3817/3817/3817 
f 3817/3817/3817 3815/3815/3815 3815/3815/3815 
f 3815/3815/3815 3822/3822/3822 3815/3815/3815 
f 3815/3815/3815 3822/3822/3822 3822/3822/3822 
f 3822/3822/3822 3820/3820/3820 3822/3822/3822 
f 3822/3822/3822 3820/3820/3820 3824/3824/3824 
f 3820/3820/3820 3827/3827/3827 3824/3824/3824 
f 3824/3824/3824 3827/3827/3827 3826/3826/3826 
f 3827/3827/3827 3828/3828/3828 3826/3826/3826 
f 3826/3826/3826 3828/3828/3828 3815/3815/3815 
f 3828/3828/3828 3815/3815/3815 3815/3815/3815 
f 3815/3815/3815 3815/3815/3815 3828/3828/3828 
f 3815/3815/3815 3828/3828/3828 3828/3828/3828 
f 3828/3828/3828 3828/3828/3828 3828/3828/3828 
f 3828/3828/3828 3827/3827/3827 3828/3828/3828 
f 3828/3828/3828 3827/3827/3827 3829/3829/3829 
f 3827/3827/3827 3818/3818/3818 3829/3829/3829 
f 3829/3829/3829 3818/3818/3818 3816/3816/3816 
f 3818/3818/3818 3816/3816/3816 3816/3816/3816 
f 3816/3816/3816 3816/3816/3816 3817/3817/3817 
f 3816/3816/3816 3817/3817/3817 3817/3817/3817 
f 3817/3817/3817 3817/3817/3817 3817/3817/3817 
f 3817/3817/3817 3819/3819/3819 3817/3817/3817 
f 3817/3817/3817 3819/3819/3819 3825/3825/3825 
f 3819/3819/3819 3830/3830/3830 3825/3825/3825 
f 3825/3825/3825 3830/3830/3830 3823/3823/3823 
f 3830/3830/3830 3821/3821/3821 3823/3823/3823 
f 3823/3823/3823 3821/3821/3821 3821/3821/3821 
f 3821/3821/3821 3831/3831/3831 3821/3821/3821 
f 3821/3821/3821 3831/3831/3831 3831/3831/3831 
f 3831/3831/3831 3832/3832/3832 3831/3831/3831 
f 3831/3831/3831 3832/3832/3832 3833/3833/3833 
f 3832/3832/3832 3834/3834/3834 3833/3833/3833 
f 3833/3833/3833 3834/3834/3834 3835/3835/3835 
f 1329/1329/1329 1322/1322/1322 1340/1340/1340 
f 1620/1620/1620 1602/1602/1602 1655/1655/1655 
f 2432/2432/2432 2399/2399/2399 2482/2482/2482 
f 83/83/83 3836/3836/3836 84/84/84 
f 1304/1304/1304 1297/1297/1297 1311/1311/1311 
f 1748/1748/1748 1747/1747/1747 3837/3837/3837 
f 3835/3835/3835 3831/3831/3831 3833/3833/3833 
f 3237/3237/3237 3233/3233/3233 3235/3235/3235 
f 2257/2257/2257 2240/2240/2240 2242/2242/2242 
f 2262/2262/2262 2260/2260/2260 2246/2246/2246 
f 2208/2208/2208 2201/2201/2201 2199/2199/2199 
f 3798/3798/3798 3791/3791/3791 3793/3793/3793 
f 3758/3758/3758 3751/3751/3751 3753/3753/3753 
f 3606/3606/3606 3604/3604/3604 3607/3607/3607 
f 2687/2687/2687 2685/2685/2685 2688/2688/2688 
f 571/571/571 574/574/574 2267/2267/2267 
f 2676/2676/2676 2674/2674/2674 2675/2675/2675 
f 2657/2657/2657 2655/2655/2655 2658/2658/2658 
f 2334/2334/2334 2332/2332/2332 2330/2330/2330 
f 1197/1197/1197 1099/1099/1099 1101/1101/1101 
f 1319/1319/1319 1320/1320/1320 3838/3838/3838 
f 3547/3547/3547 3526/3526/3526 3525/3525/3525 
f 2994/2994/2994 2973/2973/2973 2972/2972/2972 
f 1944/1944/1944 1911/1911/1911 1977/1977/1977 
f 389/389/389 394/394/394 3839/3839/3839 
f 234/234/234 235/235/235 3840/3840/3840 
f 341/341/341 346/346/346 3841/3841/3841 
f 901/901/901 868/868/868 870/870/870 
f 355/355/355 357/357/357 377/377/377 
f 3421/3421/3421 3423/3423/3423 3422/3422/3422 
f 3790/3790/3790 3779/3779/3779 3781/3781/3781 
f 689/689/689 691/691/691 1544/1544/1544 
f 3582/3582/3582 3584/3584/3584 3583/3583/3583 
f 3830/3830/3830 3819/3819/3819 3821/3821/3821 
f 956/956/956 960/960/960 955/955/955 
f 952/952/952 954/954/954 3842/3842/3842 
f 2380/2380/2380 2379/2379/2379 3843/3843/3843 
f 801/801/801 803/803/803 1044/1044/1044 
f 2606/2606/2606 2608/2608/2608 2607/2607/2607 
f 2385/2385/2385 2383/2383/2383 2387/2387/2387 
f 1015/1015/1015 1017/1017/1017 1088/1088/1088 
f 949/949/949 948/948/948 3844/3844/3844 
f 1008/1008/1008 1006/1006/1006 983/983/983 
f 1172/1172/1172 1170/1170/1170 3845/3845/3845 
f 1187/1187/1187 1189/1189/1189 3846/3846/3846 
f 1145/1145/1145 1143/1143/1143 1120/1120/1120 
f 1219/1219/1219 1226/1226/1226 1221/1221/1221 
f 1262/1262/1262 1261/1261/1261 3847/3847/3847 
f 1265/1265/1265 1267/1267/1267 3848/3848/3848 
f 2814/2814/2814 2812/2812/2812 2821/2821/2821 
f 1231/1231/1231 1233/1233/1233 1235/1235/1235 
f 2758/2758/2758 2747/2747/2747 2755/2755/2755 
f 13/13/13 3849/3849/3849 11/11/11 
f 788/788/788 3850/3850/3850 791/791/791 
f 1708/1708/1708 1707/1707/1707 1706/1706/1706 
f 1375/1375/1375 1425/1425/1425 1392/1392/1392 
f 1876/1876/1876 1887/1887/1887 1880/1880/1880 
f 1736/1736/1736 3851/3851/3851 1734/1734/1734 
f 1727/1727/1727 3852/3852/3852 1725/1725/1725 
f 1867/1867/1867 3853/3853/3853 1865/1865/1865 
f 1908/1908/1908 3854/3854/3854 1909/1909/1909 
f 2140/2140/2140 3855/3855/3855 2142/2142/2142 
f 3596/3596/3596 3614/3614/3614 3611/3611/3611 
f 569/569/569 3856/3856/3856 578/578/578 
f 2680/2680/2680 2695/2695/2695 2692/2692/2692 
f 2291/2291/2291 3857/3857/3857 2300/2300/2300 
f 2647/2647/2647 2665/2665/2665 2662/2662/2662 
f 2351/2351/2351 2349/2349/2349 2353/2353/2353 
f 2376/2376/2376 3858/3858/3858 2375/2375/2375 
f 517/517/517 567/567/567 534/534/534 
f 286/286/286 333/333/333 302/302/302 
f 731/731/731 781/781/781 748/748/748 
f 629/629/629 676/676/676 645/645/645 
f 101/101/101 167/167/167 134/134/134 
f 208/208/208 3859/3859/3859 206/206/206 
f 391/391/391 387/387/387 393/393/393 
f 343/343/343 339/339/339 345/345/345 
f 819/819/819 3860/3860/3860 817/817/817 
f 3780/3780/3780 3778/3778/3778 3787/3787/3787 
f 912/912/912 3861/3861/3861 910/910/910 
f 3820/3820/3820 3818/3818/3818 3827/3827/3827 
f 1541/1541/1541 898/898/898 1542/1542/1542 
f 687/687/687 900/900/900 685/685/685 
f 2386/2386/2386 2388/2388/2388 2397/2397/2397 
f 1082/1082/1082 3862/3862/3862 1091/1091/1091 
f 990/990/990 1023/1023/1023 988/988/988 
f 1086/1086/1086 1087/1087/1087 1085/1085/1085 
f 1184/1184/1184 3863/3863/3863 1175/1175/1175 
f 1176/1176/1176 1174/1174/1174 1178/1178/1178 
f 1127/1127/1127 1161/1161/1161 1125/1125/1125 
f 1152/1152/1152 1181/1181/1181 1150/1150/1150 
f 2815/2815/2815 2824/2824/2824 2813/2813/2813 
f 1218/1218/1218 1220/1220/1220 1216/1216/1216 

