mtllib model_1.mtl
o model_1
v 56.240535736083984 -513.2996215820312 -119.68138122558594 
v 56.34440612792969 -503.3432922363281 -119.326904296875 
v 56.240535736083984 -512.69091796875 -100.22754669189453 
v 56.34440612792969 -503.12591552734375 -100.01654815673828 
v 49.80067443847656 -512.69091796875 -100.22754669189453 
v 49.904544830322266 -503.12591552734375 -100.01654815673828 
v 49.904544830322266 -503.3432922363281 -119.326904296875 
v 56.240535736083984 -531.603515625 -120.39032745361328 
v 56.13666534423828 -520.8211669921875 -120.03585052490234 
v 56.240535736083984 -530.9078979492188 -100.6495361328125 
v 56.13666534423828 -520.1255493164062 -100.43854522705078 
v 49.80067443847656 -530.9078979492188 -100.6495361328125 
v 49.70624923706055 -520.1255493164062 -100.43854522705078 
v 49.70624923706055 -520.8211669921875 -120.03585052490234 
v 33.71046829223633 -563.472412109375 -103.28276824951172 
v 33.71046829223633 -560.6898193359375 -125.61458587646484 
v 40.14088439941406 -563.472412109375 -103.28276824951172 
v 40.14088439941406 -560.6898193359375 -125.61458587646484 
v -81.63101196289062 -175.69834899902344 -108.895263671875 
v -71.07417297363281 -175.13314819335938 -108.24539184570312 
v -98.43885803222656 -175.69834899902344 -97.83907318115234 
v -68.76073455810547 -174.5679473876953 -72.61238861083984 
v -109.05235290527344 -175.69834899902344 -78.76502990722656 
v -106.1251449584961 -175.69834899902344 -50.45780944824219 
v -88.4769058227539 -175.69834899902344 -39.59573745727539 
v -56.44757080078125 -175.69834899902344 -36.78527069091797 
v 41.55727767944336 -461.6920471191406 -115.6893310546875 
v 41.37786865234375 -448.0836486816406 -106.7853012084961 
v 41.55727767944336 -461.9963684082031 -97.08792877197266 
v 41.37786865234375 -448.5184020996094 -96.23550415039062 
v 35.40069580078125 -461.9963684082031 -98.14290618896484 
v 35.35348129272461 -448.5184020996094 -96.23550415039062 
v 35.35348129272461 -448.0836486816406 -106.7853012084961 
v -70.58316040039062 -199.3934783935547 -138.12242126464844 
v -67.71260833740234 -198.69784545898438 -116.49111938476562 
v -80.80950927734375 -199.4369659423828 -117.30134582519531 
v -71.07417297363281 -198.78480529785156 -108.24539184570312 
v -81.63101196289062 -199.3934783935547 -108.895263671875 
v -71.07417297363281 -175.13314819335938 -108.24539184570312 
v -81.63101196289062 -175.69834899902344 -108.895263671875 
v -68.76073455810547 -174.5679473876953 -72.61238861083984 
v -68.76073455810547 -198.2196044921875 -72.6208267211914 
v -56.44757080078125 -175.69834899902344 -36.78527069091797 
v -56.44757080078125 -199.3934783935547 -36.78527069091797 
v -88.4769058227539 -175.69834899902344 -39.59573745727539 
v -88.4769058227539 -199.3934783935547 -39.59573745727539 
v -106.1251449584961 -175.69834899902344 -50.45780944824219 
v -106.1251449584961 -199.3934783935547 -50.45780944824219 
v -109.05235290527344 -175.69834899902344 -78.76502990722656 
v -109.05235290527344 -199.3934783935547 -78.76502990722656 
v -98.43885803222656 -175.69834899902344 -97.83907318115234 
v -98.43885803222656 -199.3934783935547 -97.83907318115234 
v -64.84204864501953 -198.00221252441406 -72.24947357177734 
v -49.59223556518555 -199.78477478027344 -24.05799102783203 
v -89.31729888916016 -199.4369659423828 -31.231855392456055 
v -111.23359680175781 -199.4369659423828 -44.72715759277344 
v -114.86900329589844 -199.4369659423828 -79.88753509521484 
v -101.68711853027344 -199.4369659423828 -103.5697250366211 
v -37.4584846496582 -243.08816528320312 -107.40985107421875 
v -37.37350082397461 -243.08816528320312 -33.65408706665039 
v -40.69729995727539 -243.13165283203125 -107.07225799560547 
v -40.4234619140625 -243.13165283203125 -35.24921798706055 
v -49.7338752746582 -243.13165283203125 -107.07225799560547 
v -49.72443389892578 -243.1751251220703 -50.67724609375 
v -47.44876480102539 -217.30613708496094 -28.775861740112305 
v -36.92025375366211 -215.30618286132812 -28.5395450592041 
v -36.448123931884766 -665.2962036132812 -142.25794982910156 
v -36.52366638183594 -664.3831787109375 -142.34234619140625 
v -36.99579620361328 -665.4266357421875 -143.1610107421875 
v -37.0052375793457 -664.5136108398438 -143.12725830078125 
v -63.92612075805664 -48.17943572998047 -165.77134704589844 
v -63.737266540527344 -19.397462844848633 -138.12242126464844 
v -63.92612075805664 -70.35285949707031 -165.77134704589844 
v -63.92612075805664 -61.91826248168945 -138.15618896484375 
v -68.85516357421875 -40.39699935913086 -127.69922637939453 
v -73.81253051757812 -10.528094291687012 -112.38091278076172 
v -73.97305297851562 -61.39653396606445 -117.2760238647461 
v -95.36056518554688 -61.39653396606445 -103.55284118652344 
v -87.8631362915039 -13.745413780212402 -103.55284118652344 
v -100.49734497070312 -21.09307861328125 -90.73272705078125 
v -108.54244995117188 -61.39653396606445 -77.92105102539062 
v -108.54244995117188 47.514102935791016 -77.92105102539062 
v -98.65603637695312 -0.9630879163742065 -97.13856506347656 
v -93.90640258789062 2.732482671737671 -101.00401306152344 
v -95.36056518554688 22.471176147460938 -101.89863586425781 
v -36.56143569946289 -664.9049072265625 -145.77735900878906 
v -36.66530227661133 -664.078857421875 -145.406005859375 
v -35.43776321411133 -664.3831787109375 -146.08119201660156 
v -35.654945373535156 -663.6006469726562 -145.65921020507812 
v -33.04878616333008 -658.3833618164062 -138.1646270751953 
v -33.25652313232422 -656.166015625 -137.4387969970703 
v -32.67108154296875 -658.1659545898438 -138.78916931152344 
v -33.105438232421875 -656.0790405273438 -137.641357421875 
v -32.03842544555664 -657.9050903320312 -139.02549743652344 
v -32.72773742675781 -655.8616333007812 -137.8270263671875 
v -31.358556747436523 -657.6007690429688 -138.9495391845703 
v -32.48222732543945 -655.7747192382812 -137.8270263671875 
v -89.31729888916016 127.59928894042969 -17.98974609375 
v -86.37120056152344 129.64271545410156 -21.391000747680664 
v -111.23359680175781 86.81758117675781 -42.47372055053711 
v -104.90704345703125 86.81758117675781 -42.47372055053711 
v -114.86900329589844 47.514102935791016 -77.92105102539062 
v -108.54244995117188 47.514102935791016 -77.92105102539062 
v -101.68711853027344 22.471176147460938 -101.89863586425781 
v -95.36056518554688 22.471176147460938 -101.89863586425781 
v -100.01577758789062 2.7759599685668945 -101.00401306152344 
v -93.90640258789062 2.732482671737671 -101.00401306152344 
v -94.18968200683594 -13.614982604980469 -103.55284118652344 
v -87.8631362915039 -13.745413780212402 -103.55284118652344 
v -37.34517288208008 -665.4701538085938 -144.1062774658203 
v -37.15631866455078 -664.4701538085938 -143.9712371826172 
v -37.17520523071289 -665.2527465820312 -145.09373474121094 
v -37.18464660644531 -664.3831787109375 -144.80677795410156 
v -63.92612075805664 -70.35285949707031 -165.77134704589844 
v -48.79905700683594 -159.17698669433594 -169.77183532714844 
v -70.85699462890625 -142.3512725830078 -167.5183868408203 
v -63.737266540527344 -159.17698669433594 -169.77183532714844 
v -70.85699462890625 -166.30726623535156 -169.77183532714844 
v -3.7955784797668457 -769.0330810546875 -102.94517517089844 
v 28.894737243652344 -753.64208984375 -108.836181640625 
v -0.8589268326759338 -770.0765380859375 -89.57646942138672 
v 31.831388473510742 -754.685546875 -95.61095428466797 
v -0.16961632668972015 -768.3809204101562 -87.70282745361328 
v 31.472570419311523 -753.120361328125 -93.53475189208984 
v 1.1806769371032715 -759.5115356445312 -87.65218353271484 
v 28.564245223999023 -746.6422729492188 -92.7160873413086 
v 64.5217056274414 -739.2946166992188 -101.66232299804688 
v 63.36970520019531 -738.425048828125 -99.44264221191406 
v 55.95725631713867 -733.7294921875 -97.77999114990234 
v 41.37786865234375 -448.5184020996094 -96.23550415039062 
v 41.37786865234375 -448.0836486816406 -106.7853012084961 
v 35.35348129272461 -448.5184020996094 -96.23550415039062 
v 35.35348129272461 -448.0836486816406 -106.7853012084961 
v -21.53824234008789 -227.1320037841797 -175.8738250732422 
v -21.53824234008789 -227.1320037841797 -173.7047882080078 
v -21.53824234008789 -233.26229858398438 -175.8738250732422 
v -21.53824234008789 -233.26229858398438 -173.7047882080078 
v 61.51895523071289 -738.2511596679688 -115.0225830078125 
v 24.91939926147461 -653.600830078125 -97.33267974853516 
v 64.5217056274414 -739.2946166992188 -101.66232299804688 
v 26.48687171936035 -654.2964477539062 -90.91840362548828 
v 27.50667381286621 -656.3399047851562 -89.25575256347656 
v -6.222329139709473 -669.7308959960938 -84.86703491210938 
v -5.004232883453369 -671.6873779296875 -83.23815155029297 
v -37.52458190917969 -686.9913940429688 -77.2289810180664 
v -12.010649681091309 -730.1209106445312 -83.91333770751953 
v 1.1806769371032715 -759.5115356445312 -87.65218353271484 
v 15.391804695129395 -717.2081298828125 -88.97724151611328 
v 42.79425811767578 -704.2953491210938 -94.04114532470703 
v 55.95725631713867 -733.7294921875 -97.77999114990234 
v 63.36970520019531 -738.425048828125 -99.44264221191406 
v -21.53824234008789 -233.26229858398438 -39.95021057128906 
v -21.53824234008789 -227.1320037841797 -39.95021057128906 
v -21.53824234008789 -233.26229858398438 -37.78116989135742 
v -21.53824234008789 -227.1320037841797 -37.78116989135742 
v -3.7955784797668457 -769.0330810546875 -102.94517517089844 
v -0.8589268326759338 -770.0765380859375 -89.57646942138672 
v -39.516971588134766 -684.5567016601562 -80.47831726074219 
v -38.922088623046875 -685.1218872070312 -78.83255004882812 
v -0.16961632668972015 -768.3809204101562 -87.70282745361328 
v -7.7237043380737305 -668.9918212890625 -91.1378402709961 
v -41.72654342651367 -660.7745971679688 -155.15402221679688 
v -41.83041000366211 -658.4702758789062 -154.79110717773438 
v -41.348838806152344 -660.6007080078125 -155.77857971191406 
v -41.584903717041016 -658.33984375 -155.00210571289062 
v -63.92612075805664 -70.35285949707031 -165.77134704589844 
v -70.85699462890625 -142.3512725830078 -167.5183868408203 
v -63.92612075805664 -48.17943572998047 -165.77134704589844 
v -70.85699462890625 -48.17943572998047 -165.77134704589844 
v -63.737266540527344 -19.397462844848633 -138.12242126464844 
v -70.58316040039062 -19.397462844848633 -138.12242126464844 
v -73.97305297851562 3.55855131149292 -113.75660705566406 
v -80.80950927734375 3.55855131149292 -113.75660705566406 
v -73.81253051757812 -10.528094291687012 -112.38091278076172 
v -80.80950927734375 -10.788957595825195 -112.24588012695312 
v -87.8631362915039 -13.745413780212402 -103.55284118652344 
v -94.18968200683594 -13.614982604980469 -103.55284118652344 
v 35.38180923461914 -476.16998291015625 -99.02909088134766 
v 34.078731536865234 -476.3873596191406 -99.33292388916016 
v 41.82167053222656 -476.16998291015625 -99.02909088134766 
v 42.52986526489258 -476.3873596191406 -98.10914611816406 
v 41.74612808227539 -477.3003845214844 -96.96976470947266 
v 41.859439849853516 -481.43072509765625 -97.17232513427734 
v 42.690391540527344 -482.34375 -98.41297912597656 
v 34.14482879638672 -481.43072509765625 -98.2948226928711 
v 34.012630462646484 -482.34375 -99.67051696777344 
v 34.20148468017578 -477.3003845214844 -98.05850982666016 
v 40.71688461303711 -513.2996215820312 -123.13327026367188 
v 40.82075500488281 -503.3432922363281 -122.77880096435547 
v 40.71688461303711 -512.8213500976562 -100.05030822753906 
v 40.82075500488281 -503.2998046875 -99.738037109375 
v 34.27702331542969 -512.8213500976562 -100.05030822753906 
v 34.38089370727539 -503.2998046875 -99.738037109375 
v 34.38089370727539 -503.3432922363281 -122.77880096435547 
v 24.91939926147461 -653.600830078125 -97.33267974853516 
v 61.51895523071289 -738.2511596679688 -115.0225830078125 
v 28.649229049682617 -652.3834838867188 -93.64447021484375 
v 64.3989486694336 -736.9033203125 -115.57117462158203 
v 29.055261611938477 -649.86181640625 -85.15399169921875 
v 69.93231964111328 -743.9466552734375 -103.80603790283203 
v 66.92012786865234 -742.7293090820312 -116.78651428222656 
v 64.04957580566406 -744.0770874023438 -116.2463607788086 
v 31.41591453552246 -759.4680786132812 -110.05152130126953 
v 34.40922164916992 -760.7288818359375 -97.06260681152344 
v -1.2744016647338867 -774.8590087890625 -104.16895294189453 
v -1.1894181966781616 -777.4676513671875 -90.65676879882812 
v -4.144955158233643 -776.2068481445312 -103.65412139892578 
v -6.675574779510498 -770.380859375 -102.43034362792969 
v -3.7955784797668457 -769.0330810546875 -102.94517517089844 
v -40.88615036010742 -685.51318359375 -77.7860107421875 
v -39.516971588134766 -684.5567016601562 -80.47831726074219 
v -40.942806243896484 -682.3828125 -79.36426544189453 
v -38.39330291748047 -680.0784912109375 -80.77371215820312 
v -39.84746170043945 -680.3828735351562 -73.20317840576172 
v -42.623592376708984 -681.6436767578125 -70.41802978515625 
v -40.177955627441406 -682.7741088867188 -73.87836456298828 
v -41.47159194946289 -660.7745971679688 -153.69393920898438 
v -41.990936279296875 -658.5572509765625 -154.18344116210938 
v -41.77375411987305 -660.861572265625 -154.39443969726562 
v -41.98149490356445 -658.5572509765625 -154.49571228027344 
v 25.863658905029297 -651.427001953125 -91.25599670410156 
v 24.87218475341797 -649.0792236328125 -90.72428894042969 
v -17.204084396362305 -649.7313842773438 -154.8248748779297 
v -18.450510025024414 -648.2096557617188 -155.46629333496094 
v -17.9028377532959 -650.0357055664062 -154.89239501953125 
v -18.611034393310547 -648.2531127929688 -155.57601928710938 
v 28.894737243652344 -753.64208984375 -108.836181640625 
v -39.27146530151367 -659.7745971679688 -154.0990447998047 
v -40.952247619628906 -658.1224975585938 -154.1581268310547 
v -39.60195541381836 -659.9485473632812 -153.4913787841797 
v -41.377166748046875 -658.33984375 -153.92181396484375 
v -40.716182708740234 -660.2963256835938 -156.014892578125 
v -41.131656646728516 -658.1224975585938 -155.09494018554688 
v -40.03631591796875 -659.9920043945312 -155.93893432617188 
v -40.90503692626953 -658.0355224609375 -155.00210571289062 
v -18.75267219543457 -650.2965698242188 -156.79978942871094 
v -18.629919052124023 -648.2096557617188 -156.41156005859375 
v -18.356082916259766 -650.0791625976562 -157.42434692382812 
v -18.46939468383789 -648.1226806640625 -156.60568237304688 
v 78.51565551757812 -409.6062316894531 -123.80001831054688 
v 73.45441436767578 -400.5629577636719 -125.7074203491211 
v 78.07185363769531 -409.6062316894531 -119.16654968261719 
v 36.326072692871094 -408.2149658203125 -119.16654968261719 
v 36.326072692871094 -400.5629577636719 -125.7074203491211 
v 36.326072692871094 -363.7811584472656 -134.59457397460938 
v -0.8022711873054504 -400.5629577636719 -125.7074203491211 
v 1.5961517095565796 -363.7811584472656 -134.59457397460938 
v -5.419707298278809 -408.5627746582031 -119.16654968261719 
v 94.78527069091797 -215.43661499023438 -182.27122497558594 
v 94.78527069091797 -215.39312744140625 -156.94326782226562 
v 76.13611602783203 -214.87139892578125 -179.21600341796875 
v 76.14556121826172 -214.87139892578125 -156.94326782226562 
v 95.266845703125 -215.39312744140625 -123.14170837402344 
v 76.14556121826172 -214.8279266357422 -123.14170837402344 
v 76.14556121826172 -214.8279266357422 -104.47278594970703 
v 109.61016845703125 -215.43661499023438 -104.47278594970703 
v 109.57239532470703 -215.30618286132812 -28.5395450592041 
v 76.13611602783203 -215.91485595703125 -42.48216247558594 
v 83.14253234863281 -216.1322479248047 -25.399925231933594 
v 36.326072692871094 -214.740966796875 -23.28996467590332 
v 36.326072692871094 -214.740966796875 -42.48216247558594 
v -3.4839725494384766 -215.91485595703125 -42.48216247558594 
v -10.490388870239258 -216.1322479248047 -25.399925231933594 
v -36.92025375366211 -215.30618286132812 -28.5395450592041 
v -3.493415117263794 -214.8279266357422 -104.47278594970703 
v -36.95802307128906 -215.43661499023438 -104.47278594970703 
v -22.614700317382812 -215.39312744140625 -123.14170837402344 
v -3.4839725494384766 -214.8279266357422 -123.14170837402344 
v -3.4839725494384766 -214.87139892578125 -156.94326782226562 
v -22.133127212524414 -215.39312744140625 -156.94326782226562 
v -3.4839725494384766 -214.87139892578125 -179.21600341796875 
v 119.06221771240234 -217.30613708496094 -28.775861740112305 
v 122.24437713623047 -199.78477478027344 -24.05799102783203 
v 109.57239532470703 -215.30618286132812 -28.5395450592041 
v 78.10018157958984 -193.04580688476562 -15.837586402893066 
v 83.14253234863281 -216.1322479248047 -25.399925231933594 
v 36.326072692871094 -193.56752014160156 -16.749088287353516 
v 36.326072692871094 -214.740966796875 -23.28996467590332 
v -10.490388870239258 -216.1322479248047 -25.399925231933594 
v 36.326072692871094 -142.3512725830078 -8.83251953125 
v -5.44803524017334 -193.04580688476562 -15.837586402893066 
v -36.92025375366211 -215.30618286132812 -28.5395450592041 
v -5.44803524017334 -142.3512725830078 -8.83251953125 
v -49.48836898803711 -191.4371337890625 -21.407880783081055 
v -49.59223556518555 -199.78477478027344 -24.05799102783203 
v -89.31729888916016 -191.91539001464844 -23.467201232910156 
v -89.31729888916016 -199.4369659423828 -31.231855392456055 
v -111.23359680175781 -191.91539001464844 -43.84941482543945 
v -111.23359680175781 -199.4369659423828 -44.72715759277344 
v -114.86900329589844 -191.91539001464844 -79.1195068359375 
v -114.86900329589844 -199.4369659423828 -79.88753509521484 
v -101.68711853027344 -191.91539001464844 -103.56128692626953 
v -101.68711853027344 -199.4369659423828 -103.5697250366211 
v -80.80950927734375 -199.4369659423828 -117.30134582519531 
v -49.54502487182617 -142.48170471191406 -8.83251953125 
v -89.31729888916016 -142.48170471191406 -15.407154083251953 
v -111.23359680175781 -142.48170471191406 -39.89112854003906 
v -114.86900329589844 -142.48170471191406 -77.92105102539062 
v -101.68711853027344 -142.48170471191406 -103.55284118652344 
v -80.80950927734375 -142.48170471191406 -117.2760238647461 
v -70.58316040039062 -142.39474487304688 -138.12242126464844 
v -70.58316040039062 -199.3934783935547 -138.12242126464844 
v -70.85699462890625 -166.30726623535156 -169.77183532714844 
v -80.80950927734375 -10.788957595825195 -112.24588012695312 
v -94.18968200683594 -13.614982604980469 -103.55284118652344 
v -114.86900329589844 -49.09246063232422 -77.92105102539062 
v -111.23359680175781 -49.09246063232422 -42.47372055053711 
v -89.31729888916016 -49.09246063232422 -17.98974609375 
v -49.54502487182617 -49.09246063232422 -9.659623146057129 
v -5.44803524017334 -48.788116455078125 -12.394131660461426 
v -2.558596611022949 312.638671875 1.5231645107269287 
v 36.326072692871094 315.7255554199219 -0.35891982913017273 
v 7.7055206298828125 381.89801025390625 0.36690640449523926 
v 36.326072692871094 382.11541748046875 -0.34204015135765076 
v 36.326072692871094 -48.788116455078125 -11.541707992553711 
v 78.10018157958984 -48.788116455078125 -12.394131660461426 
v 75.21073913574219 312.638671875 1.5231645107269287 
v 122.1971664428711 -49.09246063232422 -9.659623146057129 
v 122.1971664428711 192.94566345214844 -4.443802356719971 
v 165.8314666748047 -49.09246063232422 -17.98974609375 
v 164.81166076660156 127.59928894042969 -11.507948875427246 
v 190.58999633789062 -49.09246063232422 -42.47372055053711 
v 189.7684783935547 86.81758117675781 -38.658912658691406 
v 187.52114868164062 -49.09246063232422 -77.92105102539062 
v 191.5814666748047 52.94876480102539 -73.86148834228516 
v 183.1303253173828 25.86240577697754 -85.91357421875 
v 180.63748168945312 30.036226272583008 -94.91044616699219 
v 180.63748168945312 15.080036163330078 -91.47543334960938 
v 78.10018157958984 -142.3512725830078 -8.83251953125 
v 122.1971664428711 -142.48170471191406 -8.83251953125 
v 122.14051055908203 -191.4371337890625 -21.407880783081055 
v 165.8314666748047 -142.48170471191406 -17.98974609375 
v 161.9694366455078 -191.91539001464844 -26.049793243408203 
v 190.90159606933594 -142.48170471191406 -42.47372055053711 
v 161.9694366455078 -199.4369659423828 -31.231855392456055 
v 190.90159606933594 -191.91539001464844 -43.84941482543945 
v 194.53700256347656 -142.48170471191406 -77.92105102539062 
v 173.08338928222656 -17.527938842773438 -101.34160614013672 
v 179.47604370117188 -1.2239516973495483 -94.01582336425781 
v 183.8951873779297 -199.4369659423828 -44.72715759277344 
v 187.52114868164062 -191.91539001464844 -79.1195068359375 
v 174.33926391601562 -142.48170471191406 -103.55284118652344 
v 151.04434204101562 -22.875646591186523 -117.17474365234375 
v 187.52114868164062 -199.4369659423828 -79.88753509521484 
v 174.33926391601562 -191.91539001464844 -103.56128692626953 
v 153.47108459472656 -142.48170471191406 -117.2760238647461 
v 143.2353057861328 -142.39474487304688 -138.12242126464844 
v 143.2353057861328 -48.17943572998047 -138.12242126464844 
v 143.50914001464844 -142.3512725830078 -167.5183868408203 
v 141.53562927246094 -72.39629364013672 -166.6490936279297 
v 174.33926391601562 -199.4369659423828 -103.5697250366211 
v 153.47108459472656 -199.4369659423828 -117.30134582519531 
v 143.2353057861328 -199.3934783935547 -138.12242126464844 
v 143.50914001464844 -166.30726623535156 -169.77183532714844 
v 1.567823886871338 -650.0791625976562 -167.59434509277344 
v -21.46270179748535 -664.1658325195312 -162.10000610351562 
v 1.785003900527954 -650.6878662109375 -162.15908813476562 
v -20.329587936401367 -664.3397216796875 -156.58035278320312 
v 2.8803467750549316 -653.3399658203125 -137.59071350097656 
v -16.0615291595459 -663.1223754882812 -131.41275024414062 
v -46.75945281982422 -673.8612670898438 -153.12002563476562 
v -37.52458190917969 -672.2091064453125 -133.53115844726562 
v -40.84838104248047 -687.034912109375 -154.7826690673828 
v -31.056394577026367 -684.6436157226562 -130.1805419921875 
v -70.85699462890625 -142.3512725830078 -167.5183868408203 
v -70.58316040039062 -48.17943572998047 -138.12242126464844 
v -70.85699462890625 -48.17943572998047 -165.77134704589844 
v -70.58316040039062 -19.397462844848633 -138.12242126464844 
v -80.80950927734375 3.55855131149292 -113.75660705566406 
v -15.693266868591309 -648.818359375 -134.1219482421875 
v -16.09929847717285 -647.86181640625 -134.65365600585938 
v -16.561986923217773 -649.2096557617188 -134.21478271484375 
v -16.486446380615234 -648.0357666015625 -134.5692596435547 
v 69.78123474121094 378.3763427734375 0.36690640449523926 
v 141.54507446289062 -48.17943572998047 -165.77134704589844 
v 141.82835388183594 -19.397462844848633 -138.12242126464844 
v 145.2654571533203 -12.093276977539062 -128.02838134765625 
v 122.24437713623047 -199.78477478027344 -24.05799102783203 
v 119.06221771240234 -217.30613708496094 -28.775861740112305 
v 137.49420166015625 -198.00221252441406 -72.24947357177734 
v 131.79086303710938 -216.78440856933594 -107.78964233398438 
v 140.36474609375 -198.69784545898438 -116.49111938476562 
v 137.51307678222656 -216.78440856933594 -122.95603942871094 
v 143.2353057861328 -199.3934783935547 -138.12242126464844 
v 143.2353057861328 -216.78440856933594 -138.12242126464844 
v 143.50914001464844 -216.78440856933594 -169.77183532714844 
v 143.50914001464844 -241.13169860839844 -169.77183532714844 
v 125.65316009521484 -241.13169860839844 -212.04698181152344 
v 143.50914001464844 -355.47698974609375 -169.77183532714844 
v 125.27545928955078 -355.47698974609375 -212.04698181152344 
v 112.5279312133789 -407.432373046875 -210.3505859375 
v 76.1927719116211 -397.7369384765625 -233.3406982421875 
v 76.268310546875 -435.21435546875 -230.5133514404297 
v 36.326072692871094 -435.21435546875 -230.3445587158203 
v 76.1927719116211 -283.34814453125 -233.3406982421875 
v 36.326072692871094 -397.7369384765625 -236.66600036621094 
v -3.54062819480896 -397.7369384765625 -233.3406982421875 
v -3.616168975830078 -435.21435546875 -230.5133514404297 
v -39.875789642333984 -407.432373046875 -210.3505859375 
v -53.00101852416992 -355.47698974609375 -212.04698181152344 
v -3.54062819480896 -283.34814453125 -233.3406982421875 
v 36.326072692871094 -283.34814453125 -236.66600036621094 
v 36.326072692871094 -216.78440856933594 -236.66600036621094 
v 76.1927719116211 -216.78440856933594 -233.3406982421875 
v 36.326072692871094 -166.30726623535156 -236.66600036621094 
v 76.1927719116211 -166.30726623535156 -233.3406982421875 
v 125.65316009521484 -166.30726623535156 -212.04698181152344 
v 125.65316009521484 -216.78440856933594 -212.04698181152344 
v 143.50914001464844 -166.30726623535156 -169.77183532714844 
v 7.696077823638916 -663.8615112304688 -163.82174682617188 
v 11.69974422454834 -664.55712890625 -135.50607299804688 
v 137.0126190185547 -407.432373046875 -169.77183532714844 
v 139.1466522216797 -430.2144775390625 -169.77183532714844 
v 112.5279312133789 -407.432373046875 -210.3505859375 
v 108.8547592163086 -429.9101257324219 -209.51502990722656 
v 76.268310546875 -435.21435546875 -230.5133514404297 
v 76.268310546875 -453.6052551269531 -228.9688720703125 
v 36.326072692871094 -435.21435546875 -230.3445587158203 
v 36.326072692871094 -453.6052551269531 -228.80850219726562 
v -3.616168975830078 -453.6052551269531 -228.9688720703125 
v -3.616168975830078 -523.734130859375 -223.00189208984375 
v -17.713985443115234 -523.12548828125 -206.4344940185547 
v -7.7237043380737305 -575.8634033203125 -208.64573669433594 
v -22.07647132873535 -575.2547607421875 -196.6696014404297 
v 121.4134292602539 -523.2993774414062 -169.77183532714844 
v 90.36612701416016 -523.12548828125 -206.4344940185547 
v 76.268310546875 -523.734130859375 -223.00189208984375 
v 36.326072692871094 -523.734130859375 -224.79959106445312 
v 36.326072692871094 -567.5158081054688 -213.31295776367188 
v -0.915582537651062 -567.5158081054688 -212.3170623779297 
v -1.623778223991394 -575.8634033203125 -210.22398376464844 
v -104.90704345703125 -61.39653396606445 -42.47372055053711 
v -89.31729888916016 -61.39653396606445 -24.640338897705078 
v -108.54244995117188 -61.39653396606445 -77.92105102539062 
v -95.36056518554688 -61.39653396606445 -103.55284118652344 
v -73.97305297851562 -61.39653396606445 -117.2760238647461 
v -46.919979095458984 -61.874786376953125 -21.120925903320312 
v -63.92612075805664 -61.91826248168945 -138.15618896484375 
v -51.471317291259766 -61.91826248168945 -138.15618896484375 
v -63.92612075805664 -70.35285949707031 -165.77134704589844 
v -51.471317291259766 -70.35285949707031 -165.77134704589844 
v -25.34361457824707 -61.874786376953125 -31.501930236816406 
v -2.558596611022949 -61.222625732421875 -19.753671646118164 
v 36.326072692871094 -61.874786376953125 -39.40161895751953 
v 36.326072692871094 -61.222625732421875 -19.753671646118164 
v 75.21073913574219 -61.222625732421875 -19.753671646118164 
v -22.104799270629883 -61.874786376953125 -50.67724609375 
v -24.70151710510254 -61.91826248168945 -138.15618896484375 
v -24.70151710510254 -70.35285949707031 -165.77134704589844 
v -36.3914680480957 -664.122314453125 -143.8277587890625 
v -36.16484451293945 -664.64404296875 -143.8868408203125 
v -36.24982833862305 -663.991943359375 -144.34259033203125 
v -36.0232048034668 -664.5136108398438 -144.4101104736328 
v -35.90045166015625 -663.8179931640625 -144.7392578125 
v -35.673828125 -664.2962646484375 -144.80677795410156 
v -35.381107330322266 -663.55712890625 -144.95025634765625 
v -35.1639289855957 -664.035400390625 -145.0177764892578 
v 122.37657928466797 -243.1751251220703 -50.67724609375 
v 122.38601684570312 -243.13165283203125 -107.07225799560547 
v 143.2353057861328 -241.13169860839844 -138.12242126464844 
v 122.38601684570312 -355.47698974609375 -106.25359344482422 
v 143.2353057861328 -355.47698974609375 -138.12242126464844 
v 136.72933959960938 -407.432373046875 -138.12242126464844 
v 137.0126190185547 -407.432373046875 -169.77183532714844 
v -6.307312965393066 -649.383544921875 -144.00498962402344 
v -7.506524085998535 -650.2095947265625 -144.68862915039062 
v -7.695376396179199 -649.9922485351562 -143.73492431640625 
v -8.677408218383789 -650.427001953125 -143.59144592285156 
v -35.47553634643555 -663.9049682617188 -142.3339080810547 
v -35.2489128112793 -664.4266967773438 -142.3929901123047 
v -35.966552734375 -664.078857421875 -142.739013671875 
v -35.73992919921875 -664.6005859375 -142.798095703125 
v 31.708635330200195 -660.948486328125 -99.69583892822266 
v 25.797561645507812 -647.77490234375 -98.03318786621094 
v 35.58954620361328 -661.3397827148438 -97.75467681884766 
v 29.67847442626953 -648.1661987304688 -96.09202575683594 
v 48.30874252319336 -654.2095336914062 -105.08889770507812 
v 42.39767074584961 -640.992431640625 -103.4262466430664 
v 59.46990966796875 -646.253173828125 -128.51788330078125 
v 53.558834075927734 -633.0360717773438 -126.86367797851562 
v 56.13666534423828 -644.7749633789062 -151.98065185546875 
v 49.98008728027344 -631.557861328125 -151.52488708496094 
v 41.71780014038086 -649.86181640625 -168.31173706054688 
v 35.57066345214844 -636.6447143554688 -167.84754943847656 
v 19.537111282348633 -657.0790405273438 -181.88299560546875 
v 13.626036643981934 -643.9053955078125 -180.22035217285156 
v 11.08597469329834 -662.47021484375 -166.4127655029297 
v 5.174901008605957 -649.2965698242188 -164.7501220703125 
v 7.696077823638916 -663.8615112304688 -163.82174682617188 
v 1.785003900527954 -650.6878662109375 -162.15908813476562 
v 29.055261611938477 -649.86181640625 -85.15399169921875 
v 47.203956604003906 -639.1229248046875 -101.3753662109375 
v 57.647483825683594 -631.2534790039062 -126.45857238769531 
v 52.23686981201172 -629.9057006835938 -156.6647491455078 
v 38.49787139892578 -634.8621215820312 -172.03370666503906 
v 15.306821823120117 -642.122802734375 -187.92591857910156 
v 9.084141731262207 -644.5140991210938 -188.15379333496094 
v 1.567823886871338 -650.0791625976562 -167.59434509277344 
v -61.0744514465332 -696.8607788085938 -167.34959411621094 
v -66.42841339111328 -699.7737426757812 -159.24734497070312 
v -47.2787971496582 -690.3826293945312 -156.8419952392578 
v -73.10433959960938 -700.9041137695312 -148.14895629882812 
v -40.84838104248047 -687.034912109375 -154.7826690673828 
v -52.34947967529297 -693.2086791992188 -141.4392852783203 
v -31.056394577026367 -684.6436157226562 -130.1805419921875 
v -45.314735412597656 -692.8173828125 -121.3271484375 
v -23.927223205566406 -685.556640625 -103.95795440673828 
v -30.19711685180664 -689.4261474609375 -95.70378875732422 
v -66.0884780883789 -698.9476318359375 -139.8441619873047 
v -78.51495361328125 -704.8170776367188 -132.49305725097656 
v -59.440879821777344 -700.8606567382812 -112.56658935546875 
v -36.58976364135742 -692.1652221679688 -94.4124984741211 
v -73.41593933105469 -708.8604736328125 -103.89043426513672 
v -55.692161560058594 -703.1214599609375 -86.66472625732422 
v -38.25166320800781 -692.9478149414062 -92.30253601074219 
v -38.440513610839844 -693.382568359375 -85.16242980957031 
v -39.97966003417969 -693.4695434570312 -82.43636322021484 
v -9.0551118850708 -651.6878662109375 -142.11447143554688 
v -9.725537300109863 -650.94873046875 -142.03851318359375 
v -8.875702857971191 -651.6878662109375 -141.27049255371094 
v -9.517800331115723 -650.94873046875 -141.05105590820312 
v 56.13666534423828 -644.7749633789062 -151.98065185546875 
v 41.71780014038086 -649.86181640625 -168.31173706054688 
v 59.46990966796875 -646.253173828125 -128.51788330078125 
v 11.69974422454834 -664.55712890625 -135.50607299804688 
v 48.30874252319336 -654.2095336914062 -105.08889770507812 
v 31.708635330200195 -660.948486328125 -99.69583892822266 
v 35.58954620361328 -661.3397827148438 -97.75467681884766 
v 20.434158325195312 -664.55712890625 -111.3090591430664 
v 6.260801315307617 -671.6439208984375 -114.2208023071289 
v -6.401739120483398 -678.8176879882812 -110.99678039550781 
v -6.241214752197266 -673.7742919921875 -129.92733764648438 
v -17.61956024169922 -678.9481201171875 -129.80918884277344 
v -36.58976364135742 -692.1652221679688 -94.4124984741211 
v -38.25166320800781 -692.9478149414062 -92.30253601074219 
v -42.803001403808594 -680.0350341796875 -86.97699737548828 
v -41.3016242980957 -680.774169921875 -82.41948699951172 
v -38.440513610839844 -693.382568359375 -85.16242980957031 
v -43.8416862487793 -681.3828125 -77.81133270263672 
v -38.39330291748047 -680.0784912109375 -80.77371215820312 
v -39.84746170043945 -680.3828735351562 -73.20317840576172 
v -39.97966003417969 -693.4695434570312 -82.43636322021484 
v -61.60323715209961 -689.9043579101562 -85.01051330566406 
v -65.85240936279297 -692.2521362304688 -81.34762573242188 
v -85.1247787475586 -698.556396484375 -100.07563018798828 
v -55.692161560058594 -703.1214599609375 -86.66472625732422 
v -79.32701873779297 -695.6868896484375 -102.22779083251953 
v -91.7157211303711 -697.599853515625 -131.07516479492188 
v -73.41593933105469 -708.8604736328125 -103.89043426513672 
v -85.38916778564453 -694.8173217773438 -130.74600219726562 
v -83.18904113769531 -692.4260864257812 -146.18247985839844 
v -78.51495361328125 -704.8170776367188 -132.49305725097656 
v -79.97855377197266 -690.9043579101562 -146.40191650390625 
v -74.74735260009766 -687.2957153320312 -161.12942504882812 
v -73.10433959960938 -700.9041137695312 -148.14895629882812 
v -73.87863159179688 -687.1653442382812 -158.2008056640625 
v -67.07994842529297 -683.6436767578125 -166.1427001953125 
v -66.39064025878906 -682.2089233398438 -175.9329071044922 
v -59.79025650024414 -679.1654663085938 -174.0255126953125 
v -66.42841339111328 -699.7737426757812 -159.24734497070312 
v -61.0744514465332 -696.8607788085938 -167.34959411621094 
v -53.18987274169922 -677.208984375 -155.1877899169922 
v -48.63853454589844 -674.1221313476562 -157.46653747558594 
v -47.2787971496582 -690.3826293945312 -156.8419952392578 
v -46.75945281982422 -673.8612670898438 -153.12002563476562 
v 15.184067726135254 -448.43145751953125 -100.26130676269531 
v 15.231280326843262 -447.9532165527344 -110.37223052978516 
v 8.933059692382812 -447.8227844238281 -100.26130676269531 
v 8.970829963684082 -447.38800048828125 -110.37223052978516 
v 33.84266662597656 -531.603515625 -123.84221649169922 
v 33.84266662597656 -530.9078979492188 -101.32472229003906 
v 33.74823760986328 -520.8211669921875 -123.48774719238281 
v 33.74823760986328 -520.1255493164062 -101.11373138427734 
v 40.1880989074707 -520.1255493164062 -101.11373138427734 
v 40.28252410888672 -530.9078979492188 -101.32472229003906 
v 40.1880989074707 -520.8211669921875 -123.48774719238281 
v 40.28252410888672 -531.603515625 -123.84221649169922 
v -42.623592376708984 -681.6436767578125 -70.41802978515625 
v 41.37786865234375 585.3283081054688 4.2576727867126465 
v 55.79673385620117 486.5478820800781 14.005687713623047 
v 39.2060661315918 584.1109619140625 -4.8995537757873535 
v 53.568275451660156 485.2435607910156 4.620585918426514 
v 43.880157470703125 485.80877685546875 6.840263843536377 
v 56.00447082519531 400.8106384277344 17.845815658569336 
v 34.6641731262207 485.85223388671875 9.026182174682617 
v 37.581939697265625 400.8541259765625 22.2176513671875 
v 19.159406661987305 400.8975830078125 26.5810489654541 
v 32.010799407958984 584.2848510742188 -3.211585760116577 
v 25.457626342773438 485.85223388671875 11.212100982666016 
v 18.243473052978516 485.7218017578125 12.95070743560791 
v 11.916924476623535 400.8106384277344 28.319656372070312 
v 20.462486267089844 487.026123046875 22.327369689941406 
v 14.664724349975586 402.3758239746094 39.88223648071289 
v 26.99677276611328 585.3717651367188 7.667367935180664 
v 24.815528869628906 584.1109619140625 -1.4814186096191406 
v 21.718353271484375 -666.8613891601562 -92.17594146728516 
v 20.45304298400879 -666.3396606445312 -91.9058609008789 
v 24.060121536254883 -667.2962036132812 -80.55428314208984 
v 22.794811248779297 -666.7744750976562 -80.2842025756836 
v 23.41802406311035 -667.73095703125 -79.38957977294922 
v 20.57579803466797 -669.0787353515625 -78.8663101196289 
v 41.09458923339844 -707.034423828125 -83.87957763671875 
v 38.25236511230469 -708.3387451171875 -83.35630798339844 
v 17.61081886291504 -667.6875 -91.37415313720703 
v 19.952585220336914 -668.1222534179688 -79.75249481201172 
v 19.527667999267578 -669.4265747070312 -79.71873474121094 
v 37.2042350769043 -708.7300415039062 -84.20028686523438 
v 17.17645835876465 -669.0352783203125 -91.34039306640625 
v 8.375946044921875 -673.1656494140625 -89.71150970458984 
v 25.958086013793945 -712.4255981445312 -94.64881134033203 
v 10.717713356018066 -673.6004028320312 -78.08984375 
v 28.39427947998047 -712.8604125976562 -82.57984161376953 
v 29.44240951538086 -712.5125732421875 -81.7274169921875 
v 11.76584243774414 -673.2091064453125 -77.23741912841797 
v 32.28463363647461 -711.164794921875 -82.25068664550781 
v 14.608068466186523 -671.861328125 -77.76913452148438 
v 32.92673110961914 -710.72998046875 -83.4153823852539 
v 15.250165939331055 -671.426513671875 -78.9253921508789 
v 12.908398628234863 -671.0352172851562 -90.54705047607422 
v 13.984855651855469 -670.90478515625 -78.65531921386719 
v 11.643088340759277 -670.5134887695312 -90.2769775390625 
v 12.908398628234863 -671.0352172851562 -90.54705047607422 
v 8.800863265991211 -671.861328125 -89.7452621459961 
v 11.142630577087402 -672.2526245117188 -78.13204193115234 
v 8.375946044921875 -673.1656494140625 -89.71150970458984 
v 70.92379760742188 401.4193115234375 26.648569107055664 
v 68.18544006347656 399.8541259765625 15.085987091064453 
v 21.60504150390625 -714.4690551757812 -93.84703063964844 
v 4.022902488708496 -675.2090454101562 -88.90128326416016 
v 24.041234970092773 -714.90380859375 -81.76961517333984 
v 6.3646697998046875 -675.643798828125 -77.2880630493164 
v 5.722572326660156 -676.07861328125 -76.12336730957031 
v 5.09935998916626 -675.1221313476562 -77.0095443725586 
v 2.8803467750549316 -677.4263916015625 -75.60009002685547 
v 2.257134437561035 -676.4263916015625 -76.48627471923828 
v 1.8227744102478027 -677.7742309570312 -76.44407653808594 
v -0.5189929008483887 -677.3394165039062 -88.06573486328125 
v 23.399137496948242 -715.338623046875 -80.61335754394531 
v 20.556913375854492 -716.6864013671875 -80.08164978027344 
v 19.5087833404541 -717.0342407226562 -80.93407440185547 
v 17.072589874267578 -716.6429443359375 -93.01148223876953 
v -25.560794830322266 -159.17698669433594 -169.77183532714844 
v -48.79905700683594 -159.17698669433594 -169.77183532714844 
v -24.70151710510254 -70.35285949707031 -165.77134704589844 
v -51.471317291259766 -70.35285949707031 -165.77134704589844 
v -25.560794830322266 -159.17698669433594 -169.77183532714844 
v -24.635417938232422 -159.17698669433594 -198.2478485107422 
v -48.79905700683594 -159.17698669433594 -169.77183532714844 
v -46.674468994140625 -159.17698669433594 -208.78076171875 
v -63.737266540527344 -159.17698669433594 -169.77183532714844 
v -70.85699462890625 -166.30726623535156 -169.77183532714844 
v -3.5595133304595947 -159.17698669433594 -226.22592163085938 
v -53.00101852416992 -166.30726623535156 -212.04698181152344 
v -3.616168975830078 -159.17698669433594 -201.54782104492188 
v 36.326072692871094 -159.17698669433594 -201.55625915527344 
v 36.326072692871094 -159.17698669433594 -229.5427703857422 
v 76.21165466308594 -159.17698669433594 -226.22592163085938 
v 76.1927719116211 -166.30726623535156 -233.3406982421875 
v 125.65316009521484 -166.30726623535156 -212.04698181152344 
v 36.326072692871094 -166.30726623535156 -236.66600036621094 
v -3.54062819480896 -166.30726623535156 -233.3406982421875 
v -9.527242660522461 -729.1643676757812 -88.09105682373047 
v -7.100492000579834 -729.5991821289062 -76.0136489868164 
v -27.118825912475586 -689.9043579101562 -83.14530944824219 
v -24.777057647705078 -690.295654296875 -71.53208923339844 
v -23.728927612304688 -689.9478759765625 -70.6796646118164 
v -6.052362442016602 -729.2078857421875 -75.16966247558594 
v -20.886703491210938 -688.6000366210938 -71.20293426513672 
v -3.210136651992798 -727.903564453125 -75.69293212890625 
v -20.244606018066406 -688.165283203125 -72.36763763427734 
v -2.558596611022949 -727.46875 -76.84918975830078 
v -4.994790077209473 -727.0339965820312 -88.92659759521484 
v -24.352140426635742 -688.9913330078125 -71.56584930419922 
v -21.50991439819336 -687.6435546875 -72.08911895751953 
v -22.58637237548828 -687.7739868164062 -83.98929595947266 
v -23.851682662963867 -687.2088012695312 -83.71077728271484 
v -26.69390869140625 -688.5565795898438 -83.18750762939453 
v -27.118825912475586 -689.9043579101562 -83.14530944824219 
v -0.08463283628225327 -676.0350952148438 -88.1079330444336 
v 2.7575926780700684 -674.6873168945312 -88.6312026977539 
v 4.022902488708496 -675.2090454101562 -88.90128326416016 
v -13.153204917907715 -683.2958374023438 -85.72789764404297 
v -10.811437606811523 -683.7305908203125 -74.10623931884766 
v 4.428934574127197 -722.5993041992188 -90.67364501953125 
v 6.865128040313721 -722.9906005859375 -78.59623718261719 
v 6.2230305671691895 -723.4253540039062 -77.4315414428711 
v -11.453535079956055 -684.1654052734375 -72.94998168945312 
v 3.380805015563965 -724.773193359375 -76.90827178955078 
v -14.295761108398438 -685.51318359375 -72.42671203613281 
v 2.3326752185821533 -725.1644897460938 -77.76068878173828 
v -15.343890190124512 -685.8610229492188 -73.27069854736328 
v -17.695100784301758 -685.4697265625 -84.8923568725586 
v -14.918972969055176 -684.51318359375 -73.31289672851562 
v -12.07674789428711 -683.2088623046875 -73.83616638183594 
v -13.153204917907715 -683.2958374023438 -85.72789764404297 
v -14.4185152053833 -682.7741088867188 -85.45782470703125 
v -17.260740280151367 -684.1218872070312 -84.93455505371094 
v -17.695100784301758 -685.4697265625 -84.8923568725586 
v -3.776693344116211 -678.9046020507812 -87.46650695800781 
v -1.4349260330200195 -679.2958984375 -75.8448486328125 
v 13.814888954162598 -718.1646118164062 -92.40381622314453 
v 16.241640090942383 -718.5994262695312 -80.32640075683594 
v 15.599542617797852 -719.0341796875 -79.1701431274414 
v -2.077023506164551 -679.730712890625 -74.6801528930664 
v 12.757316589355469 -720.3819580078125 -78.6468734741211 
v -4.919249057769775 -681.0784912109375 -74.1568832397461 
v 11.709187507629395 -720.7297973632812 -79.49085998535156 
v -5.967379093170166 -681.4263305664062 -75.00086212158203 
v -8.3091459274292 -681.0350341796875 -86.62252807617188 
v -5.542461395263672 -680.1220092773438 -75.04306030273438 
v -2.7002358436584473 -678.774169921875 -75.56633758544922 
v -3.776693344116211 -678.9046020507812 -87.46650695800781 
v -5.042003154754639 -678.3828735351562 -87.18799591064453 
v -7.884228706359863 -679.6871948242188 -86.66472625732422 
v -8.3091459274292 -681.0350341796875 -86.62252807617188 
v 17.17645835876465 -669.0352783203125 -91.34039306640625 
v 34.76803970336914 -708.2952880859375 -96.27770233154297 
v 19.537111282348633 -657.0790405273438 -181.88299560546875 
v 11.08597469329834 -662.47021484375 -166.4127655029297 
v -3.616168975830078 -435.21435546875 -230.5133514404297 
v -36.20261764526367 -429.9101257324219 -209.51502990722656 
v -39.875789642333984 -407.432373046875 -210.3505859375 
v -61.02723693847656 -430.2144775390625 -169.77183532714844 
v -64.36048126220703 -407.432373046875 -169.77183532714844 
v -48.761287689208984 -523.2993774414062 -169.77183532714844 
v -21.53824234008789 -227.1320037841797 -173.7047882080078 
v -21.53824234008789 -227.1320037841797 -175.8738250732422 
v -26.457841873168945 -227.1320037841797 -173.7047882080078 
v -26.457841873168945 -227.1320037841797 -175.8738250732422 
v -29.86662483215332 -233.26229858398438 -175.8738250732422 
v -21.53824234008789 -233.26229858398438 -175.8738250732422 
v -21.53824234008789 -233.26229858398438 -173.7047882080078 
v -29.86662483215332 -233.26229858398438 -173.7047882080078 
v -22.27476692199707 -231.1319122314453 -173.7047882080078 
v -24.182172775268555 -231.1319122314453 -173.7047882080078 
v -26.457841873168945 -227.1320037841797 -173.7047882080078 
v -24.182172775268555 -229.00152587890625 -173.7047882080078 
v -21.53824234008789 -227.1320037841797 -173.7047882080078 
v -22.27476692199707 -229.00152587890625 -173.7047882080078 
v -38.20444869995117 -227.1320037841797 -37.78116989135742 
v -38.289432525634766 -233.26229858398438 -37.78116989135742 
v -21.53824234008789 -227.1320037841797 -37.78116989135742 
v -21.53824234008789 -233.26229858398438 -37.78116989135742 
v -21.53824234008789 -233.26229858398438 -39.95021057128906 
v -38.289432525634766 -233.26229858398438 -39.95021057128906 
v -22.27476692199707 -231.1319122314453 -39.95021057128906 
v -24.182172775268555 -231.1319122314453 -39.95021057128906 
v -38.20444869995117 -227.1320037841797 -39.95021057128906 
v -24.182172775268555 -229.00152587890625 -39.95021057128906 
v -21.53824234008789 -227.1320037841797 -39.95021057128906 
v -21.53824234008789 -227.1320037841797 -37.78116989135742 
v -22.27476692199707 -229.00152587890625 -39.95021057128906 
v 9.084141731262207 -644.5140991210938 -188.15379333496094 
v 15.306821823120117 -642.122802734375 -187.92591857910156 
v 46.31635284423828 -717.8168334960938 -193.800048828125 
v 38.49787139892578 -634.8621215820312 -172.03370666503906 
v 64.01180267333984 -738.5120239257812 -193.38650512695312 
v 89.14803314208984 -727.6427001953125 -183.74819946289062 
v 80.71578216552734 -773.8155517578125 -180.14439392089844 
v 97.0231704711914 -725.0775146484375 -170.91964721679688 
v 88.6286849975586 -805.2061767578125 -158.7493896484375 
v 95.85228729248047 -729.7730712890625 -137.6666717529297 
v 88.34541320800781 -810.3364868164062 -138.9410858154297 
v 85.29544830322266 -737.1207275390625 -116.79495239257812 
v 89.50685119628906 -791.7716674804688 -119.7404556274414 
v 69.93231964111328 -743.9466552734375 -103.80603790283203 
v 53.9837532043457 -808.553955078125 -113.00546264648438 
v 34.40922164916992 -760.7288818359375 -97.06260681152344 
v -1.1894181966781616 -777.4676513671875 -90.65676879882812 
v 60.763545989990234 -831.11865234375 -133.9447021484375 
v 56.53325653076172 -829.596923828125 -152.97654724121094 
v 41.73668670654297 -805.7713623046875 -172.2278289794922 
v 21.944976806640625 -766.5548706054688 -179.3426055908203 
v 7.006767272949219 -734.207763671875 -177.78123474121094 
v 27.365034103393555 -839.0750122070312 -127.66546630859375 
v 17.51639175415039 -838.7271728515625 -145.6085662841797 
v -7.440425872802734 -815.466796875 -162.8342742919922 
v -16.382577896118164 -777.206787109375 -172.1687469482422 
v -27.099939346313477 -756.250732421875 -170.8352508544922 
v -47.85479736328125 -793.423828125 -143.3213653564453 
v -41.74542999267578 -794.5977172851562 -112.4146728515625 
v -22.803552627563477 -788.4674072265625 -93.67823028564453 
v 18.394554138183594 -825.292724609375 -106.59962463378906 
v -42.623592376708984 -681.6436767578125 -70.41802978515625 
v -65.85240936279297 -692.2521362304688 -81.34762573242188 
v -85.1247787475586 -698.556396484375 -100.07563018798828 
v -91.7157211303711 -697.599853515625 -131.07516479492188 
v -33.369834899902344 -748.5987548828125 -170.2275848388672 
v -83.18904113769531 -692.4260864257812 -146.18247985839844 
v -74.74735260009766 -687.2957153320312 -161.12942504882812 
v -26.3350887298584 -749.7291259765625 -169.8646697998047 
v -66.39064025878906 -682.2089233398438 -175.9329071044922 
v 39.2060661315918 584.1109619140625 -4.8995537757873535 
v 32.010799407958984 584.2848510742188 -3.211585760116577 
v 41.37786865234375 585.3283081054688 4.2576727867126465 
v 34.18259811401367 585.5457153320312 5.937201023101807 
v 26.99677276611328 585.3717651367188 7.667367935180664 
v 24.815528869628906 584.1109619140625 -1.4814186096191406 
v -15.882119178771973 -647.5574951171875 -136.71298217773438 
v -16.55254554748535 -646.296630859375 -136.426025390625 
v -15.608283996582031 -647.4705200195312 -136.2825469970703 
v -16.231496810913086 -646.253173828125 -136.0631103515625 
v 24.87218475341797 -649.0792236328125 -90.72428894042969 
v -37.52458190917969 -672.2091064453125 -133.53115844726562 
v -32.22727584838867 -671.6439208984375 -133.4805145263672 
v -16.0615291595459 -663.1223754882812 -131.41275024414062 
v -15.627168655395508 -664.2527465820312 -131.5140380859375 
v 2.8803467750549316 -653.3399658203125 -137.59071350097656 
v -0.207386776804924 -656.731201171875 -136.59481811523438 
v -31.6984920501709 -671.339599609375 -138.21527099609375 
v -16.259822845458984 -664.55712890625 -135.56515502929688 
v -1.2649590969085693 -659.0789794921875 -139.5234375 
v -27.099939346313477 -680.3828735351562 -136.38381958007812 
v -19.111492156982422 -676.7742309570312 -135.9196319580078 
v -8.469670295715332 -672.0352172851562 -135.06719970703125 
v -18.412738800048828 -677.5568237304688 -130.2818145751953 
v -7.015508651733398 -672.383056640625 -130.2649383544922 
v -17.61956024169922 -678.9481201171875 -129.80918884277344 
v -6.241214752197266 -673.7742919921875 -129.92733764648438 
v 6.100276947021484 -665.7744750976562 -135.30352783203125 
v 3.428018093109131 -665.9049072265625 -140.53622436523438 
v 6.100276947021484 -665.7744750976562 -135.30352783203125 
v -0.207386776804924 -656.731201171875 -136.59481811523438 
v 11.69974422454834 -664.55712890625 -135.50607299804688 
v 2.8803467750549316 -653.3399658203125 -137.59071350097656 
v -32.22727584838867 -671.6439208984375 -133.4805145263672 
v -27.090497970581055 -681.4697875976562 -130.77976989746094 
v -37.52458190917969 -672.2091064453125 -133.53115844726562 
v -31.056394577026367 -684.6436157226562 -130.1805419921875 
v -27.090497970581055 -681.4697875976562 -130.77976989746094 
v -31.056394577026367 -684.6436157226562 -130.1805419921875 
v 177.55918884277344 -61.39653396606445 -42.47372055053711 
v 181.19459533691406 -61.39653396606445 -77.92105102539062 
v 161.9694366455078 -61.39653396606445 -24.640338897705078 
v 168.01271057128906 -61.39653396606445 -103.55284118652344 
v 146.6251983642578 -61.39653396606445 -117.2760238647461 
v 119.5815658569336 -61.874786376953125 -21.120925903320312 
v 136.57826232910156 -61.91826248168945 -138.15618896484375 
v 124.12345886230469 -61.91826248168945 -138.15618896484375 
v 138.0701904296875 -72.39629364013672 -166.6490936279297 
v 124.12345886230469 -70.35285949707031 -165.12991333007812 
v 97.3536605834961 -61.91826248168945 -138.15618896484375 
v 94.75694274902344 -61.874786376953125 -50.67724609375 
v 97.99575805664062 -61.874786376953125 -31.501930236816406 
v -3.54062819480896 -216.78440856933594 -233.3406982421875 
v -3.54062819480896 -166.30726623535156 -233.3406982421875 
v -53.00101852416992 -216.78440856933594 -212.04698181152344 
v -53.00101852416992 -166.30726623535156 -212.04698181152344 
v -53.00101852416992 -241.13169860839844 -212.04698181152344 
v -70.85699462890625 -355.47698974609375 -169.77183532714844 
v -64.36048126220703 -407.432373046875 -169.77183532714844 
v -70.58316040039062 -355.47698974609375 -138.12242126464844 
v -70.85699462890625 -241.13169860839844 -169.77183532714844 
v -70.85699462890625 -216.78440856933594 -169.77183532714844 
v -70.85699462890625 -166.30726623535156 -169.77183532714844 
v -70.58316040039062 -241.13169860839844 -138.12242126464844 
v -70.58316040039062 -216.78440856933594 -138.12242126464844 
v -70.58316040039062 -199.3934783935547 -138.12242126464844 
v -64.8609390258789 -216.78440856933594 -122.95603942871094 
v -59.13871765136719 -216.78440856933594 -107.78964233398438 
v -49.7338752746582 -243.13165283203125 -107.07225799560547 
v -49.72443389892578 -243.1751251220703 -50.67724609375 
v -50.75367736816406 -355.73785400390625 -105.65436553955078 
v -59.99799346923828 -407.2149658203125 -139.10145568847656 
v -41.93428039550781 -408.2149658203125 -110.97990417480469 
v -40.69729995727539 -355.47698974609375 -107.07225799560547 
v -40.69729995727539 -243.13165283203125 -107.07225799560547 
v -37.4584846496582 -243.08816528320312 -107.40985107421875 
v -36.495338439941406 -408.5627746582031 -111.60445404052734 
v -32.41613006591797 -355.47698974609375 -111.13182067871094 
v -16.55254554748535 -646.296630859375 -136.426025390625 
v -17.03411865234375 -646.5140380859375 -135.54827880859375 
v -16.231496810913086 -646.253173828125 -136.0631103515625 
v -16.155954360961914 -646.253173828125 -135.58203125 
v -33.77586364746094 -663.1658325195312 -142.31703186035156 
v -33.54924392700195 -663.6441040039062 -142.37611389160156 
v -34.29520797729492 -663.4266967773438 -142.1060333251953 
v -34.06858444213867 -663.9049682617188 -142.1651153564453 
v 64.12511444091797 -562.7332763671875 -102.61602020263672 
v 64.12511444091797 -563.6897583007812 -118.70235443115234 
v 70.55553436279297 -562.7332763671875 -102.61602020263672 
v 70.55553436279297 -563.6897583007812 -118.70235443115234 
v -33.42648696899414 -662.948486328125 -142.7136993408203 
v -33.199867248535156 -663.47021484375 -142.7727813720703 
v -33.77586364746094 -663.1658325195312 -142.31703186035156 
v -33.54924392700195 -663.6441040039062 -142.37611389160156 
v 7.554438591003418 -460.9094543457031 -113.09830474853516 
v 7.526110649108887 -461.1703186035156 -100.12626647949219 
v 8.970829963684082 -447.38800048828125 -110.37223052978516 
v 8.933059692382812 -447.8227844238281 -100.26130676269531 
v 15.184067726135254 -448.43145751953125 -100.26130676269531 
v 14.202035903930664 -461.8224792480469 -100.12626647949219 
v 15.231280326843262 -447.9532165527344 -110.37223052978516 
v 14.230363845825195 -461.51812744140625 -113.09830474853516 
v 71.05599212646484 -363.7811584472656 -134.59457397460938 
v 71.05599212646484 -358.0421447753906 -148.9001007080078 
v 36.326072692871094 -358.0421447753906 -148.9001007080078 
v 71.05599212646484 -356.52044677734375 -153.1453399658203 
v 36.326072692871094 -356.52044677734375 -153.1453399658203 
v 71.05599212646484 -359.5638732910156 -156.13304138183594 
v 36.326072692871094 -359.5638732910156 -156.13304138183594 
v 36.326072692871094 -382.2155456542969 -167.5605926513672 
v 1.5961517095565796 -359.5638732910156 -156.13304138183594 
v -0.7928286194801331 -382.2155456542969 -167.5605926513672 
v -2.1620070934295654 -361.78118896484375 -154.51260375976562 
v -4.56043004989624 -385.7371826171875 -166.2270965576172 
v -2.1620070934295654 -360.3899230957031 -151.6768035888672 
v -4.56043004989624 -407.82366943359375 -161.82994079589844 
v -2.1620070934295654 -365.4767761230469 -136.90708923339844 
v -4.56043004989624 -408.2584228515625 -153.7698974609375 
v -4.56043004989624 -408.2584228515625 -129.47158813476562 
v 1.5961517095565796 -356.52044677734375 -153.1453399658203 
v 1.5961517095565796 -358.0421447753906 -148.9001007080078 
v -2.1620070934295654 -360.5203552246094 -148.4105987548828 
v 1.5961517095565796 -363.7811584472656 -134.59457397460938 
v -0.8022711873054504 -400.5629577636719 -125.7074203491211 
v -5.8635101318359375 -408.5627746582031 -123.80001831054688 
v -22.27476692199707 -231.1319122314453 -173.7047882080078 
v -22.27476692199707 -231.1319122314453 -147.33029174804688 
v -24.182172775268555 -231.1319122314453 -173.7047882080078 
v -24.182172775268555 -231.1319122314453 -147.33029174804688 
v -24.182172775268555 -229.00152587890625 -173.7047882080078 
v -24.182172775268555 -229.00152587890625 -147.33029174804688 
v -22.27476692199707 -229.00152587890625 -173.7047882080078 
v -22.27476692199707 -229.00152587890625 -147.33029174804688 
v -22.27476692199707 -231.1319122314453 -173.7047882080078 
v -22.27476692199707 -231.1319122314453 -147.33029174804688 
v -22.27476692199707 -231.1319122314453 -120.95579528808594 
v -24.182172775268555 -231.1319122314453 -120.95579528808594 
v -24.182172775268555 -229.00152587890625 -120.95579528808594 
v -22.27476692199707 -229.00152587890625 -120.95579528808594 
v -22.27476692199707 -231.1319122314453 -120.95579528808594 
v -22.27476692199707 -231.1319122314453 -94.58129119873047 
v -24.182172775268555 -231.1319122314453 -94.58129119873047 
v -24.182172775268555 -229.00152587890625 -94.58129119873047 
v -22.27476692199707 -229.00152587890625 -94.58129119873047 
v -22.27476692199707 -231.1319122314453 -94.58129119873047 
v -22.27476692199707 -231.1319122314453 -68.20679473876953 
v -24.182172775268555 -231.1319122314453 -68.20679473876953 
v -24.182172775268555 -229.00152587890625 -68.20679473876953 
v -22.27476692199707 -229.00152587890625 -68.20679473876953 
v -22.27476692199707 -231.1319122314453 -68.20679473876953 
v -22.27476692199707 -231.1319122314453 -39.95021057128906 
v -24.182172775268555 -231.1319122314453 -39.95021057128906 
v -24.182172775268555 -229.00152587890625 -39.95021057128906 
v -22.27476692199707 -229.00152587890625 -39.95021057128906 
v -22.27476692199707 -231.1319122314453 -39.95021057128906 
v -5.6463303565979 -650.7748413085938 -139.62472534179688 
v -3.1534810066223145 -656.9920654296875 -139.81039428710938 
v -4.758724689483643 -650.1661376953125 -140.3505401611328 
v -1.4821391105651855 -656.20947265625 -140.6965789794922 
v -4.503774166107178 -649.9922485351562 -141.67559814453125 
v -0.8494842648506165 -655.8181762695312 -142.0891571044922 
v -1.4160408973693848 -655.9486083984375 -143.6083221435547 
v -4.787052631378174 -650.0357055664062 -142.84873962402344 
v -6.307312965393066 -649.383544921875 -144.00498962402344 
v -2.719120979309082 -656.4703369140625 -144.68862915039062 
v -7.506524085998535 -650.2095947265625 -144.68862915039062 
v -4.456561088562012 -657.1659545898438 -145.1612548828125 
v -8.941801071166992 -650.8617553710938 -144.4691925048828 
v -6.269542217254639 -657.9920654296875 -144.86585998535156 
v -10.169340133666992 -651.0791625976562 -143.4226531982422 
v -7.940884590148926 -658.774658203125 -143.8530731201172 
v -10.50927448272705 -651.470458984375 -142.06382751464844 
v -8.318589210510254 -659.0355224609375 -142.51113891601562 
v -10.197668075561523 -651.427001953125 -140.6121826171875 
v -8.006982803344727 -658.9920043945312 -141.06793212890625 
v -9.196751594543457 -650.9052734375 -139.6162872314453 
v -6.826656341552734 -658.5572509765625 -139.9707489013672 
v -7.4215407371521 -650.427001953125 -138.92420959472656 
v -4.6642985343933105 -657.6442260742188 -139.3968505859375 
v -6.515050411224365 -649.94873046875 -139.71755981445312 
v -5.6463303565979 -650.7748413085938 -139.62472534179688 
v -3.1534810066223145 -656.9920654296875 -139.81039428710938 
v -6.080690383911133 -649.383544921875 -142.59555053710938 
v -5.872952938079834 -649.340087890625 -141.6080780029297 
v -5.542461395263672 -649.2096557617188 -141.7431182861328 
v -5.740756034851074 -649.383544921875 -140.41806030273438 
v -6.751115322113037 -649.6009521484375 -143.37200927734375 
v -6.080690383911133 -649.383544921875 -142.59555053710938 
v -5.78796911239624 -649.2531127929688 -142.86561584472656 
v -5.542461395263672 -649.2096557617188 -141.7431182861328 
v -9.725537300109863 -650.94873046875 -142.03851318359375 
v -10.50927448272705 -651.470458984375 -142.06382751464844 
v -9.517800331115723 -650.94873046875 -141.05105590820312 
v -10.197668075561523 -651.427001953125 -140.6121826171875 
v -34.89009475708008 -663.6875610351562 -142.11447143554688 
v -34.66347122192383 -664.1658325195312 -142.17355346679688 
v -35.47553634643555 -663.9049682617188 -142.3339080810547 
v -35.2489128112793 -664.4266967773438 -142.3929901123047 
v -34.29520797729492 -663.4266967773438 -142.1060333251953 
v -34.06858444213867 -663.9049682617188 -142.1651153564453 
v -34.89009475708008 -663.6875610351562 -142.11447143554688 
v -34.66347122192383 -664.1658325195312 -142.17355346679688 
v -8.158064842224121 -651.2530517578125 -143.4395294189453 
v -8.677408218383789 -650.427001953125 -143.59144592285156 
v -8.790719032287598 -651.5574340820312 -142.90782165527344 
v -9.413931846618652 -650.7748413085938 -142.96690368652344 
v -8.790719032287598 -651.5574340820312 -142.90782165527344 
v -9.413931846618652 -650.7748413085938 -142.96690368652344 
v -9.0551118850708 -651.6878662109375 -142.11447143554688 
v -9.725537300109863 -650.94873046875 -142.03851318359375 
v -7.327114582061768 -650.8617553710938 -143.56613159179688 
v -7.695376396179199 -649.9922485351562 -143.73492431640625 
v -8.158064842224121 -651.2530517578125 -143.4395294189453 
v -8.677408218383789 -650.427001953125 -143.59144592285156 
v -108.54244995117188 -61.39653396606445 -77.92105102539062 
v -108.54244995117188 47.514102935791016 -77.92105102539062 
v -104.90704345703125 -61.39653396606445 -42.47372055053711 
v -104.90704345703125 86.81758117675781 -42.47372055053711 
v -89.31729888916016 -61.39653396606445 -24.640338897705078 
v -86.37120056152344 129.64271545410156 -21.391000747680664 
v -46.81610870361328 192.94566345214844 -17.55931282043457 
v -46.919979095458984 -61.874786376953125 -21.120925903320312 
v -2.558596611022949 -61.222625732421875 -19.753671646118164 
v -2.558596611022949 312.638671875 -11.583907127380371 
v 36.326072692871094 -61.222625732421875 -19.753671646118164 
v 36.326072692871094 312.638671875 -11.583907127380371 
v 75.21073913574219 312.638671875 -11.583907127380371 
v 75.21073913574219 -61.222625732421875 -19.753671646118164 
v 119.46825408935547 192.94566345214844 -17.55931282043457 
v 119.5815658569336 -61.874786376953125 -21.120925903320312 
v 161.9694366455078 -61.39653396606445 -24.640338897705078 
v 159.02334594726562 126.81669616699219 -18.15854263305664 
v 180.59971618652344 86.81758117675781 -38.658912658691406 
v 177.55918884277344 -61.39653396606445 -42.47372055053711 
v 185.25491333007812 52.94876480102539 -73.86148834228516 
v 181.19459533691406 -61.39653396606445 -77.92105102539062 
v -8.3091459274292 -651.470458984375 -140.6121826171875 
v -8.84737491607666 -650.6878662109375 -140.2745819091797 
v -7.497081756591797 -651.1661376953125 -140.29991149902344 
v -7.903113842010498 -650.3400268554688 -139.90322875976562 
v -6.666131973266602 -650.8182983398438 -140.42649841308594 
v -6.921082496643066 -649.9052734375 -140.05514526367188 
v -6.033477306365967 -650.5139770507812 -140.95822143554688 
v -6.184558868408203 -649.5574340820312 -140.67970275878906 
v 94.92691040039062 -231.1319122314453 -38.59139633178711 
v 94.92691040039062 -231.1319122314453 -68.20679473876953 
v 96.83431243896484 -231.1319122314453 -38.59139633178711 
v 96.83431243896484 -231.1319122314453 -68.20679473876953 
v 96.83431243896484 -229.00152587890625 -38.59139633178711 
v 96.83431243896484 -229.00152587890625 -68.20679473876953 
v 94.92691040039062 -229.00152587890625 -38.59139633178711 
v 94.92691040039062 -229.00152587890625 -68.20679473876953 
v 94.92691040039062 -231.1319122314453 -38.59139633178711 
v 94.92691040039062 -231.1319122314453 -68.20679473876953 
v 94.92691040039062 -231.1319122314453 -94.58129119873047 
v 96.83431243896484 -231.1319122314453 -94.58129119873047 
v 96.83431243896484 -229.00152587890625 -94.58129119873047 
v 94.92691040039062 -229.00152587890625 -94.58129119873047 
v 94.92691040039062 -231.1319122314453 -94.58129119873047 
v 94.92691040039062 -231.1319122314453 -120.95579528808594 
v 96.83431243896484 -231.1319122314453 -120.95579528808594 
v 96.83431243896484 -229.00152587890625 -120.95579528808594 
v 94.92691040039062 -229.00152587890625 -120.95579528808594 
v 94.92691040039062 -231.1319122314453 -120.95579528808594 
v 94.92691040039062 -231.1319122314453 -147.33029174804688 
v 96.83431243896484 -231.1319122314453 -147.33029174804688 
v 96.83431243896484 -229.00152587890625 -147.33029174804688 
v 94.92691040039062 -229.00152587890625 -147.33029174804688 
v 94.92691040039062 -231.1319122314453 -147.33029174804688 
v 94.92691040039062 -231.1319122314453 -173.7047882080078 
v 96.83431243896484 -231.1319122314453 -173.7047882080078 
v 96.83431243896484 -229.00152587890625 -173.7047882080078 
v 94.92691040039062 -229.00152587890625 -173.7047882080078 
v 94.92691040039062 -231.1319122314453 -173.7047882080078 
v 7.7055206298828125 381.89801025390625 -11.955260276794434 
v 36.326072692871094 381.89801025390625 -11.955260276794434 
v 69.78123474121094 378.3763427734375 -11.955260276794434 
v 77.21257019042969 -407.82366943359375 -161.82994079589844 
v 105.3232192993164 -407.82366943359375 -161.289794921875 
v 78.57231140136719 -387.95452880859375 -174.10147094726562 
v 89.47852325439453 -381.91119384765625 -177.07229614257812 
v 75.16352844238281 -385.34588623046875 -177.07229614257812 
v 94.23760223388672 -355.47698974609375 -188.05252075195312 
v 36.326072692871094 -355.47698974609375 -188.05252075195312 
v 94.23760223388672 -241.13169860839844 -188.05252075195312 
v 36.326072692871094 -241.13169860839844 -188.05252075195312 
v 36.326072692871094 -214.3061981201172 -179.21600341796875 
v -21.5854549407959 -241.13169860839844 -188.05252075195312 
v -3.4839725494384766 -214.87139892578125 -179.21600341796875 
v -22.133127212524414 -215.43661499023438 -182.27122497558594 
v 104.08624267578125 -355.47698974609375 -157.70285034179688 
v 109.35521697998047 -407.9541015625 -154.31004333496094 
v 108.89253234863281 -355.47698974609375 -126.35729217529297 
v 108.8547592163086 -240.4795379638672 -126.35729217529297 
v 110.11062622070312 -243.08816528320312 -107.40985107421875 
v 95.266845703125 -215.39312744140625 -123.14170837402344 
v 109.61016845703125 -215.43661499023438 -104.47278594970703 
v 94.78527069091797 -215.39312744140625 -156.94326782226562 
v 104.08624267578125 -241.13169860839844 -157.70285034179688 
v 94.78527069091797 -215.43661499023438 -182.27122497558594 
v 76.13611602783203 -214.87139892578125 -179.21600341796875 
v 94.19038391113281 -227.1320037841797 -36.4307975769043 
v 94.19038391113281 -227.1320037841797 -38.59139633178711 
v 94.19038391113281 -233.26229858398438 -36.4307975769043 
v 94.19038391113281 -233.26229858398438 -38.59139633178711 
v -49.54502487182617 192.94566345214844 -4.443802356719971 
v -89.31729888916016 127.59928894042969 -17.98974609375 
v -111.23359680175781 86.81758117675781 -42.47372055053711 
v -114.86900329589844 47.514102935791016 -77.92105102539062 
v -108.27806091308594 16.949560165405273 -90.73272705078125 
v -100.01577758789062 2.7759599685668945 -101.00401306152344 
v -101.68711853027344 22.471176147460938 -101.89863586425781 
v 36.326072692871094 -381.91119384765625 -177.07229614257812 
v -2.501940965652466 -385.34588623046875 -177.07229614257812 
v -21.5854549407959 -355.47698974609375 -188.05252075195312 
v -31.434097290039062 -355.47698974609375 -157.70285034179688 
v -31.434097290039062 -241.13169860839844 -157.70285034179688 
v -36.20261764526367 -240.4795379638672 -126.35729217529297 
v -22.133127212524414 -215.39312744140625 -156.94326782226562 
v -22.614700317382812 -215.39312744140625 -123.14170837402344 
v 113.72714233398438 -409.6062316894531 -128.98208618164062 
v 109.18524932861328 -355.47698974609375 -111.13182067871094 
v -6.751115322113037 -649.6009521484375 -143.37200927734375 
v -6.515050411224365 -650.5574340820312 -143.25384521484375 
v -6.080690383911133 -649.383544921875 -142.59555053710938 
v -5.948493480682373 -650.3400268554688 -142.58709716796875 
v -6.033477306365967 -650.5139770507812 -140.95822143554688 
v -6.184558868408203 -649.5574340820312 -140.67970275878906 
v -5.7690839767456055 -650.3400268554688 -141.7431182861328 
v -5.872952938079834 -649.340087890625 -141.6080780029297 
v 29.01749038696289 -448.3879699707031 -98.75901794433594 
v 29.01749038696289 -447.9532165527344 -108.52391052246094 
v 23.002548217773438 -448.3879699707031 -98.75901794433594 
v 23.002548217773438 -447.9532165527344 -108.52391052246094 
v -7.497081756591797 -651.1661376953125 -140.29991149902344 
v -7.903113842010498 -650.3400268554688 -139.90322875976562 
v -6.666131973266602 -650.8182983398438 -140.42649841308594 
v -6.921082496643066 -649.9052734375 -140.05514526367188 
v -8.84737491607666 -650.6878662109375 -140.2745819091797 
v -8.3091459274292 -651.470458984375 -140.6121826171875 
v -9.517800331115723 -650.94873046875 -141.05105590820312 
v -8.875702857971191 -651.6878662109375 -141.27049255371094 
v -6.515050411224365 -649.94873046875 -139.71755981445312 
v -5.6463303565979 -650.7748413085938 -139.62472534179688 
v -5.740756034851074 -649.383544921875 -140.41806030273438 
v -4.758724689483643 -650.1661376953125 -140.3505401611328 
v -5.542461395263672 -649.2096557617188 -141.7431182861328 
v -4.503774166107178 -649.9922485351562 -141.67559814453125 
v -4.787052631378174 -650.0357055664062 -142.84873962402344 
v -5.78796911239624 -649.2531127929688 -142.86561584472656 
v -6.307312965393066 -649.383544921875 -144.00498962402344 
v 78.51565551757812 -409.6062316894531 -123.80001831054688 
v 77.21257019042969 -407.9541015625 -129.47158813476562 
v 73.45441436767578 -400.5629577636719 -125.7074203491211 
v 71.05599212646484 -363.7811584472656 -134.59457397460938 
v 74.81414794921875 -365.4767761230469 -136.90708923339844 
v 77.21257019042969 -407.9541015625 -153.7698974609375 
v 77.21257019042969 -407.82366943359375 -161.82994079589844 
v 74.81414794921875 -360.3899230957031 -151.6768035888672 
v 77.21257019042969 -385.7371826171875 -166.2270965576172 
v 74.81414794921875 -361.78118896484375 -154.51260375976562 
v 73.4449691772461 -382.2155456542969 -167.5605926513672 
v 74.81414794921875 -360.5203552246094 -148.4105987548828 
v -86.37120056152344 129.64271545410156 -21.391000747680664 
v -89.31729888916016 127.59928894042969 -17.98974609375 
v -46.81610870361328 192.94566345214844 -17.55931282043457 
v -49.54502487182617 192.94566345214844 -4.443802356719971 
v -2.558596611022949 312.638671875 -11.583907127380371 
v -2.558596611022949 312.638671875 1.5231645107269287 
v 7.7055206298828125 381.89801025390625 0.36690640449523926 
v 7.7055206298828125 381.89801025390625 -11.955260276794434 
v 36.326072692871094 381.89801025390625 -11.955260276794434 
v 36.326072692871094 382.11541748046875 -0.34204015135765076 
v 69.78123474121094 378.3763427734375 -11.955260276794434 
v 69.78123474121094 378.3763427734375 0.36690640449523926 
v 75.21073913574219 312.638671875 1.5231645107269287 
v 75.21073913574219 312.638671875 -11.583907127380371 
v 122.1971664428711 192.94566345214844 -4.443802356719971 
v 119.46825408935547 192.94566345214844 -17.55931282043457 
v 164.81166076660156 127.59928894042969 -11.507948875427246 
v 159.02334594726562 126.81669616699219 -18.15854263305664 
v 189.7684783935547 86.81758117675781 -38.658912658691406 
v 180.59971618652344 86.81758117675781 -38.658912658691406 
v 21.850549697875977 -481.69158935546875 -100.30350494384766 
v 20.16976547241211 -482.1698303222656 -100.76769256591797 
v 21.841108322143555 -482.865478515625 -115.05634307861328 
v 19.697635650634766 -482.21331787109375 -114.20391845703125 
v 19.980913162231445 -476.03955078125 -112.777587890625 
v 20.556913375854492 -476.16998291015625 -100.44698333740234 
v 21.992189407348633 -476.73516845703125 -101.23188781738281 
v -47.44876480102539 -217.30613708496094 -28.775861740112305 
v 110.02564239501953 -243.08816528320312 -33.65408706665039 
v 109.57239532470703 -215.30618286132812 -28.5395450592041 
v 56.34440612792969 -494.51739501953125 -117.90901184082031 
v 56.240535736083984 -482.3872375488281 -116.48268127441406 
v 56.34440612792969 -494.0826110839844 -99.16412353515625 
v 56.240535736083984 -482.1698303222656 -98.31170654296875 
v 50.32001876831055 -494.0826110839844 -99.16412353515625 
v 50.21615219116211 -482.1698303222656 -98.31170654296875 
v 50.21615219116211 -482.3872375488281 -116.48268127441406 
v -17.997264862060547 -647.9922485351562 -155.72793579101562 
v -18.356082916259766 -648.0357666015625 -156.0570831298828 
v -18.271099090576172 -648.1226806640625 -155.51693725585938 
v -18.450510025024414 -648.2096557617188 -155.46629333496094 
v -33.70976638793945 -662.8615112304688 -144.32571411132812 
v -33.4831428527832 -663.3832397460938 -144.38479614257812 
v -33.38871765136719 -662.8180541992188 -143.8024444580078 
v -33.16209411621094 -663.2962646484375 -143.8615264892578 
v -41.6510009765625 -658.4702758789062 -153.8542938232422 
v -41.377166748046875 -658.33984375 -153.92181396484375 
v -41.44326400756836 -658.2094116210938 -154.4619598388672 
v -40.952247619628906 -658.1224975585938 -154.1581268310547 
v -3.616168975830078 -576.3851318359375 -101.40912628173828 
v -14.645137786865234 -575.9069213867188 -107.30013275146484 
v -3.616168975830078 -576.3851318359375 -106.68402099609375 
v -14.003040313720703 -576.2112426757812 -110.28783416748047 
v -20.159622192382812 -575.6895141601562 -110.51570892333984 
v -18.90375518798828 -575.8199462890625 -113.42745971679688 
v -13.021008491516113 -576.2112426757812 -115.73997497558594 
v -14.975628852844238 -576.2112426757812 -120.00209045410156 
v 7.847159385681152 -576.124267578125 -125.74962615966797 
v 13.059480667114258 -576.3851318359375 -123.27674865722656 
v 17.72412872314453 -576.124267578125 -128.10433959960938 
v 39.810394287109375 -576.3851318359375 -125.73274230957031 
v 38.45065689086914 -576.124267578125 -130.83885192871094 
v 73.32221984863281 -576.3851318359375 -117.93433380126953 
v 64.77665710449219 -576.124267578125 -124.96471405029297 
v 77.85466766357422 -576.2112426757812 -116.49955749511719 
v 82.21715545654297 -576.124267578125 -118.28880310058594 
v 78.0340805053711 -576.2112426757812 -111.99268341064453 
v 80.9329605102539 -576.124267578125 -112.10240173339844 
v 81.11237335205078 -576.2112426757812 -103.3671646118164 
v 83.59577941894531 -576.080810546875 -104.63314056396484 
v 83.43524932861328 -575.9938354492188 -110.54103088378906 
v 94.32257843017578 -575.55908203125 -110.13591766357422 
v 94.2753677368164 -575.515625 -112.0602035522461 
v 99.49713134765625 -575.2982177734375 -112.78602600097656 
v 111.7630844116211 -575.4286499023438 -138.67945861816406 
v 117.84412384033203 -575.4286499023438 -138.12242126464844 
v 118.31625366210938 -575.4286499023438 -169.77183532714844 
v 112.12190246582031 -575.4286499023438 -163.2140655517578 
v 108.22210693359375 -575.3416748046875 -183.2249298095703 
v 102.41490173339844 -575.3416748046875 -182.2543487548828 
v 98.1279525756836 -575.2547607421875 -196.6696014404297 
v 92.18855285644531 -575.2982177734375 -195.24327087402344 
v 80.37584686279297 -575.8634033203125 -209.32936096191406 
v 75.89060974121094 -575.8199462890625 -200.61944580078125 
v 74.27592468261719 -575.8634033203125 -210.22398376464844 
v 71.83972930908203 -575.8634033203125 -208.68792724609375 
v 64.58780670166016 -576.080810546875 -201.7672576904297 
v 62.6615104675293 -576.9068603515625 -200.4928436279297 
v 32.652896881103516 -575.8199462890625 -201.9866943359375 
v 35.24961471557617 -576.9068603515625 -200.61944580078125 
v 0.2836289405822754 -576.080810546875 -201.7672576904297 
v 0.6707759499549866 -576.9068603515625 -200.4928436279297 
v -6.392296314239502 -575.8199462890625 -200.9317169189453 
v 0.8785133957862854 -576.3851318359375 -194.7115478515625 
v 61.29233169555664 -576.3851318359375 -194.7115478515625 
v 35.05131912231445 -576.3851318359375 -194.79595947265625 
v -32.737178802490234 -655.9486083984375 -136.8902130126953 
v -32.510555267333984 -655.8616333007812 -137.00836181640625 
v -32.78438949584961 -655.8616333007812 -137.3375244140625 
v -32.21783447265625 -655.687744140625 -137.2784423828125 
v 40.1880989074707 -520.8211669921875 -123.48774719238281 
v 42.510982513427734 -520.4298706054688 -123.48774719238281 
v 40.1880989074707 -520.1255493164062 -101.11373138427734 
v 42.25603103637695 -519.8646850585938 -99.80555725097656 
v 42.60540771484375 -513.6473999023438 -123.13327026367188 
v 42.312686920166016 -513.1256713867188 -99.55236053466797 
v 40.71688461303711 -513.2996215820312 -123.13327026367188 
v 40.71688461303711 -512.8213500976562 -100.05030822753906 
v 41.55727767944336 -461.9963684082031 -97.08792877197266 
v 42.57707977294922 -462.1702880859375 -96.44649505615234 
v 41.55727767944336 -461.6920471191406 -115.6893310546875 
v 42.80370330810547 -461.6920471191406 -115.6893310546875 
v 42.77537536621094 -466.8223571777344 -97.31580352783203 
v 42.80370330810547 -466.9093017578125 -117.10722351074219 
v 41.48173522949219 -467.03973388671875 -98.463623046875 
v 41.48173522949219 -466.9093017578125 -117.10722351074219 
v 33.20056915283203 -574.6895141601562 -209.27027893066406 
v -1.1422051191329956 -575.8634033203125 -208.68792724609375 
v -1.623778223991394 -575.8634033203125 -210.22398376464844 
v -7.7237043380737305 -575.8634033203125 -208.64573669433594 
v -13.587565422058105 -575.2982177734375 -194.3064422607422 
v -22.07647132873535 -575.2547607421875 -196.6696014404297 
v -44.94647216796875 -575.4286499023438 -167.06263732910156 
v -40.489559173583984 -575.4286499023438 -163.2140655517578 
v -45.74909591674805 -575.4286499023438 -151.64305114746094 
v -42.20811462402344 -575.4286499023438 -149.94664001464844 
v -41.51880645751953 -575.4286499023438 -136.21502685546875 
v -38.874874114990234 -575.4286499023438 -136.6707763671875 
v -25.67410659790039 -575.4286499023438 -113.72284698486328 
v -23.81391143798828 -575.4286499023438 -116.55863952636719 
v 77.21257019042969 -407.82366943359375 -161.82994079589844 
v 77.21257019042969 -407.9541015625 -153.7698974609375 
v 105.3232192993164 -407.82366943359375 -161.289794921875 
v 109.35521697998047 -407.9541015625 -154.31004333496094 
v 113.72714233398438 -409.6062316894531 -128.98208618164062 
v 77.21257019042969 -407.9541015625 -129.47158813476562 
v 78.51565551757812 -409.6062316894531 -123.80001831054688 
v 113.26445770263672 -409.6062316894531 -108.13567352294922 
v 78.07185363769531 -409.6062316894531 -119.16654968261719 
v 79.18608093261719 -409.6062316894531 -95.70378875732422 
v 36.326072692871094 -408.2149658203125 -119.16654968261719 
v 36.326072692871094 -408.2149658203125 -95.76287078857422 
v -6.533935546875 -408.5627746582031 -95.70378875732422 
v -4.343249797821045 -408.2149658203125 -86.698486328125 
v -41.93428039550781 -408.2149658203125 -110.97990417480469 
v 36.326072692871094 -410.041015625 -82.36040496826172 
v 76.99539184570312 -410.041015625 -82.30976867675781 
v 122.20661163330078 -408.2149658203125 -107.07225799560547 
v -10.339306831359863 -660.5137329101562 -135.16848754882812 
v -15.693266868591309 -648.818359375 -134.1219482421875 
v -11.26468276977539 -660.905029296875 -135.2528839111328 
v -16.561986923217773 -649.2096557617188 -134.21478271484375 
v -12.029534339904785 -661.2093505859375 -135.82679748535156 
v -17.279624938964844 -649.4705200195312 -134.76336669921875 
v -12.426124572753906 -661.3397827148438 -136.7298583984375 
v -17.666772842407227 -649.6009521484375 -135.63267517089844 
v -12.369468688964844 -661.2528686523438 -137.71731567382812 
v -17.610116958618164 -649.5139770507812 -136.5863800048828 
v -11.850125312805176 -660.948486328125 -138.5275421142578 
v -17.128543853759766 -649.2531127929688 -137.3628387451172 
v -11.01917552947998 -660.5571899414062 -138.9410858154297 
v -16.335365295410156 -648.86181640625 -137.65823364257812 
v -10.103241920471191 -660.1658935546875 -138.856689453125 
v -15.466644287109375 -648.5139770507812 -137.57383728027344 
v -9.338390350341797 -659.861572265625 -138.2827911376953 
v -14.805662155151367 -648.2531127929688 -137.00836181640625 
v -8.932358741760254 -659.7311401367188 -137.3797149658203 
v -14.446842193603516 -648.1226806640625 -136.23190307617188 
v -8.998456954956055 -659.861572265625 -136.3922576904297 
v -14.503498077392578 -648.2096557617188 -135.2781982421875 
v -9.508358001708984 -660.1224365234375 -135.58203125 
v -14.918972969055176 -648.4705200195312 -134.51861572265625 
v -10.339306831359863 -660.5137329101562 -135.16848754882812 
v -15.693266868591309 -648.818359375 -134.1219482421875 
v 64.12511444091797 -531.603515625 -118.1031265258789 
v 62.227149963378906 -531.603515625 -118.1031265258789 
v 64.12511444091797 -530.9078979492188 -100.6495361328125 
v 62.77482223510742 -530.9513549804688 -100.2106704711914 
v 62.72760772705078 -542.9511108398438 -100.48074340820312 
v 62.227149963378906 -543.646728515625 -118.45760345458984 
v 64.12511444091797 -543.646728515625 -118.45760345458984 
v 64.12511444091797 -461.9963684082031 -94.75009155273438 
v 62.812591552734375 -462.1702880859375 -94.1593017578125 
v 70.55553436279297 -461.9963684082031 -94.75009155273438 
v 72.25520324707031 -462.1702880859375 -94.1593017578125 
v 71.31094360351562 -463.1268005371094 -92.98616027832031 
v 71.38648223876953 -466.3006286621094 -93.23091888427734 
v 72.36851501464844 -466.8223571777344 -95.04548645019531 
v 63.671871185302734 -466.3006286621094 -93.77951049804688 
v 62.68983840942383 -467.2136535644531 -95.04548645019531 
v 63.75685501098633 -463.1268005371094 -93.53475189208984 
v 64.64445495605469 -494.0826110839844 -99.16412353515625 
v 63.57744216918945 -494.25653076171875 -96.84317016601562 
v 70.6594009399414 -494.0826110839844 -99.16412353515625 
v 72.39684295654297 -494.25653076171875 -96.84317016601562 
v 71.42425537109375 -495.1695556640625 -95.56031799316406 
v 71.54700469970703 -502.2998352050781 -96.31146240234375 
v 72.5007095336914 -503.25634765625 -97.796875 
v 63.8040657043457 -502.2998352050781 -96.75033569335938 
v 63.48301696777344 -503.25634765625 -97.796875 
v 63.841835021972656 -495.1695556640625 -95.9907455444336 
v 70.55553436279297 -482.3872375488281 -114.20391845703125 
v 72.585693359375 -482.3872375488281 -114.20391845703125 
v 70.55553436279297 -482.1698303222656 -98.31170654296875 
v 72.11356353759766 -482.34375 -95.96542358398438 
v 72.585693359375 -476.2569274902344 -112.777587890625 
v 71.99080657958984 -476.3873596191406 -95.63627624511719 
v 70.55553436279297 -476.2569274902344 -112.777587890625 
v 70.55553436279297 -476.16998291015625 -97.46772003173828 
v 70.55553436279297 -530.9078979492188 -100.6495361328125 
v 71.90582275390625 -530.9513549804688 -100.2106704711914 
v 70.55553436279297 -531.603515625 -118.1031265258789 
v 72.45349884033203 -531.603515625 -118.1031265258789 
v 71.95304107666016 -542.9511108398438 -100.48074340820312 
v 72.45349884033203 -543.646728515625 -118.45760345458984 
v 70.55553436279297 -542.8641357421875 -100.86053466796875 
v 70.55553436279297 -543.646728515625 -118.45760345458984 
v -14.805662155151367 -648.2531127929688 -137.00836181640625 
v -15.882119178771973 -647.5574951171875 -136.71298217773438 
v -14.446842193603516 -648.1226806640625 -136.23190307617188 
v -15.608283996582031 -647.4705200195312 -136.2825469970703 
v -15.466644287109375 -648.5139770507812 -137.57383728027344 
v -16.26926612854004 -647.6879272460938 -136.91552734375 
v -14.805662155151367 -648.2531127929688 -137.00836181640625 
v -15.882119178771973 -647.5574951171875 -136.71298217773438 
v -16.26926612854004 -647.6879272460938 -136.91552734375 
v -15.466644287109375 -648.5139770507812 -137.57383728027344 
v -16.656414031982422 -647.86181640625 -136.8311309814453 
v -16.335365295410156 -648.86181640625 -137.65823364257812 
v -16.656414031982422 -647.86181640625 -136.8311309814453 
v -16.335365295410156 -648.86181640625 -137.65823364257812 
v -17.13798713684082 -648.1661987304688 -136.2656707763672 
v -17.128543853759766 -649.2531127929688 -137.3628387451172 
v 56.240535736083984 -543.646728515625 -120.74479675292969 
v 58.13850021362305 -543.646728515625 -120.74479675292969 
v 56.240535736083984 -542.8641357421875 -100.86053466796875 
v 57.62860107421875 -542.9511108398438 -100.48074340820312 
v 58.13850021362305 -531.603515625 -120.39032745361328 
v 57.58138656616211 -530.9513549804688 -100.2106704711914 
v 56.240535736083984 -531.603515625 -120.39032745361328 
v 56.240535736083984 -530.9078979492188 -100.6495361328125 
v 28.50758934020996 -461.4311828613281 -109.94180297851562 
v 29.01749038696289 -447.9532165527344 -108.52391052246094 
v 28.50758934020996 -461.6920471191406 -99.60299682617188 
v 29.01749038696289 -448.3879699707031 -98.75901794433594 
v 22.077173233032227 -461.6920471191406 -99.60299682617188 
v 23.002548217773438 -448.3879699707031 -98.75901794433594 
v 23.002548217773438 -447.9532165527344 -108.52391052246094 
v -17.24185562133789 -648.296630859375 -135.75083923339844 
v -17.610116958618164 -649.5139770507812 -136.5863800048828 
v -17.147428512573242 -648.296630859375 -135.20223999023438 
v -17.666772842407227 -649.6009521484375 -135.63267517089844 
v -17.279624938964844 -649.4705200195312 -134.76336669921875 
v -16.873594284057617 -648.2096557617188 -134.7718048095703 
v -17.666772842407227 -649.6009521484375 -135.63267517089844 
v -17.147428512573242 -648.296630859375 -135.20223999023438 
v 49.80067443847656 -530.9078979492188 -100.6495361328125 
v 48.45982360839844 -530.9513549804688 -100.2106704711914 
v 56.240535736083984 -530.9078979492188 -100.6495361328125 
v 57.58138656616211 -530.9513549804688 -100.2106704711914 
v 56.627681732177734 -531.8643798828125 -98.64085388183594 
v 56.66545486450195 -541.9511108398438 -99.25696563720703 
v 57.62860107421875 -542.9511108398438 -100.48074340820312 
v 49.36631393432617 -541.9511108398438 -99.25696563720703 
v 48.41261291503906 -542.9511108398438 -100.48074340820312 
v 49.41352844238281 -531.8643798828125 -98.64085388183594 
v -16.873594284057617 -648.2096557617188 -134.7718048095703 
v -17.279624938964844 -649.4705200195312 -134.76336669921875 
v -16.486446380615234 -648.0357666015625 -134.5692596435547 
v -16.561986923217773 -649.2096557617188 -134.21478271484375 
v 49.80067443847656 -542.8641357421875 -100.86053466796875 
v 56.240535736083984 -542.8641357421875 -100.86053466796875 
v 49.70624923706055 -520.1255493164062 -100.43854522705078 
v 48.29930114746094 -519.8211669921875 -99.14724731445312 
v 49.70624923706055 -520.8211669921875 -120.03585052490234 
v 47.808284759521484 -520.3864135742188 -120.03585052490234 
v 47.9027099609375 -513.6039428710938 -119.68138122558594 
v 48.469268798828125 -513.1256713867188 -98.86872863769531 
v 49.80067443847656 -512.69091796875 -100.22754669189453 
v -14.918972969055176 -648.4705200195312 -134.51861572265625 
v -15.806578636169434 -647.6879272460938 -134.99969482421875 
v -15.693266868591309 -648.818359375 -134.1219482421875 
v -16.09929847717285 -647.86181640625 -134.65365600585938 
v -15.806578636169434 -647.6879272460938 -134.99969482421875 
v -14.918972969055176 -648.4705200195312 -134.51861572265625 
v -15.504414558410645 -647.4705200195312 -135.7423858642578 
v -14.503498077392578 -648.2096557617188 -135.2781982421875 
v -15.504414558410645 -647.4705200195312 -135.7423858642578 
v -14.503498077392578 -648.2096557617188 -135.2781982421875 
v -15.608283996582031 -647.4705200195312 -136.2825469970703 
v -14.446842193603516 -648.1226806640625 -136.23190307617188 
v 70.55553436279297 -461.6920471191406 -109.94180297851562 
v 70.55553436279297 -448.0836486816406 -105.2070541381836 
v 70.55553436279297 -461.9963684082031 -94.75009155273438 
v 70.55553436279297 -448.5184020996094 -93.89766693115234 
v 64.12511444091797 -461.9963684082031 -94.75009155273438 
v 64.54058837890625 -448.5184020996094 -93.89766693115234 
v 64.54058837890625 -448.0836486816406 -105.2070541381836 
v -16.26926612854004 -647.6879272460938 -136.91552734375 
v -16.930248260498047 -646.4705810546875 -136.59481811523438 
v -15.882119178771973 -647.5574951171875 -136.71298217773438 
v -16.55254554748535 -646.296630859375 -136.426025390625 
v -16.656414031982422 -647.86181640625 -136.8311309814453 
v -17.336280822753906 -646.7314453125 -136.5104217529297 
v -16.26926612854004 -647.6879272460938 -136.91552734375 
v -16.930248260498047 -646.4705810546875 -136.59481811523438 
v -17.13798713684082 -648.1661987304688 -136.2656707763672 
v -17.657329559326172 -646.8618774414062 -136.0293426513672 
v -16.656414031982422 -647.86181640625 -136.8311309814453 
v -17.336280822753906 -646.7314453125 -136.5104217529297 
v -17.657329559326172 -646.8618774414062 -136.0293426513672 
v -17.13798713684082 -648.1661987304688 -136.2656707763672 
v -17.742313385009766 -647.0357666015625 -135.58203125 
v -17.24185562133789 -648.296630859375 -135.75083923339844 
v -17.666772842407227 -647.0357666015625 -135.10096740722656 
v -17.147428512573242 -648.296630859375 -135.20223999023438 
v -17.430707931518555 -646.8618774414062 -134.72117614746094 
v -16.873594284057617 -648.2096557617188 -134.7718048095703 
v -17.430707931518555 -646.8618774414062 -134.72117614746094 
v -16.873594284057617 -648.2096557617188 -134.7718048095703 
v -17.21352767944336 -646.818359375 -134.51861572265625 
v -16.486446380615234 -648.0357666015625 -134.5692596435547 
v -40.21572494506836 -660.2528686523438 -153.17066955566406 
v -41.6510009765625 -658.4702758789062 -153.8542938232422 
v -40.895591735839844 -660.5571899414062 -153.2466278076172 
v -41.87762451171875 -658.5572509765625 -153.95556640625 
v -17.21352767944336 -646.818359375 -134.51861572265625 
v -16.486446380615234 -648.0357666015625 -134.5692596435547 
v -16.83582305908203 -646.6879272460938 -134.60301208496094 
v -16.09929847717285 -647.86181640625 -134.65365600585938 
v -16.83582305908203 -646.6879272460938 -134.60301208496094 
v -16.09929847717285 -647.86181640625 -134.65365600585938 
v -16.514774322509766 -646.4705810546875 -134.915283203125 
v -15.806578636169434 -647.6879272460938 -134.99969482421875 
v -16.514774322509766 -646.4705810546875 -134.915283203125 
v -15.806578636169434 -647.6879272460938 -134.99969482421875 
v -16.155954360961914 -646.253173828125 -135.58203125 
v -15.504414558410645 -647.4705200195312 -135.7423858642578 
v -16.155954360961914 -646.253173828125 -135.58203125 
v -15.504414558410645 -647.4705200195312 -135.7423858642578 
v -16.231496810913086 -646.253173828125 -136.0631103515625 
v -15.608283996582031 -647.4705200195312 -136.2825469970703 
v 74.17205047607422 -575.7764892578125 -104.71754455566406 
v 77.76024627685547 -575.7764892578125 -99.96591186523438 
v -17.204084396362305 -649.7313842773438 -154.8248748779297 
v -12.001206398010254 -661.2528686523438 -155.955810546875 
v -16.571430206298828 -649.427001953125 -155.13714599609375 
v -11.377994537353516 -660.948486328125 -156.27651977539062 
v -16.231496810913086 -649.2531127929688 -155.7532501220703 
v -10.981404304504395 -660.7311401367188 -156.9010772705078 
v -16.184282302856445 -649.1661376953125 -156.5212860107422 
v -10.934191703796387 -660.6441650390625 -157.66909790039062 
v -16.47700309753418 -649.2531127929688 -157.13739013671875 
v -11.245798110961914 -660.7311401367188 -158.3611602783203 
v -17.00579071044922 -649.4705200195312 -157.5931396484375 
v -11.821797370910645 -660.9920043945312 -158.8084716796875 
v -17.713985443115234 -649.7748413085938 -157.66065979003906 
v -12.529993057250977 -661.2963256835938 -158.87599182128906 
v -18.356082916259766 -650.0791625976562 -157.42434692382812 
v -13.153204917907715 -661.6006469726562 -158.55528259277344 
v -18.75267219543457 -650.2965698242188 -156.79978942871094 
v -13.549795150756836 -661.7745971679688 -157.93072509765625 
v -18.79988670349121 -650.3400268554688 -156.03176879882812 
v -13.597007751464844 -661.8615112304688 -157.171142578125 
v -18.488279342651367 -650.2531127929688 -155.33970642089844 
v -13.285401344299316 -661.7745971679688 -156.47064208984375 
v -17.9028377532959 -650.0357055664062 -154.89239501953125 
v -12.709402084350586 -661.5571899414062 -156.03176879882812 
v -17.204084396362305 -649.7313842773438 -154.8248748779297 
v -12.001206398010254 -661.2528686523438 -155.955810546875 
v 22.001632690429688 -476.8221435546875 -112.777587890625 
v 21.992189407348633 -476.73516845703125 -101.23188781738281 
v 22.407663345336914 -466.9527893066406 -111.35969543457031 
v 22.426549911499023 -467.0832214355469 -100.37946319580078 
v 28.800312042236328 -466.1701965332031 -100.37946319580078 
v 28.365951538085938 -475.8221435546875 -101.23188781738281 
v 28.78142547607422 -466.0397644042969 -111.35969543457031 
v 28.37539291381836 -475.90911865234375 -112.777587890625 
v 12.171875 -513.3865356445312 -120.54224395751953 
v 11.55810546875 -503.4737243652344 -120.1877670288086 
v 12.200202941894531 -512.7778930664062 -102.06742858886719 
v 11.425909042358398 -503.2128601074219 -101.45976257324219 
v 5.7792277336120605 -512.4735107421875 -102.06742858886719 
v 4.9954915046691895 -502.90850830078125 -101.45976257324219 
v 5.127687931060791 -503.16937255859375 -120.1877670288086 
v 11.76584243774414 -520.2124633789062 -102.85233306884766 
v 13.418299674987793 -520.03857421875 -101.73828125 
v 5.33542537689209 -519.9081420898438 -102.85233306884766 
v 3.947361707687378 -519.560302734375 -101.75515747070312 
v 4.9766058921813965 -518.6472778320312 -100.56513977050781 
v 5.316540241241455 -513.77783203125 -100.36258697509766 
v 4.419492244720459 -512.8648071289062 -101.46820068359375 
v 12.776202201843262 -514.1691284179688 -100.37102508544922 
v 13.777118682861328 -513.2996215820312 -101.4850845336914 
v 12.511809349060059 -519.03857421875 -100.55670166015625 
v -17.713985443115234 -649.7748413085938 -157.66065979003906 
v -18.176673889160156 -647.9922485351562 -156.67320251464844 
v -17.00579071044922 -649.4705200195312 -157.5931396484375 
v -18.016149520874023 -647.9487915039062 -156.55503845214844 
v 13.880987167358398 -466.8223571777344 -100.53137969970703 
v 15.240723609924316 -466.51800537109375 -99.90682983398438 
v 7.478897571563721 -466.21368408203125 -100.53137969970703 
v 6.015293121337891 -466.25714111328125 -99.74647521972656 
v 7.101193428039551 -465.43109130859375 -98.49738311767578 
v 7.497783184051514 -462.30072021484375 -98.26106262207031 
v 6.647948265075684 -461.25726318359375 -98.86872863769531 
v 15.023543357849121 -463.0398254394531 -97.83907318115234 
v 15.590099334716797 -461.8659362792969 -99.02909088134766 
v 14.787477493286133 -466.21368408203125 -98.07538604736328 
v -34.200782775878906 -663.035400390625 -144.73081970214844 
v -33.974159240722656 -663.55712890625 -144.78990173339844 
v -33.70976638793945 -662.8615112304688 -144.32571411132812 
v -33.4831428527832 -663.3832397460938 -144.38479614257812 
v -35.381107330322266 -663.55712890625 -144.95025634765625 
v -35.1639289855957 -664.035400390625 -145.0177764892578 
v -34.786224365234375 -663.2962646484375 -144.95025634765625 
v -34.559600830078125 -663.7745361328125 -145.00933837890625 
v -36.287601470947266 -664.1658325195312 -143.2622833251953 
v -36.060977935791016 -664.6875610351562 -143.3213653564453 
v -36.3914680480957 -664.122314453125 -143.8277587890625 
v -36.16484451293945 -664.64404296875 -143.8868408203125 
v -18.176673889160156 -647.9922485351562 -156.67320251464844 
v -17.713985443115234 -649.7748413085938 -157.66065979003906 
v -18.46939468383789 -648.1226806640625 -156.60568237304688 
v -18.356082916259766 -650.0791625976562 -157.42434692382812 
v -17.00579071044922 -649.4705200195312 -157.5931396484375 
v -18.016149520874023 -647.9487915039062 -156.55503845214844 
v -16.47700309753418 -649.2531127929688 -157.13739013671875 
v -17.921722412109375 -647.9053344726562 -156.3187255859375 
v -18.629919052124023 -648.2096557617188 -156.41156005859375 
v -18.75267219543457 -650.2965698242188 -156.79978942871094 
v -18.714902877807617 -648.2531127929688 -156.12460327148438 
v -18.79988670349121 -650.3400268554688 -156.03176879882812 
v 13.786561012268066 -475.69171142578125 -101.38380432128906 
v 14.825248718261719 -475.95257568359375 -100.16002655029297 
v 13.777118682861328 -475.7351989746094 -115.93408966064453 
v 15.420132637023926 -475.8221435546875 -115.93408966064453 
v 14.664724349975586 -481.9089660644531 -100.48074340820312 
v 15.13685417175293 -481.9959411621094 -117.35198211669922 
v 13.512725830078125 -481.6481018066406 -101.012451171875 
v 13.493840217590332 -481.9089660644531 -117.35198211669922 
v -33.25652313232422 -662.991943359375 -141.71780395507812 
v -32.66163635253906 -663.6875610351562 -141.53211975097656 
v -32.72773742675781 -662.6876220703125 -142.30859375 
v -32.05731201171875 -663.3397827148438 -142.2157440185547 
v -37.17520523071289 -665.2527465820312 -145.09373474121094 
v -37.18464660644531 -664.3831787109375 -144.80677795410156 
v -36.56143569946289 -664.9049072265625 -145.77735900878906 
v -36.66530227661133 -664.078857421875 -145.406005859375 
v -33.38871765136719 -663.513671875 -145.69296264648438 
v -33.87973403930664 -662.8180541992188 -145.3216094970703 
v -32.54832458496094 -663.2093505859375 -144.99246215820312 
v -33.152652740478516 -662.5571899414062 -144.7139434814453 
v -32.54832458496094 -663.2093505859375 -144.99246215820312 
v -33.152652740478516 -662.5571899414062 -144.7139434814453 
v -31.991212844848633 -663.0789184570312 -144.0894012451172 
v -32.67108154296875 -662.47021484375 -143.9290313720703 
v -33.54924392700195 -664.122314453125 -141.16920471191406 
v -34.0213737487793 -663.3832397460938 -141.40553283691406 
v -34.578487396240234 -664.6005859375 -141.17764282226562 
v -34.90897750854492 -663.7745361328125 -141.41397094726562 
v -35.598289489746094 -664.9918823242188 -141.5574493408203 
v -35.79658508300781 -664.122314453125 -141.7431182861328 
v -36.448123931884766 -665.2962036132812 -142.25794982910156 
v -36.52366638183594 -664.3831787109375 -142.34234619140625 
v -36.99579620361328 -665.4266357421875 -143.1610107421875 
v -37.0052375793457 -664.5136108398438 -143.12725830078125 
v -37.34517288208008 -665.4701538085938 -144.1062774658203 
v -37.15631866455078 -664.4701538085938 -143.9712371826172 
v -18.714902877807617 -648.2531127929688 -156.12460327148438 
v -18.79988670349121 -650.3400268554688 -156.03176879882812 
v -18.705459594726562 -648.296630859375 -155.82077026367188 
v -18.488279342651367 -650.2531127929688 -155.33970642089844 
v -18.705459594726562 -648.296630859375 -155.82077026367188 
v -18.488279342651367 -650.2531127929688 -155.33970642089844 
v -18.611034393310547 -648.2531127929688 -155.57601928710938 
v -17.9028377532959 -650.0357055664062 -154.89239501953125 
v -16.571430206298828 -649.427001953125 -155.13714599609375 
v -18.271099090576172 -648.1226806640625 -155.51693725585938 
v -17.204084396362305 -649.7313842773438 -154.8248748779297 
v -18.450510025024414 -648.2096557617188 -155.46629333496094 
v -16.231496810913086 -649.2531127929688 -155.7532501220703 
v -17.997264862060547 -647.9922485351562 -155.72793579101562 
v -16.571430206298828 -649.427001953125 -155.13714599609375 
v -18.271099090576172 -648.1226806640625 -155.51693725585938 
v -16.184282302856445 -649.1661376953125 -156.5212860107422 
v -17.912281036376953 -647.9487915039062 -156.014892578125 
v -16.231496810913086 -649.2531127929688 -155.7532501220703 
v -17.997264862060547 -647.9922485351562 -155.72793579101562 
v -8.176949501037598 -657.1659545898438 -158.1586151123047 
v -11.189142227172852 -650.5574340820312 -157.91384887695312 
v -8.526326179504395 -657.3399047851562 -158.43711853027344 
v -11.472420692443848 -650.7748413085938 -158.18392944335938 
v -8.715178489685059 -657.3833618164062 -158.85911560058594 
v -11.595174789428711 -650.9052734375 -158.60592651367188 
v -8.677408218383789 -657.3833618164062 -159.3317413330078 
v -11.52907657623291 -650.9921875 -159.06167602539062 
v -8.431900024414062 -657.2529296875 -159.71153259277344 
v -11.283568382263184 -650.94873046875 -159.4330291748047 
v -8.044753074645996 -657.0355224609375 -159.91409301757812 
v -10.934191703796387 -650.8182983398438 -159.6186981201172 
v -7.61983585357666 -656.8616333007812 -159.8634490966797 
v -10.565930366516113 -650.6008911132812 -159.56805419921875 
v -7.270459175109863 -656.687744140625 -159.5933837890625 
v -10.282651901245117 -650.427001953125 -159.29798889160156 
v -7.081606864929199 -656.6442260742188 -159.16294860839844 
v -10.159897804260254 -650.2531127929688 -158.87599182128906 
v -7.119377136230469 -656.6442260742188 -158.69032287597656 
v -10.225996017456055 -650.1661376953125 -158.41180419921875 
v -7.364885330200195 -656.774658203125 -158.31053161621094 
v -10.471504211425781 -650.2095947265625 -158.04888916015625 
v -7.752032279968262 -656.9920654296875 -158.1164093017578 
v -10.820879936218262 -650.3400268554688 -157.86322021484375 
v -8.176949501037598 -657.1659545898438 -158.1586151123047 
v -11.189142227172852 -650.5574340820312 -157.91384887695312 
v -32.21783447265625 -655.687744140625 -137.2784423828125 
v -30.58426284790039 -657.3833618164062 -137.10964965820312 
v -32.18950653076172 -655.644287109375 -137.51475524902344 
v -30.546493530273438 -657.29638671875 -137.87767028808594 
v -32.72773742675781 -655.8616333007812 -137.8270263671875 
v -32.03842544555664 -657.9050903320312 -139.02549743652344 
v -33.105438232421875 -656.0790405273438 -137.641357421875 
v -32.67108154296875 -658.1659545898438 -138.78916931152344 
v -41.83041000366211 -658.4702758789062 -154.79110717773438 
v -41.72654342651367 -660.7745971679688 -155.15402221679688 
v -41.98149490356445 -658.5572509765625 -154.49571228027344 
v -41.77375411987305 -660.861572265625 -154.39443969726562 
v -41.990936279296875 -658.5572509765625 -154.18344116210938 
v -41.47159194946289 -660.7745971679688 -153.69393920898438 
v -41.87762451171875 -658.5572509765625 -153.95556640625 
v -40.895591735839844 -660.5571899414062 -153.2466278076172 
v -41.348838806152344 -660.6007080078125 -155.77857971191406 
v -41.584903717041016 -658.33984375 -155.00210571289062 
v -40.716182708740234 -660.2963256835938 -156.014892578125 
v -41.131656646728516 -658.1224975585938 -155.09494018554688 
v -32.737178802490234 -655.9486083984375 -136.8902130126953 
v -31.537967681884766 -657.818115234375 -136.18125915527344 
v -32.510555267333984 -655.8616333007812 -137.00836181640625 
v -30.924196243286133 -657.5572509765625 -136.50198364257812 
v -33.18098068237305 -656.166015625 -136.9999237060547 
v -32.78438949584961 -658.33984375 -136.70452880859375 
v -32.98268508911133 -656.0790405273438 -136.8902130126953 
v -32.21783447265625 -658.1224975585938 -136.25721740722656 
v -32.283931732177734 -655.687744140625 -137.71731567382812 
v -30.829771041870117 -657.3833618164062 -138.4937744140625 
v -32.48222732543945 -655.7747192382812 -137.8270263671875 
v -31.358556747436523 -657.6007690429688 -138.9495391845703 
v -39.22425079345703 -659.7311401367188 -154.8670654296875 
v -40.80116653442383 -658.0355224609375 -154.4619598388672 
v -39.27146530151367 -659.7745971679688 -154.0990447998047 
v -40.952247619628906 -658.1224975585938 -154.1581268310547 
v -33.25652313232422 -656.166015625 -137.4387969970703 
v -33.04878616333008 -658.3833618164062 -138.1646270751953 
v -33.28485107421875 -656.166015625 -137.20248413085938 
v -33.08655548095703 -658.4268188476562 -137.40504455566406 
v -41.6510009765625 -658.4702758789062 -153.8542938232422 
v -40.21572494506836 -660.2528686523438 -153.17066955566406 
v -41.377166748046875 -658.33984375 -153.92181396484375 
v -39.60195541381836 -659.9485473632812 -153.4913787841797 
v 64.12511444091797 -467.03973388671875 -96.61529541015625 
v 70.55553436279297 -467.03973388671875 -96.61529541015625 
v -35.18281555175781 -671.339599609375 -154.1581268310547 
v -40.21572494506836 -660.2528686523438 -153.17066955566406 
v -35.881568908691406 -671.6439208984375 -154.2340850830078 
v -40.895591735839844 -660.5571899414062 -153.2466278076172 
v -36.467010498046875 -671.861328125 -154.681396484375 
v -41.47159194946289 -660.7745971679688 -153.69393920898438 
v -36.77861404418945 -671.9482421875 -155.3734588623047 
v -41.77375411987305 -660.861572265625 -154.39443969726562 
v -36.73140335083008 -671.90478515625 -156.13304138183594 
v -41.72654342651367 -660.7745971679688 -155.15402221679688 
v -36.33481216430664 -671.6873779296875 -156.75759887695312 
v -41.348838806152344 -660.6007080078125 -155.77857971191406 
v -35.70215606689453 -671.383056640625 -157.07830810546875 
v -40.716182708740234 -660.2963256835938 -156.014892578125 
v -35.0034065246582 -671.0787353515625 -157.0107879638672 
v -40.03631591796875 -659.9920043945312 -155.93893432617188 
v -34.41796112060547 -670.861328125 -156.5634765625 
v -39.516971588134766 -659.818115234375 -155.48318481445312 
v -34.11579895019531 -670.7308959960938 -155.8714141845703 
v -39.22425079345703 -659.7311401367188 -154.8670654296875 
v -34.16301345825195 -670.81787109375 -155.1033935546875 
v -39.27146530151367 -659.7745971679688 -154.0990447998047 
v -34.5501594543457 -671.0352172851562 -154.4788360595703 
v -39.60195541381836 -659.9485473632812 -153.4913787841797 
v -35.18281555175781 -671.339599609375 -154.1581268310547 
v -40.21572494506836 -660.2528686523438 -153.17066955566406 
v -40.80116653442383 -658.0355224609375 -154.4619598388672 
v -39.22425079345703 -659.7311401367188 -154.8670654296875 
v -40.791725158691406 -657.9920654296875 -154.7657928466797 
v -39.516971588134766 -659.818115234375 -155.48318481445312 
v -40.03631591796875 -659.9920043945312 -155.93893432617188 
v -40.90503692626953 -658.0355224609375 -155.00210571289062 
v -39.516971588134766 -659.818115234375 -155.48318481445312 
v -40.791725158691406 -657.9920654296875 -154.7657928466797 
v 14.664724349975586 402.3758239746094 39.88223648071289 
v 21.90720558166504 402.4627685546875 38.14363098144531 
v 20.462486267089844 487.026123046875 22.327369689941406 
v 27.68608283996582 487.15655517578125 20.59720230102539 
v 26.99677276611328 585.3717651367188 7.667367935180664 
v 34.18259811401367 585.5457153320312 5.937201023101807 
v 36.88318634033203 487.6347961425781 18.343765258789062 
v 40.30141067504883 403.4192810058594 33.64519500732422 
v 58.75226974487305 402.3758239746094 29.408395767211914 
v 46.10861587524414 487.1130676269531 16.225366592407227 
v 41.37786865234375 585.3283081054688 4.2576727867126465 
v 55.79673385620117 486.5478820800781 14.005687713623047 
v 70.92379760742188 401.4193115234375 26.648569107055664 
v 143.2353057861328 -199.3934783935547 -138.12242126464844 
v 153.47108459472656 -199.4369659423828 -117.30134582519531 
v 140.36474609375 -198.69784545898438 -116.49111938476562 
v 143.7357635498047 -198.78480529785156 -108.24539184570312 
v 141.4223175048828 -198.2196044921875 -72.6208267211914 
v 141.4223175048828 -174.5679473876953 -72.61238861083984 
v 129.09971618652344 -175.69834899902344 -36.78527069091797 
v 143.7357635498047 -175.13314819335938 -108.24539184570312 
v 154.2831573486328 -199.3934783935547 -108.895263671875 
v 154.2831573486328 -175.69834899902344 -108.895263671875 
v 171.09100341796875 -199.3934783935547 -97.83907318115234 
v 171.09100341796875 -175.69834899902344 -97.83907318115234 
v 181.70449829101562 -199.3934783935547 -78.76502990722656 
v 181.70449829101562 -175.69834899902344 -78.76502990722656 
v 178.77728271484375 -199.3934783935547 -50.45780944824219 
v 178.77728271484375 -175.69834899902344 -50.45780944824219 
v 161.12904357910156 -199.3934783935547 -39.59573745727539 
v 161.12904357910156 -175.69834899902344 -39.59573745727539 
v 129.09971618652344 -199.3934783935547 -36.78527069091797 
v 174.33926391601562 -199.4369659423828 -103.5697250366211 
v 187.52114868164062 -199.4369659423828 -79.88753509521484 
v 183.8951873779297 -199.4369659423828 -44.72715759277344 
v 161.9694366455078 -199.4369659423828 -31.231855392456055 
v 122.24437713623047 -199.78477478027344 -24.05799102783203 
v 137.49420166015625 -198.00221252441406 -72.24947357177734 
v 70.92379760742188 401.4193115234375 26.648569107055664 
v 58.75226974487305 402.3758239746094 29.408395767211914 
v 68.18544006347656 399.8541259765625 15.085987091064453 
v 56.00447082519531 400.8106384277344 17.845815658569336 
v 37.581939697265625 400.8541259765625 22.2176513671875 
v 40.30141067504883 403.4192810058594 33.64519500732422 
v 21.90720558166504 402.4627685546875 38.14363098144531 
v 19.159406661987305 400.8975830078125 26.5810489654541 
v 11.916924476623535 400.8106384277344 28.319656372070312 
v 26.704051971435547 -513.2996215820312 -117.39418029785156 
v 26.807920455932617 -503.3432922363281 -117.03971099853516 
v 26.704051971435547 -512.69091796875 -100.79301452636719 
v 26.807920455932617 -503.12591552734375 -100.58202362060547 
v 20.264192581176758 -512.69091796875 -100.79301452636719 
v 20.368061065673828 -503.12591552734375 -100.58202362060547 
v 20.368061065673828 -503.3432922363281 -117.03971099853516 
v 15.391804695129395 -717.2081298828125 -88.97724151611328 
v -12.010649681091309 -730.1209106445312 -83.91333770751953 
v 18.40399742126465 -717.7298583984375 -74.05560302734375 
v -8.998456954956055 -730.6426391601562 -68.99169921875 
v 4.192869663238525 -760.0767211914062 -72.73054504394531 
v 1.1806769371032715 -759.5115356445312 -87.65218353271484 
v 28.564245223999023 -746.6422729492188 -92.7160873413086 
v 31.576438903808594 -747.1640014648438 -77.7860107421875 
v 58.96000671386719 -734.251220703125 -82.84991455078125 
v 55.95725631713867 -733.7294921875 -97.77999114990234 
v 42.79425811767578 -704.2953491210938 -94.04114532470703 
v 45.7970085144043 -704.8170776367188 -79.1195068359375 
v 18.40399742126465 -717.7298583984375 -74.05560302734375 
v 41.17957305908203 -494.51739501953125 -121.36090850830078 
v 41.4156379699707 -482.3872375488281 -119.9430160522461 
v 41.17957305908203 -494.0826110839844 -99.83931732177734 
v 41.4156379699707 -482.1698303222656 -98.98689270019531 
v 35.155189514160156 -494.0826110839844 -99.83931732177734 
v 35.39125442504883 -482.1698303222656 -98.98689270019531 
v 35.39125442504883 -482.3872375488281 -119.9430160522461 
v -17.147428512573242 -648.296630859375 -135.20223999023438 
v -17.666772842407227 -647.0357666015625 -135.10096740722656 
v -17.24185562133789 -648.296630859375 -135.75083923339844 
v -17.742313385009766 -647.0357666015625 -135.58203125 
v -26.835546493530273 -667.7744140625 -137.12652587890625 
v -31.537967681884766 -657.818115234375 -136.18125915527344 
v -27.5626277923584 -668.0787963867188 -137.20248413085938 
v -32.21783447265625 -658.1224975585938 -136.25721740722656 
v -28.166954040527344 -668.296142578125 -137.65823364257812 
v -32.78438949584961 -658.33984375 -136.70452880859375 
v -28.48800277709961 -668.4265747070312 -138.38406372070312 
v -33.08655548095703 -658.4268188476562 -137.40504455566406 
v -28.4407901763916 -668.3396606445312 -139.1774139404297 
v -33.04878616333008 -658.3833618164062 -138.1646270751953 
v -28.02531623840332 -668.1222534179688 -139.8272705078125 
v -32.67108154296875 -658.1659545898438 -138.78916931152344 
v -27.373775482177734 -667.8179321289062 -140.15643310546875 
v -32.03842544555664 -657.9050903320312 -139.02549743652344 
v -26.64669418334961 -667.5135498046875 -140.08047485351562 
v -31.358556747436523 -657.6007690429688 -138.9495391845703 
v -26.042367935180664 -667.252685546875 -139.6162872314453 
v -30.829771041870117 -657.3833618164062 -138.4937744140625 
v -25.7213191986084 -667.165771484375 -138.89889526367188 
v -30.546493530273438 -657.29638671875 -137.87767028808594 
v -25.768531799316406 -667.252685546875 -138.1055450439453 
v -30.58426284790039 -657.3833618164062 -137.10964965820312 
v -26.174564361572266 -667.4700927734375 -137.45567321777344 
v -30.924196243286133 -657.5572509765625 -136.50198364257812 
v -26.835546493530273 -667.7744140625 -137.12652587890625 
v -31.537967681884766 -657.818115234375 -136.18125915527344 
v -30.829771041870117 -657.3833618164062 -138.4937744140625 
v -32.283931732177734 -655.687744140625 -137.71731567382812 
v -30.546493530273438 -657.29638671875 -137.87767028808594 
v -32.18950653076172 -655.644287109375 -137.51475524902344 
v 26.704051971435547 -531.603515625 -118.1031265258789 
v 26.600183486938477 -520.8211669921875 -117.7486572265625 
v 26.704051971435547 -530.8644409179688 -102.79325866699219 
v 26.600183486938477 -520.1690063476562 -101.83111572265625 
v 20.264192581176758 -530.8644409179688 -102.79325866699219 
v 20.16976547241211 -520.1690063476562 -101.83111572265625 
v 20.16976547241211 -520.8211669921875 -117.7486572265625 
v 134.60475158691406 -48.17943572998047 -165.77134704589844 
v 138.0701904296875 -72.39629364013672 -166.6490936279297 
v 134.9918975830078 -19.397462844848633 -138.12242126464844 
v 136.57826232910156 -61.91826248168945 -138.15618896484375 
v 141.50730895996094 -40.39699935913086 -127.69922637939453 
v 146.6251983642578 -61.39653396606445 -117.2760238647461 
v 146.54022216796875 -18.440961837768555 -111.06430053710938 
v 168.01271057128906 -17.614892959594727 -99.738037109375 
v 138.42901611328125 -12.093276977539062 -128.02838134765625 
v -36.060977935791016 -664.6875610351562 -143.3213653564453 
v -36.287601470947266 -664.1658325195312 -143.2622833251953 
v -35.73992919921875 -664.6005859375 -142.798095703125 
v -35.966552734375 -664.078857421875 -142.739013671875 
v 49.80067443847656 -461.6920471191406 -112.22899627685547 
v 48.214317321777344 -461.6920471191406 -112.22899627685547 
v 49.80067443847656 -461.9963684082031 -95.41683959960938 
v 48.48815155029297 -462.1702880859375 -94.2690200805664 
v 48.36539840698242 -467.2136535644531 -95.15520477294922 
v 48.214317321777344 -466.9093017578125 -113.64688873291016 
v 49.80067443847656 -466.9093017578125 -113.64688873291016 
v 154.2831573486328 -175.69834899902344 -108.895263671875 
v 171.09100341796875 -175.69834899902344 -97.83907318115234 
v 143.7357635498047 -175.13314819335938 -108.24539184570312 
v 141.4223175048828 -174.5679473876953 -72.61238861083984 
v 181.70449829101562 -175.69834899902344 -78.76502990722656 
v 178.77728271484375 -175.69834899902344 -50.45780944824219 
v 161.12904357910156 -175.69834899902344 -39.59573745727539 
v -33.28485107421875 -656.166015625 -137.20248413085938 
v -33.08655548095703 -658.4268188476562 -137.40504455566406 
v -33.18098068237305 -656.166015625 -136.9999237060547 
v -32.78438949584961 -658.33984375 -136.70452880859375 
v -32.510555267333984 -655.8616333007812 -137.00836181640625 
v -30.924196243286133 -657.5572509765625 -136.50198364257812 
v -32.21783447265625 -655.687744140625 -137.2784423828125 
v -30.58426284790039 -657.3833618164062 -137.10964965820312 
v 35.38180923461914 -476.2569274902344 -118.52511596679688 
v 35.38180923461914 -476.16998291015625 -99.02909088134766 
v 35.04187774658203 -466.9093017578125 -117.10722351074219 
v 35.04187774658203 -467.03973388671875 -98.463623046875 
v 41.48173522949219 -467.03973388671875 -98.463623046875 
v 41.82167053222656 -476.16998291015625 -99.02909088134766 
v 41.48173522949219 -466.9093017578125 -117.10722351074219 
v 41.82167053222656 -476.2569274902344 -118.52511596679688 
v -31.537967681884766 -657.818115234375 -136.18125915527344 
v -32.737178802490234 -655.9486083984375 -136.8902130126953 
v -32.21783447265625 -658.1224975585938 -136.25721740722656 
v -32.98268508911133 -656.0790405273438 -136.8902130126953 
v -34.578487396240234 -664.6005859375 -141.17764282226562 
v -31.792917251586914 -670.861328125 -141.79376220703125 
v -33.54924392700195 -664.122314453125 -141.16920471191406 
v -30.697574615478516 -670.339599609375 -141.7853240966797 
v -32.66163635253906 -663.6875610351562 -141.53211975097656 
v -29.743871688842773 -669.9048461914062 -142.17355346679688 
v -32.05731201171875 -663.3397827148438 -142.2157440185547 
v -29.101774215698242 -669.5135498046875 -142.90782165527344 
v -31.821245193481445 -663.1223754882812 -143.1188201904297 
v -28.84682273864746 -669.252685546875 -143.8615264892578 
v -31.991212844848633 -663.0789184570312 -144.0894012451172 
v -29.02623176574707 -669.2091674804688 -144.90806579589844 
v -32.54832458496094 -663.2093505859375 -144.99246215820312 
v -29.621116638183594 -669.339599609375 -145.87864685058594 
v -33.38871765136719 -663.513671875 -145.69296264648438 
v -30.527606964111328 -669.6874389648438 -146.62135314941406 
v -34.40851974487305 -663.9049682617188 -146.07275390625 
v -31.613508224487305 -670.1221923828125 -147.02645874023438 
v -35.43776321411133 -664.3831787109375 -146.08119201660156 
v -32.7088508605957 -670.6004638671875 -147.03489685058594 
v -36.56143569946289 -664.9049072265625 -145.77735900878906 
v -33.89862060546875 -671.1656494140625 -146.70574951171875 
v -37.17520523071289 -665.2527465820312 -145.09373474121094 
v -34.5501594543457 -671.5569458007812 -145.97991943359375 
v -37.34517288208008 -665.4701538085938 -144.1062774658203 
v -34.739009857177734 -671.7743530273438 -144.92494201660156 
v -36.99579620361328 -665.4266357421875 -143.1610107421875 
v -34.380191802978516 -671.7308959960938 -143.9121551513672 
v -36.448123931884766 -665.2962036132812 -142.25794982910156 
v -33.79475021362305 -671.6004638671875 -142.9415740966797 
v -35.598289489746094 -664.9918823242188 -141.5574493408203 
v -32.88825988769531 -671.2960815429688 -142.19886779785156 
v -34.578487396240234 -664.6005859375 -141.17764282226562 
v -31.792917251586914 -670.861328125 -141.79376220703125 
v -6.515050411224365 -650.5574340820312 -143.25384521484375 
v -6.751115322113037 -649.6009521484375 -143.37200927734375 
v -7.327114582061768 -650.8617553710938 -143.56613159179688 
v -7.695376396179199 -649.9922485351562 -143.73492431640625 
v -31.991212844848633 -663.0789184570312 -144.0894012451172 
v -32.67108154296875 -662.47021484375 -143.9290313720703 
v -31.821245193481445 -663.1223754882812 -143.1188201904297 
v -32.519996643066406 -662.513671875 -143.08505249023438 
v -35.43776321411133 -664.3831787109375 -146.08119201660156 
v -35.654945373535156 -663.6006469726562 -145.65921020507812 
v -34.40851974487305 -663.9049682617188 -146.07275390625 
v -34.767337799072266 -663.1658325195312 -145.65077209472656 
v 56.240535736083984 -476.2569274902344 -115.06478881835938 
v 56.240535736083984 -466.9093017578125 -113.64688873291016 
v 56.495487213134766 -476.16998291015625 -97.30736541748047 
v 56.495487213134766 -467.03973388671875 -96.45494079589844 
v 50.055625915527344 -476.16998291015625 -97.30736541748047 
v 50.055625915527344 -467.03973388671875 -96.45494079589844 
v 49.80067443847656 -466.9093017578125 -113.64688873291016 
v 56.495487213134766 -476.16998291015625 -97.30736541748047 
v 57.675811767578125 -476.3873596191406 -95.63627624511719 
v 56.240535736083984 -476.2569274902344 -115.06478881835938 
v 58.261253356933594 -476.2569274902344 -115.06478881835938 
v 57.78912353515625 -482.34375 -95.96542358398438 
v 58.261253356933594 -482.3872375488281 -116.48268127441406 
v 56.240535736083984 -482.1698303222656 -98.31170654296875 
v 56.240535736083984 -482.3872375488281 -116.48268127441406 
v 6.704603672027588 -475.6047668457031 -115.93408966064453 
v 6.704603672027588 -475.5613098144531 -101.38380432128906 
v 7.488340377807617 -466.083251953125 -114.51619720458984 
v 7.478897571563721 -466.21368408203125 -100.53137969970703 
v 13.880987167358398 -466.8223571777344 -100.53137969970703 
v 13.786561012268066 -475.69171142578125 -101.38380432128906 
v 13.890429496765137 -466.73541259765625 -114.51619720458984 
v 13.777118682861328 -475.7351989746094 -115.93408966064453 
v 143.50914001464844 -142.3512725830078 -167.5183868408203 
v 138.0701904296875 -72.39629364013672 -166.6490936279297 
v 141.53562927246094 -72.39629364013672 -166.6490936279297 
v 141.54507446289062 -48.17943572998047 -165.77134704589844 
v 134.60475158691406 -48.17943572998047 -165.77134704589844 
v 134.9918975830078 -19.397462844848633 -138.12242126464844 
v 141.82835388183594 -19.397462844848633 -138.12242126464844 
v 138.42901611328125 -12.093276977539062 -128.02838134765625 
v 145.2654571533203 -12.093276977539062 -128.02838134765625 
v 146.54022216796875 -18.440961837768555 -111.06430053710938 
v 151.04434204101562 -22.875646591186523 -117.17474365234375 
v -35.79658508300781 -664.122314453125 -141.7431182861328 
v -35.598289489746094 -664.9918823242188 -141.5574493408203 
v -34.90897750854492 -663.7745361328125 -141.41397094726562 
v -34.578487396240234 -664.6005859375 -141.17764282226562 
v -34.0213737487793 -663.3832397460938 -141.40553283691406 
v -33.54924392700195 -664.122314453125 -141.16920471191406 
v -33.25652313232422 -662.991943359375 -141.71780395507812 
v -32.66163635253906 -663.6875610351562 -141.53211975097656 
v 151.04434204101562 -22.875646591186523 -117.17474365234375 
v 146.54022216796875 -18.440961837768555 -111.06430053710938 
v 173.08338928222656 -17.527938842773438 -101.34160614013672 
v 168.01271057128906 -17.614892959594727 -99.738037109375 
v 173.1494903564453 -1.267428994178772 -94.01582336425781 
v 179.47604370117188 -1.2239516973495483 -94.01582336425781 
v 174.31092834472656 15.036558151245117 -91.47543334960938 
v 180.63748168945312 15.080036163330078 -91.47543334960938 
v 174.31092834472656 30.036226272583008 -94.91044616699219 
v 180.63748168945312 30.036226272583008 -94.91044616699219 
v 185.25491333007812 52.94876480102539 -73.86148834228516 
v 191.5814666748047 52.94876480102539 -73.86148834228516 
v 180.59971618652344 86.81758117675781 -38.658912658691406 
v 189.7684783935547 86.81758117675781 -38.658912658691406 
v -33.28485107421875 -662.8180541992188 -143.23696899414062 
v -33.06766891479492 -663.3397827148438 -143.29605102539062 
v -33.42648696899414 -662.948486328125 -142.7136993408203 
v -33.199867248535156 -663.47021484375 -142.7727813720703 
v -33.38871765136719 -662.8180541992188 -143.8024444580078 
v -33.16209411621094 -663.2962646484375 -143.8615264892578 
v -33.28485107421875 -662.8180541992188 -143.23696899414062 
v -33.06766891479492 -663.3397827148438 -143.29605102539062 
v 5.807555675506592 -494.3434753417969 -118.7698745727539 
v 5.826440811157227 -493.9521789550781 -101.85643768310547 
v 6.8368000984191895 -481.7785339355469 -117.35198211669922 
v 6.846242904663086 -481.5611572265625 -101.012451171875 
v 13.512725830078125 -481.6481018066406 -101.012451171875 
v 12.57790756225586 -494.25653076171875 -101.85643768310547 
v 13.493840217590332 -481.9089660644531 -117.35198211669922 
v 12.559021949768066 -494.6478271484375 -118.7698745727539 
v -33.974159240722656 -663.55712890625 -144.78990173339844 
v -34.200782775878906 -663.035400390625 -144.73081970214844 
v -34.559600830078125 -663.7745361328125 -145.00933837890625 
v -34.786224365234375 -663.2962646484375 -144.95025634765625 
v 39.30049514770508 -706.1649169921875 -97.11324310302734 
v 21.718353271484375 -666.8613891601562 -92.17594146728516 
v 41.73668670654297 -706.5996704101562 -85.04427337646484 
v 122.20661163330078 -408.2149658203125 -107.07225799560547 
v 113.34944152832031 -355.47698974609375 -106.25359344482422 
v 113.26445770263672 -409.6062316894531 -108.13567352294922 
v 109.18524932861328 -355.47698974609375 -111.13182067871094 
v 113.34944152832031 -243.13165283203125 -106.25359344482422 
v 110.11062622070312 -243.08816528320312 -107.40985107421875 
v 7.526110649108887 -461.1703186035156 -100.12626647949219 
v 14.202035903930664 -461.8224792480469 -100.12626647949219 
v -66.39064025878906 -682.2089233398438 -175.9329071044922 
v -59.79025650024414 -679.1654663085938 -174.0255126953125 
v -26.3350887298584 -749.7291259765625 -169.8646697998047 
v -48.63853454589844 -674.1221313476562 -157.46653747558594 
v -25.296401977539062 -749.7726440429688 -152.14100646972656 
v -21.46270179748535 -664.1658325195312 -162.10000610351562 
v 2.8236911296844482 -714.9473266601562 -160.0575714111328 
v 30.320571899414062 -705.7736206054688 -171.8817901611328 
v 38.42232894897461 -715.5125122070312 -190.32284545898438 
v 9.084141731262207 -644.5140991210938 -188.15379333496094 
v 46.31635284423828 -717.8168334960938 -193.800048828125 
v 7.006767272949219 -734.207763671875 -177.78123474121094 
v 3.7962799072265625 -726.1644287109375 -176.5743408203125 
v -27.099939346313477 -756.250732421875 -170.8352508544922 
v 6.704603672027588 -475.6047668457031 -115.93408966064453 
v 5.448736667633057 -475.5613098144531 -115.93408966064453 
v 6.704603672027588 -475.5613098144531 -101.38380432128906 
v 6.034178256988525 -475.7351989746094 -100.16002655029297 
v 5.647031307220459 -481.69158935546875 -100.48074340820312 
v 5.174901008605957 -481.7350769042969 -117.35198211669922 
v 6.8368000984191895 -481.7785339355469 -117.35198211669922 
v 1.567823886871338 -650.0791625976562 -167.59434509277344 
v 4.9954915046691895 -502.90850830078125 -101.45976257324219 
v 4.240082740783691 -503.0389404296875 -100.84365844726562 
v 5.127687931060791 -503.16937255859375 -120.1877670288086 
v 3.900148630142212 -503.12591552734375 -120.1877670288086 
v 4.164541721343994 -494.25653076171875 -118.7698745727539 
v 4.749983310699463 -494.0391540527344 -99.88995361328125 
v 5.826440811157227 -493.9521789550781 -101.85643768310547 
v 12.57790756225586 -494.25653076171875 -101.85643768310547 
v 13.90931510925293 -494.4304504394531 -99.88995361328125 
v 12.559021949768066 -494.6478271484375 -118.7698745727539 
v 14.475872039794922 -494.7347717285156 -118.7698745727539 
v 13.588266372680664 -503.43023681640625 -100.84365844726562 
v 14.211478233337402 -503.5606689453125 -120.1877670288086 
v 11.425909042358398 -503.2128601074219 -101.45976257324219 
v 11.55810546875 -503.4737243652344 -120.1877670288086 
v 5.826440811157227 -493.9521789550781 -101.85643768310547 
v 4.749983310699463 -494.0391540527344 -99.88995361328125 
v 12.57790756225586 -494.25653076171875 -101.85643768310547 
v 13.90931510925293 -494.4304504394531 -99.88995361328125 
v 12.549579620361328 -495.29998779296875 -98.68305206298828 
v 12.351284980773926 -502.4302673339844 -99.4342041015625 
v 13.588266372680664 -503.43023681640625 -100.84365844726562 
v 4.608344554901123 -502.08245849609375 -99.8730697631836 
v 4.240082740783691 -503.0389404296875 -100.84365844726562 
v 4.9766058921813965 -494.9521789550781 -99.11348724365234 
v 9.867877960205078 -563.7332763671875 -121.8841781616211 
v 10.783811569213867 -543.6902465820312 -121.61409759521484 
v 9.915091514587402 -562.7767333984375 -104.05923461914062 
v 10.821581840515137 -542.9511108398438 -104.59938049316406 
v 3.4846737384796143 -562.472412109375 -104.05923461914062 
v 4.391164302825928 -542.6467895507812 -104.59938049316406 
v 4.353394031524658 -543.3858642578125 -121.61409759521484 
v 12.200202941894531 -512.7778930664062 -102.06742858886719 
v 13.777118682861328 -513.2996215820312 -101.4850845336914 
v 12.171875 -513.3865356445312 -120.54224395751953 
v 14.05095386505127 -513.8212890625 -120.54224395751953 
v 13.418299674987793 -520.03857421875 -101.73828125 
v 13.644922256469727 -520.603759765625 -120.89671325683594 
v 11.76584243774414 -520.2124633789062 -102.85233306884766 
v 11.73751449584961 -520.9081420898438 -120.89671325683594 
v 64.2289810180664 -503.12591552734375 -100.01654815673828 
v 70.6594009399414 -503.12591552734375 -100.01654815673828 
v 6.704603672027588 -475.5613098144531 -101.38380432128906 
v 6.034178256988525 -475.7351989746094 -100.16002655029297 
v 13.786561012268066 -475.69171142578125 -101.38380432128906 
v 14.825248718261719 -475.95257568359375 -100.16002655029297 
v 14.551412582397461 -476.8221435546875 -99.1810073852539 
v 14.44754409790039 -480.9524841308594 -99.40888214111328 
v 14.664724349975586 -481.9089660644531 -100.48074340820312 
v 6.015293121337891 -480.778564453125 -99.40888214111328 
v 5.647031307220459 -481.69158935546875 -100.48074340820312 
v 6.28912878036499 -476.6482238769531 -99.1810073852539 
v 5.33542537689209 -519.9081420898438 -102.85233306884766 
v 3.947361707687378 -519.560302734375 -101.75515747070312 
v 5.307097434997559 -520.603759765625 -120.89671325683594 
v 3.428018093109131 -520.08203125 -120.9051513671875 
v 3.834050416946411 -513.3430786132812 -120.5506820678711 
v 4.419492244720459 -512.8648071289062 -101.46820068359375 
v 5.7792277336120605 -512.4735107421875 -102.06742858886719 
v 4.9954915046691895 -502.90850830078125 -101.45976257324219 
v 11.425909042358398 -503.2128601074219 -101.45976257324219 
v 14.202035903930664 -461.8224792480469 -100.12626647949219 
v 15.590099334716797 -461.8659362792969 -99.02909088134766 
v 14.230363845825195 -461.51812744140625 -113.09830474853516 
v 16.043344497680664 -461.4311828613281 -113.09830474853516 
v 15.240723609924316 -466.51800537109375 -99.90682983398438 
v 15.524001121520996 -466.6484375 -114.51619720458984 
v 13.880987167358398 -466.8223571777344 -100.53137969970703 
v 13.890429496765137 -466.73541259765625 -114.51619720458984 
v 11.369253158569336 -530.9513549804688 -103.73851776123047 
v 12.710103988647461 -531.081787109375 -103.45156860351562 
v 11.340925216674805 -531.6904907226562 -121.25119018554688 
v 13.229447364807129 -531.7774658203125 -121.25119018554688 
v 12.20964527130127 -543.08154296875 -103.72164154052734 
v 12.68177604675293 -543.7771606445312 -121.61409759521484 
v 10.821581840515137 -542.9511108398438 -104.59938049316406 
v 10.783811569213867 -543.6902465820312 -121.61409759521484 
v 4.910507678985596 -531.3861694335938 -121.25119018554688 
v 3.012543201446533 -531.2991943359375 -121.25119018554688 
v 4.938835620880127 -530.6904907226562 -103.73851776123047 
v 3.597985029220581 -530.6904907226562 -103.45156860351562 
v 2.9936580657958984 -542.6467895507812 -103.72164154052734 
v 2.464871883392334 -543.2989501953125 -121.61409759521484 
v 4.353394031524658 -543.3858642578125 -121.61409759521484 
v 10.821581840515137 -542.9511108398438 -104.59938049316406 
v 12.20964527130127 -543.08154296875 -103.72164154052734 
v 4.391164302825928 -542.6467895507812 -104.59938049316406 
v 2.9936580657958984 -542.6467895507812 -103.72164154052734 
v 4.004017353057861 -541.6902465820312 -103.05489349365234 
v 4.5044755935668945 -531.603515625 -102.43878173828125 
v 3.597985029220581 -530.6904907226562 -103.45156860351562 
v 11.718629837036133 -531.9513549804688 -102.43878173828125 
v 12.710103988647461 -531.081787109375 -103.45156860351562 
v 11.293712615966797 -542.0380859375 -103.05489349365234 
v 11.340925216674805 -531.6904907226562 -121.25119018554688 
v 11.73751449584961 -520.9081420898438 -120.89671325683594 
v 11.369253158569336 -530.9513549804688 -103.73851776123047 
v 11.76584243774414 -520.2124633789062 -102.85233306884766 
v 4.938835620880127 -530.6904907226562 -103.73851776123047 
v 5.33542537689209 -519.9081420898438 -102.85233306884766 
v 5.307097434997559 -520.603759765625 -120.89671325683594 
v 56.240535736083984 -563.6897583007812 -122.16268920898438 
v 56.240535736083984 -562.7332763671875 -102.61602020263672 
v 49.80067443847656 -563.6897583007812 -122.16268920898438 
v 49.80067443847656 -562.7332763671875 -102.61602020263672 
v -5.419707298278809 -408.5627746582031 -119.16654968261719 
v -36.495338439941406 -408.5627746582031 -111.60445404052734 
v -5.8635101318359375 -408.5627746582031 -123.80001831054688 
v -36.95802307128906 -408.5627746582031 -128.98208618164062 
v -4.56043004989624 -408.2584228515625 -129.47158813476562 
v -4.56043004989624 -408.2584228515625 -153.7698974609375 
v -36.69363021850586 -407.9541015625 -154.31004333496094 
v -32.66163635253906 -407.82366943359375 -161.289794921875 
v 50.21615219116211 -448.0836486816406 -105.17329406738281 
v 50.21615219116211 -448.5184020996094 -94.24369812011719 
v 56.240535736083984 -448.0836486816406 -105.17329406738281 
v 56.240535736083984 -448.5184020996094 -94.24369812011719 
v 20.264192581176758 -531.603515625 -118.1031265258789 
v 18.366226196289062 -531.603515625 -118.1031265258789 
v 20.264192581176758 -530.8644409179688 -102.79325866699219 
v 18.923341751098633 -530.9513549804688 -102.05899047851562 
v 18.876127243041992 -542.9511108398438 -102.32062530517578 
v 18.366226196289062 -543.646728515625 -118.45760345458984 
v 20.264192581176758 -543.646728515625 -118.45760345458984 
v 56.495487213134766 -467.03973388671875 -96.45494079589844 
v 58.05351638793945 -466.8223571777344 -95.15520477294922 
v 50.055625915527344 -467.03973388671875 -96.45494079589844 
v 48.36539840698242 -467.2136535644531 -95.15520477294922 
v 49.337989807128906 -466.3006286621094 -94.37030029296875 
v 49.43241500854492 -463.1702575683594 -93.93142700195312 
v 48.48815155029297 -462.1702880859375 -94.2690200805664 
v 57.00538635253906 -463.1702575683594 -93.72886657714844 
v 57.930763244628906 -462.1702880859375 -94.2690200805664 
v 57.07148361206055 -466.3006286621094 -94.17617797851562 
v 56.240535736083984 -461.9963684082031 -95.41683959960938 
v 57.930763244628906 -462.1702880859375 -94.2690200805664 
v 56.240535736083984 -461.6920471191406 -112.22899627685547 
v 58.327354431152344 -461.6920471191406 -112.22899627685547 
v 58.05351638793945 -466.8223571777344 -95.15520477294922 
v 58.327354431152344 -466.9093017578125 -113.64688873291016 
v 56.495487213134766 -467.03973388671875 -96.45494079589844 
v 56.240535736083984 -466.9093017578125 -113.64688873291016 
v 49.80067443847656 -461.9963684082031 -95.41683959960938 
v 56.240535736083984 -461.9963684082031 -95.41683959960938 
v 109.57239532470703 -215.30618286132812 -28.5395450592041 
v 110.02564239501953 -243.08816528320312 -33.65408706665039 
v 119.06221771240234 -217.30613708496094 -28.775861740112305 
v 113.07560729980469 -243.13165283203125 -35.24921798706055 
v 122.37657928466797 -243.1751251220703 -50.67724609375 
v 122.38601684570312 -243.13165283203125 -107.07225799560547 
v 113.34944152832031 -243.13165283203125 -106.25359344482422 
v 110.11062622070312 -243.08816528320312 -107.40985107421875 
v 50.21615219116211 -482.1698303222656 -98.31170654296875 
v 49.016937255859375 -482.34375 -95.96542358398438 
v 50.21615219116211 -482.3872375488281 -116.48268127441406 
v 48.54480743408203 -482.3872375488281 -116.48268127441406 
v 48.54480743408203 -476.2569274902344 -115.06478881835938 
v 49.13969421386719 -476.3873596191406 -95.63627624511719 
v 50.055625915527344 -476.16998291015625 -97.30736541748047 
v 50.055625915527344 -476.16998291015625 -97.30736541748047 
v 49.13969421386719 -476.3873596191406 -95.63627624511719 
v 56.495487213134766 -476.16998291015625 -97.30736541748047 
v 57.675811767578125 -476.3873596191406 -95.63627624511719 
v 57.062042236328125 -477.3003845214844 -95.16364288330078 
v 57.14702606201172 -481.43072509765625 -95.3830795288086 
v 57.78912353515625 -482.34375 -95.96542358398438 
v 49.34743118286133 -481.43072509765625 -95.3830795288086 
v 49.016937255859375 -482.34375 -95.96542358398438 
v 49.43241500854492 -477.3003845214844 -95.16364288330078 
v 49.904544830322266 -503.12591552734375 -100.01654815673828 
v 49.15857696533203 -503.25634765625 -97.796875 
v 49.904544830322266 -503.3432922363281 -119.326904296875 
v 48.677005767822266 -503.3432922363281 -119.326904296875 
v 48.677005767822266 -494.51739501953125 -117.90901184082031 
v 49.262447357177734 -494.25653076171875 -96.84317016601562 
v 50.32001876831055 -494.0826110839844 -99.16412353515625 
v 143.50914001464844 -166.30726623535156 -169.77183532714844 
v 136.3988494873047 -159.17698669433594 -169.77183532714844 
v 143.50914001464844 -142.3512725830078 -167.5183868408203 
v 121.45120239257812 -159.17698669433594 -169.77183532714844 
v 138.0701904296875 -72.39629364013672 -166.6490936279297 
v 70.55553436279297 -542.8641357421875 -100.86053466796875 
v 71.95304107666016 -542.9511108398438 -100.48074340820312 
v 64.12511444091797 -542.8641357421875 -100.86053466796875 
v 62.72760772705078 -542.9511108398438 -100.48074340820312 
v 63.69075393676758 -541.9511108398438 -99.25696563720703 
v 63.7285270690918 -531.8643798828125 -98.64085388183594 
v 62.77482223510742 -530.9513549804688 -100.2106704711914 
v 70.94268035888672 -531.8643798828125 -98.64085388183594 
v 71.90582275390625 -530.9513549804688 -100.2106704711914 
v 70.9898910522461 -541.9511108398438 -99.25696563720703 
v 56.34440612792969 -494.0826110839844 -99.16412353515625 
v 58.081844329833984 -494.25653076171875 -96.84317016601562 
v 56.34440612792969 -494.51739501953125 -117.90901184082031 
v 58.65784454345703 -494.51739501953125 -117.90901184082031 
v 58.17626953125 -503.25634765625 -97.796875 
v 58.65784454345703 -503.3432922363281 -119.326904296875 
v 56.34440612792969 -503.12591552734375 -100.01654815673828 
v 56.34440612792969 -503.3432922363281 -119.326904296875 
v 50.32001876831055 -494.0826110839844 -99.16412353515625 
v 49.262447357177734 -494.25653076171875 -96.84317016601562 
v 56.34440612792969 -494.0826110839844 -99.16412353515625 
v 58.081844329833984 -494.25653076171875 -96.84317016601562 
v 57.09981155395508 -495.1695556640625 -95.99918365478516 
v 57.23200988769531 -502.2998352050781 -96.75033569335938 
v 58.17626953125 -503.25634765625 -97.796875 
v 49.4796257019043 -502.2998352050781 -97.25672149658203 
v 49.15857696533203 -503.25634765625 -97.796875 
v 49.517398834228516 -495.1695556640625 -96.49713897705078 
v -6.184558868408203 -649.5574340820312 -140.67970275878906 
v -6.921082496643066 -649.9052734375 -140.05514526367188 
v -6.515050411224365 -649.94873046875 -139.71755981445312 
v -7.4215407371521 -650.427001953125 -138.92420959472656 
v 56.240535736083984 -563.6897583007812 -122.16268920898438 
v 56.240535736083984 -543.646728515625 -120.74479675292969 
v 56.240535736083984 -562.7332763671875 -102.61602020263672 
v 56.240535736083984 -542.8641357421875 -100.86053466796875 
v 49.80067443847656 -562.7332763671875 -102.61602020263672 
v 49.80067443847656 -542.8641357421875 -100.86053466796875 
v 49.80067443847656 -543.646728515625 -120.74479675292969 
v 36.326072692871094 -214.3061981201172 -179.21600341796875 
v 36.326072692871094 -208.13241577148438 -180.2119140625 
v -3.4839725494384766 -214.87139892578125 -179.21600341796875 
v -3.493415117263794 -208.56719970703125 -180.2119140625 
v -3.4839725494384766 -214.87139892578125 -156.94326782226562 
v -3.493415117263794 -208.78457641601562 -156.94326782226562 
v -3.4839725494384766 -214.8279266357422 -123.14170837402344 
v -3.4839725494384766 -208.78457641601562 -123.14170837402344 
v -3.493415117263794 -214.8279266357422 -104.47278594970703 
v -3.493415117263794 -208.78457641601562 -104.47278594970703 
v -3.4839725494384766 -215.91485595703125 -42.48216247558594 
v -3.4839725494384766 -208.74110412597656 -42.48216247558594 
v 36.326072692871094 -214.740966796875 -42.48216247558594 
v 36.326072692871094 -208.74110412597656 -42.48216247558594 
v 76.13611602783203 -208.74110412597656 -42.48216247558594 
v 90.07341003417969 -208.74110412597656 -40.02616882324219 
v 95.85228729248047 -208.78457641601562 -104.47278594970703 
v 95.85228729248047 -196.1326904296875 -104.47278594970703 
v 95.85228729248047 -196.1326904296875 -123.14170837402344 
v 76.14556121826172 -196.1326904296875 -123.14170837402344 
v 76.14556121826172 -196.1326904296875 -156.94326782226562 
v 76.14556121826172 -190.04586791992188 -156.94326782226562 
v 76.14556121826172 -195.48052978515625 -179.94183349609375 
v 76.14556121826172 -189.2198028564453 -179.94183349609375 
v 36.326072692871094 -189.2198028564453 -179.94183349609375 
v 36.326072692871094 -208.13241577148438 -188.0778350830078 
v -17.51569175720215 -208.56719970703125 -188.06939697265625 
v -23.20014190673828 -208.78457641601562 -156.94326782226562 
v -23.20014190673828 -208.78457641601562 -123.14170837402344 
v -23.20014190673828 -208.78457641601562 -104.47278594970703 
v -17.4212646484375 -208.74110412597656 -40.02616882324219 
v 36.326072692871094 -208.74110412597656 -34.244876861572266 
v 90.05451965332031 -196.00225830078125 -40.00084686279297 
v 76.14556121826172 -196.1326904296875 -104.47278594970703 
v 76.14556121826172 -190.04586791992188 -123.14170837402344 
v -23.20014190673828 -196.1326904296875 -156.94326782226562 
v -23.20014190673828 -196.1326904296875 -123.14170837402344 
v -23.20014190673828 -196.1326904296875 -104.47278594970703 
v -17.402379989624023 -196.00225830078125 -40.00084686279297 
v 36.326072692871094 -196.00225830078125 -34.244876861572266 
v 76.13611602783203 -196.00225830078125 -42.48216247558594 
v 76.14556121826172 -190.04586791992188 -104.47278594970703 
v -3.493415117263794 -196.1326904296875 -156.94326782226562 
v -3.4839725494384766 -196.1326904296875 -123.14170837402344 
v -3.493415117263794 -196.1326904296875 -104.47278594970703 
v -3.4839725494384766 -196.00225830078125 -42.48216247558594 
v 36.326072692871094 -196.00225830078125 -42.48216247558594 
v 76.13611602783203 -189.87196350097656 -42.48216247558594 
v -3.493415117263794 -195.48052978515625 -179.94183349609375 
v -3.493415117263794 -190.04586791992188 -156.94326782226562 
v -3.4839725494384766 -190.04586791992188 -123.14170837402344 
v -3.493415117263794 -190.04586791992188 -104.47278594970703 
v -3.4839725494384766 -189.87196350097656 -42.48216247558594 
v 36.326072692871094 -189.87196350097656 -42.48216247558594 
v -17.298511505126953 -195.48052978515625 -188.06939697265625 
v 36.326072692871094 -195.35009765625 -188.0778350830078 
v 36.326072692871094 -195.35009765625 -179.94183349609375 
v 36.326072692871094 -189.2198028564453 -179.94183349609375 
v -3.493415117263794 -189.2198028564453 -179.94183349609375 
v 41.82167053222656 -476.16998291015625 -99.02909088134766 
v 42.52986526489258 -476.3873596191406 -98.10914611816406 
v 41.82167053222656 -476.2569274902344 -118.52511596679688 
v 43.077537536621094 -476.2569274902344 -118.52511596679688 
v 42.690391540527344 -482.34375 -98.41297912597656 
v 43.077537536621094 -482.3872375488281 -119.9430160522461 
v 41.4156379699707 -482.1698303222656 -98.98689270019531 
v 41.4156379699707 -482.3872375488281 -119.9430160522461 
v 35.155189514160156 -494.51739501953125 -121.36090850830078 
v 33.15335464477539 -494.51739501953125 -121.36090850830078 
v 35.155189514160156 -494.0826110839844 -99.83931732177734 
v 33.73879623413086 -494.25653076171875 -98.8180923461914 
v 33.634925842285156 -503.3432922363281 -99.0712890625 
v 33.15335464477539 -503.3432922363281 -122.77880096435547 
v 34.38089370727539 -503.3432922363281 -122.77880096435547 
v 20.368061065673828 -503.12591552734375 -100.58202362060547 
v 19.168848037719727 -503.64764404296875 -100.16846466064453 
v 20.368061065673828 -503.3432922363281 -117.03971099853516 
v 19.140522003173828 -503.3432922363281 -117.03971099853516 
v 19.140522003173828 -494.51739501953125 -115.62181091308594 
v 19.27271842956543 -494.6478271484375 -99.20632934570312 
v 21.416189193725586 -493.6478576660156 -100.38790130615234 
v 70.46110534667969 -520.8211669921875 -117.7486572265625 
v 72.35906982421875 -520.4298706054688 -117.7486572265625 
v 70.46110534667969 -520.1255493164062 -100.43854522705078 
v 72.10411834716797 -519.8646850585938 -99.13880920410156 
v 72.45349884033203 -513.6473999023438 -117.39418029785156 
v 72.16077423095703 -513.1256713867188 -98.8771743774414 
v 70.55553436279297 -513.2996215820312 -117.39418029785156 
v 70.55553436279297 -512.69091796875 -100.22754669189453 
v 64.2289810180664 -503.12591552734375 -100.01654815673828 
v 63.48301696777344 -503.25634765625 -97.796875 
v 64.2289810180664 -503.3432922363281 -117.03971099853516 
v 63.00144577026367 -503.3432922363281 -117.03971099853516 
v 63.00144577026367 -494.51739501953125 -115.62181091308594 
v 63.57744216918945 -494.25653076171875 -96.84317016601562 
v 64.64445495605469 -494.0826110839844 -99.16412353515625 
v 34.27702331542969 -512.8213500976562 -100.05030822753906 
v 32.94561767578125 -513.1256713867188 -99.53547668457031 
v 40.71688461303711 -512.8213500976562 -100.05030822753906 
v 42.312686920166016 -513.1256713867188 -99.55236053466797 
v 41.34954071044922 -514.0386962890625 -97.74623107910156 
v 41.311767578125 -518.9081420898438 -97.9319076538086 
v 42.25603103637695 -519.8646850585938 -99.80555725097656 
v 33.75768280029297 -518.9081420898438 -97.94035339355469 
v 32.77565002441406 -519.8211669921875 -99.82243347167969 
v 33.880435943603516 -513.9952392578125 -97.73779296875 
v 26.600183486938477 -520.1690063476562 -101.83111572265625 
v 28.243196487426758 -519.8646850585938 -100.8183364868164 
v 20.16976547241211 -520.1690063476562 -101.83111572265625 
v 18.7628173828125 -519.8211669921875 -100.83521270751953 
v 19.744848251342773 -518.9081420898438 -98.95313262939453 
v 19.86760139465332 -513.9952392578125 -98.75057220458984 
v 18.932783126831055 -513.1256713867188 -100.54826354980469 
v 27.336706161499023 -514.0386962890625 -98.75901794433594 
v 28.29985237121582 -513.1256713867188 -100.56513977050781 
v 27.29893684387207 -518.9081420898438 -98.94469451904297 
v 28.78142547607422 -466.0397644042969 -111.35969543457031 
v 30.603849411010742 -466.6484375 -111.35969543457031 
v 28.800312042236328 -466.1701965332031 -100.37946319580078 
v 30.320571899414062 -466.51800537109375 -100.18534851074219 
v 30.603849411010742 -461.4311828613281 -109.94180297851562 
v 30.207260131835938 -461.909423828125 -99.29916381835938 
v 28.50758934020996 -461.4311828613281 -109.94180297851562 
v 28.50758934020996 -461.6920471191406 -99.60299682617188 
v 33.74823760986328 -520.1255493164062 -101.11373138427734 
v 40.1880989074707 -520.1255493164062 -101.11373138427734 
v 40.71688461303711 -542.8641357421875 -101.53572082519531 
v 42.104949951171875 -542.9511108398438 -101.14749145507812 
v 34.27702331542969 -542.8641357421875 -101.53572082519531 
v 32.879520416259766 -542.9511108398438 -101.14749145507812 
v 33.84266662597656 -541.9511108398438 -99.9321517944336 
v 33.88987731933594 -531.8643798828125 -99.30760192871094 
v 32.93617248535156 -530.9513549804688 -100.88585662841797 
v 41.10403060913086 -531.8643798828125 -99.30760192871094 
v 42.057735443115234 -530.9513549804688 -100.88585662841797 
v 41.14180374145508 -541.9511108398438 -99.9321517944336 
v 64.12511444091797 -530.9078979492188 -100.6495361328125 
v 70.55553436279297 -530.9078979492188 -100.6495361328125 
v 70.55553436279297 -482.1698303222656 -98.31170654296875 
v 72.11356353759766 -482.34375 -95.96542358398438 
v 64.54058837890625 -482.1698303222656 -98.31170654296875 
v 63.34137725830078 -482.34375 -95.96542358398438 
v 63.671871185302734 -481.43072509765625 -94.62348937988281 
v 63.75685501098633 -477.3003845214844 -94.40406036376953 
v 63.454689025878906 -476.3873596191406 -95.63627624511719 
v 71.37703704833984 -477.3003845214844 -94.40406036376953 
v 71.99080657958984 -476.3873596191406 -95.63627624511719 
v 71.47146606445312 -481.43072509765625 -94.62348937988281 
v 26.704051971435547 -543.646728515625 -118.45760345458984 
v 28.60201644897461 -543.646728515625 -118.45760345458984 
v 26.704051971435547 -542.8641357421875 -102.83545684814453 
v 28.09211540222168 -542.9511108398438 -102.32062530517578 
v 28.60201644897461 -531.603515625 -118.1031265258789 
v 28.044902801513672 -530.9513549804688 -102.05899047851562 
v 26.704051971435547 -531.603515625 -118.1031265258789 
v 26.704051971435547 -530.8644409179688 -102.79325866699219 
v 20.264192581176758 -530.8644409179688 -102.79325866699219 
v 18.923341751098633 -530.9513549804688 -102.05899047851562 
v 26.704051971435547 -530.8644409179688 -102.79325866699219 
v 28.044902801513672 -530.9513549804688 -102.05899047851562 
v 27.091197967529297 -531.8643798828125 -100.48074340820312 
v 27.128969192504883 -541.9511108398438 -101.10529327392578 
v 28.09211540222168 -542.9511108398438 -102.32062530517578 
v 19.829832077026367 -541.9511108398438 -101.10529327392578 
v 18.876127243041992 -542.9511108398438 -102.32062530517578 
v 19.877044677734375 -531.8643798828125 -100.48074340820312 
v 22.077173233032227 -461.4311828613281 -109.94180297851562 
v 20.490814208984375 -461.4311828613281 -109.94180297851562 
v 22.077173233032227 -461.6920471191406 -99.60299682617188 
v 20.764650344848633 -461.909423828125 -99.29916381835938 
v 20.641895294189453 -466.9527893066406 -100.18534851074219 
v 20.490814208984375 -466.6484375 -111.35969543457031 
v 22.407663345336914 -466.9527893066406 -111.35969543457031 
v 76.13611602783203 -215.91485595703125 -42.48216247558594 
v 76.14556121826172 -208.78457641601562 -104.47278594970703 
v 76.14556121826172 -214.8279266357422 -104.47278594970703 
v 76.14556121826172 -208.78457641601562 -123.14170837402344 
v 76.14556121826172 -214.8279266357422 -123.14170837402344 
v 76.14556121826172 -208.78457641601562 -156.94326782226562 
v 76.14556121826172 -214.87139892578125 -156.94326782226562 
v 76.14556121826172 -208.56719970703125 -180.2119140625 
v 76.13611602783203 -214.87139892578125 -179.21600341796875 
v 36.326072692871094 -208.13241577148438 -180.2119140625 
v 36.326072692871094 -214.3061981201172 -179.21600341796875 
v 95.85228729248047 -208.78457641601562 -123.14170837402344 
v 95.85228729248047 -208.78457641601562 -156.7238311767578 
v 90.16783142089844 -208.56719970703125 -188.06939697265625 
v 36.326072692871094 -208.13241577148438 -188.0778350830078 
v 95.85228729248047 -196.1326904296875 -156.94326782226562 
v 89.95065307617188 -195.48052978515625 -188.06939697265625 
v 36.326072692871094 -195.35009765625 -179.94183349609375 
v 36.326072692871094 -195.35009765625 -188.0778350830078 
v 40.28252410888672 -530.9078979492188 -101.32472229003906 
v 33.84266662597656 -530.9078979492188 -101.32472229003906 
v 70.6594009399414 -503.3432922363281 -117.03971099853516 
v 72.98228454589844 -503.3432922363281 -117.03971099853516 
v 70.6594009399414 -503.12591552734375 -100.01654815673828 
v 72.5007095336914 -503.25634765625 -97.796875 
v 72.98228454589844 -494.51739501953125 -115.62181091308594 
v 72.39684295654297 -494.25653076171875 -96.84317016601562 
v 70.6594009399414 -494.51739501953125 -115.62181091308594 
v 70.6594009399414 -494.0826110839844 -99.16412353515625 
v 35.38180923461914 -476.2569274902344 -118.52511596679688 
v 33.36109161376953 -476.2569274902344 -118.52511596679688 
v 35.38180923461914 -476.16998291015625 -99.02909088134766 
v 34.078731536865234 -476.3873596191406 -99.33292388916016 
v 34.012630462646484 -482.34375 -99.67051696777344 
v 33.36109161376953 -482.3872375488281 -119.9430160522461 
v 35.39125442504883 -482.3872375488281 -119.9430160522461 
v 41.48173522949219 -467.03973388671875 -98.463623046875 
v 42.77537536621094 -466.8223571777344 -97.31580352783203 
v 35.04187774658203 -467.03973388671875 -98.463623046875 
v 33.84266662597656 -467.2136535644531 -98.13446807861328 
v 35.268497467041016 -466.3006286621094 -96.9360122680664 
v 35.32515335083008 -463.1268005371094 -96.69125366210938 
v 33.88987731933594 -462.1702880859375 -97.2398452758789 
v 41.53839111328125 -463.1268005371094 -95.96542358398438 
v 42.57707977294922 -462.1702880859375 -96.44649505615234 
v 41.64226150512695 -466.3006286621094 -96.20174407958984 
v 49.80067443847656 -512.69091796875 -100.22754669189453 
v 48.469268798828125 -513.1256713867188 -98.86872863769531 
v 56.240535736083984 -512.69091796875 -100.22754669189453 
v 57.83633804321289 -513.1256713867188 -98.8771743774414 
v 56.873191833496094 -514.0386962890625 -97.4845962524414 
v 56.835418701171875 -518.9081420898438 -97.67027282714844 
v 57.77968215942383 -519.8646850585938 -99.13880920410156 
v 49.281333923339844 -518.9081420898438 -97.67871856689453 
v 48.29930114746094 -519.8211669921875 -99.14724731445312 
v 49.40408706665039 -513.9952392578125 -97.47615814208984 
v 49.70624923706055 -520.1255493164062 -100.43854522705078 
v 56.13666534423828 -520.1255493164062 -100.43854522705078 
v 35.40069580078125 -461.9963684082031 -98.14290618896484 
v 41.55727767944336 -461.9963684082031 -97.08792877197266 
v 20.264192581176758 -542.8641357421875 -102.83545684814453 
v 26.704051971435547 -542.8641357421875 -102.83545684814453 
v 70.55553436279297 -476.16998291015625 -97.46772003173828 
v 64.12511444091797 -476.16998291015625 -97.46772003173828 
v 22.077173233032227 -461.6920471191406 -99.60299682617188 
v 20.764650344848633 -461.909423828125 -99.29916381835938 
v 28.50758934020996 -461.6920471191406 -99.60299682617188 
v 30.207260131835938 -461.909423828125 -99.29916381835938 
v 29.262998580932617 -462.8659362792969 -98.12602996826172 
v 29.338539123535156 -466.0397644042969 -98.37078094482422 
v 30.320571899414062 -466.51800537109375 -100.18534851074219 
v 21.62392807006836 -466.0397644042969 -98.91937255859375 
v 20.641895294189453 -466.9527893066406 -100.18534851074219 
v 21.708911895751953 -462.8659362792969 -98.67461395263672 
v 26.807920455932617 -503.12591552734375 -100.58202362060547 
v 28.186540603637695 -503.64764404296875 -100.16846466064453 
v 20.368061065673828 -503.12591552734375 -100.58202362060547 
v 19.168848037719727 -503.64764404296875 -100.16846466064453 
v 19.499340057373047 -502.6911315917969 -99.1219253540039 
v 19.537111282348633 -495.56085205078125 -98.36234283447266 
v 19.27271842956543 -494.6478271484375 -99.20632934570312 
v 27.110084533691406 -495.56085205078125 -97.9319076538086 
v 28.09211540222168 -494.6478271484375 -99.20632934570312 
v 27.242280960083008 -502.6911315917969 -98.68305206298828 
v 49.80067443847656 -531.603515625 -120.39032745361328 
v 47.9027099609375 -531.603515625 -120.39032745361328 
v 49.80067443847656 -530.9078979492188 -100.6495361328125 
v 48.45982360839844 -530.9513549804688 -100.2106704711914 
v 48.41261291503906 -542.9511108398438 -100.48074340820312 
v 47.9027099609375 -543.646728515625 -120.74479675292969 
v 49.80067443847656 -543.646728515625 -120.74479675292969 
v 56.240535736083984 -512.69091796875 -100.22754669189453 
v 57.83633804321289 -513.1256713867188 -98.8771743774414 
v 56.240535736083984 -513.2996215820312 -119.68138122558594 
v 58.13850021362305 -513.6473999023438 -119.68138122558594 
v 57.77968215942383 -519.8646850585938 -99.13880920410156 
v 58.034629821777344 -520.4298706054688 -120.03585052490234 
v 56.13666534423828 -520.1255493164062 -100.43854522705078 
v 56.13666534423828 -520.8211669921875 -120.03585052490234 
v 64.54058837890625 -482.1698303222656 -98.31170654296875 
v 63.34137725830078 -482.34375 -95.96542358398438 
v 64.54058837890625 -482.3872375488281 -114.20391845703125 
v 62.86924743652344 -482.3872375488281 -114.20391845703125 
v 62.86924743652344 -476.2569274902344 -112.777587890625 
v 63.454689025878906 -476.3873596191406 -95.63627624511719 
v 64.12511444091797 -476.16998291015625 -97.46772003173828 
v 27.431133270263672 -493.9087219238281 -100.37102508544922 
v 21.416189193725586 -493.6478576660156 -100.38790130615234 
v 22.426549911499023 -467.0832214355469 -100.37946319580078 
v 28.800312042236328 -466.1701965332031 -100.37946319580078 
v 70.55553436279297 -531.603515625 -118.1031265258789 
v 70.46110534667969 -520.8211669921875 -117.7486572265625 
v 70.55553436279297 -530.9078979492188 -100.6495361328125 
v 70.46110534667969 -520.1255493164062 -100.43854522705078 
v 64.12511444091797 -530.9078979492188 -100.6495361328125 
v 64.02124786376953 -520.1255493164062 -100.43854522705078 
v 64.02124786376953 -520.8211669921875 -117.7486572265625 
v 94.19038391113281 -227.1320037841797 -175.8738250732422 
v 94.19038391113281 -233.26229858398438 -175.8738250732422 
v 94.19038391113281 -227.1320037841797 -173.7047882080078 
v 94.19038391113281 -233.26229858398438 -173.7047882080078 
v 12.200202941894531 -512.7778930664062 -102.06742858886719 
v 5.7792277336120605 -512.4735107421875 -102.06742858886719 
v -36.495338439941406 -408.5627746582031 -111.60445404052734 
v -36.95802307128906 -408.5627746582031 -128.98208618164062 
v -32.41613006591797 -355.47698974609375 -111.13182067871094 
v -37.467926025390625 -355.47698974609375 -126.35729217529297 
v -37.4584846496582 -243.08816528320312 -107.40985107421875 
v -36.69363021850586 -407.9541015625 -154.31004333496094 
v -32.66163635253906 -407.82366943359375 -161.289794921875 
v -16.826379776000977 -381.91119384765625 -177.07229614257812 
v -5.920166015625 -387.95452880859375 -174.10147094726562 
v -4.56043004989624 -407.82366943359375 -161.82994079589844 
v -36.95802307128906 -215.43661499023438 -104.47278594970703 
v -36.92025375366211 -215.30618286132812 -28.5395450592041 
v -37.37350082397461 -243.08816528320312 -33.65408706665039 
v 64.12511444091797 -513.2996215820312 -117.39418029785156 
v 64.12511444091797 -512.69091796875 -100.22754669189453 
v 64.2289810180664 -503.3432922363281 -117.03971099853516 
v 64.2289810180664 -503.12591552734375 -100.01654815673828 
v 70.6594009399414 -503.12591552734375 -100.01654815673828 
v 70.55553436279297 -512.69091796875 -100.22754669189453 
v 70.6594009399414 -503.3432922363281 -117.03971099853516 
v 70.55553436279297 -513.2996215820312 -117.39418029785156 
v 110.94157409667969 -233.26229858398438 -38.59139633178711 
v 110.94157409667969 -233.26229858398438 -36.4307975769043 
v 94.19038391113281 -233.26229858398438 -38.59139633178711 
v 94.19038391113281 -233.26229858398438 -36.4307975769043 
v 94.19038391113281 -227.1320037841797 -36.4307975769043 
v 110.86603546142578 -227.1320037841797 -36.4307975769043 
v 110.86603546142578 -227.1320037841797 -38.59139633178711 
v 94.19038391113281 -227.1320037841797 -38.59139633178711 
v 96.83431243896484 -229.00152587890625 -38.59139633178711 
v 94.92691040039062 -229.00152587890625 -38.59139633178711 
v 94.19038391113281 -233.26229858398438 -38.59139633178711 
v 94.92691040039062 -231.1319122314453 -38.59139633178711 
v 110.94157409667969 -233.26229858398438 -38.59139633178711 
v 96.83431243896484 -231.1319122314453 -38.59139633178711 
v 64.02124786376953 -520.1255493164062 -100.43854522705078 
v 62.623741149902344 -519.8211669921875 -99.14724731445312 
v 64.02124786376953 -520.8211669921875 -117.7486572265625 
v 62.12328338623047 -520.3864135742188 -117.7486572265625 
v 62.227149963378906 -513.6039428710938 -117.39418029785156 
v 62.784263610839844 -513.1256713867188 -98.86872863769531 
v 64.12511444091797 -512.69091796875 -100.22754669189453 
v -5.920166015625 -387.95452880859375 -174.10147094726562 
v -2.501940965652466 -385.34588623046875 -177.07229614257812 
v 36.326072692871094 -381.91119384765625 -177.07229614257812 
v 75.16352844238281 -385.34588623046875 -177.07229614257812 
v 78.57231140136719 -387.95452880859375 -174.10147094726562 
v 70.55553436279297 -466.9093017578125 -111.35969543457031 
v 72.65179443359375 -466.9093017578125 -111.35969543457031 
v 70.55553436279297 -467.03973388671875 -96.61529541015625 
v 72.36851501464844 -466.8223571777344 -95.04548645019531 
v 72.65179443359375 -461.6920471191406 -109.94180297851562 
v 72.25520324707031 -462.1702880859375 -94.1593017578125 
v 70.55553436279297 -461.6920471191406 -109.94180297851562 
v 70.55553436279297 -461.9963684082031 -94.75009155273438 
v 40.71688461303711 -543.646728515625 -124.19669342041016 
v 42.60540771484375 -543.646728515625 -124.19669342041016 
v 40.71688461303711 -542.8641357421875 -101.53572082519531 
v 42.104949951171875 -542.9511108398438 -101.14749145507812 
v 42.60540771484375 -531.603515625 -123.84221649169922 
v 42.057735443115234 -530.9513549804688 -100.88585662841797 
v 40.28252410888672 -531.603515625 -123.84221649169922 
v 40.28252410888672 -530.9078979492188 -101.32472229003906 
v 4.938835620880127 -530.6904907226562 -103.73851776123047 
v 11.369253158569336 -530.9513549804688 -103.73851776123047 
v 13.512725830078125 -481.6481018066406 -101.012451171875 
v 6.846242904663086 -481.5611572265625 -101.012451171875 
v 26.704051971435547 -512.69091796875 -100.79301452636719 
v 20.264192581176758 -512.69091796875 -100.79301452636719 
v 76.268310546875 -159.17698669433594 -201.54782104492188 
v 97.28755950927734 -159.17698669433594 -198.2478485107422 
v 119.32661437988281 -159.17698669433594 -208.78076171875 
v 121.45120239257812 -159.17698669433594 -169.77183532714844 
v 136.3988494873047 -159.17698669433594 -169.77183532714844 
v 143.50914001464844 -166.30726623535156 -169.77183532714844 
v -33.87973403930664 -662.8180541992188 -145.3216094970703 
v -33.38871765136719 -663.513671875 -145.69296264648438 
v -34.767337799072266 -663.1658325195312 -145.65077209472656 
v -34.40851974487305 -663.9049682617188 -146.07275390625 
v 64.12511444091797 -563.6897583007812 -118.70235443115234 
v 64.12511444091797 -562.7332763671875 -102.61602020263672 
v 64.12511444091797 -543.646728515625 -118.45760345458984 
v 64.12511444091797 -542.8641357421875 -100.86053466796875 
v 70.55553436279297 -542.8641357421875 -100.86053466796875 
v 70.55553436279297 -562.7332763671875 -102.61602020263672 
v 70.55553436279297 -543.646728515625 -118.45760345458984 
v 70.55553436279297 -563.6897583007812 -118.70235443115234 
v -17.13798713684082 -648.1661987304688 -136.2656707763672 
v -17.128543853759766 -649.2531127929688 -137.3628387451172 
v -17.24185562133789 -648.296630859375 -135.75083923339844 
v -17.610116958618164 -649.5139770507812 -136.5863800048828 
v 64.64445495605469 -494.51739501953125 -115.62181091308594 
v 64.64445495605469 -494.0826110839844 -99.16412353515625 
v 64.54058837890625 -482.3872375488281 -114.20391845703125 
v 64.54058837890625 -482.1698303222656 -98.31170654296875 
v 70.55553436279297 -482.1698303222656 -98.31170654296875 
v 70.6594009399414 -494.0826110839844 -99.16412353515625 
v 70.55553436279297 -482.3872375488281 -114.20391845703125 
v 70.6594009399414 -494.51739501953125 -115.62181091308594 
v 35.39125442504883 -482.1698303222656 -98.98689270019531 
v 41.4156379699707 -482.1698303222656 -98.98689270019531 
v 64.12511444091797 -467.03973388671875 -96.61529541015625 
v 62.68983840942383 -467.2136535644531 -95.04548645019531 
v 64.12511444091797 -466.9093017578125 -111.35969543457031 
v 62.53875732421875 -466.9093017578125 -111.35969543457031 
v 62.53875732421875 -461.6920471191406 -109.94180297851562 
v 62.812591552734375 -462.1702880859375 -94.1593017578125 
v 64.12511444091797 -461.9963684082031 -94.75009155273438 
v 50.21615219116211 -482.1698303222656 -98.31170654296875 
v 56.240535736083984 -482.1698303222656 -98.31170654296875 
v 7.478897571563721 -466.21368408203125 -100.53137969970703 
v 6.015293121337891 -466.25714111328125 -99.74647521972656 
v 7.488340377807617 -466.083251953125 -114.51619720458984 
v 5.91142463684082 -465.95281982421875 -114.51619720458984 
v 6.42132568359375 -460.73553466796875 -113.09830474853516 
v 6.647948265075684 -461.25726318359375 -98.86872863769531 
v 7.526110649108887 -461.1703186035156 -100.12626647949219 
v 35.04187774658203 -467.03973388671875 -98.463623046875 
v 33.84266662597656 -467.2136535644531 -98.13446807861328 
v 35.04187774658203 -466.9093017578125 -117.10722351074219 
v 33.40830612182617 -466.9093017578125 -117.10722351074219 
v 33.40830612182617 -461.6920471191406 -115.6893310546875 
v 33.88987731933594 -462.1702880859375 -97.2398452758789 
v 35.40069580078125 -461.9963684082031 -98.14290618896484 
v 21.992189407348633 -476.73516845703125 -101.23188781738281 
v 20.556913375854492 -476.16998291015625 -100.44698333740234 
v 28.365951538085938 -475.8221435546875 -101.23188781738281 
v 29.083589553833008 -476.561279296875 -100.44698333740234 
v 28.432048797607422 -477.47430419921875 -99.20632934570312 
v 28.337623596191406 -481.6046447753906 -99.4342041015625 
v 28.93250846862793 -482.5611267089844 -100.76769256591797 
v 20.547470092773438 -481.2568359375 -99.4342041015625 
v 20.16976547241211 -482.1698303222656 -100.76769256591797 
v 20.821306228637695 -477.12646484375 -99.20632934570312 
v -5.7690839767456055 -650.3400268554688 -141.7431182861328 
v -5.872952938079834 -649.340087890625 -141.6080780029297 
v -5.948493480682373 -650.3400268554688 -142.58709716796875 
v -6.080690383911133 -649.383544921875 -142.59555053710938 
v 21.850549697875977 -481.69158935546875 -100.30350494384766 
v 27.86549186706543 -481.95245361328125 -100.28662872314453 
v -31.821245193481445 -663.1223754882812 -143.1188201904297 
v -32.519996643066406 -662.513671875 -143.08505249023438 
v -32.05731201171875 -663.3397827148438 -142.2157440185547 
v -32.72773742675781 -662.6876220703125 -142.30859375 
v -35.673828125 -664.2962646484375 -144.80677795410156 
v -35.90045166015625 -663.8179931640625 -144.7392578125 
v -36.0232048034668 -664.5136108398438 -144.4101104736328 
v -36.24982833862305 -663.991943359375 -144.34259033203125 
v 33.74823760986328 -520.1255493164062 -101.11373138427734 
v 32.77565002441406 -519.8211669921875 -99.82243347167969 
v 33.74823760986328 -520.8211669921875 -123.48774719238281 
v 32.28463363647461 -520.3864135742188 -123.48774719238281 
v 32.379058837890625 -513.6039428710938 -123.13327026367188 
v 32.94561767578125 -513.1256713867188 -99.53547668457031 
v 34.27702331542969 -512.8213500976562 -100.05030822753906 
v -17.912281036376953 -647.9487915039062 -156.014892578125 
v -16.184282302856445 -649.1661376953125 -156.5212860107422 
v -17.921722412109375 -647.9053344726562 -156.3187255859375 
v -16.47700309753418 -649.2531127929688 -157.13739013671875 
v 40.14088439941406 -560.6898193359375 -125.61458587646484 
v 40.71688461303711 -543.646728515625 -124.19669342041016 
v 40.14088439941406 -563.472412109375 -103.28276824951172 
v 40.71688461303711 -542.8641357421875 -101.53572082519531 
v 33.71046829223633 -563.472412109375 -103.28276824951172 
v 34.27702331542969 -542.8641357421875 -101.53572082519531 
v 34.27702331542969 -543.646728515625 -124.19669342041016 
v -67.71260833740234 -198.69784545898438 -116.49111938476562 
v -64.84204864501953 -198.00221252441406 -72.24947357177734 
v -47.44876480102539 -217.30613708496094 -28.775861740112305 
v -49.59223556518555 -199.78477478027344 -24.05799102783203 
v 98.21293640136719 -159.17698669433594 -169.77183532714844 
v 97.3536605834961 -70.35285949707031 -165.77134704589844 
v 121.45120239257812 -159.17698669433594 -169.77183532714844 
v 124.12345886230469 -70.35285949707031 -165.12991333007812 
v 138.0701904296875 -72.39629364013672 -166.6490936279297 
v 34.27702331542969 -542.8641357421875 -101.53572082519531 
v 32.879520416259766 -542.9511108398438 -101.14749145507812 
v 34.27702331542969 -543.646728515625 -124.19669342041016 
v 32.379058837890625 -543.646728515625 -124.19669342041016 
v 32.379058837890625 -531.603515625 -123.84221649169922 
v 32.93617248535156 -530.9513549804688 -100.88585662841797 
v 33.84266662597656 -530.9078979492188 -101.32472229003906 
v 168.01271057128906 -61.39653396606445 -103.55284118652344 
v 174.60365295410156 -21.09307861328125 -86.34400939941406 
v 172.4035186767578 -3.6152031421661377 -90.40357208251953 
v 185.25491333007812 52.94876480102539 -73.86148834228516 
v 174.65086364746094 13.906148910522461 -87.75346374511719 
v 174.31092834472656 30.036226272583008 -94.91044616699219 
v 174.31092834472656 15.036558151245117 -91.47543334960938 
v 173.1494903564453 -1.267428994178772 -94.01582336425781 
v 181.19459533691406 -61.39653396606445 -77.92105102539062 
v 26.704051971435547 -512.69091796875 -100.79301452636719 
v 28.29985237121582 -513.1256713867188 -100.56513977050781 
v 26.704051971435547 -513.2996215820312 -117.39418029785156 
v 28.60201644897461 -513.6473999023438 -117.39418029785156 
v 28.243196487426758 -519.8646850585938 -100.8183364868164 
v 28.49814796447754 -520.4298706054688 -117.7486572265625 
v 26.600183486938477 -520.1690063476562 -101.83111572265625 
v 26.600183486938477 -520.8211669921875 -117.7486572265625 
v 25.278217315673828 -562.1245727539062 -122.5509262084961 
v 26.704051971435547 -543.646728515625 -118.45760345458984 
v 26.090282440185547 -562.7332763671875 -103.71320343017578 
v 26.704051971435547 -542.8641357421875 -102.83545684814453 
v 19.65986442565918 -562.7332763671875 -103.71320343017578 
v 20.264192581176758 -542.8641357421875 -102.83545684814453 
v 20.264192581176758 -543.646728515625 -118.45760345458984 
v 118.31625366210938 -575.4286499023438 -169.77183532714844 
v 121.4134292602539 -523.2993774414062 -169.77183532714844 
v 117.84412384033203 -575.4286499023438 -138.12242126464844 
v 121.13959503173828 -523.2993774414062 -138.12242126464844 
v 99.49713134765625 -575.2982177734375 -112.78602600097656 
v 101.65949249267578 -523.2993774414062 -111.73948669433594 
v 94.32257843017578 -575.55908203125 -110.13591766357422 
v 83.59577941894531 -576.080810546875 -104.63314056396484 
v 104.40728759765625 -471.86572265625 -105.40960693359375 
v 76.268310546875 -524.255859375 -95.22272491455078 
v 81.11237335205078 -576.2112426757812 -103.3671646118164 
v 111.5931167602539 -430.2144775390625 -107.78964233398438 
v 75.08798217773438 -420.17120361328125 -83.5588607788086 
v 76.268310546875 -524.255859375 -100.49761962890625 
v 77.76024627685547 -575.7764892578125 -99.96591186523438 
v 74.17205047607422 -575.7764892578125 -104.71754455566406 
v 133.40554809570312 -430.2144775390625 -138.12242126464844 
v 139.1466522216797 -430.2144775390625 -169.77183532714844 
v 122.20661163330078 -408.2149658203125 -107.07225799560547 
v 76.99539184570312 -410.041015625 -82.30976867675781 
v 75.040771484375 -417.6060485839844 -83.07778930664062 
v 36.326072692871094 -410.041015625 -82.36040496826172 
v 36.326072692871094 -414.0409240722656 -83.01871490478516 
v -3.616168975830078 -415.823486328125 -90.72428894042969 
v -1.5104669332504272 -418.9103698730469 -94.86824798583984 
v -3.616168975830078 -524.255859375 -106.61650848388672 
v -13.389270782470703 -524.255859375 -110.21187591552734 
v -14.003040313720703 -576.2112426757812 -110.28783416748047 
v -13.021008491516113 -576.2112426757812 -115.73997497558594 
v -13.389270782470703 -418.9103698730469 -99.60299682617188 
v -12.416681289672852 -524.255859375 -115.1323013305664 
v -12.416681289672852 -418.9103698730469 -104.52342224121094 
v 13.059480667114258 -524.255859375 -115.3348617553711 
v -1.5104669332504272 -418.9103698730469 -104.4559097290039 
v 39.810394287109375 -524.255859375 -116.778076171875 
v 39.810394287109375 -418.08428955078125 -99.20632934570312 
v 73.32221984863281 -524.255859375 -114.12796020507812 
v 69.50740051269531 -420.4755554199219 -98.52269744873047 
v 81.16902923583984 -524.255859375 -114.43180084228516 
v 80.75354766845703 -420.4755554199219 -101.3162841796875 
v 77.78857421875 -524.255859375 -106.10167694091797 
v 80.76299285888672 -420.2146911621094 -93.93142700195312 
v 73.80378723144531 -420.2146911621094 -85.87982177734375 
v 73.76602172851562 -415.823486328125 -85.50846862792969 
v 36.326072692871094 -414.9974060058594 -89.97314453125 
v 13.059480667114258 -576.3851318359375 -123.27674865722656 
v 39.810394287109375 -576.3851318359375 -125.73274230957031 
v 73.32221984863281 -576.3851318359375 -117.93433380126953 
v 77.85466766357422 -576.2112426757812 -116.49955749511719 
v 78.0340805053711 -576.2112426757812 -111.99268341064453 
v 21.39730453491211 -495.03912353515625 -115.6977767944336 
v 21.416189193725586 -493.6478576660156 -100.38790130615234 
v 21.841108322143555 -482.865478515625 -115.05634307861328 
v 21.850549697875977 -481.69158935546875 -100.30350494384766 
v 27.86549186706543 -481.95245361328125 -100.28662872314453 
v 27.431133270263672 -493.9087219238281 -100.37102508544922 
v 27.846607208251953 -483.1698303222656 -115.03946685791016 
v 27.412246704101562 -495.29998779296875 -115.68089294433594 
v 69.50740051269531 -415.823486328125 -93.63603210449219 
v 69.50740051269531 -415.823486328125 -98.52269744873047 
v 69.50740051269531 -420.4755554199219 -93.63603210449219 
v 70.46110534667969 -520.1255493164062 -100.43854522705078 
v 72.10411834716797 -519.8646850585938 -99.13880920410156 
v 64.02124786376953 -520.1255493164062 -100.43854522705078 
v 62.623741149902344 -519.8211669921875 -99.14724731445312 
v 63.605770111083984 -518.9081420898438 -97.2651596069336 
v 63.71908187866211 -513.9952392578125 -97.06260681152344 
v 62.784263610839844 -513.1256713867188 -98.86872863769531 
v 71.18818664550781 -514.0386962890625 -97.071044921875 
v 72.16077423095703 -513.1256713867188 -98.8771743774414 
v 71.1504135131836 -518.9081420898438 -97.25672149658203 
v 20.16976547241211 -520.1690063476562 -101.83111572265625 
v 18.7628173828125 -519.8211669921875 -100.83521270751953 
v 20.16976547241211 -520.8211669921875 -117.7486572265625 
v 18.271800994873047 -520.3864135742188 -117.7486572265625 
v 18.366226196289062 -513.6039428710938 -117.39418029785156 
v 18.932783126831055 -513.1256713867188 -100.54826354980469 
v 20.264192581176758 -512.69091796875 -100.79301452636719 
v 64.12511444091797 -476.2569274902344 -112.777587890625 
v 64.12511444091797 -476.16998291015625 -97.46772003173828 
v 64.12511444091797 -466.9093017578125 -111.35969543457031 
v 64.12511444091797 -467.03973388671875 -96.61529541015625 
v 70.55553436279297 -467.03973388671875 -96.61529541015625 
v 70.55553436279297 -476.16998291015625 -97.46772003173828 
v 70.55553436279297 -466.9093017578125 -111.35969543457031 
v 70.55553436279297 -476.2569274902344 -112.777587890625 
v 27.431133270263672 -493.9087219238281 -100.37102508544922 
v 28.09211540222168 -494.6478271484375 -99.20632934570312 
v 27.412246704101562 -495.29998779296875 -115.68089294433594 
v 29.121360778808594 -494.51739501953125 -115.62181091308594 
v 28.186540603637695 -503.64764404296875 -100.16846466064453 
v 29.121360778808594 -503.3432922363281 -117.03971099853516 
v 26.807920455932617 -503.12591552734375 -100.58202362060547 
v 26.807920455932617 -503.3432922363281 -117.03971099853516 
v 9.867877960205078 -563.7332763671875 -121.8841781616211 
v 9.915091514587402 -562.7767333984375 -104.05923461914062 
v 3.4374606609344482 -563.4288940429688 -121.8841781616211 
v 3.4846737384796143 -562.472412109375 -104.05923461914062 
v 137.0126190185547 -407.432373046875 -169.77183532714844 
v 136.72933959960938 -407.432373046875 -138.12242126464844 
v -3.616168975830078 -576.3851318359375 -106.68402099609375 
v -3.616168975830078 -524.255859375 -101.34160614013672 
v -3.616168975830078 -576.3851318359375 -101.40912628173828 
v -14.645137786865234 -575.9069213867188 -107.30013275146484 
v -25.305843353271484 -523.7776489257812 -111.73948669433594 
v -20.159622192382812 -575.6895141601562 -110.51570892333984 
v -25.67410659790039 -575.4286499023438 -113.72284698486328 
v -41.51880645751953 -575.4286499023438 -136.21502685546875 
v -44.73873519897461 -522.4733276367188 -138.12242126464844 
v -45.74909591674805 -575.4286499023438 -151.64305114746094 
v -44.94647216796875 -575.4286499023438 -167.06263732910156 
v -24.21994400024414 -430.5622863769531 -107.78964233398438 
v -4.343249797821045 -408.2149658203125 -86.698486328125 
v -41.93428039550781 -408.2149658203125 -110.97990417480469 
v -55.4466552734375 -430.2144775390625 -138.12242126464844 
v -48.761287689208984 -523.2993774414062 -169.77183532714844 
v -59.99799346923828 -407.2149658203125 -139.10145568847656 
v -64.36048126220703 -407.432373046875 -169.77183532714844 
v -61.02723693847656 -430.2144775390625 -169.77183532714844 
v 40.82075500488281 -503.2998046875 -99.738037109375 
v 42.652618408203125 -503.3432922363281 -99.0712890625 
v 34.38089370727539 -503.2998046875 -99.738037109375 
v 33.634925842285156 -503.3432922363281 -99.0712890625 
v 33.95597457885742 -502.2998352050781 -98.1007080078125 
v 33.99374771118164 -495.1260681152344 -97.89814758300781 
v 33.73879623413086 -494.25653076171875 -98.8180923461914 
v 41.57616424560547 -495.0826110839844 -97.46772003173828 
v 42.55819320678711 -494.25653076171875 -98.8180923461914 
v 41.70835876464844 -502.25634765625 -97.66183471679688 
v 52.23686981201172 -629.9057006835938 -156.6647491455078 
v 57.647483825683594 -631.2534790039062 -126.45857238769531 
v 47.203956604003906 -639.1229248046875 -101.3753662109375 
v 29.055261611938477 -649.86181640625 -85.15399169921875 
v 25.278217315673828 -562.1245727539062 -122.5509262084961 
v 26.090282440185547 -562.7332763671875 -103.71320343017578 
v 18.83835792541504 -562.1245727539062 -122.5509262084961 
v 19.65986442565918 -562.7332763671875 -103.71320343017578 
v 41.17957305908203 -494.0826110839844 -99.83931732177734 
v 35.155189514160156 -494.0826110839844 -99.83931732177734 
v 70.55553436279297 -448.5184020996094 -93.89766693115234 
v 70.55553436279297 -448.0836486816406 -105.2070541381836 
v 64.54058837890625 -448.5184020996094 -93.89766693115234 
v 64.54058837890625 -448.0836486816406 -105.2070541381836 
v 56.34440612792969 -503.12591552734375 -100.01654815673828 
v 49.904544830322266 -503.12591552734375 -100.01654815673828 
v 41.17957305908203 -494.0826110839844 -99.83931732177734 
v 42.55819320678711 -494.25653076171875 -98.8180923461914 
v 41.17957305908203 -494.51739501953125 -121.36090850830078 
v 43.134193420410156 -494.51739501953125 -121.36090850830078 
v 42.652618408203125 -503.3432922363281 -99.0712890625 
v 43.134193420410156 -503.3432922363281 -122.77880096435547 
v 40.82075500488281 -503.2998046875 -99.738037109375 
v 40.82075500488281 -503.3432922363281 -122.77880096435547 
v 56.240535736083984 -461.6920471191406 -112.22899627685547 
v 56.240535736083984 -448.0836486816406 -105.17329406738281 
v 56.240535736083984 -461.9963684082031 -95.41683959960938 
v 56.240535736083984 -448.5184020996094 -94.24369812011719 
v 49.80067443847656 -461.9963684082031 -95.41683959960938 
v 50.21615219116211 -448.5184020996094 -94.24369812011719 
v 50.21615219116211 -448.0836486816406 -105.17329406738281 
v 27.846607208251953 -483.1698303222656 -115.03946685791016 
v 29.404638290405273 -482.6481018066406 -114.20391845703125 
v 27.86549186706543 -481.95245361328125 -100.28662872314453 
v 28.93250846862793 -482.5611267089844 -100.76769256591797 
v 29.67847442626953 -476.47430419921875 -112.777587890625 
v 29.083589553833008 -476.561279296875 -100.44698333740234 
v 28.37539291381836 -475.90911865234375 -112.777587890625 
v 28.365951538085938 -475.8221435546875 -101.23188781738281 
v 94.19038391113281 -227.1320037841797 -173.7047882080078 
v 99.1099853515625 -227.1320037841797 -173.7047882080078 
v 94.19038391113281 -227.1320037841797 -175.8738250732422 
v 99.1099853515625 -227.1320037841797 -175.8738250732422 
v 102.51876831054688 -233.26229858398438 -175.8738250732422 
v 94.19038391113281 -233.26229858398438 -175.8738250732422 
v 94.19038391113281 -233.26229858398438 -173.7047882080078 
v 102.51876831054688 -233.26229858398438 -173.7047882080078 
v 94.92691040039062 -231.1319122314453 -173.7047882080078 
v 94.92691040039062 -229.00152587890625 -173.7047882080078 
v 94.19038391113281 -227.1320037841797 -173.7047882080078 
v 96.83431243896484 -229.00152587890625 -173.7047882080078 
v 99.1099853515625 -227.1320037841797 -173.7047882080078 
v 96.83431243896484 -231.1319122314453 -173.7047882080078 
v 64.12511444091797 -512.69091796875 -100.22754669189453 
v 70.55553436279297 -512.69091796875 -100.22754669189453 
v 118.31625366210938 -575.4286499023438 -169.77183532714844 
v 108.22210693359375 -575.3416748046875 -183.2249298095703 
v 98.1279525756836 -575.2547607421875 -196.6696014404297 
v 80.37584686279297 -575.8634033203125 -209.32936096191406 
v 73.5771713256836 -567.5158081054688 -212.3170623779297 
v 74.27592468261719 -575.8634033203125 -210.22398376464844 
v 71.83972930908203 -575.8634033203125 -208.68792724609375 
v 33.20056915283203 -574.6895141601562 -209.27027893066406 
v -1.1422051191329956 -575.8634033203125 -208.68792724609375 
v -39.516971588134766 -684.5567016601562 -80.47831726074219 
v -7.7237043380737305 -668.9918212890625 -91.1378402709961 
v -38.39330291748047 -680.0784912109375 -80.77371215820312 
v -8.715178489685059 -666.5570678710938 -90.35293579101562 
v -37.07133483886719 -677.730712890625 -85.50846862792969 
v -35.352779388427734 -676.3394775390625 -90.2685317993164 
v -42.803001403808594 -680.0350341796875 -86.97699737548828 
v -41.74542999267578 -679.1220092773438 -88.97724151611328 
v -36.58976364135742 -692.1652221679688 -94.4124984741211 
v -30.19711685180664 -689.4261474609375 -95.70378875732422 
v 21.14235496520996 -650.2965698242188 -94.4124984741211 
v -9.385603904724121 -666.3831787109375 -93.86390686035156 
v -29.83829689025879 -672.383056640625 -102.2953109741211 
v -23.927223205566406 -685.556640625 -103.95795440673828 
v -6.401739120483398 -678.8176879882812 -110.99678039550781 
v 0.34972721338272095 -658.4702758789062 -112.55815124511719 
v -12.312812805175781 -665.6005859375 -109.33413696289062 
v 6.260801315307617 -671.6439208984375 -114.2208023071289 
v 20.434158325195312 -664.55712890625 -111.3090591430664 
v 14.52308464050293 -651.3834838867188 -109.64640808105469 
v 31.708635330200195 -660.948486328125 -99.69583892822266 
v 25.797561645507812 -647.77490234375 -98.03318786621094 
v 24.87218475341797 -649.0792236328125 -90.72428894042969 
v 25.863658905029297 -651.427001953125 -91.25599670410156 
v 23.1914005279541 -652.8616943359375 -95.17208099365234 
v 24.91939926147461 -653.600830078125 -97.33267974853516 
v 28.649229049682617 -652.3834838867188 -93.64447021484375 
v -41.3016242980957 -680.774169921875 -82.41948699951172 
v -34.06858444213867 -663.9049682617188 -142.1651153564453 
v -33.54924392700195 -663.6441040039062 -142.37611389160156 
v -34.61625671386719 -663.991943359375 -143.59144592285156 
v -33.199867248535156 -663.47021484375 -142.7727813720703 
v -33.06766891479492 -663.3397827148438 -143.29605102539062 
v -33.16209411621094 -663.2962646484375 -143.8615264892578 
v -33.4831428527832 -663.3832397460938 -144.38479614257812 
v -33.974159240722656 -663.55712890625 -144.78990173339844 
v -34.559600830078125 -663.7745361328125 -145.00933837890625 
v -35.1639289855957 -664.035400390625 -145.0177764892578 
v -35.673828125 -664.2962646484375 -144.80677795410156 
v -36.0232048034668 -664.5136108398438 -144.4101104736328 
v -36.16484451293945 -664.64404296875 -143.8868408203125 
v -36.060977935791016 -664.6875610351562 -143.3213653564453 
v -35.73992919921875 -664.6005859375 -142.798095703125 
v -35.2489128112793 -664.4266967773438 -142.3929901123047 
v -34.66347122192383 -664.1658325195312 -142.17355346679688 
v 82.21715545654297 -576.124267578125 -118.28880310058594 
v 82.21715545654297 -557.2986450195312 -118.28880310058594 
v 80.9329605102539 -576.124267578125 -112.10240173339844 
v 80.9329605102539 -557.2986450195312 -112.10240173339844 
v 83.43524932861328 -575.9938354492188 -110.54103088378906 
v 83.43524932861328 -557.168212890625 -110.54103088378906 
v 94.2753677368164 -575.515625 -112.0602035522461 
v 94.2753677368164 -556.68994140625 -112.0602035522461 
v 111.7630844116211 -575.4286499023438 -138.67945861816406 
v 111.7630844116211 -556.6029663085938 -138.67945861816406 
v 112.12190246582031 -575.4286499023438 -163.2140655517578 
v 112.12190246582031 -556.6029663085938 -163.2140655517578 
v 102.41490173339844 -575.3416748046875 -182.2543487548828 
v 102.41490173339844 -556.5160522460938 -182.2543487548828 
v 92.18855285644531 -575.2982177734375 -195.24327087402344 
v 92.18855285644531 -556.4725341796875 -195.24327087402344 
v 75.89060974121094 -575.8199462890625 -200.61944580078125 
v 75.89060974121094 -556.9942626953125 -200.61944580078125 
v 61.29233169555664 -576.3851318359375 -194.7115478515625 
v 61.29233169555664 -557.5595092773438 -194.7115478515625 
v 35.05131912231445 -576.3851318359375 -194.79595947265625 
v 35.05131912231445 -557.5595092773438 -194.79595947265625 
v 0.8785133957862854 -576.3851318359375 -194.7115478515625 
v 0.8785133957862854 -557.5595092773438 -194.7115478515625 
v -6.392296314239502 -575.8199462890625 -200.9317169189453 
v -6.392296314239502 -556.9942626953125 -200.9317169189453 
v -13.587565422058105 -575.2982177734375 -194.3064422607422 
v -13.587565422058105 -556.4725341796875 -194.3064422607422 
v -40.489559173583984 -575.4286499023438 -163.2140655517578 
v -40.489559173583984 -556.6029663085938 -163.2140655517578 
v -42.20811462402344 -575.4286499023438 -149.94664001464844 
v -42.20811462402344 -556.6029663085938 -149.94664001464844 
v -38.874874114990234 -575.4286499023438 -136.6707763671875 
v -38.874874114990234 -556.6029663085938 -136.6707763671875 
v -23.81391143798828 -575.4286499023438 -116.55863952636719 
v -23.81391143798828 -556.6029663085938 -116.55863952636719 
v -18.90375518798828 -575.8199462890625 -113.42745971679688 
v -18.90375518798828 -556.9942626953125 -113.42745971679688 
v -14.975628852844238 -576.2112426757812 -120.00209045410156 
v -14.975628852844238 -557.4290771484375 -120.00209045410156 
v 7.847159385681152 -576.124267578125 -125.74962615966797 
v 7.847159385681152 -557.2986450195312 -125.74962615966797 
v 17.72412872314453 -576.124267578125 -128.10433959960938 
v 17.72412872314453 -557.2986450195312 -128.10433959960938 
v 38.45065689086914 -576.124267578125 -130.83885192871094 
v 38.45065689086914 -557.2986450195312 -130.83885192871094 
v 64.77665710449219 -576.124267578125 -124.96471405029297 
v 64.77665710449219 -557.2986450195312 -124.96471405029297 
v 2.2193639278411865 -557.5159912109375 -181.43568420410156 
v 3.645198106765747 -557.4725341796875 -167.2989501953125 
v 35.712303161621094 -557.5159912109375 -182.4822235107422 
v 36.401611328125 -557.4725341796875 -169.37515258789062 
v 61.9627571105957 -557.5159912109375 -181.2837677001953 
v 62.680397033691406 -557.4725341796875 -166.98667907714844 
v 63.38859176635742 -557.3855590820312 -152.68959045410156 
v 64.10623168945312 -557.3421020507812 -138.40093994140625 
v 6.5063090324401855 -557.3421020507812 -139.033935546875 
v 37.79911804199219 -557.3421020507812 -143.15257263183594 
v 7.809389114379883 -557.3855590820312 -153.16221618652344 
v 37.100364685058594 -557.3855590820312 -156.2596435546875 
v -17.232412338256836 -664.122314453125 -139.98764038085938 
v -19.781917572021484 -658.4268188476562 -139.27024841308594 
v -20.159622192382812 -665.4266357421875 -140.08047485351562 
v -22.709125518798828 -659.7311401367188 -139.3630828857422 
v -22.88853645324707 -666.4700927734375 -141.38864135742188 
v -25.438039779663086 -660.7745971679688 -140.6712646484375 
v -25.003681182861328 -667.1222534179688 -143.70115661621094 
v -27.553184509277344 -661.4267578125 -142.98377990722656 
v -26.174564361572266 -667.2962036132812 -146.67198181152344 
v -28.724069595336914 -661.6006469726562 -145.95460510253906 
v -26.24066162109375 -666.9049072265625 -149.8538055419922 
v -28.7901668548584 -661.2093505859375 -149.13641357421875 
v -25.183090209960938 -666.0787963867188 -152.75711059570312 
v -27.732595443725586 -660.38330078125 -152.0397186279297 
v -23.152929306030273 -664.9049072265625 -154.93458557128906 
v -25.702434539794922 -659.2094116210938 -154.22564697265625 
v -20.480670928955078 -663.55712890625 -156.06552124023438 
v -23.020732879638672 -657.8616333007812 -155.35658264160156 
v -17.5534610748291 -662.2528076171875 -155.97268676757812 
v -20.10296630859375 -656.5573120117188 -155.25531005859375 
v -14.824546813964844 -661.2093505859375 -154.67295837402344 
v -17.374052047729492 -655.5138549804688 -153.95556640625 
v -12.709402084350586 -660.5571899414062 -152.3520050048828 
v -15.258907318115234 -654.8616943359375 -151.64305114746094 
v -11.52907657623291 -660.38330078125 -149.3811798095703 
v -14.078580856323242 -654.687744140625 -148.66378784179688 
v -11.472420692443848 -660.7745971679688 -146.19935607910156 
v -14.02192497253418 -655.0790405273438 -145.48196411132812 
v -12.529993057250977 -661.6006469726562 -143.29605102539062 
v -15.079497337341309 -655.9051513671875 -142.58709716796875 
v -14.56015396118164 -662.7745361328125 -141.1185760498047 
v -17.100215911865234 -657.0790405273438 -140.40118408203125 
v -33.25652313232422 -662.991943359375 -141.71780395507812 
v -33.77586364746094 -663.1658325195312 -142.31703186035156 
v -34.0213737487793 -663.3832397460938 -141.40553283691406 
v -34.29520797729492 -663.4266967773438 -142.1060333251953 
v -34.90897750854492 -663.7745361328125 -141.41397094726562 
v -34.89009475708008 -663.6875610351562 -142.11447143554688 
v -35.79658508300781 -664.122314453125 -141.7431182861328 
v -35.47553634643555 -663.9049682617188 -142.3339080810547 
v -36.52366638183594 -664.3831787109375 -142.34234619140625 
v -35.966552734375 -664.078857421875 -142.739013671875 
v -37.0052375793457 -664.5136108398438 -143.12725830078125 
v -36.287601470947266 -664.1658325195312 -143.2622833251953 
v -37.15631866455078 -664.4701538085938 -143.9712371826172 
v -36.3914680480957 -664.122314453125 -143.8277587890625 
v -37.18464660644531 -664.3831787109375 -144.80677795410156 
v -36.24982833862305 -663.991943359375 -144.34259033203125 
v -36.66530227661133 -664.078857421875 -145.406005859375 
v -35.90045166015625 -663.8179931640625 -144.7392578125 
v -35.654945373535156 -663.6006469726562 -145.65921020507812 
v -35.381107330322266 -663.55712890625 -144.95025634765625 
v -34.767337799072266 -663.1658325195312 -145.65077209472656 
v -34.786224365234375 -663.2962646484375 -144.95025634765625 
v -33.87973403930664 -662.8180541992188 -145.3216094970703 
v -34.200782775878906 -663.035400390625 -144.73081970214844 
v -33.152652740478516 -662.5571899414062 -144.7139434814453 
v -33.70976638793945 -662.8615112304688 -144.32571411132812 
v -32.67108154296875 -662.47021484375 -143.9290313720703 
v -33.38871765136719 -662.8180541992188 -143.8024444580078 
v -32.519996643066406 -662.513671875 -143.08505249023438 
v -33.28485107421875 -662.8180541992188 -143.23696899414062 
v -32.72773742675781 -662.6876220703125 -142.30859375 
v -33.42648696899414 -662.948486328125 -142.7136993408203 
v -6.666131973266602 -650.8182983398438 -140.42649841308594 
v -6.033477306365967 -650.5139770507812 -140.95822143554688 
v -7.412098407745361 -651.0357055664062 -141.92880249023438 
v -5.7690839767456055 -650.3400268554688 -141.7431182861328 
v -5.948493480682373 -650.3400268554688 -142.58709716796875 
v -6.515050411224365 -650.5574340820312 -143.25384521484375 
v -7.327114582061768 -650.8617553710938 -143.56613159179688 
v -8.158064842224121 -651.2530517578125 -143.4395294189453 
v -8.790719032287598 -651.5574340820312 -142.90782165527344 
v -9.0551118850708 -651.6878662109375 -142.11447143554688 
v -8.875702857971191 -651.6878662109375 -141.27049255371094 
v -8.3091459274292 -651.470458984375 -140.6121826171875 
v -7.497081756591797 -651.1661376953125 -140.29991149902344 
v -23.020732879638672 -657.8616333007812 -155.35658264160156 
v -25.702434539794922 -659.2094116210938 -154.22564697265625 
v -21.40604591369629 -658.1659545898438 -147.31341552734375 
v -27.732595443725586 -660.38330078125 -152.0397186279297 
v -28.7901668548584 -661.2093505859375 -149.13641357421875 
v -28.724069595336914 -661.6006469726562 -145.95460510253906 
v -27.553184509277344 -661.4267578125 -142.98377990722656 
v -25.438039779663086 -660.7745971679688 -140.6712646484375 
v -22.709125518798828 -659.7311401367188 -139.3630828857422 
v -19.781917572021484 -658.4268188476562 -139.27024841308594 
v -17.100215911865234 -657.0790405273438 -140.40118408203125 
v -15.079497337341309 -655.9051513671875 -142.58709716796875 
v -14.02192497253418 -655.0790405273438 -145.48196411132812 
v -14.078580856323242 -654.687744140625 -148.66378784179688 
v -15.258907318115234 -654.8616943359375 -151.64305114746094 
v -17.374052047729492 -655.5138549804688 -153.95556640625 
v -20.10296630859375 -656.5573120117188 -155.25531005859375 
v 58.96000671386719 -734.251220703125 -82.84991455078125 
v 45.7970085144043 -704.8170776367188 -79.1195068359375 
v 45.542057037353516 -706.1649169921875 -78.08984375 
v 18.40399742126465 -717.7298583984375 -74.05560302734375 
v 19.008323669433594 -718.6863403320312 -73.1863021850586 
v -7.534852027893066 -731.1643676757812 -68.28275299072266 
v 31.368701934814453 -746.29443359375 -76.68883514404297 
v 4.844409465789795 -758.7723999023438 -71.78528594970703 
v 31.576438903808594 -747.1640014648438 -77.7860107421875 
v 4.192869663238525 -760.0767211914062 -72.73054504394531 
v 57.89299392700195 -733.77294921875 -81.59237670898438 
v -8.998456954956055 -730.6426391601562 -68.99169921875 
v 182.0538787841797 4.167233467102051 -88.56369018554688 
v 5.741457462310791 -513.1256713867188 -120.54224395751953 
v 4.910507678985596 -531.3861694335938 -121.25119018554688 
v 49.80067443847656 -461.6920471191406 -112.22899627685547 
v 49.80067443847656 -476.2569274902344 -115.06478881835938 
v 49.80067443847656 -513.2996215820312 -119.68138122558594 
v 49.80067443847656 -531.603515625 -120.39032745361328 
v 64.12511444091797 -461.6920471191406 -109.94180297851562 
v 64.12511444091797 -531.603515625 -118.1031265258789 
v 35.40069580078125 -461.6920471191406 -115.6893310546875 
v 34.27702331542969 -513.2996215820312 -123.13327026367188 
v 22.077173233032227 -461.4311828613281 -109.94180297851562 
v 20.264192581176758 -513.2996215820312 -117.39418029785156 
v 20.264192581176758 -531.603515625 -118.1031265258789 
v -4.56043004989624 -407.82366943359375 -161.82994079589844 
v -22.133127212524414 -215.43661499023438 -182.27122497558594 
v -63.92612075805664 -70.35285949707031 -165.77134704589844 
v -38.20444869995117 -227.1320037841797 -37.78116989135742 
v 129.09971618652344 -175.69834899902344 -36.78527069091797 
v 98.21293640136719 -159.17698669433594 -169.77183532714844 
v 113.26445770263672 -409.6062316894531 -108.13567352294922 
v -5.8635101318359375 -408.5627746582031 -123.80001831054688 
v 97.3536605834961 -70.35285949707031 -165.77134704589844 
v -44.94647216796875 -575.4286499023438 -167.06263732910156 
v 14.664724349975586 402.3758239746094 39.88223648071289 
v 7.554438591003418 -460.9094543457031 -113.09830474853516 
v 6.846242904663086 -481.5611572265625 -101.012451171875 
v 5.807555675506592 -494.3434753417969 -118.7698745727539 
v 3.4374606609344482 -563.4288940429688 -121.8841781616211 
v 5.741457462310791 -513.1256713867188 -120.54224395751953 
v 4.391164302825928 -542.6467895507812 -104.59938049316406 
v 50.32001876831055 -494.51739501953125 -117.90901184082031 
v 50.055625915527344 -467.03973388671875 -96.45494079589844 
v 49.80067443847656 -476.2569274902344 -115.06478881835938 
v 50.32001876831055 -494.51739501953125 -117.90901184082031 
v 49.80067443847656 -563.6897583007812 -122.16268920898438 
v 49.80067443847656 -513.2996215820312 -119.68138122558594 
v 49.80067443847656 -542.8641357421875 -100.86053466796875 
v 64.12511444091797 -461.6920471191406 -109.94180297851562 
v 64.12511444091797 -476.2569274902344 -112.777587890625 
v 64.64445495605469 -494.51739501953125 -115.62181091308594 
v 64.12511444091797 -513.2996215820312 -117.39418029785156 
v 64.12511444091797 -542.8641357421875 -100.86053466796875 
v 35.155189514160156 -494.51739501953125 -121.36090850830078 
v 35.40069580078125 -461.6920471191406 -115.6893310546875 
v 35.39125442504883 -482.1698303222656 -98.98689270019531 
v 34.38089370727539 -503.2998046875 -99.738037109375 
v 33.71046829223633 -560.6898193359375 -125.61458587646484 
v 34.27702331542969 -513.2996215820312 -123.13327026367188 
v 33.84266662597656 -531.603515625 -123.84221649169922 
v 22.426549911499023 -467.0832214355469 -100.37946319580078 
v 22.001632690429688 -476.8221435546875 -112.777587890625 
v 21.39730453491211 -495.03912353515625 -115.6977767944336 
v 18.83835792541504 -562.1245727539062 -122.5509262084961 
v 20.264192581176758 -513.2996215820312 -117.39418029785156 
v 20.264192581176758 -542.8641357421875 -102.83545684814453 
v -73.97305297851562 3.55855131149292 -113.75660705566406 
v 61.51895523071289 -738.2511596679688 -115.0225830078125 
v 15.391804695129395 -717.2081298828125 -88.97724151611328 
v -40.84838104248047 -687.034912109375 -154.7826690673828 
v 7.696077823638916 -663.8615112304688 -163.82174682617188 
v 30.499980926513672 -710.2952270507812 -95.48435974121094 
v -0.5189929008483887 -677.3394165039062 -88.06573486328125 
v -22.58637237548828 -687.7739868164062 -83.98929595947266 
v -0.1035180613398552 -724.7296752929688 -89.82966613769531 
v 9.272994041442871 -720.2950439453125 -91.56826782226562 
v -48.63853454589844 -674.1221313476562 -157.46653747558594 
v 11.69974422454834 -664.55712890625 -135.50607299804688 
v -16.55254554748535 -646.296630859375 -136.426025390625 
v -16.930248260498047 -646.4705810546875 -136.59481811523438 
v -17.03411865234375 -646.5140380859375 -135.54827880859375 
v -16.930248260498047 -646.4705810546875 -136.59481811523438 
v -17.336280822753906 -646.7314453125 -136.5104217529297 
v -17.03411865234375 -646.5140380859375 -135.54827880859375 
v -17.336280822753906 -646.7314453125 -136.5104217529297 
v -17.657329559326172 -646.8618774414062 -136.0293426513672 
v -17.03411865234375 -646.5140380859375 -135.54827880859375 
v -17.657329559326172 -646.8618774414062 -136.0293426513672 
v -17.742313385009766 -647.0357666015625 -135.58203125 
v -17.03411865234375 -646.5140380859375 -135.54827880859375 
v -17.742313385009766 -647.0357666015625 -135.58203125 
v -17.666772842407227 -647.0357666015625 -135.10096740722656 
v -17.03411865234375 -646.5140380859375 -135.54827880859375 
v -17.666772842407227 -647.0357666015625 -135.10096740722656 
v -17.430707931518555 -646.8618774414062 -134.72117614746094 
v -17.03411865234375 -646.5140380859375 -135.54827880859375 
v -17.430707931518555 -646.8618774414062 -134.72117614746094 
v -17.21352767944336 -646.818359375 -134.51861572265625 
v -17.03411865234375 -646.5140380859375 -135.54827880859375 
v -17.21352767944336 -646.818359375 -134.51861572265625 
v -16.83582305908203 -646.6879272460938 -134.60301208496094 
v -17.03411865234375 -646.5140380859375 -135.54827880859375 
v -16.83582305908203 -646.6879272460938 -134.60301208496094 
v -16.514774322509766 -646.4705810546875 -134.915283203125 
v -17.03411865234375 -646.5140380859375 -135.54827880859375 
v -16.514774322509766 -646.4705810546875 -134.915283203125 
v -16.155954360961914 -646.253173828125 -135.58203125 
v -17.03411865234375 -646.5140380859375 -135.54827880859375 
v -6.307312965393066 -649.383544921875 -144.00498962402344 
v -7.695376396179199 -649.9922485351562 -143.73492431640625 
v -6.751115322113037 -649.6009521484375 -143.37200927734375 
v -8.941801071166992 -650.8617553710938 -144.4691925048828 
v -9.413931846618652 -650.7748413085938 -142.96690368652344 
v -8.677408218383789 -650.427001953125 -143.59144592285156 
v -10.169340133666992 -651.0791625976562 -143.4226531982422 
v -9.725537300109863 -650.94873046875 -142.03851318359375 
v -9.413931846618652 -650.7748413085938 -142.96690368652344 
v -10.197668075561523 -651.427001953125 -140.6121826171875 
v -8.84737491607666 -650.6878662109375 -140.2745819091797 
v -9.517800331115723 -650.94873046875 -141.05105590820312 
v -9.196751594543457 -650.9052734375 -139.6162872314453 
v -7.903113842010498 -650.3400268554688 -139.90322875976562 
v -8.84737491607666 -650.6878662109375 -140.2745819091797 
v -7.4215407371521 -650.427001953125 -138.92420959472656 
v -6.921082496643066 -649.9052734375 -140.05514526367188 
v -7.903113842010498 -650.3400268554688 -139.90322875976562 
v -6.184558868408203 -649.5574340820312 -140.67970275878906 
v -5.78796911239624 -649.2531127929688 -142.86561584472656 
v -6.307312965393066 -649.383544921875 -144.00498962402344 
v -6.751115322113037 -649.6009521484375 -143.37200927734375 
v -8.941801071166992 -650.8617553710938 -144.4691925048828 
v -8.941801071166992 -650.8617553710938 -144.4691925048828 
v -10.169340133666992 -651.0791625976562 -143.4226531982422 
v -9.413931846618652 -650.7748413085938 -142.96690368652344 
v -10.169340133666992 -651.0791625976562 -143.4226531982422 
v -10.50927448272705 -651.470458984375 -142.06382751464844 
v -9.725537300109863 -650.94873046875 -142.03851318359375 
v -10.197668075561523 -651.427001953125 -140.6121826171875 
v -9.196751594543457 -650.9052734375 -139.6162872314453 
v -8.84737491607666 -650.6878662109375 -140.2745819091797 
v -9.196751594543457 -650.9052734375 -139.6162872314453 
v -7.4215407371521 -650.427001953125 -138.92420959472656 
v -7.903113842010498 -650.3400268554688 -139.90322875976562 
v -6.515050411224365 -649.94873046875 -139.71755981445312 
v -5.740756034851074 -649.383544921875 -140.41806030273438 
v -6.184558868408203 -649.5574340820312 -140.67970275878906 
v -17.912281036376953 -647.9487915039062 -156.014892578125 
v -17.921722412109375 -647.9053344726562 -156.3187255859375 
v -18.356082916259766 -648.0357666015625 -156.0570831298828 
v -17.921722412109375 -647.9053344726562 -156.3187255859375 
v -18.016149520874023 -647.9487915039062 -156.55503845214844 
v -18.356082916259766 -648.0357666015625 -156.0570831298828 
v -18.016149520874023 -647.9487915039062 -156.55503845214844 
v -18.176673889160156 -647.9922485351562 -156.67320251464844 
v -18.356082916259766 -648.0357666015625 -156.0570831298828 
v -18.176673889160156 -647.9922485351562 -156.67320251464844 
v -18.46939468383789 -648.1226806640625 -156.60568237304688 
v -18.356082916259766 -648.0357666015625 -156.0570831298828 
v -18.46939468383789 -648.1226806640625 -156.60568237304688 
v -18.629919052124023 -648.2096557617188 -156.41156005859375 
v -18.356082916259766 -648.0357666015625 -156.0570831298828 
v -18.629919052124023 -648.2096557617188 -156.41156005859375 
v -18.714902877807617 -648.2531127929688 -156.12460327148438 
v -18.356082916259766 -648.0357666015625 -156.0570831298828 
v -18.714902877807617 -648.2531127929688 -156.12460327148438 
v -18.705459594726562 -648.296630859375 -155.82077026367188 
v -18.356082916259766 -648.0357666015625 -156.0570831298828 
v -18.705459594726562 -648.296630859375 -155.82077026367188 
v -18.611034393310547 -648.2531127929688 -155.57601928710938 
v -18.356082916259766 -648.0357666015625 -156.0570831298828 
v -18.611034393310547 -648.2531127929688 -155.57601928710938 
v -18.450510025024414 -648.2096557617188 -155.46629333496094 
v -18.356082916259766 -648.0357666015625 -156.0570831298828 
v -17.997264862060547 -647.9922485351562 -155.72793579101562 
v -17.912281036376953 -647.9487915039062 -156.014892578125 
v -18.356082916259766 -648.0357666015625 -156.0570831298828 
v -10.159897804260254 -650.2531127929688 -158.87599182128906 
v -10.282651901245117 -650.427001953125 -159.29798889160156 
v -11.56684684753418 -649.1226806640625 -158.73251342773438 
v -10.282651901245117 -650.427001953125 -159.29798889160156 
v -10.565930366516113 -650.6008911132812 -159.56805419921875 
v -11.56684684753418 -649.1226806640625 -158.73251342773438 
v -10.565930366516113 -650.6008911132812 -159.56805419921875 
v -10.934191703796387 -650.8182983398438 -159.6186981201172 
v -11.56684684753418 -649.1226806640625 -158.73251342773438 
v -10.934191703796387 -650.8182983398438 -159.6186981201172 
v -11.283568382263184 -650.94873046875 -159.4330291748047 
v -11.56684684753418 -649.1226806640625 -158.73251342773438 
v -11.283568382263184 -650.94873046875 -159.4330291748047 
v -11.52907657623291 -650.9921875 -159.06167602539062 
v -11.56684684753418 -649.1226806640625 -158.73251342773438 
v -11.52907657623291 -650.9921875 -159.06167602539062 
v -11.595174789428711 -650.9052734375 -158.60592651367188 
v -11.56684684753418 -649.1226806640625 -158.73251342773438 
v -11.595174789428711 -650.9052734375 -158.60592651367188 
v -11.472420692443848 -650.7748413085938 -158.18392944335938 
v -11.56684684753418 -649.1226806640625 -158.73251342773438 
v -11.472420692443848 -650.7748413085938 -158.18392944335938 
v -11.189142227172852 -650.5574340820312 -157.91384887695312 
v -11.56684684753418 -649.1226806640625 -158.73251342773438 
v -11.189142227172852 -650.5574340820312 -157.91384887695312 
v -10.820879936218262 -650.3400268554688 -157.86322021484375 
v -11.56684684753418 -649.1226806640625 -158.73251342773438 
v -10.820879936218262 -650.3400268554688 -157.86322021484375 
v -10.471504211425781 -650.2095947265625 -158.04888916015625 
v -11.56684684753418 -649.1226806640625 -158.73251342773438 
v -10.471504211425781 -650.2095947265625 -158.04888916015625 
v -10.225996017456055 -650.1661376953125 -158.41180419921875 
v -11.56684684753418 -649.1226806640625 -158.73251342773438 
v -10.225996017456055 -650.1661376953125 -158.41180419921875 
v -10.159897804260254 -650.2531127929688 -158.87599182128906 
v -11.56684684753418 -649.1226806640625 -158.73251342773438 
v -40.80116653442383 -658.0355224609375 -154.4619598388672 
v -40.791725158691406 -657.9920654296875 -154.7657928466797 
v -41.44326400756836 -658.2094116210938 -154.4619598388672 
v -40.791725158691406 -657.9920654296875 -154.7657928466797 
v -40.90503692626953 -658.0355224609375 -155.00210571289062 
v -41.44326400756836 -658.2094116210938 -154.4619598388672 
v -40.90503692626953 -658.0355224609375 -155.00210571289062 
v -41.131656646728516 -658.1224975585938 -155.09494018554688 
v -41.44326400756836 -658.2094116210938 -154.4619598388672 
v -41.131656646728516 -658.1224975585938 -155.09494018554688 
v -41.584903717041016 -658.33984375 -155.00210571289062 
v -41.44326400756836 -658.2094116210938 -154.4619598388672 
v -41.584903717041016 -658.33984375 -155.00210571289062 
v -41.83041000366211 -658.4702758789062 -154.79110717773438 
v -41.44326400756836 -658.2094116210938 -154.4619598388672 
v -41.83041000366211 -658.4702758789062 -154.79110717773438 
v -41.98149490356445 -658.5572509765625 -154.49571228027344 
v -41.44326400756836 -658.2094116210938 -154.4619598388672 
v -41.98149490356445 -658.5572509765625 -154.49571228027344 
v -41.990936279296875 -658.5572509765625 -154.18344116210938 
v -41.44326400756836 -658.2094116210938 -154.4619598388672 
v -41.990936279296875 -658.5572509765625 -154.18344116210938 
v -41.87762451171875 -658.5572509765625 -153.95556640625 
v -41.44326400756836 -658.2094116210938 -154.4619598388672 
v -41.87762451171875 -658.5572509765625 -153.95556640625 
v -41.6510009765625 -658.4702758789062 -153.8542938232422 
v -41.44326400756836 -658.2094116210938 -154.4619598388672 
v -40.952247619628906 -658.1224975585938 -154.1581268310547 
v -40.80116653442383 -658.0355224609375 -154.4619598388672 
v -41.44326400756836 -658.2094116210938 -154.4619598388672 
v -32.18950653076172 -655.644287109375 -137.51475524902344 
v -32.283931732177734 -655.687744140625 -137.71731567382812 
v -32.78438949584961 -655.8616333007812 -137.3375244140625 
v -32.283931732177734 -655.687744140625 -137.71731567382812 
v -32.48222732543945 -655.7747192382812 -137.8270263671875 
v -32.78438949584961 -655.8616333007812 -137.3375244140625 
v -32.48222732543945 -655.7747192382812 -137.8270263671875 
v -32.72773742675781 -655.8616333007812 -137.8270263671875 
v -32.78438949584961 -655.8616333007812 -137.3375244140625 
v -32.72773742675781 -655.8616333007812 -137.8270263671875 
v -33.105438232421875 -656.0790405273438 -137.641357421875 
v -32.78438949584961 -655.8616333007812 -137.3375244140625 
v -33.105438232421875 -656.0790405273438 -137.641357421875 
v -33.25652313232422 -656.166015625 -137.4387969970703 
v -32.78438949584961 -655.8616333007812 -137.3375244140625 
v -33.25652313232422 -656.166015625 -137.4387969970703 
v -33.28485107421875 -656.166015625 -137.20248413085938 
v -32.78438949584961 -655.8616333007812 -137.3375244140625 
v -33.28485107421875 -656.166015625 -137.20248413085938 
v -33.18098068237305 -656.166015625 -136.9999237060547 
v -32.78438949584961 -655.8616333007812 -137.3375244140625 
v -33.18098068237305 -656.166015625 -136.9999237060547 
v -32.98268508911133 -656.0790405273438 -136.8902130126953 
v -32.78438949584961 -655.8616333007812 -137.3375244140625 
v -32.98268508911133 -656.0790405273438 -136.8902130126953 
v -32.737178802490234 -655.9486083984375 -136.8902130126953 
v -32.78438949584961 -655.8616333007812 -137.3375244140625 
v -32.21783447265625 -655.687744140625 -137.2784423828125 
v -32.18950653076172 -655.644287109375 -137.51475524902344 
v -32.78438949584961 -655.8616333007812 -137.3375244140625 
vn 0.7583519816398621 0.6516658663749695 -0.0152922747656703 
vn 0.712384045124054 -0.7017048001289368 0.010923261754214764 
vn 0.4224712550640106 0.8046395778656006 0.417220801115036 
vn 0.26073193550109863 -0.9244856834411621 0.2781098484992981 
vn -0.43292391300201416 0.8051900863647461 0.405272513628006 
vn -0.18567581474781036 -0.9346647262573242 0.30319350957870483 
vn -0.7177039980888367 -0.6963448524475098 0.002184694167226553 
vn 0.6907072067260742 0.7227352261543274 -0.024029340595006943 
vn 0.7870312929153442 -0.6165996789932251 0.01966099627315998 
vn 0.3233850598335266 0.8780727386474609 0.3527185618877411 
vn 0.33719879388809204 -0.8572013974189758 0.3892335295677185 
vn -0.3285498023033142 0.874497652053833 0.3568037748336792 
vn -0.3492359519004822 -0.8505204916000366 0.3932546079158783 
vn -0.7870312929153442 -0.6165996789932251 0.01966099627315998 
vn -0.5842462778091431 -0.6282162666320801 0.5138099193572998 
vn -0.7262208461761475 -0.6821739673614502 -0.08510008454322815 
vn 0.5672929286956787 -0.64055997133255 0.5175535082817078 
vn 0.7022675275802612 -0.7062708735466003 -0.08945280313491821 
vn 0.2145780473947525 -0.6067030429840088 0.7654199600219727 
vn -0.5620442032814026 -0.5900344848632812 0.5796254277229309 
vn 0.561626136302948 -0.6455342173576355 0.5175535082817078 
vn -0.6494281888008118 -0.7494800686836243 0.12854042649269104 
vn 0.7536013126373291 -0.6389188170433044 0.15449213981628418 
vn 0.6693634390830994 -0.6120077967643738 -0.42118772864341736 
vn 0.23677363991737366 -0.650530219078064 -0.7216291427612305 
vn -0.6560055613517761 -0.5493587851524353 -0.5175535082817078 
vn 0.5428440570831299 0.8396033644676208 0.01966099627315998 
vn 0.7961781620979309 0.6045848727226257 0.024029340595006943 
vn 0.2870051860809326 0.8247020840644836 0.48733407258987427 
vn 0.5658417344093323 0.5338441729545593 0.6283578276634216 
vn -0.41101598739624023 0.8224455714225769 0.3932546079158783 
vn -0.5728586316108704 0.5222296714782715 0.6317508816719055 
vn -0.8007212281227112 0.5985550284385681 0.024029340595006943 
vn -0.9911839365959167 -0.12430208176374435 -0.04586252197623253 
vn -0.5687909126281738 -0.8143277168273926 0.11553031951189041 
vn -0.4544025659561157 -0.78704833984375 -0.417220801115036 
vn -0.27523189783096313 -0.8959391117095947 0.34862664341926575 
vn 0.17589248716831207 -0.7851682305335999 0.5937783122062683 
vn -0.5620442032814026 -0.5900344848632812 0.5796254277229309 
vn 0.2145780473947525 -0.6067030429840088 0.7654199600219727 
vn -0.6494281888008118 -0.7494800686836243 0.12854042649269104 
vn -0.705306351184845 -0.6946312785148621 0.1415284425020218 
vn -0.6560055613517761 -0.5493587851524353 -0.5175535082817078 
vn -0.22988374531269073 -0.9441983103752136 -0.23588760197162628 
vn 0.23677363991737366 -0.650530219078064 -0.7216291427612305 
vn 0.20527924597263336 -0.7588176727294922 -0.6181069612503052 
vn 0.6693634390830994 -0.6120077967643738 -0.42118772864341736 
vn 0.48407262563705444 -0.8208211660385132 -0.30319350957870483 
vn 0.7536013126373291 -0.6389188170433044 0.15449213981628418 
vn 0.6127427816390991 -0.7804608345031738 0.1242060661315918 
vn 0.561626136302948 -0.6455342173576355 0.5175535082817078 
vn 0.47787103056907654 -0.7597672343254089 0.4409002661705017 
vn -0.45941057801246643 -0.8862655162811279 0.058952588587999344 
vn -0.2928737699985504 -0.5022508502006531 0.8136147856712341 
vn -0.2296169102191925 -0.8848899602890015 0.405272513628006 
vn -0.6586388945579529 -0.6439658999443054 0.3892335295677185 
vn -0.7495465874671936 -0.6415386199951172 -0.16312000155448914 
vn -0.5517612099647522 -0.6598499417304993 -0.5100564956665039 
vn 0.8551788330078125 -0.3598385751247406 0.37307560443878174 
vn 0.47263914346694946 -0.647965133190155 0.5972883701324463 
vn 0.05085243657231331 -0.712211012840271 0.7001210451126099 
vn -0.42311176657676697 -0.778089702129364 0.4642767012119293 
vn -0.6989939212799072 -0.43332064151763916 0.5688942670822144 
vn -0.6821185350418091 -0.7128157019615173 0.16312000155448914 
vn -0.5968125462532043 -0.27425163984298706 0.7540562748908997 
vn 0.2099328488111496 -0.5535474419593811 0.8059239983558655 
vn -0.8506860733032227 -0.026394309476017952 0.5250110030174255 
vn -0.8506860733032227 -0.026394309476017952 0.5250110030174255 
vn -0.8506860733032227 -0.026394309476017952 0.5250110030174255 
vn -0.8506860733032227 -0.026394309476017952 0.5250110030174255 
vn 0.6307132840156555 0.292947918176651 -0.7185974717140198 
vn 0.7838066220283508 0.5396113991737366 -0.30735430121421814 
vn 0.35281145572662354 0.27409952878952026 -0.8946471214294434 
vn 0.6839919686317444 0.7280464768409729 0.04586252197623253 
vn 0.9139155149459839 -0.022641820833086967 0.405272513628006 
vn 0.6570828557014465 0.11246158927679062 0.7453821301460266 
vn 0.5211068987846375 0.7467767000198364 0.41324591636657715 
vn 0.5664023756980896 0.62905353307724 0.5324283838272095 
vn 0.5796875357627869 0.5104604959487915 0.6351318359375 
vn 0.8123076558113098 -0.007539181970059872 0.5831804275512695 
vn 0.7497568726539612 0.644447386264801 0.15017375349998474 
vn 0.6712797284126282 0.5194551348686218 -0.528724730014801 
vn 0.782480001449585 0.07529164850711823 0.6181069612503052 
vn 0.9327653646469116 0.2391815036535263 -0.26970529556274414 
vn 0.7978222966194153 0.3028847575187683 -0.5212872624397278 
vn -0.39003801345825195 0.3486497700214386 -0.8522403836250305 
vn -0.39003801345825195 0.3486497700214386 -0.8522403836250305 
vn -0.39003801345825195 0.3486497700214386 -0.8522403836250305 
vn -0.39003801345825195 0.3486497700214386 -0.8522403836250305 
vn -0.8522963523864746 0.09793005883693695 -0.5138099193572998 
vn -0.8522963523864746 0.09793005883693695 -0.5138099193572998 
vn -0.8522963523864746 0.09793005883693695 -0.5138099193572998 
vn -0.8522963523864746 0.09793005883693695 -0.5138099193572998 
vn -0.1362648904323578 0.46590718626976013 -0.87427818775177 
vn -0.1362648904323578 0.46590718626976013 -0.87427818775177 
vn -0.1362648904323578 0.46590718626976013 -0.87427818775177 
vn -0.1362648904323578 0.46590718626976013 -0.87427818775177 
vn -0.8071330785751343 0.3695482015609741 0.46040233969688416 
vn -0.4025779664516449 0.3838573098182678 -0.8310141563415527 
vn -0.8375524878501892 0.5227676033973694 -0.15880759060382843 
vn 0.47203755378723145 0.32706132531166077 -0.8186644315719604 
vn -0.7401268482208252 0.44258248805999756 -0.5062933564186096 
vn 0.6712797284126282 0.5194551348686218 -0.528724730014801 
vn -0.4175895154476166 0.2549026608467102 -0.872148871421814 
vn 0.7978222966194153 0.3028847575187683 -0.5212872624397278 
vn -0.5753157138824463 -0.12383323162794113 -0.8085030317306519 
vn 0.9327653646469116 0.2391815036535263 -0.26970529556274414 
vn -0.5293254256248474 0.1310662180185318 -0.838234007358551 
vn 0.5796875357627869 0.5104604959487915 0.6351318359375 
vn -0.992267370223999 0.10922461003065109 -0.058952588587999344 
vn -0.992267370223999 0.10922461003065109 -0.058952588587999344 
vn -0.992267370223999 0.10922461003065109 -0.058952588587999344 
vn -0.992267370223999 0.10922461003065109 -0.058952588587999344 
vn 0.35281145572662354 0.27409952878952026 -0.8946471214294434 
vn -0.011339573189616203 0.7290598750114441 -0.6843559741973877 
vn -0.7400335073471069 0.037774376571178436 -0.6715083718299866 
vn -0.26590028405189514 0.5210258364677429 -0.8110666871070862 
vn -0.9391356706619263 0.16154858469963074 -0.30319350957870483 
vn 0.08246999233961105 -0.50143963098526 0.8612531423568726 
vn 0.43846458196640015 -0.7016109228134155 0.5616858005523682 
vn -0.24783165752887726 -0.9115647673606873 0.3280687630176544 
vn 0.44667792320251465 -0.8641886711120605 0.23163928091526031 
vn -0.06766189634799957 -0.5187563896179199 0.8522403836250305 
vn 0.3413097858428955 -0.3865702450275421 0.8567795157432556 
vn 0.03572521731257439 -0.4335387051105499 0.9004265069961548 
vn 0.4268880784511566 -0.6664713621139526 0.6112139225006104 
vn 0.92572420835495 -0.3614853322505951 0.1111890971660614 
vn 0.6789488792419434 -0.1643584817647934 0.715552031993866 
vn 0.571893572807312 -0.17828521132469177 0.8007197380065918 
vn 0.5658417344093323 0.5338441729545593 0.6283578276634216 
vn 0.7961781620979309 0.6045848727226257 0.024029340595006943 
vn -0.5728586316108704 0.5222296714782715 0.6317508816719055 
vn -0.8007212281227112 0.5985550284385681 0.024029340595006943 
vn 0.5779946446418762 0.5779946446418762 -0.5760593414306641 
vn 0.5786608457565308 0.5773276686668396 0.5760593414306641 
vn 0.5779946446418762 -0.5779946446418762 -0.5760593414306641 
vn 0.5786608457565308 -0.5773276686668396 0.5760593414306641 
vn 0.5829814076423645 -0.2562606930732727 0.7710143327713013 
vn 0.11328297853469849 -0.2562875747680664 0.9599394202232361 
vn 0.92572420835495 -0.3614853322505951 0.1111890971660614 
vn 0.3588425815105438 0.8798829317092896 0.31150925159454346 
vn 0.5669959187507629 0.4724849760532379 0.67473965883255 
vn -0.2758752703666687 0.7977882623672485 0.5361219048500061 
vn 0.03751516342163086 0.29456210136413574 0.9548956751823425 
vn -0.4923410713672638 -0.02636858820915222 0.8700028657913208 
vn -0.21490386128425598 0.11181316524744034 0.9702134728431702 
vn 0.03572521731257439 -0.4335387051105499 0.9004265069961548 
vn -0.14933981001377106 0.6155871152877808 0.7737894654273987 
vn 0.3287908136844635 0.36741209030151367 0.8700028657913208 
vn 0.571893572807312 -0.17828521132469177 0.8007197380065918 
vn 0.6789488792419434 -0.1643584817647934 0.715552031993866 
vn 0.5779946446418762 -0.5779946446418762 -0.5760593414306641 
vn 0.5779946446418762 0.5779946446418762 -0.5760593414306641 
vn 0.5786608457565308 -0.5773276686668396 0.5760593414306641 
vn 0.5786608457565308 0.5773276686668396 0.5760593414306641 
vn 0.08246999233961105 -0.50143963098526 0.8612531423568726 
vn -0.24783165752887726 -0.9115647673606873 0.3280687630176544 
vn 0.3126577138900757 0.3299742639064789 0.8907088041305542 
vn -0.7567987442016602 0.2808067202568054 0.590256929397583 
vn -0.06766189634799957 -0.5187563896179199 0.8522403836250305 
vn -0.04517829790711403 0.5211959481239319 0.8522403836250305 
vn -0.8131893277168274 0.08293817192316055 -0.5760593414306641 
vn -0.8131893277168274 0.08293817192316055 -0.5760593414306641 
vn -0.8131893277168274 0.08293817192316055 -0.5760593414306641 
vn -0.8131893277168274 0.08293817192316055 -0.5760593414306641 
vn 0.35281145572662354 0.27409952878952026 -0.8946471214294434 
vn -0.7400335073471069 0.037774376571178436 -0.6715083718299866 
vn 0.6307132840156555 0.292947918176651 -0.7185974717140198 
vn -0.6358930468559265 0.2966376841068268 -0.7124928832054138 
vn 0.7838066220283508 0.5396113991737366 -0.30735430121421814 
vn -0.5743762254714966 0.48634156584739685 -0.6584556698799133 
vn 0.4668736457824707 0.8212185502052307 0.3280687630176544 
vn -0.6222858428955078 0.7422639727592468 0.24860523641109467 
vn 0.6570828557014465 0.11246158927679062 0.7453821301460266 
vn -0.8184340596199036 0.574097752571106 0.024029340595006943 
vn 0.5796875357627869 0.5104604959487915 0.6351318359375 
vn -0.5293254256248474 0.1310662180185318 -0.838234007358551 
vn -0.4767538607120514 -0.3389345407485962 0.8110666871070862 
vn -0.6822357773780823 0.6795685291290283 0.26970529556274414 
vn 0.3996594548225403 0.8354928493499756 0.37712597846984863 
vn 0.644338071346283 0.6510049700737 0.401274174451828 
vn 0.30785104632377625 0.3291482627391815 0.8926864862442017 
vn 0.32303130626678467 -0.377497136592865 0.8678402304649353 
vn 0.6317230463027954 -0.7023509740829468 0.3280687630176544 
vn -0.6344103813171387 -0.37716031074523926 0.67473965883255 
vn -0.6316900253295898 -0.7436830401420593 0.21886809170246124 
vn -0.6246261596679688 0.33306828141212463 0.7063339352607727 
vn 0.7632953524589539 0.645957350730896 -0.010923261754214764 
vn 0.7124248743057251 -0.7017449736595154 0.002184694167226553 
vn 0.35964515805244446 0.7610951066017151 0.5398051738739014 
vn 0.2913663983345032 -0.9113795757293701 0.29067665338516235 
vn -0.3654104173183441 0.7786639928817749 0.5100564956665039 
vn -0.286246657371521 -0.9102998375892639 0.2990269064903259 
vn -0.7177039980888367 -0.6963448524475098 0.002184694167226553 
vn 0.11328297853469849 -0.2562875747680664 0.9599394202232361 
vn 0.5829814076423645 -0.2562606930732727 0.7710143327713013 
vn -0.5357944965362549 -0.7271861433982849 0.42909738421440125 
vn -0.4548589885234833 -0.3844020962715149 0.8033295273780823 
vn -0.341462641954422 0.24994917213916779 0.9060511589050293 
vn 0.07718852162361145 0.14614298939704895 0.9862475395202637 
vn -0.6064128279685974 0.22517429292201996 0.762600839138031 
vn -0.11780920624732971 0.5693434476852417 0.8136147856712341 
vn -0.11780920624732971 0.5693434476852417 0.8136147856712341 
vn -0.09359962493181229 0.5260136723518372 0.8453097939491272 
vn -0.12333132326602936 0.5645288228988647 0.8161473870277405 
vn 0.2508091926574707 0.20173080265522003 0.946783721446991 
vn 0.4153899550437927 0.7069053649902344 0.5724822878837585 
vn 0.7965753078460693 0.19424667954444885 0.5724822878837585 
vn 0.08246999233961105 -0.50143963098526 0.8612531423568726 
vn 0.9613120555877686 0.17269890010356903 0.21460255980491638 
vn 0.3126577138900757 0.3299742639064789 0.8907088041305542 
vn 0.8950839042663574 -0.23137620091438293 0.3811691105365753 
vn 0.11817920953035355 0.6460903882980347 0.7540562748908997 
vn 0.6593787670135498 0.6527130007743835 0.37307560443878174 
vn 0.06951025128364563 0.5147495865821838 0.8545181155204773 
vn 0.8203050494194031 -0.4823204278945923 0.30735430121421814 
vn -0.9529750347137451 -0.12038874626159668 0.2781098484992981 
vn -0.9529750347137451 -0.12038874626159668 0.2781098484992981 
vn -0.9529750347137451 -0.12038874626159668 0.2781098484992981 
vn -0.9529750347137451 -0.12038874626159668 0.2781098484992981 
vn -0.3790004551410675 -0.7770661115646362 0.5025205612182617 
vn -0.6227485537528992 0.5176281332969666 0.5867242813110352 
vn -0.2852276563644409 0.2109532654285431 0.9349566102027893 
vn -0.2852276563644409 0.2109532654285431 0.9349566102027893 
vn -0.2852276563644409 0.2109532654285431 0.9349566102027893 
vn -0.2852276563644409 0.2109532654285431 0.9349566102027893 
vn 0.43846458196640015 -0.7016109228134155 0.5616858005523682 
vn 0.4534015655517578 0.582368791103363 0.67473965883255 
vn 0.4534015655517578 0.582368791103363 0.67473965883255 
vn 0.4534015655517578 0.582368791103363 0.67473965883255 
vn 0.4534015655517578 0.582368791103363 0.67473965883255 
vn 0.003785367589443922 0.4072512090206146 -0.913308322429657 
vn 0.003785367589443922 0.4072512090206146 -0.913308322429657 
vn 0.003785367589443922 0.4072512090206146 -0.913308322429657 
vn 0.003785367589443922 0.4072512090206146 -0.913308322429657 
vn -0.8462215065956116 0.15411528944969177 -0.5100564956665039 
vn -0.8462215065956116 0.15411528944969177 -0.5100564956665039 
vn -0.8462215065956116 0.15411528944969177 -0.5100564956665039 
vn -0.8462215065956116 0.15411528944969177 -0.5100564956665039 
vn 0.457843542098999 0.8835979104042053 0.0981530249118805 
vn 0.5131639242172241 0.43059563636779785 0.7424622178077698 
vn 0.15962666273117065 0.9728755354881287 0.16742929816246033 
vn 0.011313495226204395 0.9050537943840027 0.42514660954475403 
vn -0.0018840150441974401 0.454570472240448 0.8907088041305542 
vn 0.0018835372757166624 0.6535061001777649 0.7569189071655273 
vn -0.5169665217399597 0.45566675066947937 0.7246471047401428 
vn -0.3023916780948639 0.6192300319671631 0.7246471047401428 
vn -0.1391504853963852 0.9774544835090637 0.15880759060382843 
vn -0.4838646650314331 -0.6525148153305054 0.5831804275512695 
vn -0.5679007172584534 -0.822746217250824 0.024029340595006943 
vn -0.3066657483577728 -0.4509100317955017 0.838234007358551 
vn -0.7177039980888367 -0.6963448524475098 0.002184694167226553 
vn -0.47077634930610657 -0.8757588863372803 0.10684575140476227 
vn -0.7177039980888367 -0.6963448524475098 0.002184694167226553 
vn -0.7124248743057251 -0.7017449736595154 0.002184694167226553 
vn -0.7192016243934631 -0.6565396785736084 0.22738653421401978 
vn -0.2099328488111496 -0.5535474419593811 0.8059239983558655 
vn -0.2969295084476471 -0.9040830731391907 -0.30735430121421814 
vn 0.04712974652647972 -0.8260071873664856 0.5616858005523682 
vn -0.0018865399761125445 -0.7914631962776184 0.6112139225006104 
vn -0.0018905557226389647 -0.7016767859458923 -0.7124928832054138 
vn 0.2969295084476471 -0.9040830731391907 -0.30735430121421814 
vn -0.043362975120544434 -0.8262134790420532 0.5616858005523682 
vn 0.2099328488111496 -0.5535474419593811 0.8059239983558655 
vn 0.7124248743057251 -0.7017449736595154 0.002184694167226553 
vn 0.7217394709587097 -0.6537488102912903 0.22738653421401978 
vn 0.47077634930610657 -0.8757588863372803 0.10684575140476227 
vn 0.7177039980888367 -0.6963448524475098 0.002184694167226553 
vn 0.7177039980888367 -0.6963448524475098 0.002184694167226553 
vn 0.5679007172584534 -0.822746217250824 0.024029340595006943 
vn 0.3097717761993408 -0.44878190755844116 0.838234007358551 
vn 0.5811634063720703 -0.28405824303627014 0.762600839138031 
vn 0.3061206340789795 -0.502606213092804 0.8085030317306519 
vn -0.2099328488111496 -0.5535474419593811 0.8059239983558655 
vn 0.052306413650512695 -0.2581423223018646 0.9646899104118347 
vn 0.04712974652647972 -0.8260071873664856 0.5616858005523682 
vn -0.0018745033303275704 -0.24224437773227692 0.9702134728431702 
vn -0.0018865399761125445 -0.7914631962776184 0.6112139225006104 
vn -0.043362975120544434 -0.8262134790420532 0.5616858005523682 
vn 0.0018196178134530783 -0.056742385029792786 0.9983872175216675 
vn -0.052306413650512695 -0.2581423223018646 0.9646899104118347 
vn 0.2099328488111496 -0.5535474419593811 0.8059239983558655 
vn -0.016578061506152153 -0.06785761564970016 0.9975572824478149 
vn -0.08648349344730377 -0.2443155199289322 0.9658315181732178 
vn -0.2928737699985504 -0.5022508502006531 0.8136147856712341 
vn -0.3749306797981262 -0.3909015655517578 0.8406086564064026 
vn -0.2296169102191925 -0.8848899602890015 0.405272513628006 
vn -0.8717545866966248 -0.07910861074924469 0.4835140109062195 
vn -0.6586388945579529 -0.6439658999443054 0.3892335295677185 
vn -0.9827784299850464 0.007549022324383259 -0.18463370203971863 
vn -0.7495465874671936 -0.6415386199951172 -0.16312000155448914 
vn -0.7350908517837524 0.003779666731134057 -0.677958071231842 
vn -0.5517612099647522 -0.6598499417304993 -0.5100564956665039 
vn -0.4544025659561157 -0.78704833984375 -0.417220801115036 
vn -0.07997386902570724 -0.10880837589502335 0.990840494632721 
vn -0.46073272824287415 -0.07125746458768845 0.8846737742424011 
vn -0.9086095094680786 -0.018856609240174294 0.417220801115036 
vn -0.9810400605201721 0.015109176747500896 -0.19321508705615997 
vn -0.7434545755386353 0.026423750445246696 -0.6682642698287964 
vn -0.7524678707122803 0.015107125975191593 -0.6584556698799133 
vn -0.97575443983078 -2.0224189619007238e-13 -0.21886809170246124 
vn -0.9911839365959167 -0.12430208176374435 -0.04586252197623253 
vn -0.9391356706619263 0.16154858469963074 -0.30319350957870483 
vn -0.8184340596199036 0.574097752571106 0.024029340595006943 
vn -0.5293254256248474 0.1310662180185318 -0.838234007358551 
vn -0.9592952132225037 -0.007553325966000557 -0.28230419754981995 
vn -0.9159502387046814 0.0037713744677603245 0.401274174451828 
vn -0.5006305575370789 -1.0354196476993274e-13 0.865661084651947 
vn -0.07338248938322067 -0.011060630902647972 0.9972425103187561 
vn 0.016146345064044 -0.006688034627586603 0.9998472929000854 
vn -0.6335359215736389 0.16033083200454712 0.7569189071655273 
vn 4.0606729845218004e-15 -0.013107799924910069 0.9999141097068787 
vn -0.5207927823066711 0.616742730140686 0.590256929397583 
vn 0.04145428165793419 0.7309567928314209 0.681163489818573 
vn 0.0013502120273187757 0.0041555254720151424 0.9999904632568359 
vn -0.016146345064044 -0.006688034627586603 0.9998472929000854 
vn 0.6310678124427795 0.14210347831249237 0.762600839138031 
vn 0.06508214771747589 -0.0073329973965883255 0.9978529810905457 
vn 0.6961935758590698 0.30776333808898926 0.6485338807106018 
vn 0.4661497473716736 -0.0075299739837646484 0.8846737742424011 
vn 0.7651381492614746 0.4461062550544739 0.4642767012119293 
vn 0.9402724504470825 0 0.34042292833328247 
vn 0.8404085636138916 0.5294961333274841 -0.11553031951189041 
vn 0.9612807035446167 0.030209463089704514 -0.27391019463539124 
vn 0.7372400164604187 0.43872150778770447 -0.5138099193572998 
vn 0.9031085968017578 -0.060375481843948364 -0.42514660954475403 
vn 0.4811566174030304 0.16349712014198303 -0.8612531423568726 
vn 0.5912467837333679 -0.03022884391248226 -0.8059239983558655 
vn 0.012943034991621971 -0.06864376366138458 0.9975572824478149 
vn 0.0966392308473587 -0.11775524169206619 0.9883291721343994 
vn 0.11477648466825485 -0.24638621509075165 0.962351381778717 
vn 0.4599035680294037 -0.09724199026823044 0.882628321647644 
vn 0.3329717516899109 -0.3263159394264221 0.8846737742424011 
vn 0.8954939842224121 -0.015086024068295956 0.44481781125068665 
vn 0.19997276365756989 -0.8543497323989868 0.4796847105026245 
vn 0.8376282453536987 -0.35257017612457275 0.417220801115036 
vn 0.9592059850692749 -0.015106183476746082 -0.28230419754981995 
vn 0.4845060110092163 0.3015635907649994 -0.8211658596992493 
vn 0.5691862106323242 0.13489961624145508 -0.8110666871070862 
vn 0.4425206184387207 -0.8468980193138123 0.2948545813560486 
vn 0.9628705382347107 -0.06791934370994568 -0.2612801790237427 
vn 0.6859056353569031 -0.00756113464012742 -0.7276512384414673 
vn 0.7774172425270081 0.392936646938324 -0.4911448359489441 
vn 0.7519959807395935 -0.6386657357215881 -0.16312000155448914 
vn 0.7351005673408508 0 -0.677958071231842 
vn 0.7496973276138306 0.0075491126626729965 -0.661737859249115 
vn 0.9757252335548401 0.0075502279214560986 -0.21886809170246124 
vn 0.9773670434951782 0.022664498537778854 -0.2103329300880432 
vn 0.7433108687400818 0.030196627601981163 -0.6682642698287964 
vn 0.6724478006362915 0.030199667438864708 -0.7395281791687012 
vn 0.5488566160202026 -0.6622678637504578 -0.5100564956665039 
vn 0.4544025659561157 -0.78704833984375 -0.417220801115036 
vn 0.9907069206237793 -0.1280483603477478 -0.04586252197623253 
vn 0.9384883046150208 0.16526784002780914 -0.30319350957870483 
vn -0.669795572757721 0.6577798128128052 -0.34452807903289795 
vn -0.4514981210231781 0.5912464261054993 -0.6682642698287964 
vn 0.06783446669578552 0.9436432719230652 0.3239381015300751 
vn -0.41546863317489624 0.905617892742157 0.08510008454322815 
vn 0.20189665257930756 0.8361101150512695 0.5100564956665039 
vn -0.1890406310558319 0.5866838097572327 0.7874425053596497 
vn -0.6342722773551941 0.5743143558502197 0.5175535082817078 
vn -0.6599567532539368 0.40132859349250793 0.6351318359375 
vn -0.7038610577583313 0.30430033802986145 0.641857385635376 
vn -0.5369330644607544 0.6992282271385193 0.4719987213611603 
vn -0.7400335073471069 0.037774376571178436 -0.6715083718299866 
vn -0.9828073978424072 -2.0326728039470054e-13 -0.18463370203971863 
vn -0.6358930468559265 0.2966376841068268 -0.7124928832054138 
vn -0.5743762254714966 0.48634156584739685 -0.6584556698799133 
vn -0.6222858428955078 0.7422639727592468 0.24860523641109467 
vn -0.16617506742477417 0.3630483150482178 0.916832447052002 
vn -0.16617506742477417 0.3630483150482178 0.916832447052002 
vn -0.16617506742477417 0.3630483150482178 0.916832447052002 
vn -0.16617506742477417 0.3630483150482178 0.916832447052002 
vn 0.5729460120201111 0.5649425983428955 0.5937783122062683 
vn 0.613737165927887 0.30635011196136475 -0.7276512384414673 
vn 0.5630733370780945 0.5523890852928162 -0.6146662831306458 
vn 0.553813636302948 0.8033599853515625 -0.21886809170246124 
vn 0.3061206340789795 -0.502606213092804 0.8085030317306519 
vn 0.5811634063720703 -0.28405824303627014 0.762600839138031 
vn 0.44920942187309265 -0.8911802768707275 0.0633138045668602 
vn 0.9274170398712158 -0.2969730496406555 0.22738653421401978 
vn 0.5718802213668823 -0.8121611475944519 0.11553031951189041 
vn 0.9445546269416809 -0.09042376279830933 0.31565824151039124 
vn 0.9907069206237793 -0.1280483603477478 -0.04586252197623253 
vn 0.9828073978424072 0 0.18463370203971863 
vn 0.9811564087867737 0 -0.19321508705615997 
vn 0.9811564087867737 0 -0.19321508705615997 
vn 0.7109582424163818 0 -0.7032341957092285 
vn 0.9747116565704346 -0.0754799023270607 -0.2103329300880432 
vn 0.7244109511375427 -0.08298005908727646 -0.6843559741973877 
vn 0.6962705254554749 -0.12767013907432556 -0.7063339352607727 
vn 0.27627402544021606 -0.06749556213617325 -0.9587059020996094 
vn 0.2810039818286896 -0.08215159177780151 -0.9561840295791626 
vn -0.0018897876143455505 -0.10465624928474426 -0.9945066571235657 
vn 0.24225163459777832 0 -0.9702134728431702 
vn 0.0018875952810049057 -0.08290162682533264 -0.9965559244155884 
vn -0.27627402544021606 -0.06749556213617325 -0.9587059020996094 
vn -0.282042533159256 -0.07851190865039825 -0.9561840295791626 
vn -0.7051032185554504 -0.14627055823802948 -0.6938546895980835 
vn -0.7269841432571411 -0.08666225522756577 -0.681163489818573 
vn -0.24222204089164734 0.003786193672567606 -0.9702134728431702 
vn 2.0682311115474694e-13 4.2775797696334704e-26 -1 
vn 2.0682311115474694e-13 4.2775797696334704e-26 -1 
vn 0.24225163459777832 0 -0.9702134728431702 
vn -3.878985010258816e-14 0.3751016855239868 -0.926983654499054 
vn 0.2159300446510315 0.36393067240715027 -0.9060511589050293 
vn 0.6733609437942505 0.34881505370140076 -0.651853621006012 
vn 0.7109582424163818 0 -0.7032341957092285 
vn 0.9384883046150208 0.16526784002780914 -0.30319350957870483 
vn 0.46281152963638306 0.8041269183158875 0.37307560443878174 
vn -0.1222626194357872 0.932289719581604 0.34042292833328247 
vn 0.9689472317695618 -0.037739481776952744 -0.24437066912651062 
vn 0.9766744375228882 -0.06038760021328926 -0.2060592919588089 
vn 0.6962705254554749 -0.12767013907432556 -0.7063339352607727 
vn 0.6789778470993042 -0.13505709171295166 -0.7216291427612305 
vn 0.2810039818286896 -0.08215159177780151 -0.9561840295791626 
vn 0.311307817697525 -0.09677906334400177 -0.9453682899475098 
vn -0.0018897876143455505 -0.10465624928474426 -0.9945066571235657 
vn -0.005727297160774469 -0.07399003952741623 -0.9972425103187561 
vn -0.3101649880409241 -0.10038134455680847 -0.9453682899475098 
vn -0.42210978269577026 -0.13397161662578583 -0.8965907096862793 
vn -0.7398806810379028 -0.1016942635178566 -0.6650074124336243 
vn -0.3488720953464508 -0.7250624299049377 -0.5937783122062683 
vn -0.5096081495285034 -0.7116977572441101 -0.4835140109062195 
vn 0.9378708600997925 -0.11300042271614075 -0.3280687630176544 
vn 0.7524286508560181 -0.06793663650751114 -0.6551609039306641 
vn 0.4101107716560364 -0.11934500187635422 -0.9041935205459595 
vn -0.005702008493244648 -0.16086316108703613 -0.986960232257843 
vn -0.00566988717764616 -0.36694297194480896 -0.9302261471748352 
vn -0.08582241088151932 -0.28862136602401733 -0.953589141368866 
vn 0.37303540110588074 -0.6763520836830139 -0.6351318359375 
vn 0.700621485710144 0.6459127068519592 -0.30319350957870483 
vn 0.3543183505535126 0.6338403820991516 -0.6875353455543518 
vn 0.7497568726539612 0.644447386264801 0.15017375349998474 
vn 0.5664023756980896 0.62905353307724 0.5324283838272095 
vn 0.5211068987846375 0.7467767000198364 0.41324591636657715 
vn 0.03962376341223717 0.7067689299583435 -0.7063339352607727 
vn 0.6839919686317444 0.7280464768409729 0.04586252197623253 
vn -0.001888211234472692 0.9893045425415039 -0.1458524912595749 
vn 0.35281145572662354 0.27409952878952026 -0.8946471214294434 
vn 0.0037756874226033688 0.6129299402236938 -0.790128231048584 
vn -0.007550950627774 0.999854564666748 -0.0152922747656703 
vn 0.007551451679319143 0.6922386288642883 -0.7216291427612305 
vn -1.0335603087361506e-13 0.9994630813598633 -0.03276457265019417 
vn -0.0018905557226389647 0.7016767859458923 -0.7124928832054138 
vn -0.007551451679319143 0.6922386288642883 -0.7216291427612305 
vn -1.0341130485562108e-13 0.999997615814209 -0.002184694167226553 
vn -0.001888211234472692 0.9893045425415039 -0.1458524912595749 
vn -6.374164840698346e-14 0.6163880825042725 -0.7874425053596497 
vn 0.8791036009788513 0.35341769456863403 0.3198012113571167 
vn 0.8791036009788513 0.35341769456863403 0.3198012113571167 
vn 0.8791036009788513 0.35341769456863403 0.3198012113571167 
vn 0.8791036009788513 0.35341769456863403 0.3198012113571167 
vn 0.36011335253715515 0.04503776505589485 0.931820809841156 
vn 0.36011335253715515 0.04503776505589485 0.931820809841156 
vn 0.36011335253715515 0.04503776505589485 0.931820809841156 
vn 0.36011335253715515 0.04503776505589485 0.931820809841156 
vn 0.6939274668693542 -0.6992650628089905 0.17173540592193604 
vn 0.717048168182373 -0.41761815547943115 0.5580654144287109 
vn 0.9647914171218872 -0.030168849974870682 0.2612801790237427 
vn 0.48489952087402344 -0.02258455939590931 0.87427818775177 
vn 0.9561822414398193 -0.06030905991792679 0.2864931523799896 
vn 0.9662240147590637 -0.1129353865981102 0.23163928091526031 
vn 0.9689472317695618 -0.037739481776952744 -0.24437066912651062 
vn -0.42452940344810486 0.8560581803321838 -0.2948545813560486 
vn -0.41775044798851013 0.8593866229057312 -0.2948545813560486 
vn -0.42452940344810486 0.8560581803321838 -0.2948545813560486 
vn -0.41775044798851013 0.8593866229057312 -0.2948545813560486 
vn 0.5246789455413818 0.3363737463951111 -0.7820260524749756 
vn 0.5246789455413818 0.3363737463951111 -0.7820260524749756 
vn 0.5246789455413818 0.3363737463951111 -0.7820260524749756 
vn 0.5246789455413818 0.3363737463951111 -0.7820260524749756 
vn 0.2112545222043991 0.8601271510124207 -0.4642767012119293 
vn 0.13736696541309357 0.9192148447036743 -0.3690181374549866 
vn -0.22394715249538422 0.8114542961120605 -0.5398051738739014 
vn -0.14468592405319214 0.8567929863929749 -0.4949462115764618 
vn -0.7566268444061279 0.4564632475376129 -0.46814218163490295 
vn -0.7379331588745117 0.5753644704818726 -0.3527185618877411 
vn -0.9474897384643555 0.30825507640838623 -0.08510008454322815 
vn -0.8813130855560303 0.47107166051864624 -0.03713129088282585 
vn -0.8936163783073425 0.24952827394008636 0.37307560443878174 
vn -0.8173680901527405 0.461746484041214 0.34452807903289795 
vn -0.6665143966674805 0.41164523363113403 0.6215357780456543 
vn -0.6523820161819458 0.46652358770370483 0.5972883701324463 
vn -0.007523417938500643 0.5268154144287109 0.8499464392662048 
vn -0.19989728927612305 0.8225333094596863 0.5324283838272095 
vn 0.17236658930778503 0.8472088575363159 0.5025205612182617 
vn 0.30345433950424194 0.7535356879234314 0.5831804275512695 
vn 0.46281152963638306 0.8041269183158875 0.37307560443878174 
vn 0.06783446669578552 0.9436432719230652 0.3239381015300751 
vn -0.341462641954422 0.24994917213916779 0.9060511589050293 
vn 0.303936630487442 0.7695008516311646 0.5616858005523682 
vn 0.457111120223999 0.8672041893005371 0.1975002884864807 
vn 0.34866592288017273 0.9070772528648376 -0.23588760197162628 
vn 0.11484987288713455 0.8591098785400391 -0.4987381398677826 
vn -0.0528678372502327 0.7536373138427734 -0.6551609039306641 
vn -0.6567643880844116 0.44167640805244446 -0.6112139225006104 
vn -0.669795572757721 0.6577798128128052 -0.34452807903289795 
vn -0.1084829568862915 0.5381425023078918 0.8358433246612549 
vn 0.21696360409259796 0.9118038415908813 0.34862664341926575 
vn -0.6142520308494568 0.5542594790458679 0.5616858005523682 
vn 0.3020173907279968 0.8904480338096619 0.34042292833328247 
vn -0.7038610577583313 0.30430033802986145 0.641857385635376 
vn -0.38936784863471985 0.9153613448143005 0.10250037163496017 
vn -0.5369330644607544 0.6992282271385193 0.4719987213611603 
vn -0.41516175866127014 0.899992048740387 0.1328723281621933 
vn -0.6751024127006531 0.6190442442893982 -0.401274174451828 
vn -0.634260356426239 0.5875260829925537 -0.5025205612182617 
vn -0.37007591128349304 0.9217898845672607 0.11553031951189041 
vn 0.373163640499115 0.9045929908752441 0.2060592919588089 
vn -0.4135475754737854 0.8972795605659485 0.15449213981628418 
vn -0.5966169238090515 0.7126526832580566 -0.3690181374549866 
vn 0.32755449414253235 0.9103749394416809 -0.25283506512641907 
vn -0.011323163285851479 0.8097075819969177 -0.5867242813110352 
vn -0.8218054175376892 0.5224282145500183 -0.22738653421401978 
vn -0.8911350965499878 0.40640178322792053 -0.2017817199230194 
vn -0.5188856720924377 0.4534801244735718 -0.7246471047401428 
vn 0.720743715763092 0.6726782321929932 -0.16742929816246033 
vn 0.720743715763092 0.6726782321929932 -0.16742929816246033 
vn 0.720743715763092 0.6726782321929932 -0.16742929816246033 
vn 0.720743715763092 0.6726782321929932 -0.16742929816246033 
vn -0.8936163783073425 0.24952827394008636 0.37307560443878174 
vn -0.6665143966674805 0.41164523363113403 0.6215357780456543 
vn -0.9474897384643555 0.30825507640838623 -0.08510008454322815 
vn -0.1222626194357872 0.932289719581604 0.34042292833328247 
vn -0.7566268444061279 0.4564632475376129 -0.46814218163490295 
vn 0.2112545222043991 0.8601271510124207 -0.4642767012119293 
vn -0.22394715249538422 0.8114542961120605 -0.5398051738739014 
vn -0.1224202811717987 0.8852443099021912 -0.4487268626689911 
vn -0.40891703963279724 0.7384850382804871 -0.5361219048500061 
vn -0.4953603148460388 0.6920849680900574 -0.5250110030174255 
vn -0.2210722267627716 0.707250714302063 0.6715083718299866 
vn -0.29015254974365234 0.6881690621376038 0.6650074124336243 
vn -0.5966169238090515 0.7126526832580566 -0.3690181374549866 
vn -0.8218054175376892 0.5224282145500183 -0.22738653421401978 
vn -0.9470826983451843 0.31883472204208374 0.03713129088282585 
vn -0.8313723802566528 0.5555052757263184 0.0152922747656703 
vn -0.8911350965499878 0.40640178322792053 -0.2017817199230194 
vn -0.441508948802948 0.8502891063690186 -0.2864931523799896 
vn 0.11817920953035355 0.6460903882980347 0.7540562748908997 
vn 0.6593787670135498 0.6527130007743835 0.37307560443878174 
vn -0.5188856720924377 0.4534801244735718 -0.7246471047401428 
vn -0.07355661690235138 0.8636258840560913 -0.4987381398677826 
vn -0.6253134608268738 0.3632000982761383 0.6907016038894653 
vn -0.8598827123641968 0.26392266154289246 0.43697428703308105 
vn -0.011323163285851479 0.8097075819969177 -0.5867242813110352 
vn 0.16165044903755188 0.9650951623916626 -0.2060592919588089 
vn -0.9557969570159912 0.2684837281703949 -0.11986933648586273 
vn 0.32755449414253235 0.9103749394416809 -0.25283506512641907 
vn 0.19135907292366028 0.969285249710083 0.15449213981628418 
vn -0.8574743270874023 0.3746030032634735 -0.3527185618877411 
vn 0.373163640499115 0.9045929908752441 0.2060592919588089 
vn 0.2130972295999527 0.9142701625823975 0.34452807903289795 
vn -0.8513121008872986 0.3884035646915436 -0.3527185618877411 
vn 0.3020173907279968 0.8904480338096619 0.34042292833328247 
vn 0.17611399292945862 0.8781349658966064 0.44481781125068665 
vn -0.3007067143917084 0.7912619113922119 0.5324283838272095 
vn -0.5298008322715759 0.4204295575618744 -0.736579954624176 
vn 0.10735812038183212 0.7732452750205994 -0.6249527335166931 
vn 0.21696360409259796 0.9118038415908813 0.34862664341926575 
vn -0.1084829568862915 0.5381425023078918 0.8358433246612549 
vn -0.5770555734634399 0.3708510994911194 0.7276512384414673 
vn -0.19678154587745667 0.8815625309944153 -0.42909738421440125 
vn -0.6142520308494568 0.5542594790458679 0.5616858005523682 
vn -0.6342722773551941 0.5743143558502197 0.5175535082817078 
vn 0.6251509189605713 0.5147241353988647 0.5867242813110352 
vn 0.7914990782737732 0.6105102896690369 0.028397228568792343 
vn -0.5219630599021912 0.6191197037696838 0.5867242813110352 
vn -0.6684866547584534 0.7431817650794983 0.028397228568792343 
vn -0.6961454749107361 0.7174984812736511 -0.024029340595006943 
vn -0.3356015086174011 0.8718157410621643 0.3568037748336792 
vn -0.8053569197654724 -0.5925928950309753 0.0152922747656703 
vn -0.39456111192703247 -0.8342293500900269 0.3852050006389618 
vn 0.3282029330730438 -0.8588560223579407 0.3932546079158783 
vn 0.32147666811943054 0.8771224617958069 0.3568037748336792 
vn 0.7776288986206055 -0.6284160614013672 0.01966099627315998 
vn 0.6907731294631958 0.7228041887283325 -0.01966099627315998 
vn 0.06951025128364563 0.5147495865821838 0.8545181155204773 
vn 0.649381697177887 0.6693784594535828 0.36088213324546814 
vn 0.8429361581802368 0.2017892748117447 0.4987381398677826 
vn 0.37978506088256836 0.519514799118042 -0.7654199600219727 
vn 0.5117117166519165 -0.015099119395017624 -0.8590245246887207 
vn -0.22586172819137573 -0.14351561665534973 -0.9635298252105713 
vn -0.16495457291603088 -0.7954185009002686 -0.5831804275512695 
vn -0.22586172819137573 -0.14351561665534973 -0.9635298252105713 
vn -0.13167428970336914 -0.819283127784729 -0.5580654144287109 
vn -0.13527484238147736 -0.80100017786026 -0.5831804275512695 
vn -0.17904028296470642 0.61463463306427 -0.7682244777679443 
vn -0.22586172819137573 -0.14351561665534973 -0.9635298252105713 
vn -0.8435996174812317 -0.030215149745345116 -0.5361219048500061 
vn -0.7063888311386108 -0.6250300407409668 -0.33219319581985474 
vn -0.5297340750694275 0.18122917413711548 0.8285757899284363 
vn -0.43712562322616577 -0.45844414830207825 0.7737894654273987 
vn -0.42023026943206787 0.6675266623497009 0.6146662831306458 
vn -0.6868758797645569 0.5177295207977295 -0.5100564956665039 
vn 0.6831043362617493 0.721807062625885 -0.1111890971660614 
vn -0.0150928208604455 0.9991964101791382 0.03713129088282585 
vn 0.7212797403335571 0.6599360108375549 0.2103329300880432 
vn 0.03204481303691864 0.9272474050521851 0.37307560443878174 
vn 0.3484969735145569 0.4335496723651886 0.8310141563415527 
vn -0.28944146633148193 0.13105839490890503 0.9481810927391052 
vn 0.534188985824585 0.14151102304458618 0.8334367275238037 
vn -0.17809659242630005 -0.19404903054237366 0.9646899104118347 
vn -0.7304179668426514 0.66105717420578 0.17173540592193604 
vn -0.6058553457260132 0.6258722543716431 0.4911448359489441 
vn -0.8605849742889404 -0.082864910364151 0.5025205612182617 
vn -0.7578772306442261 -0.40202176570892334 0.5138099193572998 
vn -0.9790608286857605 -0.06409227102994919 0.19321508705615997 
vn -0.9790608286857605 -0.06409227102994919 0.19321508705615997 
vn -0.892611563205719 -0.42028144001960754 0.16312000155448914 
vn -0.8605849742889404 -0.082864910364151 0.5025205612182617 
vn -0.7578772306442261 -0.40202176570892334 0.5138099193572998 
vn -0.17809659242630005 -0.19404903054237366 0.9646899104118347 
vn -0.28944146633148193 0.13105839490890503 0.9481810927391052 
vn 0.534188985824585 0.14151102304458618 0.8334367275238037 
vn 0.3484969735145569 0.4335496723651886 0.8310141563415527 
vn 0.9009549617767334 0.3818635642528534 0.2060592919588089 
vn 0.7212797403335571 0.6599360108375549 0.2103329300880432 
vn 0.6831043362617493 0.721807062625885 -0.1111890971660614 
vn 0.03204481303691864 0.9272474050521851 0.37307560443878174 
vn -0.0150928208604455 0.9991964101791382 0.03713129088282585 
vn 0.6831043362617493 0.721807062625885 -0.1111890971660614 
vn -0.7304179668426514 0.66105717420578 0.17173540592193604 
vn -0.6058553457260132 0.6258722543716431 0.4911448359489441 
vn -0.9790608286857605 -0.06409227102994919 0.19321508705615997 
vn 0.730242908000946 -0.4709284007549286 0.4949462115764618 
vn 0.47107815742492676 -0.6426025629043579 -0.6042742133140564 
vn 0.8909968137741089 0.423693984746933 -0.16312000155448914 
vn 0.6831043362617493 0.721807062625885 -0.1111890971660614 
vn 0.9009549617767334 0.3818635642528534 0.2060592919588089 
vn 0.7212797403335571 0.6599360108375549 0.2103329300880432 
vn 0.3484969735145569 0.4335496723651886 0.8310141563415527 
vn 0.03204481303691864 0.9272474050521851 0.37307560443878174 
vn -0.28944146633148193 0.13105839490890503 0.9481810927391052 
vn -0.6058553457260132 0.6258722543716431 0.4911448359489441 
vn -0.8605849742889404 -0.082864910364151 0.5025205612182617 
vn -0.9790608286857605 -0.06409227102994919 0.19321508705615997 
vn 0.534188985824585 0.14151102304458618 0.8334367275238037 
vn -0.17809659242630005 -0.19404903054237366 0.9646899104118347 
vn -0.7578772306442261 -0.40202176570892334 0.5138099193572998 
vn -0.892611563205719 -0.42028144001960754 0.16312000155448914 
vn -7.509239134369586e-14 0.7261508703231812 -0.6875353455543518 
vn -0.011339573189616203 0.7290598750114441 -0.6843559741973877 
vn -6.374164840698346e-14 0.6163880825042725 -0.7874425053596497 
vn 0.0037756874226033688 0.6129299402236938 -0.790128231048584 
vn -7.509239134369586e-14 0.7261508703231812 -0.6875353455543518 
vn -1.0341130485562108e-13 0.999997615814209 -0.002184694167226553 
vn -0.011339573189616203 0.7290598750114441 -0.6843559741973877 
vn -0.3127090334892273 0.8769389390945435 -0.3649536371231079 
vn -0.26590028405189514 0.5210258364677429 -0.8110666871070862 
vn -0.9391356706619263 0.16154858469963074 -0.30319350957870483 
vn -0.10738369077444077 0.9060752987861633 -0.40926313400268555 
vn -0.6750892400741577 0.3454582691192627 -0.651853621006012 
vn -1.0341130485562108e-13 0.999997615814209 0.002184694167226553 
vn -1.0341130485562108e-13 0.999997615814209 -0.002184694167226553 
vn -0.003776323748752475 0.9159501791000366 -0.401274174451828 
vn 0.11113311350345612 0.9056230783462524 -0.40926313400268555 
vn 0.2159300446510315 0.36393067240715027 -0.9060511589050293 
vn 0.6733609437942505 0.34881505370140076 -0.651853621006012 
vn -3.878985010258816e-14 0.3751016855239868 -0.926983654499054 
vn -0.2159300446510315 0.36393067240715027 -0.9060511589050293 
vn -0.892611563205719 -0.42028144001960754 0.16312000155448914 
vn -0.7578772306442261 -0.40202176570892334 0.5138099193572998 
vn -0.9790608286857605 -0.06409227102994919 0.19321508705615997 
vn -0.8605849742889404 -0.082864910364151 0.5025205612182617 
vn -0.28944146633148193 0.13105839490890503 0.9481810927391052 
vn -0.17809659242630005 -0.19404903054237366 0.9646899104118347 
vn 0.3484969735145569 0.4335496723651886 0.8310141563415527 
vn 0.534188985824585 0.14151102304458618 0.8334367275238037 
vn 0.7212797403335571 0.6599360108375549 0.2103329300880432 
vn 0.9009549617767334 0.3818635642528534 0.2060592919588089 
vn 0.8909968137741089 0.423693984746933 -0.16312000155448914 
vn -0.6058553457260132 0.6258722543716431 0.4911448359489441 
vn 0.03204481303691864 0.9272474050521851 0.37307560443878174 
vn 0.6831043362617493 0.721807062625885 -0.1111890971660614 
vn -0.0150928208604455 0.9991964101791382 0.03713129088282585 
vn -0.7304179668426514 0.66105717420578 0.17173540592193604 
vn -0.9790608286857605 -0.06409227102994919 0.19321508705615997 
vn -0.7304179668426514 0.66105717420578 0.17173540592193604 
vn -0.0150928208604455 0.9991964101791382 0.03713129088282585 
vn 0.6831043362617493 0.721807062625885 -0.1111890971660614 
vn 0.6831043362617493 0.721807062625885 -0.1111890971660614 
vn 0.7212797403335571 0.6599360108375549 0.2103329300880432 
vn 0.8909968137741089 0.423693984746933 -0.16312000155448914 
vn 0.9009549617767334 0.3818635642528534 0.2060592919588089 
vn 0.534188985824585 0.14151102304458618 0.8334367275238037 
vn 0.3484969735145569 0.4335496723651886 0.8310141563415527 
vn -0.17809659242630005 -0.19404903054237366 0.9646899104118347 
vn -0.28944146633148193 0.13105839490890503 0.9481810927391052 
vn -0.7578772306442261 -0.40202176570892334 0.5138099193572998 
vn -0.8605849742889404 -0.082864910364151 0.5025205612182617 
vn -0.9790608286857605 -0.06409227102994919 0.19321508705615997 
vn -0.6058553457260132 0.6258722543716431 0.4911448359489441 
vn 0.03204481303691864 0.9272474050521851 0.37307560443878174 
vn 0.6831043362617493 0.721807062625885 -0.1111890971660614 
vn -0.0150928208604455 0.9991964101791382 0.03713129088282585 
vn -0.7304179668426514 0.66105717420578 0.17173540592193604 
vn -0.9790608286857605 -0.06409227102994919 0.19321508705615997 
vn 0.6831043362617493 0.721807062625885 -0.1111890971660614 
vn 0.7212797403335571 0.6599360108375549 0.2103329300880432 
vn 0.8909968137741089 0.423693984746933 -0.16312000155448914 
vn 0.9009549617767334 0.3818635642528534 0.2060592919588089 
vn 0.534188985824585 0.14151102304458618 0.8334367275238037 
vn 0.3484969735145569 0.4335496723651886 0.8310141563415527 
vn -0.17809659242630005 -0.19404903054237366 0.9646899104118347 
vn -0.28944146633148193 0.13105839490890503 0.9481810927391052 
vn -0.7578772306442261 -0.40202176570892334 0.5138099193572998 
vn -0.8605849742889404 -0.082864910364151 0.5025205612182617 
vn -0.9790608286857605 -0.06409227102994919 0.19321508705615997 
vn -0.6058553457260132 0.6258722543716431 0.4911448359489441 
vn 0.03204481303691864 0.9272474050521851 0.37307560443878174 
vn 0.6831043362617493 0.721807062625885 -0.1111890971660614 
vn -0.0150928208604455 0.9991964101791382 0.03713129088282585 
vn -0.7304179668426514 0.66105717420578 0.17173540592193604 
vn -0.9790608286857605 -0.06409227102994919 0.19321508705615997 
vn -0.9790608286857605 -0.06409227102994919 0.19321508705615997 
vn -0.892611563205719 -0.42028144001960754 0.16312000155448914 
vn -0.007523417938500643 0.5268154144287109 0.8499464392662048 
vn 0.17236658930778503 0.8472088575363159 0.5025205612182617 
vn -0.282042533159256 -0.07851190865039825 -0.9561840295791626 
vn -0.7080164551734924 -0.13144715130329132 -0.6938546895980835 
vn -0.7051032185554504 -0.14627055823802948 -0.6938546895980835 
vn -0.9720692038536072 -0.1392422467470169 -0.18892620503902435 
vn -0.9669020771980286 -0.15046565234661102 -0.2060592919588089 
vn -0.9550888538360596 -0.11304221302270889 -0.27391019463539124 
vn 0.5786608457565308 0.5773276686668396 0.5760593414306641 
vn 0.5779946446418762 0.5779946446418762 -0.5760593414306641 
vn 0.0037707132287323475 0.6025202870368958 0.7980946898460388 
vn 0.0018891289364546537 0.6025291085243225 -0.7980946898460388 
vn 2.570402658080839e-13 -0.8273506164550781 -0.5616858005523682 
vn 0.5779946446418762 -0.5779946446418762 -0.5760593414306641 
vn 0.5786608457565308 -0.5773276686668396 0.5760593414306641 
vn 0.001886209356598556 -0.8273484706878662 0.5616858005523682 
vn 0.3000216782093048 -0.3040083348751068 0.9041935205459595 
vn -0.30268529057502747 -0.30135640501976013 0.9041935205459595 
vn 0.0037707132287323475 0.6025202870368958 0.7980946898460388 
vn -0.30268529057502747 0.30135640501976013 0.9041935205459595 
vn 0.5786608457565308 0.5773276686668396 0.5760593414306641 
vn 0.3000216782093048 0.3040083348751068 0.9041935205459595 
vn -0.0018859856063500047 0.7047832608222961 0.7094202041625977 
vn 2.2087961613816848e-13 -0.7109582424163818 0.7032341957092285 
vn 0.5786608457565308 0.5773276686668396 0.5760593414306641 
vn 0.5786608457565308 -0.5773276686668396 0.5760593414306641 
vn 0.5779946446418762 -0.5779946446418762 -0.5760593414306641 
vn -0.001889626495540142 -0.7109557390213013 -0.7032341957092285 
vn 0.3040194809436798 -0.3000103831291199 -0.9041935205459595 
vn -0.3013526499271393 -0.3026890456676483 -0.9041935205459595 
vn 0.0037783945444971323 0.7047756314277649 -0.7094202041625977 
vn -0.3013526499271393 0.3026890456676483 -0.9041935205459595 
vn 0.5779946446418762 0.5779946446418762 -0.5760593414306641 
vn 0.5786608457565308 0.5773276686668396 0.5760593414306641 
vn 0.3040194809436798 0.3000103831291199 -0.9041935205459595 
vn -0.6567643880844116 0.44167640805244446 -0.6112139225006104 
vn -0.0528678372502327 0.7536373138427734 -0.6551609039306641 
vn -0.021841906011104584 0.032688722014427185 -0.9992268681526184 
vn 0.11484987288713455 0.8591098785400391 -0.4987381398677826 
vn 0.11094783246517181 -0.08434034883975983 -0.9902410507202148 
vn 0.6416194438934326 0.10525413602590561 -0.7597671151161194 
vn 0.45114588737487793 -0.29974061250686646 -0.8406086564064026 
vn 0.9485026597976685 0.17278584837913513 -0.26549527049064636 
vn 0.7495865225791931 -0.479280948638916 -0.456519216299057 
vn 0.9590848684310913 0.13546836376190186 0.24860523641109467 
vn 0.8277795314788818 -0.5417639017105103 0.1458524912595749 
vn 0.7932118773460388 0.07528352737426758 0.6042742133140564 
vn 0.8292044401168823 -0.20169192552566528 0.5212872624397278 
vn 0.07718852162361145 0.14614298939704895 0.9862475395202637 
vn 0.34040766954421997 -0.3923282325267792 0.8545181155204773 
vn -0.09359962493181229 0.5260136723518372 0.8453097939491272 
vn 0.2508091926574707 0.20173080265522003 0.946783721446991 
vn 0.45118364691734314 -0.8493565320968628 0.27391019463539124 
vn 0.29079869389533997 -0.8118516802787781 -0.5062933564186096 
vn 0.026463009417057037 -0.4302566647529602 -0.9023185968399048 
vn -0.14751295745372772 -0.17023903131484985 -0.9742990136146545 
vn -0.2666368782520294 -0.022694144397974014 -0.9635298252105713 
vn -0.020761827006936073 -0.9527028203010559 0.30319350957870483 
vn -0.2189340591430664 -0.9301229119300842 -0.2948545813560486 
vn -0.38400664925575256 -0.5946690440177917 -0.7063339352607727 
vn -0.343104749917984 -0.2119181603193283 -0.9150791168212891 
vn -0.34538882970809937 -0.11142971366643906 -0.931820809841156 
vn -0.7694270610809326 -0.5552853941917419 -0.31565824151039124 
vn -0.6636062860488892 -0.6235820055007935 0.41324591636657715 
vn -0.29593005776405334 -0.4623757302761078 0.8358433246612549 
vn -0.1255711317062378 -0.6807960271835327 0.7216291427612305 
vn 0.06951025128364563 0.5147495865821838 0.8545181155204773 
vn -0.6253134608268738 0.3632000982761383 0.6907016038894653 
vn -0.8598827123641968 0.26392266154289246 0.43697428703308105 
vn -0.9557969570159912 0.2684837281703949 -0.11986933648586273 
vn -0.34090590476989746 -0.17497482895851135 -0.9236704111099243 
vn -0.8574743270874023 0.3746030032634735 -0.3527185618877411 
vn -0.8513121008872986 0.3884035646915436 -0.3527185618877411 
vn -0.017020436003804207 0.44644907116889954 -0.8946471214294434 
vn -0.5298008322715759 0.4204295575618744 -0.736579954624176 
vn 0.37978506088256836 0.519514799118042 -0.7654199600219727 
vn -0.17904028296470642 0.61463463306427 -0.7682244777679443 
vn 0.649381697177887 0.6693784594535828 0.36088213324546814 
vn 0.1406179964542389 0.797484278678894 0.5867242813110352 
vn -0.42023026943206787 0.6675266623497009 0.6146662831306458 
vn -0.6868758797645569 0.5177295207977295 -0.5100564956665039 
vn 0.659851610660553 0.4738105833530426 -0.5831804275512695 
vn 0.659851610660553 0.4738105833530426 -0.5831804275512695 
vn 0.659851610660553 0.4738105833530426 -0.5831804275512695 
vn 0.659851610660553 0.4738105833530426 -0.5831804275512695 
vn -0.6227485537528992 0.5176281332969666 0.5867242813110352 
vn -0.6599567532539368 0.40132859349250793 0.6351318359375 
vn 0.41231220960617065 -0.16162826120853424 0.8965907096862793 
vn -0.1890406310558319 0.5866838097572327 0.7874425053596497 
vn 0.3475712537765503 -0.6095474362373352 0.7124928832054138 
vn 0.20189665257930756 0.8361101150512695 0.5100564956665039 
vn 0.10011419653892517 -0.21593043208122253 0.9712626934051514 
vn 0.6635683178901672 -0.27180084586143494 0.6969945430755615 
vn 0.32319408655166626 -0.6401126384735107 0.6969945430755615 
vn -0.0376342236995697 -0.4877909719944 0.872148871421814 
vn 0.23379755020141602 0.7390734553337097 0.6317508816719055 
vn -0.3041897714138031 0.5670986771583557 0.7654199600219727 
vn -0.20813614130020142 0.6893801689147949 0.6938546895980835 
vn -0.31249380111694336 0.6718810200691223 0.6715083718299866 
vn -0.18988947570323944 0.6722553968429565 0.715552031993866 
vn -0.29015254974365234 0.6881690621376038 0.6650074124336243 
vn -0.2210722267627716 0.707250714302063 0.6715083718299866 
vn -0.298631876707077 0.4820965826511383 0.8236515522003174 
vn -0.5006369352340698 0.2506488263607025 0.8285757899284363 
vn -0.298631876707077 0.4820965826511383 0.8236515522003174 
vn 0.10011419653892517 -0.21593043208122253 0.9712626934051514 
vn -0.1222626194357872 0.932289719581604 0.34042292833328247 
vn 0.20189665257930756 0.8361101150512695 0.5100564956665039 
vn 0.41231220960617065 -0.16162826120853424 0.8965907096862793 
vn -0.07894793152809143 0.6453844904899597 0.7597671151161194 
vn -0.6599567532539368 0.40132859349250793 0.6351318359375 
vn -0.5369330644607544 0.6992282271385193 0.4719987213611603 
vn -0.07894793152809143 0.6453844904899597 0.7597671151161194 
vn -0.5369330644607544 0.6992282271385193 0.4719987213611603 
vn -0.6876904368400574 0.659663200378418 -0.30319350957870483 
vn -0.7446149587631226 0.647256076335907 0.16312000155448914 
vn -0.3477056920528412 0.6374918818473816 -0.6875353455543518 
vn -0.5696808099746704 0.632318913936615 0.5250110030174255 
vn -0.5222128033638 0.7437880039215088 0.417220801115036 
vn -0.04339292645454407 0.7065474987030029 -0.7063339352607727 
vn -0.6962651014328003 0.7176218032836914 0.0152922747656703 
vn 0.011319913901388645 0.9872446656227112 -0.15880759060382843 
vn -0.21025942265987396 0.24370379745960236 -0.946783721446991 
vn 0.013225226663053036 0.643395185470581 -0.7654199600219727 
vn -0.001888211234472692 0.9893045425415039 -0.1458524912595749 
vn -1.0341130485562108e-13 0.999997615814209 -0.002184694167226553 
vn 0.007550950627774 0.999854564666748 -0.0152922747656703 
vn -0.24222204089164734 0.003786193672567606 -0.9702134728431702 
vn -0.2159300446510315 0.36393067240715027 -0.9060511589050293 
vn -0.7109482288360596 0.003779239719733596 -0.7032341957092285 
vn -0.6750892400741577 0.3454582691192627 -0.651853621006012 
vn -0.7109482288360596 0.003779239719733596 -0.7032341957092285 
vn -0.9756258130073547 -0.07545751333236694 -0.2060592919588089 
vn -0.9669020771980286 -0.15046565234661102 -0.2060592919588089 
vn -0.9554048180580139 -0.0866372287273407 0.28230419754981995 
vn -0.9811564087867737 -2.0249009717240862e-13 -0.19321508705615997 
vn -0.9811564087867737 -2.0249009717240862e-13 -0.19321508705615997 
vn -0.9391356706619263 0.16154858469963074 -0.30319350957870483 
vn -0.9660348296165466 -0.026396896690130234 0.25706008076667786 
vn -0.9828073978424072 -2.0326728039470054e-13 0.18463370203971863 
vn -0.9911839365959167 -0.12430208176374435 -0.04586252197623253 
vn -0.9445546269416809 -0.09042376279830933 0.31565824151039124 
vn -0.9284678101539612 -0.2969188988208771 0.22312943637371063 
vn -0.6989939212799072 -0.43332064151763916 0.5688942670822144 
vn -0.6821185350418091 -0.7128157019615173 0.16312000155448914 
vn -0.43980321288108826 -0.07861056178808212 0.8946471214294434 
vn -0.9229117631912231 -0.18742620944976807 0.3363112509250641 
vn -0.5415773987770081 -0.12692266702651978 0.8310141563415527 
vn 0.2870177626609802 -0.030040696263313293 0.9574540853500366 
vn 0.05085243657231331 -0.712211012840271 0.7001210451126099 
vn 0.8551788330078125 -0.3598385751247406 0.37307560443878174 
vn 0.39019519090652466 0.8841198086738586 0.25706008076667786 
vn 0.9228310585021973 0 0.3852050006389618 
vn -0.2629226744174957 0.9630141854286194 0.058952588587999344 
vn -0.2629226744174957 0.9630141854286194 0.058952588587999344 
vn -0.27032554149627686 0.9614579081535339 0.05022686347365379 
vn -0.27032554149627686 0.9614579081535339 0.05022686347365379 
vn -0.36009475588798523 -0.0451861210167408 -0.931820809841156 
vn -0.36009475588798523 -0.0451861210167408 -0.931820809841156 
vn -0.36009475588798523 -0.0451861210167408 -0.931820809841156 
vn -0.36009475588798523 -0.0451861210167408 -0.931820809841156 
vn -0.5852813124656677 -0.5812803506851196 0.5652954578399658 
vn -0.6903115510940552 -0.7223212122917175 0.04149730131030083 
vn 0.5826170444488525 -0.5839506983757019 0.5652954578399658 
vn 0.6903115510940552 -0.7223212122917175 0.04149730131030083 
vn -0.6732616424560547 -0.20842686295509338 -0.7094202041625977 
vn -0.6732616424560547 -0.20842686295509338 -0.7094202041625977 
vn -0.6732616424560547 -0.20842686295509338 -0.7094202041625977 
vn -0.6732616424560547 -0.20842686295509338 -0.7094202041625977 
vn -0.5679983496665955 0.822887659072876 0.0152922747656703 
vn -0.2569306194782257 0.8981524109840393 0.3568037748336792 
vn -0.6684866547584534 0.7431817650794983 0.028397228568792343 
vn -0.5219630599021912 0.6191197037696838 0.5867242813110352 
vn 0.6251509189605713 0.5147241353988647 0.5867242813110352 
vn 0.34326279163360596 0.8903670907020569 0.2990269064903259 
vn 0.7914990782737732 0.6105102896690369 0.028397228568792343 
vn 0.6685633063316345 0.7432669401168823 0.024029340595006943 
vn 0.2955954074859619 0.6225029230117798 0.7246471047401428 
vn 0.25690823793411255 0.9029388427734375 0.34452807903289795 
vn -0.0018868284532800317 0.9357275366783142 0.3527185618877411 
vn 0.3436853885650635 0.9111397862434387 -0.22738653421401978 
vn -0.0018880317220464349 0.9747869968414307 -0.22312943637371063 
vn 0.31570833921432495 0.5871402621269226 -0.7453821301460266 
vn 0.003781221341341734 0.5849415063858032 -0.8110666871070862 
vn -0.003777687903493643 0.844132125377655 -0.5361219048500061 
vn -0.31570833921432495 0.5871402621269226 -0.7453821301460266 
vn -0.39394888281822205 0.7075018882751465 -0.5867242813110352 
vn -0.8173960447311401 0.4283466339111328 -0.3852050006389618 
vn -0.9565008282661438 0.28657644987106323 -0.05459024757146835 
vn -0.8906495571136475 0.4408859312534332 -0.1111890971660614 
vn -0.5992759466171265 0.683224081993103 0.417220801115036 
vn -0.8301325440406799 0.3698740303516388 0.417220801115036 
vn -0.6797127723693848 0.7330846786499023 0.024029340595006943 
vn -0.6358216404914856 0.7704722285270691 0.04586252197623253 
vn -0.3436853885650635 0.9111397862434387 -0.22738653421401978 
vn -0.25690823793411255 0.9029388427734375 0.34452807903289795 
vn -0.8578656911849976 0.4872969388961792 0.16312000155448914 
vn -0.3023916780948639 0.6192300319671631 0.7246471047401428 
vn -0.5169665217399597 0.45566675066947937 0.7246471047401428 
vn -0.4445439279079437 0.8957543969154358 0.002184694167226553 
vn 0.3000216782093048 -0.3040083348751068 0.9041935205459595 
vn 0.7071051001548767 -0.7071051001548767 0.002184694167226553 
vn -0.30268529057502747 -0.30135640501976013 0.9041935205459595 
vn -0.7071051001548767 -0.7071051001548767 0.002184694167226553 
vn -0.30268529057502747 0.30135640501976013 0.9041935205459595 
vn -0.7071051001548767 0.7071051001548767 0.002184694167226553 
vn 0.3000216782093048 0.3040083348751068 0.9041935205459595 
vn 0.7071051001548767 0.7071051001548767 0.002184694167226553 
vn 0.3000216782093048 -0.3040083348751068 0.9041935205459595 
vn 0.7071051001548767 -0.7071051001548767 0.002184694167226553 
vn 0.7071051001548767 -0.7071051001548767 0.002184694167226553 
vn -0.7071051001548767 -0.7071051001548767 0.002184694167226553 
vn -0.7071051001548767 0.7071051001548767 0.002184694167226553 
vn 0.7071051001548767 0.7071051001548767 0.002184694167226553 
vn 0.7071051001548767 -0.7071051001548767 0.002184694167226553 
vn 0.7071051001548767 -0.7071051001548767 0.002184694167226553 
vn -0.7071051001548767 -0.7071051001548767 0.002184694167226553 
vn -0.7071051001548767 0.7071051001548767 -0.002184694167226553 
vn 0.7071051001548767 0.7071051001548767 -0.002184694167226553 
vn 0.7071051001548767 -0.7071051001548767 0.002184694167226553 
vn 0.7071051001548767 -0.7071051001548767 0.002184694167226553 
vn -0.7071051001548767 -0.7071051001548767 0.002184694167226553 
vn -0.7071051001548767 0.7071051001548767 -0.002184694167226553 
vn 0.7071051001548767 0.7071051001548767 -0.002184694167226553 
vn 0.7071051001548767 -0.7071051001548767 0.002184694167226553 
vn 0.3040194809436798 -0.3000103831291199 -0.9041935205459595 
vn -0.3013526499271393 -0.3026890456676483 -0.9041935205459595 
vn -0.3013526499271393 0.3026890456676483 -0.9041935205459595 
vn 0.3040194809436798 0.3000103831291199 -0.9041935205459595 
vn 0.3040194809436798 -0.3000103831291199 -0.9041935205459595 
vn 0.23586858808994293 0.20664280652999878 0.949560284614563 
vn 0.3259613811969757 0.11775235831737518 0.9380210638046265 
vn 0.6364734768867493 0.5285930037498474 0.5616858005523682 
vn 0.6314265131950378 0.33336329460144043 0.7001210451126099 
vn 0.7532796263694763 0.657261312007904 0.024029340595006943 
vn 0.8492022156715393 0.5237135291099548 0.06767380982637405 
vn 0.69414883852005 0.4501849114894867 -0.5616858005523682 
vn 0.6998348236083984 0.6091353297233582 -0.37307560443878174 
vn 0.5077267289161682 0.4369935393333435 -0.7424622178077698 
vn 0.38016802072525024 0.26311811804771423 -0.8867024183273315 
vn 0.10048774629831314 0.1312175840139389 -0.9862475395202637 
vn 0.024278845638036728 0.07472260296344757 -0.9969087839126587 
vn -0.41002345085144043 -0.10465224087238312 -0.9060511589050293 
vn -0.3425445556640625 -0.05272264778614044 -0.9380210638046265 
vn -0.791379451751709 -0.2237807959318161 -0.5688942670822144 
vn -0.7662819027900696 -0.1870758831501007 -0.6146662831306458 
vn -0.9604862332344055 -0.27201247215270996 -0.058952588587999344 
vn -0.9611472487449646 -0.2721996605396271 -0.04586252197623253 
vn -0.8117302656173706 -0.2633506655693054 0.5212872624397278 
vn -0.8245636224746704 -0.26712384819984436 0.4987381398677826 
vn -0.4763166308403015 -0.18761485815048218 0.8590245246887207 
vn -0.44237881898880005 -0.1903681606054306 0.8763908743858337 
vn 0.16026733815670013 0.014961598441004753 0.986960232257843 
vn 0.023890703916549683 -0.03656744584441185 0.9990455508232117 
vn 0.39485815167427063 0.29526612162590027 0.8700028657913208 
vn 0.23586858808994293 0.20664280652999878 0.949560284614563 
vn 0.3259613811969757 0.11775235831737518 0.9380210638046265 
vn -0.3910467028617859 0.9181905388832092 0.0633138045668602 
vn -0.3980844020843506 0.9154525399208069 0.058952588587999344 
vn -0.39124855399131775 0.9186645150184631 0.05459024757146835 
vn -0.39124855399131775 0.9186645150184631 0.05459024757146835 
vn -0.36146169900894165 0.9318110942840576 0.03276457265019417 
vn -0.36140647530555725 0.931668758392334 0.03713129088282585 
vn -0.36140647530555725 0.931668758392334 0.03713129088282585 
vn -0.36140647530555725 0.931668758392334 0.03713129088282585 
vn -0.5343558192253113 0.8400384783744812 0.09380380809307098 
vn -0.5343558192253113 0.8400384783744812 0.09380380809307098 
vn -0.5343558192253113 0.8400384783744812 0.09380380809307098 
vn -0.5343558192253113 0.8400384783744812 0.09380380809307098 
vn 0.25552424788475037 0.23414483666419983 -0.9380210638046265 
vn 0.25552424788475037 0.23414483666419983 -0.9380210638046265 
vn 0.25552424788475037 0.23414483666419983 -0.9380210638046265 
vn 0.25552424788475037 0.23414483666419983 -0.9380210638046265 
vn -0.040742456912994385 0.10578534007072449 -0.9935539960861206 
vn -0.040742456912994385 0.10578534007072449 -0.9935539960861206 
vn -0.040742456912994385 0.10578534007072449 -0.9935539960861206 
vn -0.040742456912994385 0.10578534007072449 -0.9935539960861206 
vn 0.45122161507606506 0.4299236238002777 0.7820260524749756 
vn 0.45122161507606506 0.4299236238002777 0.7820260524749756 
vn 0.45122161507606506 0.4299236238002777 0.7820260524749756 
vn 0.45122161507606506 0.4299236238002777 0.7820260524749756 
vn 0.7111796736717224 0.6033138036727905 0.36088213324546814 
vn 0.7111796736717224 0.6033138036727905 0.36088213324546814 
vn 0.7111796736717224 0.6033138036727905 0.36088213324546814 
vn 0.7111796736717224 0.6033138036727905 0.36088213324546814 
vn 0.05386907607316971 0.2143334001302719 0.9752739667892456 
vn 0.05386907607316971 0.2143334001302719 0.9752739667892456 
vn 0.05386907607316971 0.2143334001302719 0.9752739667892456 
vn 0.05386907607316971 0.2143334001302719 0.9752739667892456 
vn 0.7497568726539612 0.644447386264801 0.15017375349998474 
vn 0.6712797284126282 0.5194551348686218 -0.528724730014801 
vn 0.700621485710144 0.6459127068519592 -0.30319350957870483 
vn 0.47203755378723145 0.32706132531166077 -0.8186644315719604 
vn 0.3543183505535126 0.6338403820991516 -0.6875353455543518 
vn -0.4025779664516449 0.3838573098182678 -0.8310141563415527 
vn -0.5067898035049438 0.29914364218711853 -0.8085030317306519 
vn 0.03962376341223717 0.7067689299583435 -0.7063339352607727 
vn 0.007551451679319143 0.6922386288642883 -0.7216291427612305 
vn -0.6568188667297363 0.18641915917396545 -0.7306414246559143 
vn -0.0018905557226389647 0.7016767859458923 -0.7124928832054138 
vn -0.0019445375073701143 0.00851957593113184 -0.999961793422699 
vn 0.6559948921203613 0.16468356549739838 -0.736579954624176 
vn -0.007551451679319143 0.6922386288642883 -0.7216291427612305 
vn 0.5087012052536011 0.29588159918785095 -0.8085030317306519 
vn -0.04339292645454407 0.7065474987030029 -0.7063339352607727 
vn -0.3477056920528412 0.6374918818473816 -0.6875353455543518 
vn 0.3015625774860382 0.33491915464401245 -0.8926864862442017 
vn -0.42772966623306274 0.35561603307724 -0.8310141563415527 
vn -0.6876904368400574 0.659663200378418 -0.30319350957870483 
vn -0.6339280009269714 0.5538462400436401 -0.5398051738739014 
vn -0.7446149587631226 0.647256076335907 0.16312000155448914 
vn 0.14343467354774475 0.47568878531455994 -0.8678402304649353 
vn 0.14343467354774475 0.47568878531455994 -0.8678402304649353 
vn 0.14343467354774475 0.47568878531455994 -0.8678402304649353 
vn 0.14343467354774475 0.47568878531455994 -0.8678402304649353 
vn -0.6707466840744019 0.10910511016845703 -0.7336177229881287 
vn -0.6707466840744019 0.10910511016845703 -0.7336177229881287 
vn -0.6707466840744019 0.10910511016845703 -0.7336177229881287 
vn -0.6707466840744019 0.10910511016845703 -0.7336177229881287 
vn -0.3013526499271393 -0.3026890456676483 -0.9041935205459595 
vn -0.7071051001548767 -0.7071051001548767 0.002184694167226553 
vn 0.3040194809436798 -0.3000103831291199 -0.9041935205459595 
vn 0.7071051001548767 -0.7071051001548767 0.002184694167226553 
vn 0.3040194809436798 0.3000103831291199 -0.9041935205459595 
vn 0.7071051001548767 0.7071051001548767 -0.002184694167226553 
vn -0.3013526499271393 0.3026890456676483 -0.9041935205459595 
vn -0.7071051001548767 0.7071051001548767 0.002184694167226553 
vn -0.3013526499271393 -0.3026890456676483 -0.9041935205459595 
vn -0.7071051001548767 -0.7071051001548767 0.002184694167226553 
vn -0.7071051001548767 -0.7071051001548767 0.002184694167226553 
vn 0.7071051001548767 -0.7071051001548767 0.002184694167226553 
vn 0.7071051001548767 0.7071051001548767 -0.002184694167226553 
vn -0.7071051001548767 0.7071051001548767 -0.002184694167226553 
vn -0.7071051001548767 -0.7071051001548767 0.002184694167226553 
vn -0.7071051001548767 -0.7071051001548767 0.002184694167226553 
vn 0.7071051001548767 -0.7071051001548767 0.002184694167226553 
vn 0.7071051001548767 0.7071051001548767 0.002184694167226553 
vn -0.7071051001548767 0.7071051001548767 0.002184694167226553 
vn -0.7071051001548767 -0.7071051001548767 0.002184694167226553 
vn -0.7071051001548767 -0.7071051001548767 0.002184694167226553 
vn 0.7071051001548767 -0.7071051001548767 0.002184694167226553 
vn 0.7071051001548767 0.7071051001548767 0.002184694167226553 
vn -0.7071051001548767 0.7071051001548767 0.002184694167226553 
vn -0.7071051001548767 -0.7071051001548767 0.002184694167226553 
vn -0.30268529057502747 -0.30135640501976013 0.9041935205459595 
vn 0.3000216782093048 -0.3040083348751068 0.9041935205459595 
vn 0.3000216782093048 0.3040083348751068 0.9041935205459595 
vn -0.30268529057502747 0.30135640501976013 0.9041935205459595 
vn -0.30268529057502747 -0.30135640501976013 0.9041935205459595 
vn -0.5297787189483643 0.6124452352523804 -0.5867242813110352 
vn 0.035887688398361206 0.7100518941879272 -0.7032341957092285 
vn 0.5807205438613892 0.5606785416603088 -0.590256929397583 
vn 0.5973734855651855 0.692025363445282 0.405272513628006 
vn -0.4937562942504883 0.6545752286911011 0.5724822878837585 
vn 0.39970454573631287 0.6923086047172546 0.6007870435714722 
vn -0.43621253967285156 0.33926665782928467 0.8334367275238037 
vn 0.13318869471549988 0.7987586855888367 0.5867242813110352 
vn -0.5732746720314026 0.18547527492046356 0.7980946898460388 
vn 0.0018687201663851738 0.18677105009555817 0.9824016690254211 
vn -0.5536516308784485 -0.10484781116247177 0.8261215686798096 
vn 4.8667900899622765e-14 -0.15665024518966675 0.9876541495323181 
vn -0.0018418359104543924 -0.07854640483856201 0.9969087839126587 
vn 0.5536516308784485 -0.10484781116247177 0.8261215686798096 
vn 0.3097717761993408 -0.44878190755844116 0.838234007358551 
vn 0.48083147406578064 -0.6547531485557556 0.5831804275512695 
vn -0.9605196714401245 0.007544058840721846 0.2781098484992981 
vn -0.7254853844642639 0.6295441389083862 0.2781098484992981 
vn -0.9955068230628967 -0.041522540152072906 0.08510008454322815 
vn -0.9682804346084595 -0.23925787210464478 0.07203252613544464 
vn -0.8866072297096252 -0.30395251512527466 0.34862664341926575 
vn -0.47077634930610657 -0.8757588863372803 0.10684575140476227 
vn -0.7192016243934631 -0.6565396785736084 0.22738653421401978 
vn -0.5679007172584534 -0.822746217250824 0.024029340595006943 
vn -0.9722839593887329 -0.1316504180431366 0.19321508705615997 
vn -0.4838646650314331 -0.6525148153305054 0.5831804275512695 
vn -0.3066657483577728 -0.4509100317955017 0.838234007358551 
vn -0.5759913921356201 0.5799909830093384 0.5760593414306641 
vn -0.5779946446418762 0.5779946446418762 -0.5760593414306641 
vn -0.5759913921356201 -0.5799909830093384 0.5760593414306641 
vn -0.5779946446418762 -0.5779946446418762 -0.5760593414306641 
vn -0.703856348991394 0.29715466499328613 0.6452018022537231 
vn -0.8071330785751343 0.3695482015609741 0.46040233969688416 
vn -0.8375524878501892 0.5227676033973694 -0.15880759060382843 
vn -0.7401268482208252 0.44258248805999756 -0.5062933564186096 
vn -0.859734058380127 -0.026451054960489273 -0.5100564956665039 
vn -0.5753157138824463 -0.12383323162794113 -0.8085030317306519 
vn -0.4175895154476166 0.2549026608467102 -0.872148871421814 
vn 0.0018848208710551262 0.812340497970581 0.5831804275512695 
vn -0.13690483570098877 0.7981300950050354 0.5867242813110352 
vn 0.5732746720314026 0.18547527492046356 0.7980946898460388 
vn 0.9555123448371887 0.007542444858700037 0.2948545813560486 
vn 0.9717705249786377 -0.13538813591003418 0.19321508705615997 
vn 0.9682804346084595 -0.23925787210464478 0.07203252613544464 
vn 0.5679007172584534 -0.822746217250824 0.024029340595006943 
vn 0.47077634930610657 -0.8757588863372803 0.10684575140476227 
vn -0.7449108362197876 0.6622596979141235 0.08074574917554855 
vn -0.9396594762802124 -0.03394610434770584 0.34042292833328247 
vn -0.7404063940048218 -0.09779340773820877 0.6650074124336243 
vn -0.7404063940048218 -0.09779340773820877 0.6650074124336243 
vn -0.7404063940048218 -0.09779340773820877 0.6650074124336243 
vn -0.7404063940048218 -0.09779340773820877 0.6650074124336243 
vn -0.9448046684265137 -0.04907390475273132 -0.3239381015300751 
vn -0.9448046684265137 -0.04907390475273132 -0.3239381015300751 
vn -0.9448046684265137 -0.04907390475273132 -0.3239381015300751 
vn -0.9448046684265137 -0.04907390475273132 -0.3239381015300751 
vn 0.586270272731781 0.5356558561325073 0.607749879360199 
vn 0.7329027056694031 0.6795440316200256 0.03276457265019417 
vn -0.5557529330253601 0.5597534775733948 0.6146662831306458 
vn -0.6959726810455322 0.7173203825950623 0.03276457265019417 
vn -0.27077868580818176 0.2988462448120117 -0.9150791168212891 
vn -0.27077868580818176 0.2988462448120117 -0.9150791168212891 
vn -0.27077868580818176 0.2988462448120117 -0.9150791168212891 
vn -0.27077868580818176 0.2988462448120117 -0.9150791168212891 
vn 0.49935683608055115 0.6140523552894592 -0.6112139225006104 
vn 0.49935683608055115 0.6140523552894592 -0.6112139225006104 
vn 0.49935683608055115 0.6140523552894592 -0.6112139225006104 
vn 0.49935683608055115 0.6140523552894592 -0.6112139225006104 
vn 0.39485815167427063 0.29526612162590027 0.8700028657913208 
vn 0.23586858808994293 0.20664280652999878 0.949560284614563 
vn 0.5042230486869812 0.6651213765144348 0.5507928133010864 
vn 0.6364734768867493 0.5285930037498474 0.5616858005523682 
vn 0.6047465205192566 0.7963910102844238 0.006554040592163801 
vn 0.7532796263694763 0.657261312007904 0.024029340595006943 
vn 0.6998348236083984 0.6091353297233582 -0.37307560443878174 
vn 0.5970044732093811 0.7555426955223083 -0.26970529556274414 
vn 0.5077267289161682 0.4369935393333435 -0.7424622178077698 
vn 0.457843542098999 0.8835979104042053 0.0981530249118805 
vn 0.6635797023773193 0.7369799017906189 0.12854042649269104 
vn 0.5131639242172241 0.43059563636779785 0.7424622178077698 
vn 0.2955954074859619 0.6225029230117798 0.7246471047401428 
vn 0.8285903930664062 0.3733159601688385 0.417220801115036 
vn 0.690825879573822 0.7228594422340393 0.0152922747656703 
vn 0.5973734855651855 0.692025363445282 0.405272513628006 
vn 0.888968288898468 0.44426611065864563 -0.1111890971660614 
vn 0.9575774073600769 0.28295838832855225 -0.05459024757146835 
vn 0.8173960447311401 0.4283466339111328 -0.3852050006389618 
vn 0.39394888281822205 0.7075018882751465 -0.5867242813110352 
vn 0.8559947609901428 0.49057602882385254 0.16312000155448914 
vn -0.4025779664516449 0.3838573098182678 -0.8310141563415527 
vn -0.8071330785751343 0.3695482015609741 0.46040233969688416 
vn -0.5067898035049438 0.29914364218711853 -0.8085030317306519 
vn -0.703856348991394 0.29715466499328613 0.6452018022537231 
vn -0.6568188667297363 0.18641915917396545 -0.7306414246559143 
vn -0.6335359215736389 0.16033083200454712 0.7569189071655273 
vn -0.5207927823066711 0.616742730140686 0.590256929397583 
vn -0.5297787189483643 0.6124452352523804 -0.5867242813110352 
vn 0.035887688398361206 0.7100518941879272 -0.7032341957092285 
vn 0.04145428165793419 0.7309567928314209 0.681163489818573 
vn 0.5807205438613892 0.5606785416603088 -0.590256929397583 
vn 0.5729460120201111 0.5649425983428955 0.5937783122062683 
vn 0.6310678124427795 0.14210347831249237 0.762600839138031 
vn 0.6559948921203613 0.16468356549739838 -0.736579954624176 
vn 0.6961935758590698 0.30776333808898926 0.6485338807106018 
vn 0.5087012052536011 0.29588159918785095 -0.8085030317306519 
vn 0.7651381492614746 0.4461062550544739 0.4642767012119293 
vn 0.3015625774860382 0.33491915464401245 -0.8926864862442017 
vn 0.8404085636138916 0.5294961333274841 -0.11553031951189041 
vn -0.42772966623306274 0.35561603307724 -0.8310141563415527 
vn -0.8340436816215515 0.4495534300804138 -0.3198012113571167 
vn -0.630037248134613 -0.7312904596328735 0.2612801790237427 
vn -0.8782837986946106 -0.47801488637924194 0.010923261754214764 
vn -0.7330006957054138 -0.6796348690986633 0.028397228568792343 
vn -0.6340526938438416 0.7725954055786133 0.03276457265019417 
vn -0.5763757824897766 0.7823988795280457 0.23588760197162628 
vn -0.30274829268455505 0.9488633275032043 -0.08945280313491821 
vn -0.5968125462532043 -0.27425163984298706 0.7540562748908997 
vn -0.4692705273628235 -0.647178590297699 0.6007870435714722 
vn -0.2099328488111496 -0.5535474419593811 0.8059239983558655 
vn 0.6743116974830627 0.7383660078048706 -0.010923261754214764 
vn 0.7383660078048706 -0.6743116974830627 0.010923261754214764 
vn 0.372775137424469 0.8740713000297546 0.31150925159454346 
vn 0.2334015965461731 -0.9330042600631714 0.27391019463539124 
vn -0.3932873606681824 0.8620047569274902 0.3198012113571167 
vn -0.19662530720233917 -0.9389583468437195 0.28230419754981995 
vn -0.7281392216682434 -0.6854257583618164 0.002184694167226553 
vn -0.3470931649208069 0.9119337201118469 0.21886809170246124 
vn -0.3329392373561859 0.9171958565711975 0.21886809170246124 
vn -0.3400263786315918 0.9145921468734741 0.21886809170246124 
vn -0.3329392373561859 0.9171958565711975 0.21886809170246124 
vn -0.7553374767303467 -0.4019995927810669 0.5175535082817078 
vn -0.7553374767303467 -0.4019995927810669 0.5175535082817078 
vn -0.7553374767303467 -0.4019995927810669 0.5175535082817078 
vn -0.7553374767303467 -0.4019995927810669 0.5175535082817078 
vn -0.35378870368003845 0.9083209037780762 0.22312943637371063 
vn -0.35378870368003845 0.9083209037780762 0.22312943637371063 
vn -0.35378870368003845 0.9083209037780762 0.22312943637371063 
vn -0.35378870368003845 0.9083209037780762 0.22312943637371063 
vn 0.42064473032951355 -0.565491795539856 0.7094202041625977 
vn -0.37327149510383606 -0.6666206121444702 0.6452018022537231 
vn 0.6427384614944458 -0.6093721389770508 -0.4642767012119293 
vn 0.3473794162273407 -0.9176031351089478 -0.19321508705615997 
vn -0.3878428041934967 -0.6868502497673035 0.6146662831306458 
vn -0.1782144159078598 -0.9019924998283386 -0.3932546079158783 
vn 0.3616795241832733 -0.8596231937408447 0.36088213324546814 
vn -0.4660789668560028 -0.636361300945282 -0.6146662831306458 
vn -0.1774315983057022 -0.6852812170982361 -0.7063339352607727 
vn 0.0847010388970375 -0.7842264175415039 0.6146662831306458 
vn -0.13328245282173157 -0.6761082410812378 -0.7246471047401428 
vn -0.043330345302820206 -0.8111862540245056 0.5831804275512695 
vn 0.03399736434221268 -0.6559293866157532 -0.7540562748908997 
vn -0.12393766641616821 -0.7897432446479797 0.6007870435714722 
vn 0.21011079847812653 -0.6759776473045349 -0.7063339352607727 
vn -0.3778815269470215 -0.8703823685646057 0.31565824151039124 
vn 0.7157802581787109 -0.5797894597053528 -0.3892335295677185 
vn -0.6272779107093811 -0.7658277153968811 -0.1415284425020218 
vn 0.49710631370544434 -0.8459038138389587 -0.19321508705615997 
vn 0.3391525447368622 -0.7806016802787781 0.5250110030174255 
vn 0.35498714447021484 -0.7278315424919128 0.5867242813110352 
vn 0.16682212054729462 -0.7818089723587036 -0.6007870435714722 
vn 0.3427942395210266 -0.7192668318748474 0.6042742133140564 
vn -0.2765577733516693 -0.8144680261611938 -0.5100564956665039 
vn 0.5000282526016235 -0.6529402732849121 0.5688942670822144 
vn -0.606001615524292 -0.7737392783164978 -0.18463370203971863 
vn 0.7036260962486267 -0.6702740788459778 0.23588760197162628 
vn 0.7097930312156677 -0.6590821743011475 -0.24860523641109467 
vn -0.6268801093101501 -0.7653419971466064 0.1458524912595749 
vn 0.5648587942123413 -0.704847514629364 -0.42909738421440125 
vn -0.5758364796638489 -0.7315881252288818 0.3649536371231079 
vn 0.5368108153343201 -0.6887232065200806 -0.48733407258987427 
vn -0.34945356845855713 -0.7709748148918152 0.5324283838272095 
vn 0.27712252736091614 -0.7356268763542175 -0.6181069612503052 
vn 0.04896102473139763 -0.7926177382469177 0.607749879360199 
vn -0.13702312111854553 -0.7311959862709045 -0.6682642698287964 
vn -0.10172576457262039 -0.8715242147445679 -0.4796847105026245 
vn 0.015106595121324062 -0.9616366028785706 -0.27391019463539124 
vn 0.03398529067635536 -0.9732113480567932 -0.22738653421401978 
vn 0.003776323748752475 -0.9159501791000366 -0.401274174451828 
vn 0.0018882700242102146 -0.9580804109573364 -0.2864931523799896 
vn -0.030205462127923965 -0.956344485282898 -0.29067665338516235 
vn -0.06226267293095589 -0.9727983474731445 -0.22312943637371063 
vn -0.06033136323094368 -0.8916301727294922 0.4487268626689911 
vn -0.28139665722846985 -0.6079191565513611 0.7424622178077698 
vn 0.15118461847305298 -0.6357805728912354 0.7569189071655273 
vn 0.0018847448518499732 -0.6731230020523071 0.7395281791687012 
vn -0.32022809982299805 0.9196463227272034 0.22738653421401978 
vn -0.3130936324596405 0.9220996499061584 0.22738653421401978 
vn -0.3130936324596405 0.9220996499061584 0.22738653421401978 
vn -0.3220590651035309 0.9179440140724182 0.23163928091526031 
vn 0.7776288986206055 -0.6284160614013672 0.01966099627315998 
vn 0.7431817650794983 -0.6684866547584534 0.028397228568792343 
vn 0.3282029330730438 -0.8588560223579407 0.3932546079158783 
vn 0.6866592764854431 -0.6626325845718384 0.2990269064903259 
vn 0.7871665954589844 0.6167056560516357 -0.006554040592163801 
vn 0.7091900110244751 0.6344941258430481 0.30735430121421814 
vn 0.7632953524589539 0.645957350730896 -0.010923261754214764 
vn 0.35964515805244446 0.7610951066017151 0.5398051738739014 
vn 0.2870051860809326 0.8247020840644836 0.48733407258987427 
vn 0.6172080636024475 0.5758710503578186 0.5361219048500061 
vn 0.5428440570831299 0.8396033644676208 0.01966099627315998 
vn 0.7582940459251404 0.651616096496582 0.01966099627315998 
vn 0.6914467215538025 -0.6327407956123352 0.34862664341926575 
vn 0.640211284160614 -0.7681957483291626 -0.002184694167226553 
vn 0.3406345844268799 -0.8630079030990601 0.37307560443878174 
vn 0.7485089898109436 -0.6631211042404175 -0.002184694167226553 
vn -0.007552723400294781 -0.8173729777336121 -0.5760593414306641 
vn 0.20240889489650726 -0.9256121516227722 -0.3198012113571167 
vn 0.37303540110588074 -0.6763520836830139 -0.6351318359375 
vn -0.3488720953464508 -0.7250624299049377 -0.5937783122062683 
vn 0.48969516158103943 -0.712510883808136 0.5025205612182617 
vn -0.5096081495285034 -0.7116977572441101 -0.4835140109062195 
vn -0.7062236666679382 -0.6675366759300232 -0.23588760197162628 
vn 0.5725999474525452 -0.778491735458374 0.25706008076667786 
vn -0.7339733242988586 -0.6766149401664734 0.058952588587999344 
vn 0.6625514626502991 -0.7478659749031067 -0.04149730131030083 
vn -0.6533890962600708 -0.688071608543396 0.31565824151039124 
vn 0.5981293320655823 -0.7500304579734802 -0.28230419754981995 
vn -0.5199690461158752 -0.6649853587150574 0.5361219048500061 
vn 0.43768468499183655 -0.7404555678367615 -0.5100564956665039 
vn 0.5973734855651855 0.692025363445282 0.405272513628006 
vn 0.690825879573822 0.7228594422340393 0.0152922747656703 
vn -0.4937562942504883 0.6545752286911011 0.5724822878837585 
vn -0.7254853844642639 0.6295441389083862 0.2781098484992981 
vn -0.7449108362197876 0.6622596979141235 0.08074574917554855 
vn 0.6635797023773193 0.7369799017906189 0.12854042649269104 
vn 0.457843542098999 0.8835979104042053 0.0981530249118805 
vn -0.42882171273231506 0.8935641646385193 0.1328723281621933 
vn 0.15962666273117065 0.9728755354881287 0.16742929816246033 
vn 0.007551383227109909 0.9999118447303772 0.010923261754214764 
vn 0.011313495226204395 0.9050537943840027 0.42514660954475403 
vn 0.013211621902883053 0.9984214305877686 0.05459024757146835 
vn 0.007549653295427561 0.9996827244758606 -0.024029340595006943 
vn -0.26236581802368164 0.4945971667766571 0.8285757899284363 
vn -0.5415773987770081 -0.12692266702651978 0.8310141563415527 
vn -0.06202518567442894 0.570912778377533 0.8186644315719604 
vn 0.23848949372768402 0.5683810710906982 0.7874425053596497 
vn 0.6072004437446594 -0.052702758461236954 0.7927988767623901 
vn 0.1867803931236267 0 0.9824016690254211 
vn 0.18233227729797363 -0.007491973228752613 0.983208417892456 
vn -0.2852276563644409 -0.2109532654285431 0.9349566102027893 
vn -0.29031074047088623 -0.21092309057712555 0.933397650718689 
vn -0.6823062300682068 -0.3620299994945526 0.6351318359375 
vn -0.680790364742279 -0.35894477367401123 0.6385006904602051 
vn -0.895801842212677 -0.41343796253204346 0.16312000155448914 
vn -0.8926655650138855 -0.4167194962501526 0.17173540592193604 
vn -0.866297721862793 -0.3537200093269348 -0.3527185618877411 
vn -0.8682163953781128 -0.3570723831653595 -0.34452807903289795 
vn -0.5923389196395874 -0.1825239360332489 -0.7847417593002319 
vn -0.5972573161125183 -0.1896902322769165 -0.7792953848838806 
vn -0.16618460416793823 0.03377850726246834 -0.9855159521102905 
vn -0.1712454855442047 0.030195200815796852 -0.9847655892372131 
vn 0.2905556261539459 0.2372313290834427 -0.926983654499054 
vn 0.2853173613548279 0.23721390962600708 -0.9286137819290161 
vn 0.6741319894790649 0.3826707899570465 -0.6317508816719055 
vn 0.6771381497383118 0.3829496204853058 -0.6283578276634216 
vn 0.881925106048584 0.43728554248809814 -0.1760382205247879 
vn 0.8835153579711914 0.437456339597702 -0.16742929816246033 
vn 0.865711510181427 0.3744211792945862 0.33219319581985474 
vn 0.8610559701919556 0.3740094006061554 0.34452807903289795 
vn 0.6173232793807983 0.21444284915924072 0.7569189071655273 
vn 0.6067030429840088 0.2145780473947525 0.7654199600219727 
vn 0.1867803931236267 0 0.9824016690254211 
vn 0.18233227729797363 -0.007491973228752613 0.983208417892456 
vn -0.6906280517578125 0.7226524353027344 -0.028397228568792343 
vn -0.7281253337860107 0.6854127049446106 -0.006554040592163801 
vn -0.3285498023033142 0.874497652053833 0.3568037748336792 
vn -0.6728793978691101 0.6728793978691101 0.30735430121421814 
vn -0.6466699242591858 -0.6719985604286194 0.36088213324546814 
vn -0.6976308226585388 -0.7149879932403564 0.04586252197623253 
vn -0.7174162864685059 -0.6960657238960266 0.028397228568792343 
vn -0.34352561831474304 0.8207194209098816 0.456519216299057 
vn -0.6527807712554932 0.5767616629600525 0.4911448359489441 
vn 0.34154972434043884 0.8171847462654114 0.4642767012119293 
vn 0.6673207879066467 0.6299690008163452 0.3972681760787964 
vn 0.3195593059062958 0.30091312527656555 0.8985171914100647 
vn 0.36552631855010986 -0.5377215147018433 0.7597671151161194 
vn 0.7046335935592651 -0.6645953059196472 0.24860523641109467 
vn -0.3563830256462097 -0.4175608158111572 0.8358433246612549 
vn -0.6445492506027222 -0.6925463080406189 0.3239381015300751 
vn -0.3071487545967102 0.14195942878723145 0.9410139322280884 
vn -0.391678124666214 0.8642615675926208 0.31565824151039124 
vn -0.644774854183197 0.6781260967254639 0.3527185618877411 
vn 0.372775137424469 0.8740713000297546 0.31150925159454346 
vn 0.6682656407356262 0.6482514142990112 0.3649536371231079 
vn 0.3386757969856262 0.3147341012954712 0.8867024183273315 
vn 0.3532680571079254 -0.4343545436859131 0.8285757899284363 
vn 0.6566758155822754 -0.6887018084526062 0.30735430121421814 
vn -0.5184434056282043 -0.35803183913230896 0.7765498161315918 
vn -0.6333204507827759 -0.7120245099067688 0.30319350957870483 
vn -0.5360029935836792 0.23424701392650604 0.8110666871070862 
vn 0.7383660078048706 -0.6743116974830627 0.010923261754214764 
vn 0.6514792442321777 -0.7581347823143005 0.028397228568792343 
vn 0.2334015965461731 -0.9330042600631714 0.27391019463539124 
vn 0.6583359241485596 -0.694334864616394 0.29067665338516235 
vn 0.7582216858863831 0.6515539288520813 0.024029340595006943 
vn 0.6571145057678223 0.6704483032226562 0.34452807903289795 
vn 0.6743374466896057 0.7383942008018494 0.006554040592163801 
vn 0.37933894991874695 0.8603569865226746 0.34042292833328247 
vn 0.32528752088546753 0.8790037035942078 0.34862664341926575 
vn 0.6765772104263306 0.6672369837760925 0.31150925159454346 
vn 0.6851509809494019 0.7278472781181335 -0.028397228568792343 
vn 0.7281392216682434 0.6854257583618164 -0.002184694167226553 
vn 0.6468955874443054 -0.6695781946182251 0.3649536371231079 
vn 0.6947768330574036 -0.7174694538116455 0.05022686347365379 
vn 0.2645116448402405 -0.9361500144004822 0.23163928091526031 
vn 0.7174162864685059 -0.6960657238960266 0.028397228568792343 
vn 0.4567905366420746 0.8037739396095276 -0.3811691105365753 
vn 0.4567905366420746 0.8037739396095276 -0.3811691105365753 
vn 0.4567905366420746 0.8037739396095276 -0.3811691105365753 
vn 0.4567905366420746 0.8037739396095276 -0.3811691105365753 
vn 0.2213994413614273 0.7009673118591309 -0.677958071231842 
vn 0.2213994413614273 0.7009673118591309 -0.677958071231842 
vn 0.2213994413614273 0.7009673118591309 -0.677958071231842 
vn 0.2213994413614273 0.7009673118591309 -0.677958071231842 
vn -0.22989660501480103 0.5340210795402527 -0.8136147856712341 
vn -0.22989660501480103 0.5340210795402527 -0.8136147856712341 
vn -0.22989660501480103 0.5340210795402527 -0.8136147856712341 
vn -0.22989660501480103 0.5340210795402527 -0.8136147856712341 
vn -0.6511462330818176 0.46374937891960144 -0.6007870435714722 
vn -0.6511462330818176 0.46374937891960144 -0.6007870435714722 
vn -0.6511462330818176 0.46374937891960144 -0.6007870435714722 
vn -0.6511462330818176 0.46374937891960144 -0.6007870435714722 
vn 0.7279307246208191 -0.685229480266571 0.024029340595006943 
vn 0.6949228644371033 -0.7176202535629272 0.04586252197623253 
vn 0.2645116448402405 -0.9361500144004822 0.23163928091526031 
vn 0.649381697177887 -0.6693784594535828 0.36088213324546814 
vn 0.7281392216682434 0.6854257583618164 -0.002184694167226553 
vn 0.6765772104263306 0.6672369837760925 0.31150925159454346 
vn 0.6907072067260742 0.7227352261543274 -0.024029340595006943 
vn 0.3233850598335266 0.8780727386474609 0.3527185618877411 
vn 0.706727147102356 0.706727147102356 0.03276457265019417 
vn 0.7329027056694031 0.6795440316200256 0.03276457265019417 
vn 0.3330063819885254 0.7324848175048828 0.5937783122062683 
vn 0.586270272731781 0.5356558561325073 0.607749879360199 
vn -0.3281756639480591 0.7540954947471619 0.5688942670822144 
vn -0.5557529330253601 0.5597534775733948 0.6146662831306458 
vn -0.6959726810455322 0.7173203825950623 0.03276457265019417 
vn -0.9501724243164062 0.3083326518535614 0.04586252197623253 
vn -0.9501724243164062 0.3083326518535614 0.04586252197623253 
vn -0.9501724243164062 0.3083326518535614 0.04586252197623253 
vn -0.9501724243164062 0.3083326518535614 0.04586252197623253 
vn -0.8786699771881104 0.24585117399692535 0.40926313400268555 
vn -0.8786699771881104 0.24585117399692535 0.40926313400268555 
vn -0.8786699771881104 0.24585117399692535 0.40926313400268555 
vn -0.8786699771881104 0.24585117399692535 0.40926313400268555 
vn -0.3285498023033142 0.874497652053833 0.3568037748336792 
vn -0.6781963109970093 0.6675201058387756 0.30735430121421814 
vn 0.3233850598335266 0.8780727386474609 0.3527185618877411 
vn 0.6765772104263306 0.6672369837760925 0.31150925159454346 
vn 0.3947782814502716 0.3814656138420105 0.8358433246612549 
vn 0.3492765724658966 -0.3639140725135803 0.8634653687477112 
vn 0.649381697177887 -0.6693784594535828 0.36088213324546814 
vn -0.3410429358482361 -0.3716413676738739 0.8634653687477112 
vn -0.6466699242591858 -0.6719985604286194 0.36088213324546814 
vn -0.38758447766304016 0.3835909366607666 0.838234007358551 
vn -0.6108870506286621 0.23214377462863922 0.7569189071655273 
vn -0.6108870506286621 0.23214377462863922 0.7569189071655273 
vn -0.6108870506286621 0.23214377462863922 0.7569189071655273 
vn -0.6108870506286621 0.23214377462863922 0.7569189071655273 
vn -0.2645116448402405 -0.9361500144004822 0.23163928091526031 
vn 0.2645116448402405 -0.9361500144004822 0.23163928091526031 
vn -0.3492359519004822 -0.8505204916000366 0.3932546079158783 
vn -0.6887596845626831 -0.6287878751754761 0.36088213324546814 
vn -0.7870312929153442 -0.6165996789932251 0.01966099627315998 
vn -0.7725954055786133 -0.6340526938438416 0.03276457265019417 
vn -0.777777373790741 0.6285360455513 -0.002184694167226553 
vn -0.6828069090843201 0.6281634569168091 0.37307560443878174 
vn -0.43292391300201416 0.8051900863647461 0.405272513628006 
vn 0.2233165055513382 0.6141689419746399 0.7569189071655273 
vn 0.2233165055513382 0.6141689419746399 0.7569189071655273 
vn 0.2233165055513382 0.6141689419746399 0.7569189071655273 
vn 0.2233165055513382 0.6141689419746399 0.7569189071655273 
vn 0.41376572847366333 0.7921124696731567 0.4487268626689911 
vn 0.41376572847366333 0.7921124696731567 0.4487268626689911 
vn 0.41376572847366333 0.7921124696731567 0.4487268626689911 
vn 0.41376572847366333 0.7921124696731567 0.4487268626689911 
vn 0.5488964915275574 0.8350651860237122 0.03713129088282585 
vn 0.5488964915275574 0.8350651860237122 0.03713129088282585 
vn 0.5488964915275574 0.8350651860237122 0.03713129088282585 
vn 0.5488964915275574 0.8350651860237122 0.03713129088282585 
vn 0.6283560395240784 0.7775546908378601 0.024029340595006943 
vn 0.7631204724311829 0.6458093523979187 0.024029340595006943 
vn 0.34154972434043884 0.8171847462654114 0.4642767012119293 
vn 0.5759972333908081 0.5466875433921814 0.607749879360199 
vn -0.34352561831474304 0.8207194209098816 0.456519216299057 
vn -0.5655165910720825 0.5575222373008728 0.607749879360199 
vn -0.7532796263694763 0.657261312007904 0.024029340595006943 
vn 0.27541598677635193 0.37135547399520874 -0.8867024183273315 
vn 0.27541598677635193 0.37135547399520874 -0.8867024183273315 
vn 0.27541598677635193 0.37135547399520874 -0.8867024183273315 
vn 0.27541598677635193 0.37135547399520874 -0.8867024183273315 
vn -0.2620205283164978 0.11058134585618973 -0.9587059020996094 
vn -0.2620205283164978 0.11058134585618973 -0.9587059020996094 
vn -0.2620205283164978 0.11058134585618973 -0.9587059020996094 
vn -0.2620205283164978 0.11058134585618973 -0.9587059020996094 
vn -0.7338340878486633 -0.21260808408260345 -0.6452018022537231 
vn -0.7338340878486633 -0.21260808408260345 -0.6452018022537231 
vn -0.7338340878486633 -0.21260808408260345 -0.6452018022537231 
vn -0.7338340878486633 -0.21260808408260345 -0.6452018022537231 
vn -0.9074277877807617 -0.3186659514904022 -0.27391019463539124 
vn -0.9074277877807617 -0.3186659514904022 -0.27391019463539124 
vn -0.9074277877807617 -0.3186659514904022 -0.27391019463539124 
vn -0.9074277877807617 -0.3186659514904022 -0.27391019463539124 
vn -0.7428756952285767 -0.3469865918159485 0.5724822878837585 
vn -0.7428756952285767 -0.3469865918159485 0.5724822878837585 
vn -0.7428756952285767 -0.3469865918159485 0.5724822878837585 
vn -0.7428756952285767 -0.3469865918159485 0.5724822878837585 
vn -0.46557721495628357 -0.26952552795410156 0.8429672718048096 
vn -0.46557721495628357 -0.26952552795410156 0.8429672718048096 
vn -0.46557721495628357 -0.26952552795410156 0.8429672718048096 
vn -0.46557721495628357 -0.26952552795410156 0.8429672718048096 
vn -0.25967028737068176 0.18309560418128967 0.9481810927391052 
vn -0.25967028737068176 0.18309560418128967 0.9481810927391052 
vn -0.25967028737068176 0.18309560418128967 0.9481810927391052 
vn -0.25967028737068176 0.18309560418128967 0.9481810927391052 
vn 0.18385937809944153 0.06603435426950455 0.9807319641113281 
vn 0.18385937809944153 0.06603435426950455 0.9807319641113281 
vn 0.18385937809944153 0.06603435426950455 0.9807319641113281 
vn 0.18385937809944153 0.06603435426950455 0.9807319641113281 
vn 0.5967097282409668 0.31841400265693665 0.736579954624176 
vn 0.5967097282409668 0.31841400265693665 0.736579954624176 
vn 0.5967097282409668 0.31841400265693665 0.736579954624176 
vn 0.5967097282409668 0.31841400265693665 0.736579954624176 
vn 0.778617799282074 0.3857234716415405 0.4949462115764618 
vn 0.778617799282074 0.3857234716415405 0.4949462115764618 
vn 0.778617799282074 0.3857234716415405 0.4949462115764618 
vn 0.778617799282074 0.3857234716415405 0.4949462115764618 
vn 0.8621170520782471 0.48394420742988586 -0.15017375349998474 
vn 0.8621170520782471 0.48394420742988586 -0.15017375349998474 
vn 0.8621170520782471 0.48394420742988586 -0.15017375349998474 
vn 0.8621170520782471 0.48394420742988586 -0.15017375349998474 
vn -0.8232802152633667 -0.5645655393600464 0.058952588587999344 
vn -0.07137157022953033 -0.5589537620544434 0.8261215686798096 
vn 0.1861824095249176 -0.014934053644537926 0.9824016690254211 
vn 0.19048209488391876 -0.01499126572161913 0.9815762042999268 
vn 0.6150927543640137 0.20025217533111572 0.762600839138031 
vn 0.619754433631897 0.20731176435947418 0.7569189071655273 
vn 0.8685178756713867 0.36026230454444885 0.34042292833328247 
vn 0.8715941309928894 0.36051538586616516 0.33219319581985474 
vn 0.8901153206825256 0.42386576533317566 -0.16742929816246033 
vn 0.8885305523872375 0.42370274662971497 -0.1760382205247879 
vn 0.6838083267211914 0.37661677598953247 -0.6249527335166931 
vn 0.6778276562690735 0.3760857582092285 -0.6317508816719055 
vn 0.2952738404273987 0.23133228719234467 -0.926983654499054 
vn 0.29009681940078735 0.23134450614452362 -0.9286137819290161 
vn -0.16752436757087708 0.02634197473526001 -0.9855159521102905 
vn -0.16752436757087708 0.02634197473526001 -0.9855159521102905 
vn -0.5972573161125183 -0.1896902322769165 -0.7792953848838806 
vn -0.5876064896583557 -0.1861528754234314 -0.7874425053596497 
vn -0.8682163953781128 -0.3570723831653595 -0.34452807903289795 
vn -0.866297721862793 -0.3537200093269348 -0.3527185618877411 
vn -0.8926655650138855 -0.4167194962501526 0.17173540592193604 
vn -0.8950719237327576 -0.41668498516082764 0.15880759060382843 
vn -0.6787416934967041 -0.3686695992946625 0.6351318359375 
vn -0.6817429661750793 -0.3689408600330353 0.6317508816719055 
vn -0.2812235355377197 -0.2228950411081314 0.933397650718689 
vn -0.2812235355377197 -0.2228950411081314 0.933397650718689 
vn 0.1861824095249176 -0.014934053644537926 0.9824016690254211 
vn 0.19048209488391876 -0.01499126572161913 0.9815762042999268 
vn -0.49124404788017273 0.8709973096847534 -0.006554040592163801 
vn -0.30274829268455505 0.9488633275032043 -0.08945280313491821 
vn -0.7963150143623352 -0.604688823223114 -0.0152922747656703 
vn -0.27039840817451477 -0.6835623979568481 0.677958071231842 
vn 0.3791157603263855 -0.8450131416320801 -0.37712597846984863 
vn 0.6167728304862976 0.5514529347419739 0.5616858005523682 
vn 0.6167056560516357 -0.7871665954589844 -0.006554040592163801 
vn 0.8355437517166138 0.5492110252380371 0.0152922747656703 
vn 0.7533515691757202 0.6573240160942078 -0.01966099627315998 
vn 0.7280974984169006 -0.6853865385055542 0.010923261754214764 
vn 0.42924344539642334 0.7158054113388062 0.5507928133010864 
vn 0.24265678226947784 -0.9420514702796936 0.23163928091526031 
vn -0.3869714140892029 0.7054646611213684 0.5937783122062683 
vn -0.2481921911239624 -0.9517767429351807 0.18033768236637115 
vn -0.7070915699005127 -0.7070915699005127 0.006554040592163801 
vn 0.2801756262779236 -0.8720554113388062 0.401274174451828 
vn 0.6363294124603271 -0.6683576703071594 0.3852050006389618 
vn -0.3719519078731537 -0.8351083397865295 0.405272513628006 
vn -0.7072943449020386 -0.5847330093383789 0.3972681760787964 
vn -0.3564346730709076 -0.3351278603076935 0.872148871421814 
vn -0.31196728348731995 0.34122613072395325 0.8867024183273315 
vn -0.6584146022796631 0.629061222076416 0.41324591636657715 
vn 0.348740816116333 0.3035435676574707 0.8867024183273315 
vn 0.7219167947769165 0.5608835220336914 0.405272513628006 
vn 0.31740522384643555 -0.37729161977767944 0.8700028657913208 
vn -0.0340227335691452 0.5070359706878662 -0.8612531423568726 
vn -0.0340227335691452 0.5070359706878662 -0.8612531423568726 
vn -0.0340227335691452 0.5070359706878662 -0.8612531423568726 
vn -0.0340227335691452 0.5070359706878662 -0.8612531423568726 
vn 0.30704641342163086 -0.7548224329948425 0.5796254277229309 
vn 0.6824221014976501 -0.7037711143493652 0.1975002884864807 
vn -0.2953835725784302 -0.9213159084320068 0.25283506512641907 
vn -0.6985557675361633 -0.6359172463417053 0.3280687630176544 
vn -0.3749306797981262 -0.3909015655517578 0.8406086564064026 
vn -0.275535523891449 0.17423810064792633 0.9453682899475098 
vn -0.5788034200668335 0.6480855345726013 0.4949462115764618 
vn 0.48632553219795227 0.2121327966451645 0.8476362228393555 
vn 0.6914467215538025 0.6327407956123352 0.34862664341926575 
vn 0.4204564094543457 -0.6101580858230591 0.6715083718299866 
vn -0.5254152417182922 -0.3352224826812744 0.7820260524749756 
vn -0.5254152417182922 -0.3352224826812744 0.7820260524749756 
vn -0.5254152417182922 -0.3352224826812744 0.7820260524749756 
vn -0.5254152417182922 -0.3352224826812744 0.7820260524749756 
vn 0.03643837198615074 -0.10734397917985916 0.9935539960861206 
vn 0.03643837198615074 -0.10734397917985916 0.9935539960861206 
vn 0.03643837198615074 -0.10734397917985916 0.9935539960861206 
vn 0.03643837198615074 -0.10734397917985916 0.9935539960861206 
vn 0.8984450101852417 0.41709980368614197 -0.1372016966342926 
vn 0.8984450101852417 0.41709980368614197 -0.1372016966342926 
vn 0.8984450101852417 0.41709980368614197 -0.1372016966342926 
vn 0.8984450101852417 0.41709980368614197 -0.1372016966342926 
vn -0.43523353338241577 0.3405216932296753 -0.8334367275238037 
vn -0.43523353338241577 0.3405216932296753 -0.8334367275238037 
vn -0.43523353338241577 0.3405216932296753 -0.8334367275238037 
vn -0.43523353338241577 0.3405216932296753 -0.8334367275238037 
vn 0.39594677090644836 0.7034364938735962 -0.590256929397583 
vn 0.39594677090644836 0.7034364938735962 -0.590256929397583 
vn 0.39594677090644836 0.7034364938735962 -0.590256929397583 
vn 0.39594677090644836 0.7034364938735962 -0.590256929397583 
vn -0.9909519553184509 0.06037803739309311 -0.11986933648586273 
vn -0.9909519553184509 0.06037803739309311 -0.11986933648586273 
vn -0.9909519553184509 0.06037803739309311 -0.11986933648586273 
vn -0.9909519553184509 0.06037803739309311 -0.11986933648586273 
vn 0.43356865644454956 0.8239096403121948 0.3649536371231079 
vn 0.6689578294754028 0.6542820334434509 0.3527185618877411 
vn 0.6963315606117249 0.7176902890205383 0.006554040592163801 
vn 0.7914990782737732 0.6105102896690369 0.028397228568792343 
vn 0.5946702361106873 -0.7543355822563171 0.2781098484992981 
vn 0.6105102896690369 -0.7914990782737732 0.028397228568792343 
vn 0.21899962425231934 -0.9716158509254456 0.08945280313491821 
vn 0.6853865385055542 -0.7280974984169006 0.010923261754214764 
vn 0.4472978413105011 0.5643494129180908 0.6938546895980835 
vn 0.4472978413105011 0.5643494129180908 0.6938546895980835 
vn 0.4472978413105011 0.5643494129180908 0.6938546895980835 
vn 0.4472978413105011 0.5643494129180908 0.6938546895980835 
vn -0.7797842621803284 0.1760438233613968 -0.6007870435714722 
vn -0.7797842621803284 0.1760438233613968 -0.6007870435714722 
vn -0.7797842621803284 0.1760438233613968 -0.6007870435714722 
vn -0.7797842621803284 0.1760438233613968 -0.6007870435714722 
vn 0.34105539321899414 0.6410743594169617 -0.6875353455543518 
vn 0.34105539321899414 0.6410743594169617 -0.6875353455543518 
vn 0.34105539321899414 0.6410743594169617 -0.6875353455543518 
vn 0.34105539321899414 0.6410743594169617 -0.6875353455543518 
vn 0.5420541763305664 0.717795729637146 -0.43697428703308105 
vn 0.5420541763305664 0.717795729637146 -0.43697428703308105 
vn 0.5420541763305664 0.717795729637146 -0.43697428703308105 
vn 0.5420541763305664 0.717795729637146 -0.43697428703308105 
vn -0.11423381417989731 0.2279236912727356 0.9669547080993652 
vn -0.11423381417989731 0.2279236912727356 0.9669547080993652 
vn -0.11423381417989731 0.2279236912727356 0.9669547080993652 
vn -0.11423381417989731 0.2279236912727356 0.9669547080993652 
vn -0.6365391612052917 0.01883550174534321 0.7710143327713013 
vn -0.6365391612052917 0.01883550174534321 0.7710143327713013 
vn -0.6365391612052917 0.01883550174534321 0.7710143327713013 
vn -0.6365391612052917 0.01883550174534321 0.7710143327713013 
vn -0.9614497423171997 0.07160039991140366 0.26549527049064636 
vn -0.9614497423171997 0.07160039991140366 0.26549527049064636 
vn -0.9614497423171997 0.07160039991140366 0.26549527049064636 
vn -0.9614497423171997 0.07160039991140366 0.26549527049064636 
vn -0.9542148113250732 0.007551176007837057 0.2990269064903259 
vn -0.9542148113250732 0.007551176007837057 0.2990269064903259 
vn -0.9542148113250732 0.007551176007837057 0.2990269064903259 
vn -0.9542148113250732 0.007551176007837057 0.2990269064903259 
vn -0.7160871028900146 0.03765428066253662 0.6969945430755615 
vn -0.7160871028900146 0.03765428066253662 0.6969945430755615 
vn -0.7160871028900146 0.03765428066253662 0.6969945430755615 
vn -0.7160871028900146 0.03765428066253662 0.6969945430755615 
vn 0.16819216310977936 0.4835165739059448 0.8590245246887207 
vn 0.16819216310977936 0.4835165739059448 0.8590245246887207 
vn 0.16819216310977936 0.4835165739059448 0.8590245246887207 
vn 0.16819216310977936 0.4835165739059448 0.8590245246887207 
vn 0.4353376626968384 0.6735931038856506 0.5972883701324463 
vn 0.4353376626968384 0.6735931038856506 0.5972883701324463 
vn 0.4353376626968384 0.6735931038856506 0.5972883701324463 
vn 0.4353376626968384 0.6735931038856506 0.5972883701324463 
vn 0.5925328731536865 0.7879544496536255 0.16742929816246033 
vn 0.5925328731536865 0.7879544496536255 0.16742929816246033 
vn 0.5925328731536865 0.7879544496536255 0.16742929816246033 
vn 0.5925328731536865 0.7879544496536255 0.16742929816246033 
vn -0.3244243562221527 -0.1800702065229416 0.9286137819290161 
vn -0.30076929926872253 -0.1722041368484497 0.9380210638046265 
vn -0.7062727212905884 -0.33892783522605896 0.6215357780456543 
vn -0.6834496259689331 -0.3351125121116638 0.6485338807106018 
vn -0.8989396095275879 -0.40657028555870056 0.16312000155448914 
vn -0.8911350965499878 -0.40640178322792053 0.2017817199230194 
vn -0.8641762733459473 -0.37429141998291016 -0.3363112509250641 
vn -0.8746898770332336 -0.3781419098377228 -0.30319350957870483 
vn -0.6044250130653381 -0.23963366448879242 -0.7597671151161194 
vn -0.6171227097511292 -0.24336162209510803 -0.7482877969741821 
vn -0.16618460416793823 -0.03377850726246834 -0.9855159521102905 
vn -0.16618460416793823 -0.03377850726246834 -0.9855159521102905 
vn 0.3116667568683624 0.1937604695558548 -0.9302261471748352 
vn 0.33084842562675476 0.20119339227676392 -0.9219872951507568 
vn 0.6909720301628113 0.3633066713809967 -0.6249527335166931 
vn 0.7112365961074829 0.37066036462783813 -0.5972883701324463 
vn 0.886841356754303 0.4306736886501312 -0.16742929816246033 
vn 0.8932604789733887 0.4307703673839569 -0.12854042649269104 
vn 0.8564721941947937 0.39509886503219604 0.33219319581985474 
vn 0.8447183966636658 0.3876550495624542 0.3690181374549866 
vn 0.6003409624099731 0.24968917667865753 0.7597671151161194 
vn 0.5852248668670654 0.24240808188915253 0.7737894654273987 
vn 0.16544939577579498 0.03721298649907112 0.9855159521102905 
vn 0.16544939577579498 0.03721298649907112 0.9855159521102905 
vn -0.3244243562221527 -0.1800702065229416 0.9286137819290161 
vn -0.30076929926872253 -0.1722041368484497 0.9380210638046265 
vn 0.7149306535720825 0.6895845532417297 0.11553031951189041 
vn 0.7149306535720825 0.6895845532417297 0.11553031951189041 
vn 0.7149306535720825 0.6895845532417297 0.11553031951189041 
vn 0.7149306535720825 0.6895845532417297 0.11553031951189041 
vn -0.49894222617149353 0.3251435458660126 -0.8033295273780823 
vn -0.49894222617149353 0.3251435458660126 -0.8033295273780823 
vn -0.49894222617149353 0.3251435458660126 -0.8033295273780823 
vn -0.49894222617149353 0.3251435458660126 -0.8033295273780823 
vn -0.9803582429885864 -0.05660904943943024 -0.18892620503902435 
vn -0.9803582429885864 -0.05660904943943024 -0.18892620503902435 
vn -0.9803582429885864 -0.05660904943943024 -0.18892620503902435 
vn -0.9803582429885864 -0.05660904943943024 -0.18892620503902435 
vn -0.6939578056335449 -0.04516982287168503 0.7185974717140198 
vn -0.6939578056335449 -0.04516982287168503 0.7185974717140198 
vn -0.6939578056335449 -0.04516982287168503 0.7185974717140198 
vn -0.6939578056335449 -0.04516982287168503 0.7185974717140198 
vn -0.4005688726902008 0.2741937041282654 -0.87427818775177 
vn -0.4005688726902008 0.2741937041282654 -0.87427818775177 
vn -0.4005688726902008 0.2741937041282654 -0.87427818775177 
vn -0.4005688726902008 0.2741937041282654 -0.87427818775177 
vn 0.22229057550430298 0.4653126001358032 0.8567795157432556 
vn 0.22229057550430298 0.4653126001358032 0.8567795157432556 
vn 0.22229057550430298 0.4653126001358032 0.8567795157432556 
vn 0.22229057550430298 0.4653126001358032 0.8567795157432556 
vn -0.5918275117874146 0.015058155171573162 0.8059239983558655 
vn -0.5918275117874146 0.015058155171573162 0.8059239983558655 
vn -0.5918275117874146 0.015058155171573162 0.8059239983558655 
vn -0.5918275117874146 0.015058155171573162 0.8059239983558655 
vn 0.3216743767261505 0.6200894713401794 -0.715552031993866 
vn 0.3216743767261505 0.6200894713401794 -0.715552031993866 
vn 0.3216743767261505 0.6200894713401794 -0.715552031993866 
vn 0.3216743767261505 0.6200894713401794 -0.715552031993866 
vn 0.7115234732627869 0.6648531556129456 0.22738653421401978 
vn 0.7115234732627869 0.6648531556129456 0.22738653421401978 
vn 0.7115234732627869 0.6648531556129456 0.22738653421401978 
vn 0.7115234732627869 0.6648531556129456 0.22738653421401978 
vn -0.9941521286964417 -0.07170562446117401 -0.08074574917554855 
vn -0.9941521286964417 -0.07170562446117401 -0.08074574917554855 
vn -0.9941521286964417 -0.07170562446117401 -0.08074574917554855 
vn -0.9941521286964417 -0.07170562446117401 -0.08074574917554855 
vn 0.16752292215824127 0.44743382930755615 0.8784868121147156 
vn 0.16752292215824127 0.44743382930755615 0.8784868121147156 
vn 0.16752292215824127 0.44743382930755615 0.8784868121147156 
vn 0.16752292215824127 0.44743382930755615 0.8784868121147156 
vn -0.2132241129875183 -0.9390391707420349 0.26970529556274414 
vn 0.311084508895874 -0.8841300010681152 0.34862664341926575 
vn 0.1867803931236267 0 0.9824016690254211 
vn 0.18233227729797363 -0.007491973228752613 0.983208417892456 
vn -0.292720228433609 -0.21453413367271423 0.931820809841156 
vn -0.292720228433609 -0.21453413367271423 0.931820809841156 
vn -0.6882778406143188 -0.3625466525554657 0.6283578276634216 
vn -0.6852990984916687 -0.36229267716407776 0.6317508816719055 
vn -0.892611563205719 -0.42028144001960754 0.16312000155448914 
vn -0.8919581770896912 -0.41997382044792175 0.16742929816246033 
vn -0.8651928305625916 -0.36041760444641113 -0.34862664341926575 
vn -0.8683366179466248 -0.36069896817207336 -0.34042292833328247 
vn -0.5925078988075256 -0.1933123618364334 -0.7820260524749756 
vn -0.5949263572692871 -0.19687910377979279 -0.7792953848838806 
vn -0.1598428636789322 0.01896650716662407 -0.986960232257843 
vn -0.164189875125885 0.018908392637968063 -0.9862475395202637 
vn 0.29987233877182007 0.22533944249153137 -0.926983654499054 
vn 0.29987233877182007 0.22533944249153137 -0.926983654499054 
vn 0.6808250546455383 0.3763557970523834 -0.6283578276634216 
vn 0.6838083267211914 0.37661677598953247 -0.6249527335166931 
vn 0.8885305523872375 0.42370274662971497 -0.1760382205247879 
vn 0.8901153206825256 0.42386576533317566 -0.16742929816246033 
vn 0.8674240112304688 0.374094158411026 0.3280687630176544 
vn 0.8671481609344482 0.36735373735427856 0.3363112509250641 
vn 0.6207045316696167 0.2147674411535263 0.7540562748908997 
vn 0.6137973666191101 0.21449178457260132 0.7597671151161194 
vn 0.1867803931236267 0 0.9824016690254211 
vn 0.18233227729797363 -0.007491973228752613 0.983208417892456 
vn 0.7097930312156677 0.6590821743011475 -0.24860523641109467 
vn 0.7097930312156677 0.6590821743011475 -0.24860523641109467 
vn 0.7097930312156677 0.6590821743011475 -0.24860523641109467 
vn 0.7097930312156677 0.6590821743011475 -0.24860523641109467 
vn 0.49836552143096924 0.5677992701530457 -0.6551609039306641 
vn 0.49836552143096924 0.5677992701530457 -0.6551609039306641 
vn 0.49836552143096924 0.5677992701530457 -0.6551609039306641 
vn 0.49836552143096924 0.5677992701530457 -0.6551609039306641 
vn -0.43712562322616577 -0.45844414830207825 0.7737894654273987 
vn 0.1961980015039444 -0.5843291878700256 0.7874425053596497 
vn -0.5297340750694275 0.18122917413711548 0.8285757899284363 
vn 0.22805072367191315 0.15548235177993774 0.961154580116272 
vn -0.42023026943206787 0.6675266623497009 0.6146662831306458 
vn 0.1406179964542389 0.797484278678894 0.5867242813110352 
vn 0.22805072367191315 0.15548235177993774 0.961154580116272 
vn 0.19203788042068481 -0.537408709526062 0.8211658596992493 
vn 0.1547391414642334 -0.5787086486816406 0.8007197380065918 
vn 0.22805072367191315 0.15548235177993774 0.961154580116272 
vn 0.649381697177887 0.6693784594535828 0.36088213324546814 
vn 0.8429361581802368 0.2017892748117447 0.4987381398677826 
vn 0.730242908000946 -0.4709284007549286 0.4949462115764618 
vn 0.9907069206237793 -0.1280483603477478 -0.04586252197623253 
vn 0.4544025659561157 -0.78704833984375 -0.417220801115036 
vn 0.5718802213668823 -0.8121611475944519 0.11553031951189041 
vn 0.27523189783096313 -0.8959391117095947 0.34862664341926575 
vn 0.705306351184845 -0.6946312785148621 0.1415284425020218 
vn 0.6465694904327393 -0.7519476413726807 0.12854042649269104 
vn 0.6560055613517761 -0.5493587851524353 -0.5175535082817078 
vn 0.5647681355476379 -0.5874277353286743 0.5796254277229309 
vn -0.17589248716831207 -0.7851682305335999 0.5937783122062683 
vn -0.2145780473947525 -0.6067030429840088 0.7654199600219727 
vn -0.47467154264450073 -0.7617702484130859 0.4409002661705017 
vn -0.5587763786315918 -0.648002564907074 0.5175535082817078 
vn -0.6127427816390991 -0.7804608345031738 0.1242060661315918 
vn -0.7536013126373291 -0.6389188170433044 0.15449213981628418 
vn -0.4873206317424774 -0.818897008895874 -0.30319350957870483 
vn -0.6719042062759399 -0.6092172265052795 -0.42118772864341736 
vn -0.20527924597263336 -0.7588176727294922 -0.6181069612503052 
vn -0.23677363991737366 -0.650530219078064 -0.7216291427612305 
vn 0.2262154072523117 -0.9450839161872864 -0.23588760197162628 
vn 0.5488566160202026 -0.6622678637504578 -0.5100564956665039 
vn 0.7519959807395935 -0.6386657357215881 -0.16312000155448914 
vn 0.4425206184387207 -0.8468980193138123 0.2948545813560486 
vn 0.19997276365756989 -0.8543497323989868 0.4796847105026245 
vn 0.3061206340789795 -0.502606213092804 0.8085030317306519 
vn 0.44920942187309265 -0.8911802768707275 0.0633138045668602 
vn 0.730242908000946 -0.4709284007549286 0.4949462115764618 
vn 0.1547391414642334 -0.5787086486816406 0.8007197380065918 
vn 0.47107815742492676 -0.6426025629043579 -0.6042742133140564 
vn -0.16495457291603088 -0.7954185009002686 -0.5831804275512695 
vn -0.13167428970336914 -0.819283127784729 -0.5580654144287109 
vn 0.19203788042068481 -0.537408709526062 0.8211658596992493 
vn 0.1961980015039444 -0.5843291878700256 0.7874425053596497 
vn -0.13527484238147736 -0.80100017786026 -0.5831804275512695 
vn -0.7063888311386108 -0.6250300407409668 -0.33219319581985474 
vn 0.7582940459251404 0.651616096496582 -0.01966099627315998 
vn 0.712384045124054 -0.7017048001289368 0.010923261754214764 
vn 0.3956916332244873 0.5324410200119019 0.7482877969741821 
vn 0.26124104857444763 -0.9506421685218811 -0.16742929816246033 
vn -0.39427047967910767 0.5574171543121338 0.7306414246559143 
vn -0.22277827560901642 -0.9663577079772949 -0.12854042649269104 
vn -0.7176629304885864 -0.696304976940155 -0.010923261754214764 
vn -0.14933981001377106 0.6155871152877808 0.7737894654273987 
vn -0.21490386128425598 0.11181316524744034 0.9702134728431702 
vn -0.2975418269634247 0.8254522681236267 0.4796847105026245 
vn -0.768805980682373 0.3056901693344116 0.5616858005523682 
vn -0.23507802188396454 -0.8797534704208374 0.41324591636657715 
vn 0.03572521731257439 -0.4335387051105499 0.9004265069961548 
vn 0.4268880784511566 -0.6664713621139526 0.6112139225006104 
vn 0.45288822054862976 -0.849794864654541 0.26970529556274414 
vn 0.9220408797264099 -0.33291783928871155 0.1975002884864807 
vn 0.571893572807312 -0.17828521132469177 0.8007197380065918 
vn 0.3287908136844635 0.36741209030151367 0.8700028657913208 
vn 0.3949631154537201 0.8499785661697388 0.34862664341926575 
vn -0.2975418269634247 0.8254522681236267 0.4796847105026245 
vn 0.6854127049446106 0.7281253337860107 -0.006554040592163801 
vn 0.7281253337860107 -0.6854127049446106 0.006554040592163801 
vn 0.3754176199436188 0.8484551906585693 0.37307560443878174 
vn 0.25193262100219727 -0.9560218453407288 0.15017375349998474 
vn -0.36194637417793274 0.8577899932861328 0.3649536371231079 
vn -0.6500507593154907 0.6873850226402283 0.3239381015300751 
vn -0.7384083271026611 -0.6743503212928772 0.002184694167226553 
vn -0.9103396534919739 -0.3821803629398346 0.15880759060382843 
vn -0.9103396534919739 -0.3821803629398346 0.15880759060382843 
vn -0.9103396534919739 -0.3821803629398346 0.15880759060382843 
vn -0.9103396534919739 -0.3821803629398346 0.15880759060382843 
vn 0.19107110798358917 0 0.9815762042999268 
vn 0.17803208529949188 -0.007461755070835352 0.9839963912963867 
vn -0.28820890188217163 -0.2205575853586197 0.931820809841156 
vn -0.2887522578239441 -0.22649817168712616 0.9302261471748352 
vn -0.6811181902885437 -0.37582510709762573 0.6283578276634216 
vn -0.6781224012374878 -0.3755541443824768 0.6317508816719055 
vn -0.8885974884033203 -0.430319219827652 0.15880759060382843 
vn -0.8887180089950562 -0.42678770422935486 0.16742929816246033 
vn -0.8622614741325378 -0.36737528443336487 -0.34862664341926575 
vn -0.8671481609344482 -0.36735373735427856 -0.3363112509250641 
vn -0.5900680422782898 -0.18973691761493683 -0.7847417593002319 
vn -0.5996838808059692 -0.19326037168502808 -0.7765498161315918 
vn -0.16618460416793823 0.03377850726246834 -0.9855159521102905 
vn -0.17562530934810638 0.030113982036709785 -0.9839963912963867 
vn 0.295154869556427 0.24436986446380615 -0.9236704111099243 
vn 0.290444552898407 0.2437119334936142 -0.9253358840942383 
vn 0.6725830435752869 0.39631569385528564 -0.6249527335166931 
vn 0.6759015321731567 0.3960433602333069 -0.6215357780456543 
vn 0.8751120567321777 0.4507654011249542 -0.1760382205247879 
vn 0.8776111006736755 0.4507667124271393 -0.16312000155448914 
vn 0.8613404035568237 0.38789641857147217 0.3280687630176544 
vn 0.8595942854881287 0.38106417655944824 0.34042292833328247 
vn 0.6181966662406921 0.2218829095363617 0.7540562748908997 
vn 0.6077149510383606 0.22163596749305725 0.762600839138031 
vn 0.19107110798358917 0 0.9815762042999268 
vn 0.17803208529949188 -0.007461755070835352 0.9839963912963867 
vn 0.605809211730957 0.6938965916633606 -0.3892335295677185 
vn 0.605809211730957 0.6938965916633606 -0.3892335295677185 
vn 0.605809211730957 0.6938965916633606 -0.3892335295677185 
vn 0.605809211730957 0.6938965916633606 -0.3892335295677185 
vn 0.6851509809494019 0.7278472781181335 -0.028397228568792343 
vn 0.7915897369384766 -0.6105802655220032 0.024029340595006943 
vn 0.3622587323188782 0.8708710074424744 0.33219319581985474 
vn 0.3159097731113434 -0.8501775860786438 0.42118772864341736 
vn -0.35502874851226807 0.8706703186035156 0.34042292833328247 
vn -0.33502110838890076 -0.8408395648002625 0.42514660954475403 
vn -0.7915897369384766 -0.6105802655220032 0.024029340595006943 
vn -0.7141320109367371 0.23759548366069794 -0.6584556698799133 
vn -0.21025942265987396 0.24370379745960236 -0.946783721446991 
vn -0.7840235829353333 0.5528212785720825 -0.28230419754981995 
vn -0.6962651014328003 0.7176218032836914 0.0152922747656703 
vn -0.9074828624725342 -0.04900692030787468 0.417220801115036 
vn -0.5222128033638 0.7437880039215088 0.417220801115036 
vn -0.4501616060733795 0.6542129516601562 0.607749879360199 
vn -0.7809237837791443 0.5748399496078491 0.24437066912651062 
vn -0.658200204372406 0.7501758933067322 0.0633138045668602 
vn 0.7532777190208435 0.4058460295200348 -0.5175535082817078 
vn 0.7532777190208435 0.4058460295200348 -0.5175535082817078 
vn 0.7532777190208435 0.4058460295200348 -0.5175535082817078 
vn 0.7532777190208435 0.4058460295200348 -0.5175535082817078 
vn -0.5679983496665955 0.822887659072876 0.0152922747656703 
vn -0.7582940459251404 0.651616096496582 0.01966099627315998 
vn -0.3618224263191223 0.8525611758232117 0.37712597846984863 
vn -0.623196542263031 0.555205762386322 0.5507928133010864 
vn -0.6215437054634094 -0.6775206923484802 0.3932546079158783 
vn -0.645982027053833 -0.763324499130249 -0.006554040592163801 
vn -0.733294665813446 -0.6799074411392212 0.002184694167226553 
vn -0.2145780473947525 -0.6067030429840088 0.7654199600219727 
vn -0.5587763786315918 -0.648002564907074 0.5175535082817078 
vn 0.5647681355476379 -0.5874277353286743 0.5796254277229309 
vn 0.6465694904327393 -0.7519476413726807 0.12854042649269104 
vn -0.7536013126373291 -0.6389188170433044 0.15449213981628418 
vn -0.6719042062759399 -0.6092172265052795 -0.42118772864341736 
vn -0.23677363991737366 -0.650530219078064 -0.7216291427612305 
vn -0.9022312760353088 -0.10911232978105545 0.417220801115036 
vn -0.9022312760353088 -0.10911232978105545 0.417220801115036 
vn -0.9022312760353088 -0.10911232978105545 0.417220801115036 
vn -0.9022312760353088 -0.10911232978105545 0.417220801115036 
vn 0.5101351141929626 0.6086068153381348 0.607749879360199 
vn 0.5101351141929626 0.6086068153381348 0.607749879360199 
vn 0.5101351141929626 0.6086068153381348 0.607749879360199 
vn 0.5101351141929626 0.6086068153381348 0.607749879360199 
vn -0.6799074411392212 0.733294665813446 -0.002184694167226553 
vn -0.4767538607120514 -0.3389345407485962 0.8110666871070862 
vn -0.7229008078575134 -0.6908654570579529 -0.010923261754214764 
vn -0.20778989791870117 -0.9685035347938538 0.1372016966342926 
vn 0.3406345844268799 -0.8630079030990601 0.37307560443878174 
vn 0.3996594548225403 0.8354928493499756 0.37712597846984863 
vn 0.7485089898109436 -0.6631211042404175 -0.002184694167226553 
vn 0.6574495434761047 0.7534953951835632 0.002184694167226553 
vn -0.17958681285381317 0.2312156707048416 0.9561840295791626 
vn -0.17958681285381317 0.2312156707048416 0.9561840295791626 
vn -0.17958681285381317 0.2312156707048416 0.9561840295791626 
vn -0.17958681285381317 0.2312156707048416 0.9561840295791626 
vn -0.1182909607887268 -0.15005137026309967 0.9815762042999268 
vn -0.1182909607887268 -0.15005137026309967 0.9815762042999268 
vn 0.1909237951040268 -0.007501416373997927 0.9815762042999268 
vn 0.19521479308605194 -0.007482751272618771 0.9807319641113281 
vn 0.5187280178070068 0.1558791548013687 0.8406086564064026 
vn 0.5187280178070068 0.1558791548013687 0.8406086564064026 
vn 0.7850732803344727 0.3165121376514435 0.5324283838272095 
vn 0.7850732803344727 0.3165121376514435 0.5324283838272095 
vn 0.9009337425231934 0.4236970543861389 0.09380380809307098 
vn 0.9003292918205261 0.4239966571331024 0.0981530249118805 
vn 0.833003044128418 0.44244053959846497 -0.33219319581985474 
vn 0.833003044128418 0.44244053959846497 -0.33219319581985474 
vn 0.6408239603042603 0.3946908116340637 -0.6584556698799133 
vn 0.6408239603042603 0.3946908116340637 -0.6584556698799133 
vn 0.38962316513061523 0.30829712748527527 -0.8678402304649353 
vn 0.38962316513061523 0.30829712748527527 -0.8678402304649353 
vn 0.10050056129693985 0.19682562351226807 -0.9752739667892456 
vn 0.10050056129693985 0.19682562351226807 -0.9752739667892456 
vn -0.1653439998626709 0.07721754163503647 -0.983208417892456 
vn -0.1653439998626709 0.07721754163503647 -0.983208417892456 
vn -0.4981684386730194 -0.0790935829281807 -0.8634653687477112 
vn -0.4969263970851898 -0.08655478060245514 -0.8634653687477112 
vn -0.828827440738678 -0.27486464381217957 -0.48733407258987427 
vn -0.828827440738678 -0.27486464381217957 -0.48733407258987427 
vn -0.9210795760154724 -0.38612130284309387 0.05022686347365379 
vn -0.9212731719017029 -0.38620245456695557 0.04586252197623253 
vn -0.8161319494247437 -0.3870452344417572 0.42909738421440125 
vn -0.8182732462882996 -0.38688403367996216 0.42514660954475403 
vn -0.6607509255409241 -0.34809964895248413 0.6650074124336243 
vn -0.6623697280883789 -0.35123974084854126 0.661737859249115 
vn -0.40556684136390686 -0.26674550771713257 0.87427818775177 
vn -0.40556684136390686 -0.26674550771713257 0.87427818775177 
vn -0.1182909607887268 -0.15005137026309967 0.9815762042999268 
vn -0.1182909607887268 -0.15005137026309967 0.9815762042999268 
vn -0.369828999042511 0.030049145221710205 0.9286137819290161 
vn -0.369828999042511 0.030049145221710205 0.9286137819290161 
vn -0.369828999042511 0.030049145221710205 0.9286137819290161 
vn -0.369828999042511 0.030049145221710205 0.9286137819290161 
vn 0.6529819369316101 0.7530569434165955 -0.08074574917554855 
vn 0.6529819369316101 0.7530569434165955 -0.08074574917554855 
vn 0.6529819369316101 0.7530569434165955 -0.08074574917554855 
vn 0.6529819369316101 0.7530569434165955 -0.08074574917554855 
vn -0.1858142465353012 0.4275808036327362 -0.8846737742424011 
vn -0.1858142465353012 0.4275808036327362 -0.8846737742424011 
vn -0.1858142465353012 0.4275808036327362 -0.8846737742424011 
vn -0.1858142465353012 0.4275808036327362 -0.8846737742424011 
vn 0.6743374466896057 0.7383942008018494 -0.006554040592163801 
vn 0.743394672870636 -0.6686781644821167 -0.0152922747656703 
vn 0.3949584662914276 0.8549283742904663 0.3363112509250641 
vn 0.3233850598335266 -0.8780727386474609 0.3527185618877411 
vn -0.4017971158027649 0.8467694520950317 0.34862664341926575 
vn -0.22607600688934326 -0.9372310042381287 0.26549527049064636 
vn -0.733294665813446 -0.6799074411392212 0.002184694167226553 
vn 0.3949584662914276 0.8549283742904663 0.3363112509250641 
vn 0.6167892813682556 0.6181233525276184 0.48733407258987427 
vn 0.6743374466896057 0.7383942008018494 -0.006554040592163801 
vn 0.7582216858863831 0.6515539288520813 0.024029340595006943 
vn 0.6170011758804321 -0.659685492515564 0.42909738421440125 
vn 0.6515539288520813 -0.7582216858863831 0.024029340595006943 
vn 0.2334015965461731 -0.9330042600631714 0.27391019463539124 
vn 0.7383660078048706 -0.6743116974830627 0.010923261754214764 
vn -0.6226444840431213 0.7825018167495728 -0.002184694167226553 
vn -0.3949584662914276 0.8549283742904663 0.3363112509250641 
vn -0.7917258143424988 -0.6106851696968079 -0.0152922747656703 
vn -0.2953835725784302 -0.9213159084320068 0.25283506512641907 
vn 0.30704641342163086 -0.7548224329948425 0.5796254277229309 
vn 0.43356865644454956 0.8239096403121948 0.3649536371231079 
vn 0.7534810304641724 -0.6574370265007019 -0.006554040592163801 
vn 0.6963315606117249 0.7176902890205383 0.006554040592163801 
vn 0.7433108687400818 0.030196627601981163 -0.6682642698287964 
vn -0.21025942265987396 0.24370379745960236 -0.946783721446991 
vn 0.6724478006362915 0.030199667438864708 -0.7395281791687012 
vn 0.613737165927887 0.30635011196136475 -0.7276512384414673 
vn -0.7141320109367371 0.23759548366069794 -0.6584556698799133 
vn -0.7840235829353333 0.5528212785720825 -0.28230419754981995 
vn 0.5630733370780945 0.5523890852928162 -0.6146662831306458 
vn -0.658200204372406 0.7501758933067322 0.0633138045668602 
vn 0.553813636302948 0.8033599853515625 -0.21886809170246124 
vn -0.4501616060733795 0.6542129516601562 0.607749879360199 
vn 0.7774172425270081 0.392936646938324 -0.4911448359489441 
vn -0.3863888084888458 0.10060781985521317 0.916832447052002 
vn -0.3863888084888458 0.10060781985521317 0.916832447052002 
vn -0.3863888084888458 0.10060781985521317 0.916832447052002 
vn -0.3863888084888458 0.10060781985521317 0.916832447052002 
vn 0.17681145668029785 0.38880816102027893 0.9041935205459595 
vn 0.17681145668029785 0.38880816102027893 0.9041935205459595 
vn 0.17681145668029785 0.38880816102027893 0.9041935205459595 
vn 0.17681145668029785 0.38880816102027893 0.9041935205459595 
vn 0.7774172425270081 0.392936646938324 -0.4911448359489441 
vn -0.4501616060733795 0.6542129516601562 0.607749879360199 
vn 0.4845060110092163 0.3015635907649994 -0.8211658596992493 
vn -0.7809237837791443 0.5748399496078491 0.24437066912651062 
vn -0.6609180569648743 0.3350580036640167 -0.6715083718299866 
vn 0.5691862106323242 0.13489961624145508 -0.8110666871070862 
vn -0.7833493947982788 0.007549205329269171 -0.6215357780456543 
vn 0.5912467837333679 -0.03022884391248226 -0.8059239983558655 
vn -0.7249563932418823 0.26654407382011414 -0.6351318359375 
vn 0.4811566174030304 0.16349712014198303 -0.8612531423568726 
vn -0.6339280009269714 0.5538462400436401 -0.5398051738739014 
vn 0.7372400164604187 0.43872150778770447 -0.5138099193572998 
vn -0.42772966623306274 0.35561603307724 -0.8310141563415527 
vn 0.8404085636138916 0.5294961333274841 -0.11553031951189041 
vn -0.8789320588111877 -0.3538441061973572 -0.3198012113571167 
vn -0.8789320588111877 -0.3538441061973572 -0.3198012113571167 
vn -0.8789320588111877 -0.3538441061973572 -0.3198012113571167 
vn -0.8789320588111877 -0.3538441061973572 -0.3198012113571167 
vn -0.8970715999603271 -0.42004549503326416 0.1372016966342926 
vn -0.8970715999603271 -0.42004549503326416 0.1372016966342926 
vn -0.8970715999603271 -0.42004549503326416 0.1372016966342926 
vn -0.8970715999603271 -0.42004549503326416 0.1372016966342926 
vn -0.6284160614013672 0.7776288986206055 -0.01966099627315998 
vn -0.34129995107650757 0.886834979057312 0.31150925159454346 
vn -0.7730085849761963 -0.6343917846679688 0.002184694167226553 
vn -0.27727803587913513 -0.9437135457992554 0.18033768236637115 
vn 0.21899962425231934 -0.9716158509254456 0.08945280313491821 
vn 0.423918753862381 0.8473606705665588 0.3198012113571167 
vn 0.6853865385055542 -0.7280974984169006 0.010923261754214764 
vn 0.7176629304885864 0.696304976940155 -0.010923261754214764 
vn -0.2567186951637268 -0.2328346073627472 0.9380210638046265 
vn -0.2567186951637268 -0.2328346073627472 0.9380210638046265 
vn -0.2567186951637268 -0.2328346073627472 0.9380210638046265 
vn -0.2567186951637268 -0.2328346073627472 0.9380210638046265 
vn 0.8909968137741089 0.423693984746933 -0.16312000155448914 
vn 0.6831043362617493 0.721807062625885 -0.1111890971660614 
vn 0.9009549617767334 0.3818635642528534 0.2060592919588089 
vn 0.6072004437446594 -0.052702758461236954 0.7927988767623901 
vn -0.418935090303421 -0.015047877095639706 0.9078915119171143 
vn -0.42882171273231506 0.8935641646385193 0.1328723281621933 
vn -0.9396594762802124 -0.03394610434770584 0.34042292833328247 
vn -0.09405457228422165 -0.7553526163101196 0.6485338807106018 
vn -0.8866072297096252 -0.30395251512527466 0.34862664341926575 
vn -0.2569306194782257 0.8981524109840393 0.3568037748336792 
vn 0.34326279163360596 0.8903670907020569 0.2990269064903259 
vn -0.5298008322715759 0.4204295575618744 -0.736579954624176 
vn 0.10735812038183212 0.7732452750205994 -0.6249527335166931 
vn -0.017020436003804207 0.44644907116889954 -0.8946471214294434 
vn -0.19678154587745667 0.8815625309944153 -0.42909738421440125 
vn 0.1685301512479782 0.7480753064155579 -0.641857385635376 
vn -0.4514981210231781 0.5912464261054993 -0.6682642698287964 
vn -0.4458099901676178 0.20151881873607635 -0.872148871421814 
vn -0.7417869567871094 0.08670245856046677 -0.6650074124336243 
vn -0.5446682572364807 0.026462027803063393 -0.838234007358551 
vn -0.6567643880844116 0.44167640805244446 -0.6112139225006104 
vn -0.021841906011104584 0.032688722014427185 -0.9992268681526184 
vn -0.2666368782520294 -0.022694144397974014 -0.9635298252105713 
vn -0.5219218730926514 0.4352041184902191 -0.7336177229881287 
vn -0.34538882970809937 -0.11142971366643906 -0.931820809841156 
vn -0.6226444840431213 0.7825018167495728 -0.002184694167226553 
vn -0.7331546545028687 0.6797776818275452 0.01966099627315998 
vn -0.3949584662914276 0.8549283742904663 0.3363112509250641 
vn -0.6220423579216003 0.6927281022071838 0.3649536371231079 
vn -0.6544354557991028 -0.6944761872291565 0.2990269064903259 
vn -0.6852949261665344 -0.7280002236366272 0.01966099627315998 
vn -0.7730085849761963 -0.6343917846679688 0.002184694167226553 
vn -0.669795572757721 0.6577798128128052 -0.34452807903289795 
vn -0.2481921911239624 -0.9517767429351807 0.18033768236637115 
vn -0.6500647068023682 -0.6967707872390747 0.30319350957870483 
vn -0.7070915699005127 -0.7070915699005127 0.006554040592163801 
vn -0.6962651014328003 -0.7176218032836914 0.0152922747656703 
vn -0.7229422330856323 0.6909050345420837 -0.002184694167226553 
vn -0.6070621013641357 0.7016339302062988 0.37307560443878174 
vn -0.34129995107650757 0.886834979057312 0.31150925159454346 
vn 0.423918753862381 0.8473606705665588 0.3198012113571167 
vn 0.6913514733314514 0.5954299569129944 0.40926313400268555 
vn 0.7176629304885864 0.696304976940155 -0.010923261754214764 
vn 0.7729200720787048 0.6343191266059875 0.0152922747656703 
vn 0.6183871030807495 -0.706326961517334 0.34452807903289795 
vn 0.6456490755081177 -0.7629310488700867 0.03276457265019417 
vn 0.24265678226947784 -0.9420514702796936 0.23163928091526031 
vn 0.7280974984169006 -0.6853865385055542 0.010923261754214764 
vn -0.34129995107650757 0.886834979057312 0.31150925159454346 
vn -0.6070621013641357 0.7016339302062988 0.37307560443878174 
vn 0.423918753862381 0.8473606705665588 0.3198012113571167 
vn 0.6913514733314514 0.5954299569129944 0.40926313400268555 
vn 0.2798900604248047 0.29585373401641846 0.913308322429657 
vn 0.25425243377685547 -0.45293986797332764 0.8545181155204773 
vn 0.6183871030807495 -0.706326961517334 0.34452807903289795 
vn -0.525458812713623 -0.322222501039505 0.7874425053596497 
vn -0.6500647068023682 -0.6967707872390747 0.30319350957870483 
vn -0.520530641078949 0.23395410180091858 0.8211658596992493 
vn 0.6569977402687073 -0.7529776096343994 0.03713129088282585 
vn 0.6850594282150269 -0.7277500033378601 0.03276457265019417 
vn 0.5504136681556702 -0.5797410607337952 0.6007870435714722 
vn 0.23334600031375885 -0.9279314279556274 0.29067665338516235 
vn -0.6025789380073547 -0.5253128409385681 0.6007870435714722 
vn -0.31813690066337585 -0.9010270237922668 0.2948545813560486 
vn -0.7482088804244995 -0.6628552079200745 0.028397228568792343 
vn 0.42924344539642334 0.7158054113388062 0.5507928133010864 
vn 0.7219167947769165 0.5608835220336914 0.405272513628006 
vn 0.7533515691757202 0.6573240160942078 -0.01966099627315998 
vn 0.8142929077148438 0.5804172158241272 -0.006554040592163801 
vn 0.6363294124603271 -0.6683576703071594 0.3852050006389618 
vn 0.7225558161735535 -0.6905357241630554 0.03276457265019417 
vn 0.2801756262779236 -0.8720554113388062 0.401274174451828 
vn 0.7582216858863831 -0.6515539288520813 0.024029340595006943 
vn -0.17826442420482635 -0.9361065626144409 0.30319350957870483 
vn 0.26073193550109863 -0.9244856834411621 0.2781098484992981 
vn -0.3949584662914276 0.8549283742904663 0.3363112509250641 
vn -0.6220423579216003 0.6927281022071838 0.3649536371231079 
vn 0.43356865644454956 0.8239096403121948 0.3649536371231079 
vn 0.6689578294754028 0.6542820334434509 0.3527185618877411 
vn 0.5390676856040955 0.2691671550273895 0.7980946898460388 
vn 0.5327425599098206 -0.3488871455192566 0.7710143327713013 
vn 0.5946702361106873 -0.7543355822563171 0.2781098484992981 
vn -0.5273350477218628 -0.31243419647216797 0.790128231048584 
vn -0.6544354557991028 -0.6944761872291565 0.2990269064903259 
vn -0.49338027834892273 0.30079779028892517 0.8161473870277405 
vn -0.3719519078731537 -0.8351083397865295 0.405272513628006 
vn -0.7072943449020386 -0.5847330093383789 0.3972681760787964 
vn -0.8185122013092041 -0.5741525888442993 0.01966099627315998 
vn -0.8004001379013062 -0.5983150601387024 0.03713129088282585 
vn -0.7485089898109436 0.6631211042404175 -0.002184694167226553 
vn -0.6584146022796631 0.629061222076416 0.41324591636657715 
vn -0.3869714140892029 0.7054646611213684 0.5937783122062683 
vn -0.2481921911239624 -0.9517767429351807 0.18033768236637115 
vn 0.24265678226947784 -0.9420514702796936 0.23163928091526031 
vn 0.34326279163360596 0.8903670907020569 0.2990269064903259 
vn 0.6914467215538025 0.6327407956123352 0.34862664341926575 
vn 0.6685633063316345 0.7432669401168823 0.024029340595006943 
vn 0.7819640636444092 0.6222165822982788 0.03713129088282585 
vn 0.6824221014976501 -0.7037711143493652 0.1975002884864807 
vn 0.6401990652084351 -0.7681810855865479 0.006554040592163801 
vn 0.30704641342163086 -0.7548224329948425 0.5796254277229309 
vn 0.7534810304641724 -0.6574370265007019 -0.006554040592163801 
vn 0.37694889307022095 0.8386061787605286 0.3932546079158783 
vn 0.6837726831436157 0.6197354197502136 0.3852050006389618 
vn 0.7226524353027344 0.6906280517578125 -0.028397228568792343 
vn 0.7584388852119446 0.651740550994873 -0.002184694167226553 
vn 0.5885761380195618 -0.6672093272209167 0.456519216299057 
vn 0.6615244746208191 -0.7482396960258484 0.05022686347365379 
vn 0.23334600031375885 -0.9279314279556274 0.29067665338516235 
vn 0.6850594282150269 -0.7277500033378601 0.03276457265019417 
vn -0.657185971736908 0.7531933188438416 -0.028397228568792343 
vn -0.6963315606117249 0.7176902890205383 -0.006554040592163801 
vn -0.29647427797317505 0.8684934973716736 0.3972681760787964 
vn -0.6253087520599365 0.6786796450614929 0.3852050006389618 
vn -0.6482633948326111 -0.6122769117355347 0.45262736082077026 
vn -0.7293380498886108 -0.6826145648956299 0.04586252197623253 
vn -0.7482088804244995 -0.6628552079200745 0.028397228568792343 
vn 0.23334600031375885 -0.9279314279556274 0.29067665338516235 
vn 0.5885761380195618 -0.6672093272209167 0.456519216299057 
vn -0.31813690066337585 -0.9010270237922668 0.2948545813560486 
vn -0.6482633948326111 -0.6122769117355347 0.45262736082077026 
vn -0.2275467962026596 -0.24484187364578247 0.9424833655357361 
vn -0.29398882389068604 0.31526443362236023 0.9023185968399048 
vn -0.6253087520599365 0.6786796450614929 0.3852050006389618 
vn 0.3299868702888489 0.28344449400901794 0.9004265069961548 
vn 0.6837726831436157 0.6197354197502136 0.3852050006389618 
vn 0.2192521095275879 -0.2577233910560608 0.9410139322280884 
vn 0.7226524353027344 0.6906280517578125 -0.028397228568792343 
vn 0.7582216858863831 -0.6515539288520813 0.024029340595006943 
vn 0.37694889307022095 0.8386061787605286 0.3932546079158783 
vn 0.2801756262779236 -0.8720554113388062 0.401274174451828 
vn -0.29647427797317505 0.8684934973716736 0.3972681760787964 
vn -0.3719519078731537 -0.8351083397865295 0.405272513628006 
vn -0.8185122013092041 -0.5741525888442993 0.01966099627315998 
vn 0.6794402003288269 -0.7327907681465149 0.03713129088282585 
vn 0.5856917500495911 -0.5843579769134521 0.5616858005523682 
vn -0.6794402003288269 -0.7327907681465149 0.03713129088282585 
vn -0.5830212235450745 -0.5870224237442017 0.5616858005523682 
vn -0.1391504853963852 0.9774544835090637 0.15880759060382843 
vn 0.39019519090652466 0.8841198086738586 0.25706008076667786 
vn -0.4445439279079437 0.8957543969154358 0.002184694167226553 
vn 0.7175670266151428 0.6962119340896606 -0.01966099627315998 
vn -0.6358216404914856 0.7704722285270691 0.04586252197623253 
vn -0.6797127723693848 0.7330846786499023 0.024029340595006943 
vn 0.7416492700576782 0.631071925163269 0.22738653421401978 
vn 0.49676191806793213 0.6522971987724304 0.5724822878837585 
vn -0.7775546908378601 0.6283560395240784 0.024029340595006943 
vn -0.5631355047225952 0.5484726428985596 0.6181069612503052 
vn 0.7869561910629272 0.616540789604187 0.024029340595006943 
vn 0.5741742849349976 0.5408412218093872 0.6146662831306458 
vn -0.6905357241630554 0.7225558161735535 -0.03276457265019417 
vn -0.7332806587219238 0.6798944473266602 -0.006554040592163801 
vn -0.35502874851226807 0.8706703186035156 0.34042292833328247 
vn -0.6739218831062317 0.6699188947677612 0.31150925159454346 
vn -0.6496044993400574 -0.6669504046440125 0.3649536371231079 
vn -0.697324275970459 -0.7146738767623901 0.05459024757146835 
vn -0.7740654349327087 -0.6314423084259033 0.04586252197623253 
vn 0.3233850598335266 -0.8780727386474609 0.3527185618877411 
vn 0.6845921874046326 -0.6379052400588989 0.3527185618877411 
vn -0.22607600688934326 -0.9372310042381287 0.26549527049064636 
vn -0.6215437054634094 -0.6775206923484802 0.3932546079158783 
vn -0.23093891143798828 -0.34985750913619995 0.9078915119171143 
vn -0.20113977789878845 0.03356429189443588 0.9789873361587524 
vn -0.623196542263031 0.555205762386322 0.5507928133010864 
vn 0.22253617644309998 0.11549262702465057 0.9680594801902771 
vn 0.6345943212509155 0.5839152932167053 0.5062933564186096 
vn 0.25749656558036804 -0.501217246055603 0.8261215686798096 
vn 0.35315215587615967 0.852584719657898 0.3852050006389618 
vn 0.6345943212509155 0.5839152932167053 0.5062933564186096 
vn 0.580317497253418 0.8141529560089111 0.01966099627315998 
vn 0.7581347823143005 0.6514792442321777 0.028397228568792343 
vn 0.6845921874046326 -0.6379052400588989 0.3527185618877411 
vn 0.645982027053833 -0.763324499130249 0.006554040592163801 
vn 0.3233850598335266 -0.8780727386474609 0.3527185618877411 
vn 0.743394672870636 -0.6686781644821167 -0.0152922747656703 
vn -0.3618224263191223 0.8525611758232117 0.37712597846984863 
vn 0.35315215587615967 0.852584719657898 0.3852050006389618 
vn -0.2099328488111496 -0.5535474419593811 0.8059239983558655 
vn -0.4692705273628235 -0.647178590297699 0.6007870435714722 
vn 0.5811634063720703 -0.28405824303627014 0.762600839138031 
vn 0.43308743834495544 -0.7702455520629883 0.46814218163490295 
vn 0.6939274668693542 -0.6992650628089905 0.17173540592193604 
vn 0.717048168182373 -0.41761815547943115 0.5580654144287109 
vn -0.09405457228422165 -0.7553526163101196 0.6485338807106018 
vn -0.8866072297096252 -0.30395251512527466 0.34862664341926575 
vn -0.19662530720233917 -0.9389583468437195 0.28230419754981995 
vn -0.6115294694900513 -0.6795483231544495 0.405272513628006 
vn -0.7281392216682434 -0.6854257583618164 0.002184694167226553 
vn -0.6516658663749695 -0.7583519816398621 0.0152922747656703 
vn -0.7583519816398621 0.6516658663749695 0.0152922747656703 
vn -0.6112632155418396 0.6352750658988953 0.4719987213611603 
vn -0.4017971158027649 0.8467694520950317 0.34862664341926575 
vn -0.4017971158027649 0.8467694520950317 0.34862664341926575 
vn -0.6112632155418396 0.6352750658988953 0.4719987213611603 
vn 0.3949584662914276 0.8549283742904663 0.3363112509250641 
vn 0.6167892813682556 0.6181233525276184 0.48733407258987427 
vn 0.27372005581855774 0.14431150257587433 0.9509214162826538 
vn 0.28121018409729004 -0.229414165019989 0.931820809841156 
vn 0.6170011758804321 -0.659685492515564 0.42909738421440125 
vn -0.4354686737060547 -0.2144869714975357 0.87427818775177 
vn -0.6115294694900513 -0.6795483231544495 0.405272513628006 
vn -0.42815259099006653 0.14069893956184387 0.8926864862442017 
vn -0.18567581474781036 -0.9346647262573242 0.30319350957870483 
vn -0.6096972227096558 -0.6763853430747986 0.41324591636657715 
vn -0.7177039980888367 -0.6963448524475098 0.002184694167226553 
vn -0.6686270833015442 -0.7433379292488098 0.01966099627315998 
vn -0.7485089898109436 0.6631211042404175 0.002184694167226553 
vn -0.6144160032272339 0.6264148950576782 0.4796847105026245 
vn -0.3932873606681824 0.8620047569274902 0.3198012113571167 
vn 0.9384883046150208 0.16526784002780914 -0.30319350957870483 
vn 0.26590028405189514 0.5210258364677429 -0.8110666871070862 
vn 0.7433108687400818 0.030196627601981163 -0.6682642698287964 
vn 0.011339573189616203 0.7290598750114441 -0.6843559741973877 
vn -0.21025942265987396 0.24370379745960236 -0.946783721446991 
vn 0.2645116448402405 -0.9361500144004822 0.23163928091526031 
vn 0.6468955874443054 -0.6695781946182251 0.3649536371231079 
vn -0.2591009736061096 -0.9366022348403931 0.23588760197162628 
vn -0.6466699242591858 -0.6719985604286194 0.36088213324546814 
vn -0.3410429358482361 -0.3716413676738739 0.8634653687477112 
vn -0.38758447766304016 0.3835909366607666 0.838234007358551 
vn -0.6728793978691101 0.6728793978691101 0.30735430121421814 
vn 0.3947782814502716 0.3814656138420105 0.8358433246612549 
vn 0.6765772104263306 0.6672369837760925 0.31150925159454346 
vn 0.3492765724658966 -0.3639140725135803 0.8634653687477112 
vn 0.372775137424469 0.8740713000297546 0.31150925159454346 
vn 0.6472877860069275 0.627291738986969 0.43303996324539185 
vn 0.6743116974830627 0.7383660078048706 -0.010923261754214764 
vn 0.7484660744667053 0.6630830764770508 0.010923261754214764 
vn 0.6396352052688599 -0.6743088364601135 0.3690181374549866 
vn 0.6685633063316345 -0.7432669401168823 0.024029340595006943 
vn 0.26073193550109863 -0.9244856834411621 0.2781098484992981 
vn 0.712384045124054 -0.7017048001289368 0.010923261754214764 
vn -0.3932873606681824 0.8620047569274902 0.3198012113571167 
vn -0.6144160032272339 0.6264148950576782 0.4796847105026245 
vn 0.372775137424469 0.8740713000297546 0.31150925159454346 
vn 0.6472877860069275 0.627291738986969 0.43303996324539185 
vn 0.26647093892097473 0.227958545088768 0.9364978075027466 
vn 0.2761595547199249 -0.3756170868873596 0.8846737742424011 
vn 0.6396352052688599 -0.6743088364601135 0.3690181374549866 
vn -0.4151837229728699 -0.24405229091644287 0.8763908743858337 
vn -0.6096972227096558 -0.6763853430747986 0.41324591636657715 
vn -0.45738813281059265 0.06749048829078674 0.8867024183273315 
vn -0.14470285177230835 0.924473226070404 0.3527185618877411 
vn -0.14831288158893585 0.9207428097724915 0.36088213324546814 
vn -0.14470285177230835 0.924473226070404 0.3527185618877411 
vn -0.14831288158893585 0.9207428097724915 0.36088213324546814 
vn 0.6794402003288269 -0.7327907681465149 0.03713129088282585 
vn 0.7279307246208191 -0.685229480266571 0.024029340595006943 
vn 0.5856917500495911 -0.5843579769134521 0.5616858005523682 
vn 0.2645116448402405 -0.9361500144004822 0.23163928091526031 
vn -0.5830212235450745 -0.5870224237442017 0.5616858005523682 
vn -0.2645116448402405 -0.9361500144004822 0.23163928091526031 
vn -0.7279307246208191 -0.685229480266571 0.024029340595006943 
vn -0.0018418359104543924 -0.07854640483856201 0.9969087839126587 
vn 0.0018839974654838443 0.7640098929405212 0.6452018022537231 
vn 0.3097717761993408 -0.44878190755844116 0.838234007358551 
vn 0.25729405879974365 0.9189029932022095 0.2990269064903259 
vn 0.7177039980888367 -0.6963448524475098 0.002184694167226553 
vn 0.7071051001548767 0.7071051001548767 0.002184694167226553 
vn 0.7177039980888367 -0.6963448524475098 0.002184694167226553 
vn 0.7071051001548767 0.7071051001548767 0.002184694167226553 
vn 0.7124248743057251 -0.7017449736595154 0.002184694167226553 
vn 0.7071051001548767 0.7071051001548767 -0.002184694167226553 
vn 0.2969295084476471 -0.9040830731391907 -0.30735430121421814 
vn 0.29877638816833496 0.9048792123794556 -0.30319350957870483 
vn -0.0018905557226389647 -0.7016767859458923 -0.7124928832054138 
vn 0.0018878303235396743 0.7078762650489807 -0.7063339352607727 
vn -0.30235886573791504 0.9036884307861328 -0.30319350957870483 
vn -0.5765681862831116 0.5899238586425781 -0.5652954578399658 
vn -0.7173203825950623 0.6959726810455322 -0.03276457265019417 
vn -0.7173203825950623 -0.6959726810455322 -0.03276457265019417 
vn -0.7071051001548767 -0.7071051001548767 0.002184694167226553 
vn -0.7071051001548767 -0.7071051001548767 0.002184694167226553 
vn -0.7017048001289368 -0.712384045124054 -0.010923261754214764 
vn -0.999997615814209 -2.0682260971124217e-13 -0.002184694167226553 
vn -0.3092708885669708 -0.9054604172706604 0.29067665338516235 
vn -0.6985594630241394 -1.4447823363031298e-13 0.715552031993866 
vn 0 0 1 
vn -0.0018859856063500047 0.7047832608222961 0.7094202041625977 
vn 0.52049320936203 0.5818254947662354 0.6249527335166931 
vn 0.7200184464454651 0.690647304058075 0.06767380982637405 
vn 0.7071051001548767 0.7071051001548767 0.002184694167226553 
vn 0.7173203825950623 0.6959726810455322 -0.03276457265019417 
vn 0.5765681862831116 0.5899238586425781 -0.5652954578399658 
vn -7.060541387660102e-14 0.6827613711357117 -0.7306414246559143 
vn -0.5765681862831116 -0.5899238586425781 -0.5652954578399658 
vn -0.7071051001548767 -0.7071051001548767 0.002184694167226553 
vn -0.999997615814209 -2.0682260971124217e-13 0.002184694167226553 
vn 0.7262524366378784 -0.6848955750465393 0.058952588587999344 
vn 0.7071051001548767 -0.7071051001548767 0.002184694167226553 
vn 0.7173203825950623 -0.6959726810455322 -0.03276457265019417 
vn 0.5765681862831116 -0.5899238586425781 -0.5652954578399658 
vn 2.1211945231986579e-13 -0.6827613711357117 -0.7306414246559143 
vn -0.3006172180175781 -0.9056556820869446 -0.2990269064903259 
vn -0.999997615814209 -2.0682260971124217e-13 -0.002184694167226553 
vn 0.7017048001289368 -0.712384045124054 -0.010923261754214764 
vn 0.7071051001548767 -0.7071051001548767 0.002184694167226553 
vn 0.7071051001548767 -0.7071051001548767 0.002184694167226553 
vn 0.3006172180175781 -0.9056556820869446 -0.2990269064903259 
vn 0.0018878303235396743 -0.7078762650489807 -0.7063339352607727 
vn -0.7078686952590942 0.0037756471429020166 -0.7063339352607727 
vn 0.3128376007080078 -0.9042343497276306 0.29067665338516235 
vn 0.999997615814209 0 -0.002184694167226553 
vn 0.999997615814209 0 0.002184694167226553 
vn 0.999997615814209 0 -0.002184694167226553 
vn 0.7078787684440613 0 -0.7063339352607727 
vn -2.0682311115474694e-13 0 -1 
vn 0.5108855366706848 -0.5974444150924683 0.6181069612503052 
vn 0.00376924779266119 -0.707868754863739 0.7063339352607727 
vn -0.00376924779266119 -0.707868754863739 0.7063339352607727 
vn 0 0 1 
vn 0.6985594630241394 0 0.715552031993866 
vn 0.3996594548225403 0.8354928493499756 0.37712597846984863 
vn 0.644338071346283 0.6510049700737 0.401274174451828 
vn 0.6574495434761047 0.7534953951835632 0.002184694167226553 
vn 0.7582940459251404 0.651616096496582 0.01966099627315998 
vn 0.6317230463027954 -0.7023509740829468 0.3280687630176544 
vn 0.651616096496582 -0.7582940459251404 0.01966099627315998 
vn 0.25193262100219727 -0.9560218453407288 0.15017375349998474 
vn 0.7281253337860107 -0.6854127049446106 0.006554040592163801 
vn -0.6686781644821167 0.743394672870636 -0.0152922747656703 
vn -0.7485089898109436 0.6631211042404175 0.002184694167226553 
vn -0.36194637417793274 0.8577899932861328 0.3649536371231079 
vn -0.6565431356430054 0.6792068481445312 0.3280687630176544 
vn -0.6352313160896301 -0.6912174820899963 0.34452807903289795 
vn -0.6742730736732483 -0.7383237481117249 0.0152922747656703 
vn -0.7177039980888367 -0.6963448524475098 0.002184694167226553 
vn -0.22277827560901642 -0.9663577079772949 -0.12854042649269104 
vn -0.589950680732727 -0.7709053754806519 0.2401314377784729 
vn -0.7176629304885864 -0.696304976940155 -0.010923261754214764 
vn -0.6743116974830627 -0.7383660078048706 -0.010923261754214764 
vn -0.6752263307571411 0.7352509498596191 -0.058952588587999344 
vn -0.693244218826294 0.5986580848693848 0.401274174451828 
vn -0.4260326623916626 0.6825858354568481 0.5937783122062683 
vn 0.7869561910629272 -0.616540789604187 0.024029340595006943 
vn 0.7530926465988159 -0.657098114490509 0.03276457265019417 
vn 0.33523663878440857 -0.8561350107192993 0.3932546079158783 
vn 0.6834705471992493 -0.6621187925338745 0.30735430121421814 
vn 0.7871665954589844 0.6167056560516357 -0.006554040592163801 
vn 0.7043706774711609 0.6337105631828308 0.3198012113571167 
vn 0.7583519816398621 0.6516658663749695 -0.0152922747656703 
vn 0.4291352331638336 0.8011053204536438 0.417220801115036 
vn -0.17826442420482635 -0.9361065626144409 0.30319350957870483 
vn -0.6333204507827759 -0.7120245099067688 0.30319350957870483 
vn -0.7177039980888367 -0.6963448524475098 0.002184694167226553 
vn -0.6686270833015442 -0.7433379292488098 0.01966099627315998 
vn -0.7534953951835632 0.6574495434761047 0.002184694167226553 
vn -0.644774854183197 0.6781260967254639 0.3527185618877411 
vn -0.391678124666214 0.8642615675926208 0.31565824151039124 
vn -0.3654104173183441 0.7786639928817749 0.5100564956665039 
vn -0.6958174705505371 0.6451340317726135 0.31565824151039124 
vn 0.35964515805244446 0.7610951066017151 0.5398051738739014 
vn 0.7091900110244751 0.6344941258430481 0.30735430121421814 
vn 0.41891589760780334 0.40826505422592163 0.8110666871070862 
vn 0.41840386390686035 -0.4383954703807831 0.7954543828964233 
vn 0.6866592764854431 -0.6626325845718384 0.2990269064903259 
vn -0.4265122711658478 -0.430510938167572 0.7954543828964233 
vn -0.6976636052131653 -0.6390067338943481 0.3239381015300751 
vn -0.41362476348876953 0.41362476348876953 0.8110666871070862 
vn 0.3159097731113434 -0.8501775860786438 0.42118772864341736 
vn 0.687091588973999 -0.6564046740531921 0.31150925159454346 
vn -0.33502110838890076 -0.8408395648002625 0.42514660954475403 
vn -0.7027365565299988 -0.6334235668182373 0.3239381015300751 
vn -0.4265122711658478 -0.430510938167572 0.7954543828964233 
vn -0.41362476348876953 0.41362476348876953 0.8110666871070862 
vn -0.7113689184188843 0.619356095790863 0.33219319581985474 
vn 0.41891589760780334 0.40826505422592163 0.8110666871070862 
vn 0.7241961359977722 0.6109558939933777 0.3198012113571167 
vn 0.41840386390686035 -0.4383954703807831 0.7954543828964233 
vn 0.6167056560516357 -0.7871665954589844 -0.006554040592163801 
vn 0.49122530221939087 -0.8709640502929688 0.010923261754214764 
vn 0.3791157603263855 -0.8450131416320801 -0.37712597846984863 
vn 0.6623015999794006 -0.725026547908783 0.18892620503902435 
vn 0.7569270730018616 0.6515663266181946 0.05022686347365379 
vn 0.670589029788971 0.6239305734634399 0.401274174451828 
vn 0.706727147102356 0.706727147102356 0.03276457265019417 
vn 0.3330063819885254 0.7324848175048828 0.5937783122062683 
vn -0.39456111192703247 -0.8342293500900269 0.3852050006389618 
vn 0.3282029330730438 -0.8588560223579407 0.3932546079158783 
vn 0.2607836425304413 -0.9392577409744263 0.22312943637371063 
vn 0.649381697177887 -0.6693784594535828 0.36088213324546814 
vn -0.2682172358036041 -0.9329503774642944 0.2401314377784729 
vn -0.6511630415916443 -0.6698341369628906 0.3568037748336792 
vn -0.3410429358482361 -0.3716413676738739 0.8634653687477112 
vn -0.38758447766304016 0.3835909366607666 0.838234007358551 
vn -0.6792219281196594 0.6645445823669434 0.31150925159454346 
vn 0.3947782814502716 0.3814656138420105 0.8358433246612549 
vn 0.6781963109970093 0.6675201058387756 0.30735430121421814 
vn 0.3492765724658966 -0.3639140725135803 0.8634653687477112 
vn -0.3285498023033142 0.874497652053833 0.3568037748336792 
vn 0.32528752088546753 0.8790037035942078 0.34862664341926575 
vn 0.2334015965461731 -0.9330042600631714 0.27391019463539124 
vn 0.6583359241485596 -0.694334864616394 0.29067665338516235 
vn -0.19662530720233917 -0.9389583468437195 0.28230419754981995 
vn -0.6513022780418396 -0.7139506340026855 0.25706008076667786 
vn -0.5312844514846802 -0.3748209476470947 0.7597671151161194 
vn -0.5174248218536377 0.33497142791748047 0.7874425053596497 
vn -0.6533890962600708 0.688071608543396 0.31565824151039124 
vn 0.4300958812236786 0.329233318567276 0.8406086564064026 
vn 0.6571145057678223 0.6704483032226562 0.34452807903289795 
vn 0.43995606899261475 -0.3800915777683258 0.8136147856712341 
vn 0.743394672870636 -0.6686781644821167 0.0152922747656703 
vn 0.694617509841919 -0.7173049449920654 0.05459024757146835 
vn 0.2628483176231384 -0.9311203956604004 0.25283506512641907 
vn 0.6468955874443054 -0.6695781946182251 0.3649536371231079 
vn 0.7281392216682434 0.6854257583618164 -0.002184694167226553 
vn 0.6765772104263306 0.6672369837760925 0.31150925159454346 
vn 0.6851509809494019 0.7278472781181335 -0.028397228568792343 
vn 0.3622587323188782 0.8708710074424744 0.33219319581985474 
vn -0.35502874851226807 0.8706703186035156 0.34042292833328247 
vn -0.6739218831062317 0.6699188947677612 0.31150925159454346 
vn 0.3622587323188782 0.8708710074424744 0.33219319581985474 
vn 0.6765772104263306 0.6672369837760925 0.31150925159454346 
vn 0.3947782814502716 0.3814656138420105 0.8358433246612549 
vn 0.3492765724658966 -0.3639140725135803 0.8634653687477112 
vn 0.6468955874443054 -0.6695781946182251 0.3649536371231079 
vn -0.3410429358482361 -0.3716413676738739 0.8634653687477112 
vn -0.6496044993400574 -0.6669504046440125 0.3649536371231079 
vn -0.38758447766304016 0.3835909366607666 0.838234007358551 
vn -0.6629945039749146 0.7483660578727722 0.01966099627315998 
vn -0.7580334544181824 0.6513921618461609 0.03276457265019417 
vn -0.3281756639480591 0.7540954947471619 0.5688942670822144 
vn -0.6552724838256836 0.5673431754112244 0.4987381398677826 
vn -0.67159104347229 -0.651578962802887 0.3527185618877411 
vn -0.7229008078575134 -0.6908654570579529 -0.010923261754214764 
vn -0.7963150143623352 -0.604688823223114 -0.0152922747656703 
vn -0.2969295084476471 -0.9040830731391907 -0.30735430121421814 
vn -0.7071051001548767 0.7071051001548767 -0.002184694167226553 
vn -0.7124248743057251 -0.7017449736595154 0.002184694167226553 
vn -0.7071051001548767 0.7071051001548767 0.002184694167226553 
vn -0.7177039980888367 -0.6963448524475098 0.002184694167226553 
vn -0.7071051001548767 0.7071051001548767 0.002184694167226553 
vn -0.7177039980888367 -0.6963448524475098 0.002184694167226553 
vn -0.25729405879974365 0.9189029932022095 0.2990269064903259 
vn -0.3066657483577728 -0.4509100317955017 0.838234007358551 
vn 0.0018839974654838443 0.7640098929405212 0.6452018022537231 
vn -0.0018418359104543924 -0.07854640483856201 0.9969087839126587 
vn -0.7071051001548767 0.7071051001548767 0.002184694167226553 
vn -0.7200184464454651 0.690647304058075 0.06767380982637405 
vn -0.52049320936203 0.5818254947662354 0.6249527335166931 
vn -0.0018859856063500047 0.7047832608222961 0.7094202041625977 
vn -0.7288364768028259 -0.6821451187133789 0.058952588587999344 
vn -0.5137451887130737 -0.594987154006958 0.6181069612503052 
vn -0.00376924779266119 -0.707868754863739 0.7063339352607727 
vn 0.00376924779266119 -0.707868754863739 0.7063339352607727 
vn 0.32147666811943054 0.8771224617958069 0.3568037748336792 
vn -0.3356015086174011 0.8718157410621643 0.3568037748336792 
vn 0.712384045124054 -0.7017048001289368 0.010923261754214764 
vn 0.6684866547584534 -0.7431817650794983 0.028397228568792343 
vn 0.26073193550109863 -0.9244856834411621 0.2781098484992981 
vn 0.6566758155822754 -0.6887018084526062 0.30735430121421814 
vn 0.7484660744667053 0.6630830764770508 0.010923261754214764 
vn 0.6682656407356262 0.6482514142990112 0.3649536371231079 
vn 0.6743116974830627 0.7383660078048706 -0.010923261754214764 
vn 0.372775137424469 0.8740713000297546 0.31150925159454346 
vn -0.6799074411392212 0.733294665813446 -0.002184694167226553 
vn -0.7631204724311829 0.6458093523979187 0.024029340595006943 
vn -0.4767538607120514 -0.3389345407485962 0.8110666871070862 
vn -0.6822357773780823 0.6795685291290283 0.26970529556274414 
vn -0.6316900253295898 -0.7436830401420593 0.21886809170246124 
vn -0.6515539288520813 -0.7582216858863831 0.024029340595006943 
vn -0.7384083271026611 -0.6743503212928772 0.002184694167226553 
vn 0.3406345844268799 -0.8630079030990601 0.37307560443878174 
vn 0.6914467215538025 -0.6327407956123352 0.34862664341926575 
vn -0.20778989791870117 -0.9685035347938538 0.1372016966342926 
vn -0.623591423034668 -0.6955751180648804 0.3568037748336792 
vn -0.29051369428634644 -0.4030572175979614 0.8678402304649353 
vn -0.24544212222099304 0.09555932134389877 0.9646899104118347 
vn -0.650482714176178 0.5452727675437927 0.528724730014801 
vn 0.11149967461824417 0.16560356318950653 0.97986900806427 
vn 0.6172080636024475 0.5758710503578186 0.5361219048500061 
vn 0.21451714634895325 -0.5092795491218567 0.8334367275238037 
vn -0.43292391300201416 0.8051900863647461 0.405272513628006 
vn -0.6828069090843201 0.6281634569168091 0.37307560443878174 
vn 0.4224712550640106 0.8046395778656006 0.417220801115036 
vn 0.6939874291419983 0.6206369996070862 0.3649536371231079 
vn 0.3778325617313385 0.3618409335613251 0.8522403836250305 
vn 0.37326163053512573 -0.4025439918041229 0.8358433246612549 
vn 0.6759554147720337 -0.6492639780044556 0.34862664341926575 
vn -0.3841645419597626 -0.3921523988246918 0.8358433246612549 
vn -0.6887596845626831 -0.6287878751754761 0.36088213324546814 
vn -0.3672481179237366 0.37257903814315796 0.8522403836250305 
vn -0.3492359519004822 -0.8505204916000366 0.3932546079158783 
vn 0.33719879388809204 -0.8572013974189758 0.3892335295677185 
vn -0.41101598739624023 0.8224455714225769 0.3932546079158783 
vn 0.2870051860809326 0.8247020840644836 0.48733407258987427 
vn -0.26437538862228394 -0.9259399175643921 0.26970529556274414 
vn 0.2628483176231384 -0.9311203956604004 0.25283506512641907 
vn 0.37933894991874695 0.8603569865226746 0.34042292833328247 
vn -0.435595840215683 0.8349556922912598 0.3363112509250641 
vn -0.3281756639480591 0.7540954947471619 0.5688942670822144 
vn -0.6552724838256836 0.5673431754112244 0.4987381398677826 
vn 0.3330063819885254 0.7324848175048828 0.5937783122062683 
vn 0.670589029788971 0.6239305734634399 0.401274174451828 
vn 0.3195593059062958 0.30091312527656555 0.8985171914100647 
vn 0.36552631855010986 -0.5377215147018433 0.7597671151161194 
vn 0.6623015999794006 -0.725026547908783 0.18892620503902435 
vn -0.3563830256462097 -0.4175608158111572 0.8358433246612549 
vn -0.67159104347229 -0.651578962802887 0.3527185618877411 
vn -0.3071487545967102 0.14195942878723145 0.9410139322280884 
vn 0.26124104857444763 -0.9506421685218811 -0.16742929816246033 
vn 0.6025376915931702 -0.7555583715438843 0.25706008076667786 
vn -0.22277827560901642 -0.9663577079772949 -0.12854042649269104 
vn -0.589950680732727 -0.7709053754806519 0.2401314377784729 
vn -0.5184434056282043 -0.35803183913230896 0.7765498161315918 
vn -0.5360029935836792 0.23424701392650604 0.8110666871070862 
vn -0.693244218826294 0.5986580848693848 0.401274174451828 
vn 0.3386757969856262 0.3147341012954712 0.8867024183273315 
vn 0.6974501013755798 0.5524070858955383 0.456519216299057 
vn 0.3532680571079254 -0.4343545436859131 0.8285757899284363 
vn -0.6961454749107361 0.7174984812736511 -0.024029340595006943 
vn -0.7281253337860107 0.6854127049446106 -0.006554040592163801 
vn -0.3285498023033142 0.874497652053833 0.3568037748336792 
vn -0.6781963109970093 0.6675201058387756 0.30735430121421814 
vn -0.6466699242591858 -0.6719985604286194 0.36088213324546814 
vn -0.6957467198371887 -0.7170875072479248 0.04149730131030083 
vn -0.7279307246208191 -0.685229480266571 0.024029340595006943 
vn 0.4224712550640106 0.8046395778656006 0.417220801115036 
vn 0.6939874291419983 0.6206369996070862 0.3649536371231079 
vn 0.7583519816398621 0.6516658663749695 -0.0152922747656703 
vn 0.7871665954589844 0.6167056560516357 -0.006554040592163801 
vn 0.6759554147720337 -0.6492639780044556 0.34862664341926575 
vn 0.7531933188438416 -0.657185971736908 0.028397228568792343 
vn 0.33719879388809204 -0.8572013974189758 0.3892335295677185 
vn 0.7870312929153442 -0.6165996789932251 0.01966099627315998 
vn -0.19662530720233917 -0.9389583468437195 0.28230419754981995 
vn -0.6513022780418396 -0.7139506340026855 0.25706008076667786 
vn -0.7281392216682434 -0.6854257583618164 0.002184694167226553 
vn -0.651616096496582 -0.7582940459251404 0.01966099627315998 
vn -0.7631933689117432 0.6458710432052612 0.01966099627315998 
vn -0.6533890962600708 0.688071608543396 0.31565824151039124 
vn -0.435595840215683 0.8349556922912598 0.3363112509250641 
vn 0.6583443880081177 0.5863444805145264 0.4719987213611603 
vn -0.4260326623916626 0.6825858354568481 0.5937783122062683 
vn -0.27039840817451477 -0.6835623979568481 0.677958071231842 
vn 0.3791157603263855 -0.8450131416320801 -0.37712597846984863 
vn 0.6851509809494019 0.7278472781181335 -0.028397228568792343 
vn 0.7869561910629272 -0.616540789604187 0.024029340595006943 
vn 0.32528752088546753 0.8790037035942078 0.34862664341926575 
vn 0.33523663878440857 -0.8561350107192993 0.3932546079158783 
vn -0.3285498023033142 0.874497652053833 0.3568037748336792 
vn -0.35293200612068176 -0.8471227884292603 0.3972681760787964 
vn -0.7870312929153442 -0.6165996789932251 0.01966099627315998 
vn -0.5779946446418762 0.5779946446418762 -0.5760593414306641 
vn -0.5779946446418762 -0.5779946446418762 -0.5760593414306641 
vn -0.5759913921356201 0.5799909830093384 0.5760593414306641 
vn -0.5759913921356201 -0.5799909830093384 0.5760593414306641 
vn 0.42924344539642334 0.7158054113388062 0.5507928133010864 
vn -0.3869714140892029 0.7054646611213684 0.5937783122062683 
vn 0.39019519090652466 0.8841198086738586 0.25706008076667786 
vn 0.7175670266151428 0.6962119340896606 -0.01966099627315998 
vn 0.9228310585021973 0 0.3852050006389618 
vn 0.9974023103713989 0 -0.07203252613544464 
vn 0.8551788330078125 -0.3598385751247406 0.37307560443878174 
vn 0.7416492700576782 0.631071925163269 0.22738653421401978 
vn 0.49676191806793213 0.6522971987724304 0.5724822878837585 
vn 0.43851438164711 0.33628612756729126 0.8334367275238037 
vn -0.39970454573631287 0.6923086047172546 0.6007870435714722 
vn -0.5992759466171265 0.683224081993103 0.417220801115036 
vn 0.7217394709587097 -0.6537488102912903 0.22738653421401978 
vn 0.2099328488111496 -0.5535474419593811 0.8059239983558655 
vn 0.47263914346694946 -0.647965133190155 0.5972883701324463 
vn -0.7432669401168823 0.6685633063316345 -0.024029340595006943 
vn -0.43292391300201416 0.8051900863647461 0.405272513628006 
vn -0.7177039980888367 -0.6963448524475098 0.002184694167226553 
vn -0.17826442420482635 -0.9361065626144409 0.30319350957870483 
vn 0.26073193550109863 -0.9244856834411621 0.2781098484992981 
vn 0.4291352331638336 0.8011053204536438 0.417220801115036 
vn 0.712384045124054 -0.7017048001289368 0.010923261754214764 
vn 0.7583519816398621 0.6516658663749695 -0.0152922747656703 
vn -0.001889626495540142 -0.7109557390213013 -0.7032341957092285 
vn 2.2087961613816848e-13 -0.7109582424163818 0.7032341957092285 
vn -0.5779946446418762 -0.5779946446418762 -0.5760593414306641 
vn -0.5759913921356201 -0.5799909830093384 0.5760593414306641 
vn -0.5759913921356201 0.5799909830093384 0.5760593414306641 
vn -0.0018859856063500047 0.7047832608222961 0.7094202041625977 
vn -0.0037783945444971323 0.7047756314277649 -0.7094202041625977 
vn -0.5779946446418762 0.5779946446418762 -0.5760593414306641 
vn 0.3040194809436798 0.3000103831291199 -0.9041935205459595 
vn -0.3013526499271393 0.3026890456676483 -0.9041935205459595 
vn -0.5779946446418762 -0.5779946446418762 -0.5760593414306641 
vn -0.3013526499271393 -0.3026890456676483 -0.9041935205459595 
vn -0.001889626495540142 -0.7109557390213013 -0.7032341957092285 
vn 0.3040194809436798 -0.3000103831291199 -0.9041935205459595 
vn -0.35293200612068176 -0.8471227884292603 0.3972681760787964 
vn -0.696750819683075 -0.6420789957046509 0.3198012113571167 
vn -0.7870312929153442 -0.6165996789932251 0.01966099627315998 
vn -0.772477388381958 -0.6339557766914368 0.03713129088282585 
vn -0.777777373790741 0.6285360455513 -0.002184694167226553 
vn -0.6934565901756287 0.6414740085601807 0.3280687630176544 
vn -0.43292391300201416 0.8051900863647461 0.405272513628006 
vn -0.39970454573631287 0.6923086047172546 0.6007870435714722 
vn -0.13690483570098877 0.7981300950050354 0.5867242813110352 
vn 0.0018848208710551262 0.812340497970581 0.5831804275512695 
vn 0.13318869471549988 0.7987586855888367 0.5867242813110352 
vn 0.39970454573631287 0.6923086047172546 0.6007870435714722 
vn 0.7383942008018494 -0.6743374466896057 -0.006554040592163801 
vn 0.645982027053833 -0.763324499130249 0.006554040592163801 
vn 0.311084508895874 -0.8841300010681152 0.34862664341926575 
vn 0.7046335935592651 -0.6645953059196472 0.24860523641109467 
vn 0.7580334544181824 0.6513921618461609 0.03276457265019417 
vn 0.6673207879066467 0.6299690008163452 0.3972681760787964 
vn 0.6283560395240784 0.7775546908378601 0.024029340595006943 
vn 0.34154972434043884 0.8171847462654114 0.4642767012119293 
vn 0.7228041887283325 -0.6907731294631958 0.01966099627315998 
vn 0.6958663463592529 -0.7172107696533203 0.03713129088282585 
vn 0.2607836425304413 -0.9392577409744263 0.22312943637371063 
vn 0.649381697177887 -0.6693784594535828 0.36088213324546814 
vn 0.7229422330856323 0.6909050345420837 -0.002184694167226553 
vn 0.6781963109970093 0.6675201058387756 0.30735430121421814 
vn 0.6907731294631958 0.7228041887283325 -0.01966099627315998 
vn 0.32147666811943054 0.8771224617958069 0.3568037748336792 
vn -0.29647427797317505 0.8684934973716736 0.3972681760787964 
vn 0.37694889307022095 0.8386061787605286 0.3932546079158783 
vn 0.21899962425231934 -0.9716158509254456 0.08945280313491821 
vn -0.27727803587913513 -0.9437135457992554 0.18033768236637115 
vn 0.3956916332244873 0.5324410200119019 0.7482877969741821 
vn -0.39427047967910767 0.5574171543121338 0.7306414246559143 
vn -1.0341130485562108e-13 0.999997615814209 0.002184694167226553 
vn -1.0341130485562108e-13 0.999997615814209 -0.002184694167226553 
vn 0.30915167927742004 0.8781993389129639 -0.3649536371231079 
vn 0.011339573189616203 0.7290598750114441 -0.6843559741973877 
vn 0.26590028405189514 0.5210258364677429 -0.8110666871070862 
vn 0.9384883046150208 0.16526784002780914 -0.30319350957870483 
vn 0.09780937433242798 0.5401844382286072 -0.8358433246612549 
vn 0.09780937433242798 0.5401844382286072 -0.8358433246612549 
vn 0.09780937433242798 0.5401844382286072 -0.8358433246612549 
vn 0.09780937433242798 0.5401844382286072 -0.8358433246612549 
vn -0.6903115510940552 -0.7223212122917175 0.04149730131030083 
vn -0.5852813124656677 -0.5812803506851196 0.5652954578399658 
vn -0.7174162864685059 -0.6960657238960266 0.028397228568792343 
vn -0.2591009736061096 -0.9366022348403931 0.23588760197162628 
vn 0.2645116448402405 -0.9361500144004822 0.23163928091526031 
vn 0.5826170444488525 -0.5839506983757019 0.5652954578399658 
vn 0.7174162864685059 -0.6960657238960266 0.028397228568792343 
vn 0.6903115510940552 -0.7223212122917175 0.04149730131030083 
vn -0.8744602203369141 0.38520142436027527 -0.2948545813560486 
vn -0.8744602203369141 0.38520142436027527 -0.2948545813560486 
vn -0.8744602203369141 0.38520142436027527 -0.2948545813560486 
vn -0.8744602203369141 0.38520142436027527 -0.2948545813560486 
vn -0.6742216348648071 0.7382673621177673 -0.01966099627315998 
vn -0.391678124666214 0.8642615675926208 0.31565824151039124 
vn -0.7281392216682434 -0.6854257583618164 0.002184694167226553 
vn -0.19662530720233917 -0.9389583468437195 0.28230419754981995 
vn 0.2334015965461731 -0.9330042600631714 0.27391019463539124 
vn 0.372775137424469 0.8740713000297546 0.31150925159454346 
vn 0.7383660078048706 -0.6743116974830627 0.010923261754214764 
vn 0.6743116974830627 0.7383660078048706 -0.010923261754214764 
vn -0.6500507593154907 0.6873850226402283 0.3239381015300751 
vn 0.25193262100219727 -0.9560218453407288 0.15017375349998474 
vn -0.2132241129875183 -0.9390391707420349 0.26970529556274414 
vn -0.6445492506027222 -0.6925463080406189 0.3239381015300751 
vn -0.7332527041435242 -0.6798685193061829 -0.010923261754214764 
vn -0.645982027053833 -0.763324499130249 -0.006554040592163801 
vn -0.7582940459251404 0.651616096496582 0.01966099627315998 
vn -0.6527807712554932 0.5767616629600525 0.4911448359489441 
vn -0.34352561831474304 0.8207194209098816 0.456519216299057 
vn -0.19662530720233917 -0.9389583468437195 0.28230419754981995 
vn 0.2334015965461731 -0.9330042600631714 0.27391019463539124 
vn -0.2953835725784302 -0.9213159084320068 0.25283506512641907 
vn -0.6985557675361633 -0.6359172463417053 0.3280687630176544 
vn -0.7917258143424988 -0.6106851696968079 -0.0152922747656703 
vn -0.7176629304885864 -0.696304976940155 -0.010923261754214764 
vn -0.6797127723693848 0.7330846786499023 0.024029340595006943 
vn -0.5788034200668335 0.6480855345726013 0.4949462115764618 
vn -0.2569306194782257 0.8981524109840393 0.3568037748336792 
vn -0.20778989791870117 -0.9685035347938538 0.1372016966342926 
vn -0.623591423034668 -0.6955751180648804 0.3568037748336792 
vn -0.7229008078575134 -0.6908654570579529 -0.010923261754214764 
vn -0.6459943652153015 -0.7633390426635742 0.002184694167226553 
vn -0.7630330324172974 0.6457353830337524 0.028397228568792343 
vn -0.650482714176178 0.5452727675437927 0.528724730014801 
vn -0.41101598739624023 0.8224455714225769 0.3932546079158783 
vn -0.30274829268455505 0.9488633275032043 -0.08945280313491821 
vn -0.5763757824897766 0.7823988795280457 0.23588760197162628 
vn 0.6167728304862976 0.5514529347419739 0.5616858005523682 
vn 0.7340724468231201 0.5230813026428223 0.43303996324539185 
vn 0.44344785809516907 0.31101617217063904 0.8406086564064026 
vn 0.4248552918434143 -0.39689916372299194 0.8136147856712341 
vn 0.5075422525405884 -0.8262468576431274 0.24437066912651062 
vn -0.5480877161026001 -0.349791020154953 0.7597671151161194 
vn -0.630037248134613 -0.7312904596328735 0.2612801790237427 
vn -0.504795491695404 0.3537171185016632 0.7874425053596497 
vn -0.9696472883224487 -0.13161954283714294 0.2060592919588089 
vn -0.9696472883224487 -0.13161954283714294 0.2060592919588089 
vn -0.9696472883224487 -0.13161954283714294 0.2060592919588089 
vn -0.9696472883224487 -0.13161954283714294 0.2060592919588089 
vn -0.8340436816215515 0.4495534300804138 -0.3198012113571167 
vn 0.8480203747749329 0.4634453058242798 -0.25706008076667786 
vn 0.6275324821472168 0.7022091746330261 0.3363112509250641 
vn 0.6275324821472168 0.7022091746330261 0.3363112509250641 
vn 0.6275324821472168 0.7022091746330261 0.3363112509250641 
vn 0.6275324821472168 0.7022091746330261 0.3363112509250641 
vn 0.6711023449897766 0.21527810394763947 0.7094202041625977 
vn 0.6711023449897766 0.21527810394763947 0.7094202041625977 
vn 0.6711023449897766 0.21527810394763947 0.7094202041625977 
vn 0.6711023449897766 0.21527810394763947 0.7094202041625977 
vn -0.39456111192703247 -0.8342293500900269 0.3852050006389618 
vn -0.6976636052131653 -0.6390067338943481 0.3239381015300751 
vn -0.8053569197654724 -0.5925928950309753 0.0152922747656703 
vn -0.7960869669914246 -0.6045156121253967 0.028397228568792343 
vn -0.7730085849761963 0.6343917846679688 0.002184694167226553 
vn -0.6958174705505371 0.6451340317726135 0.31565824151039124 
vn -0.3654104173183441 0.7786639928817749 0.5100564956665039 
vn 0.55179762840271 0.7973721623420715 -0.24437066912651062 
vn 0.55179762840271 0.7973721623420715 -0.24437066912651062 
vn 0.55179762840271 0.7973721623420715 -0.24437066912651062 
vn 0.55179762840271 0.7973721623420715 -0.24437066912651062 
vn 0.7022675275802612 -0.7062708735466003 -0.08945280313491821 
vn 0.7228041887283325 -0.6907731294631958 0.01966099627315998 
vn 0.5672929286956787 -0.64055997133255 0.5175535082817078 
vn 0.2607836425304413 -0.9392577409744263 0.22312943637371063 
vn -0.5842462778091431 -0.6282162666320801 0.5138099193572998 
vn -0.2682172358036041 -0.9329503774642944 0.2401314377784729 
vn -0.7432669401168823 -0.6685633063316345 0.024029340595006943 
vn -0.5687909126281738 -0.8143277168273926 0.11553031951189041 
vn -0.45941057801246643 -0.8862655162811279 0.058952588587999344 
vn -0.5968125462532043 -0.27425163984298706 0.7540562748908997 
vn -0.2928737699985504 -0.5022508502006531 0.8136147856712341 
vn -7.509239134369586e-14 0.7261508703231812 -0.6875353455543518 
vn 0.018875570967793465 0.6126508712768555 -0.790128231048584 
vn 0.011339573189616203 0.7290598750114441 -0.6843559741973877 
vn 0.013225226663053036 0.643395185470581 -0.7654199600219727 
vn -0.21025942265987396 0.24370379745960236 -0.946783721446991 
vn -0.2682172358036041 -0.9329503774642944 0.2401314377784729 
vn -0.6511630415916443 -0.6698341369628906 0.3568037748336792 
vn -0.7432669401168823 -0.6685633063316345 0.024029340595006943 
vn -0.6958663463592529 -0.7172107696533203 0.03713129088282585 
vn -0.7281253337860107 0.6854127049446106 -0.006554040592163801 
vn -0.6792219281196594 0.6645445823669434 0.31150925159454346 
vn -0.3356015086174011 0.8718157410621643 0.3568037748336792 
vn -0.5696808099746704 0.632318913936615 0.5250110030174255 
vn -0.8463994264602661 -0.011315747164189816 0.5324283838272095 
vn -0.9479315876960754 0.12035980820655823 0.2948545813560486 
vn -0.6339280009269714 0.5538462400436401 -0.5398051738739014 
vn -0.9330828189849854 0.045249294489622116 0.3568037748336792 
vn -0.7249563932418823 0.26654407382011414 -0.6351318359375 
vn -0.7833493947982788 0.007549205329269171 -0.6215357780456543 
vn -0.6609180569648743 0.3350580036640167 -0.6715083718299866 
vn -0.7446149587631226 0.647256076335907 0.16312000155448914 
vn 0.3956916332244873 0.5324410200119019 0.7482877969741821 
vn 0.7241961359977722 0.6109558939933777 0.3198012113571167 
vn 0.7582940459251404 0.651616096496582 -0.01966099627315998 
vn 0.791801393032074 0.6107434630393982 -0.006554040592163801 
vn 0.687091588973999 -0.6564046740531921 0.31150925159454346 
vn 0.7529776096343994 -0.6569977402687073 0.03713129088282585 
vn 0.3159097731113434 -0.8501775860786438 0.42118772864341736 
vn 0.7915897369384766 -0.6105802655220032 0.024029340595006943 
vn 0.6269108653068542 -0.7774702906608582 -0.05022686347365379 
vn 0.743394672870636 -0.6686781644821167 0.0152922747656703 
vn 0.57634037733078 -0.6070163249969482 0.5471406579017639 
vn 0.2628483176231384 -0.9311203956604004 0.25283506512641907 
vn -0.5830212235450745 -0.5870224237442017 0.5616858005523682 
vn -0.26437538862228394 -0.9259399175643921 0.26970529556274414 
vn -0.7740654349327087 -0.6314423084259033 0.04586252197623253 
vn 0.7097930312156677 -0.6590821743011475 -0.24860523641109467 
vn 0.9378708600997925 -0.11300042271614075 -0.3280687630176544 
vn 0.7036260962486267 -0.6702740788459778 0.23588760197162628 
vn 0.9445546269416809 -0.09042376279830933 0.31565824151039124 
vn 0.5000282526016235 -0.6529402732849121 0.5688942670822144 
vn 0.6831835508346558 -0.09025983512401581 0.7246471047401428 
vn 0.3427942395210266 -0.7192668318748474 0.6042742133140564 
vn 0.35498714447021484 -0.7278315424919128 0.5867242813110352 
vn 0.6627236008644104 -0.0977100133895874 0.7424622178077698 
vn -0.4862213134765625 -0.11924660205841064 0.865661084651947 
vn 0.3391525447368622 -0.7806016802787781 0.5250110030174255 
vn 0.6581616401672363 -0.19325368106365204 0.7276512384414673 
vn -0.2707095146179199 -0.14109912514686584 0.9522643685340881 
vn -0.9915245175361633 0.01888086460530758 -0.12854042649269104 
vn -0.07137157022953033 -0.5589537620544434 0.8261215686798096 
vn -0.8232802152633667 -0.5645655393600464 0.058952588587999344 
vn 0.9352419972419739 -0.14278143644332886 0.3239381015300751 
vn 0.9766744375228882 -0.06038760021328926 -0.2060592919588089 
vn 0.6072004437446594 -0.052702758461236954 0.7927988767623901 
vn 0.23848949372768402 0.5683810710906982 0.7874425053596497 
vn -0.07303933054208755 -0.39253470301628113 0.916832447052002 
vn -0.06202518567442894 0.570912778377533 0.8186644315719604 
vn -0.073367178440094 -0.6788080334663391 0.7306414246559143 
vn -0.14119799435138702 -0.48816609382629395 0.8612531423568726 
vn 0.498831570148468 -0.8564531803131104 0.1328723281621933 
vn 0.8117812871932983 0.03019481524825096 -0.5831804275512695 
vn 0.8814696669578552 0.01511317864060402 -0.4719987213611603 
vn 0.3473794162273407 -0.9176031351089478 -0.19321508705615997 
vn 0.3616795241832733 -0.8596231937408447 0.36088213324546814 
vn 0.7105324864387512 -0.5666307210922241 -0.417220801115036 
vn 0.6424792408943176 -0.07523564994335175 0.762600839138031 
vn 0.5142474174499512 -0.6154642105102539 0.5972883701324463 
vn 0.033228036016225815 -0.12641257047653198 0.991421103477478 
vn -0.005655984859913588 -0.726128876209259 0.6875353455543518 
vn -0.03508362919092178 -0.13934198021888733 0.9896226525306702 
vn -0.04328969493508339 -0.6520734429359436 0.7569189071655273 
vn -0.022180303931236267 -0.10673747956752777 0.9940398335456848 
vn -0.24652335047721863 -0.42699095606803894 0.8700028657913208 
vn -0.8083049654960632 -0.04896605387330055 0.5867242813110352 
vn -0.5283620357513428 -0.5856781601905823 0.6146662831306458 
vn -0.9460091590881348 0.05285649374127388 -0.3198012113571167 
vn -0.7214232683181763 -0.6360201835632324 -0.27391019463539124 
vn -0.9367308020591736 -0.24643628299236298 0.24860523641109467 
vn -0.622394859790802 -0.7821881175041199 -0.028397228568792343 
vn 0.0018864087760448456 -0.9811546206474304 0.19321508705615997 
vn 0.0847010388970375 -0.7842264175415039 0.6146662831306458 
vn -0.043330345302820206 -0.8111862540245056 0.5831804275512695 
vn -0.12393766641616821 -0.7897432446479797 0.6007870435714722 
vn -0.3778815269470215 -0.8703823685646057 0.31565824151039124 
vn -0.6272779107093811 -0.7658277153968811 -0.1415284425020218 
vn -0.5770580768585205 0.8135203123092651 -0.07203252613544464 
vn -0.4260326623916626 0.6825858354568481 0.5937783122062683 
vn -0.8782837986946106 -0.47801488637924194 0.010923261754214764 
vn -0.8340436816215515 0.4495534300804138 -0.3198012113571167 
vn 0.8480203747749329 0.4634453058242798 -0.25706008076667786 
vn 0.6583443880081177 0.5863444805145264 0.4719987213611603 
vn 0.8777304887771606 -0.47771376371383667 0.03713129088282585 
vn 0.5364879965782166 0.843678891658783 -0.01966099627315998 
vn -0.6119268536567688 -0.7690616846084595 0.18463370203971863 
vn -0.5636292695999146 -0.6022982001304626 0.5652954578399658 
vn -0.724452555179596 -0.6604257225990295 0.1975002884864807 
vn 0.33523663878440857 -0.8561350107192993 0.3932546079158783 
vn 0.6834705471992493 -0.6621187925338745 0.30735430121421814 
vn -0.35293200612068176 -0.8471227884292603 0.3972681760787964 
vn -0.696750819683075 -0.6420789957046509 0.3198012113571167 
vn -0.4265122711658478 -0.430510938167572 0.7954543828964233 
vn -0.41362476348876953 0.41362476348876953 0.8110666871070862 
vn -0.6934565901756287 0.6414740085601807 0.3280687630176544 
vn 0.41891589760780334 0.40826505422592163 0.8110666871070862 
vn 0.7043706774711609 0.6337105631828308 0.3198012113571167 
vn 0.41840386390686035 -0.4383954703807831 0.7954543828964233 
vn -0.33502110838890076 -0.8408395648002625 0.42514660954475403 
vn -0.7027365565299988 -0.6334235668182373 0.3239381015300751 
vn -0.7915897369384766 -0.6105802655220032 0.024029340595006943 
vn -0.7723445892333984 -0.6338468194007874 0.04149730131030083 
vn -0.777777373790741 0.6285360455513 -0.002184694167226553 
vn -0.7113689184188843 0.619356095790863 0.33219319581985474 
vn -0.39427047967910767 0.5574171543121338 0.7306414246559143 
vn -0.6687547564506531 0.74347984790802 -0.002184694167226553 
vn -0.435595840215683 0.8349556922912598 0.3363112509250641 
vn -0.7332527041435242 -0.6798685193061829 -0.010923261754214764 
vn -0.2132241129875183 -0.9390391707420349 0.26970529556274414 
vn 0.311084508895874 -0.8841300010681152 0.34862664341926575 
vn 0.37933894991874695 0.8603569865226746 0.34042292833328247 
vn 0.7383942008018494 -0.6743374466896057 -0.006554040592163801 
vn 0.6743374466896057 0.7383942008018494 0.006554040592163801 
vn 0.6583443880081177 0.5863444805145264 0.4719987213611603 
vn 0.6974501013755798 0.5524070858955383 0.456519216299057 
vn 0.5364879965782166 0.843678891658783 -0.01966099627315998 
vn 0.6103354096412659 0.7912723422050476 0.03713129088282585 
vn 0.6025376915931702 -0.7555583715438843 0.25706008076667786 
vn 0.6729046702384949 -0.7383061051368713 0.04586252197623253 
vn 0.26124104857444763 -0.9506421685218811 -0.16742929816246033 
vn 0.712384045124054 -0.7017048001289368 0.010923261754214764 
vn 0.6569977402687073 -0.7529776096343994 0.03713129088282585 
vn 0.5504136681556702 -0.5797410607337952 0.6007870435714722 
vn -0.7224454283714294 -0.690430223941803 0.03713129088282585 
vn -0.6025789380073547 -0.5253128409385681 0.6007870435714722 
vn 0.9689472317695618 -0.037739481776952744 -0.24437066912651062 
vn 0.9662240147590637 -0.1129353865981102 0.23163928091526031 
vn 0.6427384614944458 -0.6093721389770508 -0.4642767012119293 
vn 0.5427649617195129 -0.052630070596933365 0.838234007358551 
vn 0.42064473032951355 -0.565491795539856 0.7094202041625977 
vn -0.37327149510383606 -0.6666206121444702 0.6452018022537231 
vn -0.6459795832633972 -0.03391728177666664 0.762600839138031 
vn -0.3878428041934967 -0.6868502497673035 0.6146662831306458 
vn -0.5199690461158752 -0.6649853587150574 0.5361219048500061 
vn -0.6533890962600708 -0.688071608543396 0.31565824151039124 
vn -0.9225361347198486 -0.06030870974063873 0.3811691105365753 
vn -0.7339733242988586 -0.6766149401664734 0.058952588587999344 
vn -0.7062236666679382 -0.6675366759300232 -0.23588760197162628 
vn -0.629671037197113 -0.17489470541477203 0.7569189071655273 
vn -0.26236581802368164 0.4945971667766571 0.8285757899284363 
vn -0.5415773987770081 -0.12692266702651978 0.8310141563415527 
vn -0.8899566531181335 -0.16500763595104218 0.42514660954475403 
vn -0.9550888538360596 -0.11304221302270889 -0.27391019463539124 
vn -0.9229117631912231 -0.18742620944976807 0.3363112509250641 
vn -0.9669020771980286 -0.15046565234661102 -0.2060592919588089 
vn -0.9720692038536072 -0.1392422467470169 -0.18892620503902435 
vn 0.2913663983345032 -0.9113795757293701 0.29067665338516235 
vn 0.6571145057678223 -0.6704483032226562 0.34452807903289795 
vn -0.286246657371521 -0.9102998375892639 0.2990269064903259 
vn -0.6352313160896301 -0.6912174820899963 0.34452807903289795 
vn -0.519097089767456 -0.29897505044937134 0.8007197380065918 
vn -0.5384986400604248 0.292773962020874 0.790128231048584 
vn -0.6565431356430054 0.6792068481445312 0.3280687630176544 
vn 0.33653774857521057 0.38577091693878174 0.8590245246887207 
vn 0.6783190369606018 0.6489866375923157 0.34452807903289795 
vn 0.3586479127407074 -0.3653060793876648 0.8590245246887207 
vn 0.34866592288017273 0.9070772528648376 -0.23588760197162628 
vn 0.457111120223999 0.8672041893005371 0.1975002884864807 
vn 0.303936630487442 0.7695008516311646 0.5616858005523682 
vn -0.341462641954422 0.24994917213916779 0.9060511589050293 
vn 0.6269108653068542 -0.7774702906608582 -0.05022686347365379 
vn 0.57634037733078 -0.6070163249969482 0.5471406579017639 
vn -0.6908918619155884 -0.7229284048080444 0.006554040592163801 
vn -0.5830212235450745 -0.5870224237442017 0.5616858005523682 
vn 0.3754176199436188 0.8484551906585693 0.37307560443878174 
vn -0.36194637417793274 0.8577899932861328 0.3649536371231079 
vn 0.5759972333908081 0.5466875433921814 0.607749879360199 
vn 0.7631204724311829 0.6458093523979187 0.024029340595006943 
vn -0.5655165910720825 0.5575222373008728 0.607749879360199 
vn -0.7532796263694763 0.657261312007904 0.024029340595006943 
vn 0.26073193550109863 -0.9244856834411621 0.2781098484992981 
vn -0.18567581474781036 -0.9346647262573242 0.30319350957870483 
vn 0.3754176199436188 0.8484551906585693 0.37307560443878174 
vn 0.6783190369606018 0.6489866375923157 0.34452807903289795 
vn 0.6854127049446106 0.7281253337860107 -0.006554040592163801 
vn 0.7484660744667053 0.6630830764770508 0.010923261754214764 
vn 0.6571145057678223 -0.6704483032226562 0.34452807903289795 
vn 0.6742730736732483 -0.7383237481117249 0.0152922747656703 
vn 0.2913663983345032 -0.9113795757293701 0.29067665338516235 
vn 0.7124248743057251 -0.7017449736595154 0.002184694167226553 
vn 0.580317497253418 0.8141529560089111 0.01966099627315998 
vn 0.7869561910629272 0.616540789604187 0.024029340595006943 
vn 0.35315215587615967 0.852584719657898 0.3852050006389618 
vn 0.5741742849349976 0.5408412218093872 0.6146662831306458 
vn -0.3618224263191223 0.8525611758232117 0.37712597846984863 
vn -0.5631355047225952 0.5484726428985596 0.6181069612503052 
vn -0.7775546908378601 0.6283560395240784 0.024029340595006943 
vn 0.8777304887771606 -0.47771376371383667 0.03713129088282585 
vn 0.6711245775222778 -0.7378367781639099 0.07203252613544464 
vn 0.8480203747749329 0.4634453058242798 -0.25706008076667786 
vn 0.5075422525405884 -0.8262468576431274 0.24437066912651062 
vn 0.8739476203918457 0.4842453598976135 0.04149730131030083 
vn 0.7340724468231201 0.5230813026428223 0.43303996324539185 
vn 0.8355437517166138 0.5492110252380371 0.0152922747656703 
vn 0.6167728304862976 0.5514529347419739 0.5616858005523682 
vn -0.5759913921356201 0.5799909830093384 0.5760593414306641 
vn -0.0037707132287323475 0.6025202870368958 0.7980946898460388 
vn -0.5779946446418762 0.5779946446418762 -0.5760593414306641 
vn 0.0018891289364546537 0.6025291085243225 -0.7980946898460388 
vn 2.570402658080839e-13 -0.8273506164550781 -0.5616858005523682 
vn -0.5779946446418762 -0.5779946446418762 -0.5760593414306641 
vn -0.5759913921356201 -0.5799909830093384 0.5760593414306641 
vn 0.001886209356598556 -0.8273484706878662 0.5616858005523682 
vn -0.30268529057502747 -0.30135640501976013 0.9041935205459595 
vn -0.30268529057502747 0.30135640501976013 0.9041935205459595 
vn -0.5759913921356201 0.5799909830093384 0.5760593414306641 
vn 0.3000216782093048 0.3040083348751068 0.9041935205459595 
vn -0.0037707132287323475 0.6025202870368958 0.7980946898460388 
vn 0.3000216782093048 -0.3040083348751068 0.9041935205459595 
vn -0.43292391300201416 0.8051900863647461 0.405272513628006 
vn 0.4291352331638336 0.8011053204536438 0.417220801115036 
vn 0.7097930312156677 -0.6590821743011475 -0.24860523641109467 
vn 0.5648587942123413 -0.704847514629364 -0.42909738421440125 
vn 0.5368108153343201 -0.6887232065200806 -0.48733407258987427 
vn 0.27712252736091614 -0.7356268763542175 -0.6181069612503052 
vn 0.04523755609989166 -0.2807784974575043 -0.9587059020996094 
vn -0.13702312111854553 -0.7311959862709045 -0.6682642698287964 
vn -0.10172576457262039 -0.8715242147445679 -0.4796847105026245 
vn -0.007552723400294781 -0.8173729777336121 -0.5760593414306641 
vn 0.20240889489650726 -0.9256121516227722 -0.3198012113571167 
vn 0.3126577138900757 0.3299742639064789 0.8907088041305542 
vn -0.04517829790711403 0.5211959481239319 0.8522403836250305 
vn 0.11817920953035355 0.6460903882980347 0.7540562748908997 
vn -0.07511229068040848 0.5657250285148621 0.8211658596992493 
vn -0.3557700514793396 0.9020591378211975 0.24437066912651062 
vn -0.5810035467147827 0.7501964569091797 -0.31565824151039124 
vn -0.9470826983451843 0.31883472204208374 0.03713129088282585 
vn -0.6818491220474243 0.5924164056777954 -0.42909738421440125 
vn -0.5966169238090515 0.7126526832580566 -0.3690181374549866 
vn -0.634260356426239 0.5875260829925537 -0.5025205612182617 
vn -0.4747640788555145 0.5573287606239319 0.681163489818573 
vn -0.39967596530914307 0.908202588558197 0.1242060661315918 
vn -0.7252355813980103 0.4746510684490204 -0.4987381398677826 
vn -0.6751024127006531 0.6190442442893982 -0.401274174451828 
vn -0.4953603148460388 0.6920849680900574 -0.5250110030174255 
vn -0.3587316870689392 0.6616250872612 -0.6584556698799133 
vn -0.49387651681900024 0.6045824885368347 -0.6249527335166931 
vn -0.40891703963279724 0.7384850382804871 -0.5361219048500061 
vn -0.1224202811717987 0.8852443099021912 -0.4487268626689911 
vn -0.009448152966797352 0.8071601390838623 -0.590256929397583 
vn 0.2112545222043991 0.8601271510124207 -0.4642767012119293 
vn 0.13736696541309357 0.9192148447036743 -0.3690181374549866 
vn -0.6227485537528992 0.5176281332969666 0.5867242813110352 
vn -0.3790004551410675 -0.7770661115646362 0.5025205612182617 
vn 0.0565025731921196 -0.7299477458000183 0.681163489818573 
vn 0.11328297853469849 -0.2562875747680664 0.9599394202232361 
vn -0.5357944965362549 -0.7271861433982849 0.42909738421440125 
vn -0.8313723802566528 0.5555052757263184 0.0152922747656703 
vn -0.40481728315353394 0.9070698618888855 0.11553031951189041 
vn -0.40481728315353394 0.9070698618888855 0.11553031951189041 
vn -0.40481728315353394 0.9070698618888855 0.11553031951189041 
vn -0.40481728315353394 0.9070698618888855 0.11553031951189041 
vn -0.40481728315353394 0.9070698618888855 0.11553031951189041 
vn -0.40481728315353394 0.9070698618888855 0.11553031951189041 
vn -0.40481728315353394 0.9070698618888855 0.11553031951189041 
vn -0.40481728315353394 0.9070698618888855 0.11553031951189041 
vn -0.40481728315353394 0.9070698618888855 0.11553031951189041 
vn -0.40481728315353394 0.9070698618888855 0.11553031951189041 
vn -0.40481728315353394 0.9070698618888855 0.11553031951189041 
vn -0.40481728315353394 0.9070698618888855 0.11553031951189041 
vn -0.40481728315353394 0.9070698618888855 0.11553031951189041 
vn -0.40481728315353394 0.9070698618888855 0.11553031951189041 
vn -0.40481728315353394 0.9070698618888855 0.11553031951189041 
vn -0.40481728315353394 0.9070698618888855 0.11553031951189041 
vn -0.40481728315353394 0.9070698618888855 0.11553031951189041 
vn 0.7157802581787109 -0.5797894597053528 -0.3892335295677185 
vn 0.43015384674072266 -0.875822126865387 -0.21886809170246124 
vn 0.49710631370544434 -0.8459038138389587 -0.19321508705615997 
vn 0.746446430683136 -0.5880303978919983 -0.31150925159454346 
vn 0.16682212054729462 -0.7818089723587036 -0.6007870435714722 
vn 0.17897622287273407 -0.6387745141983032 -0.7482877969741821 
vn -0.2765577733516693 -0.8144680261611938 -0.5100564956665039 
vn -0.4014873206615448 -0.6399782299995422 -0.6551609039306641 
vn -0.606001615524292 -0.7737392783164978 -0.18463370203971863 
vn -0.7199285626411438 -0.6572032570838928 -0.22312943637371063 
vn -0.6268801093101501 -0.7653419971466064 0.1458524912595749 
vn -0.7290254831314087 -0.6636936664581299 0.16742929816246033 
vn -0.5758364796638489 -0.7315881252288818 0.3649536371231079 
vn -0.6037361025810242 -0.6957010626792908 0.3892335295677185 
vn -0.34945356845855713 -0.7709748148918152 0.5324283838272095 
vn -0.423118531703949 -0.6625062227249146 0.6181069612503052 
vn 0.04896102473139763 -0.7926177382469177 0.607749879360199 
vn 0.04140002653002739 -0.6388404965400696 0.7682244777679443 
vn 0.15118461847305298 -0.6357805728912354 0.7569189071655273 
vn 0.13877689838409424 -0.748428225517273 0.6485338807106018 
vn 0.0018847448518499732 -0.6731230020523071 0.7395281791687012 
vn -0.0018859856063500047 -0.7047832608222961 0.7094202041625977 
vn -0.28139665722846985 -0.6079191565513611 0.7424622178077698 
vn -0.24690349400043488 -0.781858503818512 0.5724822878837585 
vn -0.06033136323094368 -0.8916301727294922 0.4487268626689911 
vn 1.8121315808593969e-13 -0.5849537253379822 0.8110666871070862 
vn 0.48969516158103943 -0.712510883808136 0.5025205612182617 
vn 0.4834587574005127 -0.7167571187019348 0.5025205612182617 
vn 0.5725999474525452 -0.778491735458374 0.25706008076667786 
vn 0.6887018084526062 -0.6566758155822754 0.30735430121421814 
vn 0.6625514626502991 -0.7478659749031067 -0.04149730131030083 
vn 0.7377740144729614 -0.67377108335495 -0.04149730131030083 
vn 0.5981293320655823 -0.7500304579734802 -0.28230419754981995 
vn 0.6672964692115784 -0.6726385354995728 -0.3198012113571167 
vn 0.43768468499183655 -0.7404555678367615 -0.5100564956665039 
vn 0.4726945459842682 -0.6878859996795654 -0.5507928133010864 
vn -0.1782144159078598 -0.9019924998283386 -0.3932546079158783 
vn -0.2072688192129135 -0.5694664120674133 -0.7954543828964233 
vn -0.4660789668560028 -0.636361300945282 -0.6146662831306458 
vn -0.4317534863948822 -0.7226336002349854 -0.5398051738739014 
vn -0.1774315983057022 -0.6852812170982361 -0.7063339352607727 
vn -0.16856177151203156 -0.7093967795372009 -0.6843559741973877 
vn -0.13328245282173157 -0.6761082410812378 -0.7246471047401428 
vn -0.12589327991008759 -0.721226155757904 -0.681163489818573 
vn 0.03399736434221268 -0.6559293866157532 -0.7540562748908997 
vn 0.030188797041773796 -0.7491272687911987 -0.661737859249115 
vn 0.21011079847812653 -0.6759776473045349 -0.7063339352607727 
vn 0.19783084094524384 -0.7261536717414856 -0.6584556698799133 
vn -0.037749744951725006 -0.999265730381012 0.006554040592163801 
vn -0.015103200450539589 -0.9998835325241089 0.002184694167226553 
vn 3.097898456858039e-13 -0.999997615814209 0.002184694167226553 
vn 3.097898456858039e-13 -0.999997615814209 0.002184694167226553 
vn 0.015103200450539589 -0.9998835325241089 0.002184694167226553 
vn 0.015103200450539589 -0.9998835325241089 0.002184694167226553 
vn 0.007551815826445818 -0.9999691247940063 0.002184694167226553 
vn 0.007551815826445818 -0.9999691247940063 0.002184694167226553 
vn -0.007551815826445818 -0.9999691247940063 0.002184694167226553 
vn 3.097898456858039e-13 -0.999997615814209 0.002184694167226553 
vn -0.007551815826445818 -0.9999691247940063 0.002184694167226553 
vn 3.097898456858039e-13 -0.999997615814209 0.002184694167226553 
vn 0.19611933827400208 -0.03733529895544052 0.97986900806427 
vn 0.19611933827400208 -0.03733529895544052 0.97986900806427 
vn -0.1621159464120865 -0.19125720858573914 0.9680594801902771 
vn -0.1621159464120865 -0.19125720858573914 0.9680594801902771 
vn -0.4915245771408081 -0.32361462712287903 0.8085030317306519 
vn -0.4915245771408081 -0.32361462712287903 0.8085030317306519 
vn -0.7476222515106201 -0.40188440680503845 0.528724730014801 
vn -0.7476222515106201 -0.40188440680503845 0.528724730014801 
vn -0.892611563205719 -0.42028144001960754 0.16312000155448914 
vn -0.892611563205719 -0.42028144001960754 0.16312000155448914 
vn -0.9011284112930298 -0.3717269003391266 -0.22312943637371063 
vn -0.9011284112930298 -0.3717269003391266 -0.22312943637371063 
vn -0.7701014876365662 -0.27404263615608215 -0.5760593414306641 
vn -0.7701014876365662 -0.27404263615608215 -0.5760593414306641 
vn -0.5217708349227905 -0.1310012936592102 -0.8429672718048096 
vn -0.5217708349227905 -0.1310012936592102 -0.8429672718048096 
vn -0.196076899766922 0.03755752742290497 -0.97986900806427 
vn -0.196076899766922 0.03755752742290497 -0.97986900806427 
vn 0.16051465272903442 0.19260308146476746 -0.9680594801902771 
vn 0.16051465272903442 0.19260308146476746 -0.9680594801902771 
vn 0.49282896518707275 0.3216246962547302 -0.8085030317306519 
vn 0.49282896518707275 0.3216246962547302 -0.8085030317306519 
vn 0.7491245865821838 0.39907708764076233 -0.528724730014801 
vn 0.7491245865821838 0.39907708764076233 -0.528724730014801 
vn 0.8909968137741089 0.423693984746933 -0.16312000155448914 
vn 0.8909968137741089 0.423693984746933 -0.16312000155448914 
vn 0.899864137172699 0.3747769892215729 0.22312943637371063 
vn 0.899864137172699 0.3747769892215729 0.22312943637371063 
vn 0.7702389359474182 0.2736559808254242 0.5760593414306641 
vn 0.7702389359474182 0.2736559808254242 0.5760593414306641 
vn 0.5228138566017151 0.12677457928657532 0.8429672718048096 
vn 0.5228138566017151 0.12677457928657532 0.8429672718048096 
vn -0.40481728315353394 0.9070698618888855 0.11553031951189041 
vn -0.40481728315353394 0.9070698618888855 0.11553031951189041 
vn -0.40481728315353394 0.9070698618888855 0.11553031951189041 
vn -0.40481728315353394 0.9070698618888855 0.11553031951189041 
vn -0.40481728315353394 0.9070698618888855 0.11553031951189041 
vn -0.40481728315353394 0.9070698618888855 0.11553031951189041 
vn -0.40481728315353394 0.9070698618888855 0.11553031951189041 
vn -0.40481728315353394 0.9070698618888855 0.11553031951189041 
vn -0.40481728315353394 0.9070698618888855 0.11553031951189041 
vn -0.40481728315353394 0.9070698618888855 0.11553031951189041 
vn -0.40481728315353394 0.9070698618888855 0.11553031951189041 
vn -0.40481728315353394 0.9070698618888855 0.11553031951189041 
vn -0.40481728315353394 0.9070698618888855 0.11553031951189041 
vn -0.40481728315353394 0.9070698618888855 0.11553031951189041 
vn -0.40481728315353394 0.9070698618888855 0.11553031951189041 
vn -0.40481728315353394 0.9070698618888855 0.11553031951189041 
vn -0.40481728315353394 0.9070698618888855 0.11553031951189041 
vn -0.40481728315353394 0.9070698618888855 0.11553031951189041 
vn -0.40481728315353394 0.9070698618888855 0.11553031951189041 
vn -0.40481728315353394 0.9070698618888855 0.11553031951189041 
vn -0.40481728315353394 0.9070698618888855 0.11553031951189041 
vn -0.40481728315353394 0.9070698618888855 0.11553031951189041 
vn -0.40481728315353394 0.9070698618888855 0.11553031951189041 
vn -0.40481728315353394 0.9070698618888855 0.11553031951189041 
vn -0.40481728315353394 0.9070698618888855 0.11553031951189041 
vn -0.40481728315353394 0.9070698618888855 0.11553031951189041 
vn -0.40481728315353394 0.9070698618888855 0.11553031951189041 
vn -0.40481728315353394 0.9070698618888855 0.11553031951189041 
vn -0.40481728315353394 0.9070698618888855 0.11553031951189041 
vn -0.40481728315353394 0.9070698618888855 0.11553031951189041 
vn -0.40481728315353394 0.9070698618888855 0.11553031951189041 
vn -0.40481728315353394 0.9070698618888855 0.11553031951189041 
vn -0.3910467028617859 0.9181905388832092 0.0633138045668602 
vn -0.3910467028617859 0.9181905388832092 0.0633138045668602 
vn -0.3911513686180115 0.9184362888336182 0.058952588587999344 
vn -0.3911513686180115 0.9184362888336182 0.058952588587999344 
vn -0.3911513686180115 0.9184362888336182 0.058952588587999344 
vn -0.3910467028617859 0.9181905388832092 0.0633138045668602 
vn -0.3911513686180115 0.9184362888336182 0.058952588587999344 
vn -0.3910467028617859 0.9181905388832092 0.0633138045668602 
vn -0.3910467028617859 0.9181905388832092 0.0633138045668602 
vn -0.3911513686180115 0.9184362888336182 0.058952588587999344 
vn -0.3911513686180115 0.9184362888336182 0.058952588587999344 
vn -0.3911513686180115 0.9184362888336182 0.058952588587999344 
vn -0.3911513686180115 0.9184362888336182 0.058952588587999344 
vn -0.40481728315353394 0.9070698618888855 0.11553031951189041 
vn -0.40481728315353394 0.9070698618888855 0.11553031951189041 
vn -0.40481728315353394 0.9070698618888855 0.11553031951189041 
vn -0.40481728315353394 0.9070698618888855 0.11553031951189041 
vn -0.40481728315353394 0.9070698618888855 0.11553031951189041 
vn -0.40481728315353394 0.9070698618888855 0.11553031951189041 
vn -0.40481728315353394 0.9070698618888855 0.11553031951189041 
vn -0.40481728315353394 0.9070698618888855 0.11553031951189041 
vn -0.40481728315353394 0.9070698618888855 0.11553031951189041 
vn -0.40481728315353394 0.9070698618888855 0.11553031951189041 
vn -0.40481728315353394 0.9070698618888855 0.11553031951189041 
vn -0.40481728315353394 0.9070698618888855 0.11553031951189041 
vn -0.40481728315353394 0.9070698618888855 0.11553031951189041 
vn -0.40481728315353394 0.9070698618888855 0.11553031951189041 
vn -0.40481728315353394 0.9070698618888855 0.11553031951189041 
vn -0.40481728315353394 0.9070698618888855 0.11553031951189041 
vn -0.40481728315353394 0.9070698618888855 0.11553031951189041 
vn 0.9220408797264099 -0.33291783928871155 0.1975002884864807 
vn 0.3949631154537201 0.8499785661697388 0.34862664341926575 
vn 0.33431223034858704 0.3675440847873688 0.8678402304649353 
vn -0.2975418269634247 0.8254522681236267 0.4796847105026245 
vn 0.026290033012628555 0.31248050928115845 0.949560284614563 
vn -0.2211380898952484 0.10887859761714935 0.9691457152366638 
vn 0.33741649985313416 -0.37999093532562256 0.8612531423568726 
vn 0.02069852128624916 -0.43451544642448425 0.9004265069961548 
vn 0.45288822054862976 -0.849794864654541 0.26970529556274414 
vn -0.23507802188396454 -0.8797534704208374 0.41324591636657715 
vn 0.5777375102043152 -0.17106810212135315 0.7980946898460388 
vn -0.768805980682373 0.3056901693344116 0.5616858005523682 
vn 0.9032266139984131 0.007556954398751259 -0.42909738421440125 
vn -0.7483660578727722 0.6629945039749146 -0.01966099627315998 
vn -0.657185971736908 0.7531933188438416 -0.028397228568792343 
vn -0.5679983496665955 0.822887659072876 0.0152922747656703 
vn -0.6687420010566711 0.7434656620025635 0.006554040592163801 
vn -0.7433379292488098 0.6686270833015442 -0.01966099627315998 
vn -0.6961454749107361 0.7174984812736511 -0.024029340595006943 
vn -0.6166467666625977 0.7870914340019226 0.0152922747656703 
vn -0.6906280517578125 0.7226524353027344 -0.028397228568792343 
vn -0.5428854823112488 0.8396674990653992 0.0152922747656703 
vn -0.7484232187271118 0.6630451083183289 -0.0152922747656703 
vn -0.6629945039749146 0.7483660578727722 0.01966099627315998 
vn -0.7432669401168823 0.6685633063316345 -0.024029340595006943 
vn -0.6905357241630554 0.7225558161735535 -0.03276457265019417 
vn -0.5992759466171265 0.683224081993103 0.417220801115036 
vn 0.48083147406578064 -0.6547531485557556 0.5831804275512695 
vn 0.35281145572662354 0.27409952878952026 -0.8946471214294434 
vn -0.0018859856063500047 0.7047832608222961 0.7094202041625977 
vn 0.6560055613517761 -0.5493587851524353 -0.5175535082817078 
vn -7.509239134369586e-14 0.7261508703231812 -0.6875353455543518 
vn -0.42882171273231506 0.8935641646385193 0.1328723281621933 
vn -0.4445439279079437 0.8957543969154358 0.002184694167226553 
vn 0.018875570967793465 0.6126508712768555 -0.790128231048584 
vn -0.7062236666679382 -0.6675366759300232 -0.23588760197162628 
vn -0.43712562322616577 -0.45844414830207825 0.7737894654273987 
vn -0.5679983496665955 0.822887659072876 0.0152922747656703 
vn -0.27727803587913513 -0.9437135457992554 0.18033768236637115 
vn -0.6284160614013672 0.7776288986206055 -0.01966099627315998 
vn -0.7224454283714294 -0.690430223941803 0.03713129088282585 
vn -0.7483660578727722 0.6629945039749146 -0.01966099627315998 
vn -0.31813690066337585 -0.9010270237922668 0.2948545813560486 
vn -0.6742730736732483 0.7383237481117249 -0.0152922747656703 
vn -0.22607600688934326 -0.9372310042381287 0.26549527049064636 
vn -0.6687420010566711 0.7434656620025635 0.006554040592163801 
vn -0.6742730736732483 0.7383237481117249 -0.0152922747656703 
vn -0.6794402003288269 -0.7327907681465149 0.03713129088282585 
vn -0.7433379292488098 0.6686270833015442 -0.01966099627315998 
vn -0.2645116448402405 -0.9361500144004822 0.23163928091526031 
vn -0.6166467666625977 0.7870914340019226 0.0152922747656703 
vn -0.6687547564506531 0.74347984790802 -0.002184694167226553 
vn -0.6742216348648071 0.7382673621177673 -0.01966099627315998 
vn -0.7432669401168823 0.6685633063316345 -0.024029340595006943 
vn -0.2591009736061096 -0.9366022348403931 0.23588760197162628 
vn -0.6686781644821167 0.743394672870636 -0.0152922747656703 
vn -0.5428854823112488 0.8396674990653992 0.0152922747656703 
vn -0.6500507593154907 0.6873850226402283 0.3239381015300751 
vn -0.286246657371521 -0.9102998375892639 0.2990269064903259 
vn -0.7262208461761475 -0.6821739673614502 -0.08510008454322815 
vn -0.7484232187271118 0.6630451083183289 -0.0152922747656703 
vn -0.6961454749107361 0.7174984812736511 -0.024029340595006943 
vn -0.27039840817451477 -0.6835623979568481 0.677958071231842 
vn -0.49124404788017273 0.8709973096847534 -0.006554040592163801 
vn -0.5770580768585205 0.8135203123092651 -0.07203252613544464 
vn -0.6908918619155884 -0.7229284048080444 0.006554040592163801 
vn -0.7432669401168823 0.6685633063316345 -0.024029340595006943 
vn -0.26437538862228394 -0.9259399175643921 0.26970529556274414 
vn 0.4668736457824707 0.8212185502052307 0.3280687630176544 
vn 0.5829814076423645 -0.2562606930732727 0.7710143327713013 
vn -0.14933981001377106 0.6155871152877808 0.7737894654273987 
vn -0.7038610577583313 0.30430033802986145 0.641857385635376 
vn 0.46281152963638306 0.8041269183158875 0.37307560443878174 
vn 0.8909968137741089 0.423693984746933 -0.16312000155448914 
vn -0.9790608286857605 -0.06409227102994919 0.19321508705615997 
vn 0.6831043362617493 0.721807062625885 -0.1111890971660614 
vn -0.892611563205719 -0.42028144001960754 0.16312000155448914 
vn -0.892611563205719 -0.42028144001960754 0.16312000155448914 
vn -0.19678154587745667 0.8815625309944153 -0.42909738421440125 
vn -0.1222626194357872 0.932289719581604 0.34042292833328247 
vn -0.38263869285583496 0.9237715005874634 -0.0152922747656703 
vn -0.38263869285583496 0.9237715005874634 -0.0152922747656703 
vn -0.38263869285583496 0.9237715005874634 -0.0152922747656703 
vn -0.5235045552253723 0.8513926863670349 -0.03276457265019417 
vn -0.5235045552253723 0.8513926863670349 -0.03276457265019417 
vn -0.5235045552253723 0.8513926863670349 -0.03276457265019417 
vn -0.4728770852088928 0.8794357180595398 -0.05459024757146835 
vn -0.4728770852088928 0.8794357180595398 -0.05459024757146835 
vn -0.4728770852088928 0.8794357180595398 -0.05459024757146835 
vn -0.5882343053817749 0.7929441928863525 0.15880759060382843 
vn -0.5882343053817749 0.7929441928863525 0.15880759060382843 
vn -0.5882343053817749 0.7929441928863525 0.15880759060382843 
vn -0.5919932126998901 0.7993983626365662 0.10250037163496017 
vn -0.5919932126998901 0.7993983626365662 0.10250037163496017 
vn -0.5919932126998901 0.7993983626365662 0.10250037163496017 
vn -0.6177578568458557 0.7841554880142212 0.058952588587999344 
vn -0.6177578568458557 0.7841554880142212 0.058952588587999344 
vn -0.6177578568458557 0.7841554880142212 0.058952588587999344 
vn -0.39743348956108093 0.8941958546638489 0.2060592919588089 
vn -0.39743348956108093 0.8941958546638489 0.2060592919588089 
vn -0.39743348956108093 0.8941958546638489 0.2060592919588089 
vn -0.28269389271736145 0.9286662936210632 0.2401314377784729 
vn -0.28269389271736145 0.9286662936210632 0.2401314377784729 
vn -0.28269389271736145 0.9286662936210632 0.2401314377784729 
vn -0.38025540113449097 0.8896517753601074 0.25283506512641907 
vn -0.38025540113449097 0.8896517753601074 0.25283506512641907 
vn -0.38025540113449097 0.8896517753601074 0.25283506512641907 
vn -0.26286396384239197 0.9530741572380066 0.15017375349998474 
vn -0.26286396384239197 0.9530741572380066 0.15017375349998474 
vn -0.26286396384239197 0.9530741572380066 0.15017375349998474 
vn -0.3843795359134674 0.9218078255653381 0.05022686347365379 
vn -0.3843795359134674 0.9218078255653381 0.05022686347365379 
vn -0.3843795359134674 0.9218078255653381 0.05022686347365379 
vn -0.5661794543266296 0.7946933507919312 -0.21886809170246124 
vn -0.5661794543266296 0.7946933507919312 -0.21886809170246124 
vn -0.5661794543266296 0.7946933507919312 -0.21886809170246124 
vn -0.3911513686180115 0.9184362888336182 0.058952588587999344 
vn -0.3911513686180115 0.9184362888336182 0.058952588587999344 
vn -0.3911513686180115 0.9184362888336182 0.058952588587999344 
vn -0.4969232976436615 0.8506316542625427 0.17173540592193604 
vn -0.4969232976436615 0.8506316542625427 0.17173540592193604 
vn -0.4969232976436615 0.8506316542625427 0.17173540592193604 
vn -0.3843795359134674 0.9218078255653381 0.05022686347365379 
vn -0.3843795359134674 0.9218078255653381 0.05022686347365379 
vn -0.3843795359134674 0.9218078255653381 0.05022686347365379 
vn -0.35365310311317444 0.8981437087059021 0.2612801790237427 
vn -0.35365310311317444 0.8981437087059021 0.2612801790237427 
vn -0.35365310311317444 0.8981437087059021 0.2612801790237427 
vn -0.40509530901908875 0.9126432538032532 0.05459024757146835 
vn -0.3771176338195801 0.9239987134933472 0.0633138045668602 
vn -0.3771176338195801 0.9239987134933472 0.0633138045668602 
vn -0.3771176338195801 0.9239987134933472 0.0633138045668602 
vn -0.41775044798851013 0.8593866229057312 -0.2948545813560486 
vn -0.2900703251361847 0.9464823603630066 -0.1415284425020218 
vn -0.2900703251361847 0.9464823603630066 -0.1415284425020218 
vn -0.2900703251361847 0.9464823603630066 -0.1415284425020218 
vn -0.5377214550971985 0.8357586860656738 0.1111890971660614 
vn -0.5377214550971985 0.8357586860656738 0.1111890971660614 
vn -0.5377214550971985 0.8357586860656738 0.1111890971660614 
vn -0.4713956117630005 0.8819191455841064 -0.002184694167226553 
vn -0.4713956117630005 0.8819191455841064 -0.002184694167226553 
vn -0.4713956117630005 0.8819191455841064 -0.002184694167226553 
vn -0.3381902873516083 0.906477689743042 0.25283506512641907 
vn -0.3381902873516083 0.906477689743042 0.25283506512641907 
vn -0.3381902873516083 0.906477689743042 0.25283506512641907 
vn -0.47348758578300476 0.8553183674812317 0.2103329300880432 
vn -0.47348758578300476 0.8553183674812317 0.2103329300880432 
vn -0.47348758578300476 0.8553183674812317 0.2103329300880432 
vn -0.25031375885009766 0.965796709060669 0.06767380982637405 
vn -0.25031375885009766 0.965796709060669 0.06767380982637405 
vn -0.25031375885009766 0.965796709060669 0.06767380982637405 
vn -0.2757190465927124 0.9609378576278687 0.024029340595006943 
vn -0.2757190465927124 0.9609378576278687 0.024029340595006943 
vn -0.2757190465927124 0.9609378576278687 0.024029340595006943 
vn -0.3261646330356598 0.9451892971992493 -0.0152922747656703 
vn -0.3261646330356598 0.9451892971992493 -0.0152922747656703 
vn -0.3261646330356598 0.9451892971992493 -0.0152922747656703 
vn -0.47263312339782715 0.8789819478988647 -0.0633138045668602 
vn -0.47263312339782715 0.8789819478988647 -0.0633138045668602 
vn -0.47263312339782715 0.8789819478988647 -0.0633138045668602 
vn -0.49925440549850464 0.8647339940071106 -0.05459024757146835 
vn -0.49925440549850464 0.8647339940071106 -0.05459024757146835 
vn -0.49925440549850464 0.8647339940071106 -0.05459024757146835 
vn -0.5492739677429199 0.835639476776123 -0.002184694167226553 
vn -0.5492739677429199 0.835639476776123 -0.002184694167226553 
vn -0.5492739677429199 0.835639476776123 -0.002184694167226553 
vn -0.5566104054450989 0.8283575177192688 0.0633138045668602 
vn -0.5566104054450989 0.8283575177192688 0.0633138045668602 
vn -0.5566104054450989 0.8283575177192688 0.0633138045668602 
vn -0.5214812159538269 0.8428536653518677 0.1328723281621933 
vn -0.5214812159538269 0.8428536653518677 0.1328723281621933 
vn -0.5214812159538269 0.8428536653518677 0.1328723281621933 
vn -0.4422784149646759 0.8767535090446472 0.18892620503902435 
vn -0.4422784149646759 0.8767535090446472 0.18892620503902435 
vn -0.4422784149646759 0.8767535090446472 0.18892620503902435 
vn -0.2556944489479065 0.960342288017273 0.1111890971660614 
vn -0.2556944489479065 0.960342288017273 0.1111890971660614 
vn -0.2556944489479065 0.960342288017273 0.1111890971660614 
vn 0.5389364361763 0.7225121855735779 -0.43303996324539185 
vn 0.5389364361763 0.7225121855735779 -0.43303996324539185 
vn 0.5389364361763 0.7225121855735779 -0.43303996324539185 
vn 0.2780708968639374 0.6022806167602539 -0.7482877969741821 
vn 0.2780708968639374 0.6022806167602539 -0.7482877969741821 
vn 0.2780708968639374 0.6022806167602539 -0.7482877969741821 
vn -0.11025694757699966 0.4248649775981903 -0.8985171914100647 
vn -0.11025694757699966 0.4248649775981903 -0.8985171914100647 
vn -0.11025694757699966 0.4248649775981903 -0.8985171914100647 
vn -0.5201128721237183 0.2348814606666565 -0.8211658596992493 
vn -0.5201128721237183 0.2348814606666565 -0.8211658596992493 
vn -0.5201128721237183 0.2348814606666565 -0.8211658596992493 
vn -0.838401198387146 0.07545747607946396 -0.5398051738739014 
vn -0.838401198387146 0.07545747607946396 -0.5398051738739014 
vn -0.838401198387146 0.07545747607946396 -0.5398051738739014 
vn -0.9886524081230164 0.0037739467807114124 -0.15017375349998474 
vn -0.9886524081230164 0.0037739467807114124 -0.15017375349998474 
vn -0.9886524081230164 0.0037739467807114124 -0.15017375349998474 
vn -0.9624701142311096 0.030171364545822144 0.26970529556274414 
vn -0.9624701142311096 0.030171364545822144 0.26970529556274414 
vn -0.9624701142311096 0.030171364545822144 0.26970529556274414 
vn -0.7481337189674377 0.16827072203159332 0.641857385635376 
vn -0.7481337189674377 0.16827072203159332 0.641857385635376 
vn -0.7481337189674377 0.16827072203159332 0.641857385635376 
vn -0.3394722640514374 0.398051381111145 0.8522403836250305 
vn -0.3394722640514374 0.398051381111145 0.8522403836250305 
vn -0.3394722640514374 0.398051381111145 0.8522403836250305 
vn 0.15494677424430847 0.6280378103256226 0.762600839138031 
vn 0.15494677424430847 0.6280378103256226 0.762600839138031 
vn 0.15494677424430847 0.6280378103256226 0.762600839138031 
vn 0.5023772716522217 0.7595030665397644 0.41324591636657715 
vn 0.5023772716522217 0.7595030665397644 0.41324591636657715 
vn 0.5023772716522217 0.7595030665397644 0.41324591636657715 
vn 0.6224662065505981 0.7822777032852173 -0.024029340595006943 
vn 0.6224662065505981 0.7822777032852173 -0.024029340595006943 
vn 0.6224662065505981 0.7822777032852173 -0.024029340595006943 
vn -0.30092674493789673 0.9505828022956848 0.0763898640871048 
vn -0.30092674493789673 0.9505828022956848 0.0763898640871048 
vn -0.30092674493789673 0.9505828022956848 0.0763898640871048 
vn -0.32602766156196594 0.9447922706604004 0.03276457265019417 
vn -0.32602766156196594 0.9447922706604004 0.03276457265019417 
vn -0.32602766156196594 0.9447922706604004 0.03276457265019417 
vn -0.3616342842578888 0.9322560429573059 -0.010923261754214764 
vn -0.3616342842578888 0.9322560429573059 -0.010923261754214764 
vn -0.3616342842578888 0.9322560429573059 -0.010923261754214764 
vn -0.4613412618637085 0.8846380710601807 -0.06767380982637405 
vn -0.4613412618637085 0.8846380710601807 -0.06767380982637405 
vn -0.4613412618637085 0.8846380710601807 -0.06767380982637405 
vn -0.4793938100337982 0.8756176233291626 -0.058952588587999344 
vn -0.4793938100337982 0.8756176233291626 -0.058952588587999344 
vn -0.4793938100337982 0.8756176233291626 -0.058952588587999344 
vn -0.5108298659324646 0.8596124053001404 -0.010923261754214764 
vn -0.5108298659324646 0.8596124053001404 -0.010923261754214764 
vn -0.5108298659324646 0.8596124053001404 -0.010923261754214764 
vn -0.5122733116149902 0.8570857048034668 0.05459024757146835 
vn -0.5122733116149902 0.8570857048034668 0.05459024757146835 
vn -0.5122733116149902 0.8570857048034668 0.05459024757146835 
vn -0.4873873293399811 0.8643069267272949 0.1242060661315918 
vn -0.4873873293399811 0.8643069267272949 0.1242060661315918 
vn -0.4873873293399811 0.8643069267272949 0.1242060661315918 
vn -0.4287411570549011 0.8834522366523743 0.18892620503902435 
vn -0.4287411570549011 0.8834522366523743 0.18892620503902435 
vn -0.4287411570549011 0.8834522366523743 0.18892620503902435 
vn -0.30103740096092224 0.9460485577583313 0.11986933648586273 
vn -0.30103740096092224 0.9460485577583313 0.11986933648586273 
vn -0.30103740096092224 0.9460485577583313 0.11986933648586273 
vn -0.32620200514793396 0.9452975392341614 -0.002184694167226553 
vn -0.32620200514793396 0.9452975392341614 -0.002184694167226553 
vn -0.32620200514793396 0.9452975392341614 -0.002184694167226553 
vn -0.3633731007575989 0.9302887916564941 -0.05022686347365379 
vn -0.3633731007575989 0.9302887916564941 -0.05022686347365379 
vn -0.3633731007575989 0.9302887916564941 -0.05022686347365379 
vn -0.40874147415161133 0.9090712666511536 -0.08074574917554855 
vn -0.40874147415161133 0.9090712666511536 -0.08074574917554855 
vn -0.40874147415161133 0.9090712666511536 -0.08074574917554855 
vn -0.5086467862129211 0.8558500409126282 -0.09380380809307098 
vn -0.5086467862129211 0.8558500409126282 -0.09380380809307098 
vn -0.5086467862129211 0.8558500409126282 -0.09380380809307098 
vn -0.526762843132019 0.8469546437263489 -0.07203252613544464 
vn -0.526762843132019 0.8469546437263489 -0.07203252613544464 
vn -0.526762843132019 0.8469546437263489 -0.07203252613544464 
vn -0.5428440570831299 0.8396033644676208 0.01966099627315998 
vn -0.5428440570831299 0.8396033644676208 0.01966099627315998 
vn -0.5428440570831299 0.8396033644676208 0.01966099627315998 
vn -0.5230412483215332 0.8455837368965149 0.10684575140476227 
vn -0.5230412483215332 0.8455837368965149 0.10684575140476227 
vn -0.5230412483215332 0.8455837368965149 0.10684575140476227 
vn -0.4672403931617737 0.8646368384361267 0.18463370203971863 
vn -0.4672403931617737 0.8646368384361267 0.18463370203971863 
vn -0.4672403931617737 0.8646368384361267 0.18463370203971863 
vn -0.3973451852798462 0.8890512585639954 0.22738653421401978 
vn -0.3973451852798462 0.8890512585639954 0.22738653421401978 
vn -0.3973451852798462 0.8890512585639954 0.22738653421401978 
vn -0.3135001063346863 0.9477564692497253 0.058952588587999344 
vn -0.3135001063346863 0.9477564692497253 0.058952588587999344 
vn -0.3135001063346863 0.9477564692497253 0.058952588587999344 
vt 0.2934025526046753 0.8577256798744202 
vt 0.30804580450057983 0.8547971844673157 
vt 0.3009682297706604 0.8859125375747681 
vt 0.31500133872032166 0.8829840421676636 
vt 0.30279862880706787 0.8953081369400024 
vt 0.3168317377567291 0.892379641532898 
vt 0.32183486223220825 0.9209325313568115 
vt 0.06814071536064148 0.3513385057449341 
vt 0.08437030762434006 0.351948618888855 
vt 0.0689949095249176 0.38098961114883423 
vt 0.08522450178861618 0.3813556730747223 
vt 0.06887288391590118 0.39062929153442383 
vt 0.08498044312000275 0.3909953534603119 
vt 0.082661934196949 0.4202803671360016 
vt 0.6993864178657532 0.16000959277153015 
vt 0.6993864178657532 0.07605914026498795 
vt 0.7234256863594055 0.16000959277153015 
vt 0.7234256863594055 0.07605914026498795 
vt 0.4345878064632416 0.7564482092857361 
vt 0.42287319898605347 0.7436360120773315 
vt 0.46716901659965515 0.7625492811203003 
vt 0.46082359552383423 0.6988543272018433 
vt 0.5014585852622986 0.7520554661750793 
vt 0.5303789973258972 0.7153271436691284 
vt 0.5218371152877808 0.6822594404220581 
vt 0.4871814250946045 0.6423586010932922 
vt 0.08034341782331467 0.8626065254211426 
vt 0.09986773878335953 0.8478419780731201 
vt 0.1064571961760521 0.8723681569099426 
vt 0.11451097577810287 0.8538209795951843 
vt 0.11512111127376556 0.876028835773468 
vt 0.12280881404876709 0.8572375774383545 
vt 0.13684192299842834 0.8646808862686157 
vt 0.6231195330619812 0.6674949526786804 
vt 0.6896242499351501 0.646751344203949 
vt 0.6962136626243591 0.685554027557373 
vt 0.7113450169563293 0.6550487875938416 
vt 0.7120772004127502 0.6765244603157043 
vt 0.7231816649436951 0.6678609848022461 
vt 0.7231816649436951 0.6689592003822327 
vt 0.7563729882240295 0.6615158915519714 
vt 0.7539324760437012 0.64089435338974 
vt 0.784439206123352 0.6584653854370117 
vt 0.7924929857254028 0.6487036943435669 
vt 0.7811444997787476 0.663834273815155 
vt 0.7889541983604431 0.6707894802093506 
vt 0.7706501483917236 0.6663967370986938 
vt 0.776141345500946 0.681649386882782 
vt 0.7494174838066101 0.669813334941864 
vt 0.7512478828430176 0.6882385015487671 
vt 0.733553946018219 0.6707894802093506 
vt 0.7302592396736145 0.6873843669891357 
vt 0.7547866702079773 0.6365016102790833 
vt 0.8084785342216492 0.645409107208252 
vt 0.794811487197876 0.6733519434928894 
vt 0.7804123163223267 0.686164140701294 
vt 0.7519800066947937 0.6932413578033447 
vt 0.7278186678886414 0.6934853792190552 
vt 0.2710716128349304 0.33010685443878174 
vt 0.2873012125492096 0.20930607616901398 
vt 0.27668485045433044 0.33022889494895935 
vt 0.2915721535682678 0.21333277225494385 
vt 0.2921822965145111 0.3323032259941101 
vt 0.30487310886383057 0.23627270758152008 
vt 0.3303767442703247 0.1872202754020691 
vt 0.3208586275577545 0.17330987751483917 
vt 0.5124410390853882 0.27934613823890686 
vt 0.5087802410125732 0.27214688062667847 
vt 0.5215930342674255 0.27580752968788147 
vt 0.5151256322860718 0.2698284983634949 
vt 0.5239115357398987 0.5735387802124023 
vt 0.4880356192588806 0.5945263504981995 
vt 0.530256986618042 0.5514529347419739 
vt 0.500238299369812 0.5519410371780396 
vt 0.4824223816394806 0.5701221823692322 
vt 0.4577729403972626 0.5955025553703308 
vt 0.4769311547279358 0.5458399653434753 
vt 0.4517936110496521 0.5375425815582275 
vt 0.4423975348472595 0.5868390202522278 
vt 0.4264119863510132 0.5742709040641785 
vt 0.42275118827819824 0.529245138168335 
vt 0.39078012108802795 0.6388199925422668 
vt 0.426656037569046 0.5964787006378174 
vt 0.43178117275238037 0.6018476486206055 
vt 0.42555779218673706 0.6217370629310608 
vt 0.5273283123970032 0.2532336413860321 
vt 0.5197626352310181 0.2544538378715515 
vt 0.5191525220870972 0.24164164066314697 
vt 0.5132952332496643 0.24676652252674103 
vt 0.9528364539146423 0.3983165919780731 
vt 0.9540567398071289 0.3928256630897522 
vt 0.9544228315353394 0.3986826539039612 
vt 0.9550329446792603 0.39306968450546265 
vt 0.9558871388435364 0.398926705121994 
vt 0.9564972519874573 0.39319172501564026 
vt 0.9574735164642334 0.398926705121994 
vt 0.9575955271720886 0.39319172501564026 
vt 0.8964599967002869 0.6922652125358582 
vt 0.8941414952278137 0.691533088684082 
vt 0.905489981174469 0.6663967370986938 
vt 0.902561366558075 0.6659086346626282 
vt 0.9074424505233765 0.6416264772415161 
vt 0.9046357870101929 0.6411383748054504 
vt 0.9015851020812988 0.6241774559020996 
vt 0.8986564874649048 0.6238114237785339 
vt 0.9008529782295227 0.6147818565368652 
vt 0.8980463743209839 0.6144157648086548 
vt 0.8981683850288391 0.6066064238548279 
vt 0.8952397108078003 0.606118381023407 
vt 0.5276944041252136 0.2704385817050934 
vt 0.5191525220870972 0.26543572545051575 
vt 0.5296468138694763 0.2616530954837799 
vt 0.5214710235595703 0.2604328691959381 
vt 0.8724206686019897 0.49190670251846313 
vt 0.8625364899635315 0.4276016354560852 
vt 0.8782779574394226 0.4400477707386017 
vt 0.8740070462226868 0.4269915223121643 
vt 0.880840539932251 0.423818975687027 
vt 0.9469791650772095 0.49873989820480347 
vt 0.9192790389060974 0.49556735157966614 
vt 0.9480774402618408 0.4888561964035034 
vt 0.9203773140907288 0.4856836497783661 
vt 0.9474672675132751 0.4870258569717407 
vt 0.9206213355064392 0.48373129963874817 
vt 0.9444165825843811 0.48116886615753174 
vt 0.9212314486503601 0.4786064326763153 
vt 0.8926771283149719 0.482633113861084 
vt 0.893653392791748 0.4809248149394989 
vt 0.8979243040084839 0.47592195868492126 
vt 0.7258662581443787 0.125599667429924 
vt 0.7255001664161682 0.058366093784570694 
vt 0.7483192086219788 0.1254776418209076 
vt 0.7479531168937683 0.05824407562613487 
vt 0.5844369530677795 0.011510031297802925 
vt 0.5846810340881348 0.0015043090097606182 
vt 0.6126251816749573 0.011876094155013561 
vt 0.6127471923828125 0.0018703719833865762 
vt 0.871078372001648 0.510209858417511 
vt 0.8854775428771973 0.42369696497917175 
vt 0.8834031224250793 0.5114300847053528 
vt 0.8881621360778809 0.4271135628223419 
vt 0.889016330242157 0.4293099343776703 
vt 0.9231839179992676 0.4286998212337494 
vt 0.9230619072914124 0.4312622845172882 
vt 0.9569854140281677 0.4330925941467285 
vt 0.9491756558418274 0.4777522683143616 
vt 0.9475892782211304 0.5067932605743408 
vt 0.920499324798584 0.4761660099029541 
vt 0.8919450044631958 0.47457972168922424 
vt 0.8903586268424988 0.5037427544593811 
vt 0.885355532169342 0.5100878477096558 
vt 0.38589903712272644 0.019075332209467888 
vt 0.3884615898132324 0.0470181405544281 
vt 0.3760148286819458 0.01992947980761528 
vt 0.37857741117477417 0.047994308173656464 
vt 0.9660153985023499 0.5154567360877991 
vt 0.9536906480789185 0.5152127146720886 
vt 0.9612563252449036 0.42784568667411804 
vt 0.9580836296081543 0.43089622259140015 
vt 0.9517382383346558 0.5137484669685364 
vt 0.923427939414978 0.4228428304195404 
vt 0.9904207587242126 0.16952723264694214 
vt 0.9890784621238708 0.17575030028820038 
vt 0.9887124300003052 0.16940520703792572 
vt 0.987736165523529 0.17575030028820038 
vt 0.9154962301254272 0.668471097946167 
vt 0.8996326923370361 0.6970239877700806 
vt 0.9153741598129272 0.6572451591491699 
vt 0.9096388816833496 0.6551707983016968 
vt 0.9201332330703735 0.6413824558258057 
vt 0.9143979549407959 0.6394301056861877 
vt 0.915252149105072 0.625031590461731 
vt 0.9095168709754944 0.6230792999267578 
vt 0.9169605374336243 0.6195406913757324 
vt 0.9111032485961914 0.617344319820404 
vt 0.9063441753387451 0.6116092801094055 
vt 0.9010969996452332 0.6096569895744324 
vt 0.08851923048496246 0.9640059471130371 
vt 0.09047166258096695 0.9654701948165894 
vt 0.07802490890026093 0.9602233171463013 
vt 0.07619450241327286 0.9610774517059326 
vt 0.07741477340459824 0.9635178446769714 
vt 0.07570639252662659 0.96925288438797 
vt 0.07363193482160568 0.9708391427993774 
vt 0.08681084960699081 0.9725474119186401 
vt 0.08729895949363708 0.9748658537864685 
vt 0.08851923048496246 0.9668124318122864 
vt 0.15892881155014038 0.7175235152244568 
vt 0.16063718497753143 0.7026369571685791 
vt 0.19346244633197784 0.7195978760719299 
vt 0.19504879415035248 0.7053214311599731 
vt 0.20310257375240326 0.7206960916519165 
vt 0.2046889364719391 0.7065416574478149 
vt 0.2388564944267273 0.7115445137023926 
vt 0.6823025941848755 0.9868238568305969 
vt 0.7324557304382324 0.9583929777145386 
vt 0.6836448907852173 0.9885321855545044 
vt 0.7326997518539429 0.9608334302902222 
vt 0.6843770742416382 0.9989039897918701 
vt 0.7401434183120728 0.9662023186683655 
vt 0.7355063557624817 0.9603453278541565 
vt 0.7358724474906921 0.9596132040023804 
vt 0.7502716779708862 0.9427742958068848 
vt 0.7561289668083191 0.9480212330818176 
vt 0.7657690644264221 0.9270336031913757 
vt 0.7726026177406311 0.9305722117424011 
vt 0.766501247882843 0.9265455007553101 
vt 0.7667452692985535 0.9237390160560608 
vt 0.7643047571182251 0.9237390160560608 
vt 0.7873678803443909 0.8676093816757202 
vt 0.7856594920158386 0.8662671446800232 
vt 0.7873678803443909 0.8676093816757202 
vt 0.7865136861801147 0.8668772578239441 
vt 0.7923709750175476 0.8676093816757202 
vt 0.7973740696907043 0.8676093816757202 
vt 0.7923709750175476 0.8676093816757202 
vt 0.9940816164016724 0.17013733088970184 
vt 0.991519033908844 0.17599433660507202 
vt 0.9922512173652649 0.16977126896381378 
vt 0.9902987480163574 0.17575030028820038 
vt 0.6821805834770203 0.989508330821991 
vt 0.6807162761688232 0.9906065464019775 
vt 0.7682096362113953 0.26787614822387695 
vt 0.7623523473739624 0.2731230556964874 
vt 0.7657690644264221 0.2670220136642456 
vt 0.7614981532096863 0.27275699377059937 
vt 0.7473430037498474 0.9400898218154907 
vt 0.9799264669418335 0.17025935649871826 
vt 0.9815127849578857 0.17660444974899292 
vt 0.978096067905426 0.17062541842460632 
vt 0.9800484776496887 0.17733657360076904 
vt 0.9870040416717529 0.16940520703792572 
vt 0.9859057664871216 0.17575030028820038 
vt 0.9851736426353455 0.16952723264694214 
vt 0.984807550907135 0.1758723109960556 
vt 0.7590575814247131 0.26543572545051575 
vt 0.7572271823883057 0.271902859210968 
vt 0.7569831609725952 0.2650696635246277 
vt 0.7557628750801086 0.2716588079929352 
vt 0.8057939410209656 0.7247228026390076 
vt 0.8136036396026611 0.7361927628517151 
vt 0.7983502745628357 0.7280173301696777 
vt 0.7982282638549805 0.8019620776176453 
vt 0.8136036396026611 0.8019620776176453 
vt 0.8827929496765137 0.8019620776176453 
vt 0.815800130367279 0.8606541752815247 
vt 0.8827929496765137 0.8622404336929321 
vt 0.7983502745628357 0.875906765460968 
vt 0.7361165285110474 0.9529020190238953 
vt 0.7012168169021606 0.9566847085952759 
vt 0.7334319353103638 0.927155613899231 
vt 0.698410153388977 0.9309382438659668 
vt 0.6544804573059082 0.9624196887016296 
vt 0.6516738533973694 0.9359411001205444 
vt 0.6258041262626648 0.9387475848197937 
vt 0.6308072209358215 0.984993577003479 
vt 0.530256986618042 0.9957314133644104 
vt 0.5401411652565002 0.9478991627693176 
vt 0.5233014225959778 0.9594911932945251 
vt 0.5134172439575195 0.895064115524292 
vt 0.5342838764190674 0.8928676843643188 
vt 0.5283045172691345 0.8378362655639648 
vt 0.5093903541564941 0.8300269246101379 
vt 0.5084141492843628 0.793176531791687 
vt 0.6139674782752991 0.8285626173019409 
vt 0.6090863943099976 0.7823166847229004 
vt 0.6370306015014648 0.7993996143341064 
vt 0.6398372054100037 0.8258782029151917 
vt 0.6865735650062561 0.820875346660614 
vt 0.6837669610977173 0.7950068712234497 
vt 0.721595287322998 0.8170926570892334 
vt 0.36674079298973083 0.512894332408905 
vt 0.36552050709724426 0.5044748783111572 
vt 0.3712557852268219 0.5121622085571289 
vt 0.3861430883407593 0.5009362697601318 
vt 0.3835805058479309 0.5124062299728394 
vt 0.4054233431816101 0.5014243721961975 
vt 0.4054233431816101 0.5116741061210632 
vt 0.4271441400051117 0.5122842192649841 
vt 0.4053013324737549 0.4777522683143616 
vt 0.4245815873146057 0.5009362697601318 
vt 0.4395909011363983 0.5120401978492737 
vt 0.42421549558639526 0.47763025760650635 
vt 0.4449600875377655 0.5002041459083557 
vt 0.44520413875579834 0.504352867603302 
vt 0.46314212679862976 0.499349981546402 
vt 0.46448442339897156 0.5041087865829468 
vt 0.47680914402008057 0.5002041459083557 
vt 0.4770531952381134 0.5037427544593811 
vt 0.4932827949523926 0.5006922483444214 
vt 0.4935268461704254 0.5042308568954468 
vt 0.5062176585197449 0.5009362697601318 
vt 0.5060956478118896 0.504352867603302 
vt 0.5176882147789001 0.5044748783111572 
vt 0.44398388266563416 0.4773862063884735 
vt 0.46167778968811035 0.4772641956806183 
vt 0.4761990010738373 0.47763025760650635 
vt 0.4934048056602478 0.4779963195323944 
vt 0.5064616799354553 0.47824037075042725 
vt 0.5178102254867554 0.47824037075042725 
vt 0.5284265875816345 0.47824037075042725 
vt 0.5284265875816345 0.504352867603302 
vt 0.5430697798728943 0.4892222583293915 
vt 0.5158577561378479 0.4180839955806732 
vt 0.508536159992218 0.41954824328422546 
vt 0.4935268461704254 0.4355330169200897 
vt 0.47729724645614624 0.4355330169200897 
vt 0.46240994334220886 0.4355330169200897 
vt 0.44398388266563416 0.4354109764099121 
vt 0.4239714443683624 0.4354109764099121 
vt 0.4218969941139221 0.2717808187007904 
vt 0.4042030870914459 0.270560622215271 
vt 0.4170159101486206 0.2405434548854828 
vt 0.4040810465812683 0.2405434548854828 
vt 0.40517929196357727 0.4355330169200897 
vt 0.3862650990486145 0.43565502762794495 
vt 0.38663119077682495 0.27202486991882324 
vt 0.3663747012615204 0.4358990788459778 
vt 0.3656425476074219 0.3263242244720459 
vt 0.34624025225639343 0.43614310026168823 
vt 0.34636229276657104 0.35609734058380127 
vt 0.33049875497817993 0.4366312026977539 
vt 0.3302547037601471 0.37513262033462524 
vt 0.31439119577407837 0.4372412860393524 
vt 0.3147572875022888 0.3908733129501343 
vt 0.30877795815467834 0.40344148874282837 
vt 0.3045070171356201 0.4017331898212433 
vt 0.30621540546417236 0.408444344997406 
vt 0.3863871395587921 0.4777522683143616 
vt 0.36674079298973083 0.47763025760650635 
vt 0.3657645583152771 0.5003261566162109 
vt 0.3472164571285248 0.47763025760650635 
vt 0.3473384976387024 0.4999600946903229 
vt 0.33196309208869934 0.47824037075042725 
vt 0.34636229276657104 0.5041087865829468 
vt 0.3322071433067322 0.4999600946903229 
vt 0.31646567583084106 0.47885045409202576 
vt 0.3014563322067261 0.4234529137611389 
vt 0.30536121129989624 0.41588762402534485 
vt 0.33330538868904114 0.504352867603302 
vt 0.31634363532066345 0.5011802911758423 
vt 0.30206647515296936 0.4795825779438019 
vt 0.2892536520957947 0.42601537704467773 
vt 0.3160995841026306 0.5048409104347229 
vt 0.30340877175331116 0.5020344257354736 
vt 0.2908399999141693 0.47994863986968994 
vt 0.2803456783294678 0.480314701795578 
vt 0.2792474329471588 0.43760737776756287 
vt 0.2669227123260498 0.48068076372146606 
vt 0.2668006718158722 0.4593271017074585 
vt 0.30353081226348877 0.505573034286499 
vt 0.2920602560043335 0.5060611367225647 
vt 0.2813218832015991 0.5064272284507751 
vt 0.2661905288696289 0.4917846918106079 
vt 0.0031003279145807028 0.4576188027858734 
vt 0.005296813789755106 0.4030754268169403 
vt 0.013716677203774452 0.4556664824485779 
vt 0.016401270404458046 0.4030754268169403 
vt 0.061917342245578766 0.446880966424942 
vt 0.0669204518198967 0.40331944823265076 
vt 0.013594649732112885 0.3471898138523102 
vt 0.055083829909563065 0.3585377633571625 
vt 0.02128235064446926 0.31949102878570557 
vt 0.07143545150756836 0.3353537619113922 
vt 0.5419715642929077 0.47824037075042725 
vt 0.5285485982894897 0.43516695499420166 
vt 0.5411173701286316 0.43516695499420166 
vt 0.5285485982894897 0.4221107065677643 
vt 0.5164679288864136 0.41161689162254333 
vt 0.7337980270385742 0.2005205601453781 
vt 0.7368486523628235 0.2016187459230423 
vt 0.7334319353103638 0.20271693170070648 
vt 0.7364826202392578 0.20296098291873932 
vt 0.3889496922492981 0.24225173890590668 
vt 0.26667866110801697 0.4379734396934509 
vt 0.27888134121894836 0.4245511293411255 
vt 0.28364041447639465 0.4211345314979553 
vt 0.8073802590370178 0.006873232778161764 
vt 0.8215354084968567 0.00967971608042717 
vt 0.8068921566009521 0.04445569962263107 
vt 0.8260504007339478 0.06971404701471329 
vt 0.8115292191505432 0.07837753742933273 
vt 0.8259283900260925 0.0824042335152626 
vt 0.8125054240226746 0.0949723944067955 
vt 0.8258063793182373 0.09509441256523132 
vt 0.8254402875900269 0.11949861794710159 
vt 0.8441104292869568 0.11974266171455383 
vt 0.8435002565383911 0.15476268529891968 
vt 0.9305055141448975 0.12242712080478668 
vt 0.9290412068367004 0.15622693300247192 
vt 0.9673576951026917 0.16257202625274658 
vt 0.9612563252449036 0.19588376581668854 
vt 0.9902987480163574 0.19515164196491241 
vt 0.9905428290367126 0.2262669950723648 
vt 0.8748612403869629 0.19600577652454376 
vt 0.9613783359527588 0.2262669950723648 
vt 0.9612563252449036 0.25652819871902466 
vt 0.9902987480163574 0.2572603225708008 
vt 0.9673576951026917 0.2898399233818054 
vt 0.9290412068367004 0.2961850166320801 
vt 0.8748612403869629 0.25640618801116943 
vt 0.8748612403869629 0.2261449694633484 
vt 0.8243420124053955 0.2261449694633484 
vt 0.8244640827178955 0.1956397145986557 
vt 0.7856594920158386 0.2262669950723648 
vt 0.7857815027236938 0.19539567828178406 
vt 0.7862696051597595 0.15415258705615997 
vt 0.824830174446106 0.15464065968990326 
vt 0.7867577075958252 0.11888851225376129 
vt 0.0184757299721241 0.483975350856781 
vt 0.07399801164865494 0.47274941205978394 
vt 0.516711950302124 0.005653022788465023 
vt 0.5401411652565002 0.005531001836061478 
vt 0.5145154595375061 0.054217379540205 
vt 0.5377005934715271 0.05677982047200203 
vt 0.54355788230896 0.09655866771936417 
vt 0.5624721050262451 0.09546048194169998 
vt 0.5459984540939331 0.1375577300786972 
vt 0.5647906064987183 0.1363375186920166 
vt 0.5674751996994019 0.1770925223827362 
vt 0.6386169195175171 0.17196764051914215 
vt 0.6417896747589111 0.19356536865234375 
vt 0.6935290694236755 0.17514018714427948 
vt 0.6960916519165039 0.1944195032119751 
vt 0.6361764073371887 0.020661605522036552 
vt 0.634101927280426 0.0698360726237297 
vt 0.6338579058647156 0.09167782962322235 
vt 0.6360543966293335 0.13194476068019867 
vt 0.682058572769165 0.1291382759809494 
vt 0.684255063533783 0.1675748974084854 
vt 0.6932850480079651 0.1686730831861496 
vt 0.003466408932581544 0.24164164066314697 
vt 0.013350595720112324 0.21979987621307373 
vt 0.010299921035766602 0.27690571546554565 
vt 0.030434375628829002 0.29777130484580994 
vt 0.055083829909563065 0.3048485219478607 
vt 0.053253423422575 0.20418119430541992 
vt 0.07082531601190567 0.322053462266922 
vt 0.08290598541498184 0.3183928430080414 
vt 0.0792451724410057 0.34987425804138184 
vt 0.09120382368564606 0.34633564949035645 
vt 0.0771707147359848 0.20796383917331696 
vt 0.09571882337331772 0.18990473449230194 
vt 0.13891637325286865 0.19759204983711243 
vt 0.13330313563346863 0.17867879569530487 
vt 0.17076542973518372 0.16733084619045258 
vt 0.08583463728427887 0.22553487122058868 
vt 0.10865367949008942 0.3107055127620697 
vt 0.11707354336977005 0.33852630853652954 
vt 0.512196958065033 0.26238521933555603 
vt 0.5089022517204285 0.26067692041397095 
vt 0.5126850605010986 0.2584805488586426 
vt 0.5092683434486389 0.25811445713043213 
vt 0.5113427639007568 0.2542097866535187 
vt 0.5081700682640076 0.25518596172332764 
vt 0.5081700682640076 0.24993906915187836 
vt 0.5057295560836792 0.2521354556083679 
vt 0.8428901433944702 0.02285798452794552 
vt 0.8476492166519165 0.06654150038957596 
vt 0.8447205424308777 0.09533845633268356 
vt 0.9338002800941467 0.07044617086648941 
vt 0.931725800037384 0.09887706488370895 
vt 0.9702863097190857 0.10058536380529404 
vt 0.9688220024108887 0.1254776418209076 
vt 0.4980418384075165 0.20015449821949005 
vt 0.5059735774993896 0.19417546689510345 
vt 0.5075599551200867 0.20015449821949005 
vt 0.5140273571014404 0.1999104619026184 
vt 0.500360369682312 0.266899973154068 
vt 0.500360369682312 0.2634834051132202 
vt 0.505485475063324 0.266899973154068 
vt 0.5041431784629822 0.26360541582107544 
vt 0.475588858127594 0.988166093826294 
vt 0.46033549308776855 0.994877278804779 
vt 0.4769311547279358 0.983651340007782 
vt 0.45765089988708496 0.9892643094062805 
vt 0.4722941517829895 0.9615655541419983 
vt 0.450939416885376 0.9657142758369446 
vt 0.46655887365341187 0.919956386089325 
vt 0.4436177909374237 0.9230068922042847 
vt 0.46240994334220886 0.8820078372955322 
vt 0.4388587474822998 0.8820078372955322 
vt 0.4614337384700775 0.8469878435134888 
vt 0.43922483921051025 0.8460116386413574 
vt 0.4593592882156372 0.8074530363082886 
vt 0.43788254261016846 0.8059887886047363 
vt 0.4620438814163208 0.7826827764511108 
vt 0.44251954555511475 0.7803643345832825 
vt 0.46228793263435364 0.7764596939086914 
vt 0.4423975348472595 0.7740192413330078 
vt 0.44666847586631775 0.9982938766479492 
vt 0.44325172901153564 0.9643720388412476 
vt 0.4369063079357147 0.9233729839324951 
vt 0.4314151108264923 0.8771269917488098 
vt 0.43165916204452515 0.8458896279335022 
vt 0.42836442589759827 0.8079410791397095 
vt 0.4272661805152893 0.8042804598808289 
vt 0.4367842972278595 0.7792661786079407 
vt 0.17906326055526733 0.7981794476509094 
vt 0.1890694797039032 0.7830488085746765 
vt 0.2020043432712555 0.8188009858131409 
vt 0.20639730989933014 0.7710907459259033 
vt 0.20786163210868835 0.8297828435897827 
vt 0.22494541108608246 0.8042804598808289 
vt 0.25093716382980347 0.8373481631278992 
vt 0.25984513759613037 0.8079410791397095 
vt 0.2955990433692932 0.8380802869796753 
vt 0.3064594566822052 0.8235597610473633 
vt 0.22238284349441528 0.7797542214393616 
vt 0.22946041822433472 0.7552280426025391 
vt 0.26863107085227966 0.7789000868797302 
vt 0.30609336495399475 0.8119677901268005 
vt 0.27729499340057373 0.7501031160354614 
vt 0.31146255135536194 0.7740192413330078 
vt 0.30889999866485596 0.8083071708679199 
vt 0.32037052512168884 0.8053786754608154 
vt 0.32439741492271423 0.8023281097412109 
vt 0.5178102254867554 0.20955011248588562 
vt 0.5230574011802673 0.20845192670822144 
vt 0.5175661444664001 0.21321074664592743 
vt 0.5225692391395569 0.21491903066635132 
vt 0.24764244258403778 0.9987819194793701 
vt 0.21628150343894958 0.9796246290206909 
vt 0.28644701838493347 0.9949992895126343 
vt 0.2580147385597229 0.9150755405426025 
vt 0.3200044333934784 0.9655922055244446 
vt 0.322689026594162 0.9349649548530579 
vt 0.32781416177749634 0.9399678111076355 
vt 0.29999202489852905 0.9198343753814697 
vt 0.29035189747810364 0.8951861262321472 
vt 0.29108405113220215 0.8707818984985352 
vt 0.26045528054237366 0.8807876110076904 
vt 0.2565504014492035 0.8606541752815247 
vt 0.5065837502479553 0.761695146560669 
vt 0.5059735774993896 0.7649897336959839 
vt 0.48962196707725525 0.761085033416748 
vt 0.485351026058197 0.7638915181159973 
vt 0.5015805959701538 0.7725549936294556 
vt 0.4785175323486328 0.7698705196380615 
vt 0.48230037093162537 0.7608410120010376 
vt 0.4724161624908447 0.7625492811203003 
vt 0.4997502267360687 0.7759715914726257 
vt 0.477175235748291 0.8065988421440125 
vt 0.4672910273075104 0.8096494078636169 
vt 0.46375223994255066 0.8560173511505127 
vt 0.5029228925704956 0.8079410791397095 
vt 0.47546684741973877 0.8540650606155396 
vt 0.46777912974357605 0.9104387164115906 
vt 0.5021907687187195 0.8534549474716187 
vt 0.4796157777309418 0.9086084365844727 
vt 0.4831545352935791 0.9358190894126892 
vt 0.5012145638465881 0.9065340757369995 
vt 0.4885237216949463 0.9369173049926758 
vt 0.49511319398880005 0.9597352147102356 
vt 0.5074379444122314 0.9341108202934265 
vt 0.4960893988609314 0.9561966061592102 
vt 0.5001162886619568 0.9703510403633118 
vt 0.49035415053367615 0.9741336703300476 
vt 0.4914523959159851 0.9802347421646118 
vt 0.5148815512657166 0.9507056474685669 
vt 0.5178102254867554 0.9640059471130371 
vt 0.5097564458847046 0.9904845356941223 
vt 0.5067057609558105 0.9959754347801208 
vt 0.5247657299041748 0.9841394424438477 
vt 0.5117088556289673 0.9984158873558044 
vt 0.9811467528343201 0.10461205244064331 
vt 0.9798044562339783 0.05824407562613487 
vt 0.9989627003669739 0.10412397235631943 
vt 0.9976204037666321 0.05775599181652069 
vt 0.08595666289329529 0.8140421509742737 
vt 0.07534031569957733 0.8425950407981873 
vt 0.07204557955265045 0.8098934292793274 
vt 0.061429232358932495 0.8382022976875305 
vt 0.05886666849255562 0.8464997410774231 
vt 0.07277774810791016 0.8508924841880798 
vt 0.05130099132657051 0.8756627440452576 
vt 0.06509004533290863 0.8802995681762695 
vt 0.4676571190357208 0.7648676633834839 
vt 0.920499324798584 0.6598076224327087 
vt 0.925746500492096 0.6111212372779846 
vt 0.9251363277435303 0.6602956652641296 
vt 0.9305055141448975 0.6116092801094055 
vt 0.9351425766944885 0.6130735874176025 
vt 0.9402676820755005 0.5710983276367188 
vt 0.9396575689315796 0.6140497326850891 
vt 0.9492976665496826 0.5731726884841919 
vt 0.9582056403160095 0.5753690600395203 
vt 0.9285531044006348 0.6611498594284058 
vt 0.9441725611686707 0.6151478886604309 
vt 0.9477113485336304 0.6158800721168518 
vt 0.9617444276809692 0.5761011838912964 
vt 0.9521043300628662 0.617344319820404 
vt 0.9673576951026917 0.5779315233230591 
vt 0.9364848732948303 0.6634682416915894 
vt 0.9320918917655945 0.6618819832801819 
vt 0.5940771102905273 0.8413748741149902 
vt 0.5965176224708557 0.841130793094635 
vt 0.5955414175987244 0.8573595881462097 
vt 0.5976158976554871 0.8562614321708679 
vt 0.5977379083633423 0.8580917119979858 
vt 0.6031070947647095 0.8577256798744202 
vt 0.602741003036499 0.9319144487380981 
vt 0.6084762811660767 0.9314263463020325 
vt 0.6021308898925781 0.8407647609710693 
vt 0.6029850840568542 0.8558953404426575 
vt 0.6051815748214722 0.8566274642944336 
vt 0.610916793346405 0.9313043355941772 
vt 0.6044493913650513 0.8406427502632141 
vt 0.4201886057853699 0.6713995933532715 
vt 0.45399010181427 0.6046541333198547 
vt 0.4347098171710968 0.6788429021835327 
vt 0.46851131319999695 0.6120973825454712 
vt 0.47070780396461487 0.6131955981254578 
vt 0.4369063079357147 0.6789649128913879 
vt 0.4758329391479492 0.6158800721168518 
vt 0.44178739190101624 0.6814053058624268 
vt 0.47802940011024475 0.6169782280921936 
vt 0.44312968850135803 0.6832356452941895 
vt 0.45752888917922974 0.6908009648323059 
vt 0.4408111870288849 0.6829915642738342 
vt 0.4339776635169983 0.6965359449386597 
vt 0.4360521137714386 0.6976341009140015 
vt 0.42897456884384155 0.6939734816551208 
vt 0.4361741542816162 0.6805511713027954 
vt 0.42690008878707886 0.692753255367279 
vt 0.9285531044006348 0.5686579346656799 
vt 0.9344103932380676 0.5692680478096008 
vt 0.20773960649967194 0.9167838096618652 
vt 0.2048109620809555 0.8504043817520142 
vt 0.22213879227638245 0.9161736965179443 
vt 0.21933217346668243 0.849794328212738 
vt 0.2211625725030899 0.8505264520645142 
vt 0.2211625725030899 0.8488181233406067 
vt 0.225921630859375 0.8502823710441589 
vt 0.22579960525035858 0.8486961126327515 
vt 0.22775202989578247 0.8493062257766724 
vt 0.22750797867774963 0.8351517915725708 
vt 0.22433528304100037 0.9160516858100891 
vt 0.22946041822433472 0.9158076643943787 
vt 0.23165689408779144 0.9156856536865234 
vt 0.24617810547351837 0.9148315191268921 
vt 0.9809026718139648 0.9712051749229431 
vt 0.9968882203102112 0.9924368262290955 
vt 0.9028053879737854 0.9626637101173401 
vt 0.9008529782295227 0.986335813999176 
vt 0.7147617936134338 0.34157684445381165 
vt 0.7045115232467651 0.30497053265571594 
vt 0.7449024319648743 0.334255576133728 
vt 0.7301371693611145 0.2850811183452606 
vt 0.7646708488464355 0.3304729163646698 
vt 0.7758973240852356 0.32351773977279663 
vt 0.6697338223457336 0.27263498306274414 
vt 0.7394112348556519 0.27580752968788147 
vt 0.6751030087471008 0.3058246970176697 
vt 0.6204349398612976 0.3137560486793518 
vt 0.6154317855834961 0.27580752968788147 
vt 0.5621060132980347 0.2869114279747009 
vt 0.5597875118255615 0.2734891176223755 
vt 0.49572333693504333 0.30802106857299805 
vt 0.6136013865470886 0.2621411681175232 
vt 0.6685135364532471 0.2590906322002411 
vt 0.5318433046340942 0.8402766585350037 
vt 0.5480729341506958 0.8388124108314514 
vt 0.5386768579483032 0.9147094488143921 
vt 0.55490642786026 0.9132452011108398 
vt 0.5568588376045227 0.9122690558433533 
vt 0.5505134463310242 0.838568389415741 
vt 0.5622280240058899 0.9117809534072876 
vt 0.5562487244606018 0.8380802869796753 
vt 0.5643025040626526 0.9125130772590637 
vt 0.5588113069534302 0.8378362655639648 
vt 0.575040876865387 0.836616039276123 
vt 0.5569809079170227 0.913977324962616 
vt 0.5623500943183899 0.9134892821311951 
vt 0.5661329030990601 0.9283758401870728 
vt 0.5638144016265869 0.9286198616027832 
vt 0.5582011342048645 0.9291079640388489 
vt 0.5557606220245361 0.9292299747467041 
vt 0.2253114879131317 0.8351517915725708 
vt 0.2204304188489914 0.8353958129882812 
vt 0.21823392808437347 0.8355178236961365 
vt 0.4026167392730713 0.681649386882782 
vt 0.41603970527648926 0.688848614692688 
vt 0.3691813349723816 0.7435140013694763 
vt 0.38260430097579956 0.7507132291793823 
vt 0.38467875123023987 0.7518114447593689 
vt 0.41738200187683105 0.6905568838119507 
vt 0.38943782448768616 0.7544959187507629 
vt 0.4218969941139221 0.6929973363876343 
vt 0.39151227474212646 0.7554720640182495 
vt 0.4239714443683624 0.6931193470954895 
vt 0.437516450881958 0.7001965641975403 
vt 0.42262914776802063 0.691411018371582 
vt 0.4182361960411072 0.6890926361083984 
vt 0.42275118827819824 0.6754263043403625 
vt 0.42482563853263855 0.6764024496078491 
vt 0.4294626712799072 0.6789649128913879 
vt 0.4314151108264923 0.6800630688667297 
vt 0.7906625866889954 0.07642520219087601 
vt 0.7743109464645386 0.07605914026498795 
vt 0.7922489643096924 0.0016263299621641636 
vt 0.7758973240852356 0.0012602669885382056 
vt 0.7734567523002625 0.0011382460361346602 
vt 0.7722365260124207 0.07508297264575958 
vt 0.7675994634628296 0.0011382460361346602 
vt 0.7668673396110535 0.07508297264575958 
vt 0.7651589512825012 0.0011382460361346602 
vt 0.7647928595542908 0.07593712210655212 
vt 0.748563289642334 0.0758150964975357 
vt 0.7668673396110535 0.07691328972578049 
vt 0.7722365260124207 0.07691328972578049 
vt 0.774677038192749 0.09204389154911041 
vt 0.7722365260124207 0.09204389154911041 
vt 0.7666232585906982 0.09204389154911041 
vt 0.7641827464103699 0.09204389154911041 
vt 0.621411144733429 0.8554072380065918 
vt 0.6272684335708618 0.9299620985984802 
vt 0.18650691211223602 0.9468010067939758 
vt 0.2082277089357376 0.9256913661956787 
vt 0.5486830472946167 0.17843475937843323 
vt 0.5479508638381958 0.21857966482639313 
vt 0.5251318216323853 0.22407060861587524 
vt 0.5568588376045227 0.2658017873764038 
vt 0.5340397953987122 0.271902859210968 
vt 0.6500874757766724 0.24188567698001862 
vt 0.020672215148806572 0.12450147420167923 
vt 0.02311275526881218 0.13194476068019867 
vt 0.0037104629445821047 0.13011443614959717 
vt 0.006151002831757069 0.1375577300786972 
vt 0.0013919499469920993 0.16257202625274658 
vt 0.03006829507648945 0.153176411986351 
vt 0.032630860805511475 0.16061969101428986 
vt 0.003832489950582385 0.17013733088970184 
vt 0.032508835196495056 0.16879509389400482 
vt 0.02591937780380249 0.17099148035049438 
vt 0.022624647244811058 0.18734228610992432 
vt 0.028359917923808098 0.1783127337694168 
vt 0.03958640247583389 0.18172933161258698 
vt 0.034949373453855515 0.17611636221408844 
vt 0.946735143661499 0.4995940327644348 
vt 0.9457588791847229 0.511552095413208 
vt 0.9141539335250854 0.4966655373573303 
vt 0.9131776690483093 0.5086236000061035 
vt 0.9126895666122437 0.512894332408905 
vt 0.9453928470611572 0.5158228278160095 
vt 0.913787841796875 0.5171650648117065 
vt 0.9174486398696899 0.5175310969352722 
vt 0.9441725611686707 0.5277808904647827 
vt 0.9170825481414795 0.5216798186302185 
vt 0.9115913510322571 0.5248523950576782 
vt 0.9112252593040466 0.5290011167526245 
vt 0.9134217500686646 0.5213137865066528 
vt 0.04544369876384735 0.1861220747232437 
vt 0.042881131172180176 0.17806869745254517 
vt 0.14086881279945374 0.13645952939987183 
vt 0.0321427546441555 0.14268261194229126 
vt 0.15209528803825378 0.11425171047449112 
vt 0.1379401683807373 0.09424027055501938 
vt 0.1651521772146225 0.08789517730474472 
vt 0.13391327857971191 0.08423455059528351 
vt 0.1761346161365509 0.07105627655982971 
vt 0.13293705880641937 0.05726790428161621 
vt 0.17833110690116882 0.06275884807109833 
vt 0.13964854180812836 0.03640231490135193 
vt 0.17052137851715088 0.05153292044997215 
vt 0.1501428633928299 0.01602480746805668 
vt 0.19285231828689575 0.04677410051226616 
vt 0.19273029267787933 0.006385148968547583 
vt 0.23531770706176758 0.015536723658442497 
vt 0.19285231828689575 0.0626368299126625 
vt 0.19297434389591217 0.07093425840139389 
vt 0.193218395113945 0.0871630534529686 
vt 0.19443866610527039 0.11547192186117172 
vt 0.1945606917142868 0.14914971590042114 
vt 0.20725150406360626 0.0626368299126625 
vt 0.209447979927063 0.07105627655982971 
vt 0.2204304188489914 0.08704102784395218 
vt 0.2293383926153183 0.11327554285526276 
vt 0.2449578493833542 0.1332869827747345 
vt 0.2503270208835602 0.08557678014039993 
vt 0.2531336545944214 0.06044045090675354 
vt 0.2471543252468109 0.03786656633019447 
vt 0.21518325805664062 0.05141089856624603 
vt 0.3745505213737488 0.004554834216833115 
vt 0.3767470121383667 0.0404290072619915 
vt 0.37918755412101746 0.07691328972578049 
vt 0.369059294462204 0.11730223894119263 
vt 0.2642381191253662 0.13902197778224945 
vt 0.3632020056247711 0.13914400339126587 
vt 0.3574667274951935 0.16074171662330627 
vt 0.2537437975406647 0.14451292157173157 
vt 0.3516094386577606 0.18233942985534668 
vt 0.9994508028030396 0.5747589468955994 
vt 0.9994508028030396 0.5883033275604248 
vt 0.9822449684143066 0.5747589468955994 
vt 0.9821229577064514 0.5881812572479248 
vt 0.9821229577064514 0.6016035676002502 
vt 0.9993287324905396 0.6017255783081055 
vt 0.7362385392189026 0.21528510749340057 
vt 0.7407535314559937 0.21467499434947968 
vt 0.736604630947113 0.21699339151382446 
vt 0.7408755421638489 0.21626126766204834 
vt 0.45337995886802673 0.998049795627594 
vt 0.30401891469955444 0.8330774307250977 
vt 0.3126828372478485 0.848330020904541 
vt 0.3208586275577545 0.9082423448562622 
vt 0.32464146614074707 0.9071441888809204 
vt 0.33672213554382324 0.9801127314567566 
vt 0.33879661560058594 0.9647380709648132 
vt 0.3281802535057068 0.8455235362052917 
vt 0.3379424214363098 0.9031174778938293 
vt 0.35258564352989197 0.9635178446769714 
vt 0.36283591389656067 0.8421069979667664 
vt 0.3673509359359741 0.8715140223503113 
vt 0.37516066431999207 0.9111708402633667 
vt 0.3863871395587921 0.8702938556671143 
vt 0.392244428396225 0.9104387164115906 
vt 0.3917563259601593 0.870049774646759 
vt 0.39749160408973694 0.9099506735801697 
vt 0.3972475528717041 0.9611994624137878 
vt 0.3801637589931488 0.9586370587348938 
vt 0.3861430883407593 0.9774282574653625 
vt 0.348924845457077 0.9760860204696655 
vt 0.39285457134246826 0.9954873919487 
vt 0.3445318639278412 0.9913386702537537 
vt 0.3296445906162262 0.829416811466217 
vt 0.3678390383720398 0.8234377503395081 
vt 0.3207366168498993 0.8136760592460632 
vt 0.36893728375434875 0.8062328100204468 
vt 0.3816280961036682 0.8388124108314514 
vt 0.3841906487941742 0.822095513343811 
vt 0.2763187885284424 0.1596435308456421 
vt 0.2901078462600708 0.19283322989940643 
vt 0.2560622990131378 0.14695334434509277 
vt 0.2847386300563812 0.2213861495256424 
vt 0.268142968416214 0.24090951681137085 
vt 0.21408501267433167 0.15586087107658386 
vt 0.26448217034339905 0.2639714777469635 
vt 0.2524015009403229 0.2675100862979889 
vt 0.27278000116348267 0.29179227352142334 
vt 0.2608213424682617 0.29545289278030396 
vt 0.2265317589044571 0.2753194272518158 
vt 0.1987096071243286 0.19161303341388702 
vt 0.19626906514167786 0.17208966612815857 
vt 0.8244640827178955 0.2567722499370575 
vt 0.7857815027236938 0.25701627135276794 
vt 0.824830174446106 0.29777130484580994 
vt 0.7862696051597595 0.2982593774795532 
vt 0.8435002565383911 0.2976492643356323 
vt 0.9305055141448975 0.3299848437309265 
vt 0.9686999917030334 0.3269343078136444 
vt 0.931725800037384 0.35353490710258484 
vt 0.8441104292869568 0.33254727721214294 
vt 0.8254402875900269 0.332913339138031 
vt 0.7867577075958252 0.3335234522819519 
vt 0.8447205424308777 0.3569514751434326 
vt 0.8259283900260925 0.3573175370693207 
vt 0.8125054240226746 0.3573175370693207 
vt 0.8259283900260925 0.36988571286201477 
vt 0.8260504007339478 0.3826979100704193 
vt 0.8476492166519165 0.38587045669555664 
vt 0.8428901433944702 0.4294319450855255 
vt 0.9338002800941467 0.3819657862186432 
vt 0.9702863097190857 0.35182660818099976 
vt 0.9733369946479797 0.3784271776676178 
vt 0.9342883825302124 0.38892099261283875 
vt 0.8480152487754822 0.3928256630897522 
vt 0.8480152487754822 0.3952660858631134 
vt 0.9739471673965454 0.3855043947696686 
vt 0.9346544742584229 0.3934357464313507 
vt 0.9749233722686768 0.3227856159210205 
vt 0.976509690284729 0.33144909143447876 
vt 0.9711405038833618 0.32473793625831604 
vt 0.9690660834312439 0.32852059602737427 
vt 0.48766955733299255 0.25823649764060974 
vt 0.4907202124595642 0.25713831186294556 
vt 0.4907202124595642 0.2621411681175232 
vt 0.49316075444221497 0.2599447965621948 
vt 0.7510038018226624 0.15805725753307343 
vt 0.7510038018226624 0.09363016486167908 
vt 0.7750431299209595 0.15805725753307343 
vt 0.7750431299209595 0.09363016486167908 
vt 0.48620522022247314 0.25408777594566345 
vt 0.48962196707725525 0.2542097866535187 
vt 0.48766955733299255 0.25823649764060974 
vt 0.4907202124595642 0.25713831186294556 
vt 0.17186367511749268 0.793176531791687 
vt 0.18553069233894348 0.8048905730247498 
vt 0.16210150718688965 0.8097714185714722 
vt 0.17296190559864044 0.8186789751052856 
vt 0.17930731177330017 0.8246579766273499 
vt 0.19236420094966888 0.8112356662750244 
vt 0.18882542848587036 0.8349077105522156 
vt 0.2048109620809555 0.8241698741912842 
vt 0.8827929496765137 0.7404634952545166 
vt 0.9113472700119019 0.7372909188270569 
vt 0.9101270437240601 0.8019620776176453 
vt 0.9176927208900452 0.7404634952545166 
vt 0.9175706505775452 0.8019620776176453 
vt 0.925014317035675 0.7399753928184509 
vt 0.9251363277435303 0.8007418513298035 
vt 0.9696761965751648 0.8007418513298035 
vt 0.9251363277435303 0.8627285361289978 
vt 0.9700422883033752 0.8679754137992859 
vt 0.9270887970924377 0.8698057532310486 
vt 0.9729709029197693 0.8783472180366516 
vt 0.9225737452507019 0.8716360330581665 
vt 0.9934714436531067 0.9070221781730652 
vt 0.9135437607765198 0.896406352519989 
vt 0.9850515723228455 0.9181260466575623 
vt 0.95857173204422 0.9504616260528564 
vt 0.9176927208900452 0.8634606599807739 
vt 0.9113472700119019 0.8666331768035889 
vt 0.9194010496139526 0.875906765460968 
vt 0.9043917655944824 0.8965283632278442 
vt 0.9455148577690125 0.9504616260528564 
vt 0.9551549553871155 0.959979236125946 
vt 0.9851736426353455 0.4977637231349945 
vt 0.9849295616149902 0.45176181197166443 
vt 0.9883463382720947 0.4977637231349945 
vt 0.9882243275642395 0.45176181197166443 
vt 0.9920071363449097 0.4977637231349945 
vt 0.9917630553245544 0.45176181197166443 
vt 0.9953018426895142 0.4977637231349945 
vt 0.9950578212738037 0.45176181197166443 
vt 0.9988406300544739 0.4977637231349945 
vt 0.9987186193466187 0.45176181197166443 
vt 0.984807550907135 0.40575987100601196 
vt 0.9879802465438843 0.40575987100601196 
vt 0.9916410446166992 0.40575987100601196 
vt 0.9948137402534485 0.40575987100601196 
vt 0.9984745383262634 0.40563786029815674 
vt 0.9845634698867798 0.3597579598426819 
vt 0.987736165523529 0.3597579598426819 
vt 0.9913970232009888 0.3597579598426819 
vt 0.9946917295455933 0.35963594913482666 
vt 0.9983525276184082 0.35963594913482666 
vt 0.9843194484710693 0.3137560486793518 
vt 0.9876141548156738 0.3137560486793518 
vt 0.9912749528884888 0.3137560486793518 
vt 0.994447648525238 0.3136340379714966 
vt 0.9981085062026978 0.3136340379714966 
vt 0.9841974377632141 0.26775413751602173 
vt 0.9873701333999634 0.26775413751602173 
vt 0.9910309314727783 0.2676320970058441 
vt 0.9943256378173828 0.2676320970058441 
vt 0.9978644251823425 0.2676320970058441 
vt 0.6791298985481262 0.2599447965621948 
vt 0.6732726097106934 0.240665465593338 
vt 0.6830347776412964 0.25945669412612915 
vt 0.6792519092559814 0.23907919228076935 
vt 0.6870616674423218 0.2586025595664978 
vt 0.6838889718055725 0.23798100650310516 
vt 0.688770055770874 0.23749291896820068 
vt 0.6907224655151367 0.25823649764060974 
vt 0.6959696412086487 0.26128700375556946 
vt 0.694017231464386 0.23724888265132904 
vt 0.700728714466095 0.26006680727005005 
vt 0.6998745203018188 0.23712685704231262 
vt 0.7054877281188965 0.2599447965621948 
vt 0.7059758305549622 0.2370048463344574 
vt 0.7102468013763428 0.2609209418296814 
vt 0.7123212814331055 0.23676079511642456 
vt 0.7146397829055786 0.26067692041397095 
vt 0.7165921926498413 0.2370048463344574 
vt 0.7191547751426697 0.26116499304771423 
vt 0.7209851741790771 0.23737090826034546 
vt 0.7234256863594055 0.26238521933555603 
vt 0.7259882688522339 0.2382250428199768 
vt 0.7294050455093384 0.2628732919692993 
vt 0.7330658435821533 0.23968930542469025 
vt 0.7331878542900085 0.26360541582107544 
vt 0.735140323638916 0.26055487990379333 
vt 0.7381909489631653 0.240665465593338 
vt 0.498773992061615 0.2088179886341095 
vt 0.4988960325717926 0.21455296874046326 
vt 0.49657750129699707 0.2141869068145752 
vt 0.49926212430000305 0.22089806199073792 
vt 0.5019466876983643 0.20332704484462738 
vt 0.498773992061615 0.2088179886341095 
vt 0.49657750129699707 0.2077198028564453 
vt 0.49657750129699707 0.2141869068145752 
vt 0.5230574011802673 0.20845192670822144 
vt 0.5292807817459106 0.20747575163841248 
vt 0.5225692391395569 0.21491903066635132 
vt 0.5283045172691345 0.2172374427318573 
vt 0.4952352046966553 0.2651917040348053 
vt 0.49645549058914185 0.2622631788253784 
vt 0.500360369682312 0.266899973154068 
vt 0.500360369682312 0.2634834051132202 
vt 0.4907202124595642 0.2621411681175232 
vt 0.49316075444221497 0.2599447965621948 
vt 0.4952352046966553 0.2651917040348053 
vt 0.49645549058914185 0.2622631788253784 
vt 0.5126850605010986 0.2046692669391632 
vt 0.5140273571014404 0.1999104619026184 
vt 0.5159798264503479 0.2064995914697647 
vt 0.5197626352310181 0.20296098291873932 
vt 0.5159798264503479 0.2064995914697647 
vt 0.5197626352310181 0.20296098291873932 
vt 0.5178102254867554 0.20955011248588562 
vt 0.5230574011802673 0.20845192670822144 
vt 0.5087802410125732 0.20479129254817963 
vt 0.5075599551200867 0.20015449821949005 
vt 0.5126850605010986 0.2046692669391632 
vt 0.5140273571014404 0.1999104619026184 
vt 0.11048408597707748 0.4573747515678406 
vt 0.09718314558267593 0.40380755066871643 
vt 0.12805597484111786 0.45310401916503906 
vt 0.1098739504814148 0.3801354765892029 
vt 0.13964854180812836 0.45017552375793457 
vt 0.11841583997011185 0.3557312786579132 
vt 0.13049651682376862 0.3197350800037384 
vt 0.16063718497753143 0.44529467821121216 
vt 0.18248002231121063 0.4396817088127136 
vt 0.13818421959877014 0.2555520236492157 
vt 0.20163825154304504 0.43516695499420166 
vt 0.15734244883060455 0.2509152293205261 
vt 0.17650069296360016 0.24627843499183655 
vt 0.22079649567604065 0.4305301308631897 
vt 0.21249866485595703 0.30008968710899353 
vt 0.24263933300971985 0.4256493151187897 
vt 0.2636279761791229 0.4204024076461792 
vt 0.23983271420001984 0.32791048288345337 
vt 0.258868932723999 0.34450533986091614 
vt 0.27534255385398865 0.41783997416496277 
vt 0.2799795866012573 0.35780563950538635 
vt 0.29303649067878723 0.4143013656139374 
vt 0.5153696537017822 0.21650530397891998 
vt 0.5187864303588867 0.2202879637479782 
vt 0.5118308663368225 0.21821360290050507 
vt 0.5129291415214539 0.2232164591550827 
vt 0.5079260468482971 0.21809157729148865 
vt 0.5064616799354553 0.22285039722919464 
vt 0.5048753619194031 0.21613924205303192 
vt 0.5015805959701538 0.21943381428718567 
vt 0.9813907742500305 0.3873347043991089 
vt 0.9813907742500305 0.4324824810028076 
vt 0.9782180786132812 0.3873347043991089 
vt 0.9782180786132812 0.4324824810028076 
vt 0.9745572805404663 0.3873347043991089 
vt 0.9745572805404663 0.4324824810028076 
vt 0.971384584903717 0.3873347043991089 
vt 0.971384584903717 0.4324824810028076 
vt 0.9678457975387573 0.3873347043991089 
vt 0.9678457975387573 0.4324824810028076 
vt 0.9813907742500305 0.4777522683143616 
vt 0.978096067905426 0.4777522683143616 
vt 0.9745572805404663 0.4777522683143616 
vt 0.971384584903717 0.4777522683143616 
vt 0.9678457975387573 0.4777522683143616 
vt 0.9813907742500305 0.5230220556259155 
vt 0.978096067905426 0.5230220556259155 
vt 0.9745572805404663 0.5230220556259155 
vt 0.971384584903717 0.5230220556259155 
vt 0.9678457975387573 0.5230220556259155 
vt 0.9812687635421753 0.5681698322296143 
vt 0.978096067905426 0.5681698322296143 
vt 0.9745572805404663 0.5681698322296143 
vt 0.971384584903717 0.5681698322296143 
vt 0.9678457975387573 0.5681698322296143 
vt 0.9812687635421753 0.6134396195411682 
vt 0.978096067905426 0.6134396195411682 
vt 0.9745572805404663 0.6134396195411682 
vt 0.971384584903717 0.6134396195411682 
vt 0.9678457975387573 0.6134396195411682 
vt 0.13501150906085968 0.2201659381389618 
vt 0.14904461801052094 0.21674935519695282 
vt 0.16600637137889862 0.21455296874046326 
vt 0.7202529907226562 0.35292479395866394 
vt 0.7486853003501892 0.35597530007362366 
vt 0.7190327644348145 0.37501057982444763 
vt 0.7300151586532593 0.38294196128845215 
vt 0.7142736911773682 0.37879323959350586 
vt 0.7289169430732727 0.4089324176311493 
vt 0.6768113970756531 0.4090544581413269 
vt 0.7325777411460876 0.5124062299728394 
vt 0.6791298985481262 0.5143585801124573 
vt 0.6797400712966919 0.5405930876731873 
vt 0.6258041262626648 0.514846682548523 
vt 0.6414235830307007 0.5408371090888977 
vt 0.6223873496055603 0.5394948720932007 
vt 0.7578372955322266 0.4046616852283478 
vt 0.7568610906600952 0.3549991548061371 
vt 0.7883440852165222 0.4022212624549866 
vt 0.7939572930335999 0.5119181275367737 
vt 0.812871515750885 0.5087456107139587 
vt 0.7960317730903625 0.5408371090888977 
vt 0.8200711011886597 0.5372985005378723 
vt 0.7622302770614624 0.539128839969635 
vt 0.7632064819335938 0.5122842192649841 
vt 0.7370927333831787 0.5369324684143066 
vt 0.7180564999580383 0.539128839969635 
vt 0.613113284111023 0.011998115107417107 
vt 0.6134793758392334 0.0021144140046089888 
vt 0.6411795020103455 0.01297428272664547 
vt 0.6415455937385559 0.00296856090426445 
vt 0.4434957802295685 0.32595816254615784 
vt 0.46240994334220886 0.35548722743988037 
vt 0.47729724645614624 0.37391239404678345 
vt 0.4935268461704254 0.391727477312088 
vt 0.5001162886619568 0.40563786029815674 
vt 0.5060956478118896 0.4119829535484314 
vt 0.5058515667915344 0.4030754268169403 
vt 0.6762012839317322 0.3813556730747223 
vt 0.6381288170814514 0.38050153851509094 
vt 0.6249499320983887 0.4112508296966553 
vt 0.5957854390144348 0.40820029377937317 
vt 0.5950533151626587 0.5159448385238647 
vt 0.5644245147705078 0.5169209837913513 
vt 0.5972498059272766 0.5426674485206604 
vt 0.5635703206062317 0.5458399653434753 
vt 0.7819986939430237 0.3525587320327759 
vt 0.803109347820282 0.4012451171875 
vt 0.5019466876983643 0.20332704484462738 
vt 0.505485475063324 0.20662161707878113 
vt 0.498773992061615 0.2088179886341095 
vt 0.503411054611206 0.20967213809490204 
vt 0.5048753619194031 0.21613924205303192 
vt 0.5015805959701538 0.21943381428718567 
vt 0.503288984298706 0.213088721036911 
vt 0.4988960325717926 0.21455296874046326 
vt 0.7225714921951294 0.16000959277153015 
vt 0.7225714921951294 0.19649386405944824 
vt 0.7001185417175293 0.16000959277153015 
vt 0.7001185417175293 0.19649386405944824 
vt 0.5118308663368225 0.21821360290050507 
vt 0.5129291415214539 0.2232164591550827 
vt 0.5079260468482971 0.21809157729148865 
vt 0.5064616799354553 0.22285039722919464 
vt 0.5187864303588867 0.2202879637479782 
vt 0.5153696537017822 0.21650530397891998 
vt 0.5225692391395569 0.21491903066635132 
vt 0.5175661444664001 0.21321074664592743 
vt 0.5041431784629822 0.22541284561157227 
vt 0.49840793013572693 0.23004963994026184 
vt 0.49926212430000305 0.22089806199073792 
vt 0.49291670322418213 0.2244366705417633 
vt 0.49657750129699707 0.2141869068145752 
vt 0.4891338646411896 0.2166273295879364 
vt 0.48888981342315674 0.2088179886341095 
vt 0.49657750129699707 0.2077198028564453 
vt 0.4980418384075165 0.20015449821949005 
vt 0.9551549553871155 0.6439448595046997 
vt 0.95857173204422 0.6534625291824341 
vt 0.9455148577690125 0.6534625291824341 
vt 0.9043917655944824 0.7072737812995911 
vt 0.9135437607765198 0.7075178027153015 
vt 0.9850515723228455 0.6856760382652283 
vt 0.9934714436531067 0.6967799663543701 
vt 0.9225737452507019 0.7322880625724792 
vt 0.9729709029197693 0.7254549264907837 
vt 0.9270887970924377 0.7341184020042419 
vt 0.9700422883033752 0.7358266711235046 
vt 0.9194010496139526 0.7278953194618225 
vt 0.7824867963790894 0.07703530788421631 
vt 0.7863916158676147 0.07679126411676407 
vt 0.7788259387016296 0.10168354958295822 
vt 0.7867577075958252 0.10168354958295822 
vt 0.7757753133773804 0.14670929312705994 
vt 0.7835850119590759 0.147075355052948 
vt 0.7827308177947998 0.17245572805404663 
vt 0.7752872109413147 0.17208966612815857 
vt 0.7751651406288147 0.1824614554643631 
vt 0.7821207046508789 0.18282751739025116 
vt 0.7749211192131042 0.19478558003902435 
vt 0.7823647260665894 0.19515164196491241 
vt 0.7824867963790894 0.21943381428718567 
vt 0.7745550274848938 0.2190677523612976 
vt 0.785049319267273 0.2675100862979889 
vt 0.774677038192749 0.26653391122817993 
vt 0.7835850119590759 0.29594099521636963 
vt 0.7751651406288147 0.2950868308544159 
vt 0.7800462245941162 0.3155863583087921 
vt 0.7743109464645386 0.314854234457016 
vt 0.0009038419811986387 0.3096073269844055 
vt 0.003222354920580983 0.306678831577301 
vt 0.028970051556825638 0.3213213384151459 
vt 0.029092079028487206 0.31644052267074585 
vt 0.030678430572152138 0.3035062849521637 
vt 0.006883164867758751 0.29496482014656067 
vt 0.009323704987764359 0.29240238666534424 
vt 0.44447198510169983 0.5127723217010498 
vt 0.8959718942642212 0.5159448385238647 
vt 0.9052459597587585 0.5451078414916992 
vt 0.7591795921325684 0.7753614783287048 
vt 0.7774836421012878 0.7763376832008362 
vt 0.7614981532096863 0.8033043146133423 
vt 0.7794361114501953 0.8035483360290527 
vt 0.7614981532096863 0.812333881855011 
vt 0.7794361114501953 0.8125779032707214 
vt 0.7768735289573669 0.8396665453910828 
vt 0.96979820728302 0.29435470700263977 
vt 0.9768757820129395 0.2915482223033905 
vt 0.9728488922119141 0.2992355525493622 
vt 0.9754114747047424 0.3011878728866577 
vt 0.49291670322418213 0.24518024921417236 
vt 0.49438104033470154 0.24859683215618134 
vt 0.48888981342315674 0.24701055884361267 
vt 0.4914523959159851 0.24969501793384552 
vt 0.991519033908844 0.6142937541007996 
vt 0.9894445538520813 0.6147818565368652 
vt 0.987858235836029 0.6112432479858398 
vt 0.9856617450714111 0.6147818565368652 
vt 0.2000519037246704 0.9161736965179443 
vt 0.19151002168655396 0.9366732239723206 
vt 0.1905338019132614 0.9162957668304443 
vt 0.18418839573860168 0.9350869655609131 
vt 0.18589676916599274 0.9465569257736206 
vt 0.17991745471954346 0.9444826245307922 
vt 0.17601259052753448 0.9326465725898743 
vt 0.16832488775253296 0.9363071918487549 
vt 0.15600015223026276 0.8961622714996338 
vt 0.16027110815048218 0.8867666721343994 
vt 0.1514851599931717 0.8784692287445068 
vt 0.15526799857616425 0.8389344215393066 
vt 0.14623799920082092 0.8413748741149902 
vt 0.1685689389705658 0.7786560654640198 
vt 0.15612219274044037 0.7941527366638184 
vt 0.17100948095321655 0.7704806327819824 
vt 0.16771474480628967 0.7626712918281555 
vt 0.17906326055526733 0.7701146006584167 
vt 0.1788192093372345 0.7648676633834839 
vt 0.19443866610527039 0.764379620552063 
vt 0.19212014973163605 0.7599868178367615 
vt 0.1815038025379181 0.7603529095649719 
vt 0.18199190497398376 0.740707516670227 
vt 0.17857515811920166 0.7408295273780823 
vt 0.17723286151885986 0.7314339280128479 
vt 0.13013043999671936 0.7097141742706299 
vt 0.1311066448688507 0.698732316493988 
vt 0.07387598603963852 0.6983662247657776 
vt 0.08583463728427887 0.7094701528549194 
vt 0.04971464350819588 0.7167913913726807 
vt 0.051545046269893646 0.7272852063179016 
vt 0.025553295388817787 0.7352165579795837 
vt 0.028115862980484962 0.7459544539451599 
vt 0.002856273902580142 0.7674301266670227 
vt 0.018597757443785667 0.7754834890365601 
vt 0.0012699230574071407 0.7785340547561646 
vt 0.0040765441954135895 0.7828047871589661 
vt 0.01664532534778118 0.795861005783081 
vt 0.019329918548464775 0.7993996143341064 
vt 0.01664532534778118 0.8534549474716187 
vt 0.01969599910080433 0.8486961126327515 
vt 0.017743568867444992 0.9117809534072876 
vt 0.020428162068128586 0.9109268188476562 
vt 0.01957397349178791 0.9237390160560608 
vt 0.030922483652830124 0.9105607867240906 
vt 0.029824240133166313 0.8015959858894348 
vt 0.030312348157167435 0.8489401340484619 
vt 0.996766209602356 0.6084367632865906 
vt 0.9948137402534485 0.608680784702301 
vt 0.9950578212738037 0.6057522892951965 
vt 0.9917630553245544 0.6081927418708801 
vt 0.3179299831390381 0.2262669950723648 
vt 0.3220789134502411 0.22809730470180511 
vt 0.30121228098869324 0.2659238278865814 
vt 0.30389687418937683 0.2698284983634949 
vt 0.333549439907074 0.23419836163520813 
vt 0.3153674304485321 0.27568548917770386 
vt 0.3369661867618561 0.23566260933876038 
vt 0.3186621367931366 0.27617359161376953 
vt 0.47949373722076416 0.013706409372389317 
vt 0.4782734513282776 0.011754073202610016 
vt 0.5143934488296509 0.014804597944021225 
vt 0.5145154595375061 0.012486198917031288 
vt 0.4798598289489746 0.00296856090426445 
vt 0.5170780420303345 0.002602498047053814 
vt 0.48205628991127014 0.0005281409830786288 
vt 0.5170780420303345 0.00016207799490075558 
vt 0.0033443819265812635 0.8526008129119873 
vt 0.005296813789755106 0.9145874381065369 
vt 0.002490192884579301 0.9154415726661682 
vt 0.005662894807755947 0.9265455007553101 
vt 0.03189869970083237 0.9366732239723206 
vt 0.027871809899806976 0.9520478844642639 
vt 0.08229584991931915 0.9925588965415955 
vt 0.08912936598062515 0.9843834638595581 
vt 0.11036206036806107 0.993535041809082 
vt 0.1132907122373581 0.9870679378509521 
vt 0.13818421959877014 0.9853596091270447 
vt 0.1372079998254776 0.9806008338928223 
vt 0.179551362991333 0.9566847085952759 
vt 0.17430420219898224 0.9533901214599609 
vt 0.8168984055519104 0.735460638999939 
vt 0.8129935264587402 0.7170354723930359 
vt 0.8820608258247375 0.7331421971321106 
vt 0.8913348317146301 0.7158152461051941 
vt 0.8975582122802734 0.653950572013855 
vt 0.8086005449295044 0.657977283000946 
vt 0.811285138130188 0.6440668702125549 
vt 0.8947516083717346 0.6031898856163025 
vt 0.809820830821991 0.6328409910202026 
vt 0.8107970356941223 0.5756131410598755 
vt 0.7081723213195801 0.6357694864273071 
vt 0.7062199115753174 0.5795177817344666 
vt 0.6016427874565125 0.5831784009933472 
vt 0.6057916879653931 0.5503547787666321 
vt 0.4981638789176941 0.6150258779525757 
vt 0.7049996256828308 0.5464500784873962 
vt 0.8043296337127686 0.5430334806442261 
vt 0.9164724349975586 0.5998952984809875 
vt 0.7019489407539368 0.19881226122379303 
vt 0.7337980270385742 0.2005205601453781 
vt 0.7019489407539368 0.20149673521518707 
vt 0.7334319353103638 0.20271693170070648 
vt 0.7018269300460815 0.20418119430541992 
vt 0.7330658435821533 0.20491331815719604 
vt 0.7018269300460815 0.20674362778663635 
vt 0.7326997518539429 0.20686565339565277 
vt 0.7017049193382263 0.2094280868768692 
vt 0.7325777411460876 0.2088179886341095 
vt 0.7018269300460815 0.21199053525924683 
vt 0.7325777411460876 0.21077032387256622 
vt 0.7018269300460815 0.21467499434947968 
vt 0.7328217625617981 0.21260063350200653 
vt 0.7020710110664368 0.21735945343971252 
vt 0.7329438328742981 0.21455296874046326 
vt 0.7023150324821472 0.21992190182209015 
vt 0.7333099246025085 0.21650530397891998 
vt 0.7025591135025024 0.222606360912323 
vt 0.733553946018219 0.21833562850952148 
vt 0.7030472159385681 0.22516880929470062 
vt 0.7340420484542847 0.22040998935699463 
vt 0.7035353183746338 0.22773124277591705 
vt 0.7346522212028503 0.22236232459545135 
vt 0.7040234208106995 0.2304157018661499 
vt 0.7355063557624817 0.22455869615077972 
vt 0.5295248031616211 0.5734167098999023 
vt 0.5297688841819763 0.569878101348877 
vt 0.5618619322776794 0.5764672756195068 
vt 0.5628381967544556 0.5740268230438232 
vt 0.5643025040626526 0.5518190264701843 
vt 0.5311111807823181 0.547670304775238 
vt 0.5315992832183838 0.5441316962242126 
vt 0.12146651744842529 0.9498515129089355 
vt 0.1235409751534462 0.9507056474685669 
vt 0.11133828014135361 0.9499735236167908 
vt 0.10865367949008942 0.9509497284889221 
vt 0.1106061115860939 0.9525359869003296 
vt 0.1106061115860939 0.9569287300109863 
vt 0.10828760266304016 0.958759069442749 
vt 0.12207665294408798 0.9571727514266968 
vt 0.12415111064910889 0.9592471122741699 
vt 0.12195462733507156 0.9524139761924744 
vt 0.07704868912696838 0.9391136765480042 
vt 0.08095355331897736 0.940333902835846 
vt 0.07070328295230865 0.9461908936500549 
vt 0.07180152833461761 0.9508277177810669 
vt 0.07448612153530121 0.9504616260528564 
vt 0.08241787552833557 0.9572948217391968 
vt 0.08278395980596542 0.9602233171463013 
vt 0.08961746841669083 0.9487533569335938 
vt 0.09169193357229233 0.9491193890571594 
vt 0.08156368881464005 0.9420421719551086 
vt 0.36356809735298157 0.3237617611885071 
vt 0.3596632182598114 0.3221755027770996 
vt 0.37577077746391296 0.2935005724430084 
vt 0.3745505213737488 0.2878876030445099 
vt 0.3492909371852875 0.31448817253112793 
vt 0.36356809735298157 0.28227463364601135 
vt 0.3455080986022949 0.3126578629016876 
vt 0.35929712653160095 0.2843489944934845 
vt 0.7686977386474609 0.7020268440246582 
vt 0.7695519328117371 0.7001965641975403 
vt 0.788100004196167 0.7192318439483643 
vt 0.7899304032325745 0.7171574831008911 
vt 0.7817546129226685 0.6872623562812805 
vt 0.8022551536560059 0.7042232751846313 
vt 0.7834630012512207 0.6859201192855835 
vt 0.8039635419845581 0.7020268440246582 
vt 0.7333099246025085 0.21650530397891998 
vt 0.7362385392189026 0.21528510749340057 
vt 0.733553946018219 0.21833562850952148 
vt 0.736604630947113 0.21699339151382446 
vt 0.7329438328742981 0.21455296874046326 
vt 0.7359945178031921 0.21382084488868713 
vt 0.7333099246025085 0.21650530397891998 
vt 0.7362385392189026 0.21528510749340057 
vt 0.7359945178031921 0.21382084488868713 
vt 0.7329438328742981 0.21455296874046326 
vt 0.7358724474906921 0.21223457157611847 
vt 0.7328217625617981 0.21260063350200653 
vt 0.7358724474906921 0.21223457157611847 
vt 0.7328217625617981 0.21260063350200653 
vt 0.7358724474906921 0.20979414880275726 
vt 0.7325777411460876 0.21077032387256622 
vt 0.31487929821014404 0.9982938766479492 
vt 0.3132929503917694 0.9964635372161865 
vt 0.3339155316352844 0.9809668660163879 
vt 0.3330613374710083 0.9793806076049805 
vt 0.30389687418937683 0.9840173721313477 
vt 0.3236652612686157 0.9670564532279968 
vt 0.3023105263710022 0.9821870923042297 
vt 0.3220789134502411 0.9660803079605103 
vt 0.08290598541498184 0.9314263463020325 
vt 0.06923896074295044 0.9464349150657654 
vt 0.07070328295230865 0.9219087362289429 
vt 0.057890452444553375 0.9372833371162415 
vt 0.0635036900639534 0.9154415726661682 
vt 0.05117896571755409 0.931182324886322 
vt 0.03983045369386673 0.9219087362289429 
vt 0.7359945178031921 0.20796383917331696 
vt 0.7325777411460876 0.2088179886341095 
vt 0.7361165285110474 0.20613352954387665 
vt 0.7326997518539429 0.20686565339565277 
vt 0.7330658435821533 0.20491331815719604 
vt 0.7362385392189026 0.20442523062229156 
vt 0.7326997518539429 0.20686565339565277 
vt 0.7361165285110474 0.20613352954387665 
vt 0.1596609652042389 0.9605893492698669 
vt 0.16014908254146576 0.9627857208251953 
vt 0.15307150781154633 0.9521698951721191 
vt 0.15111908316612244 0.9508277177810669 
vt 0.150752991437912 0.9537562131881714 
vt 0.1385502964258194 0.9626637101173401 
vt 0.13562165200710297 0.9622976779937744 
vt 0.14513975381851196 0.9714492559432983 
vt 0.1446516513824463 0.9741336703300476 
vt 0.15709839761257172 0.9622976779937744 
vt 0.7362385392189026 0.20442523062229156 
vt 0.7330658435821533 0.20491331815719604 
vt 0.7364826202392578 0.20296098291873932 
vt 0.7334319353103638 0.20271693170070648 
vt 0.14282123744487762 0.9727914929389954 
vt 0.13623178005218506 0.9644940495491028 
vt 0.5441680550575256 0.38721269369125366 
vt 0.5469746589660645 0.38953107595443726 
vt 0.5075599551200867 0.3922155499458313 
vt 0.5080480575561523 0.3957541584968567 
vt 0.5109767317771912 0.40820029377937317 
vt 0.5499033331871033 0.4019772410392761 
vt 0.5478288531303406 0.40502774715423584 
vt 0.7346522212028503 0.22236232459545135 
vt 0.7375808358192444 0.22114211320877075 
vt 0.7355063557624817 0.22455869615077972 
vt 0.7380689382553101 0.22248433530330658 
vt 0.7375808358192444 0.22114211320877075 
vt 0.7346522212028503 0.22236232459545135 
vt 0.7369707226753235 0.21870169043540955 
vt 0.7340420484542847 0.22040998935699463 
vt 0.7369707226753235 0.21870169043540955 
vt 0.7340420484542847 0.22040998935699463 
vt 0.736604630947113 0.21699339151382446 
vt 0.733553946018219 0.21833562850952148 
vt 0.051545046269893646 0.8861565589904785 
vt 0.030800456181168556 0.8799334764480591 
vt 0.051056940108537674 0.8633386492729187 
vt 0.030800456181168556 0.8629725575447083 
vt 0.05117896571755409 0.8536989688873291 
vt 0.03104451112449169 0.8539429903030396 
vt 0.03128856420516968 0.8369820713996887 
vt 0.7359945178031921 0.21382084488868713 
vt 0.7406315207481384 0.21321074664592743 
vt 0.7362385392189026 0.21528510749340057 
vt 0.7407535314559937 0.21467499434947968 
vt 0.7358724474906921 0.21223457157611847 
vt 0.7403874397277832 0.21162447333335876 
vt 0.7359945178031921 0.21382084488868713 
vt 0.7406315207481384 0.21321074664592743 
vt 0.7358724474906921 0.20979414880275726 
vt 0.7405095100402832 0.20967213809490204 
vt 0.7358724474906921 0.21223457157611847 
vt 0.7403874397277832 0.21162447333335876 
vt 0.7405095100402832 0.20967213809490204 
vt 0.7358724474906921 0.20979414880275726 
vt 0.7403874397277832 0.20808586478233337 
vt 0.7359945178031921 0.20796383917331696 
vt 0.7405095100402832 0.2064995914697647 
vt 0.7361165285110474 0.20613352954387665 
vt 0.7408755421638489 0.20503534376621246 
vt 0.7362385392189026 0.20442523062229156 
vt 0.7408755421638489 0.20503534376621246 
vt 0.7362385392189026 0.20442523062229156 
vt 0.7408755421638489 0.2040591686964035 
vt 0.7364826202392578 0.20296098291873932 
vt 0.9979864358901978 0.17099148035049438 
vt 0.9932274222373962 0.1764824241399765 
vt 0.9960340261459351 0.1705033928155899 
vt 0.9924952387809753 0.17611636221408844 
vt 0.7408755421638489 0.2040591686964035 
vt 0.7364826202392578 0.20296098291873932 
vt 0.7409976124763489 0.2028389573097229 
vt 0.7368486523628235 0.2016187459230423 
vt 0.7422178387641907 0.22163018584251404 
vt 0.7380689382553101 0.22248433530330658 
vt 0.741851806640625 0.22004392743110657 
vt 0.7375808358192444 0.22114211320877075 
vt 0.741851806640625 0.22004392743110657 
vt 0.7375808358192444 0.22114211320877075 
vt 0.7412416338920593 0.21772551536560059 
vt 0.7369707226753235 0.21870169043540955 
vt 0.7412416338920593 0.21772551536560059 
vt 0.7369707226753235 0.21870169043540955 
vt 0.7408755421638489 0.21626126766204834 
vt 0.736604630947113 0.21699339151382446 
vt 0.19224217534065247 0.7768257260322571 
vt 0.2006620466709137 0.7703586220741272 
vt 0.7422178387641907 0.26787614822387695 
vt 0.7374588251113892 0.22394859790802002 
vt 0.7445363998413086 0.26677796244621277 
vt 0.7403874397277832 0.22370454668998718 
vt 0.7466108202934265 0.26604583859443665 
vt 0.743316113948822 0.22333848476409912 
vt 0.7488073110580444 0.26555776596069336 
vt 0.7462447285652161 0.22309444844722748 
vt 0.7507597804069519 0.2653137147426605 
vt 0.7491734027862549 0.22297242283821106 
vt 0.7527121901512146 0.2650696635246277 
vt 0.7521020770072937 0.22285039722919464 
vt 0.7549086809158325 0.2650696635246277 
vt 0.7550306916236877 0.22285039722919464 
vt 0.7569831609725952 0.2650696635246277 
vt 0.7579593658447266 0.22297242283821106 
vt 0.7590575814247131 0.26543572545051575 
vt 0.7608879804611206 0.22309444844722748 
vt 0.761254072189331 0.2658017873764038 
vt 0.7639386653900146 0.22333848476409912 
vt 0.763450562953949 0.2662898898124695 
vt 0.7668673396110535 0.22358253598213196 
vt 0.7657690644264221 0.2670220136642456 
vt 0.7697959542274475 0.2238265722990036 
vt 0.7682096362113953 0.26787614822387695 
vt 0.7727246284484863 0.22394859790802002 
vt 0.14038071036338806 0.8486961126327515 
vt 0.12463922053575516 0.8416188955307007 
vt 0.14440760016441345 0.8342976570129395 
vt 0.12927624583244324 0.8278304934501648 
vt 0.1208563819527626 0.8230717182159424 
vt 0.11621935665607452 0.8368600606918335 
vt 0.10499287396669388 0.8189229965209961 
vt 0.09937962889671326 0.8327113389968872 
vt 0.08351612091064453 0.8130660057067871 
vt 0.08778706938028336 0.7987895011901855 
vt 0.1106061115860939 0.8190450072288513 
vt 0.11512111127376556 0.8052566647529602 
vt 0.1201242208480835 0.820753276348114 
vt 0.12451719492673874 0.8070869445800781 
vt 0.15050894021987915 0.8177027702331543 
vt 0.12573745846748352 0.9809668660163879 
vt 0.12305287271738052 0.97913658618927 
vt 0.13610975444316864 0.9807228446006775 
vt 0.13830624520778656 0.9788925051689148 
vt 0.13623178005218506 0.9769401550292969 
vt 0.1358657032251358 0.9698629379272461 
vt 0.13769610226154327 0.9681546688079834 
vt 0.125005304813385 0.9701070189476013 
vt 0.12305287271738052 0.9683986902236938 
vt 0.125005304813385 0.9771842360496521 
vt 0.7549086809158325 0.2650696635246277 
vt 0.7539324760437012 0.2716588079929352 
vt 0.7527121901512146 0.2650696635246277 
vt 0.7527121901512146 0.2717808187007904 
vt 0.02884802408516407 0.9309382438659668 
vt 0.02823789045214653 0.9286198616027832 
vt 0.036047618836164474 0.9381375312805176 
vt 0.03848815709352493 0.9388696551322937 
vt 0.03861018642783165 0.9360631704330444 
vt 0.04190491512417793 0.9326465725898743 
vt 0.04446748271584511 0.9327685832977295 
vt 0.03299694135785103 0.9250812530517578 
vt 0.033118970692157745 0.922518789768219 
vt 0.03055640310049057 0.9283758401870728 
vt 0.4981638789176941 0.24505822360515594 
vt 0.4982858896255493 0.24859683215618134 
vt 0.49291670322418213 0.24518024921417236 
vt 0.49438104033470154 0.24859683215618134 
vt 0.5081700682640076 0.24993906915187836 
vt 0.5057295560836792 0.2521354556083679 
vt 0.5035330653190613 0.2466444969177246 
vt 0.5023127794265747 0.24981704354286194 
vt 0.5096343755722046 0.2653137147426605 
vt 0.5071938633918762 0.26250723004341125 
vt 0.512196958065033 0.26238521933555603 
vt 0.5089022517204285 0.26067692041397095 
vt 0.7539324760437012 0.2716588079929352 
vt 0.7549086809158325 0.2650696635246277 
vt 0.7557628750801086 0.2716588079929352 
vt 0.7569831609725952 0.2650696635246277 
vt 0.7527121901512146 0.2650696635246277 
vt 0.7527121901512146 0.2717808187007904 
vt 0.7507597804069519 0.2653137147426605 
vt 0.7513698935508728 0.27214688062667847 
vt 0.7572271823883057 0.271902859210968 
vt 0.7590575814247131 0.26543572545051575 
vt 0.7586914896965027 0.27214688062667847 
vt 0.761254072189331 0.2658017873764038 
vt 0.09913557767868042 0.43699726462364197 
vt 0.10194219648838043 0.4389495849609375 
vt 0.06948301941156387 0.44053587317466736 
vt 0.06984909623861313 0.4438304305076599 
vt 0.10316246747970581 0.45115169882774353 
vt 0.0689949095249176 0.45676466822624207 
vt 0.10255233198404312 0.45371413230895996 
vt 0.06960504502058029 0.4600592255592346 
vt 0.4816902279853821 0.2593346834182739 
vt 0.47461265325546265 0.26128700375556946 
vt 0.4796157777309418 0.25335565209388733 
vt 0.47180604934692383 0.25274553894996643 
vt 0.5296468138694763 0.2616530954837799 
vt 0.5214710235595703 0.2604328691959381 
vt 0.5273283123970032 0.2532336413860321 
vt 0.5197626352310181 0.2544538378715515 
vt 0.4966995418071747 0.2315138876438141 
vt 0.4974316954612732 0.23956727981567383 
vt 0.48474088311195374 0.23261208832263947 
vt 0.4892559051513672 0.2399333417415619 
vt 0.48474088311195374 0.23261208832263947 
vt 0.4892559051513672 0.2399333417415619 
vt 0.47607699036598206 0.23737090826034546 
vt 0.4831545352935791 0.2429838627576828 
vt 0.4805919826030731 0.2694624364376068 
vt 0.48608317971229553 0.2650696635246277 
vt 0.48974400758743286 0.2760515511035919 
vt 0.4927946925163269 0.26958444714546204 
vt 0.5010924935340881 0.2795901596546173 
vt 0.5008484721183777 0.27214688062667847 
vt 0.5124410390853882 0.27934613823890686 
vt 0.5087802410125732 0.27214688062667847 
vt 0.5215930342674255 0.27580752968788147 
vt 0.5151256322860718 0.2698284983634949 
vt 0.5276944041252136 0.2704385817050934 
vt 0.5191525220870972 0.26543572545051575 
vt 0.7586914896965027 0.27214688062667847 
vt 0.761254072189331 0.2658017873764038 
vt 0.7602778673171997 0.27251294255256653 
vt 0.763450562953949 0.2662898898124695 
vt 0.7602778673171997 0.27251294255256653 
vt 0.763450562953949 0.2662898898124695 
vt 0.7614981532096863 0.27275699377059937 
vt 0.7657690644264221 0.2670220136642456 
vt 0.7445363998413086 0.26677796244621277 
vt 0.7472209930419922 0.2737331688404083 
vt 0.7422178387641907 0.26787614822387695 
vt 0.7466108202934265 0.27434325218200684 
vt 0.7466108202934265 0.26604583859443665 
vt 0.748563289642334 0.2730010449886322 
vt 0.7445363998413086 0.26677796244621277 
vt 0.7472209930419922 0.2737331688404083 
vt 0.7488073110580444 0.26555776596069336 
vt 0.7499055862426758 0.27251294255256653 
vt 0.7466108202934265 0.26604583859443665 
vt 0.748563289642334 0.2730010449886322 
vt 0.9981085062026978 0.10595428198575974 
vt 0.9973763227462769 0.13584943115711212 
vt 0.9962781071662903 0.10583226382732391 
vt 0.9955459237098694 0.13548336923122406 
vt 0.9943256378173828 0.10583226382732391 
vt 0.9937155246734619 0.13499528169631958 
vt 0.9923732280731201 0.10571024566888809 
vt 0.9918851256370544 0.1345071941614151 
vt 0.9904207587242126 0.10571024566888809 
vt 0.990054726600647 0.13414113223552704 
vt 0.98846834897995 0.10571024566888809 
vt 0.9883463382720947 0.13401912152767181 
vt 0.9865159392356873 0.10571024566888809 
vt 0.9865159392356873 0.13414113223552704 
vt 0.9845634698867798 0.10571024566888809 
vt 0.984807550907135 0.1345071941614151 
vt 0.9826110601425171 0.10571024566888809 
vt 0.9828550815582275 0.13499528169631958 
vt 0.9806586503982544 0.10583226382732391 
vt 0.9810246825218201 0.13548336923122406 
vt 0.9787061810493469 0.10583226382732391 
vt 0.9791942834854126 0.13584943115711212 
vt 0.9767537713050842 0.10583226382732391 
vt 0.9774858951568604 0.13597145676612854 
vt 0.9748013019561768 0.10595428198575974 
vt 0.9757775664329529 0.13584943115711212 
vt 0.960158109664917 0.3928256630897522 
vt 0.9622325301170349 0.39843863248825073 
vt 0.9594259262084961 0.39306968450546265 
vt 0.9605241417884827 0.3986826539039612 
vt 0.9564972519874573 0.39319172501564026 
vt 0.9558871388435364 0.398926705121994 
vt 0.9550329446792603 0.39306968450546265 
vt 0.9544228315353394 0.3986826539039612 
vt 0.9890784621238708 0.17575030028820038 
vt 0.9904207587242126 0.16952723264694214 
vt 0.9902987480163574 0.17575030028820038 
vt 0.9922512173652649 0.16977126896381378 
vt 0.991519033908844 0.17599433660507202 
vt 0.9940816164016724 0.17013733088970184 
vt 0.9924952387809753 0.17611636221408844 
vt 0.9960340261459351 0.1705033928155899 
vt 0.9887124300003052 0.16940520703792572 
vt 0.987736165523529 0.17575030028820038 
vt 0.9870040416717529 0.16940520703792572 
vt 0.9859057664871216 0.17575030028820038 
vt 0.9619885087013245 0.39184948801994324 
vt 0.9655272960662842 0.39734044671058655 
vt 0.9613783359527588 0.3923375606536865 
vt 0.9638189077377319 0.39795053005218506 
vt 0.9523483514785767 0.3923375606536865 
vt 0.9496637582778931 0.39734044671058655 
vt 0.9514941573143005 0.39197149872779846 
vt 0.9479553699493408 0.39673033356666565 
vt 0.95857173204422 0.39319172501564026 
vt 0.9590598344802856 0.398926705121994 
vt 0.9575955271720886 0.39319172501564026 
vt 0.9574735164642334 0.398926705121994 
vt 0.9818788766860962 0.1698932945728302 
vt 0.9827330708503723 0.17623838782310486 
vt 0.9799264669418335 0.17025935649871826 
vt 0.9815127849578857 0.17660444974899292 
vt 0.9540567398071289 0.3928256630897522 
vt 0.9528364539146423 0.3983165919780731 
vt 0.9530805349349976 0.39258161187171936 
vt 0.9512501358985901 0.39782851934432983 
vt 0.9793163537979126 0.17782466113567352 
vt 0.9762656688690186 0.17135754227638245 
vt 0.9800484776496887 0.17733657360076904 
vt 0.978096067905426 0.17062541842460632 
vt 0.12171056866645813 0.9616875648498535 
vt 0.11121624708175659 0.9614435434341431 
vt 0.9993287324905396 0.1374357044696808 
vt 0.9979864358901978 0.17099148035049438 
vt 0.9972543120384216 0.13731367886066437 
vt 0.9960340261459351 0.1705033928155899 
vt 0.9950578212738037 0.13731367886066437 
vt 0.9940816164016724 0.17013733088970184 
vt 0.992983341217041 0.13719166815280914 
vt 0.9922512173652649 0.16977126896381378 
vt 0.9909089207649231 0.13706964254379272 
vt 0.9904207587242126 0.16952723264694214 
vt 0.9887124300003052 0.1369476169347763 
vt 0.9887124300003052 0.16940520703792572 
vt 0.9866379499435425 0.1369476169347763 
vt 0.9870040416717529 0.16940520703792572 
vt 0.9845634698867798 0.1369476169347763 
vt 0.9851736426353455 0.16952723264694214 
vt 0.9823669791221619 0.13706964254379272 
vt 0.9834652543067932 0.16964924335479736 
vt 0.980292558670044 0.13719166815280914 
vt 0.9818788766860962 0.1698932945728302 
vt 0.9782180786132812 0.13731367886066437 
vt 0.9799264669418335 0.17025935649871826 
vt 0.9760215878486633 0.1375577300786972 
vt 0.978096067905426 0.17062541842460632 
vt 0.9739471673965454 0.13767974078655243 
vt 0.9762656688690186 0.17135754227638245 
vt 0.9827330708503723 0.17623838782310486 
vt 0.9818788766860962 0.1698932945728302 
vt 0.9838313460350037 0.17599433660507202 
vt 0.9834652543067932 0.16964924335479736 
vt 0.9851736426353455 0.16952723264694214 
vt 0.984807550907135 0.1758723109960556 
vt 0.9834652543067932 0.16964924335479736 
vt 0.9838313460350037 0.17599433660507202 
vt 0.852408230304718 0.42857781052589417 
vt 0.8520421385765076 0.42430707812309265 
vt 0.8903586268424988 0.41942623257637024 
vt 0.8898705244064331 0.41405731439590454 
vt 0.9283090233802795 0.4101526439189911 
vt 0.9275768995285034 0.4036855101585388 
vt 0.8896265029907227 0.408444344997406 
vt 0.8515540361404419 0.4132031500339508 
vt 0.8492355346679688 0.4023433029651642 
vt 0.8884062170982361 0.4030754268169403 
vt 0.9267227053642273 0.39734044671058655 
vt 0.8876740336418152 0.3977065086364746 
vt 0.8486254215240479 0.39795053005218506 
vt 0.7915167808532715 0.7213062047958374 
vt 0.7290389537811279 0.7430258989334106 
vt 0.7409976124763489 0.7017828226089478 
vt 0.7164701819419861 0.7081279158592224 
vt 0.6718083024024963 0.6873843669891357 
vt 0.6666831374168396 0.7095921635627747 
vt 0.6365424990653992 0.7027589678764343 
vt 0.7004846334457397 0.7224043607711792 
vt 0.7129313945770264 0.7313119173049927 
vt 0.6997524499893188 0.7230144739151001 
vt 0.6918207406997681 0.7408295273780823 
vt 0.690234363079071 0.7224043607711792 
vt 0.6688796281814575 0.7391212582588196 
vt 0.6731505990028381 0.7194758653640747 
vt 0.6426438093185425 0.7288714647293091 
vt 0.650575578212738 0.7130087614059448 
vt 0.6301971077919006 0.7154491543769836 
vt 0.6394711136817932 0.7089820504188538 
vt 0.6289768218994141 0.6910449862480164 
vt 0.6936511397361755 0.7479067444801331 
vt 0.6675373315811157 0.7446122169494629 
vt 0.6373966932296753 0.7332642674446106 
vt 0.6233635544776917 0.7175235152244568 
vt 0.6120150685310364 0.685554027557373 
vt 0.6715642213821411 0.6825035214424133 
vt 0.9979864358901978 0.498373806476593 
vt 0.9983525276184082 0.514724612236023 
vt 0.9823669791221619 0.49873989820480347 
vt 0.9827330708503723 0.5150907039642334 
vt 0.983343243598938 0.5397389531135559 
vt 0.9990847110748291 0.5393728613853455 
vt 0.9994508028030396 0.5641431212425232 
vt 0.9838313460350037 0.5645092129707336 
vt 0.9840753674507141 0.5741488337516785 
vt 0.0860786885023117 0.7108123898506165 
vt 0.099013552069664 0.7182556390762329 
vt 0.07534031569957733 0.7332642674446106 
vt 0.08790909498929977 0.7402194142341614 
vt 0.07058125734329224 0.7415616512298584 
vt 0.08302801102399826 0.7486388683319092 
vt 0.07021518051624298 0.7696264982223511 
vt 0.771626353263855 0.7713348269462585 
vt 0.7312354445457458 0.7713348269462585 
vt 0.7751651406288147 0.7496150732040405 
vt 0.7347742319107056 0.7494930624961853 
vt 0.6937731504440308 0.7496150732040405 
vt 0.690234363079071 0.7713348269462585 
vt 0.6498434543609619 0.7713348269462585 
vt 0.6535042524337769 0.7494930624961853 
vt 0.613113284111023 0.7494930624961853 
vt 0.6095744967460632 0.7713348269462585 
vt 0.5685734748840332 0.7713348269462585 
vt 0.5721122026443481 0.7494930624961853 
vt 0.531721293926239 0.7494930624961853 
vt 0.22555555403232574 0.47579994797706604 
vt 0.22348108887672424 0.4939810633659363 
vt 0.19334042072296143 0.47653207182884216 
vt 0.19212014973163605 0.49446913599967957 
vt 0.1843104213476181 0.47579994797706604 
vt 0.18309015035629272 0.4936150014400482 
vt 0.15197326242923737 0.48897820711135864 
vt 0.7361165285110474 0.20613352954387665 
vt 0.7405095100402832 0.2064995914697647 
vt 0.7359945178031921 0.20796383917331696 
vt 0.7403874397277832 0.20808586478233337 
vt 0.9408777952194214 0.4239410161972046 
vt 0.9462469816207886 0.3959982097148895 
vt 0.9430742859840393 0.42430707812309265 
vt 0.9479553699493408 0.39673033356666565 
vt 0.9452707767486572 0.4246731400489807 
vt 0.9496637582778931 0.39734044671058655 
vt 0.9474672675132751 0.42491719126701355 
vt 0.9512501358985901 0.39782851934432983 
vt 0.9496637582778931 0.4252832531929016 
vt 0.9528364539146423 0.3983165919780731 
vt 0.9517382383346558 0.4256493151187897 
vt 0.9544228315353394 0.3986826539039612 
vt 0.9539347290992737 0.4258933365345001 
vt 0.9558871388435364 0.398926705121994 
vt 0.9561312198638916 0.42601537704467773 
vt 0.9574735164642334 0.398926705121994 
vt 0.9583277106285095 0.42613738775253296 
vt 0.9590598344802856 0.398926705121994 
vt 0.9605241417884827 0.42613738775253296 
vt 0.9605241417884827 0.3986826539039612 
vt 0.9627206325531006 0.42613738775253296 
vt 0.9622325301170349 0.39843863248825073 
vt 0.9649171233177185 0.4258933365345001 
vt 0.9638189077377319 0.39795053005218506 
vt 0.9671136140823364 0.4257713258266449 
vt 0.9655272960662842 0.39734044671058655 
vt 0.9590598344802856 0.398926705121994 
vt 0.95857173204422 0.39319172501564026 
vt 0.9605241417884827 0.3986826539039612 
vt 0.9594259262084961 0.39306968450546265 
vt 0.0484943725168705 0.8209973573684692 
vt 0.0334850512444973 0.8147742748260498 
vt 0.055571939796209335 0.7990335822105408 
vt 0.04092869907617569 0.7920783758163452 
vt 0.059598829597234726 0.7903700470924377 
vt 0.0450776144862175 0.783414900302887 
vt 0.05813450366258621 0.7634034156799316 
vt 0.8655871748924255 0.8623624444007874 
vt 0.9031714797019958 0.8667552471160889 
vt 0.8186067938804626 0.8940879106521606 
vt 0.8821828365325928 0.899578869342804 
vt 0.8483813405036926 0.9119029641151428 
vt 0.8782779574394226 0.9291079640388489 
vt 0.8132376074790955 0.9314263463020325 
vt 0.8111631274223328 0.9624196887016296 
vt 0.806160032749176 0.90677809715271 
vt 0.5071938633918762 0.26250723004341125 
vt 0.5096343755722046 0.2653137147426605 
vt 0.5041431784629822 0.26360541582107544 
vt 0.505485475063324 0.266899973154068 
vt 0.08693287521600723 0.3491421341896057 
vt 0.09022760391235352 0.34926414489746094 
vt 0.08595666289329529 0.38367408514022827 
vt 0.08851923048496246 0.3861145079135895 
vt 0.099013552069664 0.3850163221359253 
vt 0.1010880097746849 0.34706777334213257 
vt 0.10438273847103119 0.3473118245601654 
vt 0.778337836265564 0.8646808862686157 
vt 0.7651589512825012 0.8956741690635681 
vt 0.7740669250488281 0.8474758863449097 
vt 0.7146397829055786 0.85430908203125 
vt 0.7368486523628235 0.9188581705093384 
vt 0.6893801689147949 0.922518789768219 
vt 0.6661950349807739 0.8967723846435547 
vt 0.9530805349349976 0.39258161187171936 
vt 0.9512501358985901 0.39782851934432983 
vt 0.9523483514785767 0.3923375606536865 
vt 0.9496637582778931 0.39734044671058655 
vt 0.9613783359527588 0.3923375606536865 
vt 0.9638189077377319 0.39795053005218506 
vt 0.960158109664917 0.3928256630897522 
vt 0.9622325301170349 0.39843863248825073 
vt 0.02713964693248272 0.7836589217185974 
vt 0.04324721172451973 0.7592546939849854 
vt 0.03995248302817345 0.7895159125328064 
vt 0.05520585551857948 0.7660878896713257 
vt 0.059598829597234726 0.7575464248657227 
vt 0.047640182077884674 0.7507132291793823 
vt 0.07216761261224747 0.7325321435928345 
vt 0.06057504564523697 0.7244787216186523 
vt 0.9462469816207886 0.3959982097148895 
vt 0.9508840441703796 0.3914834260940552 
vt 0.9479553699493408 0.39673033356666565 
vt 0.9514941573143005 0.39197149872779846 
vt 0.2575266361236572 0.7455883622169495 
vt 0.26094338297843933 0.722282350063324 
vt 0.2613094747066498 0.7461984753608704 
vt 0.2649702727794647 0.7228924632072449 
vt 0.2648482322692871 0.746686577796936 
vt 0.2688751220703125 0.7235025763511658 
vt 0.268142968416214 0.7472966313362122 
vt 0.2724139094352722 0.7241126894950867 
vt 0.27143770456314087 0.7479067444801331 
vt 0.2758306860923767 0.7248448133468628 
vt 0.27473244071006775 0.748516857624054 
vt 0.27936944365501404 0.7254549264907837 
vt 0.2782711982727051 0.7493709921836853 
vt 0.2831522822380066 0.726309061050415 
vt 0.28205403685569763 0.7502251863479614 
vt 0.2873012125492096 0.7271631956100464 
vt 0.2859589159488678 0.7510793209075928 
vt 0.2914501428604126 0.728139340877533 
vt 0.28974175453186035 0.7519334554672241 
vt 0.295477032661438 0.7291155457496643 
vt 0.2940126955509186 0.7530316710472107 
vt 0.29999202489852905 0.7302137017250061 
vt 0.29730743169784546 0.753885805606842 
vt 0.30340877175331116 0.7311899065971375 
vt 0.30060216784477234 0.7548619508743286 
vt 0.3070695996284485 0.732166051864624 
vt 0.30389687418937683 0.75583815574646 
vt 0.3106083571910858 0.7332642674446106 
vt 0.30743566155433655 0.7568143010139465 
vt 0.31426918506622314 0.7343624234199524 
vt 0.3112185001373291 0.7580345273017883 
vt 0.31829607486724854 0.7355826497077942 
vt 0.31500133872032166 0.7592546939849854 
vt 0.3223229646682739 0.7369248867034912 
vt 0.505485475063324 0.20662161707878113 
vt 0.5019466876983643 0.20332704484462738 
vt 0.5087802410125732 0.20479129254817963 
vt 0.5075599551200867 0.20015449821949005 
vt 0.47607699036598206 0.23737090826034546 
vt 0.4831545352935791 0.2429838627576828 
vt 0.47205010056495667 0.24469216167926788 
vt 0.47998183965682983 0.2477426826953888 
vt 0.5191525220870972 0.24164164066314697 
vt 0.5132952332496643 0.24676652252674103 
vt 0.5090242624282837 0.23480845987796783 
vt 0.5059735774993896 0.24188567698001862 
vt 0.3427014648914337 0.8070869445800781 
vt 0.32854634523391724 0.8070869445800781 
vt 0.3386745750904083 0.7807304263114929 
vt 0.3248855173587799 0.7815845608711243 
vt 0.33806443214416504 0.7712127566337585 
vt 0.324275404214859 0.7719448804855347 
vt 0.3250075578689575 0.7461984753608704 
vt 0.6638765335083008 0.9110488295555115 
vt 0.667659342288971 0.9128791689872742 
vt 0.6277565360069275 0.9162957668304443 
vt 0.6284887194633484 0.9203224182128906 
vt 0.6693677306175232 0.9250812530517578 
vt 0.6280006170272827 0.9333786964416504 
vt 0.6653408408164978 0.9293519854545593 
vt 0.6288548111915588 0.9374054074287415 
vt 0.14501772820949554 0.9840173721313477 
vt 0.16332177817821503 0.9720593690872192 
vt 0.15477989614009857 0.9947552680969238 
vt 0.1721077263355255 0.9831632375717163 
vt 0.179551362991333 0.9769401550292969 
vt 0.1719857007265091 0.965958297252655 
vt 0.19565893709659576 0.9636399149894714 
vt 0.18858136236667633 0.9519258737564087 
vt 0.5381886959075928 0.11937659233808517 
vt 0.541483461856842 0.14158441126346588 
vt 0.5379446744918823 0.14146240055561066 
vt 0.5378226637840271 0.16367021203041077 
vt 0.5449001789093018 0.16379223763942719 
vt 0.5434358716011047 0.1824614554643631 
vt 0.5364803671836853 0.1824614554643631 
vt 0.5396530628204346 0.18831846117973328 
vt 0.5326974987983704 0.18831846117973328 
vt 0.5309891104698181 0.1968599259853363 
vt 0.5233014225959778 0.19466355443000793 
vt 0.5008484721183777 0.27214688062667847 
vt 0.5010924935340881 0.2795901596546173 
vt 0.4927946925163269 0.26958444714546204 
vt 0.48974400758743286 0.2760515511035919 
vt 0.48608317971229553 0.2650696635246277 
vt 0.4805919826030731 0.2694624364376068 
vt 0.4816902279853821 0.2593346834182739 
vt 0.47461265325546265 0.26128700375556946 
vt 0.5325754880905151 0.11425171047449112 
vt 0.5397750735282898 0.11766830086708069 
vt 0.5184203386306763 0.12364733219146729 
vt 0.5237895250320435 0.12413541227579117 
vt 0.5213490128517151 0.13243284821510315 
vt 0.5151256322860718 0.1320667862892151 
vt 0.5229353308677673 0.1404862254858017 
vt 0.516711950302124 0.14012016355991364 
vt 0.5254979133605957 0.14805153012275696 
vt 0.5192745327949524 0.1476854681968689 
vt 0.5198846459388733 0.162694051861763 
vt 0.5136613249778748 0.16232798993587494 
vt 0.5324534773826599 0.18685421347618103 
vt 0.523423433303833 0.18636612594127655 
vt 0.4865713119506836 0.25018310546875 
vt 0.4898660182952881 0.25176939368247986 
vt 0.48620522022247314 0.25408777594566345 
vt 0.48962196707725525 0.2542097866535187 
vt 0.48888981342315674 0.24701055884361267 
vt 0.4914523959159851 0.24969501793384552 
vt 0.4865713119506836 0.25018310546875 
vt 0.4898660182952881 0.25176939368247986 
vt 0.7381909489631653 0.8405206799507141 
vt 0.7403874397277832 0.8157504200935364 
vt 0.7568610906600952 0.8395445346832275 
vt 0.7586914896965027 0.8156284093856812 
vt 0.7593016624450684 0.8058667182922363 
vt 0.7407535314559937 0.8058667182922363 
vt 0.7574712634086609 0.7819506525993347 
vt 0.7385570406913757 0.7810964584350586 
vt 0.4982858896255493 0.24859683215618134 
vt 0.4981638789176941 0.24505822360515594 
vt 0.5023127794265747 0.24981704354286194 
vt 0.5035330653190613 0.2466444969177246 
vt 0.5839488506317139 0.9330126047134399 
vt 0.5793118476867676 0.8583357930183411 
vt 0.6003004908561707 0.9320364594459534 
vt 0.9733369946479797 0.0739847794175148 
vt 0.9342883825302124 0.06349097937345505 
vt 0.9739471673965454 0.06690756231546402 
vt 0.9346544742584229 0.058976199477910995 
vt 0.8480152487754822 0.0595863051712513 
vt 0.8480152487754822 0.05702386423945427 
vt 0.044711533933877945 0.9300841093063354 
vt 0.036047618836164474 0.922640860080719 
vt 0.15416975319385529 0.7979353666305542 
vt 0.14904461801052094 0.7962270975112915 
vt 0.16600637137889862 0.7429038882255554 
vt 0.1352555751800537 0.7911021709442139 
vt 0.1597829908132553 0.7454663515090942 
vt 0.11560922116041183 0.783292829990387 
vt 0.1318388134241104 0.7455883622169495 
vt 0.1119484156370163 0.7339963912963867 
vt 0.10792151838541031 0.7175235152244568 
vt 0.0737539604306221 0.7717008590698242 
vt 0.10450476408004761 0.7106903791427612 
vt 0.14025866985321045 0.7256989479064941 
vt 0.13708597421646118 0.7319220304489136 
vt 0.1706434041261673 0.7400974035263062 
vt 0.11463300883769989 0.2503051161766052 
vt 0.11231449246406555 0.2512812912464142 
vt 0.10340651869773865 0.222606360912323 
vt 0.1010880097746849 0.2207760512828827 
vt 0.08973950147628784 0.22553487122058868 
vt 0.10133206099271774 0.25823649764060974 
vt 0.09803733229637146 0.2593346834182739 
vt 0.09315625578165054 0.7785340547561646 
vt 0.5804100632667542 0.3215653896331787 
vt 0.5818743705749512 0.32290762662887573 
vt 0.5423376560211182 0.32717835903167725 
vt 0.5428257584571838 0.3297407925128937 
vt 0.5488050580024719 0.34706777334213257 
vt 0.5871215462684631 0.3408447206020355 
vt 0.5835827589035034 0.34377321600914 
vt 0.09095976501703262 0.8691956400871277 
vt 0.09571882337331772 0.870049774646759 
vt 0.05923274904489517 0.8835940957069397 
vt 0.06094112619757652 0.8871327042579651 
vt 0.10182017087936401 0.8876208066940308 
vt 0.06594423204660416 0.904825747013092 
vt 0.10279639065265656 0.8921355605125427 
vt 0.06850679963827133 0.9097065925598145 
vt 0.018719784915447235 0.9685207605361938 
vt 0.01554708182811737 0.9701070189476013 
vt 0.018719784915447235 0.9577828645706177 
vt 0.01554708182811737 0.9557085037231445 
vt 0.013838703744113445 0.9581489562988281 
vt 0.0033443819265812635 0.9579049348831177 
vt 0.0012699230574071407 0.9555864930152893 
vt 0.003222354920580983 0.96925288438797 
vt 0.0013919499469920993 0.9702290296554565 
vt 0.013838703744113445 0.96925288438797 
vt 0.32378727197647095 0.2880096137523651 
vt 0.3455080986022949 0.3022860884666443 
vt 0.31231674551963806 0.30802106857299805 
vt 0.3344036340713501 0.3214433789253235 
vt 0.30804580450057983 0.31522029638290405 
vt 0.33001065254211426 0.32852059602737427 
vt 0.31829607486724854 0.3471898138523102 
vt 0.5456323623657227 0.3651268780231476 
vt 0.5472187399864197 0.3684214651584625 
vt 0.5079260468482971 0.3693976104259491 
vt 0.5082920789718628 0.37342432141304016 
vt 0.5480729341506958 0.382209837436676 
vt 0.5090242624282837 0.3873347043991089 
vt 0.5462424755096436 0.38599246740341187 
vt 0.5095123648643494 0.39123937487602234 
vt 0.09376639127731323 0.9522919654846191 
vt 0.0874209851026535 0.9602233171463013 
vt 0.0519111268222332 0.9710831642150879 
vt 0.052765317261219025 0.973157525062561 
vt 0.040562618523836136 0.9698629379272461 
vt 0.03873221203684807 0.9716932773590088 
vt 0.03958640247583389 0.9735236167907715 
vt 0.038976266980171204 0.9795026183128357 
vt 0.037878021597862244 0.9812109470367432 
vt 0.05142302066087723 0.9808448553085327 
vt 0.052277207374572754 0.9827972054481506 
vt 0.05166707560420036 0.9748658537864685 
vt 0.3379424214363098 0.35902583599090576 
vt 0.3339155316352844 0.359147846698761 
vt 0.3610055148601532 0.3263242244720459 
vt 0.3574667274951935 0.3237617611885071 
vt 0.34440985321998596 0.3165625333786011 
vt 0.32098066806793213 0.35170456767082214 
vt 0.31902822852134705 0.3490201234817505 
vt 0.0004157339863013476 0.96913081407547 
vt 0.0001716800034046173 0.9590030908584595 
vt 0.09279017150402069 0.42076846957206726 
vt 0.09498666226863861 0.42357495427131653 
vt 0.06606625765562057 0.42076846957206726 
vt 0.06606625765562057 0.4245511293411255 
vt 0.09388841688632965 0.43321460485458374 
vt 0.06399179995059967 0.4354109764099121 
vt 0.09279017150402069 0.43614310026168823 
vt 0.0642358586192131 0.4388275742530823 
vt 0.6816924810409546 0.8473538756370544 
vt 0.6813263893127441 0.8450354933738708 
vt 0.7120772004127502 0.8482080101966858 
vt 0.7121992111206055 0.8449134826660156 
vt 0.6824246644973755 0.8242918848991394 
vt 0.7135415077209473 0.8241698741912842 
vt 0.6838889718055725 0.8218514919281006 
vt 0.713419497013092 0.820875346660614 
vt 0.20871582627296448 0.22638900578022003 
vt 0.20517703890800476 0.22760921716690063 
vt 0.19748933613300323 0.1933213174343109 
vt 0.19468271732330322 0.19368737936019897 
vt 0.17235177755355835 0.20198480784893036 
vt 0.18272407352924347 0.23615069687366486 
vt 0.17918528616428375 0.23712685704231262 
vt 0.0002937070094048977 0.9729135036468506 
vt 0.0015139769529923797 0.9708391427993774 
vt 0.0004157339863013476 0.9827972054481506 
vt 0.0018800579709932208 0.9848715662956238 
vt 0.003466408932581544 0.9831632375717163 
vt 0.0184757299721241 0.9826751947402954 
vt 0.020062081515789032 0.9843834638595581 
vt 0.018109649419784546 0.9720593690872192 
vt 0.019818026572465897 0.9702290296554565 
vt 0.003222354920580983 0.9723033905029297 
vt 0.1631997525691986 0.9215426445007324 
vt 0.15319353342056274 0.9335007071495056 
vt 0.1425771862268448 0.90677809715271 
vt 0.13208286464214325 0.9182480573654175 
vt 0.13574367761611938 0.9004330039024353 
vt 0.12512733042240143 0.9120250344276428 
vt 0.10816557705402374 0.8921355605125427 
vt 0.7496615052223206 0.1266978532075882 
vt 0.7496615052223206 0.19966641068458557 
vt 0.7256221771240234 0.1266978532075882 
vt 0.7256221771240234 0.19966641068458557 
vt 0.6067678928375244 0.6401622295379639 
vt 0.5200067162513733 0.6167342066764832 
vt 0.6060357093811035 0.6513881683349609 
vt 0.5209829211235046 0.6674949526786804 
vt 0.6098185777664185 0.6650545001029968 
vt 0.6122590899467468 0.7242347002029419 
vt 0.5341618061065674 0.7286274433135986 
vt 0.5446561574935913 0.7452223300933838 
vt 0.7733347415924072 0.15927746891975403 
vt 0.773212730884552 0.22114211320877075 
vt 0.7508817911148071 0.15927746891975403 
vt 0.7507597804069519 0.22102008759975433 
vt 0.13342516124248505 0.2766616642475128 
vt 0.13013043999671936 0.27812591195106506 
vt 0.12122246623039246 0.2506711781024933 
vt 0.11841583997011185 0.25054916739463806 
vt 0.09840341657400131 0.26055487990379333 
vt 0.11011800915002823 0.2883756756782532 
vt 0.10682328045368195 0.2897179126739502 
vt 0.13549962639808655 0.9644940495491028 
vt 0.13354718685150146 0.9668124318122864 
vt 0.13537760078907013 0.954732358455658 
vt 0.13342516124248505 0.9522919654846191 
vt 0.1318388134241104 0.9538782238960266 
vt 0.12707975506782532 0.9542442560195923 
vt 0.1256154328584671 0.95278000831604 
vt 0.1276898980140686 0.9653481841087341 
vt 0.1262255758047104 0.9670564532279968 
vt 0.13220489025115967 0.9652261734008789 
vt 0.13671989738941193 0.2453022599220276 
vt 0.13427935540676117 0.24871885776519775 
vt 0.12451719492673874 0.2129666954278946 
vt 0.12049030512571335 0.21455296874046326 
vt 0.124883271753788 0.2507932186126709 
vt 0.10950787365436554 0.21613924205303192 
vt 0.1208563819527626 0.24981704354286194 
vt 0.10560300946235657 0.217847540974617 
vt 0.12402908504009247 0.9548543691635132 
vt 0.12439516931772232 0.9644940495491028 
vt 0.38175010681152344 0.13499528169631958 
vt 0.38919374346733093 0.1836816668510437 
vt 0.3660086393356323 0.14121834933757782 
vt 0.3834584951400757 0.18465782701969147 
vt 0.3596632182598114 0.19612780213356018 
vt 0.3162216246128082 0.28276270627975464 
vt 0.33013269305229187 0.2897179126739502 
vt 0.33489173650741577 0.2927684485912323 
vt 0.36283591389656067 0.27629560232162476 
vt 0.3581989109516144 0.279102087020874 
vt 0.3822382092475891 0.24444812536239624 
vt 0.3793095648288727 0.24261780083179474 
vt 0.36686280369758606 0.2388351559638977 
vt 0.3472164571285248 0.2736111283302307 
vt 0.34709444642066956 0.26970645785331726 
vt 0.0006597880274057388 0.9880440831184387 
vt 0.003222354920580983 0.9867018461227417 
vt 0.0006597880274057388 0.9976837635040283 
vt 0.003222354920580983 0.9995140433311462 
vt 0.004564652219414711 0.9984158873558044 
vt 0.010666001588106155 0.9985378980636597 
vt 0.01213032566010952 0.9996361136436462 
vt 0.010543975047767162 0.9871899485588074 
vt 0.01213032566010952 0.9865798354148865 
vt 0.004686679225414991 0.9873119592666626 
vt 0.4122568666934967 0.6782327890396118 
vt 0.4085960388183594 0.6814053058624268 
vt 0.43226927518844604 0.6440668702125549 
vt 0.43019482493400574 0.6427246928215027 
vt 0.4128669798374176 0.6365016102790833 
vt 0.39151227474212646 0.6742060780525208 
vt 0.3917563259601593 0.6689592003822327 
vt 0.8721766471862793 0.49324893951416016 
vt 0.8655871748924255 0.4905644655227661 
vt 0.8691259622573853 0.4778742790222168 
vt 0.8544827103614807 0.49032044410705566 
vt 0.8616822957992554 0.4282117486000061 
vt 0.05593802034854889 0.9530240893363953 
vt 0.0539855882525444 0.9542442560195923 
vt 0.06264950335025787 0.9449706673622131 
vt 0.06362572312355042 0.9427742958068848 
vt 0.06069707125425339 0.9430183172225952 
vt 0.04886045306921005 0.9336227178573608 
vt 0.04861639812588692 0.9305722117424011 
vt 0.04202694073319435 0.9417981505393982 
vt 0.038976266980171204 0.9420421719551086 
vt 0.05374153330922127 0.951559841632843 
vt 0.11475503444671631 0.4623776376247406 
vt 0.11988016963005066 0.46555018424987793 
vt 0.0764385536313057 0.465916246175766 
vt 0.07692666351795197 0.4706750512123108 
vt 0.11988016963005066 0.48409736156463623 
vt 0.07595044374465942 0.48910021781921387 
vt 0.11585327237844467 0.48849013447761536 
vt 0.07656057924032211 0.49373701214790344 
vt 0.07155747711658478 0.9670564532279968 
vt 0.06789666414260864 0.9657142758369446 
vt 0.07790287584066391 0.9604673385620117 
vt 0.0771707147359848 0.956074595451355 
vt 0.07485220581293106 0.9563186168670654 
vt 0.06740855425596237 0.9489973783493042 
vt 0.06716450303792953 0.9465569257736206 
vt 0.05947680026292801 0.9571727514266968 
vt 0.058012478053569794 0.9565626978874207 
vt 0.06728652864694595 0.9643720388412476 
vt 0.5015805959701538 0.21943381428718567 
vt 0.5064616799354553 0.22285039722919464 
vt 0.5041431784629822 0.22541284561157227 
vt 0.5109767317771912 0.22968357801437378 
vt 0.9217196106910706 0.5545035004615784 
vt 0.9176927208900452 0.5792737603187561 
vt 0.8971921801567078 0.5534052848815918 
vt 0.8927991986274719 0.5780535340309143 
vt 0.8892604112625122 0.5520630478858948 
vt 0.8848674297332764 0.5765892863273621 
vt 0.8611941933631897 0.5691459774971008 
vt 0.4410552382469177 0.992192804813385 
vt 0.43837064504623413 0.9929249286651611 
vt 0.4367842972278595 0.9748658537864685 
vt 0.43373361229896545 0.9752318859100342 
vt 0.43861469626426697 0.9635178446769714 
vt 0.4355640113353729 0.9633958339691162 
vt 0.4380045533180237 0.9449706673622131 
vt 0.4347098171710968 0.9453367590904236 
vt 0.4361741542816162 0.9338667988777161 
vt 0.43287941813468933 0.9347209334373474 
vt 0.4259238839149475 0.9015312194824219 
vt 0.42214104533195496 0.9023853540420532 
vt 0.42275118827819824 0.8807876110076904 
vt 0.419578492641449 0.8810316920280457 
vt 0.4183582067489624 0.8596780300140381 
vt 0.4134771227836609 0.856993556022644 
vt 0.4128669798374176 0.825390100479126 
vt 0.40639957785606384 0.8255121111869812 
vt 0.40627753734588623 0.8156284093856812 
vt 0.3956611752510071 0.8155063986778259 
vt 0.397857666015625 0.7967151403427124 
vt 0.39468497037887573 0.795861005783081 
vt 0.4027387499809265 0.7854892611503601 
vt 0.39944401383399963 0.7845130562782288 
vt 0.40237265825271606 0.7640135288238525 
vt 0.43495386838912964 0.9937790632247925 
vt 0.4284864366054535 0.9743777513504028 
vt 0.42677807807922363 0.9631518125534058 
vt 0.4243375360965729 0.9466789960861206 
vt 0.42275118827819824 0.9371613264083862 
vt 0.4177480638027191 0.9058019518852234 
vt 0.41518551111221313 0.8813977241516113 
vt 0.4079859256744385 0.8572375774383545 
vt 0.39614930748939514 0.8264883160591125 
vt 0.39212241768836975 0.8153843879699707 
vt 0.42140889167785645 0.9643720388412476 
vt 0.41787010431289673 0.9477771520614624 
vt 0.4162837564945221 0.9381375312805176 
vt 0.41237887740135193 0.9065340757369995 
vt 0.4085960388183594 0.8820078372955322 
vt 0.40359294414520264 0.8602880835533142 
vt 0.3926105201244354 0.8269763588905334 
vt 0.4128669798374176 0.9680326581001282 
vt 0.4073757827281952 0.9498515129089355 
vt 0.4059114456176758 0.9388696551322937 
vt 0.4073757827281952 0.9042156934738159 
vt 0.4042030870914459 0.8823739290237427 
vt 0.40017619729042053 0.8607761859893799 
vt 0.419578492641449 0.9782823920249939 
vt 0.40993833541870117 0.9693748950958252 
vt 0.4039590358734131 0.9505836367607117 
vt 0.40237265825271606 0.9391136765480042 
vt 0.4039590358734131 0.9043377041816711 
vt 0.40090835094451904 0.8826179504394531 
vt 0.42421549558639526 0.9754759073257446 
vt 0.42958468198776245 0.9958534240722656 
vt 0.4258018434047699 0.9973176717758179 
vt 0.4229952394962311 0.9995140433311462 
vt 0.41652780771255493 0.9797466397285461 
vt 0.2436155378818512 0.4256493151187897 
vt 0.24581202864646912 0.42662546038627625 
vt 0.20493298768997192 0.436021089553833 
vt 0.20554311573505402 0.4384615123271942 
vt 0.24874067306518555 0.43858352303504944 
vt 0.20639730989933014 0.45139575004577637 
vt 0.2483745962381363 0.4415120482444763 
vt 0.2074955552816391 0.4546903073787689 
vt 0.4321472644805908 0.20967213809490204 
vt 0.42958468198776245 0.21284468472003937 
vt 0.3972475528717041 0.18258346617221832 
vt 0.3937087655067444 0.18355964124202728 
vt 0.38260430097579956 0.19844619929790497 
vt 0.4205546975135803 0.22895145416259766 
vt 0.4188463091850281 0.23078176379203796 
vt 0.23055864870548248 0.5010582804679871 
vt 0.22958244383335114 0.498373806476593 
vt 0.2642381191253662 0.4982517957687378 
vt 0.2641160786151886 0.49568936228752136 
vt 0.2599671483039856 0.4777522683143616 
vt 0.22640973329544067 0.48007068037986755 
vt 0.22848419845104218 0.4750678241252899 
vt 0.21798987686634064 0.4748237729072571 
vt 0.21762380003929138 0.47091910243034363 
vt 0.2533777058124542 0.4706750512123108 
vt 0.25557419657707214 0.4670144319534302 
vt 0.21725770831108093 0.4570086896419525 
vt 0.25508609414100647 0.4532260596752167 
vt 0.2170136570930481 0.45298200845718384 
vt 0.25215744972229004 0.44993147253990173 
vt 0.4641183316707611 0.2860572934150696 
vt 0.46375223994255066 0.2812984585762024 
vt 0.4775412976741791 0.3183928430080414 
vt 0.4798598289489746 0.3174166679382324 
vt 0.4952352046966553 0.3071669042110443 
vt 0.479737788438797 0.271902859210968 
vt 0.48388671875 0.27519741654396057 
vt 0.03385113179683685 0.9973176717758179 
vt 0.032630860805511475 0.999392032623291 
vt 0.03507140278816223 0.9868238568305969 
vt 0.0334850512444973 0.9842614531517029 
vt 0.030922483652830124 0.9864578247070312 
vt 0.023844918236136436 0.9864578247070312 
vt 0.021160323172807693 0.9838953614234924 
vt 0.02372289076447487 0.9970736503601074 
vt 0.02128235064446926 0.999392032623291 
vt 0.03055640310049057 0.9970736503601074 
vt 0.09095976501703262 0.9565626978874207 
vt 0.09340030699968338 0.9537562131881714 
vt 0.09193598479032516 0.9670564532279968 
vt 0.09401044249534607 0.96925288438797 
vt 0.09632895886898041 0.9669344425201416 
vt 0.10316246747970581 0.9666904211044312 
vt 0.10523692518472672 0.9690088033676147 
vt 0.10328449308872223 0.956074595451355 
vt 0.1058470606803894 0.9537562131881714 
vt 0.09608490020036697 0.9561966061592102 
vt 0.00419857120141387 0.222606360912323 
vt 0.0027342468965798616 0.2189457267522812 
vt 0.025065187364816666 0.2141869068145752 
vt 0.02421099878847599 0.21113638579845428 
vt 0.0018800579709932208 0.20796383917331696 
vt 0.022746674716472626 0.20149673521518707 
vt 0.0007818149751983583 0.20381513237953186 
vt 0.02128235064446926 0.19832418859004974 
vt 0.01896383799612522 0.9979277849197388 
vt 0.018231676891446114 0.9873119592666626 
vt 0.17589056491851807 0.9470450282096863 
vt 0.17650069296360016 0.9492413997650146 
vt 0.16942313313484192 0.9387475848197937 
vt 0.16747069358825684 0.9372833371162415 
vt 0.16698259115219116 0.9400898218154907 
vt 0.1550239473581314 0.9492413997650146 
vt 0.15197326242923737 0.9486312866210938 
vt 0.16124731302261353 0.9576608538627625 
vt 0.16088123619556427 0.9605893492698669 
vt 0.17357204854488373 0.948875367641449 
vt 0.04666396602988243 0.9319144487380981 
vt 0.03983045369386673 0.9399678111076355 
vt 0.07058125734329224 0.996829628944397 
vt 0.06667639315128326 0.9992700219154358 
vt 0.07021518051624298 0.9871899485588074 
vt 0.06631031632423401 0.9853596091270447 
vt 0.0642358586192131 0.9865798354148865 
vt 0.058500584214925766 0.9868238568305969 
vt 0.05654815584421158 0.9856036901473999 
vt 0.05886666849255562 0.9976837635040283 
vt 0.05691423639655113 0.9992700219154358 
vt 0.06460193544626236 0.9976837635040283 
vt 0.44117724895477295 0.2219962626695633 
vt 0.444227933883667 0.22126412391662598 
vt 0.44727861881256104 0.2478647083044052 
vt 0.449841171503067 0.24823077023029327 
vt 0.4646064341068268 0.21857966482639313 
vt 0.4700976610183716 0.245424285531044 
vt 0.46777912974357605 0.21809157729148865 
vt 0.47205010056495667 0.24383801221847534 
vt 0.0004157339863013476 0.9441165328025818 
vt 0.0015139769529923797 0.9421641826629639 
vt 0.0001716800034046173 0.9533901214599609 
vt 0.0012699230574071407 0.9554644823074341 
vt 0.003222354920580983 0.9535121321678162 
vt 0.016523297876119614 0.9537562131881714 
vt 0.018353702500462532 0.9554644823074341 
vt 0.01676735281944275 0.9439945220947266 
vt 0.018597757443785667 0.9422861933708191 
vt 0.0033443819265812635 0.9441165328025818 
vt 0.0416608601808548 0.18807442486286163 
vt 0.04275910183787346 0.19112494587898254 
vt 0.021648431196808815 0.19527365267276764 
vt 0.022014513611793518 0.1980801373720169 
vt 0.02652951143682003 0.20747575163841248 
vt 0.0484943725168705 0.20064258575439453 
vt 0.04959261417388916 0.20454725623130798 
vt 0.42226308584213257 0.8598000407218933 
vt 0.4232392907142639 0.8260002136230469 
vt 0.426656037569046 0.8262442350387573 
vt 0.4232392907142639 0.8152623772621155 
vt 0.426656037569046 0.8150182962417603 
vt 0.42092078924179077 0.7973252534866333 
vt 0.4239714443683624 0.7965931296348572 
vt 0.4171379506587982 0.785977303981781 
vt 0.4201886057853699 0.7858552932739258 
vt 0.41860225796699524 0.7679182291030884 
vt 0.42140889167785645 0.7681622505187988 
vt 0.4128669798374176 0.8156284093856812 
vt 0.41237887740135193 0.799155592918396 
vt 0.4121348261833191 0.7878076434135437 
vt 0.41518551111221313 0.7675521373748779 
vt 0.4068876802921295 0.7987895011901855 
vt 0.40774187445640564 0.7874415516853333 
vt 0.4055453836917877 0.76572185754776 
vt 0.4094502329826355 0.7664539813995361 
vt 0.15856271982192993 0.958759069442749 
vt 0.15209528803825378 0.9503396153450012 
vt 0.3073136508464813 0.3436512053012848 
vt 0.31158459186553955 0.34584757685661316 
vt 0.2908399999141693 0.3744004964828491 
vt 0.29193824529647827 0.3802574872970581 
vt 0.32586175203323364 0.3575615882873535 
vt 0.3069475591182709 0.39123937487602234 
vt 0.32988864183425903 0.3600020110607147 
vt 0.3125607967376709 0.38892099261283875 
vt 0.08034341782331467 0.17074742913246155 
vt 0.08205179870128632 0.17453008890151978 
vt 0.04397937282919884 0.18758633732795715 
vt 0.04568774998188019 0.18978270888328552 
vt 0.051056940108537674 0.20088662207126617 
vt 0.08961746841669083 0.18502388894557953 
vt 0.09108179807662964 0.18892855942249298 
vt 0.09047166258096695 0.9461908936500549 
vt 0.08998355269432068 0.9436284303665161 
vt 0.09803733229637146 0.9525359869003296 
vt 0.09974571317434311 0.9532681107521057 
vt 0.09925760328769684 0.950217604637146 
vt 0.1024303063750267 0.9468010067939758 
vt 0.1051148995757103 0.9472891092300415 
vt 0.09547476470470428 0.9404559135437012 
vt 0.09523071348667145 0.9382595419883728 
vt 0.09242409467697144 0.9438725113868713 
vt 0.021526405587792397 0.9701070189476013 
vt 0.024088971316814423 0.9681546688079834 
vt 0.02140437811613083 0.9804787635803223 
vt 0.0236008632928133 0.9831632375717163 
vt 0.025675322860479355 0.9810888767242432 
vt 0.03275289013981819 0.9814549684524536 
vt 0.034827347844839096 0.983651340007782 
vt 0.03299694135785103 0.970473051071167 
vt 0.03519342839717865 0.9685207605361938 
vt 0.02604140341281891 0.9703510403633118 
vt 0.03738991543650627 0.9708391427993774 
vt 0.037145860493183136 0.9812109470367432 
vt 0.10462678968906403 0.9446046352386475 
vt 0.09706111997365952 0.9387475848197937 
vt 0.019329918548464775 0.944238543510437 
vt 0.01908586546778679 0.9535121321678162 
vt 0.053863558918237686 0.9970736503601074 
vt 0.053375452756881714 0.9865798354148865 
vt 0.1208563819527626 0.9748658537864685 
vt 0.12305287271738052 0.9754759073257446 
vt 0.11036206036806107 0.9748658537864685 
vt 0.10755544155836105 0.9753538966178894 
vt 0.10950787365436554 0.9771842360496521 
vt 0.10950787365436554 0.9815769791603088 
vt 0.1071893572807312 0.9834073185920715 
vt 0.12097840756177902 0.9820650815963745 
vt 0.12280881404876709 0.9842614531517029 
vt 0.12110044062137604 0.9770622253417969 
vt 0.08925139158964157 0.9714492559432983 
vt 0.09047166258096695 0.9693748950958252 
vt 0.08839719742536545 0.9816989898681641 
vt 0.08949544280767441 0.983651340007782 
vt 0.09156990051269531 0.9827972054481506 
vt 0.10230828076601028 0.9832852482795715 
vt 0.10401665419340134 0.9843834638595581 
vt 0.10291841626167297 0.9721813797950745 
vt 0.10474881529808044 0.9703510403633118 
vt 0.09242409467697144 0.9714492559432983 
vt 0.0021241120994091034 0.7291155457496643 
vt 0.002002085093408823 0.7261870503425598 
vt 0.03299694135785103 0.728261411190033 
vt 0.03360707685351372 0.7260649800300598 
vt 0.032630860805511475 0.7073957920074463 
vt 0.0007818149751983583 0.7072737812995911 
vt 0.0009038419811986387 0.7043452858924866 
vt 0.22274893522262573 0.26604583859443665 
vt 0.2204304188489914 0.2698284983634949 
vt 0.2088378518819809 0.2285853922367096 
vt 0.20517703890800476 0.22992761433124542 
vt 0.20725150406360626 0.2739771902561188 
vt 0.1917540729045868 0.2339543104171753 
vt 0.20310257375240326 0.27275699377059937 
vt 0.18809325993061066 0.23541857302188873 
vt 0.18394434452056885 0.47518983483314514 
vt 0.17906326055526733 0.47287142276763916 
vt 0.21652555465698242 0.474457710981369 
vt 0.21652555465698242 0.47104111313819885 
vt 0.2129867672920227 0.4585949778556824 
vt 0.17772096395492554 0.4605472981929779 
vt 0.18138177692890167 0.4588390290737152 
vt 0.10694530606269836 0.9714492559432983 
vt 0.10682328045368195 0.9810888767242432 
vt 0.11988016963005066 0.9845054745674133 
vt 0.10950787365436554 0.9845054745674133 
vt 0.06155126169323921 0.8349077105522156 
vt 0.047030046582221985 0.8278304934501648 
vt 0.07143545150756836 0.8107475638389587 
vt 0.056792207062244415 0.8037923574447632 
vt 0.07546234130859375 0.8019620776176453 
vt 0.06094112619757652 0.7950068712234497 
vt 0.07338788360357285 0.7723109722137451 
vt 0.3760148286819458 0.0019923930522054434 
vt 0.4040810465812683 0.0012602669885382056 
vt 0.37625887989997864 0.011876094155013561 
vt 0.40432509779930115 0.011143968440592289 
vt 0.1256154328584671 0.9671785235404968 
vt 0.13562165200710297 0.9669344425201416 
vt 0.5488050580024719 0.35670745372772217 
vt 0.5693055987358093 0.35719552636146545 
vt 0.550391435623169 0.4067360460758209 
vt 0.5651566982269287 0.407102108001709 
vt 0.5453883409500122 0.5146026015281677 
vt 0.594565212726593 0.3586597740650177 
vt 0.602741003036499 0.359147846698761 
vt 0.6226314306259155 0.38526034355163574 
vt 0.6331257224082947 0.3768409192562103 
vt 0.631051242351532 0.3548771142959595 
vt 0.5395309925079346 0.5435215830802917 
vt 0.460701584815979 0.5370544791221619 
vt 0.4687553644180298 0.5075253844261169 
vt 0.07948923110961914 0.9044597148895264 
vt 0.09706111997365952 0.9200783967971802 
vt 0.07131341844797134 0.915319561958313 
vt 0.08900733292102814 0.9304502010345459 
vt 0.09584084898233414 0.9359411001205444 
vt 0.10401665419340134 0.9256913661956787 
vt 0.11463300883769989 0.9497295022010803 
vt 0.12329692393541336 0.9391136765480042 
vt 0.9984745383262634 0.616002082824707 
vt 0.9984745383262634 0.6206388473510742 
vt 0.9622325301170349 0.616002082824707 
vt 0.9622325301170349 0.6206388473510742 
vt 0.9622325301170349 0.6339391469955444 
vt 0.9983525276184082 0.6339391469955444 
vt 0.9983525276184082 0.6386979818344116 
vt 0.9622325301170349 0.6386979818344116 
vt 0.9678457975387573 0.6427246928215027 
vt 0.9638189077377319 0.6427246928215027 
vt 0.9622325301170349 0.6519982814788818 
vt 0.9638189077377319 0.6473614573478699 
vt 0.9984745383262634 0.6519982814788818 
vt 0.9678457975387573 0.6473614573478699 
vt 0.5311111807823181 0.11388564854860306 
vt 0.5283045172691345 0.11620404571294785 
vt 0.5323314070701599 0.08155008405447006 
vt 0.528670608997345 0.08142806589603424 
vt 0.5161018371582031 0.08228220790624619 
vt 0.5157357454299927 0.11693617701530457 
vt 0.5130511522293091 0.11449575424194336 
vt 0.9855397343635559 0.8737103939056396 
vt 0.9871260523796082 0.8680974245071411 
vt 0.9859057664871216 0.8019620776176453 
vt 0.9871260523796082 0.7357046604156494 
vt 0.9854176640510559 0.7302137017250061 
vt 0.6414235830307007 0.02041756361722946 
vt 0.6410574913024902 0.0161468293517828 
vt 0.6715642213821411 0.018221186473965645 
vt 0.6744928956031799 0.014194493182003498 
vt 0.6434980034828186 0.005286959931254387 
vt 0.6758351922035217 0.004554834216833115 
vt 0.6434980034828186 0.001016224967315793 
vt 0.6746149063110352 0.0011382460361346602 
vt 0.8515540361404419 0.45127370953559875 
vt 0.8517981171607971 0.4545682966709137 
vt 0.8129935264587402 0.454080194234848 
vt 0.8125054240226746 0.45652061700820923 
vt 0.8515540361404419 0.4750678241252899 
vt 0.8125054240226746 0.47702014446258545 
vt 0.8516761064529419 0.47897249460220337 
vt 0.8133596181869507 0.47994863986968994 
vt 0.020550189539790154 0.982309103012085 
vt 0.020306134596467018 0.9723033905029297 
vt 0.03958640247583389 0.9824311137199402 
vt 0.05032477527856827 0.9835293292999268 
vt 0.10731138288974762 0.9563186168670654 
vt 0.10633517056703568 0.9669344425201416 
vt 0.5656448006629944 0.3203451931476593 
vt 0.536968469619751 0.327056348323822 
vt 0.507071852684021 0.31461018323898315 
vt 0.5056074857711792 0.3658590018749237 
vt 0.48559507727622986 0.36732327938079834 
vt 0.4729042649269104 0.3635406196117401 
vt 0.4974316954612732 0.23956727981567383 
vt 0.4966995418071747 0.2315138876438141 
vt 0.5059735774993896 0.24188567698001862 
vt 0.5090242624282837 0.23480845987796783 
vt 0.6308072209358215 0.9106827974319458 
vt 0.6308072209358215 0.886522650718689 
vt 0.6607038378715515 0.9087304472923279 
vt 0.6604597568511963 0.8822518587112427 
vt 0.6591174602508545 0.8727342486381531 
vt 0.6294649243354797 0.8770049810409546 
vt 0.6519178748130798 0.8473538756370544 
vt 0.6226314306259155 0.8538209795951843 
vt 0.7358724474906921 0.20979414880275726 
vt 0.7325777411460876 0.21077032387256622 
vt 0.7359945178031921 0.20796383917331696 
vt 0.7325777411460876 0.2088179886341095 
vt 0.2545979619026184 0.7392432689666748 
vt 0.23226703703403473 0.749859094619751 
vt 0.24446973204612732 0.7239906787872314 
vt 0.223115012049675 0.7344844341278076 
vt 0.21542730927467346 0.7391212582588196 
vt 0.2245793342590332 0.7546179294586182 
vt 0.19614703953266144 0.7531536817550659 
vt 0.2048109620809555 0.7692604660987854 
vt 0.08485841751098633 0.9749878644943237 
vt 0.07534031569957733 0.9723033905029297 
vt 0.10633517056703568 0.29496482014656067 
vt 0.10828760266304016 0.2910601496696472 
vt 0.11414489895105362 0.32424986362457275 
vt 0.11731760203838348 0.323395699262619 
vt 0.1269577294588089 0.3179047703742981 
vt 0.11792773753404617 0.2867894172668457 
vt 0.1208563819527626 0.28715547919273376 
vt 0.01566910929977894 0.988288164138794 
vt 0.01566910929977894 0.9973176717758179 
vt 0.04483356326818466 0.4948351979255676 
vt 0.043003156781196594 0.49202874302864075 
vt 0.07350990921258926 0.4923948049545288 
vt 0.07314382493495941 0.48910021781921387 
vt 0.06948301941156387 0.47872844338417053 
vt 0.04044058918952942 0.48177897930145264 
vt 0.04275910183787346 0.4797046184539795 
vt 0.16747069358825684 0.46079134941101074 
vt 0.16637244820594788 0.45835092663764954 
vt 0.20517703890800476 0.45420220494270325 
vt 0.2046889364719391 0.4509076476097107 
vt 0.199929878115654 0.4409019351005554 
vt 0.16283367574214935 0.4485892653465271 
vt 0.1639319211244583 0.4450506567955017 
vt 0.021648431196808815 0.967300534248352 
vt 0.01969599910080433 0.9654701948165894 
vt 0.03153261914849281 0.9676665663719177 
vt 0.03275289013981819 0.9660803079605103 
vt 0.03128856420516968 0.9641279578208923 
vt 0.03153261914849281 0.9585149884223938 
vt 0.03299694135785103 0.9566847085952759 
vt 0.02079424262046814 0.9581489562988281 
vt 0.01957397349178791 0.9561966061592102 
vt 0.02079424262046814 0.9637619256973267 
vt 0.503288984298706 0.213088721036911 
vt 0.4988960325717926 0.21455296874046326 
vt 0.503411054611206 0.20967213809490204 
vt 0.498773992061615 0.2088179886341095 
vt 0.022136539220809937 0.9552204608917236 
vt 0.031410593539476395 0.9555864930152893 
vt 0.47205010056495667 0.24469216167926788 
vt 0.47998183965682983 0.2477426826953888 
vt 0.47180604934692383 0.25274553894996643 
vt 0.4796157777309418 0.25335565209388733 
vt 0.5081700682640076 0.25518596172332764 
vt 0.5113427639007568 0.2542097866535187 
vt 0.5092683434486389 0.25811445713043213 
vt 0.5126850605010986 0.2584805488586426 
vt 0.3396507799625397 0.18404772877693176 
vt 0.3427014648914337 0.1824614554643631 
vt 0.320126473903656 0.22553487122058868 
vt 0.3229331076145172 0.2268770933151245 
vt 0.33611202239990234 0.2315138876438141 
vt 0.355636328458786 0.1872202754020691 
vt 0.35783281922340393 0.18929462134838104 
vt 0.7499055862426758 0.27251294255256653 
vt 0.7488073110580444 0.26555776596069336 
vt 0.7513698935508728 0.27214688062667847 
vt 0.7507597804069519 0.2653137147426605 
vt 0.36954739689826965 0.8048905730247498 
vt 0.34831470251083374 0.8068429231643677 
vt 0.36820510029792786 0.7767037153244019 
vt 0.3424574136734009 0.7790220975875854 
vt 0.3677169978618622 0.7686503529548645 
vt 0.3419693112373352 0.7709687352180481 
vt 0.34282350540161133 0.7425378561019897 
vt 0.8115292191505432 0.37391239404678345 
vt 0.8068921566009521 0.4079562723636627 
vt 0.8216574192047119 0.4426102340221405 
vt 0.808234453201294 0.44590479135513306 
vt 0.8758374452590942 0.983651340007782 
vt 0.8835251331329346 0.9069001078605652 
vt 0.8914569020271301 0.999392032623291 
vt 0.9042696952819824 0.9101946949958801 
vt 0.9126895666122437 0.9097065925598145 
vt 0.8515540361404419 0.4822670519351959 
vt 0.8521642088890076 0.4845854341983795 
vt 0.812871515750885 0.481656938791275 
vt 0.812871515750885 0.48482948541641235 
vt 0.8142138123512268 0.5053290128707886 
vt 0.8533844351768494 0.5049629807472229 
vt 0.8526523113250732 0.5065492391586304 
vt 0.8770577311515808 0.9615655541419983 
vt 0.8149459362030029 0.9816989898681641 
vt 0.7891982793807983 0.9744997620582581 
vt 0.6906004548072815 0.9985378980636597 
vt 0.7627183794975281 0.9776723384857178 
vt 0.7401434183120728 0.967910647392273 
vt 0.7610100507736206 0.9729135036468506 
vt 0.7855374813079834 0.9698629379272461 
vt 0.8743730783462524 0.9982938766479492 
vt 0.2683870196342468 0.2963070571422577 
vt 0.2697293162345886 0.29960161447525024 
vt 0.23531770706176758 0.30448246002197266 
vt 0.2361719012260437 0.3082650899887085 
vt 0.272291898727417 0.3131459355354309 
vt 0.23861244320869446 0.322053462266922 
vt 0.27119365334510803 0.31692859530448914 
vt 0.23971067368984222 0.3258361220359802 
vt 0.4832765758037567 0.33547577261924744 
vt 0.4556984603404999 0.34230896830558777 
vt 0.4714399576187134 0.30985137820243835 
vt 0.444227933883667 0.3219314515590668 
vt 0.46777912974357605 0.30094385147094727 
vt 0.44056713581085205 0.3130239248275757 
vt 0.43312346935272217 0.2908160984516144 
vt 0.3951730728149414 0.5241202712059021 
vt 0.38797348737716675 0.5922079682350159 
vt 0.35380592942237854 0.5197274684906006 
vt 0.3468503952026367 0.5874491333961487 
vt 0.3132929503917694 0.5144805908203125 
vt 0.30487310886383057 0.5807380080223083 
vt 0.30548322200775146 0.5132603645324707 
vt 0.2898637652397156 0.5106979608535767 
vt 0.28913161158561707 0.6433347463607788 
vt 0.26802095770835876 0.5736607909202576 
vt 0.2853487730026245 0.5100878477096558 
vt 0.28559282422065735 0.6956817507743835 
vt 0.23055864870548248 0.6926312446594238 
vt 0.26179757714271545 0.5723185539245605 
vt 0.2782711982727051 0.5100878477096558 
vt 0.2700954079627991 0.5086236000061035 
vt 0.33208513259887695 0.7053214311599731 
vt 0.37247607111930847 0.7115445137023926 
vt 0.2873012125492096 0.7260649800300598 
vt 0.2279960960149765 0.7056875228881836 
vt 0.22763000428676605 0.696047842502594 
vt 0.17772096395492554 0.7026369571685791 
vt 0.17833110690116882 0.6980001926422119 
vt 0.12854407727718353 0.6836016774177551 
vt 0.13257098197937012 0.6772565841674805 
vt 0.11829381436109543 0.5569438934326172 
vt 0.13086259365081787 0.5565778613090515 
vt 0.1318388134241104 0.49324893951416016 
vt 0.13903839886188507 0.4936150014400482 
vt 0.1365978717803955 0.6722537279129028 
vt 0.13708597421646118 0.5563337802886963 
vt 0.13537760078907013 0.6705454587936401 
vt 0.1664944738149643 0.5579200983047485 
vt 0.1392824649810791 0.6710335612297058 
vt 0.19736731052398682 0.560848593711853 
vt 0.18345622718334198 0.6787208318710327 
vt 0.23568378388881683 0.5665835738182068 
vt 0.2156713604927063 0.6798190474510193 
vt 0.24471378326416016 0.5682918429374695 
vt 0.22262689471244812 0.6788429021835327 
vt 0.25496405363082886 0.5706102252006531 
vt 0.22470135986804962 0.6826255321502686 
vt 0.22848419845104218 0.6889706254005432 
vt 0.22409123182296753 0.6937294602394104 
vt 0.17857515811920166 0.6897027492523193 
vt 0.1719857007265091 0.4952012896537781 
vt 0.2046889364719391 0.49800774455070496 
vt 0.24605607986450195 0.5047188997268677 
vt 0.2526455521583557 0.505695104598999 
vt 0.25911298394203186 0.5064272284507751 
vt 0.14892259240150452 0.8169706463813782 
vt 0.12781192362308502 0.8079410791397095 
vt 0.1536816507577896 0.7993996143341064 
vt 0.13330313563346863 0.7908581495285034 
vt 0.12463922053575516 0.7881736755371094 
vt 0.11914800852537155 0.8052566647529602 
vt 0.10304044187068939 0.783292829990387 
vt 0.09669503569602966 0.8003758192062378 
vt 0.21664758026599884 0.6865302324295044 
vt 0.2149392068386078 0.6831136345863342 
vt 0.2196982502937317 0.6840897798538208 
vt 0.052765317261219025 0.9971956610679626 
vt 0.05008072406053543 0.9995140433311462 
vt 0.052643291652202606 0.986335813999176 
vt 0.05032477527856827 0.9840173721313477 
vt 0.04776221141219139 0.9862138032913208 
vt 0.04092869907617569 0.9860917329788208 
vt 0.03873221203684807 0.9835293292999268 
vt 0.04080666974186897 0.996707558631897 
vt 0.038366131484508514 0.9990260004997253 
vt 0.047640182077884674 0.9969516396522522 
vt 0.13488948345184326 0.4720172882080078 
vt 0.1324489414691925 0.4694548547267914 
vt 0.167226642370224 0.4665263295173645 
vt 0.1664944738149643 0.46262165904045105 
vt 0.16258960962295532 0.4491993486881256 
vt 0.12866611778736115 0.45615455508232117 
vt 0.12842205166816711 0.4532260596752167 
vt 0.14025866985321045 0.8652909398078918 
vt 0.11988016963005066 0.8546751141548157 
vt 0.1447736769914627 0.8518686294555664 
vt 0.125005304813385 0.8418629169464111 
vt 0.1160973310470581 0.8383243083953857 
vt 0.11097219586372375 0.8510144948959351 
vt 0.09498666226863861 0.8317351937294006 
vt 0.08888530731201172 0.8445473909378052 
vt 0.6199468374252319 0.31936901807785034 
vt 0.6223873496055603 0.3214433789253235 
vt 0.5884638428688049 0.3208332657814026 
vt 0.5887079238891602 0.3246159255504608 
vt 0.6222653388977051 0.3399905562400818 
vt 0.587731659412384 0.3430410921573639 
vt 0.6218992471694946 0.3431631028652191 
vt 0.5883418321609497 0.34767788648605347 
vt 0.7003626227378845 0.07313063740730286 
vt 0.6997524499893188 0.002236434957012534 
vt 0.7242798805236816 0.07288659363985062 
vt 0.7236697673797607 0.0021144140046089888 
vt 0.3677169978618622 0.7397313714027405 
vt 0.32866835594177246 0.7339963912963867 
vt 0.11792773753404617 0.4928828775882721 
vt 0.11170435696840286 0.5570659041404724 
vt 0.11097219586372375 0.4928828775882721 
vt 0.09510868787765503 0.4936150014400482 
vt 0.08217382431030273 0.5586522221565247 
vt 0.08681084960699081 0.4939810633659363 
vt 0.07863504439592361 0.49446913599967957 
vt 0.044101398438215256 0.4952012896537781 
vt 0.04141680523753166 0.5618247389793396 
vt 0.023966945707798004 0.4953233003616333 
vt 0.004442625213414431 0.4954453110694885 
vt 0.0942544937133789 0.669813334941864 
vt 0.12878814339637756 0.6938514709472656 
vt 0.07436409592628479 0.697390079498291 
vt 0.0416608601808548 0.6746941804885864 
vt 0.0011478960514068604 0.5613366365432739 
vt 0.039464373141527176 0.7027589678764343 
vt 0.002490192884579301 0.7031250596046448 
vt 0.0026122198905795813 0.675670325756073 
vt 0.1071893572807312 0.9643720388412476 
vt 0.10828760266304016 0.9618095755577087 
vt 0.10767746716737747 0.9734015464782715 
vt 0.10865367949008942 0.9743777513504028 
vt 0.11024003475904465 0.9735236167907715 
vt 0.11963611096143723 0.9734015464782715 
vt 0.12097840756177902 0.9741336703300476 
vt 0.1195140853524208 0.9636399149894714 
vt 0.12122246623039246 0.9618095755577087 
vt 0.11036206036806107 0.9635178446769714 
vt 0.020428162068128586 0.11705819517374039 
vt 0.008225462399423122 0.07862158119678497 
vt 0.009689785540103912 0.04128315672278404 
vt 0.013838703744113445 0.006263128016144037 
vt 0.9474672675132751 0.5676817297935486 
vt 0.9474672675132751 0.5159448385238647 
vt 0.9650391936302185 0.5684138536453247 
vt 0.9650391936302185 0.5166769623756409 
vt 0.12280881404876709 0.9637619256973267 
vt 0.12256476283073425 0.9721813797950745 
vt 0.725378155708313 0.05738992616534233 
vt 0.7255001664161682 0.0028465399518609047 
vt 0.7478311061859131 0.05738992616534233 
vt 0.7479531168937683 0.0028465399518609047 
vt 0.06277152895927429 0.9463129043579102 
vt 0.056182071566581726 0.9535121321678162 
vt 0.4177480638027191 0.23493048548698425 
vt 0.4201886057853699 0.23249006271362305 
vt 0.4256798326969147 0.2784919738769531 
vt 0.42958468198776245 0.277759850025177 
vt 0.43849265575408936 0.22931751608848572 
vt 0.44801077246665955 0.2771497368812561 
vt 0.44251954555511475 0.22992761433124542 
vt 0.4526478052139282 0.2760515511035919 
vt 0.16197948157787323 0.9405779242515564 
vt 0.1419670581817627 0.9519258737564087 
vt 0.141234889626503 0.9264234900474548 
vt 0.12866611778736115 0.9422861933708191 
vt 0.13366921246051788 0.9204444885253906 
vt 0.12158854305744171 0.9367952942848206 
vt 0.10889773815870285 0.9264234900474548 
vt 0.12000219523906708 0.4910525679588318 
vt 0.12183260172605515 0.48775798082351685 
vt 0.15038691461086273 0.4909305274486542 
vt 0.1494106948375702 0.48836809396743774 
vt 0.12512733042240143 0.47518983483314514 
vt 0.15038691461086273 0.4761660099029541 
vt 0.12537138164043427 0.47226133942604065 
vt 0.14892259240150452 0.47396960854530334 
vt 0.14489570260047913 0.13902197778224945 
vt 0.15185123682022095 0.15512874722480774 
vt 0.1378181427717209 0.14207249879837036 
vt 0.1447736769914627 0.15817926824092865 
vt 0.12939827144145966 0.17806869745254517 
vt 0.11756165325641632 0.1507359892129898 
vt 0.11048408597707748 0.15378651022911072 
vt 0.1221986785531044 0.18111921846866608 
vt 0.10450476408004761 0.1591554433107376 
vt 0.09754922240972519 0.16220596432685852 
vt 0.09034962952136993 0.16245000064373016 
vt 0.10023382306098938 0.16842903196811676 
vt 0.09730517119169235 0.17855678498744965 
vt 0.1071893572807312 0.16537851095199585 
vt 0.03580356389284134 0.9853596091270447 
vt 0.03592558950185776 0.9963415265083313 
vt 0.6897462606430054 0.025176383554935455 
vt 0.6890140771865845 0.04262538626790047 
vt 0.6881598830223083 0.05995236709713936 
vt 0.6880378723144531 0.08264827728271484 
vt 0.6797400712966919 0.09082368016242981 
vt 0.6885259747505188 0.0889933630824089 
vt 0.6892581582069397 0.09192187339067459 
vt 0.6907224655151367 0.13194476068019867 
vt 0.6937731504440308 0.16720882058143616 
vt 0.19151002168655396 0.8341755867004395 
vt 0.19687920808792114 0.8732223510742188 
vt 0.18479852378368378 0.8374701738357544 
vt 0.19395054876804352 0.8738324642181396 
vt 0.1815038025379181 0.8427171111106873 
vt 0.17796501517295837 0.8475978970527649 
vt 0.17698881030082703 0.8378362655639648 
vt 0.17576853930950165 0.8402766585350037 
vt 0.1618574559688568 0.8416188955307007 
vt 0.16222353279590607 0.8486961126327515 
vt 0.19736731052398682 0.908120334148407 
vt 0.190411776304245 0.874686598777771 
vt 0.1740601509809494 0.8600440621376038 
vt 0.16088123619556427 0.8599220514297485 
vt 0.16124731302261353 0.8800554871559143 
vt 0.17711083590984344 0.8909153938293457 
vt 0.17515839636325836 0.8781031966209412 
vt 0.16478610038757324 0.8945760130882263 
vt 0.1719857007265091 0.9088524580001831 
vt 0.18309015035629272 0.9027513861656189 
vt 0.1815038025379181 0.9215426445007324 
vt 0.19260825216770172 0.9131231904029846 
vt 0.1991977095603943 0.9133672714233398 
vt 0.20078407227993011 0.9132452011108398 
vt 0.2013942003250122 0.9083643555641174 
vt 0.20432284474372864 0.9087304472923279 
vt 0.20420081913471222 0.913977324962616 
vt 0.1816258281469345 0.8361279368400574 
vt 0.49316075444221497 0.2599447965621948 
vt 0.4907202124595642 0.25713831186294556 
vt 0.4993841350078583 0.25604012608528137 
vt 0.48962196707725525 0.2542097866535187 
vt 0.4898660182952881 0.25176939368247986 
vt 0.4914523959159851 0.24969501793384552 
vt 0.49438104033470154 0.24859683215618134 
vt 0.4982858896255493 0.24859683215618134 
vt 0.5023127794265747 0.24981704354286194 
vt 0.5057295560836792 0.2521354556083679 
vt 0.5081700682640076 0.25518596172332764 
vt 0.5092683434486389 0.25811445713043213 
vt 0.5089022517204285 0.26067692041397095 
vt 0.5071938633918762 0.26250723004341125 
vt 0.5041431784629822 0.26360541582107544 
vt 0.500360369682312 0.2634834051132202 
vt 0.49645549058914185 0.2622631788253784 
vt 0.5098784565925598 0.04616399481892586 
vt 0.48840171098709106 0.048482395708560944 
vt 0.5079260468482971 0.03798858821392059 
vt 0.49096426367759705 0.04396761581301689 
vt 0.5058515667915344 0.03310774639248848 
vt 0.4919404983520508 0.04286942631006241 
vt 0.4974316954612732 0.02322404645383358 
vt 0.4880356192588806 0.03689039871096611 
vt 0.4661927819252014 0.007483338005840778 
vt 0.4628980755805969 0.025542445480823517 
vt 0.4348318576812744 0.006629190873354673 
vt 0.43995699286460876 0.0272507406771183 
vt 0.4093282222747803 0.020661605522036552 
vt 0.4218969941139221 0.03774454444646835 
vt 0.39419686794281006 0.03701242059469223 
vt 0.41067051887512207 0.048116330057382584 
vt 0.3849228024482727 0.05763396993279457 
vt 0.4048132002353668 0.06275884807109833 
vt 0.38187214732170105 0.07849956303834915 
vt 0.4060334861278534 0.07947573065757751 
vt 0.38175010681152344 0.1141296923160553 
vt 0.4060334861278534 0.1129094809293747 
vt 0.3868752419948578 0.15927746891975403 
vt 0.4095722734928131 0.15537278354167938 
vt 0.39151227474212646 0.17184562981128693 
vt 0.408718079328537 0.16367021203041077 
vt 0.3993220031261444 0.18294954299926758 
vt 0.4135991632938385 0.16903914511203766 
vt 0.43788254261016846 0.2135768085718155 
vt 0.4461803734302521 0.19527365267276764 
vt 0.4574068486690521 0.2189457267522812 
vt 0.45765089988708496 0.1974700391292572 
vt 0.47680914402008057 0.21382084488868713 
vt 0.46973156929016113 0.19490759074687958 
vt 0.5023127794265747 0.19673791527748108 
vt 0.49035415053367615 0.18270549178123474 
vt 0.5076819658279419 0.18880654871463776 
vt 0.4919404983520508 0.1806311309337616 
vt 0.5114648342132568 0.1783127337694168 
vt 0.49035415053367615 0.17514018714427948 
vt 0.5132952332496643 0.14817355573177338 
vt 0.4894999563694 0.14792950451374054 
vt 0.5132952332496643 0.13401912152767181 
vt 0.4881576597690582 0.13475124537944794 
vt 0.5120749473571777 0.10546620190143585 
vt 0.48632726073265076 0.10583226382732391 
vt 0.5114648342132568 0.06947000324726105 
vt 0.48766955733299255 0.0698360726237297 
vt 0.4247036278247833 0.1519562005996704 
vt 0.4406891465187073 0.14975982904434204 
vt 0.42128685116767883 0.11156725138425827 
vt 0.43727239966392517 0.11034703999757767 
vt 0.42262914776802063 0.07947573065757751 
vt 0.43898075819015503 0.07849956303834915 
vt 0.4552103579044342 0.07654722034931183 
vt 0.4716840088367462 0.0733746811747551 
vt 0.473026305437088 0.14792950451374054 
vt 0.46985360980033875 0.1075405552983284 
vt 0.4566746950149536 0.1452450454235077 
vt 0.4532579183578491 0.10900481045246124 
vt 0.6585073471069336 0.37879323959350586 
vt 0.6644866466522217 0.3611001968383789 
vt 0.6727845072746277 0.38050153851509094 
vt 0.6718083024024963 0.36207637190818787 
vt 0.6866955757141113 0.3773289918899536 
vt 0.679007887840271 0.3603680729866028 
vt 0.699142336845398 0.36964166164398193 
vt 0.6852312684059143 0.3562193512916565 
vt 0.7086604237556458 0.3575615882873535 
vt 0.6895021796226501 0.3501183092594147 
vt 0.7140296101570129 0.34169885516166687 
vt 0.6909665465354919 0.34291908144950867 
vt 0.7070741057395935 0.32656824588775635 
vt 0.688770055770874 0.3358418345451355 
vt 0.6963357329368591 0.3154643476009369 
vt 0.6838889718055725 0.33022889494895935 
vt 0.6832787990570068 0.308997243642807 
vt 0.6772994995117188 0.32669028639793396 
vt 0.6690016388893127 0.30741095542907715 
vt 0.6699779033660889 0.325714111328125 
vt 0.6550905704498291 0.31046149134635925 
vt 0.6627783179283142 0.3274224102497101 
vt 0.6426438093185425 0.31827083230018616 
vt 0.6565549373626709 0.331571102142334 
vt 0.6330037117004395 0.3303509056568146 
vt 0.6522839665412903 0.3376721739768982 
vt 0.6277565360069275 0.3460915982723236 
vt 0.6508196592330933 0.3449934124946594 
vt 0.6345900297164917 0.36134424805641174 
vt 0.6530161499977112 0.3520706295967102 
vt 0.6453284025192261 0.372326135635376 
vt 0.6578972339630127 0.35768359899520874 
vt 0.4816902279853821 0.2593346834182739 
vt 0.48766955733299255 0.25823649764060974 
vt 0.48608317971229553 0.2650696635246277 
vt 0.4907202124595642 0.2621411681175232 
vt 0.4927946925163269 0.26958444714546204 
vt 0.4952352046966553 0.2651917040348053 
vt 0.5008484721183777 0.27214688062667847 
vt 0.500360369682312 0.266899973154068 
vt 0.5087802410125732 0.27214688062667847 
vt 0.505485475063324 0.266899973154068 
vt 0.5151256322860718 0.2698284983634949 
vt 0.5096343755722046 0.2653137147426605 
vt 0.5191525220870972 0.26543572545051575 
vt 0.512196958065033 0.26238521933555603 
vt 0.5214710235595703 0.2604328691959381 
vt 0.5126850605010986 0.2584805488586426 
vt 0.5197626352310181 0.2544538378715515 
vt 0.5113427639007568 0.2542097866535187 
vt 0.5132952332496643 0.24676652252674103 
vt 0.5081700682640076 0.24993906915187836 
vt 0.5059735774993896 0.24188567698001862 
vt 0.5035330653190613 0.2466444969177246 
vt 0.4974316954612732 0.23956727981567383 
vt 0.4981638789176941 0.24505822360515594 
vt 0.4892559051513672 0.2399333417415619 
vt 0.49291670322418213 0.24518024921417236 
vt 0.4831545352935791 0.2429838627576828 
vt 0.48888981342315674 0.24701055884361267 
vt 0.47998183965682983 0.2477426826953888 
vt 0.4865713119506836 0.25018310546875 
vt 0.4796157777309418 0.25335565209388733 
vt 0.48620522022247314 0.25408777594566345 
vt 0.5079260468482971 0.21809157729148865 
vt 0.5048753619194031 0.21613924205303192 
vt 0.5103665590286255 0.21138042211532593 
vt 0.503288984298706 0.213088721036911 
vt 0.503411054611206 0.20967213809490204 
vt 0.505485475063324 0.20662161707878113 
vt 0.5087802410125732 0.20479129254817963 
vt 0.5126850605010986 0.2046692669391632 
vt 0.5159798264503479 0.2064995914697647 
vt 0.5178102254867554 0.20955011248588562 
vt 0.5175661444664001 0.21321074664592743 
vt 0.5153696537017822 0.21650530397891998 
vt 0.5118308663368225 0.21821360290050507 
vt 0.6772994995117188 0.32669028639793396 
vt 0.6838889718055725 0.33022889494895935 
vt 0.670832097530365 0.34389522671699524 
vt 0.688770055770874 0.3358418345451355 
vt 0.6909665465354919 0.34291908144950867 
vt 0.6895021796226501 0.3501183092594147 
vt 0.6852312684059143 0.3562193512916565 
vt 0.679007887840271 0.3603680729866028 
vt 0.6718083024024963 0.36207637190818787 
vt 0.6644866466522217 0.3611001968383789 
vt 0.6578972339630127 0.35768359899520874 
vt 0.6530161499977112 0.3520706295967102 
vt 0.6508196592330933 0.3449934124946594 
vt 0.6522839665412903 0.3376721739768982 
vt 0.6565549373626709 0.331571102142334 
vt 0.6627783179283142 0.3274224102497101 
vt 0.6699779033660889 0.325714111328125 
vt 0.847893238067627 0.056169718503952026 
vt 0.8474051356315613 0.0023584559094160795 
vt 0.8503338098526001 0.0043107918463647366 
vt 0.9230619072914124 0.0017483510309830308 
vt 0.9230619072914124 0.004066749941557646 
vt 0.9957899451255798 0.0039447289891541 
vt 0.9233059287071228 0.05397333949804306 
vt 0.9960340261459351 0.05372929573059082 
vt 0.923427939414978 0.05629173666238785 
vt 0.9989627003669739 0.055681634694337845 
vt 0.8506998419761658 0.05409536138176918 
vt 0.9985966086387634 0.0018703719833865762 
vt 0.3079237639904022 0.4133251905441284 
vt 0.14562787115573883 0.8317351937294006 
vt 0.11927003413438797 0.8811537027359009 
vt 0.11438895016908646 0.9040936231613159 
vt 0.3390406668186188 0.7444902062416077 
vt 0.3071916103363037 0.9242271184921265 
vt 0.06643234193325043 0.42015835642814636 
vt 0.05203315615653992 0.8310030698776245 
vt 0.08815314620733261 0.7790220975875854 
vt 0.1379401683807373 0.889085054397583 
vt 0.23714812099933624 0.7264310717582703 
vt 0.05166707560420036 0.9054358601570129 
vt 0.05715828761458397 0.7625492811203003 
vt 0.07228963822126389 0.7712127566337585 
vt 0.6129912734031677 0.7437580227851868 
vt 0.7187886834144592 0.7912242412567139 
vt 0.8991445899009705 0.996829628944397 
vt 0.9438064694404602 0.5320516228675842 
vt 0.6519178748130798 0.8447914123535156 
vt 0.5367243885993958 0.3651268780231476 
vt 0.8024992346763611 0.35109448432922363 
vt 0.8057939410209656 0.879201352596283 
vt 0.23495163023471832 0.30326223373413086 
vt 0.7030472159385681 0.2322460263967514 
vt 0.99969482421875 0.573904812335968 
vt 0.06923896074295044 0.47641003131866455 
vt 0.08778706938028336 0.227365180850029 
vt 0.5494152307510376 0.3503623604774475 
vt 0.2955990433692932 0.3347436487674713 
vt 0.34074902534484863 0.3142441213130951 
vt 0.17015528678894043 0.20442523062229156 
vt 0.7585694789886475 0.8402766585350037 
vt 0.10267435759305954 0.3825758993625641 
vt 0.3645443022251129 0.2376149445772171 
vt 0.40981632471084595 0.634915292263031 
vt 0.865953266620636 0.5444977879524231 
vt 0.5117088556289673 0.41186094284057617 
vt 0.032020725309848785 0.7051994204521179 
vt 0.13000841438770294 0.31692859530448914 
vt 0.21274271607398987 0.45603254437446594 
vt 0.4982858896255493 0.3058246970176697 
vt 0.5124410390853882 0.0824042335152626 
vt 0.5639364123344421 0.5491345524787903 
vt 0.15246137976646423 0.4706750512123108 
vt 0.19895365834236145 0.43687522411346436 
vt 0.05081288516521454 0.2040591686964035 
vt 0.38260430097579956 0.2005205601453781 
vt 0.36417821049690247 0.740707516670227 
vt 0.3396507799625397 0.23310016095638275 
vt 0.814335823059082 0.5077694654464722 
vt 0.027993835508823395 0.21089234948158264 
vt 0.032020725309848785 0.2992355525493622 
vt 0.2599671483039856 0.4729934632778168 
vt 0.45679670572280884 0.2748313546180725 
vt 0.16161340475082397 0.44541671872138977 
vt 0.09632895886898041 0.26238521933555603 
vt 0.46704697608947754 0.6107551455497742 
vt 0.8915789127349854 0.49263882637023926 
vt 0.5281825065612793 0.7713348269462585 
vt 0.5270842909812927 0.9923148155212402 
vt 0.21115636825561523 0.9189801812171936 
vt 0.49242860078811646 0.6246655583381653 
vt 0.2422732412815094 0.848452091217041 
vt 0.5806541442871094 0.9112929105758667 
vt 0.40505725145339966 0.7625492811203003 
vt 0.7489293813705444 0.001016224967315793 
vt 0.004564652219414711 0.34511545300483704 
vt 0.40578943490982056 0.9779163599014282 
vt 0.9749233722686768 0.3227856159210205 
vt 0.9788281917572021 0.32254156470298767 
vt 0.976509690284729 0.33144909143447876 
vt 0.9788281917572021 0.32254156470298767 
vt 0.9824890494346619 0.32473793625831604 
vt 0.976509690284729 0.33144909143447876 
vt 0.9824890494346619 0.32473793625831604 
vt 0.9838313460350037 0.3297407925128937 
vt 0.976509690284729 0.33144909143447876 
vt 0.9838313460350037 0.3297407925128937 
vt 0.9837092757225037 0.3340115249156952 
vt 0.976509690284729 0.33144909143447876 
vt 0.9837092757225037 0.3340115249156952 
vt 0.9816348552703857 0.3377941846847534 
vt 0.976509690284729 0.33144909143447876 
vt 0.9816348552703857 0.3377941846847534 
vt 0.978096067905426 0.3399905562400818 
vt 0.976509690284729 0.33144909143447876 
vt 0.978096067905426 0.3399905562400818 
vt 0.9756554961204529 0.34096673130989075 
vt 0.976509690284729 0.33144909143447876 
vt 0.9756554961204529 0.34096673130989075 
vt 0.9726048707962036 0.33913642168045044 
vt 0.976509690284729 0.33144909143447876 
vt 0.9726048707962036 0.33913642168045044 
vt 0.9704083800315857 0.335231751203537 
vt 0.976509690284729 0.33144909143447876 
vt 0.9704083800315857 0.335231751203537 
vt 0.9690660834312439 0.32852059602737427 
vt 0.976509690284729 0.33144909143447876 
vt 0.4980418384075165 0.20015449821949005 
vt 0.5075599551200867 0.20015449821949005 
vt 0.5019466876983643 0.20332704484462738 
vt 0.5157357454299927 0.1938094049692154 
vt 0.5197626352310181 0.20296098291873932 
vt 0.5140273571014404 0.1999104619026184 
vt 0.5245217084884644 0.19905631244182587 
vt 0.5230574011802673 0.20845192670822144 
vt 0.5197626352310181 0.20296098291873932 
vt 0.5283045172691345 0.2172374427318573 
vt 0.5187864303588867 0.2202879637479782 
vt 0.5225692391395569 0.21491903066635132 
vt 0.5217151045799255 0.22419263422489166 
vt 0.5129291415214539 0.2232164591550827 
vt 0.5187864303588867 0.2202879637479782 
vt 0.5109767317771912 0.22968357801437378 
vt 0.5064616799354553 0.22285039722919464 
vt 0.5129291415214539 0.2232164591550827 
vt 0.5015805959701538 0.21943381428718567 
vt 0.49657750129699707 0.2077198028564453 
vt 0.4980418384075165 0.20015449821949005 
vt 0.5019466876983643 0.20332704484462738 
vt 0.5157357454299927 0.1938094049692154 
vt 0.5157357454299927 0.1938094049692154 
vt 0.5245217084884644 0.19905631244182587 
vt 0.5197626352310181 0.20296098291873932 
vt 0.5245217084884644 0.19905631244182587 
vt 0.5292807817459106 0.20747575163841248 
vt 0.5230574011802673 0.20845192670822144 
vt 0.5283045172691345 0.2172374427318573 
vt 0.5217151045799255 0.22419263422489166 
vt 0.5187864303588867 0.2202879637479782 
vt 0.5217151045799255 0.22419263422489166 
vt 0.5109767317771912 0.22968357801437378 
vt 0.5129291415214539 0.2232164591550827 
vt 0.5041431784629822 0.22541284561157227 
vt 0.49926212430000305 0.22089806199073792 
vt 0.5015805959701538 0.21943381428718567 
vt 0.9700422883033752 0.28947386145591736 
vt 0.9718726873397827 0.2850811183452606 
vt 0.9768757820129395 0.2915482223033905 
vt 0.9718726873397827 0.2850811183452606 
vt 0.9746792912483215 0.28227463364601135 
vt 0.9768757820129395 0.2915482223033905 
vt 0.9746792912483215 0.28227463364601135 
vt 0.9778519868850708 0.28166452050209045 
vt 0.9768757820129395 0.2915482223033905 
vt 0.9778519868850708 0.28166452050209045 
vt 0.9822449684143066 0.28471505641937256 
vt 0.9768757820129395 0.2915482223033905 
vt 0.9822449684143066 0.28471505641937256 
vt 0.9835872650146484 0.2884976863861084 
vt 0.9768757820129395 0.2915482223033905 
vt 0.9835872650146484 0.2884976863861084 
vt 0.983343243598938 0.2932565212249756 
vt 0.9768757820129395 0.2915482223033905 
vt 0.983343243598938 0.2932565212249756 
vt 0.9815127849578857 0.2976492643356323 
vt 0.9768757820129395 0.2915482223033905 
vt 0.9815127849578857 0.2976492643356323 
vt 0.9785841703414917 0.3005777895450592 
vt 0.9768757820129395 0.2915482223033905 
vt 0.9785841703414917 0.3005777895450592 
vt 0.9754114747047424 0.3011878728866577 
vt 0.9768757820129395 0.2915482223033905 
vt 0.96979820728302 0.29435470700263977 
vt 0.9700422883033752 0.28947386145591736 
vt 0.9768757820129395 0.2915482223033905 
vt 0.9733369946479797 0.30326223373413086 
vt 0.9773638844490051 0.3010658621788025 
vt 0.9746792912483215 0.31277987360954285 
vt 0.9773638844490051 0.3010658621788025 
vt 0.981756865978241 0.30545860528945923 
vt 0.9746792912483215 0.31277987360954285 
vt 0.981756865978241 0.30545860528945923 
vt 0.9839533567428589 0.31094956398010254 
vt 0.9746792912483215 0.31277987360954285 
vt 0.9839533567428589 0.31094956398010254 
vt 0.9839533567428589 0.31692859530448914 
vt 0.9746792912483215 0.31277987360954285 
vt 0.9839533567428589 0.31692859530448914 
vt 0.9815127849578857 0.32254156470298767 
vt 0.9746792912483215 0.31277987360954285 
vt 0.9815127849578857 0.32254156470298767 
vt 0.9768757820129395 0.3221755027770996 
vt 0.9746792912483215 0.31277987360954285 
vt 0.9768757820129395 0.3221755027770996 
vt 0.9729709029197693 0.3203451931476593 
vt 0.9746792912483215 0.31277987360954285 
vt 0.9729709029197693 0.3203451931476593 
vt 0.9702863097190857 0.3174166679382324 
vt 0.9746792912483215 0.31277987360954285 
vt 0.9702863097190857 0.3174166679382324 
vt 0.9688220024108887 0.31387805938720703 
vt 0.9746792912483215 0.31277987360954285 
vt 0.9688220024108887 0.31387805938720703 
vt 0.9688220024108887 0.3100954294204712 
vt 0.9746792912483215 0.31277987360954285 
vt 0.9688220024108887 0.3100954294204712 
vt 0.9702863097190857 0.30631276965141296 
vt 0.9746792912483215 0.31277987360954285 
vt 0.9702863097190857 0.30631276965141296 
vt 0.9733369946479797 0.30326223373413086 
vt 0.9746792912483215 0.31277987360954285 
vt 0.9837092757225037 0.6135616302490234 
vt 0.9824890494346619 0.6116092801094055 
vt 0.987858235836029 0.6112432479858398 
vt 0.9824890494346619 0.6116092801094055 
vt 0.9824890494346619 0.6097790002822876 
vt 0.987858235836029 0.6112432479858398 
vt 0.9824890494346619 0.6097790002822876 
vt 0.9837092757225037 0.6084367632865906 
vt 0.987858235836029 0.6112432479858398 
vt 0.9837092757225037 0.6084367632865906 
vt 0.9871260523796082 0.607338547706604 
vt 0.987858235836029 0.6112432479858398 
vt 0.9871260523796082 0.607338547706604 
vt 0.9895666241645813 0.6078266501426697 
vt 0.987858235836029 0.6112432479858398 
vt 0.9895666241645813 0.6078266501426697 
vt 0.991519033908844 0.6091688871383667 
vt 0.987858235836029 0.6112432479858398 
vt 0.991519033908844 0.6091688871383667 
vt 0.9927393198013306 0.6109992265701294 
vt 0.987858235836029 0.6112432479858398 
vt 0.9927393198013306 0.6109992265701294 
vt 0.9927393198013306 0.6128295063972473 
vt 0.987858235836029 0.6112432479858398 
vt 0.9927393198013306 0.6128295063972473 
vt 0.991519033908844 0.6142937541007996 
vt 0.987858235836029 0.6112432479858398 
vt 0.9856617450714111 0.6147818565368652 
vt 0.9837092757225037 0.6135616302490234 
vt 0.987858235836029 0.6112432479858398 
vt 0.9906648397445679 0.6068505048751831 
vt 0.9905428290367126 0.6052642464637756 
vt 0.9950578212738037 0.6057522892951965 
vt 0.9905428290367126 0.6052642464637756 
vt 0.9913970232009888 0.6037999391555786 
vt 0.9950578212738037 0.6057522892951965 
vt 0.9913970232009888 0.6037999391555786 
vt 0.9931053519248962 0.602823793888092 
vt 0.9950578212738037 0.6057522892951965 
vt 0.9931053519248962 0.602823793888092 
vt 0.9964001178741455 0.6024577617645264 
vt 0.9950578212738037 0.6057522892951965 
vt 0.9964001178741455 0.6024577617645264 
vt 0.9981085062026978 0.6031898856163025 
vt 0.9950578212738037 0.6057522892951965 
vt 0.9981085062026978 0.6031898856163025 
vt 0.9992067217826843 0.6044100522994995 
vt 0.9950578212738037 0.6057522892951965 
vt 0.9992067217826843 0.6044100522994995 
vt 0.9992067217826843 0.6059963703155518 
vt 0.9950578212738037 0.6057522892951965 
vt 0.9992067217826843 0.6059963703155518 
vt 0.9983525276184082 0.6075826287269592 
vt 0.9950578212738037 0.6057522892951965 
vt 0.9983525276184082 0.6075826287269592 
vt 0.996766209602356 0.6084367632865906 
vt 0.9950578212738037 0.6057522892951965 
vt 0.9917630553245544 0.6081927418708801 
vt 0.9906648397445679 0.6068505048751831 
vt 0.9950578212738037 0.6057522892951965 
s on 
f 1/1/1 2/2/2 3/3/3 
f 2/2/2 4/4/4 3/3/3 
f 3/3/3 4/4/4 5/5/5 
f 4/4/4 6/6/6 5/5/5 
f 5/5/5 6/6/6 7/7/7 
f 6/6/6 7/7/7 7/7/7 
f 7/7/7 7/7/7 8/8/8 
f 7/7/7 8/8/8 8/8/8 
f 8/8/8 8/8/8 8/8/8 
f 8/8/8 9/9/9 8/8/8 
f 8/8/8 9/9/9 10/10/10 
f 9/9/9 11/11/11 10/10/10 
f 10/10/10 11/11/11 12/12/12 
f 11/11/11 13/13/13 12/12/12 
f 12/12/12 13/13/13 14/14/14 
f 13/13/13 14/14/14 14/14/14 
f 14/14/14 14/14/14 15/15/15 
f 14/14/14 15/15/15 15/15/15 
f 15/15/15 15/15/15 15/15/15 
f 15/15/15 16/16/16 15/15/15 
f 15/15/15 16/16/16 17/17/17 
f 16/16/16 18/18/18 17/17/17 
f 17/17/17 18/18/18 18/18/18 
f 18/18/18 19/19/19 18/18/18 
f 18/18/18 19/19/19 19/19/19 
f 19/19/19 20/20/20 19/19/19 
f 19/19/19 20/20/20 21/21/21 
f 20/20/20 22/22/22 21/21/21 
f 21/21/21 22/22/22 23/23/23 
f 22/22/22 24/24/24 23/23/23 
f 23/23/23 24/24/24 24/24/24 
f 24/24/24 22/22/22 24/24/24 
f 24/24/24 22/22/22 25/25/25 
f 22/22/22 26/26/26 25/25/25 
f 25/25/25 26/26/26 26/26/26 
f 26/26/26 27/27/27 26/26/26 
f 26/26/26 27/27/27 27/27/27 
f 27/27/27 28/28/28 27/27/27 
f 27/27/27 28/28/28 29/29/29 
f 28/28/28 30/30/30 29/29/29 
f 29/29/29 30/30/30 31/31/31 
f 30/30/30 32/32/32 31/31/31 
f 31/31/31 32/32/32 33/33/33 
f 32/32/32 33/33/33 33/33/33 
f 33/33/33 33/33/33 34/34/34 
f 33/33/33 34/34/34 34/34/34 
f 34/34/34 34/34/34 34/34/34 
f 34/34/34 35/35/35 34/34/34 
f 34/34/34 35/35/35 36/36/36 
f 35/35/35 37/37/37 36/36/36 
f 36/36/36 37/37/37 38/38/38 
f 37/37/37 39/39/39 38/38/38 
f 38/38/38 39/39/39 40/40/40 
f 39/39/39 40/40/40 40/40/40 
f 40/40/40 40/40/40 39/39/39 
f 40/40/40 39/39/39 39/39/39 
f 39/39/39 39/39/39 39/39/39 
f 39/39/39 37/37/37 39/39/39 
f 39/39/39 37/37/37 41/41/41 
f 37/37/37 42/42/42 41/41/41 
f 41/41/41 42/42/42 43/43/43 
f 42/42/42 44/44/44 43/43/43 
f 43/43/43 44/44/44 45/45/45 
f 44/44/44 46/46/46 45/45/45 
f 45/45/45 46/46/46 47/47/47 
f 46/46/46 48/48/48 47/47/47 
f 47/47/47 48/48/48 49/49/49 
f 48/48/48 50/50/50 49/49/49 
f 49/49/49 50/50/50 51/51/51 
f 50/50/50 52/52/52 51/51/51 
f 51/51/51 52/52/52 40/40/40 
f 52/52/52 38/38/38 40/40/40 
f 40/40/40 38/38/38 38/38/38 
f 38/38/38 37/37/37 38/38/38 
f 38/38/38 37/37/37 37/37/37 
f 37/37/37 35/35/35 37/37/37 
f 37/37/37 35/35/35 42/42/42 
f 35/35/35 53/53/53 42/42/42 
f 42/42/42 53/53/53 44/44/44 
f 53/53/53 54/54/54 44/44/44 
f 44/44/44 54/54/54 46/46/46 
f 54/54/54 55/55/55 46/46/46 
f 46/46/46 55/55/55 48/48/48 
f 55/55/55 56/56/56 48/48/48 
f 48/48/48 56/56/56 50/50/50 
f 56/56/56 57/57/57 50/50/50 
f 50/50/50 57/57/57 52/52/52 
f 57/57/57 58/58/58 52/52/52 
f 52/52/52 58/58/58 38/38/38 
f 58/58/58 36/36/36 38/38/38 
f 38/38/38 36/36/36 36/36/36 
f 36/36/36 59/59/59 36/36/36 
f 36/36/36 59/59/59 59/59/59 
f 59/59/59 60/60/60 59/59/59 
f 59/59/59 60/60/60 61/61/61 
f 60/60/60 62/62/62 61/61/61 
f 61/61/61 62/62/62 63/63/63 
f 62/62/62 64/64/64 63/63/63 
f 63/63/63 64/64/64 64/64/64 
f 64/64/64 62/62/62 64/64/64 
f 64/64/64 62/62/62 65/65/65 
f 62/62/62 60/60/60 65/65/65 
f 65/65/65 60/60/60 66/66/66 
f 60/60/60 66/66/66 66/66/66 
f 66/66/66 66/66/66 67/67/67 
f 66/66/66 67/67/67 67/67/67 
f 67/67/67 67/67/67 67/67/67 
f 67/67/67 68/68/68 67/67/67 
f 67/67/67 68/68/68 69/69/69 
f 68/68/68 70/70/70 69/69/69 
f 69/69/69 70/70/70 70/70/70 
f 70/70/70 71/71/71 70/70/70 
f 70/70/70 71/71/71 71/71/71 
f 71/71/71 72/72/72 71/71/71 
f 71/71/71 72/72/72 73/73/73 
f 72/72/72 74/74/74 73/73/73 
f 73/73/73 74/74/74 74/74/74 
f 74/74/74 72/72/72 74/74/74 
f 74/74/74 72/72/72 75/75/75 
f 72/72/72 76/76/76 75/75/75 
f 75/75/75 76/76/76 77/77/77 
f 76/76/76 78/78/78 77/77/77 
f 77/77/77 78/78/78 78/78/78 
f 78/78/78 76/76/76 78/78/78 
f 78/78/78 76/76/76 76/76/76 
f 76/76/76 79/79/79 76/76/76 
f 76/76/76 79/79/79 78/78/78 
f 79/79/79 80/80/80 78/78/78 
f 78/78/78 80/80/80 81/81/81 
f 80/80/80 82/82/82 81/81/81 
f 81/81/81 82/82/82 82/82/82 
f 82/82/82 80/80/80 82/82/82 
f 82/82/82 80/80/80 83/83/83 
f 80/80/80 79/79/79 83/83/83 
f 83/83/83 79/79/79 84/84/84 
f 79/79/79 84/84/84 84/84/84 
f 84/84/84 84/84/84 84/84/84 
f 84/84/84 85/85/85 84/84/84 
f 84/84/84 85/85/85 83/83/83 
f 85/85/85 82/82/82 83/83/83 
f 83/83/83 82/82/82 82/82/82 
f 82/82/82 86/86/86 82/82/82 
f 82/82/82 86/86/86 86/86/86 
f 86/86/86 87/87/87 86/86/86 
f 86/86/86 87/87/87 88/88/88 
f 87/87/87 89/89/89 88/88/88 
f 88/88/88 89/89/89 89/89/89 
f 89/89/89 90/90/90 89/89/89 
f 89/89/89 90/90/90 90/90/90 
f 90/90/90 91/91/91 90/90/90 
f 90/90/90 91/91/91 92/92/92 
f 91/91/91 93/93/93 92/92/92 
f 92/92/92 93/93/93 93/93/93 
f 93/93/93 94/94/94 93/93/93 
f 93/93/93 94/94/94 94/94/94 
f 94/94/94 95/95/95 94/94/94 
f 94/94/94 95/95/95 96/96/96 
f 95/95/95 97/97/97 96/96/96 
f 96/96/96 97/97/97 97/97/97 
f 97/97/97 98/98/98 97/97/97 
f 97/97/97 98/98/98 98/98/98 
f 98/98/98 99/99/99 98/98/98 
f 98/98/98 99/99/99 100/100/100 
f 99/99/99 101/101/101 100/100/100 
f 100/100/100 101/101/101 102/102/102 
f 101/101/101 103/103/103 102/102/102 
f 102/102/102 103/103/103 104/104/104 
f 103/103/103 105/105/105 104/104/104 
f 104/104/104 105/105/105 106/106/106 
f 105/105/105 107/107/107 106/106/106 
f 106/106/106 107/107/107 108/108/108 
f 107/107/107 109/109/109 108/108/108 
f 108/108/108 109/109/109 109/109/109 
f 109/109/109 110/110/110 109/109/109 
f 109/109/109 110/110/110 110/110/110 
f 110/110/110 111/111/111 110/110/110 
f 110/110/110 111/111/111 112/112/112 
f 111/111/111 113/113/113 112/112/112 
f 112/112/112 113/113/113 113/113/113 
f 113/113/113 114/114/114 113/113/113 
f 113/113/113 114/114/114 114/114/114 
f 114/114/114 115/115/115 114/114/114 
f 114/114/114 115/115/115 116/116/116 
f 115/115/115 117/117/117 116/116/116 
f 116/116/116 117/117/117 118/118/118 
f 117/117/117 118/118/118 118/118/118 
f 118/118/118 118/118/118 119/119/119 
f 118/118/118 119/119/119 119/119/119 
f 119/119/119 119/119/119 119/119/119 
f 119/119/119 120/120/120 119/119/119 
f 119/119/119 120/120/120 121/121/121 
f 120/120/120 122/122/122 121/121/121 
f 121/121/121 122/122/122 123/123/123 
f 122/122/122 124/124/124 123/123/123 
f 123/123/123 124/124/124 125/125/125 
f 124/124/124 126/126/126 125/125/125 
f 125/125/125 126/126/126 126/126/126 
f 126/126/126 120/120/120 126/126/126 
f 126/126/126 120/120/120 120/120/120 
f 120/120/120 127/127/127 120/120/120 
f 120/120/120 127/127/127 122/122/122 
f 127/127/127 128/128/128 122/122/122 
f 122/122/122 128/128/128 124/124/124 
f 128/128/128 129/129/129 124/124/124 
f 124/124/124 129/129/129 126/126/126 
f 129/129/129 126/126/126 126/126/126 
f 126/126/126 126/126/126 130/130/130 
f 126/126/126 130/130/130 130/130/130 
f 130/130/130 130/130/130 130/130/130 
f 130/130/130 131/131/131 130/130/130 
f 130/130/130 131/131/131 132/132/132 
f 131/131/131 133/133/133 132/132/132 
f 132/132/132 133/133/133 133/133/133 
f 133/133/133 134/134/134 133/133/133 
f 133/133/133 134/134/134 134/134/134 
f 134/134/134 135/135/135 134/134/134 
f 134/134/134 135/135/135 136/136/136 
f 135/135/135 137/137/137 136/136/136 
f 136/136/136 137/137/137 137/137/137 
f 137/137/137 138/138/138 137/137/137 
f 137/137/137 138/138/138 138/138/138 
f 138/138/138 139/139/139 138/138/138 
f 138/138/138 139/139/139 140/140/140 
f 139/139/139 141/141/141 140/140/140 
f 140/140/140 141/141/141 142/142/142 
f 141/141/141 143/143/143 142/142/142 
f 142/142/142 143/143/143 144/144/144 
f 143/143/143 145/145/145 144/144/144 
f 144/144/144 145/145/145 146/146/146 
f 145/145/145 147/147/147 146/146/146 
f 146/146/146 147/147/147 147/147/147 
f 147/147/147 146/146/146 147/147/147 
f 147/147/147 146/146/146 146/146/146 
f 146/146/146 148/148/148 146/146/146 
f 146/146/146 148/148/148 144/144/144 
f 148/148/148 149/149/149 144/144/144 
f 144/144/144 149/149/149 142/142/142 
f 149/149/149 150/150/150 142/142/142 
f 142/142/142 150/150/150 151/151/151 
f 150/150/150 151/151/151 151/151/151 
f 151/151/151 151/151/151 152/152/152 
f 151/151/151 152/152/152 152/152/152 
f 152/152/152 152/152/152 152/152/152 
f 152/152/152 153/153/153 152/152/152 
f 152/152/152 153/153/153 154/154/154 
f 153/153/153 155/155/155 154/154/154 
f 154/154/154 155/155/155 155/155/155 
f 155/155/155 156/156/156 155/155/155 
f 155/155/155 156/156/156 156/156/156 
f 156/156/156 157/157/157 156/156/156 
f 156/156/156 157/157/157 158/158/158 
f 157/157/157 159/159/159 158/158/158 
f 158/158/158 159/159/159 143/143/143 
f 159/159/159 145/145/145 143/143/143 
f 143/143/143 145/145/145 145/145/145 
f 145/145/145 159/159/159 145/145/145 
f 145/145/145 159/159/159 159/159/159 
f 159/159/159 157/157/157 159/159/159 
f 159/159/159 157/157/157 145/145/145 
f 157/157/157 160/160/160 145/145/145 
f 145/145/145 160/160/160 147/147/147 
f 160/160/160 147/147/147 147/147/147 
f 147/147/147 147/147/147 141/141/141 
f 147/147/147 141/141/141 141/141/141 
f 141/141/141 141/141/141 141/141/141 
f 141/141/141 139/139/139 141/141/141 
f 141/141/141 139/139/139 143/143/143 
f 139/139/139 161/161/161 143/143/143 
f 143/143/143 161/161/161 158/158/158 
f 161/161/161 158/158/158 158/158/158 
f 158/158/158 158/158/158 162/162/162 
f 158/158/158 162/162/162 162/162/162 
f 162/162/162 162/162/162 162/162/162 
f 162/162/162 163/163/163 162/162/162 
f 162/162/162 163/163/163 164/164/164 
f 163/163/163 165/165/165 164/164/164 
f 164/164/164 165/165/165 165/165/165 
f 165/165/165 166/166/166 165/165/165 
f 165/165/165 166/166/166 166/166/166 
f 166/166/166 167/167/167 166/166/166 
f 166/166/166 167/167/167 168/168/168 
f 167/167/167 169/169/169 168/168/168 
f 168/168/168 169/169/169 170/170/170 
f 169/169/169 171/171/171 170/170/170 
f 170/170/170 171/171/171 172/172/172 
f 171/171/171 173/173/173 172/172/172 
f 172/172/172 173/173/173 174/174/174 
f 173/173/173 175/175/175 174/174/174 
f 174/174/174 175/175/175 176/176/176 
f 175/175/175 177/177/177 176/176/176 
f 176/176/176 177/177/177 177/177/177 
f 177/177/177 178/178/178 177/177/177 
f 177/177/177 178/178/178 178/178/178 
f 178/178/178 179/179/179 178/178/178 
f 178/178/178 179/179/179 180/180/180 
f 179/179/179 181/181/181 180/180/180 
f 180/180/180 181/181/181 181/181/181 
f 181/181/181 179/179/179 181/181/181 
f 181/181/181 179/179/179 179/179/179 
f 179/179/179 182/182/182 179/179/179 
f 179/179/179 182/182/182 181/181/181 
f 182/182/182 183/183/183 181/181/181 
f 181/181/181 183/183/183 184/184/184 
f 183/183/183 185/185/185 184/184/184 
f 184/184/184 185/185/185 186/186/186 
f 185/185/185 187/187/187 186/186/186 
f 186/186/186 187/187/187 179/179/179 
f 187/187/187 182/182/182 179/179/179 
f 179/179/179 182/182/182 182/182/182 
f 182/182/182 187/187/187 182/182/182 
f 182/182/182 187/187/187 187/187/187 
f 187/187/187 185/185/185 187/187/187 
f 187/187/187 185/185/185 182/182/182 
f 185/185/185 183/183/183 182/182/182 
f 182/182/182 183/183/183 183/183/183 
f 183/183/183 188/188/188 183/183/183 
f 183/183/183 188/188/188 188/188/188 
f 188/188/188 189/189/189 188/188/188 
f 188/188/188 189/189/189 190/190/190 
f 189/189/189 191/191/191 190/190/190 
f 190/190/190 191/191/191 192/192/192 
f 191/191/191 193/193/193 192/192/192 
f 192/192/192 193/193/193 194/194/194 
f 193/193/193 194/194/194 194/194/194 
f 194/194/194 194/194/194 195/195/195 
f 194/194/194 195/195/195 195/195/195 
f 195/195/195 195/195/195 195/195/195 
f 195/195/195 196/196/196 195/195/195 
f 195/195/195 196/196/196 197/197/197 
f 196/196/196 198/198/198 197/197/197 
f 197/197/197 198/198/198 199/199/199 
f 198/198/198 200/200/200 199/199/199 
f 199/199/199 200/200/200 200/200/200 
f 200/200/200 198/198/198 200/200/200 
f 200/200/200 198/198/198 201/201/201 
f 198/198/198 196/196/196 201/201/201 
f 201/201/201 196/196/196 202/202/202 
f 196/196/196 203/203/203 202/202/202 
f 202/202/202 203/203/203 204/204/204 
f 203/203/203 205/205/205 204/204/204 
f 204/204/204 205/205/205 206/206/206 
f 205/205/205 207/207/207 206/206/206 
f 206/206/206 207/207/207 208/208/208 
f 207/207/207 209/209/209 208/208/208 
f 208/208/208 209/209/209 210/210/210 
f 209/209/209 211/211/211 210/210/210 
f 210/210/210 211/211/211 212/212/212 
f 211/211/211 213/213/213 212/212/212 
f 212/212/212 213/213/213 214/214/214 
f 213/213/213 214/214/214 214/214/214 
f 214/214/214 214/214/214 206/206/206 
f 214/214/214 206/206/206 206/206/206 
f 206/206/206 206/206/206 206/206/206 
f 206/206/206 208/208/208 206/206/206 
f 206/206/206 208/208/208 215/215/215 
f 208/208/208 210/210/210 215/215/215 
f 215/215/215 210/210/210 216/216/216 
f 210/210/210 212/212/212 216/216/216 
f 216/216/216 212/212/212 214/214/214 
f 212/212/212 214/214/214 214/214/214 
f 214/214/214 214/214/214 217/217/217 
f 214/214/214 217/217/217 217/217/217 
f 217/217/217 217/217/217 217/217/217 
f 217/217/217 218/218/218 217/217/217 
f 217/217/217 218/218/218 219/219/219 
f 218/218/218 220/220/220 219/219/219 
f 219/219/219 220/220/220 220/220/220 
f 220/220/220 197/197/197 220/220/220 
f 220/220/220 197/197/197 197/197/197 
f 197/197/197 199/199/199 197/197/197 
f 197/197/197 199/199/199 221/221/221 
f 199/199/199 222/222/222 221/221/221 
f 221/221/221 222/222/222 222/222/222 
f 222/222/222 201/201/201 222/222/222 
f 222/222/222 201/201/201 201/201/201 
f 201/201/201 202/202/202 201/201/201 
f 201/201/201 202/202/202 200/200/200 
f 202/202/202 204/204/204 200/200/200 
f 200/200/200 204/204/204 204/204/204 
f 204/204/204 223/223/223 204/204/204 
f 204/204/204 223/223/223 223/223/223 
f 223/223/223 224/224/224 223/223/223 
f 223/223/223 224/224/224 225/225/225 
f 224/224/224 226/226/226 225/225/225 
f 225/225/225 226/226/226 226/226/226 
f 226/226/226 207/207/207 226/226/226 
f 226/226/226 207/207/207 207/207/207 
f 207/207/207 205/205/205 207/207/207 
f 207/207/207 205/205/205 209/209/209 
f 205/205/205 203/203/203 209/209/209 
f 209/209/209 203/203/203 227/227/227 
f 203/203/203 196/196/196 227/227/227 
f 227/227/227 196/196/196 196/196/196 
f 196/196/196 228/228/228 196/196/196 
f 196/196/196 228/228/228 228/228/228 
f 228/228/228 229/229/229 228/228/228 
f 228/228/228 229/229/229 230/230/230 
f 229/229/229 231/231/231 230/230/230 
f 230/230/230 231/231/231 231/231/231 
f 231/231/231 232/232/232 231/231/231 
f 231/231/231 232/232/232 232/232/232 
f 232/232/232 233/233/233 232/232/232 
f 232/232/232 233/233/233 234/234/234 
f 233/233/233 235/235/235 234/234/234 
f 234/234/234 235/235/235 235/235/235 
f 235/235/235 236/236/236 235/235/235 
f 235/235/235 236/236/236 236/236/236 
f 236/236/236 237/237/237 236/236/236 
f 236/236/236 237/237/237 238/238/238 
f 237/237/237 239/239/239 238/238/238 
f 238/238/238 239/239/239 239/239/239 
f 239/239/239 240/240/240 239/239/239 
f 239/239/239 240/240/240 240/240/240 
f 240/240/240 241/241/241 240/240/240 
f 240/240/240 241/241/241 242/242/242 
f 241/241/241 243/243/243 242/242/242 
f 242/242/242 243/243/243 243/243/243 
f 243/243/243 241/241/241 243/243/243 
f 243/243/243 241/241/241 244/244/244 
f 241/241/241 245/245/245 244/244/244 
f 244/244/244 245/245/245 246/246/246 
f 245/245/245 247/247/247 246/246/246 
f 246/246/246 247/247/247 247/247/247 
f 247/247/247 244/244/244 247/247/247 
f 247/247/247 244/244/244 244/244/244 
f 244/244/244 246/246/246 244/244/244 
f 244/244/244 246/246/246 243/243/243 
f 246/246/246 248/248/248 243/243/243 
f 243/243/243 248/248/248 248/248/248 
f 248/248/248 249/249/249 248/248/248 
f 248/248/248 249/249/249 249/249/249 
f 249/249/249 250/250/250 249/249/249 
f 249/249/249 250/250/250 251/251/251 
f 250/250/250 252/252/252 251/251/251 
f 251/251/251 252/252/252 252/252/252 
f 252/252/252 250/250/250 252/252/252 
f 252/252/252 250/250/250 250/250/250 
f 250/250/250 253/253/253 250/250/250 
f 250/250/250 253/253/253 252/252/252 
f 253/253/253 254/254/254 252/252/252 
f 252/252/252 254/254/254 254/254/254 
f 254/254/254 253/253/253 254/254/254 
f 254/254/254 253/253/253 255/255/255 
f 253/253/253 256/256/256 255/255/255 
f 255/255/255 256/256/256 257/257/257 
f 256/256/256 257/257/257 257/257/257 
f 257/257/257 257/257/257 255/255/255 
f 257/257/257 255/255/255 255/255/255 
f 255/255/255 255/255/255 255/255/255 
f 255/255/255 257/257/257 255/255/255 
f 255/255/255 257/257/257 258/258/258 
f 257/257/257 259/259/259 258/258/258 
f 258/258/258 259/259/259 260/260/260 
f 259/259/259 260/260/260 260/260/260 
f 260/260/260 260/260/260 258/258/258 
f 260/260/260 258/258/258 258/258/258 
f 258/258/258 258/258/258 258/258/258 
f 258/258/258 260/260/260 258/258/258 
f 258/258/258 260/260/260 261/261/261 
f 260/260/260 262/262/262 261/261/261 
f 261/261/261 262/262/262 262/262/262 
f 262/262/262 260/260/260 262/262/262 
f 262/262/262 260/260/260 260/260/260 
f 260/260/260 263/263/263 260/260/260 
f 260/260/260 263/263/263 262/262/262 
f 263/263/263 264/264/264 262/262/262 
f 262/262/262 264/264/264 265/265/265 
f 264/264/264 266/266/266 265/265/265 
f 265/265/265 266/266/266 267/267/267 
f 266/266/266 267/267/267 267/267/267 
f 267/267/267 267/267/267 265/265/265 
f 267/267/267 265/265/265 265/265/265 
f 265/265/265 265/265/265 265/265/265 
f 265/265/265 267/267/267 265/265/265 
f 265/265/265 267/267/267 268/268/268 
f 267/267/267 269/269/269 268/268/268 
f 268/268/268 269/269/269 269/269/269 
f 269/269/269 267/267/267 269/269/269 
f 269/269/269 267/267/267 267/267/267 
f 267/267/267 270/270/270 267/267/267 
f 267/267/267 270/270/270 269/269/269 
f 270/270/270 271/271/271 269/269/269 
f 269/269/269 271/271/271 271/271/271 
f 271/271/271 272/272/272 271/271/271 
f 271/271/271 272/272/272 272/272/272 
f 272/272/272 273/273/273 272/272/272 
f 272/272/272 273/273/273 274/274/274 
f 273/273/273 275/275/275 274/274/274 
f 274/274/274 275/275/275 276/276/276 
f 275/275/275 277/277/277 276/276/276 
f 276/276/276 277/277/277 278/278/278 
f 277/277/277 279/279/279 278/278/278 
f 278/278/278 279/279/279 279/279/279 
f 279/279/279 275/275/275 279/279/279 
f 279/279/279 275/275/275 275/275/275 
f 275/275/275 280/280/280 275/275/275 
f 275/275/275 280/280/280 277/277/277 
f 280/280/280 281/281/281 277/277/277 
f 277/277/277 281/281/281 279/279/279 
f 281/281/281 282/282/282 279/279/279 
f 279/279/279 282/282/282 282/282/282 
f 282/282/282 280/280/280 282/282/282 
f 282/282/282 280/280/280 280/280/280 
f 280/280/280 283/283/283 280/280/280 
f 280/280/280 283/283/283 281/281/281 
f 283/283/283 284/284/284 281/281/281 
f 281/281/281 284/284/284 285/285/285 
f 284/284/284 286/286/286 285/285/285 
f 285/285/285 286/286/286 287/287/287 
f 286/286/286 288/288/288 287/287/287 
f 287/287/287 288/288/288 289/289/289 
f 288/288/288 290/290/290 289/289/289 
f 289/289/289 290/290/290 291/291/291 
f 290/290/290 292/292/292 291/291/291 
f 291/291/291 292/292/292 293/293/293 
f 292/292/292 294/294/294 293/293/293 
f 293/293/293 294/294/294 294/294/294 
f 294/294/294 283/283/283 294/294/294 
f 294/294/294 283/283/283 283/283/283 
f 283/283/283 295/295/295 283/283/283 
f 283/283/283 295/295/295 284/284/284 
f 295/295/295 296/296/296 284/284/284 
f 284/284/284 296/296/296 286/286/286 
f 296/296/296 297/297/297 286/286/286 
f 286/286/286 297/297/297 288/288/288 
f 297/297/297 298/298/298 288/288/288 
f 288/288/288 298/298/298 290/290/290 
f 298/298/298 299/299/299 290/290/290 
f 290/290/290 299/299/299 292/292/292 
f 299/299/299 300/300/300 292/292/292 
f 292/292/292 300/300/300 294/294/294 
f 300/300/300 301/301/301 294/294/294 
f 294/294/294 301/301/301 302/302/302 
f 301/301/301 303/303/303 302/302/302 
f 302/302/302 303/303/303 303/303/303 
f 303/303/303 301/301/301 303/303/303 
f 303/303/303 301/301/301 301/301/301 
f 301/301/301 300/300/300 301/301/301 
f 301/301/301 300/300/300 304/304/304 
f 300/300/300 299/299/299 304/304/304 
f 304/304/304 299/299/299 305/305/305 
f 299/299/299 298/298/298 305/305/305 
f 305/305/305 298/298/298 306/306/306 
f 298/298/298 297/297/297 306/306/306 
f 306/306/306 297/297/297 307/307/307 
f 297/297/297 296/296/296 307/307/307 
f 307/307/307 296/296/296 308/308/308 
f 296/296/296 295/295/295 308/308/308 
f 308/308/308 295/295/295 309/309/309 
f 295/295/295 310/310/310 309/309/309 
f 309/309/309 310/310/310 311/311/311 
f 310/310/310 312/312/312 311/311/311 
f 311/311/311 312/312/312 313/313/313 
f 312/312/312 314/314/314 313/313/313 
f 313/313/313 314/314/314 314/314/314 
f 314/314/314 295/295/295 314/314/314 
f 314/314/314 295/295/295 295/295/295 
f 295/295/295 283/283/283 295/295/295 
f 295/295/295 283/283/283 310/310/310 
f 283/283/283 315/315/315 310/310/310 
f 310/310/310 315/315/315 312/312/312 
f 315/315/315 316/316/316 312/312/312 
f 312/312/312 316/316/316 317/317/317 
f 316/316/316 318/318/318 317/317/317 
f 317/317/317 318/318/318 319/319/319 
f 318/318/318 320/320/320 319/319/319 
f 319/319/319 320/320/320 321/321/321 
f 320/320/320 322/322/322 321/321/321 
f 321/321/321 322/322/322 323/323/323 
f 322/322/322 324/324/324 323/323/323 
f 323/323/323 324/324/324 325/325/325 
f 324/324/324 326/326/326 325/325/325 
f 325/325/325 326/326/326 327/327/327 
f 326/326/326 328/328/328 327/327/327 
f 327/327/327 328/328/328 328/328/328 
f 328/328/328 283/283/283 328/328/328 
f 328/328/328 283/283/283 283/283/283 
f 283/283/283 280/280/280 283/283/283 
f 283/283/283 280/280/280 315/315/315 
f 280/280/280 329/329/329 315/315/315 
f 315/315/315 329/329/329 316/316/316 
f 329/329/329 330/330/330 316/316/316 
f 316/316/316 330/330/330 318/318/318 
f 330/330/330 320/320/320 318/318/318 
f 318/318/318 320/320/320 320/320/320 
f 320/320/320 280/280/280 320/320/320 
f 320/320/320 280/280/280 280/280/280 
f 280/280/280 275/275/275 280/280/280 
f 280/280/280 275/275/275 329/329/329 
f 275/275/275 331/331/331 329/329/329 
f 329/329/329 331/331/331 330/330/330 
f 331/331/331 332/332/332 330/330/330 
f 330/330/330 332/332/332 320/320/320 
f 332/332/332 322/322/322 320/320/320 
f 320/320/320 322/322/322 322/322/322 
f 322/322/322 275/275/275 322/322/322 
f 322/322/322 275/275/275 275/275/275 
f 275/275/275 273/273/273 275/275/275 
f 275/275/275 273/273/273 331/331/331 
f 273/273/273 333/333/333 331/331/331 
f 331/331/331 333/333/333 332/332/332 
f 333/333/333 334/334/334 332/332/332 
f 332/332/332 334/334/334 322/322/322 
f 334/334/334 324/324/324 322/322/322 
f 322/322/322 324/324/324 324/324/324 
f 324/324/324 273/273/273 324/324/324 
f 324/324/324 273/273/273 273/273/273 
f 273/273/273 335/335/335 273/273/273 
f 273/273/273 335/335/335 333/333/333 
f 335/335/335 336/336/336 333/333/333 
f 333/333/333 336/336/336 334/334/334 
f 336/336/336 337/337/337 334/334/334 
f 334/334/334 337/337/337 324/324/324 
f 337/337/337 338/338/338 324/324/324 
f 324/324/324 338/338/338 339/339/339 
f 338/338/338 339/339/339 339/339/339 
f 339/339/339 339/339/339 335/335/335 
f 339/339/339 335/335/335 335/335/335 
f 335/335/335 335/335/335 335/335/335 
f 335/335/335 340/340/340 335/335/335 
f 335/335/335 340/340/340 336/336/336 
f 340/340/340 341/341/341 336/336/336 
f 336/336/336 341/341/341 337/337/337 
f 341/341/341 342/342/342 337/337/337 
f 337/337/337 342/342/342 338/338/338 
f 342/342/342 343/343/343 338/338/338 
f 338/338/338 343/343/343 343/343/343 
f 343/343/343 340/340/340 343/343/343 
f 343/343/343 340/340/340 340/340/340 
f 340/340/340 344/344/344 340/340/340 
f 340/340/340 344/344/344 341/341/341 
f 344/344/344 345/345/345 341/341/341 
f 341/341/341 345/345/345 342/342/342 
f 345/345/345 346/346/346 342/342/342 
f 342/342/342 346/346/346 343/343/343 
f 346/346/346 347/347/347 343/343/343 
f 343/343/343 347/347/347 348/348/348 
f 347/347/347 349/349/349 348/348/348 
f 348/348/348 349/349/349 350/350/350 
f 349/349/349 350/350/350 350/350/350 
f 350/350/350 350/350/350 344/344/344 
f 350/350/350 344/344/344 344/344/344 
f 344/344/344 344/344/344 344/344/344 
f 344/344/344 351/351/351 344/344/344 
f 344/344/344 351/351/351 345/345/345 
f 351/351/351 352/352/352 345/345/345 
f 345/345/345 352/352/352 346/346/346 
f 352/352/352 347/347/347 346/346/346 
f 346/346/346 347/347/347 347/347/347 
f 347/347/347 352/352/352 347/347/347 
f 347/347/347 352/352/352 352/352/352 
f 352/352/352 353/353/353 352/352/352 
f 352/352/352 353/353/353 347/347/347 
f 353/353/353 354/354/354 347/347/347 
f 347/347/347 354/354/354 349/349/349 
f 354/354/354 349/349/349 349/349/349 
f 349/349/349 349/349/349 355/355/355 
f 349/349/349 355/355/355 355/355/355 
f 355/355/355 355/355/355 355/355/355 
f 355/355/355 356/356/356 355/355/355 
f 355/355/355 356/356/356 357/357/357 
f 356/356/356 358/358/358 357/357/357 
f 357/357/357 358/358/358 359/359/359 
f 358/358/358 360/360/360 359/359/359 
f 359/359/359 360/360/360 360/360/360 
f 360/360/360 356/356/356 360/360/360 
f 360/360/360 356/356/356 356/356/356 
f 356/356/356 361/361/361 356/356/356 
f 356/356/356 361/361/361 358/358/358 
f 361/361/361 362/362/362 358/358/358 
f 358/358/358 362/362/362 360/360/360 
f 362/362/362 360/360/360 360/360/360 
f 360/360/360 360/360/360 361/361/361 
f 360/360/360 361/361/361 361/361/361 
f 361/361/361 361/361/361 361/361/361 
f 361/361/361 363/363/363 361/361/361 
f 361/361/361 363/363/363 362/362/362 
f 363/363/363 364/364/364 362/362/362 
f 362/362/362 364/364/364 364/364/364 
f 364/364/364 303/303/303 364/364/364 
f 364/364/364 303/303/303 303/303/303 
f 303/303/303 301/301/301 303/303/303 
f 303/303/303 301/301/301 365/365/365 
f 301/301/301 366/366/366 365/365/365 
f 365/365/365 366/366/366 367/367/367 
f 366/366/366 368/368/368 367/367/367 
f 367/367/367 368/368/368 368/368/368 
f 368/368/368 301/301/301 368/368/368 
f 368/368/368 301/301/301 301/301/301 
f 301/301/301 304/304/304 301/301/301 
f 301/301/301 304/304/304 366/366/366 
f 304/304/304 369/369/369 366/366/366 
f 366/366/366 369/369/369 368/368/368 
f 369/369/369 368/368/368 368/368/368 
f 368/368/368 368/368/368 370/370/370 
f 368/368/368 370/370/370 370/370/370 
f 370/370/370 370/370/370 370/370/370 
f 370/370/370 371/371/371 370/370/370 
f 370/370/370 371/371/371 372/372/372 
f 371/371/371 373/373/373 372/372/372 
f 372/372/372 373/373/373 373/373/373 
f 373/373/373 317/317/317 373/373/373 
f 373/373/373 317/317/317 317/317/317 
f 317/317/317 374/374/374 317/317/317 
f 317/317/317 374/374/374 312/312/312 
f 374/374/374 314/314/314 312/312/312 
f 312/312/312 314/314/314 314/314/314 
f 314/314/314 350/350/350 314/314/314 
f 314/314/314 350/350/350 350/350/350 
f 350/350/350 375/375/375 350/350/350 
f 350/350/350 375/375/375 348/348/348 
f 375/375/375 376/376/376 348/348/348 
f 348/348/348 376/376/376 377/377/377 
f 376/376/376 377/377/377 377/377/377 
f 377/377/377 377/377/377 378/378/378 
f 377/377/377 378/378/378 378/378/378 
f 378/378/378 378/378/378 378/378/378 
f 378/378/378 379/379/379 378/378/378 
f 378/378/378 379/379/379 380/380/380 
f 379/379/379 381/381/381 380/380/380 
f 380/380/380 381/381/381 382/382/382 
f 381/381/381 383/383/383 382/382/382 
f 382/382/382 383/383/383 384/384/384 
f 383/383/383 385/385/385 384/384/384 
f 384/384/384 385/385/385 386/386/386 
f 385/385/385 387/387/387 386/386/386 
f 386/386/386 387/387/387 388/388/388 
f 387/387/387 389/389/389 388/388/388 
f 388/388/388 389/389/389 390/390/390 
f 389/389/389 391/391/391 390/390/390 
f 390/390/390 391/391/391 392/392/392 
f 391/391/391 393/393/393 392/392/392 
f 392/392/392 393/393/393 394/394/394 
f 393/393/393 394/394/394 394/394/394 
f 394/394/394 394/394/394 388/388/388 
f 394/394/394 388/388/388 388/388/388 
f 388/388/388 388/388/388 388/388/388 
f 388/388/388 390/390/390 388/388/388 
f 388/388/388 390/390/390 395/395/395 
f 390/390/390 392/392/392 395/395/395 
f 395/395/395 392/392/392 396/396/396 
f 392/392/392 394/394/394 396/396/396 
f 396/396/396 394/394/394 397/397/397 
f 394/394/394 398/398/398 397/397/397 
f 397/397/397 398/398/398 399/399/399 
f 398/398/398 399/399/399 399/399/399 
f 399/399/399 399/399/399 399/399/399 
f 399/399/399 400/400/400 399/399/399 
f 399/399/399 400/400/400 397/397/397 
f 400/400/400 401/401/401 397/397/397 
f 397/397/397 401/401/401 396/396/396 
f 401/401/401 402/402/402 396/396/396 
f 396/396/396 402/402/402 395/395/395 
f 402/402/402 403/403/403 395/395/395 
f 395/395/395 403/403/403 404/404/404 
f 403/403/403 405/405/405 404/404/404 
f 404/404/404 405/405/405 406/406/406 
f 405/405/405 406/406/406 406/406/406 
f 406/406/406 406/406/406 406/406/406 
f 406/406/406 407/407/407 406/406/406 
f 406/406/406 407/407/407 404/404/404 
f 407/407/407 408/408/408 404/404/404 
f 404/404/404 408/408/408 395/395/395 
f 408/408/408 388/388/388 395/395/395 
f 395/395/395 388/388/388 388/388/388 
f 388/388/388 408/408/408 388/388/388 
f 388/388/388 408/408/408 386/386/386 
f 408/408/408 409/409/409 386/386/386 
f 386/386/386 409/409/409 384/384/384 
f 409/409/409 384/384/384 384/384/384 
f 384/384/384 384/384/384 410/410/410 
f 384/384/384 410/410/410 410/410/410 
f 410/410/410 410/410/410 410/410/410 
f 410/410/410 357/357/357 410/410/410 
f 410/410/410 357/357/357 411/411/411 
f 357/357/357 359/359/359 411/411/411 
f 411/411/411 359/359/359 359/359/359 
f 359/359/359 412/412/412 359/359/359 
f 359/359/359 412/412/412 412/412/412 
f 412/412/412 413/413/413 412/412/412 
f 412/412/412 413/413/413 414/414/414 
f 413/413/413 415/415/415 414/414/414 
f 414/414/414 415/415/415 416/416/416 
f 415/415/415 417/417/417 416/416/416 
f 416/416/416 417/417/417 418/418/418 
f 417/417/417 419/419/419 418/418/418 
f 418/418/418 419/419/419 420/420/420 
f 419/419/419 421/421/421 420/420/420 
f 420/420/420 421/421/421 422/422/422 
f 421/421/421 423/423/423 422/422/422 
f 422/422/422 423/423/423 424/424/424 
f 423/423/423 424/424/424 424/424/424 
f 424/424/424 424/424/424 413/413/413 
f 424/424/424 413/413/413 413/413/413 
f 413/413/413 413/413/413 413/413/413 
f 413/413/413 425/425/425 413/413/413 
f 413/413/413 425/425/425 415/415/415 
f 425/425/425 426/426/426 415/415/415 
f 415/415/415 426/426/426 417/417/417 
f 426/426/426 427/427/427 417/417/417 
f 417/417/417 427/427/427 428/428/428 
f 427/427/427 429/429/429 428/428/428 
f 428/428/428 429/429/429 421/421/421 
f 429/429/429 430/430/430 421/421/421 
f 421/421/421 430/430/430 423/423/423 
f 430/430/430 431/431/431 423/423/423 
f 423/423/423 431/431/431 431/431/431 
f 431/431/431 421/421/421 431/431/431 
f 431/431/431 421/421/421 421/421/421 
f 421/421/421 419/419/419 421/421/421 
f 421/421/421 419/419/419 428/428/428 
f 419/419/419 417/417/417 428/428/428 
f 428/428/428 417/417/417 417/417/417 
f 417/417/417 432/432/432 417/417/417 
f 417/417/417 432/432/432 432/432/432 
f 432/432/432 433/433/433 432/432/432 
f 432/432/432 433/433/433 434/434/434 
f 433/433/433 435/435/435 434/434/434 
f 434/434/434 435/435/435 435/435/435 
f 435/435/435 433/433/433 435/435/435 
f 435/435/435 433/433/433 436/436/436 
f 433/433/433 437/437/437 436/436/436 
f 436/436/436 437/437/437 438/438/438 
f 437/437/437 439/439/439 438/438/438 
f 438/438/438 439/439/439 440/440/440 
f 439/439/439 441/441/441 440/440/440 
f 440/440/440 441/441/441 441/441/441 
f 441/441/441 439/439/439 441/441/441 
f 441/441/441 439/439/439 439/439/439 
f 439/439/439 437/437/437 439/439/439 
f 439/439/439 437/437/437 442/442/442 
f 437/437/437 443/443/443 442/442/442 
f 442/442/442 443/443/443 444/444/444 
f 443/443/443 445/445/445 444/444/444 
f 444/444/444 445/445/445 446/446/446 
f 445/445/445 446/446/446 446/446/446 
f 446/446/446 446/446/446 442/442/442 
f 446/446/446 442/442/442 442/442/442 
f 442/442/442 442/442/442 442/442/442 
f 442/442/442 447/447/447 442/442/442 
f 442/442/442 447/447/447 439/439/439 
f 447/447/447 448/448/448 439/439/439 
f 439/439/439 448/448/448 441/441/441 
f 448/448/448 449/449/449 441/441/441 
f 441/441/441 449/449/449 449/449/449 
f 449/449/449 450/450/450 449/449/449 
f 449/449/449 450/450/450 450/450/450 
f 450/450/450 451/451/451 450/450/450 
f 450/450/450 451/451/451 452/452/452 
f 451/451/451 453/453/453 452/452/452 
f 452/452/452 453/453/453 453/453/453 
f 453/453/453 454/454/454 453/453/453 
f 453/453/453 454/454/454 454/454/454 
f 454/454/454 455/455/455 454/454/454 
f 454/454/454 455/455/455 456/456/456 
f 455/455/455 457/457/457 456/456/456 
f 456/456/456 457/457/457 457/457/457 
f 457/457/457 379/379/379 457/457/457 
f 457/457/457 379/379/379 379/379/379 
f 379/379/379 458/458/458 379/379/379 
f 379/379/379 458/458/458 381/381/381 
f 458/458/458 459/459/459 381/381/381 
f 381/381/381 459/459/459 460/460/460 
f 459/459/459 461/461/461 460/460/460 
f 460/460/460 461/461/461 462/462/462 
f 461/461/461 463/463/463 462/462/462 
f 462/462/462 463/463/463 464/464/464 
f 463/463/463 464/464/464 464/464/464 
f 464/464/464 464/464/464 464/464/464 
f 464/464/464 389/389/389 464/464/464 
f 464/464/464 389/389/389 462/462/462 
f 389/389/389 387/387/387 462/462/462 
f 462/462/462 387/387/387 460/460/460 
f 387/387/387 385/385/385 460/460/460 
f 460/460/460 385/385/385 383/383/383 
f 385/385/385 383/383/383 383/383/383 
f 383/383/383 383/383/383 465/465/465 
f 383/383/383 465/465/465 465/465/465 
f 465/465/465 465/465/465 465/465/465 
f 465/465/465 466/466/466 465/465/465 
f 465/465/465 466/466/466 467/467/467 
f 466/466/466 468/468/468 467/467/467 
f 467/467/467 468/468/468 468/468/468 
f 468/468/468 469/469/469 468/468/468 
f 468/468/468 469/469/469 469/469/469 
f 469/469/469 470/470/470 469/469/469 
f 469/469/469 470/470/470 471/471/471 
f 470/470/470 472/472/472 471/471/471 
f 471/471/471 472/472/472 472/472/472 
f 472/472/472 473/473/473 472/472/472 
f 472/472/472 473/473/473 473/473/473 
f 473/473/473 474/474/474 473/473/473 
f 473/473/473 474/474/474 475/475/475 
f 474/474/474 476/476/476 475/475/475 
f 475/475/475 476/476/476 477/477/477 
f 476/476/476 478/478/478 477/477/477 
f 477/477/477 478/478/478 479/479/479 
f 478/478/478 480/480/480 479/479/479 
f 479/479/479 480/480/480 481/481/481 
f 480/480/480 482/482/482 481/481/481 
f 481/481/481 482/482/482 483/483/483 
f 482/482/482 484/484/484 483/483/483 
f 483/483/483 484/484/484 485/485/485 
f 484/484/484 486/486/486 485/485/485 
f 485/485/485 486/486/486 487/487/487 
f 486/486/486 488/488/488 487/487/487 
f 487/487/487 488/488/488 489/489/489 
f 488/488/488 490/490/490 489/489/489 
f 489/489/489 490/490/490 490/490/490 
f 490/490/490 476/476/476 490/490/490 
f 490/490/490 476/476/476 476/476/476 
f 476/476/476 491/491/491 476/476/476 
f 476/476/476 491/491/491 478/478/478 
f 491/491/491 492/492/492 478/478/478 
f 478/478/478 492/492/492 480/480/480 
f 492/492/492 493/493/493 480/480/480 
f 480/480/480 493/493/493 482/482/482 
f 493/493/493 494/494/494 482/482/482 
f 482/482/482 494/494/494 484/484/484 
f 494/494/494 495/495/495 484/484/484 
f 484/484/484 495/495/495 486/486/486 
f 495/495/495 496/496/496 486/486/486 
f 486/486/486 496/496/496 497/497/497 
f 496/496/496 497/497/497 497/497/497 
f 497/497/497 497/497/497 486/486/486 
f 497/497/497 486/486/486 486/486/486 
f 486/486/486 486/486/486 486/486/486 
f 486/486/486 497/497/497 486/486/486 
f 486/486/486 497/497/497 488/488/488 
f 497/497/497 498/498/498 488/488/488 
f 488/488/488 498/498/498 490/490/490 
f 498/498/498 490/490/490 490/490/490 
f 490/490/490 490/490/490 499/499/499 
f 490/490/490 499/499/499 499/499/499 
f 499/499/499 499/499/499 499/499/499 
f 499/499/499 500/500/500 499/499/499 
f 499/499/499 500/500/500 501/501/501 
f 500/500/500 502/502/502 501/501/501 
f 501/501/501 502/502/502 503/503/503 
f 502/502/502 504/504/504 503/503/503 
f 503/503/503 504/504/504 505/505/505 
f 504/504/504 506/506/506 505/505/505 
f 505/505/505 506/506/506 507/507/507 
f 506/506/506 508/508/508 507/507/507 
f 507/507/507 508/508/508 508/508/508 
f 508/508/508 506/506/506 508/508/508 
f 508/508/508 506/506/506 506/506/506 
f 506/506/506 504/504/504 506/506/506 
f 506/506/506 504/504/504 509/509/509 
f 504/504/504 502/502/502 509/509/509 
f 509/509/509 502/502/502 510/510/510 
f 502/502/502 510/510/510 510/510/510 
f 510/510/510 510/510/510 509/509/509 
f 510/510/510 509/509/509 509/509/509 
f 509/509/509 509/509/509 509/509/509 
f 509/509/509 511/511/511 509/509/509 
f 509/509/509 511/511/511 506/506/506 
f 511/511/511 512/512/512 506/506/506 
f 506/506/506 512/512/512 508/508/508 
f 512/512/512 508/508/508 508/508/508 
f 508/508/508 508/508/508 509/509/509 
f 508/508/508 509/509/509 509/509/509 
f 509/509/509 509/509/509 509/509/509 
f 509/509/509 510/510/510 509/509/509 
f 509/509/509 510/510/510 511/511/511 
f 510/510/510 513/513/513 511/511/511 
f 511/511/511 513/513/513 514/514/514 
f 513/513/513 514/514/514 514/514/514 
f 514/514/514 514/514/514 511/511/511 
f 514/514/514 511/511/511 511/511/511 
f 511/511/511 511/511/511 511/511/511 
f 511/511/511 514/514/514 511/511/511 
f 511/511/511 514/514/514 512/512/512 
f 514/514/514 515/515/515 512/512/512 
f 512/512/512 515/515/515 515/515/515 
f 515/515/515 514/514/514 515/515/515 
f 515/515/515 514/514/514 516/516/516 
f 514/514/514 517/517/517 516/516/516 
f 516/516/516 517/517/517 517/517/517 
f 517/517/517 518/518/518 517/517/517 
f 517/517/517 518/518/518 518/518/518 
f 518/518/518 519/519/519 518/518/518 
f 518/518/518 519/519/519 520/520/520 
f 519/519/519 521/521/521 520/520/520 
f 520/520/520 521/521/521 521/521/521 
f 521/521/521 522/522/522 521/521/521 
f 521/521/521 522/522/522 522/522/522 
f 522/522/522 523/523/523 522/522/522 
f 522/522/522 523/523/523 524/524/524 
f 523/523/523 525/525/525 524/524/524 
f 524/524/524 525/525/525 526/526/526 
f 525/525/525 527/527/527 526/526/526 
f 526/526/526 527/527/527 528/528/528 
f 527/527/527 528/528/528 528/528/528 
f 528/528/528 528/528/528 527/527/527 
f 528/528/528 527/527/527 527/527/527 
f 527/527/527 527/527/527 527/527/527 
f 527/527/527 525/525/525 527/527/527 
f 527/527/527 525/525/525 529/529/529 
f 525/525/525 530/530/530 529/529/529 
f 529/529/529 530/530/530 530/530/530 
f 530/530/530 525/525/525 530/530/530 
f 530/530/530 525/525/525 531/531/531 
f 525/525/525 532/532/532 531/531/531 
f 531/531/531 532/532/532 533/533/533 
f 532/532/532 533/533/533 533/533/533 
f 533/533/533 533/533/533 531/531/531 
f 533/533/533 531/531/531 531/531/531 
f 531/531/531 531/531/531 531/531/531 
f 531/531/531 533/533/533 531/531/531 
f 531/531/531 533/533/533 507/507/507 
f 533/533/533 505/505/505 507/507/507 
f 507/507/507 505/505/505 505/505/505 
f 505/505/505 534/534/534 505/505/505 
f 505/505/505 534/534/534 534/534/534 
f 534/534/534 535/535/535 534/534/534 
f 534/534/534 535/535/535 536/536/536 
f 535/535/535 537/537/537 536/536/536 
f 536/536/536 537/537/537 537/537/537 
f 537/537/537 535/535/535 537/537/537 
f 537/537/537 535/535/535 535/535/535 
f 535/535/535 538/538/538 535/535/535 
f 535/535/535 538/538/538 537/537/537 
f 538/538/538 539/539/539 537/537/537 
f 537/537/537 539/539/539 540/540/540 
f 539/539/539 541/541/541 540/540/540 
f 540/540/540 541/541/541 541/541/541 
f 541/541/541 538/538/538 541/541/541 
f 541/541/541 538/538/538 538/538/538 
f 538/538/538 542/542/542 538/538/538 
f 538/538/538 542/542/542 539/539/539 
f 542/542/542 543/543/543 539/539/539 
f 539/539/539 543/543/543 544/544/544 
f 543/543/543 545/545/545 544/544/544 
f 544/544/544 545/545/545 545/545/545 
f 545/545/545 542/542/542 545/545/545 
f 545/545/545 542/542/542 542/542/542 
f 542/542/542 546/546/546 542/542/542 
f 542/542/542 546/546/546 543/543/543 
f 546/546/546 547/547/547 543/543/543 
f 543/543/543 547/547/547 545/545/545 
f 547/547/547 548/548/548 545/545/545 
f 545/545/545 548/548/548 548/548/548 
f 548/548/548 546/546/546 548/548/548 
f 548/548/548 546/546/546 546/546/546 
f 546/546/546 549/549/549 546/546/546 
f 546/546/546 549/549/549 547/547/547 
f 549/549/549 550/550/550 547/547/547 
f 547/547/547 550/550/550 548/548/548 
f 550/550/550 551/551/551 548/548/548 
f 548/548/548 551/551/551 551/551/551 
f 551/551/551 549/549/549 551/551/551 
f 551/551/551 549/549/549 549/549/549 
f 549/549/549 552/552/552 549/549/549 
f 549/549/549 552/552/552 550/550/550 
f 552/552/552 553/553/553 550/550/550 
f 550/550/550 553/553/553 551/551/551 
f 553/553/553 554/554/554 551/551/551 
f 551/551/551 554/554/554 554/554/554 
f 554/554/554 552/552/552 554/554/554 
f 554/554/554 552/552/552 552/552/552 
f 552/552/552 555/555/555 552/552/552 
f 552/552/552 555/555/555 553/553/553 
f 555/555/555 556/556/556 553/553/553 
f 553/553/553 556/556/556 554/554/554 
f 556/556/556 557/557/557 554/554/554 
f 554/554/554 557/557/557 558/558/558 
f 557/557/557 559/559/559 558/558/558 
f 558/558/558 559/559/559 559/559/559 
f 559/559/559 555/555/555 559/559/559 
f 559/559/559 555/555/555 555/555/555 
f 555/555/555 560/560/560 555/555/555 
f 555/555/555 560/560/560 556/556/556 
f 560/560/560 557/557/557 556/556/556 
f 556/556/556 557/557/557 557/557/557 
f 557/557/557 560/560/560 557/557/557 
f 557/557/557 560/560/560 560/560/560 
f 560/560/560 561/561/561 560/560/560 
f 560/560/560 561/561/561 557/557/557 
f 561/561/561 562/562/562 557/557/557 
f 557/557/557 562/562/562 559/559/559 
f 562/562/562 563/563/563 559/559/559 
f 559/559/559 563/563/563 563/563/563 
f 563/563/563 561/561/561 563/563/563 
f 563/563/563 561/561/561 561/561/561 
f 561/561/561 564/564/564 561/561/561 
f 561/561/561 564/564/564 562/562/562 
f 564/564/564 565/565/565 562/562/562 
f 562/562/562 565/565/565 563/563/563 
f 565/565/565 563/563/563 563/563/563 
f 563/563/563 563/563/563 566/566/566 
f 563/563/563 566/566/566 566/566/566 
f 566/566/566 566/566/566 566/566/566 
f 566/566/566 567/567/567 566/566/566 
f 566/566/566 567/567/567 568/568/568 
f 567/567/567 569/569/569 568/568/568 
f 568/568/568 569/569/569 569/569/569 
f 569/569/569 570/570/570 569/569/569 
f 569/569/569 570/570/570 570/570/570 
f 570/570/570 571/571/571 570/570/570 
f 570/570/570 571/571/571 572/572/572 
f 571/571/571 573/573/573 572/572/572 
f 572/572/572 573/573/573 573/573/573 
f 573/573/573 571/571/571 573/573/573 
f 573/573/573 571/571/571 574/574/574 
f 571/571/571 575/575/575 574/574/574 
f 574/574/574 575/575/575 576/576/576 
f 575/575/575 577/577/577 576/576/576 
f 576/576/576 577/577/577 577/577/577 
f 577/577/577 541/541/541 577/577/577 
f 577/577/577 541/541/541 541/541/541 
f 541/541/541 539/539/539 541/541/541 
f 541/541/541 539/539/539 578/578/578 
f 539/539/539 544/544/544 578/578/578 
f 578/578/578 544/544/544 544/544/544 
f 544/544/544 579/579/579 544/544/544 
f 544/544/544 579/579/579 579/579/579 
f 579/579/579 580/580/580 579/579/579 
f 579/579/579 580/580/580 581/581/581 
f 580/580/580 582/582/582 581/581/581 
f 581/581/581 582/582/582 583/583/583 
f 582/582/582 584/584/584 583/583/583 
f 583/583/583 584/584/584 585/585/585 
f 584/584/584 586/586/586 585/585/585 
f 585/585/585 586/586/586 587/587/587 
f 586/586/586 587/587/587 587/587/587 
f 587/587/587 587/587/587 581/581/581 
f 587/587/587 581/581/581 581/581/581 
f 581/581/581 581/581/581 581/581/581 
f 581/581/581 583/583/583 581/581/581 
f 581/581/581 583/583/583 588/588/588 
f 583/583/583 585/585/585 588/588/588 
f 588/588/588 585/585/585 589/589/589 
f 585/585/585 587/587/587 589/589/589 
f 589/589/589 587/587/587 590/590/590 
f 587/587/587 591/591/591 590/590/590 
f 590/590/590 591/591/591 592/592/592 
f 591/591/591 593/593/593 592/592/592 
f 592/592/592 593/593/593 593/593/593 
f 593/593/593 592/592/592 593/593/593 
f 593/593/593 592/592/592 592/592/592 
f 592/592/592 594/594/594 592/592/592 
f 592/592/592 594/594/594 590/590/590 
f 594/594/594 595/595/595 590/590/590 
f 590/590/590 595/595/595 589/589/589 
f 595/595/595 588/588/588 589/589/589 
f 589/589/589 588/588/588 588/588/588 
f 588/588/588 596/596/596 588/588/588 
f 588/588/588 596/596/596 596/596/596 
f 596/596/596 597/597/597 596/596/596 
f 596/596/596 597/597/597 598/598/598 
f 597/597/597 599/599/599 598/598/598 
f 598/598/598 599/599/599 600/600/600 
f 599/599/599 601/601/601 600/600/600 
f 600/600/600 601/601/601 602/602/602 
f 601/601/601 603/603/603 602/602/602 
f 602/602/602 603/603/603 603/603/603 
f 603/603/603 597/597/597 603/603/603 
f 603/603/603 597/597/597 597/597/597 
f 597/597/597 604/604/604 597/597/597 
f 597/597/597 604/604/604 599/599/599 
f 604/604/604 605/605/605 599/599/599 
f 599/599/599 605/605/605 601/601/601 
f 605/605/605 606/606/606 601/601/601 
f 601/601/601 606/606/606 603/603/603 
f 606/606/606 607/607/607 603/603/603 
f 603/603/603 607/607/607 607/607/607 
f 607/607/607 606/606/606 607/607/607 
f 607/607/607 606/606/606 606/606/606 
f 606/606/606 605/605/605 606/606/606 
f 606/606/606 605/605/605 608/608/608 
f 605/605/605 604/604/604 608/608/608 
f 608/608/608 604/604/604 604/604/604 
f 604/604/604 609/609/609 604/604/604 
f 604/604/604 609/609/609 609/609/609 
f 609/609/609 610/610/610 609/609/609 
f 609/609/609 610/610/610 611/611/611 
f 610/610/610 612/612/612 611/611/611 
f 611/611/611 612/612/612 613/613/613 
f 612/612/612 613/613/613 613/613/613 
f 613/613/613 613/613/613 611/611/611 
f 613/613/613 611/611/611 611/611/611 
f 611/611/611 611/611/611 611/611/611 
f 611/611/611 613/613/613 611/611/611 
f 611/611/611 613/613/613 614/614/614 
f 613/613/613 615/615/615 614/614/614 
f 614/614/614 615/615/615 616/616/616 
f 615/615/615 617/617/617 616/616/616 
f 616/616/616 617/617/617 618/618/618 
f 617/617/617 619/619/619 618/618/618 
f 618/618/618 619/619/619 619/619/619 
f 619/619/619 614/614/614 619/619/619 
f 619/619/619 614/614/614 614/614/614 
f 614/614/614 616/616/616 614/614/614 
f 614/614/614 616/616/616 620/620/620 
f 616/616/616 618/618/618 620/620/620 
f 620/620/620 618/618/618 621/621/621 
f 618/618/618 622/622/622 621/621/621 
f 621/621/621 622/622/622 622/622/622 
f 622/622/622 621/621/621 622/622/622 
f 622/622/622 621/621/621 621/621/621 
f 621/621/621 623/623/623 621/621/621 
f 621/621/621 623/623/623 620/620/620 
f 623/623/623 624/624/624 620/620/620 
f 620/620/620 624/624/624 614/614/614 
f 624/624/624 611/611/611 614/614/614 
f 614/614/614 611/611/611 611/611/611 
f 611/611/611 624/624/624 611/611/611 
f 611/611/611 624/624/624 625/625/625 
f 624/624/624 623/623/623 625/625/625 
f 625/625/625 623/623/623 623/623/623 
f 623/623/623 580/580/580 623/623/623 
f 623/623/623 580/580/580 580/580/580 
f 580/580/580 626/626/626 580/580/580 
f 580/580/580 626/626/626 582/582/582 
f 626/626/626 627/627/627 582/582/582 
f 582/582/582 627/627/627 584/584/584 
f 627/627/627 584/584/584 584/584/584 
f 584/584/584 584/584/584 628/628/628 
f 584/584/584 628/628/628 628/628/628 
f 628/628/628 628/628/628 628/628/628 
f 628/628/628 629/629/629 628/628/628 
f 628/628/628 629/629/629 630/630/630 
f 629/629/629 631/631/631 630/630/630 
f 630/630/630 631/631/631 632/632/632 
f 631/631/631 633/633/633 632/632/632 
f 632/632/632 633/633/633 634/634/634 
f 633/633/633 635/635/635 634/634/634 
f 634/634/634 635/635/635 636/636/636 
f 635/635/635 637/637/637 636/636/636 
f 636/636/636 637/637/637 637/637/637 
f 637/637/637 630/630/630 637/637/637 
f 637/637/637 630/630/630 630/630/630 
f 630/630/630 632/632/632 630/630/630 
f 630/630/630 632/632/632 638/638/638 
f 632/632/632 634/634/634 638/638/638 
f 638/638/638 634/634/634 639/639/639 
f 634/634/634 636/636/636 639/639/639 
f 639/639/639 636/636/636 640/640/640 
f 636/636/636 641/641/641 640/640/640 
f 640/640/640 641/641/641 641/641/641 
f 641/641/641 642/642/642 641/641/641 
f 641/641/641 642/642/642 642/642/642 
f 642/642/642 643/643/643 642/642/642 
f 642/642/642 643/643/643 644/644/644 
f 643/643/643 645/645/645 644/644/644 
f 644/644/644 645/645/645 645/645/645 
f 645/645/645 646/646/646 645/645/645 
f 645/645/645 646/646/646 646/646/646 
f 646/646/646 647/647/647 646/646/646 
f 646/646/646 647/647/647 648/648/648 
f 647/647/647 649/649/649 648/648/648 
f 648/648/648 649/649/649 650/650/650 
f 649/649/649 651/651/651 650/650/650 
f 650/650/650 651/651/651 651/651/651 
f 651/651/651 647/647/647 651/651/651 
f 651/651/651 647/647/647 647/647/647 
f 647/647/647 652/652/652 647/647/647 
f 647/647/647 652/652/652 649/649/649 
f 652/652/652 653/653/653 649/649/649 
f 649/649/649 653/653/653 651/651/651 
f 653/653/653 651/651/651 651/651/651 
f 651/651/651 651/651/651 647/647/647 
f 651/651/651 647/647/647 647/647/647 
f 647/647/647 647/647/647 647/647/647 
f 647/647/647 654/654/654 647/647/647 
f 647/647/647 654/654/654 652/652/652 
f 654/654/654 655/655/655 652/652/652 
f 652/652/652 655/655/655 656/656/656 
f 655/655/655 657/657/657 656/656/656 
f 656/656/656 657/657/657 658/658/658 
f 657/657/657 659/659/659 658/658/658 
f 658/658/658 659/659/659 659/659/659 
f 659/659/659 658/658/658 659/659/659 
f 659/659/659 658/658/658 658/658/658 
f 658/658/658 660/660/660 658/658/658 
f 658/658/658 660/660/660 656/656/656 
f 660/660/660 661/661/661 656/656/656 
f 656/656/656 661/661/661 652/652/652 
f 661/661/661 653/653/653 652/652/652 
f 652/652/652 653/653/653 653/653/653 
f 653/653/653 662/662/662 653/653/653 
f 653/653/653 662/662/662 662/662/662 
f 662/662/662 663/663/663 662/662/662 
f 662/662/662 663/663/663 664/664/664 
f 663/663/663 665/665/665 664/664/664 
f 664/664/664 665/665/665 665/665/665 
f 665/665/665 663/663/663 665/665/665 
f 665/665/665 663/663/663 666/666/666 
f 663/663/663 667/667/667 666/666/666 
f 666/666/666 667/667/667 668/668/668 
f 667/667/667 669/669/669 668/668/668 
f 668/668/668 669/669/669 670/670/670 
f 669/669/669 671/671/671 670/670/670 
f 670/670/670 671/671/671 672/672/672 
f 671/671/671 672/672/672 672/672/672 
f 672/672/672 672/672/672 665/665/665 
f 672/672/672 665/665/665 665/665/665 
f 665/665/665 665/665/665 665/665/665 
f 665/665/665 666/666/666 665/665/665 
f 665/665/665 666/666/666 673/673/673 
f 666/666/666 668/668/668 673/673/673 
f 673/673/673 668/668/668 674/674/674 
f 668/668/668 670/670/670 674/674/674 
f 674/674/674 670/670/670 675/675/675 
f 670/670/670 675/675/675 675/675/675 
f 675/675/675 675/675/675 674/674/674 
f 675/675/675 674/674/674 674/674/674 
f 674/674/674 674/674/674 674/674/674 
f 674/674/674 676/676/676 674/674/674 
f 674/674/674 676/676/676 673/673/673 
f 676/676/676 677/677/677 673/673/673 
f 673/673/673 677/677/677 665/665/665 
f 677/677/677 678/678/678 665/665/665 
f 665/665/665 678/678/678 678/678/678 
f 678/678/678 637/637/637 678/678/678 
f 678/678/678 637/637/637 637/637/637 
f 637/637/637 635/635/635 637/637/637 
f 637/637/637 635/635/635 679/679/679 
f 635/635/635 633/633/633 679/679/679 
f 679/679/679 633/633/633 680/680/680 
f 633/633/633 631/631/631 680/680/680 
f 680/680/680 631/631/631 681/681/681 
f 631/631/631 681/681/681 681/681/681 
f 681/681/681 681/681/681 682/682/682 
f 681/681/681 682/682/682 682/682/682 
f 682/682/682 682/682/682 682/682/682 
f 682/682/682 683/683/683 682/682/682 
f 682/682/682 683/683/683 684/684/684 
f 683/683/683 685/685/685 684/684/684 
f 684/684/684 685/685/685 685/685/685 
f 685/685/685 683/683/683 685/685/685 
f 685/685/685 683/683/683 686/686/686 
f 683/683/683 687/687/687 686/686/686 
f 686/686/686 687/687/687 688/688/688 
f 687/687/687 689/689/689 688/688/688 
f 688/688/688 689/689/689 690/690/690 
f 689/689/689 691/691/691 690/690/690 
f 690/690/690 691/691/691 692/692/692 
f 691/691/691 692/692/692 692/692/692 
f 692/692/692 692/692/692 691/691/691 
f 692/692/692 691/691/691 691/691/691 
f 691/691/691 691/691/691 691/691/691 
f 691/691/691 689/689/689 691/691/691 
f 691/691/691 689/689/689 693/693/693 
f 689/689/689 687/687/687 693/693/693 
f 693/693/693 687/687/687 694/694/694 
f 687/687/687 683/683/683 694/694/694 
f 694/694/694 683/683/683 695/695/695 
f 683/683/683 695/695/695 695/695/695 
f 695/695/695 695/695/695 694/694/694 
f 695/695/695 694/694/694 694/694/694 
f 694/694/694 694/694/694 694/694/694 
f 694/694/694 696/696/696 694/694/694 
f 694/694/694 696/696/696 693/693/693 
f 696/696/696 697/697/697 693/693/693 
f 693/693/693 697/697/697 691/691/691 
f 697/697/697 698/698/698 691/691/691 
f 691/691/691 698/698/698 698/698/698 
f 698/698/698 699/699/699 698/698/698 
f 698/698/698 699/699/699 699/699/699 
f 699/699/699 700/700/700 699/699/699 
f 699/699/699 700/700/700 701/701/701 
f 700/700/700 702/702/702 701/701/701 
f 701/701/701 702/702/702 702/702/702 
f 702/702/702 700/700/700 702/702/702 
f 702/702/702 700/700/700 703/703/703 
f 700/700/700 704/704/704 703/703/703 
f 703/703/703 704/704/704 705/705/705 
f 704/704/704 706/706/706 705/705/705 
f 705/705/705 706/706/706 707/707/707 
f 706/706/706 708/708/708 707/707/707 
f 707/707/707 708/708/708 709/709/709 
f 708/708/708 709/709/709 709/709/709 
f 709/709/709 709/709/709 708/708/708 
f 709/709/709 708/708/708 708/708/708 
f 708/708/708 708/708/708 708/708/708 
f 708/708/708 706/706/706 708/708/708 
f 708/708/708 706/706/706 710/710/710 
f 706/706/706 704/704/704 710/710/710 
f 710/710/710 704/704/704 711/711/711 
f 704/704/704 700/700/700 711/711/711 
f 711/711/711 700/700/700 712/712/712 
f 700/700/700 712/712/712 712/712/712 
f 712/712/712 712/712/712 711/711/711 
f 712/712/712 711/711/711 711/711/711 
f 711/711/711 711/711/711 711/711/711 
f 711/711/711 713/713/713 711/711/711 
f 711/711/711 713/713/713 710/710/710 
f 713/713/713 714/714/714 710/710/710 
f 710/710/710 714/714/714 708/708/708 
f 714/714/714 715/715/715 708/708/708 
f 708/708/708 715/715/715 715/715/715 
f 715/715/715 716/716/716 715/715/715 
f 715/715/715 716/716/716 716/716/716 
f 716/716/716 717/717/717 716/716/716 
f 716/716/716 717/717/717 606/606/606 
f 717/717/717 607/607/607 606/606/606 
f 606/606/606 607/607/607 607/607/607 
f 607/607/607 718/718/718 607/607/607 
f 607/607/607 718/718/718 718/718/718 
f 718/718/718 719/719/719 718/718/718 
f 718/718/718 719/719/719 523/523/523 
f 719/719/719 525/525/525 523/523/523 
f 523/523/523 525/525/525 525/525/525 
f 525/525/525 418/418/418 525/525/525 
f 525/525/525 418/418/418 418/418/418 
f 418/418/418 420/420/420 418/418/418 
f 418/418/418 420/420/420 720/720/720 
f 420/420/420 721/721/721 720/720/720 
f 720/720/720 721/721/721 722/722/722 
f 721/721/721 723/723/723 722/722/722 
f 722/722/722 723/723/723 724/724/724 
f 723/723/723 724/724/724 724/724/724 
f 724/724/724 724/724/724 723/723/723 
f 724/724/724 723/723/723 723/723/723 
f 723/723/723 723/723/723 723/723/723 
f 723/723/723 721/721/721 723/723/723 
f 723/723/723 721/721/721 725/725/725 
f 721/721/721 422/422/422 725/725/725 
f 725/725/725 422/422/422 424/424/424 
f 422/422/422 424/424/424 424/424/424 
f 424/424/424 424/424/424 726/726/726 
f 424/424/424 726/726/726 726/726/726 
f 726/726/726 726/726/726 726/726/726 
f 726/726/726 727/727/727 726/726/726 
f 726/726/726 727/727/727 728/728/728 
f 727/727/727 729/729/729 728/728/728 
f 728/728/728 729/729/729 729/729/729 
f 729/729/729 727/727/727 729/729/729 
f 729/729/729 727/727/727 730/730/730 
f 727/727/727 731/731/731 730/730/730 
f 730/730/730 731/731/731 732/732/732 
f 731/731/731 732/732/732 732/732/732 
f 732/732/732 732/732/732 730/730/730 
f 732/732/732 730/730/730 730/730/730 
f 730/730/730 730/730/730 730/730/730 
f 730/730/730 732/732/732 730/730/730 
f 730/730/730 732/732/732 733/733/733 
f 732/732/732 734/734/734 733/733/733 
f 733/733/733 734/734/734 735/735/735 
f 734/734/734 735/735/735 735/735/735 
f 735/735/735 735/735/735 733/733/733 
f 735/735/735 733/733/733 733/733/733 
f 733/733/733 733/733/733 733/733/733 
f 733/733/733 735/735/735 733/733/733 
f 733/733/733 735/735/735 736/736/736 
f 735/735/735 737/737/737 736/736/736 
f 736/736/736 737/737/737 738/738/738 
f 737/737/737 739/739/739 738/738/738 
f 738/738/738 739/739/739 732/732/732 
f 739/739/739 734/734/734 732/732/732 
f 732/732/732 734/734/734 734/734/734 
f 734/734/734 740/740/740 734/734/734 
f 734/734/734 740/740/740 740/740/740 
f 740/740/740 741/741/741 740/740/740 
f 740/740/740 741/741/741 742/742/742 
f 741/741/741 743/743/743 742/742/742 
f 742/742/742 743/743/743 743/743/743 
f 743/743/743 741/741/741 743/743/743 
f 743/743/743 741/741/741 744/744/744 
f 741/741/741 745/745/745 744/744/744 
f 744/744/744 745/745/745 746/746/746 
f 745/745/745 747/747/747 746/746/746 
f 746/746/746 747/747/747 747/747/747 
f 747/747/747 745/745/745 747/747/747 
f 747/747/747 745/745/745 745/745/745 
f 745/745/745 748/748/748 745/745/745 
f 745/745/745 748/748/748 747/747/747 
f 748/748/748 749/749/749 747/747/747 
f 747/747/747 749/749/749 749/749/749 
f 749/749/749 748/748/748 749/749/749 
f 749/749/749 748/748/748 750/750/750 
f 748/748/748 751/751/751 750/750/750 
f 750/750/750 751/751/751 751/751/751 
f 751/751/751 749/749/749 751/751/751 
f 751/751/751 749/749/749 749/749/749 
f 749/749/749 750/750/750 749/749/749 
f 749/749/749 750/750/750 752/752/752 
f 750/750/750 744/744/744 752/752/752 
f 752/752/752 744/744/744 746/746/746 
f 744/744/744 746/746/746 746/746/746 
f 746/746/746 746/746/746 753/753/753 
f 746/746/746 753/753/753 753/753/753 
f 753/753/753 753/753/753 753/753/753 
f 753/753/753 754/754/754 753/753/753 
f 753/753/753 754/754/754 755/755/755 
f 754/754/754 756/756/756 755/755/755 
f 755/755/755 756/756/756 757/757/757 
f 756/756/756 758/758/758 757/757/757 
f 757/757/757 758/758/758 759/759/759 
f 758/758/758 760/760/760 759/759/759 
f 759/759/759 760/760/760 761/761/761 
f 760/760/760 762/762/762 761/761/761 
f 761/761/761 762/762/762 763/763/763 
f 762/762/762 764/764/764 763/763/763 
f 763/763/763 764/764/764 765/765/765 
f 764/764/764 766/766/766 765/765/765 
f 765/765/765 766/766/766 767/767/767 
f 766/766/766 768/768/768 767/767/767 
f 767/767/767 768/768/768 769/769/769 
f 768/768/768 769/769/769 769/769/769 
f 769/769/769 769/769/769 765/765/765 
f 769/769/769 765/765/765 765/765/765 
f 765/765/765 765/765/765 765/765/765 
f 765/765/765 770/770/770 765/765/765 
f 765/765/765 770/770/770 763/763/763 
f 770/770/770 771/771/771 763/763/763 
f 763/763/763 771/771/771 761/761/761 
f 771/771/771 772/772/772 761/761/761 
f 761/761/761 772/772/772 759/759/759 
f 772/772/772 773/773/773 759/759/759 
f 759/759/759 773/773/773 757/757/757 
f 773/773/773 774/774/774 757/757/757 
f 757/757/757 774/774/774 755/755/755 
f 774/774/774 755/755/755 755/755/755 
f 755/755/755 755/755/755 770/770/770 
f 755/755/755 770/770/770 770/770/770 
f 770/770/770 770/770/770 770/770/770 
f 770/770/770 775/775/775 770/770/770 
f 770/770/770 775/775/775 771/771/771 
f 775/775/775 776/776/776 771/771/771 
f 771/771/771 776/776/776 772/772/772 
f 776/776/776 777/777/777 772/772/772 
f 772/772/772 777/777/777 773/773/773 
f 777/777/777 778/778/778 773/773/773 
f 773/773/773 778/778/778 774/774/774 
f 778/778/778 779/779/779 774/774/774 
f 774/774/774 779/779/779 779/779/779 
f 779/779/779 778/778/778 779/779/779 
f 779/779/779 778/778/778 778/778/778 
f 778/778/778 777/777/777 778/778/778 
f 778/778/778 777/777/777 780/780/780 
f 777/777/777 776/776/776 780/780/780 
f 780/780/780 776/776/776 781/781/781 
f 776/776/776 775/775/775 781/781/781 
f 781/781/781 775/775/775 782/782/782 
f 775/775/775 783/783/783 782/782/782 
f 782/782/782 783/783/783 769/769/769 
f 783/783/783 767/767/767 769/769/769 
f 769/769/769 767/767/767 767/767/767 
f 767/767/767 769/769/769 767/767/767 
f 767/767/767 769/769/769 769/769/769 
f 769/769/769 784/784/784 769/769/769 
f 769/769/769 784/784/784 782/782/782 
f 784/784/784 785/785/785 782/782/782 
f 782/782/782 785/785/785 781/781/781 
f 785/785/785 786/786/786 781/781/781 
f 781/781/781 786/786/786 780/780/780 
f 786/786/786 787/787/787 780/780/780 
f 780/780/780 787/787/787 788/788/788 
f 787/787/787 789/789/789 788/788/788 
f 788/788/788 789/789/789 790/790/790 
f 789/789/789 790/790/790 790/790/790 
f 790/790/790 790/790/790 788/788/788 
f 790/790/790 788/788/788 788/788/788 
f 788/788/788 788/788/788 788/788/788 
f 788/788/788 779/779/779 788/788/788 
f 788/788/788 779/779/779 780/780/780 
f 779/779/779 778/778/778 780/780/780 
f 780/780/780 778/778/778 778/778/778 
f 778/778/778 779/779/779 778/778/778 
f 778/778/778 779/779/779 779/779/779 
f 779/779/779 788/788/788 779/779/779 
f 779/779/779 788/788/788 791/791/791 
f 788/788/788 792/792/792 791/791/791 
f 791/791/791 792/792/792 792/792/792 
f 792/792/792 793/793/793 792/792/792 
f 792/792/792 793/793/793 793/793/793 
f 793/793/793 794/794/794 793/793/793 
f 793/793/793 794/794/794 795/795/795 
f 794/794/794 796/796/796 795/795/795 
f 795/795/795 796/796/796 796/796/796 
f 796/796/796 794/794/794 796/796/796 
f 796/796/796 794/794/794 797/797/797 
f 794/794/794 798/798/798 797/797/797 
f 797/797/797 798/798/798 798/798/798 
f 798/798/798 799/799/799 798/798/798 
f 798/798/798 799/799/799 799/799/799 
f 799/799/799 800/800/800 799/799/799 
f 799/799/799 800/800/800 801/801/801 
f 800/800/800 802/802/802 801/801/801 
f 801/801/801 802/802/802 802/802/802 
f 802/802/802 765/765/765 802/802/802 
f 802/802/802 765/765/765 765/765/765 
f 765/765/765 767/767/767 765/765/765 
f 765/765/765 767/767/767 770/770/770 
f 767/767/767 783/783/783 770/770/770 
f 770/770/770 783/783/783 775/775/775 
f 783/783/783 775/775/775 775/775/775 
f 775/775/775 775/775/775 803/803/803 
f 775/775/775 803/803/803 803/803/803 
f 803/803/803 803/803/803 803/803/803 
f 803/803/803 491/491/491 803/803/803 
f 803/803/803 491/491/491 474/474/474 
f 491/491/491 476/476/476 474/474/474 
f 474/474/474 476/476/476 476/476/476 
f 476/476/476 804/804/804 476/476/476 
f 476/476/476 804/804/804 804/804/804 
f 804/804/804 805/805/805 804/804/804 
f 804/804/804 805/805/805 806/806/806 
f 805/805/805 807/807/807 806/806/806 
f 806/806/806 807/807/807 808/808/808 
f 807/807/807 809/809/809 808/808/808 
f 808/808/808 809/809/809 809/809/809 
f 809/809/809 805/805/805 809/809/809 
f 809/809/809 805/805/805 805/805/805 
f 805/805/805 810/810/810 805/805/805 
f 805/805/805 810/810/810 807/807/807 
f 810/810/810 811/811/811 807/807/807 
f 807/807/807 811/811/811 809/809/809 
f 811/811/811 812/812/812 809/809/809 
f 809/809/809 812/812/812 812/812/812 
f 812/812/812 810/810/810 812/812/812 
f 812/812/812 810/810/810 810/810/810 
f 810/810/810 813/813/813 810/810/810 
f 810/810/810 813/813/813 811/811/811 
f 813/813/813 814/814/814 811/811/811 
f 811/811/811 814/814/814 815/815/815 
f 814/814/814 816/816/816 815/815/815 
f 815/815/815 816/816/816 817/817/817 
f 816/816/816 818/818/818 817/817/817 
f 817/817/817 818/818/818 819/819/819 
f 818/818/818 819/819/819 819/819/819 
f 819/819/819 819/819/819 819/819/819 
f 819/819/819 820/820/820 819/819/819 
f 819/819/819 820/820/820 817/817/817 
f 820/820/820 821/821/821 817/817/817 
f 817/817/817 821/821/821 815/815/815 
f 821/821/821 812/812/812 815/815/815 
f 815/815/815 812/812/812 811/811/811 
f 812/812/812 811/811/811 811/811/811 
f 811/811/811 811/811/811 821/821/821 
f 811/811/811 821/821/821 821/821/821 
f 821/821/821 821/821/821 821/821/821 
f 821/821/821 822/822/822 821/821/821 
f 821/821/821 822/822/822 812/812/812 
f 822/822/822 823/823/823 812/812/812 
f 812/812/812 823/823/823 823/823/823 
f 823/823/823 822/822/822 823/823/823 
f 823/823/823 822/822/822 822/822/822 
f 822/822/822 824/824/824 822/822/822 
f 822/822/822 824/824/824 823/823/823 
f 824/824/824 825/825/825 823/823/823 
f 823/823/823 825/825/825 825/825/825 
f 825/825/825 810/810/810 825/825/825 
f 825/825/825 810/810/810 810/810/810 
f 810/810/810 826/826/826 810/810/810 
f 810/810/810 826/826/826 813/813/813 
f 826/826/826 827/827/827 813/813/813 
f 813/813/813 827/827/827 827/827/827 
f 827/827/827 826/826/826 827/827/827 
f 827/827/827 826/826/826 826/826/826 
f 826/826/826 828/828/828 826/826/826 
f 826/826/826 828/828/828 827/827/827 
f 828/828/828 829/829/829 827/827/827 
f 827/827/827 829/829/829 829/829/829 
f 829/829/829 813/813/813 829/829/829 
f 829/829/829 813/813/813 813/813/813 
f 813/813/813 830/830/830 813/813/813 
f 813/813/813 830/830/830 814/814/814 
f 830/830/830 816/816/816 814/814/814 
f 814/814/814 816/816/816 816/816/816 
f 816/816/816 830/830/830 816/816/816 
f 816/816/816 830/830/830 830/830/830 
f 830/830/830 831/831/831 830/830/830 
f 830/830/830 831/831/831 816/816/816 
f 831/831/831 818/818/818 816/816/816 
f 816/816/816 818/818/818 818/818/818 
f 818/818/818 832/832/832 818/818/818 
f 818/818/818 832/832/832 832/832/832 
f 832/832/832 833/833/833 832/832/832 
f 832/832/832 833/833/833 834/834/834 
f 833/833/833 835/835/835 834/834/834 
f 834/834/834 835/835/835 836/836/836 
f 835/835/835 836/836/836 836/836/836 
f 836/836/836 836/836/836 834/834/834 
f 836/836/836 834/834/834 834/834/834 
f 834/834/834 834/834/834 834/834/834 
f 834/834/834 836/836/836 834/834/834 
f 834/834/834 836/836/836 837/837/837 
f 836/836/836 838/838/838 837/837/837 
f 837/837/837 838/838/838 839/839/839 
f 838/838/838 840/840/840 839/839/839 
f 839/839/839 840/840/840 841/841/841 
f 840/840/840 841/841/841 841/841/841 
f 841/841/841 841/841/841 841/841/841 
f 841/841/841 842/842/842 841/841/841 
f 841/841/841 842/842/842 839/839/839 
f 842/842/842 843/843/843 839/839/839 
f 839/839/839 843/843/843 844/844/844 
f 843/843/843 444/444/444 844/844/844 
f 844/844/844 444/444/444 446/446/446 
f 444/444/444 446/446/446 446/446/446 
f 446/446/446 446/446/446 446/446/446 
f 446/446/446 837/837/837 446/446/446 
f 446/446/446 837/837/837 844/844/844 
f 837/837/837 839/839/839 844/844/844 
f 844/844/844 839/839/839 839/839/839 
f 839/839/839 402/402/402 839/839/839 
f 839/839/839 402/402/402 402/402/402 
f 402/402/402 401/401/401 402/402/402 
f 402/402/402 401/401/401 403/403/403 
f 401/401/401 845/845/845 403/403/403 
f 403/403/403 845/845/845 405/405/405 
f 845/845/845 846/846/846 405/405/405 
f 405/405/405 846/846/846 846/846/846 
f 846/846/846 401/401/401 846/846/846 
f 846/846/846 401/401/401 401/401/401 
f 401/401/401 847/847/847 401/401/401 
f 401/401/401 847/847/847 845/845/845 
f 847/847/847 848/848/848 845/845/845 
f 845/845/845 848/848/848 846/846/846 
f 848/848/848 846/846/846 846/846/846 
f 846/846/846 846/846/846 847/847/847 
f 846/846/846 847/847/847 847/847/847 
f 847/847/847 847/847/847 847/847/847 
f 847/847/847 401/401/401 847/847/847 
f 847/847/847 401/401/401 849/849/849 
f 401/401/401 400/400/400 849/849/849 
f 849/849/849 400/400/400 850/850/850 
f 400/400/400 399/399/399 850/850/850 
f 850/850/850 399/399/399 851/851/851 
f 399/399/399 851/851/851 851/851/851 
f 851/851/851 851/851/851 851/851/851 
f 851/851/851 852/852/852 851/851/851 
f 851/851/851 852/852/852 850/850/850 
f 852/852/852 853/853/853 850/850/850 
f 850/850/850 853/853/853 849/849/849 
f 853/853/853 854/854/854 849/849/849 
f 849/849/849 854/854/854 847/847/847 
f 854/854/854 855/855/855 847/847/847 
f 847/847/847 855/855/855 848/848/848 
f 855/855/855 848/848/848 848/848/848 
f 848/848/848 848/848/848 852/852/852 
f 848/848/848 852/852/852 852/852/852 
f 852/852/852 852/852/852 852/852/852 
f 852/852/852 856/856/856 852/852/852 
f 852/852/852 856/856/856 853/853/853 
f 856/856/856 857/857/857 853/853/853 
f 853/853/853 857/857/857 854/854/854 
f 857/857/857 858/858/858 854/854/854 
f 854/854/854 858/858/858 855/855/855 
f 858/858/858 855/855/855 855/855/855 
f 855/855/855 855/855/855 858/858/858 
f 855/855/855 858/858/858 858/858/858 
f 858/858/858 858/858/858 858/858/858 
f 858/858/858 857/857/857 858/858/858 
f 858/858/858 857/857/857 859/859/859 
f 857/857/857 856/856/856 859/859/859 
f 859/859/859 856/856/856 860/860/860 
f 856/856/856 861/861/861 860/860/860 
f 860/860/860 861/861/861 862/862/862 
f 861/861/861 862/862/862 862/862/862 
f 862/862/862 862/862/862 861/861/861 
f 862/862/862 861/861/861 861/861/861 
f 861/861/861 861/861/861 861/861/861 
f 861/861/861 856/856/856 861/861/861 
f 861/861/861 856/856/856 863/863/863 
f 856/856/856 852/852/852 863/863/863 
f 863/863/863 852/852/852 864/864/864 
f 852/852/852 851/851/851 864/864/864 
f 864/864/864 851/851/851 851/851/851 
f 851/851/851 864/864/864 851/851/851 
f 851/851/851 864/864/864 864/864/864 
f 864/864/864 865/865/865 864/864/864 
f 864/864/864 865/865/865 863/863/863 
f 865/865/865 866/866/866 863/863/863 
f 863/863/863 866/866/866 867/867/867 
f 866/866/866 868/868/868 867/867/867 
f 867/867/867 868/868/868 868/868/868 
f 868/868/868 865/865/865 868/868/868 
f 868/868/868 865/865/865 865/865/865 
f 865/865/865 869/869/869 865/865/865 
f 865/865/865 869/869/869 866/866/866 
f 869/869/869 870/870/870 866/866/866 
f 866/866/866 870/870/870 868/868/868 
f 870/870/870 868/868/868 868/868/868 
f 868/868/868 868/868/868 871/871/871 
f 868/868/868 871/871/871 871/871/871 
f 871/871/871 871/871/871 871/871/871 
f 871/871/871 872/872/872 871/871/871 
f 871/871/871 872/872/872 873/873/873 
f 872/872/872 874/874/874 873/873/873 
f 873/873/873 874/874/874 874/874/874 
f 874/874/874 875/875/875 874/874/874 
f 874/874/874 875/875/875 875/875/875 
f 875/875/875 876/876/876 875/875/875 
f 875/875/875 876/876/876 877/877/877 
f 876/876/876 878/878/878 877/877/877 
f 877/877/877 878/878/878 878/878/878 
f 878/878/878 879/879/879 878/878/878 
f 878/878/878 879/879/879 879/879/879 
f 879/879/879 880/880/880 879/879/879 
f 879/879/879 880/880/880 881/881/881 
f 880/880/880 882/882/882 881/881/881 
f 881/881/881 882/882/882 882/882/882 
f 882/882/882 883/883/883 882/882/882 
f 882/882/882 883/883/883 883/883/883 
f 883/883/883 884/884/884 883/883/883 
f 883/883/883 884/884/884 885/885/885 
f 884/884/884 886/886/886 885/885/885 
f 885/885/885 886/886/886 886/886/886 
f 886/886/886 887/887/887 886/886/886 
f 886/886/886 887/887/887 887/887/887 
f 887/887/887 888/888/888 887/887/887 
f 887/887/887 888/888/888 889/889/889 
f 888/888/888 890/890/890 889/889/889 
f 889/889/889 890/890/890 890/890/890 
f 890/890/890 888/888/888 890/890/890 
f 890/890/890 888/888/888 891/891/891 
f 888/888/888 892/892/892 891/891/891 
f 891/891/891 892/892/892 893/893/893 
f 892/892/892 894/894/894 893/893/893 
f 893/893/893 894/894/894 894/894/894 
f 894/894/894 241/241/241 894/894/894 
f 894/894/894 241/241/241 241/241/241 
f 241/241/241 895/895/895 241/241/241 
f 241/241/241 895/895/895 245/245/245 
f 895/895/895 896/896/896 245/245/245 
f 245/245/245 896/896/896 897/897/897 
f 896/896/896 898/898/898 897/897/897 
f 897/897/897 898/898/898 899/899/899 
f 898/898/898 900/900/900 899/899/899 
f 899/899/899 900/900/900 901/901/901 
f 900/900/900 902/902/902 901/901/901 
f 901/901/901 902/902/902 903/903/903 
f 902/902/902 904/904/904 903/903/903 
f 903/903/903 904/904/904 905/905/905 
f 904/904/904 906/906/906 905/905/905 
f 905/905/905 906/906/906 907/907/907 
f 906/906/906 908/908/908 907/907/907 
f 907/907/907 908/908/908 909/909/909 
f 908/908/908 910/910/910 909/909/909 
f 909/909/909 910/910/910 911/911/911 
f 910/910/910 911/911/911 911/911/911 
f 911/911/911 911/911/911 901/901/901 
f 911/911/911 901/901/901 901/901/901 
f 901/901/901 901/901/901 901/901/901 
f 901/901/901 903/903/903 901/901/901 
f 901/901/901 903/903/903 899/899/899 
f 903/903/903 912/912/912 899/899/899 
f 899/899/899 912/912/912 897/897/897 
f 912/912/912 913/913/913 897/897/897 
f 897/897/897 913/913/913 245/245/245 
f 913/913/913 247/247/247 245/245/245 
f 245/245/245 247/247/247 247/247/247 
f 247/247/247 903/903/903 247/247/247 
f 247/247/247 903/903/903 903/903/903 
f 903/903/903 907/907/907 903/903/903 
f 903/903/903 907/907/907 912/912/912 
f 907/907/907 914/914/914 912/912/912 
f 912/912/912 914/914/914 913/913/913 
f 914/914/914 909/909/909 913/913/913 
f 913/913/913 909/909/909 915/915/915 
f 909/909/909 911/911/911 915/915/915 
f 915/915/915 911/911/911 916/916/916 
f 911/911/911 917/917/917 916/916/916 
f 916/916/916 917/917/917 917/917/917 
f 917/917/917 918/918/918 917/917/917 
f 917/917/917 918/918/918 918/918/918 
f 918/918/918 919/919/919 918/918/918 
f 918/918/918 919/919/919 920/920/920 
f 919/919/919 921/921/921 920/920/920 
f 920/920/920 921/921/921 922/922/922 
f 921/921/921 923/923/923 922/922/922 
f 922/922/922 923/923/923 924/924/924 
f 923/923/923 925/925/925 924/924/924 
f 924/924/924 925/925/925 926/926/926 
f 925/925/925 927/927/927 926/926/926 
f 926/926/926 927/927/927 927/927/927 
f 927/927/927 919/919/919 927/927/927 
f 927/927/927 919/919/919 919/919/919 
f 919/919/919 928/928/928 919/919/919 
f 919/919/919 928/928/928 921/921/921 
f 928/928/928 929/929/929 921/921/921 
f 921/921/921 929/929/929 923/923/923 
f 929/929/929 930/930/930 923/923/923 
f 923/923/923 930/930/930 925/925/925 
f 930/930/930 931/931/931 925/925/925 
f 925/925/925 931/931/931 927/927/927 
f 931/931/931 932/932/932 927/927/927 
f 927/927/927 932/932/932 932/932/932 
f 932/932/932 928/928/928 932/932/932 
f 932/932/932 928/928/928 928/928/928 
f 928/928/928 933/933/933 928/928/928 
f 928/928/928 933/933/933 929/929/929 
f 933/933/933 934/934/934 929/929/929 
f 929/929/929 934/934/934 930/930/930 
f 934/934/934 935/935/935 930/930/930 
f 930/930/930 935/935/935 931/931/931 
f 935/935/935 936/936/936 931/931/931 
f 931/931/931 936/936/936 932/932/932 
f 936/936/936 937/937/937 932/932/932 
f 932/932/932 937/937/937 937/937/937 
f 937/937/937 933/933/933 937/937/937 
f 937/937/937 933/933/933 933/933/933 
f 933/933/933 938/938/938 933/933/933 
f 933/933/933 938/938/938 934/934/934 
f 938/938/938 939/939/939 934/934/934 
f 934/934/934 939/939/939 935/935/935 
f 939/939/939 940/940/940 935/935/935 
f 935/935/935 940/940/940 936/936/936 
f 940/940/940 941/941/941 936/936/936 
f 936/936/936 941/941/941 937/937/937 
f 941/941/941 942/942/942 937/937/937 
f 937/937/937 942/942/942 942/942/942 
f 942/942/942 938/938/938 942/942/942 
f 942/942/942 938/938/938 938/938/938 
f 938/938/938 943/943/943 938/938/938 
f 938/938/938 943/943/943 939/939/939 
f 943/943/943 944/944/944 939/939/939 
f 939/939/939 944/944/944 940/940/940 
f 944/944/944 945/945/945 940/940/940 
f 940/940/940 945/945/945 941/941/941 
f 945/945/945 946/946/946 941/941/941 
f 941/941/941 946/946/946 942/942/942 
f 946/946/946 947/947/947 942/942/942 
f 942/942/942 947/947/947 947/947/947 
f 947/947/947 948/948/948 947/947/947 
f 947/947/947 948/948/948 948/948/948 
f 948/948/948 949/949/949 948/948/948 
f 948/948/948 949/949/949 950/950/950 
f 949/949/949 951/951/951 950/950/950 
f 950/950/950 951/951/951 952/952/952 
f 951/951/951 953/953/953 952/952/952 
f 952/952/952 953/953/953 954/954/954 
f 953/953/953 954/954/954 954/954/954 
f 954/954/954 954/954/954 952/952/952 
f 954/954/954 952/952/952 952/952/952 
f 952/952/952 952/952/952 952/952/952 
f 952/952/952 954/954/954 952/952/952 
f 952/952/952 954/954/954 955/955/955 
f 954/954/954 956/956/956 955/955/955 
f 955/955/955 956/956/956 956/956/956 
f 956/956/956 954/954/954 956/956/956 
f 956/956/956 954/954/954 954/954/954 
f 954/954/954 957/957/957 954/954/954 
f 954/954/954 957/957/957 956/956/956 
f 957/957/957 958/958/958 956/956/956 
f 956/956/956 958/958/958 958/958/958 
f 958/958/958 957/957/957 958/958/958 
f 958/958/958 957/957/957 957/957/957 
f 957/957/957 959/959/959 957/957/957 
f 957/957/957 959/959/959 958/958/958 
f 959/959/959 960/960/960 958/958/958 
f 958/958/958 960/960/960 960/960/960 
f 960/960/960 959/959/959 960/960/960 
f 960/960/960 959/959/959 959/959/959 
f 959/959/959 961/961/961 959/959/959 
f 959/959/959 961/961/961 960/960/960 
f 961/961/961 962/962/962 960/960/960 
f 960/960/960 962/962/962 962/962/962 
f 962/962/962 961/961/961 962/962/962 
f 962/962/962 961/961/961 961/961/961 
f 961/961/961 963/963/963 961/961/961 
f 961/961/961 963/963/963 962/962/962 
f 963/963/963 964/964/964 962/962/962 
f 962/962/962 964/964/964 964/964/964 
f 964/964/964 963/963/963 964/964/964 
f 964/964/964 963/963/963 963/963/963 
f 963/963/963 965/965/965 963/963/963 
f 963/963/963 965/965/965 964/964/964 
f 965/965/965 966/966/966 964/964/964 
f 964/964/964 966/966/966 966/966/966 
f 966/966/966 965/965/965 966/966/966 
f 966/966/966 965/965/965 965/965/965 
f 965/965/965 967/967/967 965/965/965 
f 965/965/965 967/967/967 966/966/966 
f 967/967/967 968/968/968 966/966/966 
f 966/966/966 968/968/968 968/968/968 
f 968/968/968 967/967/967 968/968/968 
f 968/968/968 967/967/967 967/967/967 
f 967/967/967 969/969/969 967/967/967 
f 967/967/967 969/969/969 968/968/968 
f 969/969/969 970/970/970 968/968/968 
f 968/968/968 970/970/970 970/970/970 
f 970/970/970 969/969/969 970/970/970 
f 970/970/970 969/969/969 969/969/969 
f 969/969/969 971/971/971 969/969/969 
f 969/969/969 971/971/971 970/970/970 
f 971/971/971 972/972/972 970/970/970 
f 970/970/970 972/972/972 972/972/972 
f 972/972/972 971/971/971 972/972/972 
f 972/972/972 971/971/971 973/973/973 
f 971/971/971 974/974/974 973/973/973 
f 973/973/973 974/974/974 974/974/974 
f 974/974/974 975/975/975 974/974/974 
f 974/974/974 975/975/975 975/975/975 
f 975/975/975 976/976/976 975/975/975 
f 975/975/975 976/976/976 977/977/977 
f 976/976/976 978/978/978 977/977/977 
f 977/977/977 978/978/978 978/978/978 
f 978/978/978 979/979/979 978/978/978 
f 978/978/978 979/979/979 979/979/979 
f 979/979/979 980/980/980 979/979/979 
f 979/979/979 980/980/980 981/981/981 
f 980/980/980 982/982/982 981/981/981 
f 981/981/981 982/982/982 982/982/982 
f 982/982/982 983/983/983 982/982/982 
f 982/982/982 983/983/983 983/983/983 
f 983/983/983 984/984/984 983/983/983 
f 983/983/983 984/984/984 985/985/985 
f 984/984/984 986/986/986 985/985/985 
f 985/985/985 986/986/986 986/986/986 
f 986/986/986 987/987/987 986/986/986 
f 986/986/986 987/987/987 987/987/987 
f 987/987/987 988/988/988 987/987/987 
f 987/987/987 988/988/988 989/989/989 
f 988/988/988 990/990/990 989/989/989 
f 989/989/989 990/990/990 990/990/990 
f 990/990/990 991/991/991 990/990/990 
f 990/990/990 991/991/991 991/991/991 
f 991/991/991 992/992/992 991/991/991 
f 991/991/991 992/992/992 993/993/993 
f 992/992/992 994/994/994 993/993/993 
f 993/993/993 994/994/994 994/994/994 
f 994/994/994 995/995/995 994/994/994 
f 994/994/994 995/995/995 995/995/995 
f 995/995/995 996/996/996 995/995/995 
f 995/995/995 996/996/996 997/997/997 
f 996/996/996 998/998/998 997/997/997 
f 997/997/997 998/998/998 998/998/998 
f 998/998/998 999/999/999 998/998/998 
f 998/998/998 999/999/999 999/999/999 
f 999/999/999 1000/1000/1000 999/999/999 
f 999/999/999 1000/1000/1000 1001/1001/1001 
f 1000/1000/1000 1002/1002/1002 1001/1001/1001 
f 1001/1001/1001 1002/1002/1002 1002/1002/1002 
f 1002/1002/1002 1003/1003/1003 1002/1002/1002 
f 1002/1002/1002 1003/1003/1003 1003/1003/1003 
f 1003/1003/1003 1004/1004/1004 1003/1003/1003 
f 1003/1003/1003 1004/1004/1004 1005/1005/1005 
f 1004/1004/1004 1006/1006/1006 1005/1005/1005 
f 1005/1005/1005 1006/1006/1006 1006/1006/1006 
f 1006/1006/1006 1007/1007/1007 1006/1006/1006 
f 1006/1006/1006 1007/1007/1007 1007/1007/1007 
f 1007/1007/1007 1008/1008/1008 1007/1007/1007 
f 1007/1007/1007 1008/1008/1008 1009/1009/1009 
f 1008/1008/1008 1010/1010/1010 1009/1009/1009 
f 1009/1009/1009 1010/1010/1010 1011/1011/1011 
f 1010/1010/1010 1012/1012/1012 1011/1011/1011 
f 1011/1011/1011 1012/1012/1012 1013/1013/1013 
f 1012/1012/1012 1013/1013/1013 1013/1013/1013 
f 1013/1013/1013 1013/1013/1013 1011/1011/1011 
f 1013/1013/1013 1011/1011/1011 1011/1011/1011 
f 1011/1011/1011 1011/1011/1011 1011/1011/1011 
f 1011/1011/1011 1013/1013/1013 1011/1011/1011 
f 1011/1011/1011 1013/1013/1013 1014/1014/1014 
f 1013/1013/1013 1015/1015/1015 1014/1014/1014 
f 1014/1014/1014 1015/1015/1015 1015/1015/1015 
f 1015/1015/1015 1013/1013/1013 1015/1015/1015 
f 1015/1015/1015 1013/1013/1013 1013/1013/1013 
f 1013/1013/1013 1016/1016/1016 1013/1013/1013 
f 1013/1013/1013 1016/1016/1016 1015/1015/1015 
f 1016/1016/1016 1017/1017/1017 1015/1015/1015 
f 1015/1015/1015 1017/1017/1017 1017/1017/1017 
f 1017/1017/1017 1016/1016/1016 1017/1017/1017 
f 1017/1017/1017 1016/1016/1016 1016/1016/1016 
f 1016/1016/1016 1018/1018/1018 1016/1016/1016 
f 1016/1016/1016 1018/1018/1018 1017/1017/1017 
f 1018/1018/1018 1019/1019/1019 1017/1017/1017 
f 1017/1017/1017 1019/1019/1019 1020/1020/1020 
f 1019/1019/1019 1021/1021/1021 1020/1020/1020 
f 1020/1020/1020 1021/1021/1021 1022/1022/1022 
f 1021/1021/1021 1023/1023/1023 1022/1022/1022 
f 1022/1022/1022 1023/1023/1023 1023/1023/1023 
f 1023/1023/1023 1021/1021/1021 1023/1023/1023 
f 1023/1023/1023 1021/1021/1021 1021/1021/1021 
f 1021/1021/1021 1024/1024/1024 1021/1021/1021 
f 1021/1021/1021 1024/1024/1024 1023/1023/1023 
f 1024/1024/1024 1025/1025/1025 1023/1023/1023 
f 1023/1023/1023 1025/1025/1025 1026/1026/1026 
f 1025/1025/1025 1027/1027/1027 1026/1026/1026 
f 1026/1026/1026 1027/1027/1027 1028/1028/1028 
f 1027/1027/1027 1028/1028/1028 1028/1028/1028 
f 1028/1028/1028 1028/1028/1028 1029/1029/1029 
f 1028/1028/1028 1029/1029/1029 1029/1029/1029 
f 1029/1029/1029 1029/1029/1029 1029/1029/1029 
f 1029/1029/1029 1030/1030/1030 1029/1029/1029 
f 1029/1029/1029 1030/1030/1030 1031/1031/1031 
f 1030/1030/1030 1032/1032/1032 1031/1031/1031 
f 1031/1031/1031 1032/1032/1032 1032/1032/1032 
f 1032/1032/1032 1033/1033/1033 1032/1032/1032 
f 1032/1032/1032 1033/1033/1033 1033/1033/1033 
f 1033/1033/1033 1034/1034/1034 1033/1033/1033 
f 1033/1033/1033 1034/1034/1034 1035/1035/1035 
f 1034/1034/1034 1036/1036/1036 1035/1035/1035 
f 1035/1035/1035 1036/1036/1036 1036/1036/1036 
f 1036/1036/1036 1037/1037/1037 1036/1036/1036 
f 1036/1036/1036 1037/1037/1037 1037/1037/1037 
f 1037/1037/1037 1038/1038/1038 1037/1037/1037 
f 1037/1037/1037 1038/1038/1038 1039/1039/1039 
f 1038/1038/1038 1040/1040/1040 1039/1039/1039 
f 1039/1039/1039 1040/1040/1040 1041/1041/1041 
f 1040/1040/1040 1042/1042/1042 1041/1041/1041 
f 1041/1041/1041 1042/1042/1042 1043/1043/1043 
f 1042/1042/1042 1044/1044/1044 1043/1043/1043 
f 1043/1043/1043 1044/1044/1044 1045/1045/1045 
f 1044/1044/1044 1046/1046/1046 1045/1045/1045 
f 1045/1045/1045 1046/1046/1046 1046/1046/1046 
f 1046/1046/1046 1038/1038/1038 1046/1046/1046 
f 1046/1046/1046 1038/1038/1038 1038/1038/1038 
f 1038/1038/1038 1047/1047/1047 1038/1038/1038 
f 1038/1038/1038 1047/1047/1047 1040/1040/1040 
f 1047/1047/1047 1048/1048/1048 1040/1040/1040 
f 1040/1040/1040 1048/1048/1048 1042/1042/1042 
f 1048/1048/1048 1049/1049/1049 1042/1042/1042 
f 1042/1042/1042 1049/1049/1049 1044/1044/1044 
f 1049/1049/1049 1050/1050/1050 1044/1044/1044 
f 1044/1044/1044 1050/1050/1050 1046/1046/1046 
f 1050/1050/1050 1051/1051/1051 1046/1046/1046 
f 1046/1046/1046 1051/1051/1051 1051/1051/1051 
f 1051/1051/1051 1047/1047/1047 1051/1051/1051 
f 1051/1051/1051 1047/1047/1047 1047/1047/1047 
f 1047/1047/1047 1052/1052/1052 1047/1047/1047 
f 1047/1047/1047 1052/1052/1052 1048/1048/1048 
f 1052/1052/1052 1053/1053/1053 1048/1048/1048 
f 1048/1048/1048 1053/1053/1053 1049/1049/1049 
f 1053/1053/1053 1054/1054/1054 1049/1049/1049 
f 1049/1049/1049 1054/1054/1054 1050/1050/1050 
f 1054/1054/1054 1055/1055/1055 1050/1050/1050 
f 1050/1050/1050 1055/1055/1055 1051/1051/1051 
f 1055/1055/1055 1056/1056/1056 1051/1051/1051 
f 1051/1051/1051 1056/1056/1056 1056/1056/1056 
f 1056/1056/1056 1052/1052/1052 1056/1056/1056 
f 1056/1056/1056 1052/1052/1052 1052/1052/1052 
f 1052/1052/1052 1057/1057/1057 1052/1052/1052 
f 1052/1052/1052 1057/1057/1057 1053/1053/1053 
f 1057/1057/1057 1058/1058/1058 1053/1053/1053 
f 1053/1053/1053 1058/1058/1058 1054/1054/1054 
f 1058/1058/1058 1059/1059/1059 1054/1054/1054 
f 1054/1054/1054 1059/1059/1059 1055/1055/1055 
f 1059/1059/1059 1060/1060/1060 1055/1055/1055 
f 1055/1055/1055 1060/1060/1060 1056/1056/1056 
f 1060/1060/1060 1061/1061/1061 1056/1056/1056 
f 1056/1056/1056 1061/1061/1061 1061/1061/1061 
f 1061/1061/1061 1057/1057/1057 1061/1061/1061 
f 1061/1061/1061 1057/1057/1057 1057/1057/1057 
f 1057/1057/1057 1062/1062/1062 1057/1057/1057 
f 1057/1057/1057 1062/1062/1062 1058/1058/1058 
f 1062/1062/1062 1063/1063/1063 1058/1058/1058 
f 1058/1058/1058 1063/1063/1063 1059/1059/1059 
f 1063/1063/1063 1064/1064/1064 1059/1059/1059 
f 1059/1059/1059 1064/1064/1064 1060/1060/1060 
f 1064/1064/1064 1065/1065/1065 1060/1060/1060 
f 1060/1060/1060 1065/1065/1065 1061/1061/1061 
f 1065/1065/1065 1066/1066/1066 1061/1061/1061 
f 1061/1061/1061 1066/1066/1066 1066/1066/1066 
f 1066/1066/1066 1016/1016/1016 1066/1066/1066 
f 1066/1066/1066 1016/1016/1016 1016/1016/1016 
f 1016/1016/1016 1067/1067/1067 1016/1016/1016 
f 1016/1016/1016 1067/1067/1067 1018/1018/1018 
f 1067/1067/1067 1068/1068/1068 1018/1018/1018 
f 1018/1018/1018 1068/1068/1068 1069/1069/1069 
f 1068/1068/1068 1069/1069/1069 1069/1069/1069 
f 1069/1069/1069 1069/1069/1069 1070/1070/1070 
f 1069/1069/1069 1070/1070/1070 1070/1070/1070 
f 1070/1070/1070 1070/1070/1070 1070/1070/1070 
f 1070/1070/1070 1071/1071/1071 1070/1070/1070 
f 1070/1070/1070 1071/1071/1071 1072/1072/1072 
f 1071/1071/1071 1073/1073/1073 1072/1072/1072 
f 1072/1072/1072 1073/1073/1073 1074/1074/1074 
f 1073/1073/1073 1075/1075/1075 1074/1074/1074 
f 1074/1074/1074 1075/1075/1075 1076/1076/1076 
f 1075/1075/1075 1077/1077/1077 1076/1076/1076 
f 1076/1076/1076 1077/1077/1077 1078/1078/1078 
f 1077/1077/1077 1079/1079/1079 1078/1078/1078 
f 1078/1078/1078 1079/1079/1079 1080/1080/1080 
f 1079/1079/1079 1081/1081/1081 1080/1080/1080 
f 1080/1080/1080 1081/1081/1081 1082/1082/1082 
f 1081/1081/1081 1082/1082/1082 1082/1082/1082 
f 1082/1082/1082 1082/1082/1082 1077/1077/1077 
f 1082/1082/1082 1077/1077/1077 1077/1077/1077 
f 1077/1077/1077 1077/1077/1077 1077/1077/1077 
f 1077/1077/1077 1075/1075/1075 1077/1077/1077 
f 1077/1077/1077 1075/1075/1075 1083/1083/1083 
f 1075/1075/1075 1073/1073/1073 1083/1083/1083 
f 1083/1083/1083 1073/1073/1073 1071/1071/1071 
f 1073/1073/1073 1071/1071/1071 1071/1071/1071 
f 1071/1071/1071 1071/1071/1071 1071/1071/1071 
f 1071/1071/1071 1084/1084/1084 1071/1071/1071 
f 1071/1071/1071 1084/1084/1084 1083/1083/1083 
f 1084/1084/1084 1085/1085/1085 1083/1083/1083 
f 1083/1083/1083 1085/1085/1085 1086/1086/1086 
f 1085/1085/1085 1087/1087/1087 1086/1086/1086 
f 1086/1086/1086 1087/1087/1087 1088/1088/1088 
f 1087/1087/1087 1089/1089/1089 1088/1088/1088 
f 1088/1088/1088 1089/1089/1089 1089/1089/1089 
f 1089/1089/1089 1088/1088/1088 1089/1089/1089 
f 1089/1089/1089 1088/1088/1088 1088/1088/1088 
f 1088/1088/1088 1090/1090/1090 1088/1088/1088 
f 1088/1088/1088 1090/1090/1090 1086/1086/1086 
f 1090/1090/1090 1091/1091/1091 1086/1086/1086 
f 1086/1086/1086 1091/1091/1091 1083/1083/1083 
f 1091/1091/1091 1077/1077/1077 1083/1083/1083 
f 1083/1083/1083 1077/1077/1077 1077/1077/1077 
f 1077/1077/1077 1090/1090/1090 1077/1077/1077 
f 1077/1077/1077 1090/1090/1090 1090/1090/1090 
f 1090/1090/1090 1092/1092/1092 1090/1090/1090 
f 1090/1090/1090 1092/1092/1092 1091/1091/1091 
f 1092/1092/1092 1077/1077/1077 1091/1091/1091 
f 1091/1091/1091 1077/1077/1077 1077/1077/1077 
f 1077/1077/1077 1092/1092/1092 1077/1077/1077 
f 1077/1077/1077 1092/1092/1092 1092/1092/1092 
f 1092/1092/1092 1093/1093/1093 1092/1092/1092 
f 1092/1092/1092 1093/1093/1093 1077/1077/1077 
f 1093/1093/1093 1079/1079/1079 1077/1077/1077 
f 1077/1077/1077 1079/1079/1079 1079/1079/1079 
f 1079/1079/1079 1094/1094/1094 1079/1079/1079 
f 1079/1079/1079 1094/1094/1094 1094/1094/1094 
f 1094/1094/1094 1095/1095/1095 1094/1094/1094 
f 1094/1094/1094 1095/1095/1095 1096/1096/1096 
f 1095/1095/1095 1097/1097/1097 1096/1096/1096 
f 1096/1096/1096 1097/1097/1097 1097/1097/1097 
f 1097/1097/1097 311/311/311 1097/1097/1097 
f 1097/1097/1097 311/311/311 311/311/311 
f 311/311/311 1098/1098/1098 311/311/311 
f 311/311/311 1098/1098/1098 309/309/309 
f 1098/1098/1098 308/308/308 309/309/309 
f 309/309/309 308/308/308 308/308/308 
f 308/308/308 1098/1098/1098 308/308/308 
f 308/308/308 1098/1098/1098 1098/1098/1098 
f 1098/1098/1098 1099/1099/1099 1098/1098/1098 
f 1098/1098/1098 1099/1099/1099 308/308/308 
f 1099/1099/1099 307/307/307 308/308/308 
f 308/308/308 307/307/307 307/307/307 
f 307/307/307 1099/1099/1099 307/307/307 
f 307/307/307 1099/1099/1099 1099/1099/1099 
f 1099/1099/1099 1100/1100/1100 1099/1099/1099 
f 1099/1099/1099 1100/1100/1100 307/307/307 
f 1100/1100/1100 306/306/306 307/307/307 
f 307/307/307 306/306/306 306/306/306 
f 306/306/306 1100/1100/1100 306/306/306 
f 306/306/306 1100/1100/1100 1100/1100/1100 
f 1100/1100/1100 1101/1101/1101 1100/1100/1100 
f 1100/1100/1100 1101/1101/1101 306/306/306 
f 1101/1101/1101 1102/1102/1102 306/306/306 
f 306/306/306 1102/1102/1102 305/305/305 
f 1102/1102/1102 1103/1103/1103 305/305/305 
f 305/305/305 1103/1103/1103 1103/1103/1103 
f 1103/1103/1103 1102/1102/1102 1103/1103/1103 
f 1103/1103/1103 1102/1102/1102 1104/1104/1104 
f 1102/1102/1102 1101/1101/1101 1104/1104/1104 
f 1104/1104/1104 1101/1101/1101 1101/1101/1101 
f 1101/1101/1101 1074/1074/1074 1101/1101/1101 
f 1101/1101/1101 1074/1074/1074 1074/1074/1074 
f 1074/1074/1074 1076/1076/1076 1074/1074/1074 
f 1074/1074/1074 1076/1076/1076 1105/1105/1105 
f 1076/1076/1076 1106/1106/1106 1105/1105/1105 
f 1105/1105/1105 1106/1106/1106 1106/1106/1106 
f 1106/1106/1106 1076/1076/1076 1106/1106/1106 
f 1106/1106/1106 1076/1076/1076 1107/1107/1107 
f 1076/1076/1076 1080/1080/1080 1107/1107/1107 
f 1107/1107/1107 1080/1080/1080 1108/1108/1108 
f 1080/1080/1080 1109/1109/1109 1108/1108/1108 
f 1108/1108/1108 1109/1109/1109 1110/1110/1110 
f 1109/1109/1109 1111/1111/1111 1110/1110/1110 
f 1110/1110/1110 1111/1111/1111 1112/1112/1112 
f 1111/1111/1111 1112/1112/1112 1112/1112/1112 
f 1112/1112/1112 1112/1112/1112 1111/1111/1111 
f 1112/1112/1112 1111/1111/1111 1111/1111/1111 
f 1111/1111/1111 1111/1111/1111 1111/1111/1111 
f 1111/1111/1111 1109/1109/1109 1111/1111/1111 
f 1111/1111/1111 1109/1109/1109 1082/1082/1082 
f 1109/1109/1109 1080/1080/1080 1082/1082/1082 
f 1082/1082/1082 1080/1080/1080 1080/1080/1080 
f 1080/1080/1080 1084/1084/1084 1080/1080/1080 
f 1080/1080/1080 1084/1084/1084 1084/1084/1084 
f 1084/1084/1084 1113/1113/1113 1084/1084/1084 
f 1084/1084/1084 1113/1113/1113 1085/1085/1085 
f 1113/1113/1113 1114/1114/1114 1085/1085/1085 
f 1085/1085/1085 1114/1114/1114 1087/1087/1087 
f 1114/1114/1114 1087/1087/1087 1087/1087/1087 
f 1087/1087/1087 1087/1087/1087 1115/1115/1115 
f 1087/1087/1087 1115/1115/1115 1115/1115/1115 
f 1115/1115/1115 1115/1115/1115 1115/1115/1115 
f 1115/1115/1115 1116/1116/1116 1115/1115/1115 
f 1115/1115/1115 1116/1116/1116 1117/1117/1117 
f 1116/1116/1116 1118/1118/1118 1117/1117/1117 
f 1117/1117/1117 1118/1118/1118 1118/1118/1118 
f 1118/1118/1118 1119/1119/1119 1118/1118/1118 
f 1118/1118/1118 1119/1119/1119 1119/1119/1119 
f 1119/1119/1119 1120/1120/1120 1119/1119/1119 
f 1119/1119/1119 1120/1120/1120 1121/1121/1121 
f 1120/1120/1120 1122/1122/1122 1121/1121/1121 
f 1121/1121/1121 1122/1122/1122 1122/1122/1122 
f 1122/1122/1122 1123/1123/1123 1122/1122/1122 
f 1122/1122/1122 1123/1123/1123 1123/1123/1123 
f 1123/1123/1123 1124/1124/1124 1123/1123/1123 
f 1123/1123/1123 1124/1124/1124 1125/1125/1125 
f 1124/1124/1124 1126/1126/1126 1125/1125/1125 
f 1125/1125/1125 1126/1126/1126 1126/1126/1126 
f 1126/1126/1126 1127/1127/1127 1126/1126/1126 
f 1126/1126/1126 1127/1127/1127 1127/1127/1127 
f 1127/1127/1127 1128/1128/1128 1127/1127/1127 
f 1127/1127/1127 1128/1128/1128 1129/1129/1129 
f 1128/1128/1128 1130/1130/1130 1129/1129/1129 
f 1129/1129/1129 1130/1130/1130 1130/1130/1130 
f 1130/1130/1130 1131/1131/1131 1130/1130/1130 
f 1130/1130/1130 1131/1131/1131 1131/1131/1131 
f 1131/1131/1131 1132/1132/1132 1131/1131/1131 
f 1131/1131/1131 1132/1132/1132 1133/1133/1133 
f 1132/1132/1132 1134/1134/1134 1133/1133/1133 
f 1133/1133/1133 1134/1134/1134 1134/1134/1134 
f 1134/1134/1134 1135/1135/1135 1134/1134/1134 
f 1134/1134/1134 1135/1135/1135 1135/1135/1135 
f 1135/1135/1135 1136/1136/1136 1135/1135/1135 
f 1135/1135/1135 1136/1136/1136 1137/1137/1137 
f 1136/1136/1136 1138/1138/1138 1137/1137/1137 
f 1137/1137/1137 1138/1138/1138 1139/1139/1139 
f 1138/1138/1138 1140/1140/1140 1139/1139/1139 
f 1139/1139/1139 1140/1140/1140 1141/1141/1141 
f 1140/1140/1140 1141/1141/1141 1141/1141/1141 
f 1141/1141/1141 1141/1141/1141 1139/1139/1139 
f 1141/1141/1141 1139/1139/1139 1139/1139/1139 
f 1139/1139/1139 1139/1139/1139 1139/1139/1139 
f 1139/1139/1139 1141/1141/1141 1139/1139/1139 
f 1139/1139/1139 1141/1141/1141 1142/1142/1142 
f 1141/1141/1141 1143/1143/1143 1142/1142/1142 
f 1142/1142/1142 1143/1143/1143 1143/1143/1143 
f 1143/1143/1143 1144/1144/1144 1143/1143/1143 
f 1143/1143/1143 1144/1144/1144 1144/1144/1144 
f 1144/1144/1144 1145/1145/1145 1144/1144/1144 
f 1144/1144/1144 1145/1145/1145 1146/1146/1146 
f 1145/1145/1145 1147/1147/1147 1146/1146/1146 
f 1146/1146/1146 1147/1147/1147 1147/1147/1147 
f 1147/1147/1147 1145/1145/1145 1147/1147/1147 
f 1147/1147/1147 1145/1145/1145 1145/1145/1145 
f 1145/1145/1145 1148/1148/1148 1145/1145/1145 
f 1145/1145/1145 1148/1148/1148 1147/1147/1147 
f 1148/1148/1148 896/896/896 1147/1147/1147 
f 1147/1147/1147 896/896/896 896/896/896 
f 896/896/896 1145/1145/1145 896/896/896 
f 896/896/896 1145/1145/1145 1145/1145/1145 
f 1145/1145/1145 1149/1149/1149 1145/1145/1145 
f 1145/1145/1145 1149/1149/1149 1148/1148/1148 
f 1149/1149/1149 1150/1150/1150 1148/1148/1148 
f 1148/1148/1148 1150/1150/1150 1151/1151/1151 
f 1150/1150/1150 1152/1152/1152 1151/1151/1151 
f 1151/1151/1151 1152/1152/1152 1153/1153/1153 
f 1152/1152/1152 1154/1154/1154 1153/1153/1153 
f 1153/1153/1153 1154/1154/1154 900/900/900 
f 1154/1154/1154 902/902/902 900/900/900 
f 900/900/900 902/902/902 902/902/902 
f 902/902/902 1153/1153/1153 902/902/902 
f 902/902/902 1153/1153/1153 1153/1153/1153 
f 1153/1153/1153 900/900/900 1153/1153/1153 
f 1153/1153/1153 900/900/900 1151/1151/1151 
f 900/900/900 898/898/898 1151/1151/1151 
f 1151/1151/1151 898/898/898 1155/1155/1155 
f 898/898/898 896/896/896 1155/1155/1155 
f 1155/1155/1155 896/896/896 1148/1148/1148 
f 896/896/896 1148/1148/1148 1148/1148/1148 
f 1148/1148/1148 1148/1148/1148 1156/1156/1156 
f 1148/1148/1148 1156/1156/1156 1156/1156/1156 
f 1156/1156/1156 1156/1156/1156 1156/1156/1156 
f 1156/1156/1156 1157/1157/1157 1156/1156/1156 
f 1156/1156/1156 1157/1157/1157 1158/1158/1158 
f 1157/1157/1157 1159/1159/1159 1158/1158/1158 
f 1158/1158/1158 1159/1159/1159 1160/1160/1160 
f 1159/1159/1159 1161/1161/1161 1160/1160/1160 
f 1160/1160/1160 1161/1161/1161 1162/1162/1162 
f 1161/1161/1161 1162/1162/1162 1162/1162/1162 
f 1162/1162/1162 1162/1162/1162 1160/1160/1160 
f 1162/1162/1162 1160/1160/1160 1160/1160/1160 
f 1160/1160/1160 1160/1160/1160 1160/1160/1160 
f 1160/1160/1160 1162/1162/1162 1160/1160/1160 
f 1160/1160/1160 1162/1162/1162 1163/1163/1163 
f 1162/1162/1162 1164/1164/1164 1163/1163/1163 
f 1163/1163/1163 1164/1164/1164 1164/1164/1164 
f 1164/1164/1164 1162/1162/1162 1164/1164/1164 
f 1164/1164/1164 1162/1162/1162 1162/1162/1162 
f 1162/1162/1162 1165/1165/1165 1162/1162/1162 
f 1162/1162/1162 1165/1165/1165 1164/1164/1164 
f 1165/1165/1165 1166/1166/1166 1164/1164/1164 
f 1164/1164/1164 1166/1166/1166 1166/1166/1166 
f 1166/1166/1166 1165/1165/1165 1166/1166/1166 
f 1166/1166/1166 1165/1165/1165 1165/1165/1165 
f 1165/1165/1165 1167/1167/1167 1165/1165/1165 
f 1165/1165/1165 1167/1167/1167 1166/1166/1166 
f 1167/1167/1167 1168/1168/1168 1166/1166/1166 
f 1166/1166/1166 1168/1168/1168 1169/1169/1169 
f 1168/1168/1168 1170/1170/1170 1169/1169/1169 
f 1169/1169/1169 1170/1170/1170 1171/1171/1171 
f 1170/1170/1170 1172/1172/1172 1171/1171/1171 
f 1171/1171/1171 1172/1172/1172 1173/1173/1173 
f 1172/1172/1172 1174/1174/1174 1173/1173/1173 
f 1173/1173/1173 1174/1174/1174 1175/1175/1175 
f 1174/1174/1174 1175/1175/1175 1175/1175/1175 
f 1175/1175/1175 1175/1175/1175 1176/1176/1176 
f 1175/1175/1175 1176/1176/1176 1176/1176/1176 
f 1176/1176/1176 1176/1176/1176 1176/1176/1176 
f 1176/1176/1176 1177/1177/1177 1176/1176/1176 
f 1176/1176/1176 1177/1177/1177 1178/1178/1178 
f 1177/1177/1177 1179/1179/1179 1178/1178/1178 
f 1178/1178/1178 1179/1179/1179 1179/1179/1179 
f 1179/1179/1179 1177/1177/1177 1179/1179/1179 
f 1179/1179/1179 1177/1177/1177 1180/1180/1180 
f 1177/1177/1177 1181/1181/1181 1180/1180/1180 
f 1180/1180/1180 1181/1181/1181 1182/1182/1182 
f 1181/1181/1181 1182/1182/1182 1182/1182/1182 
f 1182/1182/1182 1182/1182/1182 281/281/281 
f 1182/1182/1182 281/281/281 281/281/281 
f 281/281/281 281/281/281 281/281/281 
f 281/281/281 285/285/285 281/281/281 
f 281/281/281 285/285/285 282/282/282 
f 285/285/285 1183/1183/1183 282/282/282 
f 282/282/282 1183/1183/1183 1183/1183/1183 
f 1183/1183/1183 1184/1184/1184 1183/1183/1183 
f 1183/1183/1183 1184/1184/1184 1184/1184/1184 
f 1184/1184/1184 1185/1185/1185 1184/1184/1184 
f 1184/1184/1184 1185/1185/1185 1087/1087/1087 
f 1185/1185/1185 1089/1089/1089 1087/1087/1087 
f 1087/1087/1087 1089/1089/1089 1089/1089/1089 
f 1089/1089/1089 1186/1186/1186 1089/1089/1089 
f 1089/1089/1089 1186/1186/1186 1186/1186/1186 
f 1186/1186/1186 1187/1187/1187 1186/1186/1186 
f 1186/1186/1186 1187/1187/1187 1188/1188/1188 
f 1187/1187/1187 1189/1189/1189 1188/1188/1188 
f 1188/1188/1188 1189/1189/1189 1190/1190/1190 
f 1189/1189/1189 1191/1191/1191 1190/1190/1190 
f 1190/1190/1190 1191/1191/1191 1192/1192/1192 
f 1191/1191/1191 1192/1192/1192 1192/1192/1192 
f 1192/1192/1192 1192/1192/1192 1193/1193/1193 
f 1192/1192/1192 1193/1193/1193 1193/1193/1193 
f 1193/1193/1193 1193/1193/1193 1193/1193/1193 
f 1193/1193/1193 1194/1194/1194 1193/1193/1193 
f 1193/1193/1193 1194/1194/1194 1195/1195/1195 
f 1194/1194/1194 1196/1196/1196 1195/1195/1195 
f 1195/1195/1195 1196/1196/1196 1196/1196/1196 
f 1196/1196/1196 1197/1197/1197 1196/1196/1196 
f 1196/1196/1196 1197/1197/1197 1197/1197/1197 
f 1197/1197/1197 1198/1198/1198 1197/1197/1197 
f 1197/1197/1197 1198/1198/1198 1199/1199/1199 
f 1198/1198/1198 1200/1200/1200 1199/1199/1199 
f 1199/1199/1199 1200/1200/1200 1200/1200/1200 
f 1200/1200/1200 1201/1201/1201 1200/1200/1200 
f 1200/1200/1200 1201/1201/1201 1201/1201/1201 
f 1201/1201/1201 1202/1202/1202 1201/1201/1201 
f 1201/1201/1201 1202/1202/1202 1203/1203/1203 
f 1202/1202/1202 1204/1204/1204 1203/1203/1203 
f 1203/1203/1203 1204/1204/1204 1204/1204/1204 
f 1204/1204/1204 1205/1205/1205 1204/1204/1204 
f 1204/1204/1204 1205/1205/1205 1205/1205/1205 
f 1205/1205/1205 1206/1206/1206 1205/1205/1205 
f 1205/1205/1205 1206/1206/1206 1207/1207/1207 
f 1206/1206/1206 1208/1208/1208 1207/1207/1207 
f 1207/1207/1207 1208/1208/1208 1208/1208/1208 
f 1208/1208/1208 1206/1206/1206 1208/1208/1208 
f 1208/1208/1208 1206/1206/1206 1206/1206/1206 
f 1206/1206/1206 1209/1209/1209 1206/1206/1206 
f 1206/1206/1206 1209/1209/1209 1208/1208/1208 
f 1209/1209/1209 1210/1210/1210 1208/1208/1208 
f 1208/1208/1208 1210/1210/1210 1211/1211/1211 
f 1210/1210/1210 1212/1212/1212 1211/1211/1211 
f 1211/1211/1211 1212/1212/1212 1213/1213/1213 
f 1212/1212/1212 1213/1213/1213 1213/1213/1213 
f 1213/1213/1213 1213/1213/1213 1211/1211/1211 
f 1213/1213/1213 1211/1211/1211 1211/1211/1211 
f 1211/1211/1211 1211/1211/1211 1211/1211/1211 
f 1211/1211/1211 1213/1213/1213 1211/1211/1211 
f 1211/1211/1211 1213/1213/1213 1214/1214/1214 
f 1213/1213/1213 1215/1215/1215 1214/1214/1214 
f 1214/1214/1214 1215/1215/1215 1216/1216/1216 
f 1215/1215/1215 1217/1217/1217 1216/1216/1216 
f 1216/1216/1216 1217/1217/1217 1218/1218/1218 
f 1217/1217/1217 1219/1219/1219 1218/1218/1218 
f 1218/1218/1218 1219/1219/1219 1220/1220/1220 
f 1219/1219/1219 1221/1221/1221 1220/1220/1220 
f 1220/1220/1220 1221/1221/1221 1222/1222/1222 
f 1221/1221/1221 1223/1223/1223 1222/1222/1222 
f 1222/1222/1222 1223/1223/1223 1224/1224/1224 
f 1223/1223/1223 1225/1225/1225 1224/1224/1224 
f 1224/1224/1224 1225/1225/1225 1225/1225/1225 
f 1225/1225/1225 1223/1223/1223 1225/1225/1225 
f 1225/1225/1225 1223/1223/1223 1223/1223/1223 
f 1223/1223/1223 1226/1226/1226 1223/1223/1223 
f 1223/1223/1223 1226/1226/1226 1225/1225/1225 
f 1226/1226/1226 1227/1227/1227 1225/1225/1225 
f 1225/1225/1225 1227/1227/1227 1227/1227/1227 
f 1227/1227/1227 1226/1226/1226 1227/1227/1227 
f 1227/1227/1227 1226/1226/1226 1226/1226/1226 
f 1226/1226/1226 1228/1228/1228 1226/1226/1226 
f 1226/1226/1226 1228/1228/1228 1227/1227/1227 
f 1228/1228/1228 1229/1229/1229 1227/1227/1227 
f 1227/1227/1227 1229/1229/1229 1229/1229/1229 
f 1229/1229/1229 1228/1228/1228 1229/1229/1229 
f 1229/1229/1229 1228/1228/1228 1228/1228/1228 
f 1228/1228/1228 1230/1230/1230 1228/1228/1228 
f 1228/1228/1228 1230/1230/1230 1229/1229/1229 
f 1230/1230/1230 1231/1231/1231 1229/1229/1229 
f 1229/1229/1229 1231/1231/1231 1231/1231/1231 
f 1231/1231/1231 1230/1230/1230 1231/1231/1231 
f 1231/1231/1231 1230/1230/1230 1232/1232/1232 
f 1230/1230/1230 1233/1233/1233 1232/1232/1232 
f 1232/1232/1232 1233/1233/1233 1234/1234/1234 
f 1233/1233/1233 1235/1235/1235 1234/1234/1234 
f 1234/1234/1234 1235/1235/1235 1236/1236/1236 
f 1235/1235/1235 1237/1237/1237 1236/1236/1236 
f 1236/1236/1236 1237/1237/1237 1238/1238/1238 
f 1237/1237/1237 1239/1239/1239 1238/1238/1238 
f 1238/1238/1238 1239/1239/1239 1240/1240/1240 
f 1239/1239/1239 1241/1241/1241 1240/1240/1240 
f 1240/1240/1240 1241/1241/1241 1241/1241/1241 
f 1241/1241/1241 1239/1239/1239 1241/1241/1241 
f 1241/1241/1241 1239/1239/1239 1242/1242/1242 
f 1239/1239/1239 1243/1243/1243 1242/1242/1242 
f 1242/1242/1242 1243/1243/1243 1244/1244/1244 
f 1243/1243/1243 1245/1245/1245 1244/1244/1244 
f 1244/1244/1244 1245/1245/1245 1246/1246/1246 
f 1245/1245/1245 1247/1247/1247 1246/1246/1246 
f 1246/1246/1246 1247/1247/1247 1248/1248/1248 
f 1247/1247/1247 1249/1249/1249 1248/1248/1248 
f 1248/1248/1248 1249/1249/1249 1249/1249/1249 
f 1249/1249/1249 1239/1239/1239 1249/1249/1249 
f 1249/1249/1249 1239/1239/1239 1239/1239/1239 
f 1239/1239/1239 1250/1250/1250 1239/1239/1239 
f 1239/1239/1239 1250/1250/1250 1243/1243/1243 
f 1250/1250/1250 1251/1251/1251 1243/1243/1243 
f 1243/1243/1243 1251/1251/1251 1245/1245/1245 
f 1251/1251/1251 1247/1247/1247 1245/1245/1245 
f 1245/1245/1245 1247/1247/1247 1247/1247/1247 
f 1247/1247/1247 1252/1252/1252 1247/1247/1247 
f 1247/1247/1247 1252/1252/1252 1252/1252/1252 
f 1252/1252/1252 1253/1253/1253 1252/1252/1252 
f 1252/1252/1252 1253/1253/1253 1254/1254/1254 
f 1253/1253/1253 1255/1255/1255 1254/1254/1254 
f 1254/1254/1254 1255/1255/1255 1255/1255/1255 
f 1255/1255/1255 1256/1256/1256 1255/1255/1255 
f 1255/1255/1255 1256/1256/1256 1256/1256/1256 
f 1256/1256/1256 1257/1257/1257 1256/1256/1256 
f 1256/1256/1256 1257/1257/1257 1258/1258/1258 
f 1257/1257/1257 1259/1259/1259 1258/1258/1258 
f 1258/1258/1258 1259/1259/1259 1259/1259/1259 
f 1259/1259/1259 1257/1257/1257 1259/1259/1259 
f 1259/1259/1259 1257/1257/1257 1257/1257/1257 
f 1257/1257/1257 1260/1260/1260 1257/1257/1257 
f 1257/1257/1257 1260/1260/1260 1259/1259/1259 
f 1260/1260/1260 1261/1261/1261 1259/1259/1259 
f 1259/1259/1259 1261/1261/1261 1261/1261/1261 
f 1261/1261/1261 1260/1260/1260 1261/1261/1261 
f 1261/1261/1261 1260/1260/1260 1260/1260/1260 
f 1260/1260/1260 1262/1262/1262 1260/1260/1260 
f 1260/1260/1260 1262/1262/1262 1261/1261/1261 
f 1262/1262/1262 1263/1263/1263 1261/1261/1261 
f 1261/1261/1261 1263/1263/1263 1263/1263/1263 
f 1263/1263/1263 1264/1264/1264 1263/1263/1263 
f 1263/1263/1263 1264/1264/1264 1264/1264/1264 
f 1264/1264/1264 1265/1265/1265 1264/1264/1264 
f 1264/1264/1264 1265/1265/1265 1266/1266/1266 
f 1265/1265/1265 1267/1267/1267 1266/1266/1266 
f 1266/1266/1266 1267/1267/1267 1267/1267/1267 
f 1267/1267/1267 1265/1265/1265 1267/1267/1267 
f 1267/1267/1267 1265/1265/1265 1265/1265/1265 
f 1265/1265/1265 1268/1268/1268 1265/1265/1265 
f 1265/1265/1265 1268/1268/1268 1267/1267/1267 
f 1268/1268/1268 1269/1269/1269 1267/1267/1267 
f 1267/1267/1267 1269/1269/1269 1269/1269/1269 
f 1269/1269/1269 1268/1268/1268 1269/1269/1269 
f 1269/1269/1269 1268/1268/1268 1268/1268/1268 
f 1268/1268/1268 1270/1270/1270 1268/1268/1268 
f 1268/1268/1268 1270/1270/1270 1269/1269/1269 
f 1270/1270/1270 1271/1271/1271 1269/1269/1269 
f 1269/1269/1269 1271/1271/1271 1271/1271/1271 
f 1271/1271/1271 1241/1241/1241 1271/1271/1271 
f 1271/1271/1271 1241/1241/1241 1241/1241/1241 
f 1241/1241/1241 1242/1242/1242 1241/1241/1241 
f 1241/1241/1241 1242/1242/1242 1272/1272/1272 
f 1242/1242/1242 1244/1244/1244 1272/1272/1272 
f 1272/1272/1272 1244/1244/1244 1246/1246/1246 
f 1244/1244/1244 1246/1246/1246 1246/1246/1246 
f 1246/1246/1246 1246/1246/1246 1272/1272/1272 
f 1246/1246/1246 1272/1272/1272 1272/1272/1272 
f 1272/1272/1272 1272/1272/1272 1272/1272/1272 
f 1272/1272/1272 1246/1246/1246 1272/1272/1272 
f 1272/1272/1272 1246/1246/1246 1273/1273/1273 
f 1246/1246/1246 1248/1248/1248 1273/1273/1273 
f 1273/1273/1273 1248/1248/1248 1274/1274/1274 
f 1248/1248/1248 1275/1275/1275 1274/1274/1274 
f 1274/1274/1274 1275/1275/1275 1275/1275/1275 
f 1275/1275/1275 1248/1248/1248 1275/1275/1275 
f 1275/1275/1275 1248/1248/1248 1248/1248/1248 
f 1248/1248/1248 1276/1276/1276 1248/1248/1248 
f 1248/1248/1248 1276/1276/1276 1275/1275/1275 
f 1276/1276/1276 1277/1277/1277 1275/1275/1275 
f 1275/1275/1275 1277/1277/1277 1277/1277/1277 
f 1277/1277/1277 1276/1276/1276 1277/1277/1277 
f 1277/1277/1277 1276/1276/1276 1278/1278/1278 
f 1276/1276/1276 1279/1279/1279 1278/1278/1278 
f 1278/1278/1278 1279/1279/1279 1280/1280/1280 
f 1279/1279/1279 1281/1281/1281 1280/1280/1280 
f 1280/1280/1280 1281/1281/1281 1282/1282/1282 
f 1281/1281/1281 1283/1283/1283 1282/1282/1282 
f 1282/1282/1282 1283/1283/1283 1284/1284/1284 
f 1283/1283/1283 1285/1285/1285 1284/1284/1284 
f 1284/1284/1284 1285/1285/1285 1210/1210/1210 
f 1285/1285/1285 1210/1210/1210 1210/1210/1210 
f 1210/1210/1210 1210/1210/1210 1286/1286/1286 
f 1210/1210/1210 1286/1286/1286 1286/1286/1286 
f 1286/1286/1286 1286/1286/1286 1286/1286/1286 
f 1286/1286/1286 1287/1287/1287 1286/1286/1286 
f 1286/1286/1286 1287/1287/1287 1288/1288/1288 
f 1287/1287/1287 1289/1289/1289 1288/1288/1288 
f 1288/1288/1288 1289/1289/1289 1289/1289/1289 
f 1289/1289/1289 1287/1287/1287 1289/1289/1289 
f 1289/1289/1289 1287/1287/1287 1290/1290/1290 
f 1287/1287/1287 1291/1291/1291 1290/1290/1290 
f 1290/1290/1290 1291/1291/1291 1292/1292/1292 
f 1291/1291/1291 1292/1292/1292 1292/1292/1292 
f 1292/1292/1292 1292/1292/1292 1290/1290/1290 
f 1292/1292/1292 1290/1290/1290 1290/1290/1290 
f 1290/1290/1290 1290/1290/1290 1290/1290/1290 
f 1290/1290/1290 1292/1292/1292 1290/1290/1290 
f 1290/1290/1290 1292/1292/1292 1293/1293/1293 
f 1292/1292/1292 1294/1294/1294 1293/1293/1293 
f 1293/1293/1293 1294/1294/1294 1295/1295/1295 
f 1294/1294/1294 1296/1296/1296 1295/1295/1295 
f 1295/1295/1295 1296/1296/1296 1297/1297/1297 
f 1296/1296/1296 1298/1298/1298 1297/1297/1297 
f 1297/1297/1297 1298/1298/1298 1299/1299/1299 
f 1298/1298/1298 1300/1300/1300 1299/1299/1299 
f 1299/1299/1299 1300/1300/1300 1300/1300/1300 
f 1300/1300/1300 1299/1299/1299 1300/1300/1300 
f 1300/1300/1300 1299/1299/1299 1299/1299/1299 
f 1299/1299/1299 1301/1301/1301 1299/1299/1299 
f 1299/1299/1299 1301/1301/1301 1297/1297/1297 
f 1301/1301/1301 1302/1302/1302 1297/1297/1297 
f 1297/1297/1297 1302/1302/1302 1295/1295/1295 
f 1302/1302/1302 1303/1303/1303 1295/1295/1295 
f 1295/1295/1295 1303/1303/1303 1293/1293/1293 
f 1303/1303/1303 1293/1293/1293 1293/1293/1293 
f 1293/1293/1293 1293/1293/1293 1304/1304/1304 
f 1293/1293/1293 1304/1304/1304 1304/1304/1304 
f 1304/1304/1304 1304/1304/1304 1304/1304/1304 
f 1304/1304/1304 1305/1305/1305 1304/1304/1304 
f 1304/1304/1304 1305/1305/1305 1306/1306/1306 
f 1305/1305/1305 1307/1307/1307 1306/1306/1306 
f 1306/1306/1306 1307/1307/1307 1308/1308/1308 
f 1307/1307/1307 1309/1309/1309 1308/1308/1308 
f 1308/1308/1308 1309/1309/1309 1310/1310/1310 
f 1309/1309/1309 1311/1311/1311 1310/1310/1310 
f 1310/1310/1310 1311/1311/1311 1312/1312/1312 
f 1311/1311/1311 1313/1313/1313 1312/1312/1312 
f 1312/1312/1312 1313/1313/1313 1314/1314/1314 
f 1313/1313/1313 1315/1315/1315 1314/1314/1314 
f 1314/1314/1314 1315/1315/1315 1316/1316/1316 
f 1315/1315/1315 1317/1317/1317 1316/1316/1316 
f 1316/1316/1316 1317/1317/1317 1318/1318/1318 
f 1317/1317/1317 1319/1319/1319 1318/1318/1318 
f 1318/1318/1318 1319/1319/1319 1320/1320/1320 
f 1319/1319/1319 1321/1321/1321 1320/1320/1320 
f 1320/1320/1320 1321/1321/1321 1322/1322/1322 
f 1321/1321/1321 1323/1323/1323 1322/1322/1322 
f 1322/1322/1322 1323/1323/1323 1324/1324/1324 
f 1323/1323/1323 1325/1325/1325 1324/1324/1324 
f 1324/1324/1324 1325/1325/1325 1326/1326/1326 
f 1325/1325/1325 1327/1327/1327 1326/1326/1326 
f 1326/1326/1326 1327/1327/1327 1328/1328/1328 
f 1327/1327/1327 1329/1329/1329 1328/1328/1328 
f 1328/1328/1328 1329/1329/1329 1329/1329/1329 
f 1329/1329/1329 1330/1330/1330 1329/1329/1329 
f 1329/1329/1329 1330/1330/1330 1330/1330/1330 
f 1330/1330/1330 1331/1331/1331 1330/1330/1330 
f 1330/1330/1330 1331/1331/1331 1332/1332/1332 
f 1331/1331/1331 1333/1333/1333 1332/1332/1332 
f 1332/1332/1332 1333/1333/1333 1333/1333/1333 
f 1333/1333/1333 1331/1331/1331 1333/1333/1333 
f 1333/1333/1333 1331/1331/1331 1334/1334/1334 
f 1331/1331/1331 1335/1335/1335 1334/1334/1334 
f 1334/1334/1334 1335/1335/1335 1336/1336/1336 
f 1335/1335/1335 1336/1336/1336 1336/1336/1336 
f 1336/1336/1336 1336/1336/1336 1337/1337/1337 
f 1336/1336/1336 1337/1337/1337 1337/1337/1337 
f 1337/1337/1337 1337/1337/1337 1337/1337/1337 
f 1337/1337/1337 1338/1338/1338 1337/1337/1337 
f 1337/1337/1337 1338/1338/1338 1339/1339/1339 
f 1338/1338/1338 1340/1340/1340 1339/1339/1339 
f 1339/1339/1339 1340/1340/1340 1340/1340/1340 
f 1340/1340/1340 1338/1338/1338 1340/1340/1340 
f 1340/1340/1340 1338/1338/1338 1338/1338/1338 
f 1338/1338/1338 1341/1341/1341 1338/1338/1338 
f 1338/1338/1338 1341/1341/1341 1340/1340/1340 
f 1341/1341/1341 1342/1342/1342 1340/1340/1340 
f 1340/1340/1340 1342/1342/1342 1343/1343/1343 
f 1342/1342/1342 1344/1344/1344 1343/1343/1343 
f 1343/1343/1343 1344/1344/1344 1345/1345/1345 
f 1344/1344/1344 1346/1346/1346 1345/1345/1345 
f 1345/1345/1345 1346/1346/1346 1338/1338/1338 
f 1346/1346/1346 1341/1341/1341 1338/1338/1338 
f 1338/1338/1338 1341/1341/1341 1341/1341/1341 
f 1341/1341/1341 1346/1346/1346 1341/1341/1341 
f 1341/1341/1341 1346/1346/1346 1346/1346/1346 
f 1346/1346/1346 1344/1344/1344 1346/1346/1346 
f 1346/1346/1346 1344/1344/1344 1341/1341/1341 
f 1344/1344/1344 1342/1342/1342 1341/1341/1341 
f 1341/1341/1341 1342/1342/1342 1342/1342/1342 
f 1342/1342/1342 1347/1347/1347 1342/1342/1342 
f 1342/1342/1342 1347/1347/1347 1347/1347/1347 
f 1347/1347/1347 1348/1348/1348 1347/1347/1347 
f 1347/1347/1347 1348/1348/1348 1349/1349/1349 
f 1348/1348/1348 1350/1350/1350 1349/1349/1349 
f 1349/1349/1349 1350/1350/1350 1350/1350/1350 
f 1350/1350/1350 1348/1348/1348 1350/1350/1350 
f 1350/1350/1350 1348/1348/1348 1348/1348/1348 
f 1348/1348/1348 1351/1351/1351 1348/1348/1348 
f 1348/1348/1348 1351/1351/1351 1350/1350/1350 
f 1351/1351/1351 1352/1352/1352 1350/1350/1350 
f 1350/1350/1350 1352/1352/1352 1353/1353/1353 
f 1352/1352/1352 1354/1354/1354 1353/1353/1353 
f 1353/1353/1353 1354/1354/1354 1355/1355/1355 
f 1354/1354/1354 1356/1356/1356 1355/1355/1355 
f 1355/1355/1355 1356/1356/1356 1348/1348/1348 
f 1356/1356/1356 1351/1351/1351 1348/1348/1348 
f 1348/1348/1348 1351/1351/1351 1351/1351/1351 
f 1351/1351/1351 1356/1356/1356 1351/1351/1351 
f 1351/1351/1351 1356/1356/1356 1356/1356/1356 
f 1356/1356/1356 1354/1354/1354 1356/1356/1356 
f 1356/1356/1356 1354/1354/1354 1351/1351/1351 
f 1354/1354/1354 1352/1352/1352 1351/1351/1351 
f 1351/1351/1351 1352/1352/1352 1352/1352/1352 
f 1352/1352/1352 1357/1357/1357 1352/1352/1352 
f 1352/1352/1352 1357/1357/1357 1357/1357/1357 
f 1357/1357/1357 1358/1358/1358 1357/1357/1357 
f 1357/1357/1357 1358/1358/1358 1359/1359/1359 
f 1358/1358/1358 1360/1360/1360 1359/1359/1359 
f 1359/1359/1359 1360/1360/1360 1360/1360/1360 
f 1360/1360/1360 1358/1358/1358 1360/1360/1360 
f 1360/1360/1360 1358/1358/1358 1358/1358/1358 
f 1358/1358/1358 1361/1361/1361 1358/1358/1358 
f 1358/1358/1358 1361/1361/1361 1360/1360/1360 
f 1361/1361/1361 1362/1362/1362 1360/1360/1360 
f 1360/1360/1360 1362/1362/1362 1362/1362/1362 
f 1362/1362/1362 1361/1361/1361 1362/1362/1362 
f 1362/1362/1362 1361/1361/1361 1361/1361/1361 
f 1361/1361/1361 1363/1363/1363 1361/1361/1361 
f 1361/1361/1361 1363/1363/1363 1362/1362/1362 
f 1363/1363/1363 1364/1364/1364 1362/1362/1362 
f 1362/1362/1362 1364/1364/1364 1364/1364/1364 
f 1364/1364/1364 1365/1365/1365 1364/1364/1364 
f 1364/1364/1364 1365/1365/1365 1365/1365/1365 
f 1365/1365/1365 1366/1366/1366 1365/1365/1365 
f 1365/1365/1365 1366/1366/1366 1367/1367/1367 
f 1366/1366/1366 1368/1368/1368 1367/1367/1367 
f 1367/1367/1367 1368/1368/1368 1368/1368/1368 
f 1368/1368/1368 1366/1366/1366 1368/1368/1368 
f 1368/1368/1368 1366/1366/1366 1366/1366/1366 
f 1366/1366/1366 1369/1369/1369 1366/1366/1366 
f 1366/1366/1366 1369/1369/1369 1368/1368/1368 
f 1369/1369/1369 1370/1370/1370 1368/1368/1368 
f 1368/1368/1368 1370/1370/1370 1370/1370/1370 
f 1370/1370/1370 1369/1369/1369 1370/1370/1370 
f 1370/1370/1370 1369/1369/1369 1369/1369/1369 
f 1369/1369/1369 1371/1371/1371 1369/1369/1369 
f 1369/1369/1369 1371/1371/1371 1370/1370/1370 
f 1371/1371/1371 1372/1372/1372 1370/1370/1370 
f 1370/1370/1370 1372/1372/1372 1372/1372/1372 
f 1372/1372/1372 1373/1373/1373 1372/1372/1372 
f 1372/1372/1372 1373/1373/1373 1373/1373/1373 
f 1373/1373/1373 1374/1374/1374 1373/1373/1373 
f 1373/1373/1373 1374/1374/1374 1375/1375/1375 
f 1374/1374/1374 1376/1376/1376 1375/1375/1375 
f 1375/1375/1375 1376/1376/1376 1376/1376/1376 
f 1376/1376/1376 1377/1377/1377 1376/1376/1376 
f 1376/1376/1376 1377/1377/1377 1377/1377/1377 
f 1377/1377/1377 1378/1378/1378 1377/1377/1377 
f 1377/1377/1377 1378/1378/1378 1379/1379/1379 
f 1378/1378/1378 1380/1380/1380 1379/1379/1379 
f 1379/1379/1379 1380/1380/1380 1380/1380/1380 
f 1380/1380/1380 1381/1381/1381 1380/1380/1380 
f 1380/1380/1380 1381/1381/1381 1381/1381/1381 
f 1381/1381/1381 1382/1382/1382 1381/1381/1381 
f 1381/1381/1381 1382/1382/1382 1383/1383/1383 
f 1382/1382/1382 1384/1384/1384 1383/1383/1383 
f 1383/1383/1383 1384/1384/1384 1384/1384/1384 
f 1384/1384/1384 1385/1385/1385 1384/1384/1384 
f 1384/1384/1384 1385/1385/1385 1385/1385/1385 
f 1385/1385/1385 1386/1386/1386 1385/1385/1385 
f 1385/1385/1385 1386/1386/1386 1387/1387/1387 
f 1386/1386/1386 1388/1388/1388 1387/1387/1387 
f 1387/1387/1387 1388/1388/1388 1388/1388/1388 
f 1388/1388/1388 1389/1389/1389 1388/1388/1388 
f 1388/1388/1388 1389/1389/1389 1389/1389/1389 
f 1389/1389/1389 1390/1390/1390 1389/1389/1389 
f 1389/1389/1389 1390/1390/1390 1391/1391/1391 
f 1390/1390/1390 1392/1392/1392 1391/1391/1391 
f 1391/1391/1391 1392/1392/1392 1392/1392/1392 
f 1392/1392/1392 1390/1390/1390 1392/1392/1392 
f 1392/1392/1392 1390/1390/1390 1390/1390/1390 
f 1390/1390/1390 1393/1393/1393 1390/1390/1390 
f 1390/1390/1390 1393/1393/1393 1392/1392/1392 
f 1393/1393/1393 1394/1394/1394 1392/1392/1392 
f 1392/1392/1392 1394/1394/1394 1394/1394/1394 
f 1394/1394/1394 1393/1393/1393 1394/1394/1394 
f 1394/1394/1394 1393/1393/1393 1393/1393/1393 
f 1393/1393/1393 1395/1395/1395 1393/1393/1393 
f 1393/1393/1393 1395/1395/1395 1394/1394/1394 
f 1395/1395/1395 1396/1396/1396 1394/1394/1394 
f 1394/1394/1394 1396/1396/1396 1396/1396/1396 
f 1396/1396/1396 1397/1397/1397 1396/1396/1396 
f 1396/1396/1396 1397/1397/1397 1397/1397/1397 
f 1397/1397/1397 1398/1398/1398 1397/1397/1397 
f 1397/1397/1397 1398/1398/1398 1399/1399/1399 
f 1398/1398/1398 1400/1400/1400 1399/1399/1399 
f 1399/1399/1399 1400/1400/1400 1401/1401/1401 
f 1400/1400/1400 1402/1402/1402 1401/1401/1401 
f 1401/1401/1401 1402/1402/1402 1403/1403/1403 
f 1402/1402/1402 1403/1403/1403 1403/1403/1403 
f 1403/1403/1403 1403/1403/1403 1404/1404/1404 
f 1403/1403/1403 1404/1404/1404 1404/1404/1404 
f 1404/1404/1404 1404/1404/1404 1404/1404/1404 
f 1404/1404/1404 1405/1405/1405 1404/1404/1404 
f 1404/1404/1404 1405/1405/1405 1406/1406/1406 
f 1405/1405/1405 1407/1407/1407 1406/1406/1406 
f 1406/1406/1406 1407/1407/1407 1407/1407/1407 
f 1407/1407/1407 1408/1408/1408 1407/1407/1407 
f 1407/1407/1407 1408/1408/1408 1408/1408/1408 
f 1408/1408/1408 1409/1409/1409 1408/1408/1408 
f 1408/1408/1408 1409/1409/1409 1410/1410/1410 
f 1409/1409/1409 1411/1411/1411 1410/1410/1410 
f 1410/1410/1410 1411/1411/1411 1411/1411/1411 
f 1411/1411/1411 1412/1412/1412 1411/1411/1411 
f 1411/1411/1411 1412/1412/1412 1412/1412/1412 
f 1412/1412/1412 1413/1413/1413 1412/1412/1412 
f 1412/1412/1412 1413/1413/1413 1414/1414/1414 
f 1413/1413/1413 1415/1415/1415 1414/1414/1414 
f 1414/1414/1414 1415/1415/1415 1415/1415/1415 
f 1415/1415/1415 1413/1413/1413 1415/1415/1415 
f 1415/1415/1415 1413/1413/1413 1413/1413/1413 
f 1413/1413/1413 1416/1416/1416 1413/1413/1413 
f 1413/1413/1413 1416/1416/1416 1415/1415/1415 
f 1416/1416/1416 1417/1417/1417 1415/1415/1415 
f 1415/1415/1415 1417/1417/1417 1418/1418/1418 
f 1417/1417/1417 1419/1419/1419 1418/1418/1418 
f 1418/1418/1418 1419/1419/1419 1420/1420/1420 
f 1419/1419/1419 1421/1421/1421 1420/1420/1420 
f 1420/1420/1420 1421/1421/1421 1413/1413/1413 
f 1421/1421/1421 1416/1416/1416 1413/1413/1413 
f 1413/1413/1413 1416/1416/1416 1416/1416/1416 
f 1416/1416/1416 1421/1421/1421 1416/1416/1416 
f 1416/1416/1416 1421/1421/1421 1421/1421/1421 
f 1421/1421/1421 1419/1419/1419 1421/1421/1421 
f 1421/1421/1421 1419/1419/1419 1416/1416/1416 
f 1419/1419/1419 1417/1417/1417 1416/1416/1416 
f 1416/1416/1416 1417/1417/1417 1417/1417/1417 
f 1417/1417/1417 1422/1422/1422 1417/1417/1417 
f 1417/1417/1417 1422/1422/1422 1422/1422/1422 
f 1422/1422/1422 1423/1423/1423 1422/1422/1422 
f 1422/1422/1422 1423/1423/1423 1424/1424/1424 
f 1423/1423/1423 1425/1425/1425 1424/1424/1424 
f 1424/1424/1424 1425/1425/1425 1425/1425/1425 
f 1425/1425/1425 1420/1420/1420 1425/1425/1425 
f 1425/1425/1425 1420/1420/1420 1420/1420/1420 
f 1420/1420/1420 1426/1426/1426 1420/1420/1420 
f 1420/1420/1420 1426/1426/1426 1418/1418/1418 
f 1426/1426/1426 1427/1427/1427 1418/1418/1418 
f 1418/1418/1418 1427/1427/1427 1427/1427/1427 
f 1427/1427/1427 1428/1428/1428 1427/1427/1427 
f 1427/1427/1427 1428/1428/1428 1428/1428/1428 
f 1428/1428/1428 1429/1429/1429 1428/1428/1428 
f 1428/1428/1428 1429/1429/1429 1430/1430/1430 
f 1429/1429/1429 1431/1431/1431 1430/1430/1430 
f 1430/1430/1430 1431/1431/1431 1431/1431/1431 
f 1431/1431/1431 1429/1429/1429 1431/1431/1431 
f 1431/1431/1431 1429/1429/1429 1432/1432/1432 
f 1429/1429/1429 1433/1433/1433 1432/1432/1432 
f 1432/1432/1432 1433/1433/1433 1434/1434/1434 
f 1433/1433/1433 1434/1434/1434 1434/1434/1434 
f 1434/1434/1434 1434/1434/1434 1435/1435/1435 
f 1434/1434/1434 1435/1435/1435 1435/1435/1435 
f 1435/1435/1435 1435/1435/1435 1435/1435/1435 
f 1435/1435/1435 1436/1436/1436 1435/1435/1435 
f 1435/1435/1435 1436/1436/1436 1437/1437/1437 
f 1436/1436/1436 1438/1438/1438 1437/1437/1437 
f 1437/1437/1437 1438/1438/1438 1438/1438/1438 
f 1438/1438/1438 1439/1439/1439 1438/1438/1438 
f 1438/1438/1438 1439/1439/1439 1439/1439/1439 
f 1439/1439/1439 1440/1440/1440 1439/1439/1439 
f 1439/1439/1439 1440/1440/1440 1441/1441/1441 
f 1440/1440/1440 1442/1442/1442 1441/1441/1441 
f 1441/1441/1441 1442/1442/1442 1442/1442/1442 
f 1442/1442/1442 1443/1443/1443 1442/1442/1442 
f 1442/1442/1442 1443/1443/1443 1443/1443/1443 
f 1443/1443/1443 1444/1444/1444 1443/1443/1443 
f 1443/1443/1443 1444/1444/1444 1445/1445/1445 
f 1444/1444/1444 1446/1446/1446 1445/1445/1445 
f 1445/1445/1445 1446/1446/1446 1446/1446/1446 
f 1446/1446/1446 1447/1447/1447 1446/1446/1446 
f 1446/1446/1446 1447/1447/1447 1447/1447/1447 
f 1447/1447/1447 1448/1448/1448 1447/1447/1447 
f 1447/1447/1447 1448/1448/1448 1449/1449/1449 
f 1448/1448/1448 1450/1450/1450 1449/1449/1449 
f 1449/1449/1449 1450/1450/1450 1451/1451/1451 
f 1450/1450/1450 1452/1452/1452 1451/1451/1451 
f 1451/1451/1451 1452/1452/1452 1453/1453/1453 
f 1452/1452/1452 1453/1453/1453 1453/1453/1453 
f 1453/1453/1453 1453/1453/1453 1454/1454/1454 
f 1453/1453/1453 1454/1454/1454 1454/1454/1454 
f 1454/1454/1454 1454/1454/1454 1454/1454/1454 
f 1454/1454/1454 1455/1455/1455 1454/1454/1454 
f 1454/1454/1454 1455/1455/1455 1456/1456/1456 
f 1455/1455/1455 1457/1457/1457 1456/1456/1456 
f 1456/1456/1456 1457/1457/1457 1457/1457/1457 
f 1457/1457/1457 1458/1458/1458 1457/1457/1457 
f 1457/1457/1457 1458/1458/1458 1458/1458/1458 
f 1458/1458/1458 1459/1459/1459 1458/1458/1458 
f 1458/1458/1458 1459/1459/1459 1460/1460/1460 
f 1459/1459/1459 1461/1461/1461 1460/1460/1460 
f 1460/1460/1460 1461/1461/1461 1461/1461/1461 
f 1461/1461/1461 1462/1462/1462 1461/1461/1461 
f 1461/1461/1461 1462/1462/1462 1462/1462/1462 
f 1462/1462/1462 1463/1463/1463 1462/1462/1462 
f 1462/1462/1462 1463/1463/1463 1464/1464/1464 
f 1463/1463/1463 1465/1465/1465 1464/1464/1464 
f 1464/1464/1464 1465/1465/1465 1465/1465/1465 
f 1465/1465/1465 1466/1466/1466 1465/1465/1465 
f 1465/1465/1465 1466/1466/1466 1466/1466/1466 
f 1466/1466/1466 1467/1467/1467 1466/1466/1466 
f 1466/1466/1466 1467/1467/1467 1468/1468/1468 
f 1467/1467/1467 1469/1469/1469 1468/1468/1468 
f 1468/1468/1468 1469/1469/1469 1469/1469/1469 
f 1469/1469/1469 1470/1470/1470 1469/1469/1469 
f 1469/1469/1469 1470/1470/1470 1470/1470/1470 
f 1470/1470/1470 1471/1471/1471 1470/1470/1470 
f 1470/1470/1470 1471/1471/1471 1472/1472/1472 
f 1471/1471/1471 1473/1473/1473 1472/1472/1472 
f 1472/1472/1472 1473/1473/1473 1473/1473/1473 
f 1473/1473/1473 1474/1474/1474 1473/1473/1473 
f 1473/1473/1473 1474/1474/1474 1474/1474/1474 
f 1474/1474/1474 1475/1475/1475 1474/1474/1474 
f 1474/1474/1474 1475/1475/1475 1476/1476/1476 
f 1475/1475/1475 1477/1477/1477 1476/1476/1476 
f 1476/1476/1476 1477/1477/1477 1477/1477/1477 
f 1477/1477/1477 1478/1478/1478 1477/1477/1477 
f 1477/1477/1477 1478/1478/1478 1478/1478/1478 
f 1478/1478/1478 1479/1479/1479 1478/1478/1478 
f 1478/1478/1478 1479/1479/1479 1480/1480/1480 
f 1479/1479/1479 1481/1481/1481 1480/1480/1480 
f 1480/1480/1480 1481/1481/1481 1481/1481/1481 
f 1481/1481/1481 1482/1482/1482 1481/1481/1481 
f 1481/1481/1481 1482/1482/1482 1482/1482/1482 
f 1482/1482/1482 1483/1483/1483 1482/1482/1482 
f 1482/1482/1482 1483/1483/1483 1484/1484/1484 
f 1483/1483/1483 1485/1485/1485 1484/1484/1484 
f 1484/1484/1484 1485/1485/1485 1485/1485/1485 
f 1485/1485/1485 1486/1486/1486 1485/1485/1485 
f 1485/1485/1485 1486/1486/1486 1486/1486/1486 
f 1486/1486/1486 1487/1487/1487 1486/1486/1486 
f 1486/1486/1486 1487/1487/1487 1488/1488/1488 
f 1487/1487/1487 1489/1489/1489 1488/1488/1488 
f 1488/1488/1488 1489/1489/1489 1489/1489/1489 
f 1489/1489/1489 1490/1490/1490 1489/1489/1489 
f 1489/1489/1489 1490/1490/1490 1490/1490/1490 
f 1490/1490/1490 1491/1491/1491 1490/1490/1490 
f 1490/1490/1490 1491/1491/1491 1492/1492/1492 
f 1491/1491/1491 1493/1493/1493 1492/1492/1492 
f 1492/1492/1492 1493/1493/1493 1493/1493/1493 
f 1493/1493/1493 1494/1494/1494 1493/1493/1493 
f 1493/1493/1493 1494/1494/1494 1494/1494/1494 
f 1494/1494/1494 1495/1495/1495 1494/1494/1494 
f 1494/1494/1494 1495/1495/1495 1496/1496/1496 
f 1495/1495/1495 1497/1497/1497 1496/1496/1496 
f 1496/1496/1496 1497/1497/1497 1497/1497/1497 
f 1497/1497/1497 1222/1222/1222 1497/1497/1497 
f 1497/1497/1497 1222/1222/1222 1222/1222/1222 
f 1222/1222/1222 1224/1224/1224 1222/1222/1222 
f 1222/1222/1222 1224/1224/1224 1498/1498/1498 
f 1224/1224/1224 1499/1499/1499 1498/1498/1498 
f 1498/1498/1498 1499/1499/1499 1499/1499/1499 
f 1499/1499/1499 1500/1500/1500 1499/1499/1499 
f 1499/1499/1499 1500/1500/1500 1500/1500/1500 
f 1500/1500/1500 1501/1501/1501 1500/1500/1500 
f 1500/1500/1500 1501/1501/1501 1502/1502/1502 
f 1501/1501/1501 1503/1503/1503 1502/1502/1502 
f 1502/1502/1502 1503/1503/1503 1504/1504/1504 
f 1503/1503/1503 1505/1505/1505 1504/1504/1504 
f 1504/1504/1504 1505/1505/1505 1506/1506/1506 
f 1505/1505/1505 1507/1507/1507 1506/1506/1506 
f 1506/1506/1506 1507/1507/1507 1508/1508/1508 
f 1507/1507/1507 1509/1509/1509 1508/1508/1508 
f 1508/1508/1508 1509/1509/1509 1510/1510/1510 
f 1509/1509/1509 1511/1511/1511 1510/1510/1510 
f 1510/1510/1510 1511/1511/1511 1512/1512/1512 
f 1511/1511/1511 1513/1513/1513 1512/1512/1512 
f 1512/1512/1512 1513/1513/1513 1514/1514/1514 
f 1513/1513/1513 1515/1515/1515 1514/1514/1514 
f 1514/1514/1514 1515/1515/1515 1516/1516/1516 
f 1515/1515/1515 1517/1517/1517 1516/1516/1516 
f 1516/1516/1516 1517/1517/1517 1518/1518/1518 
f 1517/1517/1517 1519/1519/1519 1518/1518/1518 
f 1518/1518/1518 1519/1519/1519 1520/1520/1520 
f 1519/1519/1519 1521/1521/1521 1520/1520/1520 
f 1520/1520/1520 1521/1521/1521 1522/1522/1522 
f 1521/1521/1521 1523/1523/1523 1522/1522/1522 
f 1522/1522/1522 1523/1523/1523 1524/1524/1524 
f 1523/1523/1523 1525/1525/1525 1524/1524/1524 
f 1524/1524/1524 1525/1525/1525 1525/1525/1525 
f 1525/1525/1525 1526/1526/1526 1525/1525/1525 
f 1525/1525/1525 1526/1526/1526 1526/1526/1526 
f 1526/1526/1526 1527/1527/1527 1526/1526/1526 
f 1526/1526/1526 1527/1527/1527 1528/1528/1528 
f 1527/1527/1527 1529/1529/1529 1528/1528/1528 
f 1528/1528/1528 1529/1529/1529 1529/1529/1529 
f 1529/1529/1529 1527/1527/1527 1529/1529/1529 
f 1529/1529/1529 1527/1527/1527 1530/1530/1530 
f 1527/1527/1527 1531/1531/1531 1530/1530/1530 
f 1530/1530/1530 1531/1531/1531 1532/1532/1532 
f 1531/1531/1531 1533/1533/1533 1532/1532/1532 
f 1532/1532/1532 1533/1533/1533 1533/1533/1533 
f 1533/1533/1533 1534/1534/1534 1533/1533/1533 
f 1533/1533/1533 1534/1534/1534 1534/1534/1534 
f 1534/1534/1534 1535/1535/1535 1534/1534/1534 
f 1534/1534/1534 1535/1535/1535 1536/1536/1536 
f 1535/1535/1535 1537/1537/1537 1536/1536/1536 
f 1536/1536/1536 1537/1537/1537 1538/1538/1538 
f 1537/1537/1537 1539/1539/1539 1538/1538/1538 
f 1538/1538/1538 1539/1539/1539 1540/1540/1540 
f 1539/1539/1539 1540/1540/1540 1540/1540/1540 
f 1540/1540/1540 1540/1540/1540 1541/1541/1541 
f 1540/1540/1540 1541/1541/1541 1541/1541/1541 
f 1541/1541/1541 1541/1541/1541 1541/1541/1541 
f 1541/1541/1541 1542/1542/1542 1541/1541/1541 
f 1541/1541/1541 1542/1542/1542 1543/1543/1543 
f 1542/1542/1542 1544/1544/1544 1543/1543/1543 
f 1543/1543/1543 1544/1544/1544 1544/1544/1544 
f 1544/1544/1544 1542/1542/1542 1544/1544/1544 
f 1544/1544/1544 1542/1542/1542 1542/1542/1542 
f 1542/1542/1542 1545/1545/1545 1542/1542/1542 
f 1542/1542/1542 1545/1545/1545 1544/1544/1544 
f 1545/1545/1545 1546/1546/1546 1544/1544/1544 
f 1544/1544/1544 1546/1546/1546 1547/1547/1547 
f 1546/1546/1546 1548/1548/1548 1547/1547/1547 
f 1547/1547/1547 1548/1548/1548 1549/1549/1549 
f 1548/1548/1548 1550/1550/1550 1549/1549/1549 
f 1549/1549/1549 1550/1550/1550 1542/1542/1542 
f 1550/1550/1550 1545/1545/1545 1542/1542/1542 
f 1542/1542/1542 1545/1545/1545 1545/1545/1545 
f 1545/1545/1545 1550/1550/1550 1545/1545/1545 
f 1545/1545/1545 1550/1550/1550 1550/1550/1550 
f 1550/1550/1550 1548/1548/1548 1550/1550/1550 
f 1550/1550/1550 1548/1548/1548 1545/1545/1545 
f 1548/1548/1548 1546/1546/1546 1545/1545/1545 
f 1545/1545/1545 1546/1546/1546 1546/1546/1546 
f 1546/1546/1546 1551/1551/1551 1546/1546/1546 
f 1546/1546/1546 1551/1551/1551 1551/1551/1551 
f 1551/1551/1551 1552/1552/1552 1551/1551/1551 
f 1551/1551/1551 1552/1552/1552 1553/1553/1553 
f 1552/1552/1552 1554/1554/1554 1553/1553/1553 
f 1553/1553/1553 1554/1554/1554 1554/1554/1554 
f 1554/1554/1554 1555/1555/1555 1554/1554/1554 
f 1554/1554/1554 1555/1555/1555 1555/1555/1555 
f 1555/1555/1555 1556/1556/1556 1555/1555/1555 
f 1555/1555/1555 1556/1556/1556 1557/1557/1557 
f 1556/1556/1556 1558/1558/1558 1557/1557/1557 
f 1557/1557/1557 1558/1558/1558 1558/1558/1558 
f 1558/1558/1558 1556/1556/1556 1558/1558/1558 
f 1558/1558/1558 1556/1556/1556 1556/1556/1556 
f 1556/1556/1556 1559/1559/1559 1556/1556/1556 
f 1556/1556/1556 1559/1559/1559 1558/1558/1558 
f 1559/1559/1559 1560/1560/1560 1558/1558/1558 
f 1558/1558/1558 1560/1560/1560 1561/1561/1561 
f 1560/1560/1560 1562/1562/1562 1561/1561/1561 
f 1561/1561/1561 1562/1562/1562 1563/1563/1563 
f 1562/1562/1562 1564/1564/1564 1563/1563/1563 
f 1563/1563/1563 1564/1564/1564 1556/1556/1556 
f 1564/1564/1564 1559/1559/1559 1556/1556/1556 
f 1556/1556/1556 1559/1559/1559 1559/1559/1559 
f 1559/1559/1559 1564/1564/1564 1559/1559/1559 
f 1559/1559/1559 1564/1564/1564 1564/1564/1564 
f 1564/1564/1564 1562/1562/1562 1564/1564/1564 
f 1564/1564/1564 1562/1562/1562 1559/1559/1559 
f 1562/1562/1562 1560/1560/1560 1559/1559/1559 
f 1559/1559/1559 1560/1560/1560 1560/1560/1560 
f 1560/1560/1560 1565/1565/1565 1560/1560/1560 
f 1560/1560/1560 1565/1565/1565 1565/1565/1565 
f 1565/1565/1565 1566/1566/1566 1565/1565/1565 
f 1565/1565/1565 1566/1566/1566 1567/1567/1567 
f 1566/1566/1566 1568/1568/1568 1567/1567/1567 
f 1567/1567/1567 1568/1568/1568 1568/1568/1568 
f 1568/1568/1568 1569/1569/1569 1568/1568/1568 
f 1568/1568/1568 1569/1569/1569 1569/1569/1569 
f 1569/1569/1569 1570/1570/1570 1569/1569/1569 
f 1569/1569/1569 1570/1570/1570 1571/1571/1571 
f 1570/1570/1570 1572/1572/1572 1571/1571/1571 
f 1571/1571/1571 1572/1572/1572 1572/1572/1572 
f 1572/1572/1572 1573/1573/1573 1572/1572/1572 
f 1572/1572/1572 1573/1573/1573 1573/1573/1573 
f 1573/1573/1573 1574/1574/1574 1573/1573/1573 
f 1573/1573/1573 1574/1574/1574 1575/1575/1575 
f 1574/1574/1574 1576/1576/1576 1575/1575/1575 
f 1575/1575/1575 1576/1576/1576 1576/1576/1576 
f 1576/1576/1576 1577/1577/1577 1576/1576/1576 
f 1576/1576/1576 1577/1577/1577 1577/1577/1577 
f 1577/1577/1577 1578/1578/1578 1577/1577/1577 
f 1577/1577/1577 1578/1578/1578 1579/1579/1579 
f 1578/1578/1578 1580/1580/1580 1579/1579/1579 
f 1579/1579/1579 1580/1580/1580 1580/1580/1580 
f 1580/1580/1580 1581/1581/1581 1580/1580/1580 
f 1580/1580/1580 1581/1581/1581 1581/1581/1581 
f 1581/1581/1581 1582/1582/1582 1581/1581/1581 
f 1581/1581/1581 1582/1582/1582 1583/1583/1583 
f 1582/1582/1582 1584/1584/1584 1583/1583/1583 
f 1583/1583/1583 1584/1584/1584 1584/1584/1584 
f 1584/1584/1584 1585/1585/1585 1584/1584/1584 
f 1584/1584/1584 1585/1585/1585 1585/1585/1585 
f 1585/1585/1585 1586/1586/1586 1585/1585/1585 
f 1585/1585/1585 1586/1586/1586 1587/1587/1587 
f 1586/1586/1586 1588/1588/1588 1587/1587/1587 
f 1587/1587/1587 1588/1588/1588 1588/1588/1588 
f 1588/1588/1588 1589/1589/1589 1588/1588/1588 
f 1588/1588/1588 1589/1589/1589 1589/1589/1589 
f 1589/1589/1589 1590/1590/1590 1589/1589/1589 
f 1589/1589/1589 1590/1590/1590 1591/1591/1591 
f 1590/1590/1590 1592/1592/1592 1591/1591/1591 
f 1591/1591/1591 1592/1592/1592 1592/1592/1592 
f 1592/1592/1592 1590/1590/1590 1592/1592/1592 
f 1592/1592/1592 1590/1590/1590 1590/1590/1590 
f 1590/1590/1590 1593/1593/1593 1590/1590/1590 
f 1590/1590/1590 1593/1593/1593 1592/1592/1592 
f 1593/1593/1593 1594/1594/1594 1592/1592/1592 
f 1592/1592/1592 1594/1594/1594 1594/1594/1594 
f 1594/1594/1594 1593/1593/1593 1594/1594/1594 
f 1594/1594/1594 1593/1593/1593 1593/1593/1593 
f 1593/1593/1593 1595/1595/1595 1593/1593/1593 
f 1593/1593/1593 1595/1595/1595 1594/1594/1594 
f 1595/1595/1595 1596/1596/1596 1594/1594/1594 
f 1594/1594/1594 1596/1596/1596 1596/1596/1596 
f 1596/1596/1596 1597/1597/1597 1596/1596/1596 
f 1596/1596/1596 1597/1597/1597 1597/1597/1597 
f 1597/1597/1597 1598/1598/1598 1597/1597/1597 
f 1597/1597/1597 1598/1598/1598 1599/1599/1599 
f 1598/1598/1598 1600/1600/1600 1599/1599/1599 
f 1599/1599/1599 1600/1600/1600 1600/1600/1600 
f 1600/1600/1600 1601/1601/1601 1600/1600/1600 
f 1600/1600/1600 1601/1601/1601 1601/1601/1601 
f 1601/1601/1601 1602/1602/1602 1601/1601/1601 
f 1601/1601/1601 1602/1602/1602 1603/1603/1603 
f 1602/1602/1602 1604/1604/1604 1603/1603/1603 
f 1603/1603/1603 1604/1604/1604 1604/1604/1604 
f 1604/1604/1604 1605/1605/1605 1604/1604/1604 
f 1604/1604/1604 1605/1605/1605 1605/1605/1605 
f 1605/1605/1605 1606/1606/1606 1605/1605/1605 
f 1605/1605/1605 1606/1606/1606 1607/1607/1607 
f 1606/1606/1606 1608/1608/1608 1607/1607/1607 
f 1607/1607/1607 1608/1608/1608 1608/1608/1608 
f 1608/1608/1608 1609/1609/1609 1608/1608/1608 
f 1608/1608/1608 1609/1609/1609 1609/1609/1609 
f 1609/1609/1609 1610/1610/1610 1609/1609/1609 
f 1609/1609/1609 1610/1610/1610 1611/1611/1611 
f 1610/1610/1610 1612/1612/1612 1611/1611/1611 
f 1611/1611/1611 1612/1612/1612 1612/1612/1612 
f 1612/1612/1612 1613/1613/1613 1612/1612/1612 
f 1612/1612/1612 1613/1613/1613 1613/1613/1613 
f 1613/1613/1613 1614/1614/1614 1613/1613/1613 
f 1613/1613/1613 1614/1614/1614 1615/1615/1615 
f 1614/1614/1614 1616/1616/1616 1615/1615/1615 
f 1615/1615/1615 1616/1616/1616 1616/1616/1616 
f 1616/1616/1616 1617/1617/1617 1616/1616/1616 
f 1616/1616/1616 1617/1617/1617 1617/1617/1617 
f 1617/1617/1617 1618/1618/1618 1617/1617/1617 
f 1617/1617/1617 1618/1618/1618 1619/1619/1619 
f 1618/1618/1618 1620/1620/1620 1619/1619/1619 
f 1619/1619/1619 1620/1620/1620 1620/1620/1620 
f 1620/1620/1620 1621/1621/1621 1620/1620/1620 
f 1620/1620/1620 1621/1621/1621 1621/1621/1621 
f 1621/1621/1621 1622/1622/1622 1621/1621/1621 
f 1621/1621/1621 1622/1622/1622 1623/1623/1623 
f 1622/1622/1622 1624/1624/1624 1623/1623/1623 
f 1623/1623/1623 1624/1624/1624 1624/1624/1624 
f 1624/1624/1624 1625/1625/1625 1624/1624/1624 
f 1624/1624/1624 1625/1625/1625 1625/1625/1625 
f 1625/1625/1625 1626/1626/1626 1625/1625/1625 
f 1625/1625/1625 1626/1626/1626 1627/1627/1627 
f 1626/1626/1626 1628/1628/1628 1627/1627/1627 
f 1627/1627/1627 1628/1628/1628 1628/1628/1628 
f 1628/1628/1628 1629/1629/1629 1628/1628/1628 
f 1628/1628/1628 1629/1629/1629 1629/1629/1629 
f 1629/1629/1629 1630/1630/1630 1629/1629/1629 
f 1629/1629/1629 1630/1630/1630 1631/1631/1631 
f 1630/1630/1630 1632/1632/1632 1631/1631/1631 
f 1631/1631/1631 1632/1632/1632 1632/1632/1632 
f 1632/1632/1632 1633/1633/1633 1632/1632/1632 
f 1632/1632/1632 1633/1633/1633 1633/1633/1633 
f 1633/1633/1633 1634/1634/1634 1633/1633/1633 
f 1633/1633/1633 1634/1634/1634 1635/1635/1635 
f 1634/1634/1634 1636/1636/1636 1635/1635/1635 
f 1635/1635/1635 1636/1636/1636 1636/1636/1636 
f 1636/1636/1636 1637/1637/1637 1636/1636/1636 
f 1636/1636/1636 1637/1637/1637 1637/1637/1637 
f 1637/1637/1637 1638/1638/1638 1637/1637/1637 
f 1637/1637/1637 1638/1638/1638 1639/1639/1639 
f 1638/1638/1638 1640/1640/1640 1639/1639/1639 
f 1639/1639/1639 1640/1640/1640 1640/1640/1640 
f 1640/1640/1640 1641/1641/1641 1640/1640/1640 
f 1640/1640/1640 1641/1641/1641 1641/1641/1641 
f 1641/1641/1641 1642/1642/1642 1641/1641/1641 
f 1641/1641/1641 1642/1642/1642 1643/1643/1643 
f 1642/1642/1642 1644/1644/1644 1643/1643/1643 
f 1643/1643/1643 1644/1644/1644 1644/1644/1644 
f 1644/1644/1644 1645/1645/1645 1644/1644/1644 
f 1644/1644/1644 1645/1645/1645 1645/1645/1645 
f 1645/1645/1645 1646/1646/1646 1645/1645/1645 
f 1645/1645/1645 1646/1646/1646 1647/1647/1647 
f 1646/1646/1646 1648/1648/1648 1647/1647/1647 
f 1647/1647/1647 1648/1648/1648 1649/1649/1649 
f 1648/1648/1648 1650/1650/1650 1649/1649/1649 
f 1649/1649/1649 1650/1650/1650 1651/1651/1651 
f 1650/1650/1650 1652/1652/1652 1651/1651/1651 
f 1651/1651/1651 1652/1652/1652 1653/1653/1653 
f 1652/1652/1652 1654/1654/1654 1653/1653/1653 
f 1653/1653/1653 1654/1654/1654 1655/1655/1655 
f 1654/1654/1654 1656/1656/1656 1655/1655/1655 
f 1655/1655/1655 1656/1656/1656 1657/1657/1657 
f 1656/1656/1656 1658/1658/1658 1657/1657/1657 
f 1657/1657/1657 1658/1658/1658 1659/1659/1659 
f 1658/1658/1658 1660/1660/1660 1659/1659/1659 
f 1659/1659/1659 1660/1660/1660 1661/1661/1661 
f 1660/1660/1660 1662/1662/1662 1661/1661/1661 
f 1661/1661/1661 1662/1662/1662 1663/1663/1663 
f 1662/1662/1662 1664/1664/1664 1663/1663/1663 
f 1663/1663/1663 1664/1664/1664 1665/1665/1665 
f 1664/1664/1664 1666/1666/1666 1665/1665/1665 
f 1665/1665/1665 1666/1666/1666 1667/1667/1667 
f 1666/1666/1666 1668/1668/1668 1667/1667/1667 
f 1667/1667/1667 1668/1668/1668 1669/1669/1669 
f 1668/1668/1668 1670/1670/1670 1669/1669/1669 
f 1669/1669/1669 1670/1670/1670 1670/1670/1670 
f 1670/1670/1670 1671/1671/1671 1670/1670/1670 
f 1670/1670/1670 1671/1671/1671 1671/1671/1671 
f 1671/1671/1671 1672/1672/1672 1671/1671/1671 
f 1671/1671/1671 1672/1672/1672 1673/1673/1673 
f 1672/1672/1672 1674/1674/1674 1673/1673/1673 
f 1673/1673/1673 1674/1674/1674 1674/1674/1674 
f 1674/1674/1674 1675/1675/1675 1674/1674/1674 
f 1674/1674/1674 1675/1675/1675 1675/1675/1675 
f 1675/1675/1675 1676/1676/1676 1675/1675/1675 
f 1675/1675/1675 1676/1676/1676 1677/1677/1677 
f 1676/1676/1676 1678/1678/1678 1677/1677/1677 
f 1677/1677/1677 1678/1678/1678 1678/1678/1678 
f 1678/1678/1678 1679/1679/1679 1678/1678/1678 
f 1678/1678/1678 1679/1679/1679 1679/1679/1679 
f 1679/1679/1679 1680/1680/1680 1679/1679/1679 
f 1679/1679/1679 1680/1680/1680 1681/1681/1681 
f 1680/1680/1680 1682/1682/1682 1681/1681/1681 
f 1681/1681/1681 1682/1682/1682 1682/1682/1682 
f 1682/1682/1682 1683/1683/1683 1682/1682/1682 
f 1682/1682/1682 1683/1683/1683 1683/1683/1683 
f 1683/1683/1683 1684/1684/1684 1683/1683/1683 
f 1683/1683/1683 1684/1684/1684 1685/1685/1685 
f 1684/1684/1684 1686/1686/1686 1685/1685/1685 
f 1685/1685/1685 1686/1686/1686 1686/1686/1686 
f 1686/1686/1686 1687/1687/1687 1686/1686/1686 
f 1686/1686/1686 1687/1687/1687 1687/1687/1687 
f 1687/1687/1687 1688/1688/1688 1687/1687/1687 
f 1687/1687/1687 1688/1688/1688 1689/1689/1689 
f 1688/1688/1688 1690/1690/1690 1689/1689/1689 
f 1689/1689/1689 1690/1690/1690 1690/1690/1690 
f 1690/1690/1690 1691/1691/1691 1690/1690/1690 
f 1690/1690/1690 1691/1691/1691 1691/1691/1691 
f 1691/1691/1691 1692/1692/1692 1691/1691/1691 
f 1691/1691/1691 1692/1692/1692 1693/1693/1693 
f 1692/1692/1692 1694/1694/1694 1693/1693/1693 
f 1693/1693/1693 1694/1694/1694 1694/1694/1694 
f 1694/1694/1694 1695/1695/1695 1694/1694/1694 
f 1694/1694/1694 1695/1695/1695 1695/1695/1695 
f 1695/1695/1695 1696/1696/1696 1695/1695/1695 
f 1695/1695/1695 1696/1696/1696 1697/1697/1697 
f 1696/1696/1696 1698/1698/1698 1697/1697/1697 
f 1697/1697/1697 1698/1698/1698 1698/1698/1698 
f 1698/1698/1698 1699/1699/1699 1698/1698/1698 
f 1698/1698/1698 1699/1699/1699 1699/1699/1699 
f 1699/1699/1699 1700/1700/1700 1699/1699/1699 
f 1699/1699/1699 1700/1700/1700 1701/1701/1701 
f 1700/1700/1700 1702/1702/1702 1701/1701/1701 
f 1701/1701/1701 1702/1702/1702 1702/1702/1702 
f 1702/1702/1702 1703/1703/1703 1702/1702/1702 
f 1702/1702/1702 1703/1703/1703 1703/1703/1703 
f 1703/1703/1703 1704/1704/1704 1703/1703/1703 
f 1703/1703/1703 1704/1704/1704 1705/1705/1705 
f 1704/1704/1704 1706/1706/1706 1705/1705/1705 
f 1705/1705/1705 1706/1706/1706 1706/1706/1706 
f 1706/1706/1706 1707/1707/1707 1706/1706/1706 
f 1706/1706/1706 1707/1707/1707 1707/1707/1707 
f 1707/1707/1707 1708/1708/1708 1707/1707/1707 
f 1707/1707/1707 1708/1708/1708 1709/1709/1709 
f 1708/1708/1708 1710/1710/1710 1709/1709/1709 
f 1709/1709/1709 1710/1710/1710 1710/1710/1710 
f 1710/1710/1710 1711/1711/1711 1710/1710/1710 
f 1710/1710/1710 1711/1711/1711 1711/1711/1711 
f 1711/1711/1711 1712/1712/1712 1711/1711/1711 
f 1711/1711/1711 1712/1712/1712 1713/1713/1713 
f 1712/1712/1712 1714/1714/1714 1713/1713/1713 
f 1713/1713/1713 1714/1714/1714 1714/1714/1714 
f 1714/1714/1714 1345/1345/1345 1714/1714/1714 
f 1714/1714/1714 1345/1345/1345 1345/1345/1345 
f 1345/1345/1345 1715/1715/1715 1345/1345/1345 
f 1345/1345/1345 1715/1715/1715 1343/1343/1343 
f 1715/1715/1715 1716/1716/1716 1343/1343/1343 
f 1343/1343/1343 1716/1716/1716 1716/1716/1716 
f 1716/1716/1716 1717/1717/1717 1716/1716/1716 
f 1716/1716/1716 1717/1717/1717 1717/1717/1717 
f 1717/1717/1717 1718/1718/1718 1717/1717/1717 
f 1717/1717/1717 1718/1718/1718 1719/1719/1719 
f 1718/1718/1718 1720/1720/1720 1719/1719/1719 
f 1719/1719/1719 1720/1720/1720 1721/1721/1721 
f 1720/1720/1720 1722/1722/1722 1721/1721/1721 
f 1721/1721/1721 1722/1722/1722 1723/1723/1723 
f 1722/1722/1722 1724/1724/1724 1723/1723/1723 
f 1723/1723/1723 1724/1724/1724 1725/1725/1725 
f 1724/1724/1724 1726/1726/1726 1725/1725/1725 
f 1725/1725/1725 1726/1726/1726 1727/1727/1727 
f 1726/1726/1726 1728/1728/1728 1727/1727/1727 
f 1727/1727/1727 1728/1728/1728 1729/1729/1729 
f 1728/1728/1728 1730/1730/1730 1729/1729/1729 
f 1729/1729/1729 1730/1730/1730 1731/1731/1731 
f 1730/1730/1730 1732/1732/1732 1731/1731/1731 
f 1731/1731/1731 1732/1732/1732 1733/1733/1733 
f 1732/1732/1732 1734/1734/1734 1733/1733/1733 
f 1733/1733/1733 1734/1734/1734 1735/1735/1735 
f 1734/1734/1734 1736/1736/1736 1735/1735/1735 
f 1735/1735/1735 1736/1736/1736 1737/1737/1737 
f 1736/1736/1736 1738/1738/1738 1737/1737/1737 
f 1737/1737/1737 1738/1738/1738 1739/1739/1739 
f 1738/1738/1738 1740/1740/1740 1739/1739/1739 
f 1739/1739/1739 1740/1740/1740 1741/1741/1741 
f 1740/1740/1740 1742/1742/1742 1741/1741/1741 
f 1741/1741/1741 1742/1742/1742 1742/1742/1742 
f 1742/1742/1742 1743/1743/1743 1742/1742/1742 
f 1742/1742/1742 1743/1743/1743 1743/1743/1743 
f 1743/1743/1743 1744/1744/1744 1743/1743/1743 
f 1743/1743/1743 1744/1744/1744 1745/1745/1745 
f 1744/1744/1744 1746/1746/1746 1745/1745/1745 
f 1745/1745/1745 1746/1746/1746 1746/1746/1746 
f 1746/1746/1746 1747/1747/1747 1746/1746/1746 
f 1746/1746/1746 1747/1747/1747 1747/1747/1747 
f 1747/1747/1747 1748/1748/1748 1747/1747/1747 
f 1747/1747/1747 1748/1748/1748 1749/1749/1749 
f 1748/1748/1748 1750/1750/1750 1749/1749/1749 
f 1749/1749/1749 1750/1750/1750 1750/1750/1750 
f 1750/1750/1750 1751/1751/1751 1750/1750/1750 
f 1750/1750/1750 1751/1751/1751 1751/1751/1751 
f 1751/1751/1751 1752/1752/1752 1751/1751/1751 
f 1751/1751/1751 1752/1752/1752 1753/1753/1753 
f 1752/1752/1752 1754/1754/1754 1753/1753/1753 
f 1753/1753/1753 1754/1754/1754 1755/1755/1755 
f 1754/1754/1754 1756/1756/1756 1755/1755/1755 
f 1755/1755/1755 1756/1756/1756 1756/1756/1756 
f 1756/1756/1756 1754/1754/1754 1756/1756/1756 
f 1756/1756/1756 1754/1754/1754 1757/1757/1757 
f 1754/1754/1754 1752/1752/1752 1757/1757/1757 
f 1757/1757/1757 1752/1752/1752 1758/1758/1758 
f 1752/1752/1752 1758/1758/1758 1758/1758/1758 
f 1758/1758/1758 1758/1758/1758 1758/1758/1758 
f 1758/1758/1758 1759/1759/1759 1758/1758/1758 
f 1758/1758/1758 1759/1759/1759 1757/1757/1757 
f 1759/1759/1759 1760/1760/1760 1757/1757/1757 
f 1757/1757/1757 1760/1760/1760 1756/1756/1756 
f 1760/1760/1760 1761/1761/1761 1756/1756/1756 
f 1756/1756/1756 1761/1761/1761 1761/1761/1761 
f 1761/1761/1761 1760/1760/1760 1761/1761/1761 
f 1761/1761/1761 1760/1760/1760 1762/1762/1762 
f 1760/1760/1760 1759/1759/1759 1762/1762/1762 
f 1762/1762/1762 1759/1759/1759 1763/1763/1763 
f 1759/1759/1759 1763/1763/1763 1763/1763/1763 
f 1763/1763/1763 1763/1763/1763 1764/1764/1764 
f 1763/1763/1763 1764/1764/1764 1764/1764/1764 
f 1764/1764/1764 1764/1764/1764 1764/1764/1764 
f 1764/1764/1764 1765/1765/1765 1764/1764/1764 
f 1764/1764/1764 1765/1765/1765 1766/1766/1766 
f 1765/1765/1765 1767/1767/1767 1766/1766/1766 
f 1766/1766/1766 1767/1767/1767 1768/1768/1768 
f 1767/1767/1767 1769/1769/1769 1768/1768/1768 
f 1768/1768/1768 1769/1769/1769 1770/1770/1770 
f 1769/1769/1769 1770/1770/1770 1770/1770/1770 
f 1770/1770/1770 1770/1770/1770 1769/1769/1769 
f 1770/1770/1770 1769/1769/1769 1769/1769/1769 
f 1769/1769/1769 1769/1769/1769 1769/1769/1769 
f 1769/1769/1769 1767/1767/1767 1769/1769/1769 
f 1769/1769/1769 1767/1767/1767 1771/1771/1771 
f 1767/1767/1767 1772/1772/1772 1771/1771/1771 
f 1771/1771/1771 1772/1772/1772 1773/1773/1773 
f 1772/1772/1772 1774/1774/1774 1773/1773/1773 
f 1773/1773/1773 1774/1774/1774 1775/1775/1775 
f 1774/1774/1774 1776/1776/1776 1775/1775/1775 
f 1775/1775/1775 1776/1776/1776 1777/1777/1777 
f 1776/1776/1776 1778/1778/1778 1777/1777/1777 
f 1777/1777/1777 1778/1778/1778 1779/1779/1779 
f 1778/1778/1778 1780/1780/1780 1779/1779/1779 
f 1779/1779/1779 1780/1780/1780 1781/1781/1781 
f 1780/1780/1780 1782/1782/1782 1781/1781/1781 
f 1781/1781/1781 1782/1782/1782 1770/1770/1770 
f 1782/1782/1782 1768/1768/1768 1770/1770/1770 
f 1770/1770/1770 1768/1768/1768 1768/1768/1768 
f 1768/1768/1768 1767/1767/1767 1768/1768/1768 
f 1768/1768/1768 1767/1767/1767 1767/1767/1767 
f 1767/1767/1767 1765/1765/1765 1767/1767/1767 
f 1767/1767/1767 1765/1765/1765 1772/1772/1772 
f 1765/1765/1765 1783/1783/1783 1772/1772/1772 
f 1772/1772/1772 1783/1783/1783 1774/1774/1774 
f 1783/1783/1783 1784/1784/1784 1774/1774/1774 
f 1774/1774/1774 1784/1784/1784 1776/1776/1776 
f 1784/1784/1784 1785/1785/1785 1776/1776/1776 
f 1776/1776/1776 1785/1785/1785 1778/1778/1778 
f 1785/1785/1785 1786/1786/1786 1778/1778/1778 
f 1778/1778/1778 1786/1786/1786 1780/1780/1780 
f 1786/1786/1786 1787/1787/1787 1780/1780/1780 
f 1780/1780/1780 1787/1787/1787 1782/1782/1782 
f 1787/1787/1787 1788/1788/1788 1782/1782/1782 
f 1782/1782/1782 1788/1788/1788 1768/1768/1768 
f 1788/1788/1788 1766/1766/1766 1768/1768/1768 
f 1768/1768/1768 1766/1766/1766 1766/1766/1766 
f 1766/1766/1766 1789/1789/1789 1766/1766/1766 
f 1766/1766/1766 1789/1789/1789 1789/1789/1789 
f 1789/1789/1789 1790/1790/1790 1789/1789/1789 
f 1789/1789/1789 1790/1790/1790 1791/1791/1791 
f 1790/1790/1790 1792/1792/1792 1791/1791/1791 
f 1791/1791/1791 1792/1792/1792 1792/1792/1792 
f 1792/1792/1792 1790/1790/1790 1792/1792/1792 
f 1792/1792/1792 1790/1790/1790 1793/1793/1793 
f 1790/1790/1790 1794/1794/1794 1793/1793/1793 
f 1793/1793/1793 1794/1794/1794 1795/1795/1795 
f 1794/1794/1794 1795/1795/1795 1795/1795/1795 
f 1795/1795/1795 1795/1795/1795 1793/1793/1793 
f 1795/1795/1795 1793/1793/1793 1793/1793/1793 
f 1793/1793/1793 1793/1793/1793 1793/1793/1793 
f 1793/1793/1793 1795/1795/1795 1793/1793/1793 
f 1793/1793/1793 1795/1795/1795 1796/1796/1796 
f 1795/1795/1795 1797/1797/1797 1796/1796/1796 
f 1796/1796/1796 1797/1797/1797 1797/1797/1797 
f 1797/1797/1797 1798/1798/1798 1797/1797/1797 
f 1797/1797/1797 1798/1798/1798 1798/1798/1798 
f 1798/1798/1798 1799/1799/1799 1798/1798/1798 
f 1798/1798/1798 1799/1799/1799 1800/1800/1800 
f 1799/1799/1799 1801/1801/1801 1800/1800/1800 
f 1800/1800/1800 1801/1801/1801 1802/1802/1802 
f 1801/1801/1801 1803/1803/1803 1802/1802/1802 
f 1802/1802/1802 1803/1803/1803 1804/1804/1804 
f 1803/1803/1803 1804/1804/1804 1804/1804/1804 
f 1804/1804/1804 1804/1804/1804 1805/1805/1805 
f 1804/1804/1804 1805/1805/1805 1805/1805/1805 
f 1805/1805/1805 1805/1805/1805 1805/1805/1805 
f 1805/1805/1805 1806/1806/1806 1805/1805/1805 
f 1805/1805/1805 1806/1806/1806 1807/1807/1807 
f 1806/1806/1806 1808/1808/1808 1807/1807/1807 
f 1807/1807/1807 1808/1808/1808 1808/1808/1808 
f 1808/1808/1808 1806/1806/1806 1808/1808/1808 
f 1808/1808/1808 1806/1806/1806 1809/1809/1809 
f 1806/1806/1806 1810/1810/1810 1809/1809/1809 
f 1809/1809/1809 1810/1810/1810 1811/1811/1811 
f 1810/1810/1810 1811/1811/1811 1811/1811/1811 
f 1811/1811/1811 1811/1811/1811 1809/1809/1809 
f 1811/1811/1811 1809/1809/1809 1809/1809/1809 
f 1809/1809/1809 1809/1809/1809 1809/1809/1809 
f 1809/1809/1809 1811/1811/1811 1809/1809/1809 
f 1809/1809/1809 1811/1811/1811 1812/1812/1812 
f 1811/1811/1811 1813/1813/1813 1812/1812/1812 
f 1812/1812/1812 1813/1813/1813 1813/1813/1813 
f 1813/1813/1813 1811/1811/1811 1813/1813/1813 
f 1813/1813/1813 1811/1811/1811 1811/1811/1811 
f 1811/1811/1811 1814/1814/1814 1811/1811/1811 
f 1811/1811/1811 1814/1814/1814 1813/1813/1813 
f 1814/1814/1814 1815/1815/1815 1813/1813/1813 
f 1813/1813/1813 1815/1815/1815 1816/1816/1816 
f 1815/1815/1815 1817/1817/1817 1816/1816/1816 
f 1816/1816/1816 1817/1817/1817 1817/1817/1817 
f 1817/1817/1817 1818/1818/1818 1817/1817/1817 
f 1817/1817/1817 1818/1818/1818 1818/1818/1818 
f 1818/1818/1818 1819/1819/1819 1818/1818/1818 
f 1818/1818/1818 1819/1819/1819 1820/1820/1820 
f 1819/1819/1819 1821/1821/1821 1820/1820/1820 
f 1820/1820/1820 1821/1821/1821 1822/1822/1822 
f 1821/1821/1821 1823/1823/1823 1822/1822/1822 
f 1822/1822/1822 1823/1823/1823 1824/1824/1824 
f 1823/1823/1823 1824/1824/1824 1824/1824/1824 
f 1824/1824/1824 1824/1824/1824 1825/1825/1825 
f 1824/1824/1824 1825/1825/1825 1825/1825/1825 
f 1825/1825/1825 1825/1825/1825 1825/1825/1825 
f 1825/1825/1825 1826/1826/1826 1825/1825/1825 
f 1825/1825/1825 1826/1826/1826 1827/1827/1827 
f 1826/1826/1826 1828/1828/1828 1827/1827/1827 
f 1827/1827/1827 1828/1828/1828 1828/1828/1828 
f 1828/1828/1828 1829/1829/1829 1828/1828/1828 
f 1828/1828/1828 1829/1829/1829 1829/1829/1829 
f 1829/1829/1829 1830/1830/1830 1829/1829/1829 
f 1829/1829/1829 1830/1830/1830 1831/1831/1831 
f 1830/1830/1830 1832/1832/1832 1831/1831/1831 
f 1831/1831/1831 1832/1832/1832 1833/1833/1833 
f 1832/1832/1832 1834/1834/1834 1833/1833/1833 
f 1833/1833/1833 1834/1834/1834 1835/1835/1835 
f 1834/1834/1834 1836/1836/1836 1835/1835/1835 
f 1835/1835/1835 1836/1836/1836 1837/1837/1837 
f 1836/1836/1836 1838/1838/1838 1837/1837/1837 
f 1837/1837/1837 1838/1838/1838 1839/1839/1839 
f 1838/1838/1838 1840/1840/1840 1839/1839/1839 
f 1839/1839/1839 1840/1840/1840 1841/1841/1841 
f 1840/1840/1840 1842/1842/1842 1841/1841/1841 
f 1841/1841/1841 1842/1842/1842 1843/1843/1843 
f 1842/1842/1842 1844/1844/1844 1843/1843/1843 
f 1843/1843/1843 1844/1844/1844 1845/1845/1845 
f 1844/1844/1844 1846/1846/1846 1845/1845/1845 
f 1845/1845/1845 1846/1846/1846 1847/1847/1847 
f 1846/1846/1846 1848/1848/1848 1847/1847/1847 
f 1847/1847/1847 1848/1848/1848 1849/1849/1849 
f 1848/1848/1848 1850/1850/1850 1849/1849/1849 
f 1849/1849/1849 1850/1850/1850 1851/1851/1851 
f 1850/1850/1850 1852/1852/1852 1851/1851/1851 
f 1851/1851/1851 1852/1852/1852 1853/1853/1853 
f 1852/1852/1852 1854/1854/1854 1853/1853/1853 
f 1853/1853/1853 1854/1854/1854 1854/1854/1854 
f 1854/1854/1854 1855/1855/1855 1854/1854/1854 
f 1854/1854/1854 1855/1855/1855 1855/1855/1855 
f 1855/1855/1855 1856/1856/1856 1855/1855/1855 
f 1855/1855/1855 1856/1856/1856 1857/1857/1857 
f 1856/1856/1856 1858/1858/1858 1857/1857/1857 
f 1857/1857/1857 1858/1858/1858 1858/1858/1858 
f 1858/1858/1858 1859/1859/1859 1858/1858/1858 
f 1858/1858/1858 1859/1859/1859 1859/1859/1859 
f 1859/1859/1859 1860/1860/1860 1859/1859/1859 
f 1859/1859/1859 1860/1860/1860 1861/1861/1861 
f 1860/1860/1860 1862/1862/1862 1861/1861/1861 
f 1861/1861/1861 1862/1862/1862 1863/1863/1863 
f 1862/1862/1862 1864/1864/1864 1863/1863/1863 
f 1863/1863/1863 1864/1864/1864 1865/1865/1865 
f 1864/1864/1864 1865/1865/1865 1865/1865/1865 
f 1865/1865/1865 1865/1865/1865 1866/1866/1866 
f 1865/1865/1865 1866/1866/1866 1866/1866/1866 
f 1866/1866/1866 1866/1866/1866 1866/1866/1866 
f 1866/1866/1866 1867/1867/1867 1866/1866/1866 
f 1866/1866/1866 1867/1867/1867 1868/1868/1868 
f 1867/1867/1867 1869/1869/1869 1868/1868/1868 
f 1868/1868/1868 1869/1869/1869 1870/1870/1870 
f 1869/1869/1869 1871/1871/1871 1870/1870/1870 
f 1870/1870/1870 1871/1871/1871 1872/1872/1872 
f 1871/1871/1871 1873/1873/1873 1872/1872/1872 
f 1872/1872/1872 1873/1873/1873 1873/1873/1873 
f 1873/1873/1873 1870/1870/1870 1873/1873/1873 
f 1873/1873/1873 1870/1870/1870 1870/1870/1870 
f 1870/1870/1870 1872/1872/1872 1870/1870/1870 
f 1870/1870/1870 1872/1872/1872 1868/1868/1868 
f 1872/1872/1872 1874/1874/1874 1868/1868/1868 
f 1868/1868/1868 1874/1874/1874 1874/1874/1874 
f 1874/1874/1874 1875/1875/1875 1874/1874/1874 
f 1874/1874/1874 1875/1875/1875 1875/1875/1875 
f 1875/1875/1875 1876/1876/1876 1875/1875/1875 
f 1875/1875/1875 1876/1876/1876 1877/1877/1877 
f 1876/1876/1876 1878/1878/1878 1877/1877/1877 
f 1877/1877/1877 1878/1878/1878 1878/1878/1878 
f 1878/1878/1878 1879/1879/1879 1878/1878/1878 
f 1878/1878/1878 1879/1879/1879 1879/1879/1879 
f 1879/1879/1879 1880/1880/1880 1879/1879/1879 
f 1879/1879/1879 1880/1880/1880 1881/1881/1881 
f 1880/1880/1880 1882/1882/1882 1881/1881/1881 
f 1881/1881/1881 1882/1882/1882 1882/1882/1882 
f 1882/1882/1882 1880/1880/1880 1882/1882/1882 
f 1882/1882/1882 1880/1880/1880 1883/1883/1883 
f 1880/1880/1880 1884/1884/1884 1883/1883/1883 
f 1883/1883/1883 1884/1884/1884 1885/1885/1885 
f 1884/1884/1884 1885/1885/1885 1885/1885/1885 
f 1885/1885/1885 1885/1885/1885 1886/1886/1886 
f 1885/1885/1885 1886/1886/1886 1886/1886/1886 
f 1886/1886/1886 1886/1886/1886 1886/1886/1886 
f 1886/1886/1886 1887/1887/1887 1886/1886/1886 
f 1886/1886/1886 1887/1887/1887 1888/1888/1888 
f 1887/1887/1887 1889/1889/1889 1888/1888/1888 
f 1888/1888/1888 1889/1889/1889 1889/1889/1889 
f 1889/1889/1889 1887/1887/1887 1889/1889/1889 
f 1889/1889/1889 1887/1887/1887 1887/1887/1887 
f 1887/1887/1887 1890/1890/1890 1887/1887/1887 
f 1887/1887/1887 1890/1890/1890 1889/1889/1889 
f 1890/1890/1890 1891/1891/1891 1889/1889/1889 
f 1889/1889/1889 1891/1891/1891 1892/1892/1892 
f 1891/1891/1891 1892/1892/1892 1892/1892/1892 
f 1892/1892/1892 1892/1892/1892 1893/1893/1893 
f 1892/1892/1892 1893/1893/1893 1893/1893/1893 
f 1893/1893/1893 1893/1893/1893 1893/1893/1893 
f 1893/1893/1893 1894/1894/1894 1893/1893/1893 
f 1893/1893/1893 1894/1894/1894 1895/1895/1895 
f 1894/1894/1894 1896/1896/1896 1895/1895/1895 
f 1895/1895/1895 1896/1896/1896 1896/1896/1896 
f 1896/1896/1896 1897/1897/1897 1896/1896/1896 
f 1896/1896/1896 1897/1897/1897 1897/1897/1897 
f 1897/1897/1897 1898/1898/1898 1897/1897/1897 
f 1897/1897/1897 1898/1898/1898 1899/1899/1899 
f 1898/1898/1898 1900/1900/1900 1899/1899/1899 
f 1899/1899/1899 1900/1900/1900 1900/1900/1900 
f 1900/1900/1900 1901/1901/1901 1900/1900/1900 
f 1900/1900/1900 1901/1901/1901 1901/1901/1901 
f 1901/1901/1901 1902/1902/1902 1901/1901/1901 
f 1901/1901/1901 1902/1902/1902 1903/1903/1903 
f 1902/1902/1902 1904/1904/1904 1903/1903/1903 
f 1903/1903/1903 1904/1904/1904 1904/1904/1904 
f 1904/1904/1904 1902/1902/1902 1904/1904/1904 
f 1904/1904/1904 1902/1902/1902 1905/1905/1905 
f 1902/1902/1902 1906/1906/1906 1905/1905/1905 
f 1905/1905/1905 1906/1906/1906 1907/1907/1907 
f 1906/1906/1906 1908/1908/1908 1907/1907/1907 
f 1907/1907/1907 1908/1908/1908 1908/1908/1908 
f 1908/1908/1908 1909/1909/1909 1908/1908/1908 
f 1908/1908/1908 1909/1909/1909 1909/1909/1909 
f 1909/1909/1909 1910/1910/1910 1909/1909/1909 
f 1909/1909/1909 1910/1910/1910 1911/1911/1911 
f 1910/1910/1910 1912/1912/1912 1911/1911/1911 
f 1911/1911/1911 1912/1912/1912 1912/1912/1912 
f 1912/1912/1912 1913/1913/1913 1912/1912/1912 
f 1912/1912/1912 1913/1913/1913 1913/1913/1913 
f 1913/1913/1913 1914/1914/1914 1913/1913/1913 
f 1913/1913/1913 1914/1914/1914 1915/1915/1915 
f 1914/1914/1914 1916/1916/1916 1915/1915/1915 
f 1915/1915/1915 1916/1916/1916 1917/1917/1917 
f 1916/1916/1916 1918/1918/1918 1917/1917/1917 
f 1917/1917/1917 1918/1918/1918 1919/1919/1919 
f 1918/1918/1918 1920/1920/1920 1919/1919/1919 
f 1919/1919/1919 1920/1920/1920 1921/1921/1921 
f 1920/1920/1920 1922/1922/1922 1921/1921/1921 
f 1921/1921/1921 1922/1922/1922 1923/1923/1923 
f 1922/1922/1922 1924/1924/1924 1923/1923/1923 
f 1923/1923/1923 1924/1924/1924 1925/1925/1925 
f 1924/1924/1924 1926/1926/1926 1925/1925/1925 
f 1925/1925/1925 1926/1926/1926 1927/1927/1927 
f 1926/1926/1926 1928/1928/1928 1927/1927/1927 
f 1927/1927/1927 1928/1928/1928 1929/1929/1929 
f 1928/1928/1928 1930/1930/1930 1929/1929/1929 
f 1929/1929/1929 1930/1930/1930 1931/1931/1931 
f 1930/1930/1930 1932/1932/1932 1931/1931/1931 
f 1931/1931/1931 1932/1932/1932 1933/1933/1933 
f 1932/1932/1932 1934/1934/1934 1933/1933/1933 
f 1933/1933/1933 1934/1934/1934 1935/1935/1935 
f 1934/1934/1934 1936/1936/1936 1935/1935/1935 
f 1935/1935/1935 1936/1936/1936 1937/1937/1937 
f 1936/1936/1936 1938/1938/1938 1937/1937/1937 
f 1937/1937/1937 1938/1938/1938 1939/1939/1939 
f 1938/1938/1938 1940/1940/1940 1939/1939/1939 
f 1939/1939/1939 1940/1940/1940 1941/1941/1941 
f 1940/1940/1940 1942/1942/1942 1941/1941/1941 
f 1941/1941/1941 1942/1942/1942 1943/1943/1943 
f 1942/1942/1942 1944/1944/1944 1943/1943/1943 
f 1943/1943/1943 1944/1944/1944 1945/1945/1945 
f 1944/1944/1944 1946/1946/1946 1945/1945/1945 
f 1945/1945/1945 1946/1946/1946 1946/1946/1946 
f 1946/1946/1946 1947/1947/1947 1946/1946/1946 
f 1946/1946/1946 1947/1947/1947 1947/1947/1947 
f 1947/1947/1947 1948/1948/1948 1947/1947/1947 
f 1947/1947/1947 1948/1948/1948 1949/1949/1949 
f 1948/1948/1948 1950/1950/1950 1949/1949/1949 
f 1949/1949/1949 1950/1950/1950 1950/1950/1950 
f 1950/1950/1950 1951/1951/1951 1950/1950/1950 
f 1950/1950/1950 1951/1951/1951 1951/1951/1951 
f 1951/1951/1951 1952/1952/1952 1951/1951/1951 
f 1951/1951/1951 1952/1952/1952 1953/1953/1953 
f 1952/1952/1952 1954/1954/1954 1953/1953/1953 
f 1953/1953/1953 1954/1954/1954 1954/1954/1954 
f 1954/1954/1954 1955/1955/1955 1954/1954/1954 
f 1954/1954/1954 1955/1955/1955 1955/1955/1955 
f 1955/1955/1955 1956/1956/1956 1955/1955/1955 
f 1955/1955/1955 1956/1956/1956 1957/1957/1957 
f 1956/1956/1956 1958/1958/1958 1957/1957/1957 
f 1957/1957/1957 1958/1958/1958 1958/1958/1958 
f 1958/1958/1958 1959/1959/1959 1958/1958/1958 
f 1958/1958/1958 1959/1959/1959 1959/1959/1959 
f 1959/1959/1959 1960/1960/1960 1959/1959/1959 
f 1959/1959/1959 1960/1960/1960 1961/1961/1961 
f 1960/1960/1960 1962/1962/1962 1961/1961/1961 
f 1961/1961/1961 1962/1962/1962 1963/1963/1963 
f 1962/1962/1962 1964/1964/1964 1963/1963/1963 
f 1963/1963/1963 1964/1964/1964 1965/1965/1965 
f 1964/1964/1964 1965/1965/1965 1965/1965/1965 
f 1965/1965/1965 1965/1965/1965 1966/1966/1966 
f 1965/1965/1965 1966/1966/1966 1966/1966/1966 
f 1966/1966/1966 1966/1966/1966 1966/1966/1966 
f 1966/1966/1966 1967/1967/1967 1966/1966/1966 
f 1966/1966/1966 1967/1967/1967 1968/1968/1968 
f 1967/1967/1967 1969/1969/1969 1968/1968/1968 
f 1968/1968/1968 1969/1969/1969 1969/1969/1969 
f 1969/1969/1969 1967/1967/1967 1969/1969/1969 
f 1969/1969/1969 1967/1967/1967 1967/1967/1967 
f 1967/1967/1967 1970/1970/1970 1967/1967/1967 
f 1967/1967/1967 1970/1970/1970 1969/1969/1969 
f 1970/1970/1970 1971/1971/1971 1969/1969/1969 
f 1969/1969/1969 1971/1971/1971 1971/1971/1971 
f 1971/1971/1971 1970/1970/1970 1971/1971/1971 
f 1971/1971/1971 1970/1970/1970 1970/1970/1970 
f 1970/1970/1970 1972/1972/1972 1970/1970/1970 
f 1970/1970/1970 1972/1972/1972 1971/1971/1971 
f 1972/1972/1972 1973/1973/1973 1971/1971/1971 
f 1971/1971/1971 1973/1973/1973 1973/1973/1973 
f 1973/1973/1973 1974/1974/1974 1973/1973/1973 
f 1973/1973/1973 1974/1974/1974 1974/1974/1974 
f 1974/1974/1974 1975/1975/1975 1974/1974/1974 
f 1974/1974/1974 1975/1975/1975 1976/1976/1976 
f 1975/1975/1975 1977/1977/1977 1976/1976/1976 
f 1976/1976/1976 1977/1977/1977 1977/1977/1977 
f 1977/1977/1977 1975/1975/1975 1977/1977/1977 
f 1977/1977/1977 1975/1975/1975 1978/1978/1978 
f 1975/1975/1975 1979/1979/1979 1978/1978/1978 
f 1978/1978/1978 1979/1979/1979 1980/1980/1980 
f 1979/1979/1979 1981/1981/1981 1980/1980/1980 
f 1980/1980/1980 1981/1981/1981 1981/1981/1981 
f 1981/1981/1981 1982/1982/1982 1981/1981/1981 
f 1981/1981/1981 1982/1982/1982 1982/1982/1982 
f 1982/1982/1982 1983/1983/1983 1982/1982/1982 
f 1982/1982/1982 1983/1983/1983 1984/1984/1984 
f 1983/1983/1983 1985/1985/1985 1984/1984/1984 
f 1984/1984/1984 1985/1985/1985 1985/1985/1985 
f 1985/1985/1985 1983/1983/1983 1985/1985/1985 
f 1985/1985/1985 1983/1983/1983 1983/1983/1983 
f 1983/1983/1983 1986/1986/1986 1983/1983/1983 
f 1983/1983/1983 1986/1986/1986 1985/1985/1985 
f 1986/1986/1986 1987/1987/1987 1985/1985/1985 
f 1985/1985/1985 1987/1987/1987 1988/1988/1988 
f 1987/1987/1987 1989/1989/1989 1988/1988/1988 
f 1988/1988/1988 1989/1989/1989 1990/1990/1990 
f 1989/1989/1989 1991/1991/1991 1990/1990/1990 
f 1990/1990/1990 1991/1991/1991 1992/1992/1992 
f 1991/1991/1991 1992/1992/1992 1992/1992/1992 
f 1992/1992/1992 1992/1992/1992 1993/1993/1993 
f 1992/1992/1992 1993/1993/1993 1993/1993/1993 
f 1993/1993/1993 1993/1993/1993 1993/1993/1993 
f 1993/1993/1993 1994/1994/1994 1993/1993/1993 
f 1993/1993/1993 1994/1994/1994 1995/1995/1995 
f 1994/1994/1994 1996/1996/1996 1995/1995/1995 
f 1995/1995/1995 1996/1996/1996 1996/1996/1996 
f 1996/1996/1996 1997/1997/1997 1996/1996/1996 
f 1996/1996/1996 1997/1997/1997 1997/1997/1997 
f 1997/1997/1997 1998/1998/1998 1997/1997/1997 
f 1997/1997/1997 1998/1998/1998 1999/1999/1999 
f 1998/1998/1998 2000/2000/2000 1999/1999/1999 
f 1999/1999/1999 2000/2000/2000 2000/2000/2000 
f 2000/2000/2000 2001/2001/2001 2000/2000/2000 
f 2000/2000/2000 2001/2001/2001 2001/2001/2001 
f 2001/2001/2001 2002/2002/2002 2001/2001/2001 
f 2001/2001/2001 2002/2002/2002 2003/2003/2003 
f 2002/2002/2002 2004/2004/2004 2003/2003/2003 
f 2003/2003/2003 2004/2004/2004 2005/2005/2005 
f 2004/2004/2004 2005/2005/2005 2005/2005/2005 
f 2005/2005/2005 2005/2005/2005 2003/2003/2003 
f 2005/2005/2005 2003/2003/2003 2003/2003/2003 
f 2003/2003/2003 2003/2003/2003 2003/2003/2003 
f 2003/2003/2003 2005/2005/2005 2003/2003/2003 
f 2003/2003/2003 2005/2005/2005 2006/2006/2006 
f 2005/2005/2005 2007/2007/2007 2006/2006/2006 
f 2006/2006/2006 2007/2007/2007 2008/2008/2008 
f 2007/2007/2007 2009/2009/2009 2008/2008/2008 
f 2008/2008/2008 2009/2009/2009 2010/2010/2010 
f 2009/2009/2009 2011/2011/2011 2010/2010/2010 
f 2010/2010/2010 2011/2011/2011 2012/2012/2012 
f 2011/2011/2011 2013/2013/2013 2012/2012/2012 
f 2012/2012/2012 2013/2013/2013 2014/2014/2014 
f 2013/2013/2013 2014/2014/2014 2014/2014/2014 
f 2014/2014/2014 2014/2014/2014 2015/2015/2015 
f 2014/2014/2014 2015/2015/2015 2015/2015/2015 
f 2015/2015/2015 2015/2015/2015 2015/2015/2015 
f 2015/2015/2015 2016/2016/2016 2015/2015/2015 
f 2015/2015/2015 2016/2016/2016 2017/2017/2017 
f 2016/2016/2016 2018/2018/2018 2017/2017/2017 
f 2017/2017/2017 2018/2018/2018 2018/2018/2018 
f 2018/2018/2018 2019/2019/2019 2018/2018/2018 
f 2018/2018/2018 2019/2019/2019 2019/2019/2019 
f 2019/2019/2019 2020/2020/2020 2019/2019/2019 
f 2019/2019/2019 2020/2020/2020 2021/2021/2021 
f 2020/2020/2020 2022/2022/2022 2021/2021/2021 
f 2021/2021/2021 2022/2022/2022 2022/2022/2022 
f 2022/2022/2022 2023/2023/2023 2022/2022/2022 
f 2022/2022/2022 2023/2023/2023 2023/2023/2023 
f 2023/2023/2023 2024/2024/2024 2023/2023/2023 
f 2023/2023/2023 2024/2024/2024 2025/2025/2025 
f 2024/2024/2024 2026/2026/2026 2025/2025/2025 
f 2025/2025/2025 2026/2026/2026 2026/2026/2026 
f 2026/2026/2026 2024/2024/2024 2026/2026/2026 
f 2026/2026/2026 2024/2024/2024 2027/2027/2027 
f 2024/2024/2024 2028/2028/2028 2027/2027/2027 
f 2027/2027/2027 2028/2028/2028 2029/2029/2029 
f 2028/2028/2028 2030/2030/2030 2029/2029/2029 
f 2029/2029/2029 2030/2030/2030 2030/2030/2030 
f 2030/2030/2030 2031/2031/2031 2030/2030/2030 
f 2030/2030/2030 2031/2031/2031 2031/2031/2031 
f 2031/2031/2031 2032/2032/2032 2031/2031/2031 
f 2031/2031/2031 2032/2032/2032 2033/2033/2033 
f 2032/2032/2032 2034/2034/2034 2033/2033/2033 
f 2033/2033/2033 2034/2034/2034 2034/2034/2034 
f 2034/2034/2034 2035/2035/2035 2034/2034/2034 
f 2034/2034/2034 2035/2035/2035 2035/2035/2035 
f 2035/2035/2035 2036/2036/2036 2035/2035/2035 
f 2035/2035/2035 2036/2036/2036 2037/2037/2037 
f 2036/2036/2036 598/598/598 2037/2037/2037 
f 2037/2037/2037 598/598/598 600/600/600 
f 598/598/598 600/600/600 600/600/600 
f 600/600/600 600/600/600 463/463/463 
f 600/600/600 463/463/463 463/463/463 
f 463/463/463 463/463/463 463/463/463 
f 463/463/463 461/461/461 463/463/463 
f 463/463/463 461/461/461 2038/2038/2038 
f 461/461/461 2039/2039/2039 2038/2038/2038 
f 2038/2038/2038 2039/2039/2039 2040/2040/2040 
f 2039/2039/2039 2041/2041/2041 2040/2040/2040 
f 2040/2040/2040 2041/2041/2041 2041/2041/2041 
f 2041/2041/2041 461/461/461 2041/2041/2041 
f 2041/2041/2041 461/461/461 461/461/461 
f 461/461/461 2042/2042/2042 461/461/461 
f 461/461/461 2042/2042/2042 2039/2039/2039 
f 2042/2042/2042 2043/2043/2043 2039/2039/2039 
f 2039/2039/2039 2043/2043/2043 2041/2041/2041 
f 2043/2043/2043 2041/2041/2041 2041/2041/2041 
f 2041/2041/2041 2041/2041/2041 2044/2044/2044 
f 2041/2041/2041 2044/2044/2044 2044/2044/2044 
f 2044/2044/2044 2044/2044/2044 2044/2044/2044 
f 2044/2044/2044 1561/1561/1561 2044/2044/2044 
f 2044/2044/2044 1561/1561/1561 2045/2045/2045 
f 1561/1561/1561 1563/1563/1563 2045/2045/2045 
f 2045/2045/2045 1563/1563/1563 1563/1563/1563 
f 1563/1563/1563 2046/2046/2046 1563/1563/1563 
f 1563/1563/1563 2046/2046/2046 2046/2046/2046 
f 2046/2046/2046 2047/2047/2047 2046/2046/2046 
f 2046/2046/2046 2047/2047/2047 2048/2048/2048 
f 2047/2047/2047 2049/2049/2049 2048/2048/2048 
f 2048/2048/2048 2049/2049/2049 2050/2050/2050 
f 2049/2049/2049 2051/2051/2051 2050/2050/2050 
f 2050/2050/2050 2051/2051/2051 2052/2052/2052 
f 2051/2051/2051 2053/2053/2053 2052/2052/2052 
f 2052/2052/2052 2053/2053/2053 2054/2054/2054 
f 2053/2053/2053 2055/2055/2055 2054/2054/2054 
f 2054/2054/2054 2055/2055/2055 2056/2056/2056 
f 2055/2055/2055 2056/2056/2056 2056/2056/2056 
f 2056/2056/2056 2056/2056/2056 2056/2056/2056 
f 2056/2056/2056 2057/2057/2057 2056/2056/2056 
f 2056/2056/2056 2057/2057/2057 2054/2054/2054 
f 2057/2057/2057 2058/2058/2058 2054/2054/2054 
f 2054/2054/2054 2058/2058/2058 2052/2052/2052 
f 2058/2058/2058 2050/2050/2050 2052/2052/2052 
f 2052/2052/2052 2050/2050/2050 2050/2050/2050 
f 2050/2050/2050 2057/2057/2057 2050/2050/2050 
f 2050/2050/2050 2057/2057/2057 2057/2057/2057 
f 2057/2057/2057 2059/2059/2059 2057/2057/2057 
f 2057/2057/2057 2059/2059/2059 2058/2058/2058 
f 2059/2059/2059 2048/2048/2048 2058/2058/2058 
f 2058/2058/2058 2048/2048/2048 2050/2050/2050 
f 2048/2048/2048 2050/2050/2050 2050/2050/2050 
f 2050/2050/2050 2050/2050/2050 2060/2060/2060 
f 2050/2050/2050 2060/2060/2060 2060/2060/2060 
f 2060/2060/2060 2060/2060/2060 2060/2060/2060 
f 2060/2060/2060 2061/2061/2061 2060/2060/2060 
f 2060/2060/2060 2061/2061/2061 2062/2062/2062 
f 2061/2061/2061 2063/2063/2063 2062/2062/2062 
f 2062/2062/2062 2063/2063/2063 2063/2063/2063 
f 2063/2063/2063 2061/2061/2061 2063/2063/2063 
f 2063/2063/2063 2061/2061/2061 2064/2064/2064 
f 2061/2061/2061 2065/2065/2065 2064/2064/2064 
f 2064/2064/2064 2065/2065/2065 2066/2066/2066 
f 2065/2065/2065 2066/2066/2066 2066/2066/2066 
f 2066/2066/2066 2066/2066/2066 2055/2055/2055 
f 2066/2066/2066 2055/2055/2055 2055/2055/2055 
f 2055/2055/2055 2055/2055/2055 2055/2055/2055 
f 2055/2055/2055 2053/2053/2053 2055/2055/2055 
f 2055/2055/2055 2053/2053/2053 2067/2067/2067 
f 2053/2053/2053 2051/2051/2051 2067/2067/2067 
f 2067/2067/2067 2051/2051/2051 2051/2051/2051 
f 2051/2051/2051 2068/2068/2068 2051/2051/2051 
f 2051/2051/2051 2068/2068/2068 2068/2068/2068 
f 2068/2068/2068 2069/2069/2069 2068/2068/2068 
f 2068/2068/2068 2069/2069/2069 2070/2070/2070 
f 2069/2069/2069 2071/2071/2071 2070/2070/2070 
f 2070/2070/2070 2071/2071/2071 2071/2071/2071 
f 2071/2071/2071 2069/2069/2069 2071/2071/2071 
f 2071/2071/2071 2069/2069/2069 2072/2072/2072 
f 2069/2069/2069 2073/2073/2073 2072/2072/2072 
f 2072/2072/2072 2073/2073/2073 2074/2074/2074 
f 2073/2073/2073 2074/2074/2074 2074/2074/2074 
f 2074/2074/2074 2074/2074/2074 2075/2075/2075 
f 2074/2074/2074 2075/2075/2075 2075/2075/2075 
f 2075/2075/2075 2075/2075/2075 2075/2075/2075 
f 2075/2075/2075 2076/2076/2076 2075/2075/2075 
f 2075/2075/2075 2076/2076/2076 2077/2077/2077 
f 2076/2076/2076 2078/2078/2078 2077/2077/2077 
f 2077/2077/2077 2078/2078/2078 2078/2078/2078 
f 2078/2078/2078 2076/2076/2076 2078/2078/2078 
f 2078/2078/2078 2076/2076/2076 2076/2076/2076 
f 2076/2076/2076 2079/2079/2079 2076/2076/2076 
f 2076/2076/2076 2079/2079/2079 2078/2078/2078 
f 2079/2079/2079 2080/2080/2080 2078/2078/2078 
f 2078/2078/2078 2080/2080/2080 2080/2080/2080 
f 2080/2080/2080 2079/2079/2079 2080/2080/2080 
f 2080/2080/2080 2079/2079/2079 2079/2079/2079 
f 2079/2079/2079 2081/2081/2081 2079/2079/2079 
f 2079/2079/2079 2081/2081/2081 2080/2080/2080 
f 2081/2081/2081 2082/2082/2082 2080/2080/2080 
f 2080/2080/2080 2082/2082/2082 2082/2082/2082 
f 2082/2082/2082 2083/2083/2083 2082/2082/2082 
f 2082/2082/2082 2083/2083/2083 2083/2083/2083 
f 2083/2083/2083 2084/2084/2084 2083/2083/2083 
f 2083/2083/2083 2084/2084/2084 2085/2085/2085 
f 2084/2084/2084 2086/2086/2086 2085/2085/2085 
f 2085/2085/2085 2086/2086/2086 2086/2086/2086 
f 2086/2086/2086 2084/2084/2084 2086/2086/2086 
f 2086/2086/2086 2084/2084/2084 2084/2084/2084 
f 2084/2084/2084 2087/2087/2087 2084/2084/2084 
f 2084/2084/2084 2087/2087/2087 2086/2086/2086 
f 2087/2087/2087 2088/2088/2088 2086/2086/2086 
f 2086/2086/2086 2088/2088/2088 2089/2089/2089 
f 2088/2088/2088 2090/2090/2090 2089/2089/2089 
f 2089/2089/2089 2090/2090/2090 2091/2091/2091 
f 2090/2090/2090 2092/2092/2092 2091/2091/2091 
f 2091/2091/2091 2092/2092/2092 2084/2084/2084 
f 2092/2092/2092 2087/2087/2087 2084/2084/2084 
f 2084/2084/2084 2087/2087/2087 2087/2087/2087 
f 2087/2087/2087 2092/2092/2092 2087/2087/2087 
f 2087/2087/2087 2092/2092/2092 2092/2092/2092 
f 2092/2092/2092 2090/2090/2090 2092/2092/2092 
f 2092/2092/2092 2090/2090/2090 2087/2087/2087 
f 2090/2090/2090 2088/2088/2088 2087/2087/2087 
f 2087/2087/2087 2088/2088/2088 2088/2088/2088 
f 2088/2088/2088 2093/2093/2093 2088/2088/2088 
f 2088/2088/2088 2093/2093/2093 2093/2093/2093 
f 2093/2093/2093 2094/2094/2094 2093/2093/2093 
f 2093/2093/2093 2094/2094/2094 2095/2095/2095 
f 2094/2094/2094 2096/2096/2096 2095/2095/2095 
f 2095/2095/2095 2096/2096/2096 2097/2097/2097 
f 2096/2096/2096 2098/2098/2098 2097/2097/2097 
f 2097/2097/2097 2098/2098/2098 2099/2099/2099 
f 2098/2098/2098 2099/2099/2099 2099/2099/2099 
f 2099/2099/2099 2099/2099/2099 2100/2100/2100 
f 2099/2099/2099 2100/2100/2100 2100/2100/2100 
f 2100/2100/2100 2100/2100/2100 2100/2100/2100 
f 2100/2100/2100 2101/2101/2101 2100/2100/2100 
f 2100/2100/2100 2101/2101/2101 2102/2102/2102 
f 2101/2101/2101 2103/2103/2103 2102/2102/2102 
f 2102/2102/2102 2103/2103/2103 2103/2103/2103 
f 2103/2103/2103 2101/2101/2101 2103/2103/2103 
f 2103/2103/2103 2101/2101/2101 2101/2101/2101 
f 2101/2101/2101 2104/2104/2104 2101/2101/2101 
f 2101/2101/2101 2104/2104/2104 2103/2103/2103 
f 2104/2104/2104 2105/2105/2105 2103/2103/2103 
f 2103/2103/2103 2105/2105/2105 2105/2105/2105 
f 2105/2105/2105 2104/2104/2104 2105/2105/2105 
f 2105/2105/2105 2104/2104/2104 2104/2104/2104 
f 2104/2104/2104 2106/2106/2106 2104/2104/2104 
f 2104/2104/2104 2106/2106/2106 2105/2105/2105 
f 2106/2106/2106 2107/2107/2107 2105/2105/2105 
f 2105/2105/2105 2107/2107/2107 2107/2107/2107 
f 2107/2107/2107 1355/1355/1355 2107/2107/2107 
f 2107/2107/2107 1355/1355/1355 1355/1355/1355 
f 1355/1355/1355 2108/2108/2108 1355/1355/1355 
f 1355/1355/1355 2108/2108/2108 1353/1353/1353 
f 2108/2108/2108 2109/2109/2109 1353/1353/1353 
f 1353/1353/1353 2109/2109/2109 2109/2109/2109 
f 2109/2109/2109 2110/2110/2110 2109/2109/2109 
f 2109/2109/2109 2110/2110/2110 2110/2110/2110 
f 2110/2110/2110 2111/2111/2111 2110/2110/2110 
f 2110/2110/2110 2111/2111/2111 2112/2112/2112 
f 2111/2111/2111 2113/2113/2113 2112/2112/2112 
f 2112/2112/2112 2113/2113/2113 2113/2113/2113 
f 2113/2113/2113 2111/2111/2111 2113/2113/2113 
f 2113/2113/2113 2111/2111/2111 2111/2111/2111 
f 2111/2111/2111 2114/2114/2114 2111/2111/2111 
f 2111/2111/2111 2114/2114/2114 2113/2113/2113 
f 2114/2114/2114 2115/2115/2115 2113/2113/2113 
f 2113/2113/2113 2115/2115/2115 2116/2116/2116 
f 2115/2115/2115 2117/2117/2117 2116/2116/2116 
f 2116/2116/2116 2117/2117/2117 2118/2118/2118 
f 2117/2117/2117 2119/2119/2119 2118/2118/2118 
f 2118/2118/2118 2119/2119/2119 2111/2111/2111 
f 2119/2119/2119 2114/2114/2114 2111/2111/2111 
f 2111/2111/2111 2114/2114/2114 2114/2114/2114 
f 2114/2114/2114 2119/2119/2119 2114/2114/2114 
f 2114/2114/2114 2119/2119/2119 2119/2119/2119 
f 2119/2119/2119 2117/2117/2117 2119/2119/2119 
f 2119/2119/2119 2117/2117/2117 2114/2114/2114 
f 2117/2117/2117 2115/2115/2115 2114/2114/2114 
f 2114/2114/2114 2115/2115/2115 2115/2115/2115 
f 2115/2115/2115 2120/2120/2120 2115/2115/2115 
f 2115/2115/2115 2120/2120/2120 2120/2120/2120 
f 2120/2120/2120 2121/2121/2121 2120/2120/2120 
f 2120/2120/2120 2121/2121/2121 2122/2122/2122 
f 2121/2121/2121 2123/2123/2123 2122/2122/2122 
f 2122/2122/2122 2123/2123/2123 2123/2123/2123 
f 2123/2123/2123 2121/2121/2121 2123/2123/2123 
f 2123/2123/2123 2121/2121/2121 2124/2124/2124 
f 2121/2121/2121 2125/2125/2125 2124/2124/2124 
f 2124/2124/2124 2125/2125/2125 2126/2126/2126 
f 2125/2125/2125 2126/2126/2126 2126/2126/2126 
f 2126/2126/2126 2126/2126/2126 2091/2091/2091 
f 2126/2126/2126 2091/2091/2091 2091/2091/2091 
f 2091/2091/2091 2091/2091/2091 2091/2091/2091 
f 2091/2091/2091 2127/2127/2127 2091/2091/2091 
f 2091/2091/2091 2127/2127/2127 2089/2089/2089 
f 2127/2127/2127 2128/2128/2128 2089/2089/2089 
f 2089/2089/2089 2128/2128/2128 2128/2128/2128 
f 2128/2128/2128 2129/2129/2129 2128/2128/2128 
f 2128/2128/2128 2129/2129/2129 2129/2129/2129 
f 2129/2129/2129 2130/2130/2130 2129/2129/2129 
f 2129/2129/2129 2130/2130/2130 2131/2131/2131 
f 2130/2130/2130 2132/2132/2132 2131/2131/2131 
f 2131/2131/2131 2132/2132/2132 2132/2132/2132 
f 2132/2132/2132 2130/2130/2130 2132/2132/2132 
f 2132/2132/2132 2130/2130/2130 2130/2130/2130 
f 2130/2130/2130 2133/2133/2133 2130/2130/2130 
f 2130/2130/2130 2133/2133/2133 2132/2132/2132 
f 2133/2133/2133 2134/2134/2134 2132/2132/2132 
f 2132/2132/2132 2134/2134/2134 2134/2134/2134 
f 2134/2134/2134 2133/2133/2133 2134/2134/2134 
f 2134/2134/2134 2133/2133/2133 2133/2133/2133 
f 2133/2133/2133 2135/2135/2135 2133/2133/2133 
f 2133/2133/2133 2135/2135/2135 2134/2134/2134 
f 2135/2135/2135 2136/2136/2136 2134/2134/2134 
f 2134/2134/2134 2136/2136/2136 2136/2136/2136 
f 2136/2136/2136 2137/2137/2137 2136/2136/2136 
f 2136/2136/2136 2137/2137/2137 2137/2137/2137 
f 2137/2137/2137 2138/2138/2138 2137/2137/2137 
f 2137/2137/2137 2138/2138/2138 2139/2139/2139 
f 2138/2138/2138 2140/2140/2140 2139/2139/2139 
f 2139/2139/2139 2140/2140/2140 2140/2140/2140 
f 2140/2140/2140 2138/2138/2138 2140/2140/2140 
f 2140/2140/2140 2138/2138/2138 2138/2138/2138 
f 2138/2138/2138 2141/2141/2141 2138/2138/2138 
f 2138/2138/2138 2141/2141/2141 2140/2140/2140 
f 2141/2141/2141 2142/2142/2142 2140/2140/2140 
f 2140/2140/2140 2142/2142/2142 2142/2142/2142 
f 2142/2142/2142 2141/2141/2141 2142/2142/2142 
f 2142/2142/2142 2141/2141/2141 2141/2141/2141 
f 2141/2141/2141 2143/2143/2143 2141/2141/2141 
f 2141/2141/2141 2143/2143/2143 2142/2142/2142 
f 2143/2143/2143 2144/2144/2144 2142/2142/2142 
f 2142/2142/2142 2144/2144/2144 2144/2144/2144 
f 2144/2144/2144 2145/2145/2145 2144/2144/2144 
f 2144/2144/2144 2145/2145/2145 2145/2145/2145 
f 2145/2145/2145 2146/2146/2146 2145/2145/2145 
f 2145/2145/2145 2146/2146/2146 2147/2147/2147 
f 2146/2146/2146 2148/2148/2148 2147/2147/2147 
f 2147/2147/2147 2148/2148/2148 2148/2148/2148 
f 2148/2148/2148 2146/2146/2146 2148/2148/2148 
f 2148/2148/2148 2146/2146/2146 2149/2149/2149 
f 2146/2146/2146 2150/2150/2150 2149/2149/2149 
f 2149/2149/2149 2150/2150/2150 2151/2151/2151 
f 2150/2150/2150 2151/2151/2151 2151/2151/2151 
f 2151/2151/2151 2151/2151/2151 2152/2152/2152 
f 2151/2151/2151 2152/2152/2152 2152/2152/2152 
f 2152/2152/2152 2152/2152/2152 2152/2152/2152 
f 2152/2152/2152 2153/2153/2153 2152/2152/2152 
f 2152/2152/2152 2153/2153/2153 2154/2154/2154 
f 2153/2153/2153 2155/2155/2155 2154/2154/2154 
f 2154/2154/2154 2155/2155/2155 2155/2155/2155 
f 2155/2155/2155 2153/2153/2153 2155/2155/2155 
f 2155/2155/2155 2153/2153/2153 2153/2153/2153 
f 2153/2153/2153 2156/2156/2156 2153/2153/2153 
f 2153/2153/2153 2156/2156/2156 2155/2155/2155 
f 2156/2156/2156 2157/2157/2157 2155/2155/2155 
f 2155/2155/2155 2157/2157/2157 2158/2158/2158 
f 2157/2157/2157 2159/2159/2159 2158/2158/2158 
f 2158/2158/2158 2159/2159/2159 2160/2160/2160 
f 2159/2159/2159 2161/2161/2161 2160/2160/2160 
f 2160/2160/2160 2161/2161/2161 2153/2153/2153 
f 2161/2161/2161 2156/2156/2156 2153/2153/2153 
f 2153/2153/2153 2156/2156/2156 2156/2156/2156 
f 2156/2156/2156 2161/2161/2161 2156/2156/2156 
f 2156/2156/2156 2161/2161/2161 2161/2161/2161 
f 2161/2161/2161 2159/2159/2159 2161/2161/2161 
f 2161/2161/2161 2159/2159/2159 2156/2156/2156 
f 2159/2159/2159 2157/2157/2157 2156/2156/2156 
f 2156/2156/2156 2157/2157/2157 2157/2157/2157 
f 2157/2157/2157 2162/2162/2162 2157/2157/2157 
f 2157/2157/2157 2162/2162/2162 2162/2162/2162 
f 2162/2162/2162 2163/2163/2163 2162/2162/2162 
f 2162/2162/2162 2163/2163/2163 2164/2164/2164 
f 2163/2163/2163 2165/2165/2165 2164/2164/2164 
f 2164/2164/2164 2165/2165/2165 2166/2166/2166 
f 2165/2165/2165 2167/2167/2167 2166/2166/2166 
f 2166/2166/2166 2167/2167/2167 2168/2168/2168 
f 2167/2167/2167 2168/2168/2168 2168/2168/2168 
f 2168/2168/2168 2168/2168/2168 2169/2169/2169 
f 2168/2168/2168 2169/2169/2169 2169/2169/2169 
f 2169/2169/2169 2169/2169/2169 2169/2169/2169 
f 2169/2169/2169 2170/2170/2170 2169/2169/2169 
f 2169/2169/2169 2170/2170/2170 2171/2171/2171 
f 2170/2170/2170 2172/2172/2172 2171/2171/2171 
f 2171/2171/2171 2172/2172/2172 2172/2172/2172 
f 2172/2172/2172 1296/1296/1296 2172/2172/2172 
f 2172/2172/2172 1296/1296/1296 1296/1296/1296 
f 1296/1296/1296 2173/2173/2173 1296/1296/1296 
f 1296/1296/1296 2173/2173/2173 1298/1298/1298 
f 2173/2173/2173 2174/2174/2174 1298/1298/1298 
f 1298/1298/1298 2174/2174/2174 1300/1300/1300 
f 2174/2174/2174 1300/1300/1300 1300/1300/1300 
f 1300/1300/1300 1300/1300/1300 2173/2173/2173 
f 1300/1300/1300 2173/2173/2173 2173/2173/2173 
f 2173/2173/2173 2173/2173/2173 2173/2173/2173 
f 2173/2173/2173 2175/2175/2175 2173/2173/2173 
f 2173/2173/2173 2175/2175/2175 2174/2174/2174 
f 2175/2175/2175 2176/2176/2176 2174/2174/2174 
f 2174/2174/2174 2176/2176/2176 2176/2176/2176 
f 2176/2176/2176 2175/2175/2175 2176/2176/2176 
f 2176/2176/2176 2175/2175/2175 2175/2175/2175 
f 2175/2175/2175 2177/2177/2177 2175/2175/2175 
f 2175/2175/2175 2177/2177/2177 2176/2176/2176 
f 2177/2177/2177 2178/2178/2178 2176/2176/2176 
f 2176/2176/2176 2178/2178/2178 2179/2179/2179 
f 2178/2178/2178 2180/2180/2180 2179/2179/2179 
f 2179/2179/2179 2180/2180/2180 2180/2180/2180 
f 2180/2180/2180 2181/2181/2181 2180/2180/2180 
f 2180/2180/2180 2181/2181/2181 2181/2181/2181 
f 2181/2181/2181 2182/2182/2182 2181/2181/2181 
f 2181/2181/2181 2182/2182/2182 2183/2183/2183 
f 2182/2182/2182 2184/2184/2184 2183/2183/2183 
f 2183/2183/2183 2184/2184/2184 2184/2184/2184 
f 2184/2184/2184 2185/2185/2185 2184/2184/2184 
f 2184/2184/2184 2185/2185/2185 2185/2185/2185 
f 2185/2185/2185 2186/2186/2186 2185/2185/2185 
f 2185/2185/2185 2186/2186/2186 2187/2187/2187 
f 2186/2186/2186 2188/2188/2188 2187/2187/2187 
f 2187/2187/2187 2188/2188/2188 2188/2188/2188 
f 2188/2188/2188 2186/2186/2186 2188/2188/2188 
f 2188/2188/2188 2186/2186/2186 2189/2189/2189 
f 2186/2186/2186 2190/2190/2190 2189/2189/2189 
f 2189/2189/2189 2190/2190/2190 2191/2191/2191 
f 2190/2190/2190 2191/2191/2191 2191/2191/2191 
f 2191/2191/2191 2191/2191/2191 2192/2192/2192 
f 2191/2191/2191 2192/2192/2192 2192/2192/2192 
f 2192/2192/2192 2192/2192/2192 2192/2192/2192 
f 2192/2192/2192 2193/2193/2193 2192/2192/2192 
f 2192/2192/2192 2193/2193/2193 2194/2194/2194 
f 2193/2193/2193 2195/2195/2195 2194/2194/2194 
f 2194/2194/2194 2195/2195/2195 2195/2195/2195 
f 2195/2195/2195 2193/2193/2193 2195/2195/2195 
f 2195/2195/2195 2193/2193/2193 2193/2193/2193 
f 2193/2193/2193 2196/2196/2196 2193/2193/2193 
f 2193/2193/2193 2196/2196/2196 2195/2195/2195 
f 2196/2196/2196 2197/2197/2197 2195/2195/2195 
f 2195/2195/2195 2197/2197/2197 2198/2198/2198 
f 2197/2197/2197 2199/2199/2199 2198/2198/2198 
f 2198/2198/2198 2199/2199/2199 2200/2200/2200 
f 2199/2199/2199 2201/2201/2201 2200/2200/2200 
f 2200/2200/2200 2201/2201/2201 2193/2193/2193 
f 2201/2201/2201 2196/2196/2196 2193/2193/2193 
f 2193/2193/2193 2196/2196/2196 2196/2196/2196 
f 2196/2196/2196 2201/2201/2201 2196/2196/2196 
f 2196/2196/2196 2201/2201/2201 2201/2201/2201 
f 2201/2201/2201 2199/2199/2199 2201/2201/2201 
f 2201/2201/2201 2199/2199/2199 2196/2196/2196 
f 2199/2199/2199 2197/2197/2197 2196/2196/2196 
f 2196/2196/2196 2197/2197/2197 2197/2197/2197 
f 2197/2197/2197 2202/2202/2202 2197/2197/2197 
f 2197/2197/2197 2202/2202/2202 2202/2202/2202 
f 2202/2202/2202 2203/2203/2203 2202/2202/2202 
f 2202/2202/2202 2203/2203/2203 2204/2204/2204 
f 2203/2203/2203 2205/2205/2205 2204/2204/2204 
f 2204/2204/2204 2205/2205/2205 2205/2205/2205 
f 2205/2205/2205 2203/2203/2203 2205/2205/2205 
f 2205/2205/2205 2203/2203/2203 2203/2203/2203 
f 2203/2203/2203 2206/2206/2206 2203/2203/2203 
f 2203/2203/2203 2206/2206/2206 2205/2205/2205 
f 2206/2206/2206 2207/2207/2207 2205/2205/2205 
f 2205/2205/2205 2207/2207/2207 2207/2207/2207 
f 2207/2207/2207 2206/2206/2206 2207/2207/2207 
f 2207/2207/2207 2206/2206/2206 2206/2206/2206 
f 2206/2206/2206 2208/2208/2208 2206/2206/2206 
f 2206/2206/2206 2208/2208/2208 2207/2207/2207 
f 2208/2208/2208 2209/2209/2209 2207/2207/2207 
f 2207/2207/2207 2209/2209/2209 2209/2209/2209 
f 2209/2209/2209 2210/2210/2210 2209/2209/2209 
f 2209/2209/2209 2210/2210/2210 2210/2210/2210 
f 2210/2210/2210 2198/2198/2198 2210/2210/2210 
f 2210/2210/2210 2198/2198/2198 2211/2211/2211 
f 2198/2198/2198 2200/2200/2200 2211/2211/2211 
f 2211/2211/2211 2200/2200/2200 2200/2200/2200 
f 2200/2200/2200 2212/2212/2212 2200/2200/2200 
f 2200/2200/2200 2212/2212/2212 2212/2212/2212 
f 2212/2212/2212 2213/2213/2213 2212/2212/2212 
f 2212/2212/2212 2213/2213/2213 2214/2214/2214 
f 2213/2213/2213 2215/2215/2215 2214/2214/2214 
f 2214/2214/2214 2215/2215/2215 2216/2216/2216 
f 2215/2215/2215 2217/2217/2217 2216/2216/2216 
f 2216/2216/2216 2217/2217/2217 2217/2217/2217 
f 2217/2217/2217 2215/2215/2215 2217/2217/2217 
f 2217/2217/2217 2215/2215/2215 2218/2218/2218 
f 2215/2215/2215 2213/2213/2213 2218/2218/2218 
f 2218/2218/2218 2213/2213/2213 2219/2219/2219 
f 2213/2213/2213 2219/2219/2219 2219/2219/2219 
f 2219/2219/2219 2219/2219/2219 2220/2220/2220 
f 2219/2219/2219 2220/2220/2220 2220/2220/2220 
f 2220/2220/2220 2220/2220/2220 2220/2220/2220 
f 2220/2220/2220 2221/2221/2221 2220/2220/2220 
f 2220/2220/2220 2221/2221/2221 2222/2222/2222 
f 2221/2221/2221 2223/2223/2223 2222/2222/2222 
f 2222/2222/2222 2223/2223/2223 2223/2223/2223 
f 2223/2223/2223 2221/2221/2221 2223/2223/2223 
f 2223/2223/2223 2221/2221/2221 2224/2224/2224 
f 2221/2221/2221 2225/2225/2225 2224/2224/2224 
f 2224/2224/2224 2225/2225/2225 2226/2226/2226 
f 2225/2225/2225 2226/2226/2226 2226/2226/2226 
f 2226/2226/2226 2226/2226/2226 2227/2227/2227 
f 2226/2226/2226 2227/2227/2227 2227/2227/2227 
f 2227/2227/2227 2227/2227/2227 2227/2227/2227 
f 2227/2227/2227 2228/2228/2228 2227/2227/2227 
f 2227/2227/2227 2228/2228/2228 2229/2229/2229 
f 2228/2228/2228 2230/2230/2230 2229/2229/2229 
f 2229/2229/2229 2230/2230/2230 2230/2230/2230 
f 2230/2230/2230 2228/2228/2228 2230/2230/2230 
f 2230/2230/2230 2228/2228/2228 2228/2228/2228 
f 2228/2228/2228 2231/2231/2231 2228/2228/2228 
f 2228/2228/2228 2231/2231/2231 2230/2230/2230 
f 2231/2231/2231 2232/2232/2232 2230/2230/2230 
f 2230/2230/2230 2232/2232/2232 2233/2233/2233 
f 2232/2232/2232 2234/2234/2234 2233/2233/2233 
f 2233/2233/2233 2234/2234/2234 2235/2235/2235 
f 2234/2234/2234 2236/2236/2236 2235/2235/2235 
f 2235/2235/2235 2236/2236/2236 2228/2228/2228 
f 2236/2236/2236 2231/2231/2231 2228/2228/2228 
f 2228/2228/2228 2231/2231/2231 2231/2231/2231 
f 2231/2231/2231 2236/2236/2236 2231/2231/2231 
f 2231/2231/2231 2236/2236/2236 2236/2236/2236 
f 2236/2236/2236 2234/2234/2234 2236/2236/2236 
f 2236/2236/2236 2234/2234/2234 2231/2231/2231 
f 2234/2234/2234 2232/2232/2232 2231/2231/2231 
f 2231/2231/2231 2232/2232/2232 2232/2232/2232 
f 2232/2232/2232 2237/2237/2237 2232/2232/2232 
f 2232/2232/2232 2237/2237/2237 2237/2237/2237 
f 2237/2237/2237 2238/2238/2238 2237/2237/2237 
f 2237/2237/2237 2238/2238/2238 2239/2239/2239 
f 2238/2238/2238 2240/2240/2240 2239/2239/2239 
f 2239/2239/2239 2240/2240/2240 2240/2240/2240 
f 2240/2240/2240 2238/2238/2238 2240/2240/2240 
f 2240/2240/2240 2238/2238/2238 2241/2241/2241 
f 2238/2238/2238 2242/2242/2242 2241/2241/2241 
f 2241/2241/2241 2242/2242/2242 2243/2243/2243 
f 2242/2242/2242 2243/2243/2243 2243/2243/2243 
f 2243/2243/2243 2243/2243/2243 2244/2244/2244 
f 2243/2243/2243 2244/2244/2244 2244/2244/2244 
f 2244/2244/2244 2244/2244/2244 2244/2244/2244 
f 2244/2244/2244 2245/2245/2245 2244/2244/2244 
f 2244/2244/2244 2245/2245/2245 2246/2246/2246 
f 2245/2245/2245 2247/2247/2247 2246/2246/2246 
f 2246/2246/2246 2247/2247/2247 2248/2248/2248 
f 2247/2247/2247 2248/2248/2248 2248/2248/2248 
f 2248/2248/2248 2248/2248/2248 2249/2249/2249 
f 2248/2248/2248 2249/2249/2249 2249/2249/2249 
f 2249/2249/2249 2249/2249/2249 2249/2249/2249 
f 2249/2249/2249 2250/2250/2250 2249/2249/2249 
f 2249/2249/2249 2250/2250/2250 2251/2251/2251 
f 2250/2250/2250 2252/2252/2252 2251/2251/2251 
f 2251/2251/2251 2252/2252/2252 2252/2252/2252 
f 2252/2252/2252 2250/2250/2250 2252/2252/2252 
f 2252/2252/2252 2250/2250/2250 2250/2250/2250 
f 2250/2250/2250 2253/2253/2253 2250/2250/2250 
f 2250/2250/2250 2253/2253/2253 2252/2252/2252 
f 2253/2253/2253 2254/2254/2254 2252/2252/2252 
f 2252/2252/2252 2254/2254/2254 2255/2255/2255 
f 2254/2254/2254 2256/2256/2256 2255/2255/2255 
f 2255/2255/2255 2256/2256/2256 2257/2257/2257 
f 2256/2256/2256 2258/2258/2258 2257/2257/2257 
f 2257/2257/2257 2258/2258/2258 2250/2250/2250 
f 2258/2258/2258 2253/2253/2253 2250/2250/2250 
f 2250/2250/2250 2253/2253/2253 2253/2253/2253 
f 2253/2253/2253 2258/2258/2258 2253/2253/2253 
f 2253/2253/2253 2258/2258/2258 2258/2258/2258 
f 2258/2258/2258 2256/2256/2256 2258/2258/2258 
f 2258/2258/2258 2256/2256/2256 2253/2253/2253 
f 2256/2256/2256 2254/2254/2254 2253/2253/2253 
f 2253/2253/2253 2254/2254/2254 2254/2254/2254 
f 2254/2254/2254 2259/2259/2259 2254/2254/2254 
f 2254/2254/2254 2259/2259/2259 2259/2259/2259 
f 2259/2259/2259 2260/2260/2260 2259/2259/2259 
f 2259/2259/2259 2260/2260/2260 2261/2261/2261 
f 2260/2260/2260 2262/2262/2262 2261/2261/2261 
f 2261/2261/2261 2262/2262/2262 2262/2262/2262 
f 2262/2262/2262 2260/2260/2260 2262/2262/2262 
f 2262/2262/2262 2260/2260/2260 2260/2260/2260 
f 2260/2260/2260 2263/2263/2263 2260/2260/2260 
f 2260/2260/2260 2263/2263/2263 2262/2262/2262 
f 2263/2263/2263 2264/2264/2264 2262/2262/2262 
f 2262/2262/2262 2264/2264/2264 2264/2264/2264 
f 2264/2264/2264 2263/2263/2263 2264/2264/2264 
f 2264/2264/2264 2263/2263/2263 2263/2263/2263 
f 2263/2263/2263 2265/2265/2265 2263/2263/2263 
f 2263/2263/2263 2265/2265/2265 2264/2264/2264 
f 2265/2265/2265 2266/2266/2266 2264/2264/2264 
f 2264/2264/2264 2266/2266/2266 2266/2266/2266 
f 2266/2266/2266 2267/2267/2267 2266/2266/2266 
f 2266/2266/2266 2267/2267/2267 2267/2267/2267 
f 2267/2267/2267 2268/2268/2268 2267/2267/2267 
f 2267/2267/2267 2268/2268/2268 2269/2269/2269 
f 2268/2268/2268 2270/2270/2270 2269/2269/2269 
f 2269/2269/2269 2270/2270/2270 2270/2270/2270 
f 2270/2270/2270 2268/2268/2268 2270/2270/2270 
f 2270/2270/2270 2268/2268/2268 2268/2268/2268 
f 2268/2268/2268 2271/2271/2271 2268/2268/2268 
f 2268/2268/2268 2271/2271/2271 2270/2270/2270 
f 2271/2271/2271 2272/2272/2272 2270/2270/2270 
f 2270/2270/2270 2272/2272/2272 2273/2273/2273 
f 2272/2272/2272 2274/2274/2274 2273/2273/2273 
f 2273/2273/2273 2274/2274/2274 2275/2275/2275 
f 2274/2274/2274 2276/2276/2276 2275/2275/2275 
f 2275/2275/2275 2276/2276/2276 2268/2268/2268 
f 2276/2276/2276 2271/2271/2271 2268/2268/2268 
f 2268/2268/2268 2271/2271/2271 2271/2271/2271 
f 2271/2271/2271 2276/2276/2276 2271/2271/2271 
f 2271/2271/2271 2276/2276/2276 2276/2276/2276 
f 2276/2276/2276 2274/2274/2274 2276/2276/2276 
f 2276/2276/2276 2274/2274/2274 2271/2271/2271 
f 2274/2274/2274 2272/2272/2272 2271/2271/2271 
f 2271/2271/2271 2272/2272/2272 2272/2272/2272 
f 2272/2272/2272 2277/2277/2277 2272/2272/2272 
f 2272/2272/2272 2277/2277/2277 2277/2277/2277 
f 2277/2277/2277 2278/2278/2278 2277/2277/2277 
f 2277/2277/2277 2278/2278/2278 2279/2279/2279 
f 2278/2278/2278 2280/2280/2280 2279/2279/2279 
f 2279/2279/2279 2280/2280/2280 2280/2280/2280 
f 2280/2280/2280 2281/2281/2281 2280/2280/2280 
f 2280/2280/2280 2281/2281/2281 2281/2281/2281 
f 2281/2281/2281 2282/2282/2282 2281/2281/2281 
f 2281/2281/2281 2282/2282/2282 2283/2283/2283 
f 2282/2282/2282 2284/2284/2284 2283/2283/2283 
f 2283/2283/2283 2284/2284/2284 2285/2285/2285 
f 2284/2284/2284 2286/2286/2286 2285/2285/2285 
f 2285/2285/2285 2286/2286/2286 2287/2287/2287 
f 2286/2286/2286 2287/2287/2287 2287/2287/2287 
f 2287/2287/2287 2287/2287/2287 2288/2288/2288 
f 2287/2287/2287 2288/2288/2288 2288/2288/2288 
f 2288/2288/2288 2288/2288/2288 2288/2288/2288 
f 2288/2288/2288 2289/2289/2289 2288/2288/2288 
f 2288/2288/2288 2289/2289/2289 2290/2290/2290 
f 2289/2289/2289 2291/2291/2291 2290/2290/2290 
f 2290/2290/2290 2291/2291/2291 2292/2292/2292 
f 2291/2291/2291 2293/2293/2293 2292/2292/2292 
f 2292/2292/2292 2293/2293/2293 2294/2294/2294 
f 2293/2293/2293 2295/2295/2295 2294/2294/2294 
f 2294/2294/2294 2295/2295/2295 2296/2296/2296 
f 2295/2295/2295 2297/2297/2297 2296/2296/2296 
f 2296/2296/2296 2297/2297/2297 2298/2298/2298 
f 2297/2297/2297 2299/2299/2299 2298/2298/2298 
f 2298/2298/2298 2299/2299/2299 2300/2300/2300 
f 2299/2299/2299 2301/2301/2301 2300/2300/2300 
f 2300/2300/2300 2301/2301/2301 2302/2302/2302 
f 2301/2301/2301 2303/2303/2303 2302/2302/2302 
f 2302/2302/2302 2303/2303/2303 2304/2304/2304 
f 2303/2303/2303 2305/2305/2305 2304/2304/2304 
f 2304/2304/2304 2305/2305/2305 2306/2306/2306 
f 2305/2305/2305 2307/2307/2307 2306/2306/2306 
f 2306/2306/2306 2307/2307/2307 2308/2308/2308 
f 2307/2307/2307 2309/2309/2309 2308/2308/2308 
f 2308/2308/2308 2309/2309/2309 2310/2310/2310 
f 2309/2309/2309 2311/2311/2311 2310/2310/2310 
f 2310/2310/2310 2311/2311/2311 2312/2312/2312 
f 2311/2311/2311 2312/2312/2312 2312/2312/2312 
f 2312/2312/2312 2312/2312/2312 2289/2289/2289 
f 2312/2312/2312 2289/2289/2289 2289/2289/2289 
f 2289/2289/2289 2289/2289/2289 2289/2289/2289 
f 2289/2289/2289 2313/2313/2313 2289/2289/2289 
f 2289/2289/2289 2313/2313/2313 2291/2291/2291 
f 2313/2313/2313 2314/2314/2314 2291/2291/2291 
f 2291/2291/2291 2314/2314/2314 2293/2293/2293 
f 2314/2314/2314 2315/2315/2315 2293/2293/2293 
f 2293/2293/2293 2315/2315/2315 2295/2295/2295 
f 2315/2315/2315 2316/2316/2316 2295/2295/2295 
f 2295/2295/2295 2316/2316/2316 2297/2297/2297 
f 2316/2316/2316 2317/2317/2317 2297/2297/2297 
f 2297/2297/2297 2317/2317/2317 2299/2299/2299 
f 2317/2317/2317 2318/2318/2318 2299/2299/2299 
f 2299/2299/2299 2318/2318/2318 2301/2301/2301 
f 2318/2318/2318 2319/2319/2319 2301/2301/2301 
f 2301/2301/2301 2319/2319/2319 2303/2303/2303 
f 2319/2319/2319 2320/2320/2320 2303/2303/2303 
f 2303/2303/2303 2320/2320/2320 2305/2305/2305 
f 2320/2320/2320 2321/2321/2321 2305/2305/2305 
f 2305/2305/2305 2321/2321/2321 2307/2307/2307 
f 2321/2321/2321 2322/2322/2322 2307/2307/2307 
f 2307/2307/2307 2322/2322/2322 2309/2309/2309 
f 2322/2322/2322 2309/2309/2309 2309/2309/2309 
f 2309/2309/2309 2309/2309/2309 2315/2315/2315 
f 2309/2309/2309 2315/2315/2315 2315/2315/2315 
f 2315/2315/2315 2315/2315/2315 2315/2315/2315 
f 2315/2315/2315 2323/2323/2323 2315/2315/2315 
f 2315/2315/2315 2323/2323/2323 2316/2316/2316 
f 2323/2323/2323 2324/2324/2324 2316/2316/2316 
f 2316/2316/2316 2324/2324/2324 2317/2317/2317 
f 2324/2324/2324 2325/2325/2325 2317/2317/2317 
f 2317/2317/2317 2325/2325/2325 2318/2318/2318 
f 2325/2325/2325 2326/2326/2326 2318/2318/2318 
f 2318/2318/2318 2326/2326/2326 2319/2319/2319 
f 2326/2326/2326 2327/2327/2327 2319/2319/2319 
f 2319/2319/2319 2327/2327/2327 2320/2320/2320 
f 2327/2327/2327 2328/2328/2328 2320/2320/2320 
f 2320/2320/2320 2328/2328/2328 2321/2321/2321 
f 2328/2328/2328 2329/2329/2329 2321/2321/2321 
f 2321/2321/2321 2329/2329/2329 2322/2322/2322 
f 2329/2329/2329 2322/2322/2322 2322/2322/2322 
f 2322/2322/2322 2322/2322/2322 2323/2323/2323 
f 2322/2322/2322 2323/2323/2323 2323/2323/2323 
f 2323/2323/2323 2323/2323/2323 2323/2323/2323 
f 2323/2323/2323 2330/2330/2330 2323/2323/2323 
f 2323/2323/2323 2330/2330/2330 2324/2324/2324 
f 2330/2330/2330 2331/2331/2331 2324/2324/2324 
f 2324/2324/2324 2331/2331/2331 2325/2325/2325 
f 2331/2331/2331 2332/2332/2332 2325/2325/2325 
f 2325/2325/2325 2332/2332/2332 2326/2326/2326 
f 2332/2332/2332 2333/2333/2333 2326/2326/2326 
f 2326/2326/2326 2333/2333/2333 2327/2327/2327 
f 2333/2333/2333 2334/2334/2334 2327/2327/2327 
f 2327/2327/2327 2334/2334/2334 2328/2328/2328 
f 2334/2334/2334 2335/2335/2335 2328/2328/2328 
f 2328/2328/2328 2335/2335/2335 2329/2329/2329 
f 2335/2335/2335 2329/2329/2329 2329/2329/2329 
f 2329/2329/2329 2329/2329/2329 2323/2323/2323 
f 2329/2329/2329 2323/2323/2323 2323/2323/2323 
f 2323/2323/2323 2323/2323/2323 2323/2323/2323 
f 2323/2323/2323 2336/2336/2336 2323/2323/2323 
f 2323/2323/2323 2336/2336/2336 2330/2330/2330 
f 2336/2336/2336 2337/2337/2337 2330/2330/2330 
f 2330/2330/2330 2337/2337/2337 2331/2331/2331 
f 2337/2337/2337 2338/2338/2338 2331/2331/2331 
f 2331/2331/2331 2338/2338/2338 2332/2332/2332 
f 2338/2338/2338 2339/2339/2339 2332/2332/2332 
f 2332/2332/2332 2339/2339/2339 2333/2333/2333 
f 2339/2339/2339 2340/2340/2340 2333/2333/2333 
f 2333/2333/2333 2340/2340/2340 2334/2334/2334 
f 2340/2340/2340 2341/2341/2341 2334/2334/2334 
f 2334/2334/2334 2341/2341/2341 2335/2335/2335 
f 2341/2341/2341 2335/2335/2335 2335/2335/2335 
f 2335/2335/2335 2335/2335/2335 2336/2336/2336 
f 2335/2335/2335 2336/2336/2336 2336/2336/2336 
f 2336/2336/2336 2336/2336/2336 2336/2336/2336 
f 2336/2336/2336 2323/2323/2323 2336/2336/2336 
f 2336/2336/2336 2323/2323/2323 2342/2342/2342 
f 2323/2323/2323 2314/2314/2314 2342/2342/2342 
f 2342/2342/2342 2314/2314/2314 2343/2343/2343 
f 2314/2314/2314 2313/2313/2313 2343/2343/2343 
f 2343/2343/2343 2313/2313/2313 2313/2313/2313 
f 2313/2313/2313 2343/2343/2343 2313/2313/2313 
f 2313/2313/2313 2343/2343/2343 2343/2343/2343 
f 2343/2343/2343 2344/2344/2344 2343/2343/2343 
f 2343/2343/2343 2344/2344/2344 2342/2342/2342 
f 2344/2344/2344 2336/2336/2336 2342/2342/2342 
f 2342/2342/2342 2336/2336/2336 2336/2336/2336 
f 2336/2336/2336 2344/2344/2344 2336/2336/2336 
f 2336/2336/2336 2344/2344/2344 2344/2344/2344 
f 2344/2344/2344 2345/2345/2345 2344/2344/2344 
f 2344/2344/2344 2345/2345/2345 2336/2336/2336 
f 2345/2345/2345 2346/2346/2346 2336/2336/2336 
f 2336/2336/2336 2346/2346/2346 2337/2337/2337 
f 2346/2346/2346 2337/2337/2337 2337/2337/2337 
f 2337/2337/2337 2337/2337/2337 2347/2347/2347 
f 2337/2337/2337 2347/2347/2347 2347/2347/2347 
f 2347/2347/2347 2347/2347/2347 2347/2347/2347 
f 2347/2347/2347 2348/2348/2348 2347/2347/2347 
f 2347/2347/2347 2348/2348/2348 2349/2349/2349 
f 2348/2348/2348 2350/2350/2350 2349/2349/2349 
f 2349/2349/2349 2350/2350/2350 2350/2350/2350 
f 2350/2350/2350 2348/2348/2348 2350/2350/2350 
f 2350/2350/2350 2348/2348/2348 2348/2348/2348 
f 2348/2348/2348 2351/2351/2351 2348/2348/2348 
f 2348/2348/2348 2351/2351/2351 2350/2350/2350 
f 2351/2351/2351 2352/2352/2352 2350/2350/2350 
f 2350/2350/2350 2352/2352/2352 2352/2352/2352 
f 2352/2352/2352 2351/2351/2351 2352/2352/2352 
f 2352/2352/2352 2351/2351/2351 2351/2351/2351 
f 2351/2351/2351 2353/2353/2353 2351/2351/2351 
f 2351/2351/2351 2353/2353/2353 2352/2352/2352 
f 2353/2353/2353 2354/2354/2354 2352/2352/2352 
f 2352/2352/2352 2354/2354/2354 2354/2354/2354 
f 2354/2354/2354 2355/2355/2355 2354/2354/2354 
f 2354/2354/2354 2355/2355/2355 2355/2355/2355 
f 2355/2355/2355 2356/2356/2356 2355/2355/2355 
f 2355/2355/2355 2356/2356/2356 2357/2357/2357 
f 2356/2356/2356 2358/2358/2358 2357/2357/2357 
f 2357/2357/2357 2358/2358/2358 2358/2358/2358 
f 2358/2358/2358 2356/2356/2356 2358/2358/2358 
f 2358/2358/2358 2356/2356/2356 2359/2359/2359 
f 2356/2356/2356 2360/2360/2360 2359/2359/2359 
f 2359/2359/2359 2360/2360/2360 2361/2361/2361 
f 2360/2360/2360 2361/2361/2361 2361/2361/2361 
f 2361/2361/2361 2361/2361/2361 2362/2362/2362 
f 2361/2361/2361 2362/2362/2362 2362/2362/2362 
f 2362/2362/2362 2362/2362/2362 2362/2362/2362 
f 2362/2362/2362 2363/2363/2363 2362/2362/2362 
f 2362/2362/2362 2363/2363/2363 2364/2364/2364 
f 2363/2363/2363 2365/2365/2365 2364/2364/2364 
f 2364/2364/2364 2365/2365/2365 2365/2365/2365 
f 2365/2365/2365 2363/2363/2363 2365/2365/2365 
f 2365/2365/2365 2363/2363/2363 2366/2366/2366 
f 2363/2363/2363 2367/2367/2367 2366/2366/2366 
f 2366/2366/2366 2367/2367/2367 2368/2368/2368 
f 2367/2367/2367 2368/2368/2368 2368/2368/2368 
f 2368/2368/2368 2368/2368/2368 2369/2369/2369 
f 2368/2368/2368 2369/2369/2369 2369/2369/2369 
f 2369/2369/2369 2369/2369/2369 2369/2369/2369 
f 2369/2369/2369 2370/2370/2370 2369/2369/2369 
f 2369/2369/2369 2370/2370/2370 2371/2371/2371 
f 2370/2370/2370 2372/2372/2372 2371/2371/2371 
f 2371/2371/2371 2372/2372/2372 2372/2372/2372 
f 2372/2372/2372 2370/2370/2370 2372/2372/2372 
f 2372/2372/2372 2370/2370/2370 2370/2370/2370 
f 2370/2370/2370 2373/2373/2373 2370/2370/2370 
f 2370/2370/2370 2373/2373/2373 2372/2372/2372 
f 2373/2373/2373 2374/2374/2374 2372/2372/2372 
f 2372/2372/2372 2374/2374/2374 2374/2374/2374 
f 2374/2374/2374 2373/2373/2373 2374/2374/2374 
f 2374/2374/2374 2373/2373/2373 2373/2373/2373 
f 2373/2373/2373 2375/2375/2375 2373/2373/2373 
f 2373/2373/2373 2375/2375/2375 2374/2374/2374 
f 2375/2375/2375 2376/2376/2376 2374/2374/2374 
f 2374/2374/2374 2376/2376/2376 2376/2376/2376 
f 2376/2376/2376 2377/2377/2377 2376/2376/2376 
f 2376/2376/2376 2377/2377/2377 2377/2377/2377 
f 2377/2377/2377 2378/2378/2378 2377/2377/2377 
f 2377/2377/2377 2378/2378/2378 2379/2379/2379 
f 2378/2378/2378 2380/2380/2380 2379/2379/2379 
f 2379/2379/2379 2380/2380/2380 2380/2380/2380 
f 2380/2380/2380 2378/2378/2378 2380/2380/2380 
f 2380/2380/2380 2378/2378/2378 2381/2381/2381 
f 2378/2378/2378 2382/2382/2382 2381/2381/2381 
f 2381/2381/2381 2382/2382/2382 2383/2383/2383 
f 2382/2382/2382 2383/2383/2383 2383/2383/2383 
f 2383/2383/2383 2383/2383/2383 2384/2384/2384 
f 2383/2383/2383 2384/2384/2384 2384/2384/2384 
f 2384/2384/2384 2384/2384/2384 2384/2384/2384 
f 2384/2384/2384 2385/2385/2385 2384/2384/2384 
f 2384/2384/2384 2385/2385/2385 2386/2386/2386 
f 2385/2385/2385 2387/2387/2387 2386/2386/2386 
f 2386/2386/2386 2387/2387/2387 2387/2387/2387 
f 2387/2387/2387 2385/2385/2385 2387/2387/2387 
f 2387/2387/2387 2385/2385/2385 2385/2385/2385 
f 2385/2385/2385 2388/2388/2388 2385/2385/2385 
f 2385/2385/2385 2388/2388/2388 2387/2387/2387 
f 2388/2388/2388 2389/2389/2389 2387/2387/2387 
f 2387/2387/2387 2389/2389/2389 2390/2390/2390 
f 2389/2389/2389 2391/2391/2391 2390/2390/2390 
f 2390/2390/2390 2391/2391/2391 2392/2392/2392 
f 2391/2391/2391 2393/2393/2393 2392/2392/2392 
f 2392/2392/2392 2393/2393/2393 2385/2385/2385 
f 2393/2393/2393 2388/2388/2388 2385/2385/2385 
f 2385/2385/2385 2388/2388/2388 2388/2388/2388 
f 2388/2388/2388 2393/2393/2393 2388/2388/2388 
f 2388/2388/2388 2393/2393/2393 2393/2393/2393 
f 2393/2393/2393 2391/2391/2391 2393/2393/2393 
f 2393/2393/2393 2391/2391/2391 2388/2388/2388 
f 2391/2391/2391 2389/2389/2389 2388/2388/2388 
f 2388/2388/2388 2389/2389/2389 2389/2389/2389 
f 2389/2389/2389 2394/2394/2394 2389/2389/2389 
f 2389/2389/2389 2394/2394/2394 2394/2394/2394 
f 2394/2394/2394 2395/2395/2395 2394/2394/2394 
f 2394/2394/2394 2395/2395/2395 2396/2396/2396 
f 2395/2395/2395 2397/2397/2397 2396/2396/2396 
f 2396/2396/2396 2397/2397/2397 2397/2397/2397 
f 2397/2397/2397 2395/2395/2395 2397/2397/2397 
f 2397/2397/2397 2395/2395/2395 2395/2395/2395 
f 2395/2395/2395 2398/2398/2398 2395/2395/2395 
f 2395/2395/2395 2398/2398/2398 2397/2397/2397 
f 2398/2398/2398 2399/2399/2399 2397/2397/2397 
f 2397/2397/2397 2399/2399/2399 2400/2400/2400 
f 2399/2399/2399 2401/2401/2401 2400/2400/2400 
f 2400/2400/2400 2401/2401/2401 2402/2402/2402 
f 2401/2401/2401 2403/2403/2403 2402/2402/2402 
f 2402/2402/2402 2403/2403/2403 2395/2395/2395 
f 2403/2403/2403 2398/2398/2398 2395/2395/2395 
f 2395/2395/2395 2398/2398/2398 2398/2398/2398 
f 2398/2398/2398 2403/2403/2403 2398/2398/2398 
f 2398/2398/2398 2403/2403/2403 2403/2403/2403 
f 2403/2403/2403 2401/2401/2401 2403/2403/2403 
f 2403/2403/2403 2401/2401/2401 2398/2398/2398 
f 2401/2401/2401 2399/2399/2399 2398/2398/2398 
f 2398/2398/2398 2399/2399/2399 2399/2399/2399 
f 2399/2399/2399 2404/2404/2404 2399/2399/2399 
f 2399/2399/2399 2404/2404/2404 2404/2404/2404 
f 2404/2404/2404 2405/2405/2405 2404/2404/2404 
f 2404/2404/2404 2405/2405/2405 2406/2406/2406 
f 2405/2405/2405 2407/2407/2407 2406/2406/2406 
f 2406/2406/2406 2407/2407/2407 2407/2407/2407 
f 2407/2407/2407 2405/2405/2405 2407/2407/2407 
f 2407/2407/2407 2405/2405/2405 2405/2405/2405 
f 2405/2405/2405 2408/2408/2408 2405/2405/2405 
f 2405/2405/2405 2408/2408/2408 2407/2407/2407 
f 2408/2408/2408 2409/2409/2409 2407/2407/2407 
f 2407/2407/2407 2409/2409/2409 2409/2409/2409 
f 2409/2409/2409 2408/2408/2408 2409/2409/2409 
f 2409/2409/2409 2408/2408/2408 2408/2408/2408 
f 2408/2408/2408 2410/2410/2410 2408/2408/2408 
f 2408/2408/2408 2410/2410/2410 2409/2409/2409 
f 2410/2410/2410 2411/2411/2411 2409/2409/2409 
f 2409/2409/2409 2411/2411/2411 2411/2411/2411 
f 2411/2411/2411 2392/2392/2392 2411/2411/2411 
f 2411/2411/2411 2392/2392/2392 2392/2392/2392 
f 2392/2392/2392 2412/2412/2412 2392/2392/2392 
f 2392/2392/2392 2412/2412/2412 2390/2390/2390 
f 2412/2412/2412 2413/2413/2413 2390/2390/2390 
f 2390/2390/2390 2413/2413/2413 2413/2413/2413 
f 2413/2413/2413 2414/2414/2414 2413/2413/2413 
f 2413/2413/2413 2414/2414/2414 2414/2414/2414 
f 2414/2414/2414 2415/2415/2415 2414/2414/2414 
f 2414/2414/2414 2415/2415/2415 2416/2416/2416 
f 2415/2415/2415 2417/2417/2417 2416/2416/2416 
f 2416/2416/2416 2417/2417/2417 2417/2417/2417 
f 2417/2417/2417 2415/2415/2415 2417/2417/2417 
f 2417/2417/2417 2415/2415/2415 2415/2415/2415 
f 2415/2415/2415 2418/2418/2418 2415/2415/2415 
f 2415/2415/2415 2418/2418/2418 2417/2417/2417 
f 2418/2418/2418 2419/2419/2419 2417/2417/2417 
f 2417/2417/2417 2419/2419/2419 2420/2420/2420 
f 2419/2419/2419 2421/2421/2421 2420/2420/2420 
f 2420/2420/2420 2421/2421/2421 2422/2422/2422 
f 2421/2421/2421 2423/2423/2423 2422/2422/2422 
f 2422/2422/2422 2423/2423/2423 2415/2415/2415 
f 2423/2423/2423 2418/2418/2418 2415/2415/2415 
f 2415/2415/2415 2418/2418/2418 2418/2418/2418 
f 2418/2418/2418 2423/2423/2423 2418/2418/2418 
f 2418/2418/2418 2423/2423/2423 2423/2423/2423 
f 2423/2423/2423 2421/2421/2421 2423/2423/2423 
f 2423/2423/2423 2421/2421/2421 2418/2418/2418 
f 2421/2421/2421 2419/2419/2419 2418/2418/2418 
f 2418/2418/2418 2419/2419/2419 2419/2419/2419 
f 2419/2419/2419 2424/2424/2424 2419/2419/2419 
f 2419/2419/2419 2424/2424/2424 2424/2424/2424 
f 2424/2424/2424 2255/2255/2255 2424/2424/2424 
f 2424/2424/2424 2255/2255/2255 2425/2425/2425 
f 2255/2255/2255 2257/2257/2257 2425/2425/2425 
f 2425/2425/2425 2257/2257/2257 2257/2257/2257 
f 2257/2257/2257 2426/2426/2426 2257/2257/2257 
f 2257/2257/2257 2426/2426/2426 2426/2426/2426 
f 2426/2426/2426 2427/2427/2427 2426/2426/2426 
f 2426/2426/2426 2427/2427/2427 2428/2428/2428 
f 2427/2427/2427 2429/2429/2429 2428/2428/2428 
f 2428/2428/2428 2429/2429/2429 2429/2429/2429 
f 2429/2429/2429 2427/2427/2427 2429/2429/2429 
f 2429/2429/2429 2427/2427/2427 2427/2427/2427 
f 2427/2427/2427 2430/2430/2430 2427/2427/2427 
f 2427/2427/2427 2430/2430/2430 2429/2429/2429 
f 2430/2430/2430 2431/2431/2431 2429/2429/2429 
f 2429/2429/2429 2431/2431/2431 2432/2432/2432 
f 2431/2431/2431 2433/2433/2433 2432/2432/2432 
f 2432/2432/2432 2433/2433/2433 2434/2434/2434 
f 2433/2433/2433 2435/2435/2435 2434/2434/2434 
f 2434/2434/2434 2435/2435/2435 2427/2427/2427 
f 2435/2435/2435 2430/2430/2430 2427/2427/2427 
f 2427/2427/2427 2430/2430/2430 2430/2430/2430 
f 2430/2430/2430 2435/2435/2435 2430/2430/2430 
f 2430/2430/2430 2435/2435/2435 2435/2435/2435 
f 2435/2435/2435 2433/2433/2433 2435/2435/2435 
f 2435/2435/2435 2433/2433/2433 2430/2430/2430 
f 2433/2433/2433 2431/2431/2431 2430/2430/2430 
f 2430/2430/2430 2431/2431/2431 2431/2431/2431 
f 2431/2431/2431 2436/2436/2436 2431/2431/2431 
f 2431/2431/2431 2436/2436/2436 2436/2436/2436 
f 2436/2436/2436 2437/2437/2437 2436/2436/2436 
f 2436/2436/2436 2437/2437/2437 2438/2438/2438 
f 2437/2437/2437 2439/2439/2439 2438/2438/2438 
f 2438/2438/2438 2439/2439/2439 2439/2439/2439 
f 2439/2439/2439 2437/2437/2437 2439/2439/2439 
f 2439/2439/2439 2437/2437/2437 2437/2437/2437 
f 2437/2437/2437 2440/2440/2440 2437/2437/2437 
f 2437/2437/2437 2440/2440/2440 2439/2439/2439 
f 2440/2440/2440 2441/2441/2441 2439/2439/2439 
f 2439/2439/2439 2441/2441/2441 2441/2441/2441 
f 2441/2441/2441 2440/2440/2440 2441/2441/2441 
f 2441/2441/2441 2440/2440/2440 2440/2440/2440 
f 2440/2440/2440 2442/2442/2442 2440/2440/2440 
f 2440/2440/2440 2442/2442/2442 2441/2441/2441 
f 2442/2442/2442 2443/2443/2443 2441/2441/2441 
f 2441/2441/2441 2443/2443/2443 2443/2443/2443 
f 2443/2443/2443 2444/2444/2444 2443/2443/2443 
f 2443/2443/2443 2444/2444/2444 2444/2444/2444 
f 2444/2444/2444 2445/2445/2445 2444/2444/2444 
f 2444/2444/2444 2445/2445/2445 2446/2446/2446 
f 2445/2445/2445 2447/2447/2447 2446/2446/2446 
f 2446/2446/2446 2447/2447/2447 2447/2447/2447 
f 2447/2447/2447 2445/2445/2445 2447/2447/2447 
f 2447/2447/2447 2445/2445/2445 2445/2445/2445 
f 2445/2445/2445 2448/2448/2448 2445/2445/2445 
f 2445/2445/2445 2448/2448/2448 2447/2447/2447 
f 2448/2448/2448 2449/2449/2449 2447/2447/2447 
f 2447/2447/2447 2449/2449/2449 2450/2450/2450 
f 2449/2449/2449 2451/2451/2451 2450/2450/2450 
f 2450/2450/2450 2451/2451/2451 2452/2452/2452 
f 2451/2451/2451 2453/2453/2453 2452/2452/2452 
f 2452/2452/2452 2453/2453/2453 2445/2445/2445 
f 2453/2453/2453 2448/2448/2448 2445/2445/2445 
f 2445/2445/2445 2448/2448/2448 2448/2448/2448 
f 2448/2448/2448 2453/2453/2453 2448/2448/2448 
f 2448/2448/2448 2453/2453/2453 2453/2453/2453 
f 2453/2453/2453 2451/2451/2451 2453/2453/2453 
f 2453/2453/2453 2451/2451/2451 2448/2448/2448 
f 2451/2451/2451 2449/2449/2449 2448/2448/2448 
f 2448/2448/2448 2449/2449/2449 2449/2449/2449 
f 2449/2449/2449 2454/2454/2454 2449/2449/2449 
f 2449/2449/2449 2454/2454/2454 2454/2454/2454 
f 2454/2454/2454 2455/2455/2455 2454/2454/2454 
f 2454/2454/2454 2455/2455/2455 2456/2456/2456 
f 2455/2455/2455 2457/2457/2457 2456/2456/2456 
f 2456/2456/2456 2457/2457/2457 2457/2457/2457 
f 2457/2457/2457 2455/2455/2455 2457/2457/2457 
f 2457/2457/2457 2455/2455/2455 2458/2458/2458 
f 2455/2455/2455 2459/2459/2459 2458/2458/2458 
f 2458/2458/2458 2459/2459/2459 2460/2460/2460 
f 2459/2459/2459 2460/2460/2460 2460/2460/2460 
f 2460/2460/2460 2460/2460/2460 2300/2300/2300 
f 2460/2460/2460 2300/2300/2300 2300/2300/2300 
f 2300/2300/2300 2300/2300/2300 2300/2300/2300 
f 2300/2300/2300 2302/2302/2302 2300/2300/2300 
f 2300/2300/2300 2302/2302/2302 2461/2461/2461 
f 2302/2302/2302 2462/2462/2462 2461/2461/2461 
f 2461/2461/2461 2462/2462/2462 2463/2463/2463 
f 2462/2462/2462 2464/2464/2464 2463/2463/2463 
f 2463/2463/2463 2464/2464/2464 2465/2465/2465 
f 2464/2464/2464 2466/2466/2466 2465/2465/2465 
f 2465/2465/2465 2466/2466/2466 2467/2467/2467 
f 2466/2466/2466 2468/2468/2468 2467/2467/2467 
f 2467/2467/2467 2468/2468/2468 2469/2469/2469 
f 2468/2468/2468 2470/2470/2470 2469/2469/2469 
f 2469/2469/2469 2470/2470/2470 2471/2471/2471 
f 2470/2470/2470 2471/2471/2471 2471/2471/2471 
f 2471/2471/2471 2471/2471/2471 2302/2302/2302 
f 2471/2471/2471 2302/2302/2302 2302/2302/2302 
f 2302/2302/2302 2302/2302/2302 2302/2302/2302 
f 2302/2302/2302 2304/2304/2304 2302/2302/2302 
f 2302/2302/2302 2304/2304/2304 2462/2462/2462 
f 2304/2304/2304 2472/2472/2472 2462/2462/2462 
f 2462/2462/2462 2472/2472/2472 2464/2464/2464 
f 2472/2472/2472 2473/2473/2473 2464/2464/2464 
f 2464/2464/2464 2473/2473/2473 2466/2466/2466 
f 2473/2473/2473 2474/2474/2474 2466/2466/2466 
f 2466/2466/2466 2474/2474/2474 2468/2468/2468 
f 2474/2474/2474 2475/2475/2475 2468/2468/2468 
f 2468/2468/2468 2475/2475/2475 2470/2470/2470 
f 2475/2475/2475 2470/2470/2470 2470/2470/2470 
f 2470/2470/2470 2470/2470/2470 2304/2304/2304 
f 2470/2470/2470 2304/2304/2304 2304/2304/2304 
f 2304/2304/2304 2304/2304/2304 2304/2304/2304 
f 2304/2304/2304 2306/2306/2306 2304/2304/2304 
f 2304/2304/2304 2306/2306/2306 2472/2472/2472 
f 2306/2306/2306 2476/2476/2476 2472/2472/2472 
f 2472/2472/2472 2476/2476/2476 2473/2473/2473 
f 2476/2476/2476 2474/2474/2474 2473/2473/2473 
f 2473/2473/2473 2474/2474/2474 2474/2474/2474 
f 2474/2474/2474 2306/2306/2306 2474/2474/2474 
f 2474/2474/2474 2306/2306/2306 2306/2306/2306 
f 2306/2306/2306 2308/2308/2308 2306/2306/2306 
f 2306/2306/2306 2308/2308/2308 2476/2476/2476 
f 2308/2308/2308 2310/2310/2310 2476/2476/2476 
f 2476/2476/2476 2310/2310/2310 2477/2477/2477 
f 2310/2310/2310 2478/2478/2478 2477/2477/2477 
f 2477/2477/2477 2478/2478/2478 2479/2479/2479 
f 2478/2478/2478 2479/2479/2479 2479/2479/2479 
f 2479/2479/2479 2479/2479/2479 2476/2476/2476 
f 2479/2479/2479 2476/2476/2476 2476/2476/2476 
f 2476/2476/2476 2476/2476/2476 2476/2476/2476 
f 2476/2476/2476 2477/2477/2477 2476/2476/2476 
f 2476/2476/2476 2477/2477/2477 2474/2474/2474 
f 2477/2477/2477 2479/2479/2479 2474/2474/2474 
f 2474/2474/2474 2479/2479/2479 2475/2475/2475 
f 2479/2479/2479 2475/2475/2475 2475/2475/2475 
f 2475/2475/2475 2475/2475/2475 2422/2422/2422 
f 2475/2475/2475 2422/2422/2422 2422/2422/2422 
f 2422/2422/2422 2422/2422/2422 2422/2422/2422 
f 2422/2422/2422 2480/2480/2480 2422/2422/2422 
f 2422/2422/2422 2480/2480/2480 2420/2420/2420 
f 2480/2480/2480 2481/2481/2481 2420/2420/2420 
f 2420/2420/2420 2481/2481/2481 2481/2481/2481 
f 2481/2481/2481 2482/2482/2482 2481/2481/2481 
f 2481/2481/2481 2482/2482/2482 2482/2482/2482 
f 2482/2482/2482 2483/2483/2483 2482/2482/2482 
f 2482/2482/2482 2483/2483/2483 2484/2484/2484 
f 2483/2483/2483 2485/2485/2485 2484/2484/2484 
f 2484/2484/2484 2485/2485/2485 2485/2485/2485 
f 2485/2485/2485 2483/2483/2483 2485/2485/2485 
f 2485/2485/2485 2483/2483/2483 2483/2483/2483 
f 2483/2483/2483 2486/2486/2486 2483/2483/2483 
f 2483/2483/2483 2486/2486/2486 2485/2485/2485 
f 2486/2486/2486 2487/2487/2487 2485/2485/2485 
f 2485/2485/2485 2487/2487/2487 2487/2487/2487 
f 2487/2487/2487 2486/2486/2486 2487/2487/2487 
f 2487/2487/2487 2486/2486/2486 2486/2486/2486 
f 2486/2486/2486 2488/2488/2488 2486/2486/2486 
f 2486/2486/2486 2488/2488/2488 2487/2487/2487 
f 2488/2488/2488 2489/2489/2489 2487/2487/2487 
f 2487/2487/2487 2489/2489/2489 2489/2489/2489 
f 2489/2489/2489 2490/2490/2490 2489/2489/2489 
f 2489/2489/2489 2490/2490/2490 2490/2490/2490 
f 2490/2490/2490 2491/2491/2491 2490/2490/2490 
f 2490/2490/2490 2491/2491/2491 2492/2492/2492 
f 2491/2491/2491 2493/2493/2493 2492/2492/2492 
f 2492/2492/2492 2493/2493/2493 2493/2493/2493 
f 2493/2493/2493 2491/2491/2491 2493/2493/2493 
f 2493/2493/2493 2491/2491/2491 2494/2494/2494 
f 2491/2491/2491 2495/2495/2495 2494/2494/2494 
f 2494/2494/2494 2495/2495/2495 2496/2496/2496 
f 2495/2495/2495 2496/2496/2496 2496/2496/2496 
f 2496/2496/2496 2496/2496/2496 2497/2497/2497 
f 2496/2496/2496 2497/2497/2497 2497/2497/2497 
f 2497/2497/2497 2497/2497/2497 2497/2497/2497 
f 2497/2497/2497 2498/2498/2498 2497/2497/2497 
f 2497/2497/2497 2498/2498/2498 2499/2499/2499 
f 2498/2498/2498 2500/2500/2500 2499/2499/2499 
f 2499/2499/2499 2500/2500/2500 2500/2500/2500 
f 2500/2500/2500 2498/2498/2498 2500/2500/2500 
f 2500/2500/2500 2498/2498/2498 2498/2498/2498 
f 2498/2498/2498 2501/2501/2501 2498/2498/2498 
f 2498/2498/2498 2501/2501/2501 2500/2500/2500 
f 2501/2501/2501 2502/2502/2502 2500/2500/2500 
f 2500/2500/2500 2502/2502/2502 2503/2503/2503 
f 2502/2502/2502 2504/2504/2504 2503/2503/2503 
f 2503/2503/2503 2504/2504/2504 2505/2505/2505 
f 2504/2504/2504 2506/2506/2506 2505/2505/2505 
f 2505/2505/2505 2506/2506/2506 2498/2498/2498 
f 2506/2506/2506 2501/2501/2501 2498/2498/2498 
f 2498/2498/2498 2501/2501/2501 2501/2501/2501 
f 2501/2501/2501 2506/2506/2506 2501/2501/2501 
f 2501/2501/2501 2506/2506/2506 2506/2506/2506 
f 2506/2506/2506 2504/2504/2504 2506/2506/2506 
f 2506/2506/2506 2504/2504/2504 2501/2501/2501 
f 2504/2504/2504 2502/2502/2502 2501/2501/2501 
f 2501/2501/2501 2502/2502/2502 2502/2502/2502 
f 2502/2502/2502 2507/2507/2507 2502/2502/2502 
f 2502/2502/2502 2507/2507/2507 2507/2507/2507 
f 2507/2507/2507 2508/2508/2508 2507/2507/2507 
f 2507/2507/2507 2508/2508/2508 2509/2509/2509 
f 2508/2508/2508 2510/2510/2510 2509/2509/2509 
f 2509/2509/2509 2510/2510/2510 2510/2510/2510 
f 2510/2510/2510 2508/2508/2508 2510/2510/2510 
f 2510/2510/2510 2508/2508/2508 2508/2508/2508 
f 2508/2508/2508 2511/2511/2511 2508/2508/2508 
f 2508/2508/2508 2511/2511/2511 2510/2510/2510 
f 2511/2511/2511 2512/2512/2512 2510/2510/2510 
f 2510/2510/2510 2512/2512/2512 2513/2513/2513 
f 2512/2512/2512 2514/2514/2514 2513/2513/2513 
f 2513/2513/2513 2514/2514/2514 2515/2515/2515 
f 2514/2514/2514 2516/2516/2516 2515/2515/2515 
f 2515/2515/2515 2516/2516/2516 2508/2508/2508 
f 2516/2516/2516 2511/2511/2511 2508/2508/2508 
f 2508/2508/2508 2511/2511/2511 2511/2511/2511 
f 2511/2511/2511 2516/2516/2516 2511/2511/2511 
f 2511/2511/2511 2516/2516/2516 2516/2516/2516 
f 2516/2516/2516 2514/2514/2514 2516/2516/2516 
f 2516/2516/2516 2514/2514/2514 2511/2511/2511 
f 2514/2514/2514 2512/2512/2512 2511/2511/2511 
f 2511/2511/2511 2512/2512/2512 2512/2512/2512 
f 2512/2512/2512 2515/2515/2515 2512/2512/2512 
f 2512/2512/2512 2515/2515/2515 2515/2515/2515 
f 2515/2515/2515 2517/2517/2517 2515/2515/2515 
f 2515/2515/2515 2517/2517/2517 2513/2513/2513 
f 2517/2517/2517 2518/2518/2518 2513/2513/2513 
f 2513/2513/2513 2518/2518/2518 2518/2518/2518 
f 2518/2518/2518 2503/2503/2503 2518/2518/2518 
f 2518/2518/2518 2503/2503/2503 2503/2503/2503 
f 2503/2503/2503 2505/2505/2505 2503/2503/2503 
f 2503/2503/2503 2505/2505/2505 2519/2519/2519 
f 2505/2505/2505 2520/2520/2520 2519/2519/2519 
f 2519/2519/2519 2520/2520/2520 2520/2520/2520 
f 2520/2520/2520 2452/2452/2452 2520/2520/2520 
f 2520/2520/2520 2452/2452/2452 2452/2452/2452 
f 2452/2452/2452 2521/2521/2521 2452/2452/2452 
f 2452/2452/2452 2521/2521/2521 2450/2450/2450 
f 2521/2521/2521 2522/2522/2522 2450/2450/2450 
f 2450/2450/2450 2522/2522/2522 2522/2522/2522 
f 2522/2522/2522 2434/2434/2434 2522/2522/2522 
f 2522/2522/2522 2434/2434/2434 2434/2434/2434 
f 2434/2434/2434 2523/2523/2523 2434/2434/2434 
f 2434/2434/2434 2523/2523/2523 2432/2432/2432 
f 2523/2523/2523 2524/2524/2524 2432/2432/2432 
f 2432/2432/2432 2524/2524/2524 2524/2524/2524 
f 2524/2524/2524 2525/2525/2525 2524/2524/2524 
f 2524/2524/2524 2525/2525/2525 2525/2525/2525 
f 2525/2525/2525 2526/2526/2526 2525/2525/2525 
f 2525/2525/2525 2526/2526/2526 2527/2527/2527 
f 2526/2526/2526 2528/2528/2528 2527/2527/2527 
f 2527/2527/2527 2528/2528/2528 2528/2528/2528 
f 2528/2528/2528 2526/2526/2526 2528/2528/2528 
f 2528/2528/2528 2526/2526/2526 2526/2526/2526 
f 2526/2526/2526 2529/2529/2529 2526/2526/2526 
f 2526/2526/2526 2529/2529/2529 2528/2528/2528 
f 2529/2529/2529 2530/2530/2530 2528/2528/2528 
f 2528/2528/2528 2530/2530/2530 2531/2531/2531 
f 2530/2530/2530 2532/2532/2532 2531/2531/2531 
f 2531/2531/2531 2532/2532/2532 2533/2533/2533 
f 2532/2532/2532 2534/2534/2534 2533/2533/2533 
f 2533/2533/2533 2534/2534/2534 2526/2526/2526 
f 2534/2534/2534 2529/2529/2529 2526/2526/2526 
f 2526/2526/2526 2529/2529/2529 2529/2529/2529 
f 2529/2529/2529 2534/2534/2534 2529/2529/2529 
f 2529/2529/2529 2534/2534/2534 2534/2534/2534 
f 2534/2534/2534 2532/2532/2532 2534/2534/2534 
f 2534/2534/2534 2532/2532/2532 2529/2529/2529 
f 2532/2532/2532 2530/2530/2530 2529/2529/2529 
f 2529/2529/2529 2530/2530/2530 2530/2530/2530 
f 2530/2530/2530 2535/2535/2535 2530/2530/2530 
f 2530/2530/2530 2535/2535/2535 2535/2535/2535 
f 2535/2535/2535 2536/2536/2536 2535/2535/2535 
f 2535/2535/2535 2536/2536/2536 2537/2537/2537 
f 2536/2536/2536 2538/2538/2538 2537/2537/2537 
f 2537/2537/2537 2538/2538/2538 2538/2538/2538 
f 2538/2538/2538 2536/2536/2536 2538/2538/2538 
f 2538/2538/2538 2536/2536/2536 2536/2536/2536 
f 2536/2536/2536 2539/2539/2539 2536/2536/2536 
f 2536/2536/2536 2539/2539/2539 2538/2538/2538 
f 2539/2539/2539 2540/2540/2540 2538/2538/2538 
f 2538/2538/2538 2540/2540/2540 2541/2541/2541 
f 2540/2540/2540 2542/2542/2542 2541/2541/2541 
f 2541/2541/2541 2542/2542/2542 2543/2543/2543 
f 2542/2542/2542 2544/2544/2544 2543/2543/2543 
f 2543/2543/2543 2544/2544/2544 2536/2536/2536 
f 2544/2544/2544 2539/2539/2539 2536/2536/2536 
f 2536/2536/2536 2539/2539/2539 2539/2539/2539 
f 2539/2539/2539 2544/2544/2544 2539/2539/2539 
f 2539/2539/2539 2544/2544/2544 2544/2544/2544 
f 2544/2544/2544 2542/2542/2542 2544/2544/2544 
f 2544/2544/2544 2542/2542/2542 2539/2539/2539 
f 2542/2542/2542 2540/2540/2540 2539/2539/2539 
f 2539/2539/2539 2540/2540/2540 2540/2540/2540 
f 2540/2540/2540 2545/2545/2545 2540/2540/2540 
f 2540/2540/2540 2545/2545/2545 2545/2545/2545 
f 2545/2545/2545 2546/2546/2546 2545/2545/2545 
f 2545/2545/2545 2546/2546/2546 2547/2547/2547 
f 2546/2546/2546 2548/2548/2548 2547/2547/2547 
f 2547/2547/2547 2548/2548/2548 2548/2548/2548 
f 2548/2548/2548 2546/2546/2546 2548/2548/2548 
f 2548/2548/2548 2546/2546/2546 2549/2549/2549 
f 2546/2546/2546 2550/2550/2550 2549/2549/2549 
f 2549/2549/2549 2550/2550/2550 2551/2551/2551 
f 2550/2550/2550 2551/2551/2551 2551/2551/2551 
f 2551/2551/2551 2551/2551/2551 2552/2552/2552 
f 2551/2551/2551 2552/2552/2552 2552/2552/2552 
f 2552/2552/2552 2552/2552/2552 2552/2552/2552 
f 2552/2552/2552 2553/2553/2553 2552/2552/2552 
f 2552/2552/2552 2553/2553/2553 2554/2554/2554 
f 2553/2553/2553 2555/2555/2555 2554/2554/2554 
f 2554/2554/2554 2555/2555/2555 2555/2555/2555 
f 2555/2555/2555 2553/2553/2553 2555/2555/2555 
f 2555/2555/2555 2553/2553/2553 2553/2553/2553 
f 2553/2553/2553 2556/2556/2556 2553/2553/2553 
f 2553/2553/2553 2556/2556/2556 2555/2555/2555 
f 2556/2556/2556 2557/2557/2557 2555/2555/2555 
f 2555/2555/2555 2557/2557/2557 2557/2557/2557 
f 2557/2557/2557 2556/2556/2556 2557/2557/2557 
f 2557/2557/2557 2556/2556/2556 2556/2556/2556 
f 2556/2556/2556 2558/2558/2558 2556/2556/2556 
f 2556/2556/2556 2558/2558/2558 2557/2557/2557 
f 2558/2558/2558 2559/2559/2559 2557/2557/2557 
f 2557/2557/2557 2559/2559/2559 2559/2559/2559 
f 2559/2559/2559 2560/2560/2560 2559/2559/2559 
f 2559/2559/2559 2560/2560/2560 2560/2560/2560 
f 2560/2560/2560 2561/2561/2561 2560/2560/2560 
f 2560/2560/2560 2561/2561/2561 2562/2562/2562 
f 2561/2561/2561 2563/2563/2563 2562/2562/2562 
f 2562/2562/2562 2563/2563/2563 2563/2563/2563 
f 2563/2563/2563 2561/2561/2561 2563/2563/2563 
f 2563/2563/2563 2561/2561/2561 2564/2564/2564 
f 2561/2561/2561 2565/2565/2565 2564/2564/2564 
f 2564/2564/2564 2565/2565/2565 2566/2566/2566 
f 2565/2565/2565 2566/2566/2566 2566/2566/2566 
f 2566/2566/2566 2566/2566/2566 2543/2543/2543 
f 2566/2566/2566 2543/2543/2543 2543/2543/2543 
f 2543/2543/2543 2543/2543/2543 2543/2543/2543 
f 2543/2543/2543 2567/2567/2567 2543/2543/2543 
f 2543/2543/2543 2567/2567/2567 2541/2541/2541 
f 2567/2567/2567 2568/2568/2568 2541/2541/2541 
f 2541/2541/2541 2568/2568/2568 2568/2568/2568 
f 2568/2568/2568 2533/2533/2533 2568/2568/2568 
f 2568/2568/2568 2533/2533/2533 2533/2533/2533 
f 2533/2533/2533 2569/2569/2569 2533/2533/2533 
f 2533/2533/2533 2569/2569/2569 2531/2531/2531 
f 2569/2569/2569 2570/2570/2570 2531/2531/2531 
f 2531/2531/2531 2570/2570/2570 2570/2570/2570 
f 2570/2570/2570 2571/2571/2571 2570/2570/2570 
f 2570/2570/2570 2571/2571/2571 2571/2571/2571 
f 2571/2571/2571 2572/2572/2572 2571/2571/2571 
f 2571/2571/2571 2572/2572/2572 2573/2573/2573 
f 2572/2572/2572 2574/2574/2574 2573/2573/2573 
f 2573/2573/2573 2574/2574/2574 2575/2575/2575 
f 2574/2574/2574 2576/2576/2576 2575/2575/2575 
f 2575/2575/2575 2576/2576/2576 2577/2577/2577 
f 2576/2576/2576 2577/2577/2577 2577/2577/2577 
f 2577/2577/2577 2577/2577/2577 2578/2578/2578 
f 2577/2577/2577 2578/2578/2578 2578/2578/2578 
f 2578/2578/2578 2578/2578/2578 2578/2578/2578 
f 2578/2578/2578 2579/2579/2579 2578/2578/2578 
f 2578/2578/2578 2579/2579/2579 2580/2580/2580 
f 2579/2579/2579 2581/2581/2581 2580/2580/2580 
f 2580/2580/2580 2581/2581/2581 2581/2581/2581 
f 2581/2581/2581 1549/1549/1549 2581/2581/2581 
f 2581/2581/2581 1549/1549/1549 1549/1549/1549 
f 1549/1549/1549 2582/2582/2582 1549/1549/1549 
f 1549/1549/1549 2582/2582/2582 1547/1547/1547 
f 2582/2582/2582 2583/2583/2583 1547/1547/1547 
f 1547/1547/1547 2583/2583/2583 2583/2583/2583 
f 2583/2583/2583 2584/2584/2584 2583/2583/2583 
f 2583/2583/2583 2584/2584/2584 2584/2584/2584 
f 2584/2584/2584 2585/2585/2585 2584/2584/2584 
f 2584/2584/2584 2585/2585/2585 2586/2586/2586 
f 2585/2585/2585 2587/2587/2587 2586/2586/2586 
f 2586/2586/2586 2587/2587/2587 2588/2588/2588 
f 2587/2587/2587 1110/1110/1110 2588/2588/2588 
f 2588/2588/2588 1110/1110/1110 1112/1112/1112 
f 1110/1110/1110 1112/1112/1112 1112/1112/1112 
f 1112/1112/1112 1112/1112/1112 2585/2585/2585 
f 1112/1112/1112 2585/2585/2585 2585/2585/2585 
f 2585/2585/2585 2585/2585/2585 2585/2585/2585 
f 2585/2585/2585 2589/2589/2589 2585/2585/2585 
f 2585/2585/2585 2589/2589/2589 2587/2587/2587 
f 2589/2589/2589 1108/1108/1108 2587/2587/2587 
f 2587/2587/2587 1108/1108/1108 1110/1110/1110 
f 1108/1108/1108 1110/1110/1110 1110/1110/1110 
f 1110/1110/1110 1110/1110/1110 2589/2589/2589 
f 1110/1110/1110 2589/2589/2589 2589/2589/2589 
f 2589/2589/2589 2589/2589/2589 2589/2589/2589 
f 2589/2589/2589 2590/2590/2590 2589/2589/2589 
f 2589/2589/2589 2590/2590/2590 1108/1108/1108 
f 2590/2590/2590 2591/2591/2591 1108/1108/1108 
f 1108/1108/1108 2591/2591/2591 1107/1107/1107 
f 2591/2591/2591 1106/1106/1106 1107/1107/1107 
f 1107/1107/1107 1106/1106/1106 1106/1106/1106 
f 1106/1106/1106 2591/2591/2591 1106/1106/1106 
f 1106/1106/1106 2591/2591/2591 2592/2592/2592 
f 2591/2591/2591 2590/2590/2590 2592/2592/2592 
f 2592/2592/2592 2590/2590/2590 2593/2593/2593 
f 2590/2590/2590 2593/2593/2593 2593/2593/2593 
f 2593/2593/2593 2593/2593/2593 1112/1112/1112 
f 2593/2593/2593 1112/1112/1112 1112/1112/1112 
f 1112/1112/1112 1112/1112/1112 1112/1112/1112 
f 1112/1112/1112 2594/2594/2594 1112/1112/1112 
f 1112/1112/1112 2594/2594/2594 2588/2588/2588 
f 2594/2594/2594 2595/2595/2595 2588/2588/2588 
f 2588/2588/2588 2595/2595/2595 2596/2596/2596 
f 2595/2595/2595 2596/2596/2596 2596/2596/2596 
f 2596/2596/2596 2596/2596/2596 2597/2597/2597 
f 2596/2596/2596 2597/2597/2597 2597/2597/2597 
f 2597/2597/2597 2597/2597/2597 2597/2597/2597 
f 2597/2597/2597 2598/2598/2598 2597/2597/2597 
f 2597/2597/2597 2598/2598/2598 2599/2599/2599 
f 2598/2598/2598 2600/2600/2600 2599/2599/2599 
f 2599/2599/2599 2600/2600/2600 2600/2600/2600 
f 2600/2600/2600 2598/2598/2598 2600/2600/2600 
f 2600/2600/2600 2598/2598/2598 2601/2601/2601 
f 2598/2598/2598 2602/2602/2602 2601/2601/2601 
f 2601/2601/2601 2602/2602/2602 2603/2603/2603 
f 2602/2602/2602 2604/2604/2604 2603/2603/2603 
f 2603/2603/2603 2604/2604/2604 2604/2604/2604 
f 2604/2604/2604 2605/2605/2605 2604/2604/2604 
f 2604/2604/2604 2605/2605/2605 2605/2605/2605 
f 2605/2605/2605 2606/2606/2606 2605/2605/2605 
f 2605/2605/2605 2606/2606/2606 2607/2607/2607 
f 2606/2606/2606 2608/2608/2608 2607/2607/2607 
f 2607/2607/2607 2608/2608/2608 2608/2608/2608 
f 2608/2608/2608 2606/2606/2606 2608/2608/2608 
f 2608/2608/2608 2606/2606/2606 2609/2609/2609 
f 2606/2606/2606 2610/2610/2610 2609/2609/2609 
f 2609/2609/2609 2610/2610/2610 2611/2611/2611 
f 2610/2610/2610 2611/2611/2611 2611/2611/2611 
f 2611/2611/2611 2611/2611/2611 2609/2609/2609 
f 2611/2611/2611 2609/2609/2609 2609/2609/2609 
f 2609/2609/2609 2609/2609/2609 2609/2609/2609 
f 2609/2609/2609 2611/2611/2611 2609/2609/2609 
f 2609/2609/2609 2611/2611/2611 2612/2612/2612 
f 2611/2611/2611 2613/2613/2613 2612/2612/2612 
f 2612/2612/2612 2613/2613/2613 2614/2614/2614 
f 2613/2613/2613 2614/2614/2614 2614/2614/2614 
f 2614/2614/2614 2614/2614/2614 2612/2612/2612 
f 2614/2614/2614 2612/2612/2612 2612/2612/2612 
f 2612/2612/2612 2612/2612/2612 2612/2612/2612 
f 2612/2612/2612 2614/2614/2614 2612/2612/2612 
f 2612/2612/2612 2614/2614/2614 2615/2615/2615 
f 2614/2614/2614 2616/2616/2616 2615/2615/2615 
f 2615/2615/2615 2616/2616/2616 2617/2617/2617 
f 2616/2616/2616 2618/2618/2618 2617/2617/2617 
f 2617/2617/2617 2618/2618/2618 2611/2611/2611 
f 2618/2618/2618 2613/2613/2613 2611/2611/2611 
f 2611/2611/2611 2613/2613/2613 2613/2613/2613 
f 2613/2613/2613 2619/2619/2619 2613/2613/2613 
f 2613/2613/2613 2619/2619/2619 2619/2619/2619 
f 2619/2619/2619 2620/2620/2620 2619/2619/2619 
f 2619/2619/2619 2620/2620/2620 2621/2621/2621 
f 2620/2620/2620 2622/2622/2622 2621/2621/2621 
f 2621/2621/2621 2622/2622/2622 2622/2622/2622 
f 2622/2622/2622 2620/2620/2620 2622/2622/2622 
f 2622/2622/2622 2620/2620/2620 2623/2623/2623 
f 2620/2620/2620 2624/2624/2624 2623/2623/2623 
f 2623/2623/2623 2624/2624/2624 2625/2625/2625 
f 2624/2624/2624 2625/2625/2625 2625/2625/2625 
f 2625/2625/2625 2625/2625/2625 908/908/908 
f 2625/2625/2625 908/908/908 908/908/908 
f 908/908/908 908/908/908 908/908/908 
f 908/908/908 906/906/906 908/908/908 
f 908/908/908 906/906/906 2626/2626/2626 
f 906/906/906 2627/2627/2627 2626/2626/2626 
f 2626/2626/2626 2627/2627/2627 2627/2627/2627 
f 2627/2627/2627 906/906/906 2627/2627/2627 
f 2627/2627/2627 906/906/906 906/906/906 
f 906/906/906 904/904/904 906/906/906 
f 906/906/906 904/904/904 2627/2627/2627 
f 904/904/904 902/902/902 2627/2627/2627 
f 2627/2627/2627 902/902/902 2628/2628/2628 
f 902/902/902 2629/2629/2629 2628/2628/2628 
f 2628/2628/2628 2629/2629/2629 2629/2629/2629 
f 2629/2629/2629 902/902/902 2629/2629/2629 
f 2629/2629/2629 902/902/902 902/902/902 
f 902/902/902 1154/1154/1154 902/902/902 
f 902/902/902 1154/1154/1154 2629/2629/2629 
f 1154/1154/1154 1152/1152/1152 2629/2629/2629 
f 2629/2629/2629 1152/1152/1152 2630/2630/2630 
f 1152/1152/1152 1150/1150/1150 2630/2630/2630 
f 2630/2630/2630 1150/1150/1150 1150/1150/1150 
f 1150/1150/1150 2631/2631/2631 1150/1150/1150 
f 1150/1150/1150 2631/2631/2631 2631/2631/2631 
f 2631/2631/2631 2632/2632/2632 2631/2631/2631 
f 2631/2631/2631 2632/2632/2632 2633/2633/2633 
f 2632/2632/2632 2634/2634/2634 2633/2633/2633 
f 2633/2633/2633 2634/2634/2634 2634/2634/2634 
f 2634/2634/2634 2632/2632/2632 2634/2634/2634 
f 2634/2634/2634 2632/2632/2632 2632/2632/2632 
f 2632/2632/2632 2635/2635/2635 2632/2632/2632 
f 2632/2632/2632 2635/2635/2635 2634/2634/2634 
f 2635/2635/2635 2636/2636/2636 2634/2634/2634 
f 2634/2634/2634 2636/2636/2636 2636/2636/2636 
f 2636/2636/2636 2635/2635/2635 2636/2636/2636 
f 2636/2636/2636 2635/2635/2635 2635/2635/2635 
f 2635/2635/2635 2637/2637/2637 2635/2635/2635 
f 2635/2635/2635 2637/2637/2637 2636/2636/2636 
f 2637/2637/2637 2638/2638/2638 2636/2636/2636 
f 2636/2636/2636 2638/2638/2638 2638/2638/2638 
f 2638/2638/2638 2639/2639/2639 2638/2638/2638 
f 2638/2638/2638 2639/2639/2639 2639/2639/2639 
f 2639/2639/2639 2640/2640/2640 2639/2639/2639 
f 2639/2639/2639 2640/2640/2640 2641/2641/2641 
f 2640/2640/2640 2642/2642/2642 2641/2641/2641 
f 2641/2641/2641 2642/2642/2642 2642/2642/2642 
f 2642/2642/2642 2640/2640/2640 2642/2642/2642 
f 2642/2642/2642 2640/2640/2640 2640/2640/2640 
f 2640/2640/2640 2643/2643/2643 2640/2640/2640 
f 2640/2640/2640 2643/2643/2643 2642/2642/2642 
f 2643/2643/2643 2644/2644/2644 2642/2642/2642 
f 2642/2642/2642 2644/2644/2644 2644/2644/2644 
f 2644/2644/2644 2643/2643/2643 2644/2644/2644 
f 2644/2644/2644 2643/2643/2643 2643/2643/2643 
f 2643/2643/2643 2645/2645/2645 2643/2643/2643 
f 2643/2643/2643 2645/2645/2645 2644/2644/2644 
f 2645/2645/2645 2646/2646/2646 2644/2644/2644 
f 2644/2644/2644 2646/2646/2646 2646/2646/2646 
f 2646/2646/2646 2647/2647/2647 2646/2646/2646 
f 2646/2646/2646 2647/2647/2647 2647/2647/2647 
f 2647/2647/2647 2158/2158/2158 2647/2647/2647 
f 2647/2647/2647 2158/2158/2158 2648/2648/2648 
f 2158/2158/2158 2160/2160/2160 2648/2648/2648 
f 2648/2648/2648 2160/2160/2160 2160/2160/2160 
f 2160/2160/2160 2649/2649/2649 2160/2160/2160 
f 2160/2160/2160 2649/2649/2649 2649/2649/2649 
f 2649/2649/2649 2116/2116/2116 2649/2649/2649 
f 2649/2649/2649 2116/2116/2116 2650/2650/2650 
f 2116/2116/2116 2118/2118/2118 2650/2650/2650 
f 2650/2650/2650 2118/2118/2118 2118/2118/2118 
f 2118/2118/2118 2402/2402/2402 2118/2118/2118 
f 2118/2118/2118 2402/2402/2402 2402/2402/2402 
f 2402/2402/2402 2651/2651/2651 2402/2402/2402 
f 2402/2402/2402 2651/2651/2651 2400/2400/2400 
f 2651/2651/2651 2652/2652/2652 2400/2400/2400 
f 2400/2400/2400 2652/2652/2652 2652/2652/2652 
f 2652/2652/2652 655/655/655 2652/2652/2652 
f 2652/2652/2652 655/655/655 655/655/655 
f 655/655/655 2653/2653/2653 655/655/655 
f 655/655/655 2653/2653/2653 657/657/657 
f 2653/2653/2653 2654/2654/2654 657/657/657 
f 657/657/657 2654/2654/2654 2655/2655/2655 
f 2654/2654/2654 2656/2656/2656 2655/2655/2655 
f 2655/2655/2655 2656/2656/2656 2657/2657/2657 
f 2656/2656/2656 2657/2657/2657 2657/2657/2657 
f 2657/2657/2657 2657/2657/2657 2657/2657/2657 
f 2657/2657/2657 2658/2658/2658 2657/2657/2657 
f 2657/2657/2657 2658/2658/2658 2655/2655/2655 
f 2658/2658/2658 659/659/659 2655/2655/2655 
f 2655/2655/2655 659/659/659 657/657/657 
f 659/659/659 657/657/657 657/657/657 
f 657/657/657 657/657/657 2659/2659/2659 
f 657/657/657 2659/2659/2659 2659/2659/2659 
f 2659/2659/2659 2659/2659/2659 2659/2659/2659 
f 2659/2659/2659 2660/2660/2660 2659/2659/2659 
f 2659/2659/2659 2660/2660/2660 2661/2661/2661 
f 2660/2660/2660 2662/2662/2662 2661/2661/2661 
f 2661/2661/2661 2662/2662/2662 2662/2662/2662 
f 2662/2662/2662 2663/2663/2663 2662/2662/2662 
f 2662/2662/2662 2663/2663/2663 2663/2663/2663 
f 2663/2663/2663 2664/2664/2664 2663/2663/2663 
f 2663/2663/2663 2664/2664/2664 2665/2665/2665 
f 2664/2664/2664 2666/2666/2666 2665/2665/2665 
f 2665/2665/2665 2666/2666/2666 2666/2666/2666 
f 2666/2666/2666 2664/2664/2664 2666/2666/2666 
f 2666/2666/2666 2664/2664/2664 2667/2667/2667 
f 2664/2664/2664 2668/2668/2668 2667/2667/2667 
f 2667/2667/2667 2668/2668/2668 2669/2669/2669 
f 2668/2668/2668 2670/2670/2670 2669/2669/2669 
f 2669/2669/2669 2670/2670/2670 2670/2670/2670 
f 2670/2670/2670 2671/2671/2671 2670/2670/2670 
f 2670/2670/2670 2671/2671/2671 2671/2671/2671 
f 2671/2671/2671 2672/2672/2672 2671/2671/2671 
f 2671/2671/2671 2672/2672/2672 2673/2673/2673 
f 2672/2672/2672 2674/2674/2674 2673/2673/2673 
f 2673/2673/2673 2674/2674/2674 2674/2674/2674 
f 2674/2674/2674 2675/2675/2675 2674/2674/2674 
f 2674/2674/2674 2675/2675/2675 2675/2675/2675 
f 2675/2675/2675 2676/2676/2676 2675/2675/2675 
f 2675/2675/2675 2676/2676/2676 2677/2677/2677 
f 2676/2676/2676 2678/2678/2678 2677/2677/2677 
f 2677/2677/2677 2678/2678/2678 2678/2678/2678 
f 2678/2678/2678 2676/2676/2676 2678/2678/2678 
f 2678/2678/2678 2676/2676/2676 2679/2679/2679 
f 2676/2676/2676 2680/2680/2680 2679/2679/2679 
f 2679/2679/2679 2680/2680/2680 2681/2681/2681 
f 2680/2680/2680 2682/2682/2682 2681/2681/2681 
f 2681/2681/2681 2682/2682/2682 2682/2682/2682 
f 2682/2682/2682 186/186/186 2682/2682/2682 
f 2682/2682/2682 186/186/186 186/186/186 
f 186/186/186 2683/2683/2683 186/186/186 
f 186/186/186 2683/2683/2683 184/184/184 
f 2683/2683/2683 2684/2684/2684 184/184/184 
f 184/184/184 2684/2684/2684 2684/2684/2684 
f 2684/2684/2684 2685/2685/2685 2684/2684/2684 
f 2684/2684/2684 2685/2685/2685 2685/2685/2685 
f 2685/2685/2685 2686/2686/2686 2685/2685/2685 
f 2685/2685/2685 2686/2686/2686 2687/2687/2687 
f 2686/2686/2686 2688/2688/2688 2687/2687/2687 
f 2687/2687/2687 2688/2688/2688 2688/2688/2688 
f 2688/2688/2688 2686/2686/2686 2688/2688/2688 
f 2688/2688/2688 2686/2686/2686 2689/2689/2689 
f 2686/2686/2686 2690/2690/2690 2689/2689/2689 
f 2689/2689/2689 2690/2690/2690 2691/2691/2691 
f 2690/2690/2690 2691/2691/2691 2691/2691/2691 
f 2691/2691/2691 2691/2691/2691 2235/2235/2235 
f 2691/2691/2691 2235/2235/2235 2235/2235/2235 
f 2235/2235/2235 2235/2235/2235 2235/2235/2235 
f 2235/2235/2235 2692/2692/2692 2235/2235/2235 
f 2235/2235/2235 2692/2692/2692 2233/2233/2233 
f 2692/2692/2692 2693/2693/2693 2233/2233/2233 
f 2233/2233/2233 2693/2693/2693 2693/2693/2693 
f 2693/2693/2693 2694/2694/2694 2693/2693/2693 
f 2693/2693/2693 2694/2694/2694 2694/2694/2694 
f 2694/2694/2694 2695/2695/2695 2694/2694/2694 
f 2694/2694/2694 2695/2695/2695 2696/2696/2696 
f 2695/2695/2695 2697/2697/2697 2696/2696/2696 
f 2696/2696/2696 2697/2697/2697 2697/2697/2697 
f 2697/2697/2697 2695/2695/2695 2697/2697/2697 
f 2697/2697/2697 2695/2695/2695 2698/2698/2698 
f 2695/2695/2695 2699/2699/2699 2698/2698/2698 
f 2698/2698/2698 2699/2699/2699 2700/2700/2700 
f 2699/2699/2699 2700/2700/2700 2700/2700/2700 
f 2700/2700/2700 2700/2700/2700 2701/2701/2701 
f 2700/2700/2700 2701/2701/2701 2701/2701/2701 
f 2701/2701/2701 2701/2701/2701 2701/2701/2701 
f 2701/2701/2701 2702/2702/2702 2701/2701/2701 
f 2701/2701/2701 2702/2702/2702 2703/2703/2703 
f 2702/2702/2702 2704/2704/2704 2703/2703/2703 
f 2703/2703/2703 2704/2704/2704 2704/2704/2704 
f 2704/2704/2704 2702/2702/2702 2704/2704/2704 
f 2704/2704/2704 2702/2702/2702 2705/2705/2705 
f 2702/2702/2702 2706/2706/2706 2705/2705/2705 
f 2705/2705/2705 2706/2706/2706 2707/2707/2707 
f 2706/2706/2706 2707/2707/2707 2707/2707/2707 
f 2707/2707/2707 2707/2707/2707 2708/2708/2708 
f 2707/2707/2707 2708/2708/2708 2708/2708/2708 
f 2708/2708/2708 2708/2708/2708 2708/2708/2708 
f 2708/2708/2708 2709/2709/2709 2708/2708/2708 
f 2708/2708/2708 2709/2709/2709 2710/2710/2710 
f 2709/2709/2709 2711/2711/2711 2710/2710/2710 
f 2710/2710/2710 2711/2711/2711 2711/2711/2711 
f 2711/2711/2711 2709/2709/2709 2711/2711/2711 
f 2711/2711/2711 2709/2709/2709 2709/2709/2709 
f 2709/2709/2709 2712/2712/2712 2709/2709/2709 
f 2709/2709/2709 2712/2712/2712 2711/2711/2711 
f 2712/2712/2712 2713/2713/2713 2711/2711/2711 
f 2711/2711/2711 2713/2713/2713 2714/2714/2714 
f 2713/2713/2713 2715/2715/2715 2714/2714/2714 
f 2714/2714/2714 2715/2715/2715 2716/2716/2716 
f 2715/2715/2715 2717/2717/2717 2716/2716/2716 
f 2716/2716/2716 2717/2717/2717 2709/2709/2709 
f 2717/2717/2717 2712/2712/2712 2709/2709/2709 
f 2709/2709/2709 2712/2712/2712 2712/2712/2712 
f 2712/2712/2712 2717/2717/2717 2712/2712/2712 
f 2712/2712/2712 2717/2717/2717 2717/2717/2717 
f 2717/2717/2717 2715/2715/2715 2717/2717/2717 
f 2717/2717/2717 2715/2715/2715 2712/2712/2712 
f 2715/2715/2715 2713/2713/2713 2712/2712/2712 
f 2712/2712/2712 2713/2713/2713 2713/2713/2713 
f 2713/2713/2713 2718/2718/2718 2713/2713/2713 
f 2713/2713/2713 2718/2718/2718 2718/2718/2718 
f 2718/2718/2718 2719/2719/2719 2718/2718/2718 
f 2718/2718/2718 2719/2719/2719 2720/2720/2720 
f 2719/2719/2719 2721/2721/2721 2720/2720/2720 
f 2720/2720/2720 2721/2721/2721 2721/2721/2721 
f 2721/2721/2721 2716/2716/2716 2721/2721/2721 
f 2721/2721/2721 2716/2716/2716 2716/2716/2716 
f 2716/2716/2716 2722/2722/2722 2716/2716/2716 
f 2716/2716/2716 2722/2722/2722 2714/2714/2714 
f 2722/2722/2722 2723/2723/2723 2714/2714/2714 
f 2714/2714/2714 2723/2723/2723 2723/2723/2723 
f 2723/2723/2723 2724/2724/2724 2723/2723/2723 
f 2723/2723/2723 2724/2724/2724 2724/2724/2724 
f 2724/2724/2724 2725/2725/2725 2724/2724/2724 
f 2724/2724/2724 2725/2725/2725 2726/2726/2726 
f 2725/2725/2725 2727/2727/2727 2726/2726/2726 
f 2726/2726/2726 2727/2727/2727 2727/2727/2727 
f 2727/2727/2727 2728/2728/2728 2727/2727/2727 
f 2727/2727/2727 2728/2728/2728 2728/2728/2728 
f 2728/2728/2728 2729/2729/2729 2728/2728/2728 
f 2728/2728/2728 2729/2729/2729 2730/2730/2730 
f 2729/2729/2729 2731/2731/2731 2730/2730/2730 
f 2730/2730/2730 2731/2731/2731 2731/2731/2731 
f 2731/2731/2731 2732/2732/2732 2731/2731/2731 
f 2731/2731/2731 2732/2732/2732 2732/2732/2732 
f 2732/2732/2732 2733/2733/2733 2732/2732/2732 
f 2732/2732/2732 2733/2733/2733 2734/2734/2734 
f 2733/2733/2733 2735/2735/2735 2734/2734/2734 
f 2734/2734/2734 2735/2735/2735 2735/2735/2735 
f 2735/2735/2735 2733/2733/2733 2735/2735/2735 
f 2735/2735/2735 2733/2733/2733 2736/2736/2736 
f 2733/2733/2733 2737/2737/2737 2736/2736/2736 
f 2736/2736/2736 2737/2737/2737 2738/2738/2738 
f 2737/2737/2737 2738/2738/2738 2738/2738/2738 
f 2738/2738/2738 2738/2738/2738 2739/2739/2739 
f 2738/2738/2738 2739/2739/2739 2739/2739/2739 
f 2739/2739/2739 2739/2739/2739 2739/2739/2739 
f 2739/2739/2739 2740/2740/2740 2739/2739/2739 
f 2739/2739/2739 2740/2740/2740 2741/2741/2741 
f 2740/2740/2740 2742/2742/2742 2741/2741/2741 
f 2741/2741/2741 2742/2742/2742 2742/2742/2742 
f 2742/2742/2742 2743/2743/2743 2742/2742/2742 
f 2742/2742/2742 2743/2743/2743 2743/2743/2743 
f 2743/2743/2743 2744/2744/2744 2743/2743/2743 
f 2743/2743/2743 2744/2744/2744 2745/2745/2745 
f 2744/2744/2744 2746/2746/2746 2745/2745/2745 
f 2745/2745/2745 2746/2746/2746 2747/2747/2747 
f 2746/2746/2746 2748/2748/2748 2747/2747/2747 
f 2747/2747/2747 2748/2748/2748 2749/2749/2749 
f 2748/2748/2748 2749/2749/2749 2749/2749/2749 
f 2749/2749/2749 2749/2749/2749 858/858/858 
f 2749/2749/2749 858/858/858 858/858/858 
f 858/858/858 858/858/858 858/858/858 
f 858/858/858 859/859/859 858/858/858 
f 858/858/858 859/859/859 2750/2750/2750 
f 859/859/859 860/860/860 2750/2750/2750 
f 2750/2750/2750 860/860/860 2751/2751/2751 
f 860/860/860 2752/2752/2752 2751/2751/2751 
f 2751/2751/2751 2752/2752/2752 2753/2753/2753 
f 2752/2752/2752 2753/2753/2753 2753/2753/2753 
f 2753/2753/2753 2753/2753/2753 2754/2754/2754 
f 2753/2753/2753 2754/2754/2754 2754/2754/2754 
f 2754/2754/2754 2754/2754/2754 2754/2754/2754 
f 2754/2754/2754 2755/2755/2755 2754/2754/2754 
f 2754/2754/2754 2755/2755/2755 2756/2756/2756 
f 2755/2755/2755 2757/2757/2757 2756/2756/2756 
f 2756/2756/2756 2757/2757/2757 2758/2758/2758 
f 2757/2757/2757 2758/2758/2758 2758/2758/2758 
f 2758/2758/2758 2758/2758/2758 2759/2759/2759 
f 2758/2758/2758 2759/2759/2759 2759/2759/2759 
f 2759/2759/2759 2759/2759/2759 2759/2759/2759 
f 2759/2759/2759 2760/2760/2760 2759/2759/2759 
f 2759/2759/2759 2760/2760/2760 2761/2761/2761 
f 2760/2760/2760 2762/2762/2762 2761/2761/2761 
f 2761/2761/2761 2762/2762/2762 2762/2762/2762 
f 2762/2762/2762 2760/2760/2760 2762/2762/2762 
f 2762/2762/2762 2760/2760/2760 2763/2763/2763 
f 2760/2760/2760 2764/2764/2764 2763/2763/2763 
f 2763/2763/2763 2764/2764/2764 2765/2765/2765 
f 2764/2764/2764 2765/2765/2765 2765/2765/2765 
f 2765/2765/2765 2765/2765/2765 1871/1871/1871 
f 2765/2765/2765 1871/1871/1871 1871/1871/1871 
f 1871/1871/1871 1871/1871/1871 1871/1871/1871 
f 1871/1871/1871 2766/2766/2766 1871/1871/1871 
f 1871/1871/1871 2766/2766/2766 1873/1873/1873 
f 2766/2766/2766 2767/2767/2767 1873/1873/1873 
f 1873/1873/1873 2767/2767/2767 2768/2768/2768 
f 2767/2767/2767 2769/2769/2769 2768/2768/2768 
f 2768/2768/2768 2769/2769/2769 2770/2770/2770 
f 2769/2769/2769 2771/2771/2771 2770/2770/2770 
f 2770/2770/2770 2771/2771/2771 2772/2772/2772 
f 2771/2771/2771 2772/2772/2772 2772/2772/2772 
f 2772/2772/2772 2772/2772/2772 1873/1873/1873 
f 2772/2772/2772 1873/1873/1873 1873/1873/1873 
f 1873/1873/1873 1873/1873/1873 1873/1873/1873 
f 1873/1873/1873 2768/2768/2768 1873/1873/1873 
f 1873/1873/1873 2768/2768/2768 2773/2773/2773 
f 2768/2768/2768 2770/2770/2770 2773/2773/2773 
f 2773/2773/2773 2770/2770/2770 2772/2772/2772 
f 2770/2770/2770 2772/2772/2772 2772/2772/2772 
f 2772/2772/2772 2772/2772/2772 2766/2766/2766 
f 2772/2772/2772 2766/2766/2766 2766/2766/2766 
f 2766/2766/2766 2766/2766/2766 2766/2766/2766 
f 2766/2766/2766 2774/2774/2774 2766/2766/2766 
f 2766/2766/2766 2774/2774/2774 2767/2767/2767 
f 2774/2774/2774 2769/2769/2769 2767/2767/2767 
f 2767/2767/2767 2769/2769/2769 2769/2769/2769 
f 2769/2769/2769 2775/2775/2775 2769/2769/2769 
f 2769/2769/2769 2775/2775/2775 2775/2775/2775 
f 2775/2775/2775 2776/2776/2776 2775/2775/2775 
f 2775/2775/2775 2776/2776/2776 2777/2777/2777 
f 2776/2776/2776 2778/2778/2778 2777/2777/2777 
f 2777/2777/2777 2778/2778/2778 2778/2778/2778 
f 2778/2778/2778 2776/2776/2776 2778/2778/2778 
f 2778/2778/2778 2776/2776/2776 2776/2776/2776 
f 2776/2776/2776 2779/2779/2779 2776/2776/2776 
f 2776/2776/2776 2779/2779/2779 2778/2778/2778 
f 2779/2779/2779 2780/2780/2780 2778/2778/2778 
f 2778/2778/2778 2780/2780/2780 2780/2780/2780 
f 2780/2780/2780 2779/2779/2779 2780/2780/2780 
f 2780/2780/2780 2779/2779/2779 2779/2779/2779 
f 2779/2779/2779 2781/2781/2781 2779/2779/2779 
f 2779/2779/2779 2781/2781/2781 2780/2780/2780 
f 2781/2781/2781 2782/2782/2782 2780/2780/2780 
f 2780/2780/2780 2782/2782/2782 2782/2782/2782 
f 2782/2782/2782 2783/2783/2783 2782/2782/2782 
f 2782/2782/2782 2783/2783/2783 2783/2783/2783 
f 2783/2783/2783 2784/2784/2784 2783/2783/2783 
f 2783/2783/2783 2784/2784/2784 2785/2785/2785 
f 2784/2784/2784 2786/2786/2786 2785/2785/2785 
f 2785/2785/2785 2786/2786/2786 2787/2787/2787 
f 2786/2786/2786 2788/2788/2788 2787/2787/2787 
f 2787/2787/2787 2788/2788/2788 2789/2789/2789 
f 2788/2788/2788 2789/2789/2789 2789/2789/2789 
f 2789/2789/2789 2789/2789/2789 2790/2790/2790 
f 2789/2789/2789 2790/2790/2790 2790/2790/2790 
f 2790/2790/2790 2790/2790/2790 2790/2790/2790 
f 2790/2790/2790 2791/2791/2791 2790/2790/2790 
f 2790/2790/2790 2791/2791/2791 2792/2792/2792 
f 2791/2791/2791 2793/2793/2793 2792/2792/2792 
f 2792/2792/2792 2793/2793/2793 2794/2794/2794 
f 2793/2793/2793 2795/2795/2795 2794/2794/2794 
f 2794/2794/2794 2795/2795/2795 2796/2796/2796 
f 2795/2795/2795 2797/2797/2797 2796/2796/2796 
f 2796/2796/2796 2797/2797/2797 2797/2797/2797 
f 2797/2797/2797 2793/2793/2793 2797/2797/2797 
f 2797/2797/2797 2793/2793/2793 2793/2793/2793 
f 2793/2793/2793 2798/2798/2798 2793/2793/2793 
f 2793/2793/2793 2798/2798/2798 2795/2795/2795 
f 2798/2798/2798 2799/2799/2799 2795/2795/2795 
f 2795/2795/2795 2799/2799/2799 2797/2797/2797 
f 2799/2799/2799 2800/2800/2800 2797/2797/2797 
f 2797/2797/2797 2800/2800/2800 2800/2800/2800 
f 2800/2800/2800 2793/2793/2793 2800/2800/2800 
f 2800/2800/2800 2793/2793/2793 2793/2793/2793 
f 2793/2793/2793 2801/2801/2801 2793/2793/2793 
f 2793/2793/2793 2801/2801/2801 2798/2798/2798 
f 2801/2801/2801 2802/2802/2802 2798/2798/2798 
f 2798/2798/2798 2802/2802/2802 2799/2799/2799 
f 2802/2802/2802 2803/2803/2803 2799/2799/2799 
f 2799/2799/2799 2803/2803/2803 2804/2804/2804 
f 2803/2803/2803 2805/2805/2805 2804/2804/2804 
f 2804/2804/2804 2805/2805/2805 2805/2805/2805 
f 2805/2805/2805 2801/2801/2801 2805/2805/2805 
f 2805/2805/2805 2801/2801/2801 2801/2801/2801 
f 2801/2801/2801 2793/2793/2793 2801/2801/2801 
f 2801/2801/2801 2793/2793/2793 2806/2806/2806 
f 2793/2793/2793 2791/2791/2791 2806/2806/2806 
f 2806/2806/2806 2791/2791/2791 2807/2807/2807 
f 2791/2791/2791 2807/2807/2807 2807/2807/2807 
f 2807/2807/2807 2807/2807/2807 2806/2806/2806 
f 2807/2807/2807 2806/2806/2806 2806/2806/2806 
f 2806/2806/2806 2806/2806/2806 2806/2806/2806 
f 2806/2806/2806 2808/2808/2808 2806/2806/2806 
f 2806/2806/2806 2808/2808/2808 2801/2801/2801 
f 2808/2808/2808 2809/2809/2809 2801/2801/2801 
f 2801/2801/2801 2809/2809/2809 2810/2810/2810 
f 2809/2809/2809 2811/2811/2811 2810/2810/2810 
f 2810/2810/2810 2811/2811/2811 2812/2812/2812 
f 2811/2811/2811 2813/2813/2813 2812/2812/2812 
f 2812/2812/2812 2813/2813/2813 2814/2814/2814 
f 2813/2813/2813 2815/2815/2815 2814/2814/2814 
f 2814/2814/2814 2815/2815/2815 2816/2816/2816 
f 2815/2815/2815 2817/2817/2817 2816/2816/2816 
f 2816/2816/2816 2817/2817/2817 2818/2818/2818 
f 2817/2817/2817 2818/2818/2818 2818/2818/2818 
f 2818/2818/2818 2818/2818/2818 2814/2814/2814 
f 2818/2818/2818 2814/2814/2814 2814/2814/2814 
f 2814/2814/2814 2814/2814/2814 2814/2814/2814 
f 2814/2814/2814 2816/2816/2816 2814/2814/2814 
f 2814/2814/2814 2816/2816/2816 2819/2819/2819 
f 2816/2816/2816 2820/2820/2820 2819/2819/2819 
f 2819/2819/2819 2820/2820/2820 2821/2821/2821 
f 2820/2820/2820 2822/2822/2822 2821/2821/2821 
f 2821/2821/2821 2822/2822/2822 2823/2823/2823 
f 2822/2822/2822 2824/2824/2824 2823/2823/2823 
f 2823/2823/2823 2824/2824/2824 2825/2825/2825 
f 2824/2824/2824 2826/2826/2826 2825/2825/2825 
f 2825/2825/2825 2826/2826/2826 2827/2827/2827 
f 2826/2826/2826 2828/2828/2828 2827/2827/2827 
f 2827/2827/2827 2828/2828/2828 2829/2829/2829 
f 2828/2828/2828 2830/2830/2830 2829/2829/2829 
f 2829/2829/2829 2830/2830/2830 2831/2831/2831 
f 2830/2830/2830 2803/2803/2803 2831/2831/2831 
f 2831/2831/2831 2803/2803/2803 2832/2832/2832 
f 2803/2803/2803 2802/2802/2802 2832/2832/2832 
f 2832/2832/2832 2802/2802/2802 2833/2833/2833 
f 2802/2802/2802 2810/2810/2810 2833/2833/2833 
f 2833/2833/2833 2810/2810/2810 2834/2834/2834 
f 2810/2810/2810 2812/2812/2812 2834/2834/2834 
f 2834/2834/2834 2812/2812/2812 2814/2814/2814 
f 2812/2812/2812 2814/2814/2814 2814/2814/2814 
f 2814/2814/2814 2814/2814/2814 2816/2816/2816 
f 2814/2814/2814 2816/2816/2816 2816/2816/2816 
f 2816/2816/2816 2816/2816/2816 2816/2816/2816 
f 2816/2816/2816 2818/2818/2818 2816/2816/2816 
f 2816/2816/2816 2818/2818/2818 2820/2820/2820 
f 2818/2818/2818 2835/2835/2835 2820/2820/2820 
f 2820/2820/2820 2835/2835/2835 2822/2822/2822 
f 2835/2835/2835 2836/2836/2836 2822/2822/2822 
f 2822/2822/2822 2836/2836/2836 2824/2824/2824 
f 2836/2836/2836 2837/2837/2837 2824/2824/2824 
f 2824/2824/2824 2837/2837/2837 2826/2826/2826 
f 2837/2837/2837 2838/2838/2838 2826/2826/2826 
f 2826/2826/2826 2838/2838/2838 2828/2828/2828 
f 2838/2838/2838 2839/2839/2839 2828/2828/2828 
f 2828/2828/2828 2839/2839/2839 2830/2830/2830 
f 2839/2839/2839 2805/2805/2805 2830/2830/2830 
f 2830/2830/2830 2805/2805/2805 2803/2803/2803 
f 2805/2805/2805 2803/2803/2803 2803/2803/2803 
f 2803/2803/2803 2803/2803/2803 2840/2840/2840 
f 2803/2803/2803 2840/2840/2840 2840/2840/2840 
f 2840/2840/2840 2840/2840/2840 2840/2840/2840 
f 2840/2840/2840 2841/2841/2841 2840/2840/2840 
f 2840/2840/2840 2841/2841/2841 2842/2842/2842 
f 2841/2841/2841 2843/2843/2843 2842/2842/2842 
f 2842/2842/2842 2843/2843/2843 2843/2843/2843 
f 2843/2843/2843 2841/2841/2841 2843/2843/2843 
f 2843/2843/2843 2841/2841/2841 2844/2844/2844 
f 2841/2841/2841 2845/2845/2845 2844/2844/2844 
f 2844/2844/2844 2845/2845/2845 2846/2846/2846 
f 2845/2845/2845 2847/2847/2847 2846/2846/2846 
f 2846/2846/2846 2847/2847/2847 2847/2847/2847 
f 2847/2847/2847 2819/2819/2819 2847/2847/2847 
f 2847/2847/2847 2819/2819/2819 2819/2819/2819 
f 2819/2819/2819 2821/2821/2821 2819/2819/2819 
f 2819/2819/2819 2821/2821/2821 2814/2814/2814 
f 2821/2821/2821 2823/2823/2823 2814/2814/2814 
f 2814/2814/2814 2823/2823/2823 2834/2834/2834 
f 2823/2823/2823 2825/2825/2825 2834/2834/2834 
f 2834/2834/2834 2825/2825/2825 2848/2848/2848 
f 2825/2825/2825 2849/2849/2849 2848/2848/2848 
f 2848/2848/2848 2849/2849/2849 2850/2850/2850 
f 2849/2849/2849 2827/2827/2827 2850/2850/2850 
f 2850/2850/2850 2827/2827/2827 2829/2829/2829 
f 2827/2827/2827 2829/2829/2829 2829/2829/2829 
f 2829/2829/2829 2829/2829/2829 2848/2848/2848 
f 2829/2829/2829 2848/2848/2848 2848/2848/2848 
f 2848/2848/2848 2848/2848/2848 2848/2848/2848 
f 2848/2848/2848 2850/2850/2850 2848/2848/2848 
f 2848/2848/2848 2850/2850/2850 2832/2832/2832 
f 2850/2850/2850 2829/2829/2829 2832/2832/2832 
f 2832/2832/2832 2829/2829/2829 2831/2831/2831 
f 2829/2829/2829 2831/2831/2831 2831/2831/2831 
f 2831/2831/2831 2831/2831/2831 2832/2832/2832 
f 2831/2831/2831 2832/2832/2832 2832/2832/2832 
f 2832/2832/2832 2832/2832/2832 2832/2832/2832 
f 2832/2832/2832 2833/2833/2833 2832/2832/2832 
f 2832/2832/2832 2833/2833/2833 2848/2848/2848 
f 2833/2833/2833 2834/2834/2834 2848/2848/2848 
f 2848/2848/2848 2834/2834/2834 2834/2834/2834 
f 2834/2834/2834 2851/2851/2851 2834/2834/2834 
f 2834/2834/2834 2851/2851/2851 2851/2851/2851 
f 2851/2851/2851 2852/2852/2852 2851/2851/2851 
f 2851/2851/2851 2852/2852/2852 2853/2853/2853 
f 2852/2852/2852 2854/2854/2854 2853/2853/2853 
f 2853/2853/2853 2854/2854/2854 2854/2854/2854 
f 2854/2854/2854 2852/2852/2852 2854/2854/2854 
f 2854/2854/2854 2852/2852/2852 2852/2852/2852 
f 2852/2852/2852 2855/2855/2855 2852/2852/2852 
f 2852/2852/2852 2855/2855/2855 2854/2854/2854 
f 2855/2855/2855 2856/2856/2856 2854/2854/2854 
f 2854/2854/2854 2856/2856/2856 2857/2857/2857 
f 2856/2856/2856 2858/2858/2858 2857/2857/2857 
f 2857/2857/2857 2858/2858/2858 2859/2859/2859 
f 2858/2858/2858 2860/2860/2860 2859/2859/2859 
f 2859/2859/2859 2860/2860/2860 2852/2852/2852 
f 2860/2860/2860 2855/2855/2855 2852/2852/2852 
f 2852/2852/2852 2855/2855/2855 2855/2855/2855 
f 2855/2855/2855 2860/2860/2860 2855/2855/2855 
f 2855/2855/2855 2860/2860/2860 2860/2860/2860 
f 2860/2860/2860 2858/2858/2858 2860/2860/2860 
f 2860/2860/2860 2858/2858/2858 2855/2855/2855 
f 2858/2858/2858 2856/2856/2856 2855/2855/2855 
f 2855/2855/2855 2856/2856/2856 2856/2856/2856 
f 2856/2856/2856 2861/2861/2861 2856/2856/2856 
f 2856/2856/2856 2861/2861/2861 2861/2861/2861 
f 2861/2861/2861 2862/2862/2862 2861/2861/2861 
f 2861/2861/2861 2862/2862/2862 2863/2863/2863 
f 2862/2862/2862 2864/2864/2864 2863/2863/2863 
f 2863/2863/2863 2864/2864/2864 2864/2864/2864 
f 2864/2864/2864 2862/2862/2862 2864/2864/2864 
f 2864/2864/2864 2862/2862/2862 2865/2865/2865 
f 2862/2862/2862 2866/2866/2866 2865/2865/2865 
f 2865/2865/2865 2866/2866/2866 2867/2867/2867 
f 2866/2866/2866 2867/2867/2867 2867/2867/2867 
f 2867/2867/2867 2867/2867/2867 2868/2868/2868 
f 2867/2867/2867 2868/2868/2868 2868/2868/2868 
f 2868/2868/2868 2868/2868/2868 2868/2868/2868 
f 2868/2868/2868 2869/2869/2869 2868/2868/2868 
f 2868/2868/2868 2869/2869/2869 2870/2870/2870 
f 2869/2869/2869 2871/2871/2871 2870/2870/2870 
f 2870/2870/2870 2871/2871/2871 2871/2871/2871 
f 2871/2871/2871 2869/2869/2869 2871/2871/2871 
f 2871/2871/2871 2869/2869/2869 2872/2872/2872 
f 2869/2869/2869 2873/2873/2873 2872/2872/2872 
f 2872/2872/2872 2873/2873/2873 2874/2874/2874 
f 2873/2873/2873 2875/2875/2875 2874/2874/2874 
f 2874/2874/2874 2875/2875/2875 2875/2875/2875 
f 2875/2875/2875 2876/2876/2876 2875/2875/2875 
f 2875/2875/2875 2876/2876/2876 2876/2876/2876 
f 2876/2876/2876 2877/2877/2877 2876/2876/2876 
f 2876/2876/2876 2877/2877/2877 2878/2878/2878 
f 2877/2877/2877 2879/2879/2879 2878/2878/2878 
f 2878/2878/2878 2879/2879/2879 2879/2879/2879 
f 2879/2879/2879 2877/2877/2877 2879/2879/2879 
f 2879/2879/2879 2877/2877/2877 2877/2877/2877 
f 2877/2877/2877 2880/2880/2880 2877/2877/2877 
f 2877/2877/2877 2880/2880/2880 2879/2879/2879 
f 2880/2880/2880 2881/2881/2881 2879/2879/2879 
f 2879/2879/2879 2881/2881/2881 2881/2881/2881 
f 2881/2881/2881 2880/2880/2880 2881/2881/2881 
f 2881/2881/2881 2880/2880/2880 2880/2880/2880 
f 2880/2880/2880 2882/2882/2882 2880/2880/2880 
f 2880/2880/2880 2882/2882/2882 2881/2881/2881 
f 2882/2882/2882 2883/2883/2883 2881/2881/2881 
f 2881/2881/2881 2883/2883/2883 2883/2883/2883 
f 2883/2883/2883 2884/2884/2884 2883/2883/2883 
f 2883/2883/2883 2884/2884/2884 2884/2884/2884 
f 2884/2884/2884 2885/2885/2885 2884/2884/2884 
f 2884/2884/2884 2885/2885/2885 2886/2886/2886 
f 2885/2885/2885 2887/2887/2887 2886/2886/2886 
f 2886/2886/2886 2887/2887/2887 2887/2887/2887 
f 2887/2887/2887 2807/2807/2807 2887/2887/2887 
f 2887/2887/2887 2807/2807/2807 2807/2807/2807 
f 2807/2807/2807 2888/2888/2888 2807/2807/2807 
f 2807/2807/2807 2888/2888/2888 2806/2806/2806 
f 2888/2888/2888 2889/2889/2889 2806/2806/2806 
f 2806/2806/2806 2889/2889/2889 2808/2808/2808 
f 2889/2889/2889 2808/2808/2808 2808/2808/2808 
f 2808/2808/2808 2808/2808/2808 2817/2817/2817 
f 2808/2808/2808 2817/2817/2817 2817/2817/2817 
f 2817/2817/2817 2817/2817/2817 2817/2817/2817 
f 2817/2817/2817 2815/2815/2815 2817/2817/2817 
f 2817/2817/2817 2815/2815/2815 2890/2890/2890 
f 2815/2815/2815 2891/2891/2891 2890/2890/2890 
f 2890/2890/2890 2891/2891/2891 2892/2892/2892 
f 2891/2891/2891 2893/2893/2893 2892/2892/2892 
f 2892/2892/2892 2893/2893/2893 2893/2893/2893 
f 2893/2893/2893 2815/2815/2815 2893/2893/2893 
f 2893/2893/2893 2815/2815/2815 2815/2815/2815 
f 2815/2815/2815 2813/2813/2813 2815/2815/2815 
f 2815/2815/2815 2813/2813/2813 2891/2891/2891 
f 2813/2813/2813 2894/2894/2894 2891/2891/2891 
f 2891/2891/2891 2894/2894/2894 2895/2895/2895 
f 2894/2894/2894 2896/2896/2896 2895/2895/2895 
f 2895/2895/2895 2896/2896/2896 2896/2896/2896 
f 2896/2896/2896 2894/2894/2894 2896/2896/2896 
f 2896/2896/2896 2894/2894/2894 2897/2897/2897 
f 2894/2894/2894 2898/2898/2898 2897/2897/2897 
f 2897/2897/2897 2898/2898/2898 2899/2899/2899 
f 2898/2898/2898 2900/2900/2900 2899/2899/2899 
f 2899/2899/2899 2900/2900/2900 2900/2900/2900 
f 2900/2900/2900 2898/2898/2898 2900/2900/2900 
f 2900/2900/2900 2898/2898/2898 2898/2898/2898 
f 2898/2898/2898 2894/2894/2894 2898/2898/2898 
f 2898/2898/2898 2894/2894/2894 2901/2901/2901 
f 2894/2894/2894 2813/2813/2813 2901/2901/2901 
f 2901/2901/2901 2813/2813/2813 2902/2902/2902 
f 2813/2813/2813 2811/2811/2811 2902/2902/2902 
f 2902/2902/2902 2811/2811/2811 2811/2811/2811 
f 2811/2811/2811 2902/2902/2902 2811/2811/2811 
f 2811/2811/2811 2902/2902/2902 2902/2902/2902 
f 2902/2902/2902 2903/2903/2903 2902/2902/2902 
f 2902/2902/2902 2903/2903/2903 2901/2901/2901 
f 2903/2903/2903 2904/2904/2904 2901/2901/2901 
f 2901/2901/2901 2904/2904/2904 2898/2898/2898 
f 2904/2904/2904 2905/2905/2905 2898/2898/2898 
f 2898/2898/2898 2905/2905/2905 2900/2900/2900 
f 2905/2905/2905 2900/2900/2900 2900/2900/2900 
f 2900/2900/2900 2900/2900/2900 2903/2903/2903 
f 2900/2900/2900 2903/2903/2903 2903/2903/2903 
f 2903/2903/2903 2903/2903/2903 2903/2903/2903 
f 2903/2903/2903 2906/2906/2906 2903/2903/2903 
f 2903/2903/2903 2906/2906/2906 2904/2904/2904 
f 2906/2906/2906 2907/2907/2907 2904/2904/2904 
f 2904/2904/2904 2907/2907/2907 2908/2908/2908 
f 2907/2907/2907 2908/2908/2908 2908/2908/2908 
f 2908/2908/2908 2908/2908/2908 2909/2909/2909 
f 2908/2908/2908 2909/2909/2909 2909/2909/2909 
f 2909/2909/2909 2909/2909/2909 2909/2909/2909 
f 2909/2909/2909 2910/2910/2910 2909/2909/2909 
f 2909/2909/2909 2910/2910/2910 2911/2911/2911 
f 2910/2910/2910 2912/2912/2912 2911/2911/2911 
f 2911/2911/2911 2912/2912/2912 2912/2912/2912 
f 2912/2912/2912 2910/2910/2910 2912/2912/2912 
f 2912/2912/2912 2910/2910/2910 2910/2910/2910 
f 2910/2910/2910 2913/2913/2913 2910/2910/2910 
f 2910/2910/2910 2913/2913/2913 2912/2912/2912 
f 2913/2913/2913 2914/2914/2914 2912/2912/2912 
f 2912/2912/2912 2914/2914/2914 2915/2915/2915 
f 2914/2914/2914 2916/2916/2916 2915/2915/2915 
f 2915/2915/2915 2916/2916/2916 2917/2917/2917 
f 2916/2916/2916 2918/2918/2918 2917/2917/2917 
f 2917/2917/2917 2918/2918/2918 2910/2910/2910 
f 2918/2918/2918 2913/2913/2913 2910/2910/2910 
f 2910/2910/2910 2913/2913/2913 2913/2913/2913 
f 2913/2913/2913 2918/2918/2918 2913/2913/2913 
f 2913/2913/2913 2918/2918/2918 2918/2918/2918 
f 2918/2918/2918 2916/2916/2916 2918/2918/2918 
f 2918/2918/2918 2916/2916/2916 2913/2913/2913 
f 2916/2916/2916 2914/2914/2914 2913/2913/2913 
f 2913/2913/2913 2914/2914/2914 2914/2914/2914 
f 2914/2914/2914 756/756/756 2914/2914/2914 
f 2914/2914/2914 756/756/756 756/756/756 
f 756/756/756 2919/2919/2919 756/756/756 
f 756/756/756 2919/2919/2919 758/758/758 
f 2919/2919/2919 760/760/760 758/758/758 
f 758/758/758 760/760/760 760/760/760 
f 760/760/760 2919/2919/2919 760/760/760 
f 760/760/760 2919/2919/2919 762/762/762 
f 2919/2919/2919 2920/2920/2920 762/762/762 
f 762/762/762 2920/2920/2920 764/764/764 
f 2920/2920/2920 2921/2921/2921 764/764/764 
f 764/764/764 2921/2921/2921 766/766/766 
f 2921/2921/2921 2922/2922/2922 766/766/766 
f 766/766/766 2922/2922/2922 2922/2922/2922 
f 2922/2922/2922 2923/2923/2923 2922/2922/2922 
f 2922/2922/2922 2923/2923/2923 2923/2923/2923 
f 2923/2923/2923 2924/2924/2924 2923/2923/2923 
f 2923/2923/2923 2924/2924/2924 2925/2925/2925 
f 2924/2924/2924 2926/2926/2926 2925/2925/2925 
f 2925/2925/2925 2926/2926/2926 2926/2926/2926 
f 2926/2926/2926 2917/2917/2917 2926/2926/2926 
f 2926/2926/2926 2917/2917/2917 2917/2917/2917 
f 2917/2917/2917 2927/2927/2927 2917/2917/2917 
f 2917/2917/2917 2927/2927/2927 2915/2915/2915 
f 2927/2927/2927 2928/2928/2928 2915/2915/2915 
f 2915/2915/2915 2928/2928/2928 2928/2928/2928 
f 2928/2928/2928 2929/2929/2929 2928/2928/2928 
f 2928/2928/2928 2929/2929/2929 2929/2929/2929 
f 2929/2929/2929 2930/2930/2930 2929/2929/2929 
f 2929/2929/2929 2930/2930/2930 2931/2931/2931 
f 2930/2930/2930 2932/2932/2932 2931/2931/2931 
f 2931/2931/2931 2932/2932/2932 2932/2932/2932 
f 2932/2932/2932 2933/2933/2933 2932/2932/2932 
f 2932/2932/2932 2933/2933/2933 2933/2933/2933 
f 2933/2933/2933 2273/2273/2273 2933/2933/2933 
f 2933/2933/2933 2273/2273/2273 2934/2934/2934 
f 2273/2273/2273 2275/2275/2275 2934/2934/2934 
f 2934/2934/2934 2275/2275/2275 2275/2275/2275 
f 2275/2275/2275 2935/2935/2935 2275/2275/2275 
f 2275/2275/2275 2935/2935/2935 2935/2935/2935 
f 2935/2935/2935 2936/2936/2936 2935/2935/2935 
f 2935/2935/2935 2936/2936/2936 2937/2937/2937 
f 2936/2936/2936 2938/2938/2938 2937/2937/2937 
f 2937/2937/2937 2938/2938/2938 2938/2938/2938 
f 2938/2938/2938 2936/2936/2936 2938/2938/2938 
f 2938/2938/2938 2936/2936/2936 2936/2936/2936 
f 2936/2936/2936 2939/2939/2939 2936/2936/2936 
f 2936/2936/2936 2939/2939/2939 2938/2938/2938 
f 2939/2939/2939 2940/2940/2940 2938/2938/2938 
f 2938/2938/2938 2940/2940/2940 2940/2940/2940 
f 2940/2940/2940 2939/2939/2939 2940/2940/2940 
f 2940/2940/2940 2939/2939/2939 2939/2939/2939 
f 2939/2939/2939 2941/2941/2941 2939/2939/2939 
f 2939/2939/2939 2941/2941/2941 2940/2940/2940 
f 2941/2941/2941 2942/2942/2942 2940/2940/2940 
f 2940/2940/2940 2942/2942/2942 2942/2942/2942 
f 2942/2942/2942 2943/2943/2943 2942/2942/2942 
f 2942/2942/2942 2943/2943/2943 2943/2943/2943 
f 2943/2943/2943 2944/2944/2944 2943/2943/2943 
f 2943/2943/2943 2944/2944/2944 2945/2945/2945 
f 2944/2944/2944 2946/2946/2946 2945/2945/2945 
f 2945/2945/2945 2946/2946/2946 2947/2947/2947 
f 2946/2946/2946 2948/2948/2948 2947/2947/2947 
f 2947/2947/2947 2948/2948/2948 2949/2949/2949 
f 2948/2948/2948 2949/2949/2949 2949/2949/2949 
f 2949/2949/2949 2949/2949/2949 2950/2950/2950 
f 2949/2949/2949 2950/2950/2950 2950/2950/2950 
f 2950/2950/2950 2950/2950/2950 2950/2950/2950 
f 2950/2950/2950 2951/2951/2951 2950/2950/2950 
f 2950/2950/2950 2951/2951/2951 2952/2952/2952 
f 2951/2951/2951 2953/2953/2953 2952/2952/2952 
f 2952/2952/2952 2953/2953/2953 2953/2953/2953 
f 2953/2953/2953 2951/2951/2951 2953/2953/2953 
f 2953/2953/2953 2951/2951/2951 2951/2951/2951 
f 2951/2951/2951 2954/2954/2954 2951/2951/2951 
f 2951/2951/2951 2954/2954/2954 2953/2953/2953 
f 2954/2954/2954 2955/2955/2955 2953/2953/2953 
f 2953/2953/2953 2955/2955/2955 2955/2955/2955 
f 2955/2955/2955 2954/2954/2954 2955/2955/2955 
f 2955/2955/2955 2954/2954/2954 2954/2954/2954 
f 2954/2954/2954 2956/2956/2956 2954/2954/2954 
f 2954/2954/2954 2956/2956/2956 2955/2955/2955 
f 2956/2956/2956 2957/2957/2957 2955/2955/2955 
f 2955/2955/2955 2957/2957/2957 2957/2957/2957 
f 2957/2957/2957 2958/2958/2958 2957/2957/2957 
f 2957/2957/2957 2958/2958/2958 2958/2958/2958 
f 2958/2958/2958 2959/2959/2959 2958/2958/2958 
f 2958/2958/2958 2959/2959/2959 2960/2960/2960 
f 2959/2959/2959 2961/2961/2961 2960/2960/2960 
f 2960/2960/2960 2961/2961/2961 2962/2962/2962 
f 2961/2961/2961 2962/2962/2962 2962/2962/2962 
f 2962/2962/2962 2962/2962/2962 2960/2960/2960 
f 2962/2962/2962 2960/2960/2960 2960/2960/2960 
f 2960/2960/2960 2960/2960/2960 2960/2960/2960 
f 2960/2960/2960 2962/2962/2962 2960/2960/2960 
f 2960/2960/2960 2962/2962/2962 2963/2963/2963 
f 2962/2962/2962 2964/2964/2964 2963/2963/2963 
f 2963/2963/2963 2964/2964/2964 2964/2964/2964 
f 2964/2964/2964 2962/2962/2962 2964/2964/2964 
f 2964/2964/2964 2962/2962/2962 2962/2962/2962 
f 2962/2962/2962 2965/2965/2965 2962/2962/2962 
f 2962/2962/2962 2965/2965/2965 2964/2964/2964 
f 2965/2965/2965 2966/2966/2966 2964/2964/2964 
f 2964/2964/2964 2966/2966/2966 2967/2967/2967 
f 2966/2966/2966 2967/2967/2967 2967/2967/2967 
f 2967/2967/2967 2967/2967/2967 2964/2964/2964 
f 2967/2967/2967 2964/2964/2964 2964/2964/2964 
f 2964/2964/2964 2964/2964/2964 2964/2964/2964 
f 2964/2964/2964 2967/2967/2967 2964/2964/2964 
f 2964/2964/2964 2967/2967/2967 2968/2968/2968 
f 2967/2967/2967 2969/2969/2969 2968/2968/2968 
f 2968/2968/2968 2969/2969/2969 2970/2970/2970 
f 2969/2969/2969 2971/2971/2971 2970/2970/2970 
f 2970/2970/2970 2971/2971/2971 2965/2965/2965 
f 2971/2971/2971 2966/2966/2966 2965/2965/2965 
f 2965/2965/2965 2966/2966/2966 2966/2966/2966 
f 2966/2966/2966 2972/2972/2972 2966/2966/2966 
f 2966/2966/2966 2972/2972/2972 2972/2972/2972 
f 2972/2972/2972 2857/2857/2857 2972/2972/2972 
f 2972/2972/2972 2857/2857/2857 2973/2973/2973 
f 2857/2857/2857 2859/2859/2859 2973/2973/2973 
f 2973/2973/2973 2859/2859/2859 2859/2859/2859 
f 2859/2859/2859 425/425/425 2859/2859/2859 
f 2859/2859/2859 425/425/425 425/425/425 
f 425/425/425 2974/2974/2974 425/425/425 
f 425/425/425 2974/2974/2974 426/426/426 
f 2974/2974/2974 2975/2975/2975 426/426/426 
f 426/426/426 2975/2975/2975 2976/2976/2976 
f 2975/2975/2975 2976/2976/2976 2976/2976/2976 
f 2976/2976/2976 2976/2976/2976 426/426/426 
f 2976/2976/2976 426/426/426 426/426/426 
f 426/426/426 426/426/426 426/426/426 
f 426/426/426 2976/2976/2976 426/426/426 
f 426/426/426 2976/2976/2976 427/427/427 
f 2976/2976/2976 2977/2977/2977 427/427/427 
f 427/427/427 2977/2977/2977 2978/2978/2978 
f 2977/2977/2977 2979/2979/2979 2978/2978/2978 
f 2978/2978/2978 2979/2979/2979 2980/2980/2980 
f 2979/2979/2979 2980/2980/2980 2980/2980/2980 
f 2980/2980/2980 2980/2980/2980 427/427/427 
f 2980/2980/2980 427/427/427 427/427/427 
f 427/427/427 427/427/427 427/427/427 
f 427/427/427 2978/2978/2978 427/427/427 
f 427/427/427 2978/2978/2978 429/429/429 
f 2978/2978/2978 2980/2980/2980 429/429/429 
f 429/429/429 2980/2980/2980 2981/2981/2981 
f 2980/2980/2980 2981/2981/2981 2981/2981/2981 
f 2981/2981/2981 2981/2981/2981 429/429/429 
f 2981/2981/2981 429/429/429 429/429/429 
f 429/429/429 429/429/429 429/429/429 
f 429/429/429 2981/2981/2981 429/429/429 
f 429/429/429 2981/2981/2981 430/430/430 
f 2981/2981/2981 2982/2982/2982 430/430/430 
f 430/430/430 2982/2982/2982 431/431/431 
f 2982/2982/2982 431/431/431 431/431/431 
f 431/431/431 431/431/431 2983/2983/2983 
f 431/431/431 2983/2983/2983 2983/2983/2983 
f 2983/2983/2983 2983/2983/2983 2983/2983/2983 
f 2983/2983/2983 2984/2984/2984 2983/2983/2983 
f 2983/2983/2983 2984/2984/2984 2985/2985/2985 
f 2984/2984/2984 2986/2986/2986 2985/2985/2985 
f 2985/2985/2985 2986/2986/2986 2987/2987/2987 
f 2986/2986/2986 2988/2988/2988 2987/2987/2987 
f 2987/2987/2987 2988/2988/2988 2989/2989/2989 
f 2988/2988/2988 2990/2990/2990 2989/2989/2989 
f 2989/2989/2989 2990/2990/2990 2991/2991/2991 
f 2990/2990/2990 2992/2992/2992 2991/2991/2991 
f 2991/2991/2991 2992/2992/2992 2992/2992/2992 
f 2992/2992/2992 2984/2984/2984 2992/2992/2992 
f 2992/2992/2992 2984/2984/2984 2984/2984/2984 
f 2984/2984/2984 2993/2993/2993 2984/2984/2984 
f 2984/2984/2984 2993/2993/2993 2986/2986/2986 
f 2993/2993/2993 2994/2994/2994 2986/2986/2986 
f 2986/2986/2986 2994/2994/2994 2988/2988/2988 
f 2994/2994/2994 2995/2995/2995 2988/2988/2988 
f 2988/2988/2988 2995/2995/2995 2996/2996/2996 
f 2995/2995/2995 2997/2997/2997 2996/2996/2996 
f 2996/2996/2996 2997/2997/2997 2997/2997/2997 
f 2997/2997/2997 2993/2993/2993 2997/2997/2997 
f 2997/2997/2997 2993/2993/2993 2993/2993/2993 
f 2993/2993/2993 2998/2998/2998 2993/2993/2993 
f 2993/2993/2993 2998/2998/2998 2994/2994/2994 
f 2998/2998/2998 2999/2999/2999 2994/2994/2994 
f 2994/2994/2994 2999/2999/2999 2995/2995/2995 
f 2999/2999/2999 2997/2997/2997 2995/2995/2995 
f 2995/2995/2995 2997/2997/2997 2997/2997/2997 
f 2997/2997/2997 2999/2999/2999 2997/2997/2997 
f 2997/2997/2997 2999/2999/2999 3000/3000/3000 
f 2999/2999/2999 2998/2998/2998 3000/3000/3000 
f 3000/3000/3000 2998/2998/2998 3001/3001/3001 
f 2998/2998/2998 3002/3002/3002 3001/3001/3001 
f 3001/3001/3001 3002/3002/3002 3003/3003/3003 
f 3002/3002/3002 3004/3004/3004 3003/3003/3003 
f 3003/3003/3003 3004/3004/3004 3004/3004/3004 
f 3004/3004/3004 2998/2998/2998 3004/3004/3004 
f 3004/3004/3004 2998/2998/2998 2998/2998/2998 
f 2998/2998/2998 2993/2993/2993 2998/2998/2998 
f 2998/2998/2998 2993/2993/2993 3002/3002/3002 
f 2993/2993/2993 3004/3004/3004 3002/3002/3002 
f 3002/3002/3002 3004/3004/3004 3004/3004/3004 
f 3004/3004/3004 2993/2993/2993 3004/3004/3004 
f 3004/3004/3004 2993/2993/2993 3005/3005/3005 
f 2993/2993/2993 3006/3006/3006 3005/3005/3005 
f 3005/3005/3005 3006/3006/3006 3006/3006/3006 
f 3006/3006/3006 2993/2993/2993 3006/3006/3006 
f 3006/3006/3006 2993/2993/2993 3007/3007/3007 
f 2993/2993/2993 2984/2984/2984 3007/3007/3007 
f 3007/3007/3007 2984/2984/2984 3008/3008/3008 
f 2984/2984/2984 3008/3008/3008 3008/3008/3008 
f 3008/3008/3008 3008/3008/3008 3008/3008/3008 
f 3008/3008/3008 3009/3009/3009 3008/3008/3008 
f 3008/3008/3008 3009/3009/3009 3007/3007/3007 
f 3009/3009/3009 3006/3006/3006 3007/3007/3007 
f 3007/3007/3007 3006/3006/3006 3006/3006/3006 
f 3006/3006/3006 2985/2985/2985 3006/3006/3006 
f 3006/3006/3006 2985/2985/2985 2985/2985/2985 
f 2985/2985/2985 2987/2987/2987 2985/2985/2985 
f 2985/2985/2985 2987/2987/2987 3010/3010/3010 
f 2987/2987/2987 2989/2989/2989 3010/3010/3010 
f 3010/3010/3010 2989/2989/2989 2989/2989/2989 
f 2989/2989/2989 2990/2990/2990 2989/2989/2989 
f 2989/2989/2989 2990/2990/2990 2990/2990/2990 
f 2990/2990/2990 2988/2988/2988 2990/2990/2990 
f 2990/2990/2990 2988/2988/2988 2992/2992/2992 
f 2988/2988/2988 2996/2996/2996 2992/2992/2992 
f 2992/2992/2992 2996/2996/2996 2996/2996/2996 
f 2996/2996/2996 3011/3011/3011 2996/2996/2996 
f 2996/2996/2996 3011/3011/3011 3011/3011/3011 
f 3011/3011/3011 3012/3012/3012 3011/3011/3011 
f 3011/3011/3011 3012/3012/3012 3013/3013/3013 
f 3012/3012/3012 3014/3014/3014 3013/3013/3013 
f 3013/3013/3013 3014/3014/3014 3015/3015/3015 
f 3014/3014/3014 3015/3015/3015 3015/3015/3015 
f 3015/3015/3015 3015/3015/3015 3015/3015/3015 
f 3015/3015/3015 3016/3016/3016 3015/3015/3015 
f 3015/3015/3015 3016/3016/3016 3013/3013/3013 
f 3016/3016/3016 3017/3017/3017 3013/3013/3013 
f 3013/3013/3013 3017/3017/3017 3018/3018/3018 
f 3017/3017/3017 3018/3018/3018 3018/3018/3018 
f 3018/3018/3018 3018/3018/3018 3018/3018/3018 
f 3018/3018/3018 3019/3019/3019 3018/3018/3018 
f 3018/3018/3018 3019/3019/3019 3013/3013/3013 
f 3019/3019/3019 3020/3020/3020 3013/3013/3013 
f 3013/3013/3013 3020/3020/3020 3021/3021/3021 
f 3020/3020/3020 3021/3021/3021 3021/3021/3021 
f 3021/3021/3021 3021/3021/3021 3021/3021/3021 
f 3021/3021/3021 3022/3022/3022 3021/3021/3021 
f 3021/3021/3021 3022/3022/3022 3013/3013/3013 
f 3022/3022/3022 3023/3023/3023 3013/3013/3013 
f 3013/3013/3013 3023/3023/3023 3024/3024/3024 
f 3023/3023/3023 3024/3024/3024 3024/3024/3024 
f 3024/3024/3024 3024/3024/3024 3024/3024/3024 
f 3024/3024/3024 3025/3025/3025 3024/3024/3024 
f 3024/3024/3024 3025/3025/3025 3013/3013/3013 
f 3025/3025/3025 3026/3026/3026 3013/3013/3013 
f 3013/3013/3013 3026/3026/3026 3027/3027/3027 
f 3026/3026/3026 3027/3027/3027 3027/3027/3027 
f 3027/3027/3027 3027/3027/3027 3028/3028/3028 
f 3027/3027/3027 3028/3028/3028 3028/3028/3028 
f 3028/3028/3028 3028/3028/3028 3028/3028/3028 
f 3028/3028/3028 3029/3029/3029 3028/3028/3028 
f 3028/3028/3028 3029/3029/3029 3030/3030/3030 
f 3029/3029/3029 3031/3031/3031 3030/3030/3030 
f 3030/3030/3030 3031/3031/3031 3032/3032/3032 
f 3031/3031/3031 3033/3033/3033 3032/3032/3032 
f 3032/3032/3032 3033/3033/3033 3034/3034/3034 
f 3033/3033/3033 3035/3035/3035 3034/3034/3034 
f 3034/3034/3034 3035/3035/3035 3036/3036/3036 
f 3035/3035/3035 3037/3037/3037 3036/3036/3036 
f 3036/3036/3036 3037/3037/3037 3038/3038/3038 
f 3037/3037/3037 3039/3039/3039 3038/3038/3038 
f 3038/3038/3038 3039/3039/3039 3040/3040/3040 
f 3039/3039/3039 3041/3041/3041 3040/3040/3040 
f 3040/3040/3040 3041/3041/3041 3042/3042/3042 
f 3041/3041/3041 3043/3043/3043 3042/3042/3042 
f 3042/3042/3042 3043/3043/3043 3044/3044/3044 
f 3043/3043/3043 3045/3045/3045 3044/3044/3044 
f 3044/3044/3044 3045/3045/3045 3046/3046/3046 
f 3045/3045/3045 3047/3047/3047 3046/3046/3046 
f 3046/3046/3046 3047/3047/3047 3048/3048/3048 
f 3047/3047/3047 3049/3049/3049 3048/3048/3048 
f 3048/3048/3048 3049/3049/3049 3050/3050/3050 
f 3049/3049/3049 3051/3051/3051 3050/3050/3050 
f 3050/3050/3050 3051/3051/3051 3052/3052/3052 
f 3051/3051/3051 3053/3053/3053 3052/3052/3052 
f 3052/3052/3052 3053/3053/3053 3054/3054/3054 
f 3053/3053/3053 3055/3055/3055 3054/3054/3054 
f 3054/3054/3054 3055/3055/3055 3056/3056/3056 
f 3055/3055/3055 3057/3057/3057 3056/3056/3056 
f 3056/3056/3056 3057/3057/3057 3058/3058/3058 
f 3057/3057/3057 3059/3059/3059 3058/3058/3058 
f 3058/3058/3058 3059/3059/3059 3060/3060/3060 
f 3059/3059/3059 3061/3061/3061 3060/3060/3060 
f 3060/3060/3060 3061/3061/3061 3062/3062/3062 
f 3061/3061/3061 3063/3063/3063 3062/3062/3062 
f 3062/3062/3062 3063/3063/3063 3064/3064/3064 
f 3063/3063/3063 3065/3065/3065 3064/3064/3064 
f 3064/3064/3064 3065/3065/3065 3066/3066/3066 
f 3065/3065/3065 3067/3067/3067 3066/3066/3066 
f 3066/3066/3066 3067/3067/3067 3068/3068/3068 
f 3067/3067/3067 3069/3069/3069 3068/3068/3068 
f 3068/3068/3068 3069/3069/3069 3070/3070/3070 
f 3069/3069/3069 3071/3071/3071 3070/3070/3070 
f 3070/3070/3070 3071/3071/3071 3072/3072/3072 
f 3071/3071/3071 3073/3073/3073 3072/3072/3072 
f 3072/3072/3072 3073/3073/3073 3074/3074/3074 
f 3073/3073/3073 3075/3075/3075 3074/3074/3074 
f 3074/3074/3074 3075/3075/3075 3028/3028/3028 
f 3075/3075/3075 3029/3029/3029 3028/3028/3028 
f 3028/3028/3028 3029/3029/3029 3029/3029/3029 
f 3029/3029/3029 3053/3053/3053 3029/3029/3029 
f 3029/3029/3029 3053/3053/3053 3053/3053/3053 
f 3053/3053/3053 3051/3051/3051 3053/3053/3053 
f 3053/3053/3053 3051/3051/3051 3055/3055/3055 
f 3051/3051/3051 3076/3076/3076 3055/3055/3055 
f 3055/3055/3055 3076/3076/3076 3077/3077/3077 
f 3076/3076/3076 3078/3078/3078 3077/3077/3077 
f 3077/3077/3077 3078/3078/3078 3079/3079/3079 
f 3078/3078/3078 3080/3080/3080 3079/3079/3079 
f 3079/3079/3079 3080/3080/3080 3081/3081/3081 
f 3080/3080/3080 3041/3041/3041 3081/3081/3081 
f 3081/3081/3081 3041/3041/3041 3082/3082/3082 
f 3041/3041/3041 3039/3039/3039 3082/3082/3082 
f 3082/3082/3082 3039/3039/3039 3083/3083/3083 
f 3039/3039/3039 3037/3037/3037 3083/3083/3083 
f 3083/3083/3083 3037/3037/3037 3029/3029/3029 
f 3037/3037/3037 3035/3035/3035 3029/3029/3029 
f 3029/3029/3029 3035/3035/3035 3033/3033/3033 
f 3035/3035/3035 3033/3033/3033 3033/3033/3033 
f 3033/3033/3033 3033/3033/3033 3076/3076/3076 
f 3033/3033/3033 3076/3076/3076 3076/3076/3076 
f 3076/3076/3076 3076/3076/3076 3076/3076/3076 
f 3076/3076/3076 3049/3049/3049 3076/3076/3076 
f 3076/3076/3076 3049/3049/3049 3078/3078/3078 
f 3049/3049/3049 3047/3047/3047 3078/3078/3078 
f 3078/3078/3078 3047/3047/3047 3080/3080/3080 
f 3047/3047/3047 3045/3045/3045 3080/3080/3080 
f 3080/3080/3080 3045/3045/3045 3043/3043/3043 
f 3045/3045/3045 3043/3043/3043 3043/3043/3043 
f 3043/3043/3043 3043/3043/3043 3065/3065/3065 
f 3043/3043/3043 3065/3065/3065 3065/3065/3065 
f 3065/3065/3065 3065/3065/3065 3065/3065/3065 
f 3065/3065/3065 3063/3063/3063 3065/3065/3065 
f 3065/3065/3065 3063/3063/3063 3067/3067/3067 
f 3063/3063/3063 3084/3084/3084 3067/3067/3067 
f 3067/3067/3067 3084/3084/3084 3069/3069/3069 
f 3084/3084/3084 3085/3085/3085 3069/3069/3069 
f 3069/3069/3069 3085/3085/3085 3071/3071/3071 
f 3085/3085/3085 3073/3073/3073 3071/3071/3071 
f 3071/3071/3071 3073/3073/3073 3073/3073/3073 
f 3073/3073/3073 3063/3063/3063 3073/3073/3073 
f 3073/3073/3073 3063/3063/3063 3063/3063/3063 
f 3063/3063/3063 3061/3061/3061 3063/3063/3063 
f 3063/3063/3063 3061/3061/3061 3084/3084/3084 
f 3061/3061/3061 3086/3086/3086 3084/3084/3084 
f 3084/3084/3084 3086/3086/3086 3085/3085/3085 
f 3086/3086/3086 3087/3087/3087 3085/3085/3085 
f 3085/3085/3085 3087/3087/3087 3082/3082/3082 
f 3087/3087/3087 3081/3081/3081 3082/3082/3082 
f 3082/3082/3082 3081/3081/3081 3081/3081/3081 
f 3081/3081/3081 3061/3061/3061 3081/3081/3081 
f 3081/3081/3081 3061/3061/3061 3061/3061/3061 
f 3061/3061/3061 3059/3059/3059 3061/3061/3061 
f 3061/3061/3061 3059/3059/3059 3086/3086/3086 
f 3059/3059/3059 3077/3077/3077 3086/3086/3086 
f 3086/3086/3086 3077/3077/3077 3087/3087/3087 
f 3077/3077/3077 3079/3079/3079 3087/3087/3087 
f 3087/3087/3087 3079/3079/3079 3081/3081/3081 
f 3079/3079/3079 3081/3081/3081 3081/3081/3081 
f 3081/3081/3081 3081/3081/3081 3059/3059/3059 
f 3081/3081/3081 3059/3059/3059 3059/3059/3059 
f 3059/3059/3059 3059/3059/3059 3059/3059/3059 
f 3059/3059/3059 3057/3057/3057 3059/3059/3059 
f 3059/3059/3059 3057/3057/3057 3077/3077/3077 
f 3057/3057/3057 3055/3055/3055 3077/3077/3077 
f 3077/3077/3077 3055/3055/3055 3055/3055/3055 
f 3055/3055/3055 3029/3029/3029 3055/3055/3055 
f 3055/3055/3055 3029/3029/3029 3029/3029/3029 
f 3029/3029/3029 3075/3075/3075 3029/3029/3029 
f 3029/3029/3029 3075/3075/3075 3083/3083/3083 
f 3075/3075/3075 3073/3073/3073 3083/3083/3083 
f 3083/3083/3083 3073/3073/3073 3085/3085/3085 
f 3073/3073/3073 3085/3085/3085 3085/3085/3085 
f 3085/3085/3085 3085/3085/3085 3088/3088/3088 
f 3085/3085/3085 3088/3088/3088 3088/3088/3088 
f 3088/3088/3088 3088/3088/3088 3088/3088/3088 
f 3088/3088/3088 3089/3089/3089 3088/3088/3088 
f 3088/3088/3088 3089/3089/3089 3090/3090/3090 
f 3089/3089/3089 3091/3091/3091 3090/3090/3090 
f 3090/3090/3090 3091/3091/3091 3092/3092/3092 
f 3091/3091/3091 3093/3093/3093 3092/3092/3092 
f 3092/3092/3092 3093/3093/3093 3094/3094/3094 
f 3093/3093/3093 3095/3095/3095 3094/3094/3094 
f 3094/3094/3094 3095/3095/3095 3096/3096/3096 
f 3095/3095/3095 3097/3097/3097 3096/3096/3096 
f 3096/3096/3096 3097/3097/3097 3098/3098/3098 
f 3097/3097/3097 3099/3099/3099 3098/3098/3098 
f 3098/3098/3098 3099/3099/3099 3100/3100/3100 
f 3099/3099/3099 3101/3101/3101 3100/3100/3100 
f 3100/3100/3100 3101/3101/3101 3102/3102/3102 
f 3101/3101/3101 3103/3103/3103 3102/3102/3102 
f 3102/3102/3102 3103/3103/3103 3104/3104/3104 
f 3103/3103/3103 3105/3105/3105 3104/3104/3104 
f 3104/3104/3104 3105/3105/3105 3106/3106/3106 
f 3105/3105/3105 3107/3107/3107 3106/3106/3106 
f 3106/3106/3106 3107/3107/3107 3108/3108/3108 
f 3107/3107/3107 3109/3109/3109 3108/3108/3108 
f 3108/3108/3108 3109/3109/3109 3110/3110/3110 
f 3109/3109/3109 3111/3111/3111 3110/3110/3110 
f 3110/3110/3110 3111/3111/3111 3112/3112/3112 
f 3111/3111/3111 3113/3113/3113 3112/3112/3112 
f 3112/3112/3112 3113/3113/3113 3114/3114/3114 
f 3113/3113/3113 3115/3115/3115 3114/3114/3114 
f 3114/3114/3114 3115/3115/3115 3116/3116/3116 
f 3115/3115/3115 3117/3117/3117 3116/3116/3116 
f 3116/3116/3116 3117/3117/3117 3118/3118/3118 
f 3117/3117/3117 3119/3119/3119 3118/3118/3118 
f 3118/3118/3118 3119/3119/3119 3088/3088/3088 
f 3119/3119/3119 3089/3089/3089 3088/3088/3088 
f 3088/3088/3088 3089/3089/3089 3089/3089/3089 
f 3089/3089/3089 3120/3120/3120 3089/3089/3089 
f 3089/3089/3089 3120/3120/3120 3120/3120/3120 
f 3120/3120/3120 3121/3121/3121 3120/3120/3120 
f 3120/3120/3120 3121/3121/3121 3122/3122/3122 
f 3121/3121/3121 3123/3123/3123 3122/3122/3122 
f 3122/3122/3122 3123/3123/3123 3124/3124/3124 
f 3123/3123/3123 3125/3125/3125 3124/3124/3124 
f 3124/3124/3124 3125/3125/3125 3126/3126/3126 
f 3125/3125/3125 3127/3127/3127 3126/3126/3126 
f 3126/3126/3126 3127/3127/3127 3128/3128/3128 
f 3127/3127/3127 3129/3129/3129 3128/3128/3128 
f 3128/3128/3128 3129/3129/3129 3130/3130/3130 
f 3129/3129/3129 3131/3131/3131 3130/3130/3130 
f 3130/3130/3130 3131/3131/3131 3132/3132/3132 
f 3131/3131/3131 3133/3133/3133 3132/3132/3132 
f 3132/3132/3132 3133/3133/3133 3134/3134/3134 
f 3133/3133/3133 3135/3135/3135 3134/3134/3134 
f 3134/3134/3134 3135/3135/3135 3136/3136/3136 
f 3135/3135/3135 3137/3137/3137 3136/3136/3136 
f 3136/3136/3136 3137/3137/3137 3138/3138/3138 
f 3137/3137/3137 3139/3139/3139 3138/3138/3138 
f 3138/3138/3138 3139/3139/3139 3140/3140/3140 
f 3139/3139/3139 3141/3141/3141 3140/3140/3140 
f 3140/3140/3140 3141/3141/3141 3142/3142/3142 
f 3141/3141/3141 3143/3143/3143 3142/3142/3142 
f 3142/3142/3142 3143/3143/3143 3144/3144/3144 
f 3143/3143/3143 3145/3145/3145 3144/3144/3144 
f 3144/3144/3144 3145/3145/3145 3146/3146/3146 
f 3145/3145/3145 3147/3147/3147 3146/3146/3146 
f 3146/3146/3146 3147/3147/3147 3148/3148/3148 
f 3147/3147/3147 3149/3149/3149 3148/3148/3148 
f 3148/3148/3148 3149/3149/3149 3150/3150/3150 
f 3149/3149/3149 3151/3151/3151 3150/3150/3150 
f 3150/3150/3150 3151/3151/3151 3120/3120/3120 
f 3151/3151/3151 3121/3121/3121 3120/3120/3120 
f 3120/3120/3120 3121/3121/3121 3121/3121/3121 
f 3121/3121/3121 3152/3152/3152 3121/3121/3121 
f 3121/3121/3121 3152/3152/3152 3152/3152/3152 
f 3152/3152/3152 3153/3153/3153 3152/3152/3152 
f 3152/3152/3152 3153/3153/3153 3154/3154/3154 
f 3153/3153/3153 3155/3155/3155 3154/3154/3154 
f 3154/3154/3154 3155/3155/3155 3156/3156/3156 
f 3155/3155/3155 3156/3156/3156 3156/3156/3156 
f 3156/3156/3156 3156/3156/3156 3156/3156/3156 
f 3156/3156/3156 3157/3157/3157 3156/3156/3156 
f 3156/3156/3156 3157/3157/3157 3154/3154/3154 
f 3157/3157/3157 3158/3158/3158 3154/3154/3154 
f 3154/3154/3154 3158/3158/3158 3159/3159/3159 
f 3158/3158/3158 3159/3159/3159 3159/3159/3159 
f 3159/3159/3159 3159/3159/3159 3159/3159/3159 
f 3159/3159/3159 3160/3160/3160 3159/3159/3159 
f 3159/3159/3159 3160/3160/3160 3154/3154/3154 
f 3160/3160/3160 3161/3161/3161 3154/3154/3154 
f 3154/3154/3154 3161/3161/3161 3162/3162/3162 
f 3161/3161/3161 3162/3162/3162 3162/3162/3162 
f 3162/3162/3162 3162/3162/3162 3162/3162/3162 
f 3162/3162/3162 3163/3163/3163 3162/3162/3162 
f 3162/3162/3162 3163/3163/3163 3154/3154/3154 
f 3163/3163/3163 3164/3164/3164 3154/3154/3154 
f 3154/3154/3154 3164/3164/3164 3152/3152/3152 
f 3164/3164/3164 3152/3152/3152 3152/3152/3152 
f 3152/3152/3152 3152/3152/3152 3165/3165/3165 
f 3152/3152/3152 3165/3165/3165 3165/3165/3165 
f 3165/3165/3165 3165/3165/3165 3165/3165/3165 
f 3165/3165/3165 3166/3166/3166 3165/3165/3165 
f 3165/3165/3165 3166/3166/3166 3167/3167/3167 
f 3166/3166/3166 3168/3168/3168 3167/3167/3167 
f 3167/3167/3167 3168/3168/3168 3169/3169/3169 
f 3168/3168/3168 3169/3169/3169 3169/3169/3169 
f 3169/3169/3169 3169/3169/3169 3169/3169/3169 
f 3169/3169/3169 3170/3170/3170 3169/3169/3169 
f 3169/3169/3169 3170/3170/3170 3167/3167/3167 
f 3170/3170/3170 3171/3171/3171 3167/3167/3167 
f 3167/3167/3167 3171/3171/3171 3172/3172/3172 
f 3171/3171/3171 3172/3172/3172 3172/3172/3172 
f 3172/3172/3172 3172/3172/3172 3172/3172/3172 
f 3172/3172/3172 3173/3173/3173 3172/3172/3172 
f 3172/3172/3172 3173/3173/3173 3167/3167/3167 
f 3173/3173/3173 3174/3174/3174 3167/3167/3167 
f 3167/3167/3167 3174/3174/3174 3175/3175/3175 
f 3174/3174/3174 3175/3175/3175 3175/3175/3175 
f 3175/3175/3175 3175/3175/3175 3175/3175/3175 
f 3175/3175/3175 3176/3176/3176 3175/3175/3175 
f 3175/3175/3175 3176/3176/3176 3167/3167/3167 
f 3176/3176/3176 3177/3177/3177 3167/3167/3167 
f 3167/3167/3167 3177/3177/3177 3178/3178/3178 
f 3177/3177/3177 3178/3178/3178 3178/3178/3178 
f 3178/3178/3178 3178/3178/3178 3178/3178/3178 
f 3178/3178/3178 3179/3179/3179 3178/3178/3178 
f 3178/3178/3178 3179/3179/3179 3167/3167/3167 
f 3179/3179/3179 3180/3180/3180 3167/3167/3167 
f 3167/3167/3167 3180/3180/3180 3181/3181/3181 
f 3180/3180/3180 3181/3181/3181 3181/3181/3181 
f 3181/3181/3181 3181/3181/3181 3182/3182/3182 
f 3181/3181/3181 3182/3182/3182 3182/3182/3182 
f 3182/3182/3182 3182/3182/3182 3182/3182/3182 
f 3182/3182/3182 3183/3183/3183 3182/3182/3182 
f 3182/3182/3182 3183/3183/3183 3184/3184/3184 
f 3183/3183/3183 3185/3185/3185 3184/3184/3184 
f 3184/3184/3184 3185/3185/3185 3186/3186/3186 
f 3185/3185/3185 3187/3187/3187 3186/3186/3186 
f 3186/3186/3186 3187/3187/3187 3188/3188/3188 
f 3187/3187/3187 3189/3189/3189 3188/3188/3188 
f 3188/3188/3188 3189/3189/3189 3190/3190/3190 
f 3189/3189/3189 3191/3191/3191 3190/3190/3190 
f 3190/3190/3190 3191/3191/3191 3191/3191/3191 
f 3191/3191/3191 3186/3186/3186 3191/3191/3191 
f 3191/3191/3191 3186/3186/3186 3186/3186/3186 
f 3186/3186/3186 3188/3188/3188 3186/3186/3186 
f 3186/3186/3186 3188/3188/3188 3184/3184/3184 
f 3188/3188/3188 3192/3192/3192 3184/3184/3184 
f 3184/3184/3184 3192/3192/3192 3182/3182/3182 
f 3192/3192/3192 3190/3190/3190 3182/3182/3182 
f 3182/3182/3182 3190/3190/3190 3190/3190/3190 
f 3190/3190/3190 3185/3185/3185 3190/3190/3190 
f 3190/3190/3190 3185/3185/3185 3185/3185/3185 
f 3185/3185/3185 3193/3193/3193 3185/3185/3185 
f 3185/3185/3185 3193/3193/3193 3187/3187/3187 
f 3193/3193/3193 3191/3191/3191 3187/3187/3187 
f 3187/3187/3187 3191/3191/3191 3189/3189/3189 
f 3191/3191/3191 3189/3189/3189 3189/3189/3189 
f 3189/3189/3189 3189/3189/3189 324/324/324 
f 3189/3189/3189 324/324/324 324/324/324 
f 324/324/324 324/324/324 324/324/324 
f 324/324/324 339/339/339 324/324/324 
f 324/324/324 339/339/339 3194/3194/3194 
f 339/339/339 328/328/328 3194/3194/3194 
f 3194/3194/3194 328/328/328 326/326/326 
f 1538/1538/1538 1540/1540/1540 3195/3195/3195 
f 2166/2166/2166 2168/2168/2168 3196/3196/3196 
f 2947/2947/2947 2949/2949/2949 3197/3197/3197 
f 1963/1963/1963 1965/1965/1965 3198/3198/3198 
f 5/5/5 7/7/7 3199/3199/3199 
f 12/12/12 14/14/14 3200/3200/3200 
f 1451/1451/1451 1453/1453/1453 3201/3201/3201 
f 2575/2575/2575 2577/2577/2577 3202/3202/3202 
f 31/31/31 33/33/33 3203/3203/3203 
f 192/192/192 194/194/194 3204/3204/3204 
f 1401/1401/1401 1403/1403/1403 3205/3205/3205 
f 1802/1802/1802 1804/1804/1804 3206/3206/3206 
f 1863/1863/1863 1865/1865/1865 3207/3207/3207 
f 3208/3208/3208 2180/2180/2180 2178/2178/2178 
f 3209/3209/3209 271/271/271 270/270/270 
f 860/860/860 862/862/862 2752/2752/2752 
f 2908/2908/2908 2905/2905/2905 2904/2904/2904 
f 420/420/420 422/422/422 721/721/721 
f 2314/2314/2314 2323/2323/2323 2315/2315/2315 
f 74/74/74 75/75/75 77/77/77 
f 643/643/643 3210/3210/3210 645/645/645 
f 447/447/447 442/442/442 444/444/444 
f 751/751/751 748/748/748 3211/3211/3211 
f 1148/1148/1148 1151/1151/1151 1155/1155/1155 
f 2810/2810/2810 2802/2802/2802 2801/2801/2801 
f 1889/1889/1889 1892/1892/1892 3212/3212/3212 
f 348/348/348 377/377/377 343/343/343 
f 461/461/461 459/459/459 2042/2042/2042 
f 2654/2654/2654 3213/3213/3213 2656/2656/2656 
f 3214/3214/3214 1114/1114/1114 1113/1113/1113 
f 1076/1076/1076 1078/1078/1078 1080/1080/1080 
f 246/246/246 3215/3215/3215 248/248/248 
f 909/909/909 914/914/914 907/907/907 
f 903/903/903 905/905/905 907/907/907 
f 867/867/867 861/861/861 863/863/863 
f 408/408/408 407/407/407 409/409/409 
f 389/389/389 464/464/464 391/391/391 
f 460/460/460 383/383/383 381/381/381 
f 2312/2312/2312 2478/2478/2478 2310/2310/2310 
f 841/841/841 3216/3216/3216 842/842/842 
f 725/725/725 424/424/424 3217/3217/3217 
f 2827/2827/2827 2849/2849/2849 2825/2825/2825 
f 1209/1209/1209 1284/1284/1284 1210/1210/1210 
f 2891/2891/2891 2895/2895/2895 2893/2893/2893 
f 2799/2799/2799 2804/2804/2804 2800/2800/2800 
f 3043/3043/3043 3041/3041/3041 3080/3080/3080 
f 3218/3218/3218 1797/1797/1797 1795/1795/1795 
f 3194/3194/3194 326/326/326 324/324/324 
f 2700/2700/2700 3219/3219/3219 2698/2698/2698 
f 2066/2066/2066 3220/3220/3220 2064/2064/2064 
f 2074/2074/2074 3221/3221/3221 2072/2072/2072 
f 2099/2099/2099 3222/3222/3222 2097/2097/2097 
f 2126/2126/2126 3223/3223/3223 2124/2124/2124 
f 2151/2151/2151 3224/3224/3224 2149/2149/2149 
f 1192/1192/1192 3225/3225/3225 1190/1190/1190 
f 1885/1885/1885 3226/3226/3226 1883/1883/1883 
f 2226/2226/2226 3227/3227/3227 2224/2224/2224 
f 2243/2243/2243 3228/3228/3228 2241/2241/2241 
f 2287/2287/2287 3229/3229/3229 2285/2285/2285 
f 1434/1434/1434 3230/3230/3230 1432/1432/1432 
f 2551/2551/2551 3231/3231/3231 2549/2549/2549 
f 2691/2691/2691 3232/3232/3232 2689/2689/2689 
f 2566/2566/2566 3233/3233/3233 2564/2564/2564 
f 2383/2383/2383 3234/3234/3234 2381/2381/2381 
f 2625/2625/2625 3235/3235/3235 2623/2623/2623 
f 1336/1336/1336 3236/3236/3236 1334/1334/1334 
f 1824/1824/1824 3237/3237/3237 1822/1822/1822 
f 2707/2707/2707 3238/3238/3238 2705/2705/2705 
f 2496/2496/2496 3239/3239/3239 2494/2494/2494 
f 2361/2361/2361 3240/3240/3240 2359/2359/2359 
f 2749/2749/2749 3241/3241/3241 2747/2747/2747 
f 2738/2738/2738 3242/3242/3242 2736/2736/2736 
f 2765/2765/2765 3243/3243/3243 2763/2763/2763 
f 2460/2460/2460 3244/3244/3244 2458/2458/2458 
f 1182/1182/1182 3245/3245/3245 1180/1180/1180 
f 2368/2368/2368 3246/3246/3246 2366/2366/2366 
f 2789/2789/2789 3247/3247/3247 2787/2787/2787 
f 2867/2867/2867 3248/3248/3248 2865/2865/2865 
f 2191/2191/2191 3249/3249/3249 2189/2189/2189 
f 72/72/72 3250/3250/3250 76/76/76 
f 1251/1251/1251 1249/1249/1249 1247/1247/1247 
f 3082/3082/3082 3083/3083/3083 3085/3085/3085 
f 3076/3076/3076 3051/3051/3051 3049/3049/3049 
f 3033/3033/3033 3031/3031/3031 3029/3029/3029 
f 1069/1069/1069 1019/1019/1019 1018/1018/1018 
f 120/120/120 3251/3251/3251 127/127/127 
f 3192/3192/3192 3188/3188/3188 3190/3190/3190 
f 142/142/142 151/151/151 140/140/140 
f 1815/1815/1815 3252/3252/3252 1817/1817/1817 
f 216/216/216 214/214/214 215/215/215 
f 790/790/790 792/792/792 788/788/788 
f 565/565/565 564/564/564 3253/3253/3253 
f 719/719/719 3254/3254/3254 525/525/525 
f 619/619/619 617/617/617 3255/3255/3255 
f 641/641/641 636/636/636 3256/3256/3256 
f 672/672/672 3257/3257/3257 670/670/670 
f 675/675/675 676/676/676 674/674/674 
f 692/692/692 3258/3258/3258 690/690/690 
f 695/695/695 696/696/696 694/694/694 
f 709/709/709 3259/3259/3259 707/707/707 
f 712/712/712 713/713/713 711/711/711 
f 600/600/600 602/602/602 2037/2037/2037 
f 356/356/356 3260/3260/3260 361/361/361 
f 819/819/819 3261/3261/3261 820/820/820 
f 3262/3262/3262 3263/3263/3263 3264/3264/3264 
f 3265/3265/3265 3266/3266/3266 3267/3267/3267 
f 3268/3268/3268 3269/3269/3269 3270/3270/3270 
f 3271/3271/3271 3272/3272/3272 3273/3273/3273 
f 3274/3274/3274 3275/3275/3275 3276/3276/3276 
f 3277/3277/3277 3278/3278/3278 3279/3279/3279 
f 3280/3280/3280 3281/3281/3281 3282/3282/3282 
f 3283/3283/3283 3284/3284/3284 3285/3285/3285 
f 3286/3286/3286 3287/3287/3287 3288/3288/3288 
f 3289/3289/3289 3290/3290/3290 3291/3291/3291 
f 3181/3181/3181 3165/3165/3165 3167/3167/3167 
f 3292/3292/3292 3293/3293/3293 3294/3294/3294 
f 3295/3295/3295 3296/3296/3296 3297/3297/3297 
f 3298/3298/3298 3299/3299/3299 3300/3300/3300 
f 3301/3301/3301 3302/3302/3302 3303/3303/3303 
f 3304/3304/3304 3305/3305/3305 3306/3306/3306 
f 3307/3307/3307 3308/3308/3308 3309/3309/3309 
f 978/978/978 976/976/976 3310/3310/3310 
f 3311/3311/3311 3312/3312/3312 3313/3313/3313 
f 466/466/466 3314/3314/3314 468/468/468 
f 3315/3315/3315 3316/3316/3316 3317/3317/3317 
f 3318/3318/3318 3319/3319/3319 3320/3320/3320 
f 3321/3321/3321 3322/3322/3322 3323/3323/3323 
f 3324/3324/3324 3325/3325/3325 3326/3326/3326 
f 3327/3327/3327 3328/3328/3328 3329/3329/3329 
f 3330/3330/3330 3331/3331/3331 3332/3332/3332 
f 3333/3333/3333 3334/3334/3334 3335/3335/3335 
f 3336/3336/3336 3337/3337/3337 3338/3338/3338 
f 3339/3339/3339 3340/3340/3340 3341/3341/3341 
f 3342/3342/3342 3343/3343/3343 3344/3344/3344 
f 3345/3345/3345 3346/3346/3346 3347/3347/3347 
f 3348/3348/3348 3349/3349/3349 3350/3350/3350 
f 3351/3351/3351 3352/3352/3352 3353/3353/3353 
f 3354/3354/3354 3355/3355/3355 3356/3356/3356 
f 3357/3357/3357 3358/3358/3358 3359/3359/3359 
f 3360/3360/3360 3361/3361/3361 3362/3362/3362 
f 3363/3363/3363 3364/3364/3364 3365/3365/3365 
f 3366/3366/3366 3367/3367/3367 3368/3368/3368 
f 3369/3369/3369 3370/3370/3370 3371/3371/3371 
f 3372/3372/3372 3373/3373/3373 3374/3374/3374 
f 3375/3375/3375 3376/3376/3376 3377/3377/3377 
f 3378/3378/3378 3379/3379/3379 3380/3380/3380 
f 3381/3381/3381 3382/3382/3382 3383/3383/3383 
f 3384/3384/3384 3385/3385/3385 3386/3386/3386 
f 3387/3387/3387 3388/3388/3388 3389/3389/3389 
f 3390/3390/3390 3391/3391/3391 3392/3392/3392 
f 3393/3393/3393 3394/3394/3394 3395/3395/3395 
f 3396/3396/3396 3397/3397/3397 3398/3398/3398 
f 3399/3399/3399 3400/3400/3400 3401/3401/3401 
f 3402/3402/3402 3403/3403/3403 3404/3404/3404 
f 3405/3405/3405 3406/3406/3406 3407/3407/3407 
f 3408/3408/3408 3409/3409/3409 3410/3410/3410 
f 3411/3411/3411 3412/3412/3412 3413/3413/3413 
f 3414/3414/3414 3415/3415/3415 3416/3416/3416 
f 3417/3417/3417 3418/3418/3418 3419/3419/3419 
f 3420/3420/3420 3421/3421/3421 3422/3422/3422 
f 3423/3423/3423 3424/3424/3424 3425/3425/3425 
f 3426/3426/3426 3427/3427/3427 3428/3428/3428 
f 3429/3429/3429 3430/3430/3430 3431/3431/3431 
f 3432/3432/3432 3433/3433/3433 3434/3434/3434 
f 3435/3435/3435 3436/3436/3436 3437/3437/3437 
f 3438/3438/3438 3439/3439/3439 3440/3440/3440 
f 3441/3441/3441 3442/3442/3442 3443/3443/3443 
f 3444/3444/3444 3445/3445/3445 3446/3446/3446 
f 3447/3447/3447 3448/3448/3448 3449/3449/3449 
f 3450/3450/3450 3451/3451/3451 3452/3452/3452 
f 3453/3453/3453 3454/3454/3454 3455/3455/3455 
f 3027/3027/3027 3011/3011/3011 3013/3013/3013 

