mtllib model_5.mtl
o model_5
v -15.281696319580078 -111.17201232910156 10.119182586669922 
v -15.281696319580078 3.332761287689209 10.119182586669922 
v -20.535423278808594 -116.42517852783203 4.87035608291626 
v -20.535423278808594 8.585925102233887 4.87035608291626 
v -20.535423278808594 8.585925102233887 -11.536155700683594 
v 2.970590353012085 8.585925102233887 4.87035608291626 
v 2.9773781299591064 8.585925102233887 -11.536155700683594 
v 71.21472930908203 8.585925102233887 4.87035608291626 
v 71.21472930908203 8.585925102233887 -11.536155700683594 
v 94.72074127197266 8.585925102233887 4.87035608291626 
v 94.72074127197266 8.585925102233887 -11.536155700683594 
v 94.72074127197266 -116.42517852783203 -11.536155700683594 
v 6.0793843269348145 3.332761287689209 10.119182586669922 
v 68.1059341430664 3.332761287689209 10.119182586669922 
v 89.47380065917969 3.332761287689209 10.119182586669922 
v 89.47380065917969 -111.17201232910156 10.119182586669922 
v 94.72074127197266 -116.42517852783203 4.87035608291626 
v 70.5766830444336 -20.164499282836914 7.908599376678467 
v 70.5766830444336 -20.164499282836914 10.705878257751465 
v 71.31654357910156 -17.395938873291016 7.908599376678467 
v 71.31654357910156 -17.395938873291016 10.705878257751465 
v 73.34608459472656 -15.360929489135742 7.908599376678467 
v 73.34608459472656 -15.360929489135742 10.705878257751465 
v 76.12227630615234 -14.627379417419434 7.908599376678467 
v 76.12227630615234 -14.627379417419434 10.705878257751465 
v 78.89847564697266 -15.360929489135742 7.908599376678467 
v 78.89847564697266 -15.360929489135742 10.705878257751465 
v 80.92801666259766 -17.395938873291016 7.908599376678467 
v 80.92801666259766 -17.395938873291016 10.705878257751465 
v 81.67466735839844 -20.164499282836914 7.908599376678467 
v 81.67466735839844 -20.164499282836914 10.705878257751465 
v 80.92801666259766 -22.95672035217285 7.908599376678467 
v 80.92801666259766 -22.95672035217285 10.705878257751465 
v 78.89847564697266 -24.991729736328125 7.908599376678467 
v 78.89847564697266 -24.991729736328125 10.705878257751465 
v 76.12227630615234 -25.72528076171875 7.908599376678467 
v 76.12227630615234 -25.72528076171875 10.705878257751465 
v 73.34608459472656 -24.991729736328125 7.908599376678467 
v 73.34608459472656 -24.991729736328125 10.705878257751465 
v 71.31654357910156 -22.95672035217285 7.908599376678467 
v 71.31654357910156 -22.95672035217285 10.705878257751465 
v 70.5766830444336 -20.164499282836914 7.908599376678467 
v 70.5766830444336 -20.164499282836914 10.705878257751465 
v 70.0811767578125 -16.686052322387695 11.784977912902832 
v 72.63336944580078 -14.13045883178711 11.784977912902832 
v 76.12227630615234 -13.183942794799805 11.784977912902832 
v 79.61119079589844 -14.13045883178711 11.784977912902832 
v 82.17017364501953 -16.686052322387695 11.784977912902832 
v 83.10009765625 -20.164499282836914 11.784977912902832 
v 82.17017364501953 -23.666606903076172 11.784977912902832 
v 79.61119079589844 -26.222200393676758 11.784977912902832 
v 76.12227630615234 -27.14505386352539 11.784977912902832 
v 72.63336944580078 -26.222200393676758 11.784977912902832 
v 70.0811767578125 -23.666606903076172 11.784977912902832 
v 69.14446258544922 -20.164499282836914 11.784977912902832 
v 72.53834533691406 -13.964818954467773 12.528823852539062 
v 76.12227630615234 -13.018302917480469 12.528823852539062 
v 79.70621490478516 -13.964818954467773 12.528823852539062 
v 82.3262939453125 -16.591400146484375 12.528823852539062 
v 83.29015350341797 -20.164499282836914 12.528823852539062 
v 82.3262939453125 -23.761259078979492 12.528823852539062 
v 79.70621490478516 -26.387840270996094 12.528823852539062 
v 76.12227630615234 -27.3343563079834 12.528823852539062 
v 72.53834533691406 -26.387840270996094 12.528823852539062 
v 69.91826629638672 -23.761259078979492 12.528823852539062 
v 68.96118927001953 -20.164499282836914 12.528823852539062 
v 73.34608459472656 -15.360929489135742 16.03851890563965 
v 76.12227630615234 -14.627379417419434 16.03851890563965 
v 78.89847564697266 -15.360929489135742 16.03851890563965 
v 80.92801666259766 -17.395938873291016 16.03851890563965 
v 81.67466735839844 -20.164499282836914 16.03851890563965 
v 80.92801666259766 -22.95672035217285 16.03851890563965 
v 78.89847564697266 -24.991729736328125 16.03851890563965 
v 76.12227630615234 -25.72528076171875 16.03851890563965 
v 73.34608459472656 -24.991729736328125 16.03851890563965 
v 71.31654357910156 -22.95672035217285 16.03851890563965 
v 70.5766830444336 -20.164499282836914 16.03851890563965 
v 71.31654357910156 -17.395938873291016 16.03851890563965 
v 69.91826629638672 -16.591400146484375 12.528823852539062 
v 70.5766830444336 -20.164499282836914 16.03851890563965 
v 68.96118927001953 -20.164499282836914 12.528823852539062 
v 69.14446258544922 -20.164499282836914 11.784977912902832 
v 60.944847106933594 -216.18795776367188 -4.13960599899292 
v 60.944847106933594 -216.18795776367188 -1.5937676429748535 
v 64.92926025390625 -216.18795776367188 -4.13960599899292 
v 64.92926025390625 -216.18795776367188 -1.5937676429748535 
v 64.92926025390625 -222.34031677246094 -1.5937676429748535 
v 60.944847106933594 -222.34031677246094 -1.5937676429748535 
v 64.92926025390625 -225.41648864746094 1.1196975708007812 
v 60.944847106933594 -225.41648864746094 1.1196975708007812 
v 63.65316390991211 -226.6942901611328 1.1196975708007812 
v 62.220947265625 -226.6942901611328 1.1196975708007812 
v 63.40201950073242 -226.93092346191406 3.3093278408050537 
v 62.46530532836914 -226.93092346191406 3.3093278408050537 
v 63.40201950073242 -227.87744140625 3.3093278408050537 
v 62.46530532836914 -227.87744140625 3.3093278408050537 
v 63.65316390991211 -228.13772583007812 1.1196975708007812 
v 62.220947265625 -228.13772583007812 1.1196975708007812 
v 64.92926025390625 -229.41552734375 1.1196975708007812 
v 60.944847106933594 -229.41552734375 1.1196975708007812 
v 64.92926025390625 -229.41552734375 -1.5937676429748535 
v 60.944847106933594 -229.41552734375 -1.5937676429748535 
v 64.92926025390625 -232.72833251953125 -2.662391185760498 
v 60.944847106933594 -232.72833251953125 -2.662391185760498 
v 60.944847106933594 -232.72833251953125 -4.13960599899292 
v 43.995811462402344 -216.18795776367188 -4.13960599899292 
v 43.995811462402344 -216.18795776367188 -1.5937676429748535 
v 47.980228424072266 -216.18795776367188 -4.13960599899292 
v 47.980228424072266 -216.18795776367188 -1.5937676429748535 
v 47.980228424072266 -222.34031677246094 -1.5937676429748535 
v 43.995811462402344 -222.34031677246094 -1.5937676429748535 
v 47.980228424072266 -225.41648864746094 1.1196975708007812 
v 43.995811462402344 -225.41648864746094 1.1196975708007812 
v 46.70412826538086 -226.6942901611328 1.1196975708007812 
v 45.27191162109375 -226.6942901611328 1.1196975708007812 
v 46.45977020263672 -226.93092346191406 3.3093278408050537 
v 45.52305603027344 -226.93092346191406 3.3093278408050537 
v 46.45977020263672 -227.87744140625 3.3093278408050537 
v 45.52305603027344 -227.87744140625 3.3093278408050537 
v 46.70412826538086 -228.13772583007812 1.1196975708007812 
v 45.27191162109375 -228.13772583007812 1.1196975708007812 
v 47.980228424072266 -229.41552734375 1.1196975708007812 
v 43.995811462402344 -229.41552734375 1.1196975708007812 
v 47.980228424072266 -229.41552734375 -1.5937676429748535 
v 43.995811462402344 -229.41552734375 -1.5937676429748535 
v 47.980228424072266 -232.72833251953125 -2.662391185760498 
v 43.995811462402344 -232.72833251953125 -2.662391185760498 
v 43.995811462402344 -232.72833251953125 -4.13960599899292 
v 63.40201950073242 -226.93092346191406 3.3093278408050537 
v 63.40201950073242 -227.87744140625 3.3093278408050537 
v 63.65316390991211 -226.6942901611328 1.1196975708007812 
v 63.65316390991211 -228.13772583007812 1.1196975708007812 
v 64.92926025390625 -225.41648864746094 1.1196975708007812 
v 64.92926025390625 -229.41552734375 1.1196975708007812 
v 64.92926025390625 -222.34031677246094 -1.5937676429748535 
v 64.92926025390625 -229.41552734375 -1.5937676429748535 
v 64.92926025390625 -229.41552734375 -4.13960599899292 
v 64.92926025390625 -232.72833251953125 -4.13960599899292 
v 64.92926025390625 -225.41648864746094 -4.13960599899292 
v 64.92926025390625 -216.18795776367188 -1.5937676429748535 
v 45.52305603027344 -227.87744140625 3.3093278408050537 
v 45.52305603027344 -226.93092346191406 3.3093278408050537 
v 45.27191162109375 -228.13772583007812 1.1196975708007812 
v 45.27191162109375 -226.6942901611328 1.1196975708007812 
v 43.995811462402344 -229.41552734375 1.1196975708007812 
v 43.995811462402344 -225.41648864746094 1.1196975708007812 
v 43.995811462402344 -229.41552734375 -1.5937676429748535 
v 43.995811462402344 -222.34031677246094 -1.5937676429748535 
v 43.995811462402344 -225.41648864746094 -4.13960599899292 
v 43.995811462402344 -216.18795776367188 -4.13960599899292 
v 43.995811462402344 -229.41552734375 -4.13960599899292 
v 43.995811462402344 -232.72833251953125 -2.662391185760498 
v 46.45977020263672 -226.93092346191406 3.3093278408050537 
v 46.45977020263672 -227.87744140625 3.3093278408050537 
v 46.70412826538086 -226.6942901611328 1.1196975708007812 
v 46.70412826538086 -228.13772583007812 1.1196975708007812 
v 47.980228424072266 -225.41648864746094 1.1196975708007812 
v 47.980228424072266 -229.41552734375 1.1196975708007812 
v 47.980228424072266 -222.34031677246094 -1.5937676429748535 
v 47.980228424072266 -229.41552734375 -1.5937676429748535 
v 47.980228424072266 -229.41552734375 -4.13960599899292 
v 47.980228424072266 -232.72833251953125 -4.13960599899292 
v 47.980228424072266 -225.41648864746094 -4.13960599899292 
v 47.980228424072266 -216.18795776367188 -1.5937676429748535 
v 60.944847106933594 -232.72833251953125 -4.13960599899292 
v 60.944847106933594 -232.72833251953125 -2.662391185760498 
v 60.944847106933594 -229.41552734375 -4.13960599899292 
v 60.944847106933594 -229.41552734375 -1.5937676429748535 
v 60.944847106933594 -225.41648864746094 -4.13960599899292 
v 60.944847106933594 -222.34031677246094 -1.5937676429748535 
v 60.944847106933594 -216.18795776367188 -4.13960599899292 
v 60.944847106933594 -216.18795776367188 -1.5937676429748535 
v 60.944847106933594 -225.41648864746094 1.1196975708007812 
v 60.944847106933594 -229.41552734375 1.1196975708007812 
v 62.220947265625 -226.6942901611328 1.1196975708007812 
v 62.220947265625 -228.13772583007812 1.1196975708007812 
v 62.46530532836914 -226.93092346191406 3.3093278408050537 
v 62.46530532836914 -227.87744140625 3.3093278408050537 
v 63.754981994628906 -229.27354431152344 0.7949199080467224 
v 62.1191291809082 -229.27354431152344 0.7949199080467224 
v 63.754981994628906 -230.3856964111328 0.7949199080467224 
v 62.1191291809082 -230.3856964111328 0.7949199080467224 
v 63.754981994628906 -231.75814819335938 0.7949199080467224 
v 62.1191291809082 -231.75814819335938 0.7949199080467224 
v 63.754981994628906 -231.75814819335938 -0.33656370639801025 
v 62.1191291809082 -231.75814819335938 -0.33656370639801025 
v 63.754981994628906 -231.75814819335938 -1.5832910537719727 
v 62.1191291809082 -231.75814819335938 -1.5832910537719727 
v 64.20976257324219 -232.13674926757812 -1.5832910537719727 
v 61.657562255859375 -232.13674926757812 -1.5832910537719727 
v 64.20976257324219 -232.13674926757812 -2.756681442260742 
v 61.657562255859375 -232.13674926757812 -2.756681442260742 
v 62.1191291809082 -229.27354431152344 0.7949199080467224 
v 62.1191291809082 -229.27354431152344 -0.33656370639801025 
v 62.1191291809082 -230.3856964111328 0.7949199080467224 
v 62.1191291809082 -230.3856964111328 -0.33656370639801025 
v 62.1191291809082 -231.75814819335938 -0.33656370639801025 
v 62.1191291809082 -231.75814819335938 -1.5832910537719727 
v 63.754981994628906 -229.27354431152344 -0.33656370639801025 
v 63.754981994628906 -230.3856964111328 -0.33656370639801025 
v 62.1191291809082 -230.3856964111328 -1.5832910537719727 
v 63.754981994628906 -230.3856964111328 -1.5832910537719727 
v 61.657562255859375 -230.00709533691406 -1.5832910537719727 
v 64.20976257324219 -230.00709533691406 -1.5832910537719727 
v 61.657562255859375 -230.00709533691406 -2.756681442260742 
v 64.20976257324219 -230.00709533691406 -2.756681442260742 
v 61.657562255859375 -232.13674926757812 -2.756681442260742 
v 61.657562255859375 -232.13674926757812 -1.5832910537719727 
v 44.708526611328125 -232.13674926757812 -2.756681442260742 
v 47.267513275146484 -232.13674926757812 -2.756681442260742 
v 44.708526611328125 -232.13674926757812 -1.5832910537719727 
v 47.267513275146484 -232.13674926757812 -1.5832910537719727 
v 45.17009353637695 -231.75814819335938 -1.5832910537719727 
v 46.80594253540039 -231.75814819335938 -1.5832910537719727 
v 45.17009353637695 -231.75814819335938 -0.33656370639801025 
v 46.80594253540039 -231.75814819335938 -0.33656370639801025 
v 45.17009353637695 -231.75814819335938 0.7949199080467224 
v 46.80594253540039 -231.75814819335938 0.7949199080467224 
v 45.17009353637695 -230.3856964111328 0.7949199080467224 
v 46.80594253540039 -230.3856964111328 0.7949199080467224 
v 45.17009353637695 -229.27354431152344 0.7949199080467224 
v 46.80594253540039 -229.27354431152344 0.7949199080467224 
v 45.17009353637695 -231.75814819335938 0.7949199080467224 
v 45.17009353637695 -230.3856964111328 0.7949199080467224 
v 45.17009353637695 -231.75814819335938 -0.33656370639801025 
v 45.17009353637695 -230.3856964111328 -0.33656370639801025 
v 45.17009353637695 -231.75814819335938 -1.5832910537719727 
v 45.17009353637695 -230.3856964111328 -1.5832910537719727 
v 44.708526611328125 -232.13674926757812 -1.5832910537719727 
v 44.708526611328125 -230.00709533691406 -1.5832910537719727 
v 44.708526611328125 -232.13674926757812 -2.756681442260742 
v 44.708526611328125 -230.00709533691406 -2.756681442260742 
v 46.80594253540039 -230.3856964111328 -0.33656370639801025 
v 46.80594253540039 -230.3856964111328 -1.5832910537719727 
v 47.267513275146484 -230.00709533691406 -1.5832910537719727 
v 47.267513275146484 -230.00709533691406 -2.756681442260742 
v 46.80594253540039 -231.75814819335938 -0.33656370639801025 
v 46.80594253540039 -231.75814819335938 -1.5832910537719727 
v 47.267513275146484 -232.13674926757812 -1.5832910537719727 
v 47.267513275146484 -232.13674926757812 -2.756681442260742 
v 46.80594253540039 -231.75814819335938 0.7949199080467224 
v 46.80594253540039 -230.3856964111328 0.7949199080467224 
v 46.80594253540039 -229.27354431152344 0.7949199080467224 
v 46.80594253540039 -229.27354431152344 -0.33656370639801025 
v 45.17009353637695 -229.27354431152344 -0.33656370639801025 
v 45.17009353637695 -229.27354431152344 0.7949199080467224 
v -20.630451202392578 -636.01513671875 143.2361297607422 
v -47.523555755615234 -600.4497680664062 143.04754638671875 
v -25.687332153320312 -639.7775268554688 146.7563018798828 
v -52.166385650634766 -603.8809204101562 146.2953338623047 
v 63.53098678588867 -387.2470703125 230.8842010498047 
v 65.99494171142578 -387.2944030761719 237.10736083984375 
v 66.0424575805664 -294.133544921875 271.50238037109375 
v 68.42495727539062 -294.2991943359375 278.08172607421875 
v 70.406982421875 -386.9631042480469 228.58981323242188 
v 73.27142333984375 -293.4946594238281 269.21844482421875 
v 72.87773132324219 -387.01043701171875 234.802490234375 
v 75.65392303466797 -293.6366271972656 275.7978210449219 
v -56.931392669677734 -386.9631042480469 180.07220458984375 
v -56.931392669677734 -293.8022766113281 180.07220458984375 
v -56.931392669677734 -386.9631042480469 185.44676208496094 
v -56.931392669677734 -293.8022766113281 185.44676208496094 
v -56.931392669677734 -288.5491027832031 180.07220458984375 
v -56.931392669677734 -288.5491027832031 185.44676208496094 
v -56.931392669677734 -288.5491027832031 231.3661346435547 
v -56.931392669677734 -293.8022766113281 231.3661346435547 
v -46.4239387512207 -288.5491027832031 256.9292907714844 
v -46.4239387512207 -293.8022766113281 256.9292907714844 
v -26.759798049926758 -288.5491027832031 269.9203796386719 
v -26.535802841186523 -293.4946594238281 269.21844482421875 
v -19.30683708190918 -294.133544921875 271.50238037109375 
v -16.12337875366211 -387.2470703125 230.8842010498047 
v -19.49689483642578 -288.5491027832031 272.09954833984375 
v 66.23251342773438 -288.5491027832031 272.09954833984375 
v 66.0424575805664 -294.133544921875 271.50238037109375 
v 73.49541473388672 -288.5491027832031 269.9203796386719 
v 73.27142333984375 -293.4946594238281 269.21844482421875 
v 93.15956115722656 -293.8022766113281 256.9292907714844 
v 93.15956115722656 -288.5491027832031 256.9292907714844 
v 103.66700744628906 -293.8022766113281 231.3661346435547 
v 103.66700744628906 -288.5491027832031 231.3661346435547 
v 103.66700744628906 -293.8022766113281 185.44676208496094 
v 103.66700744628906 -288.5491027832031 185.44676208496094 
v 103.66700744628906 -288.5491027832031 180.07220458984375 
v 103.66700744628906 -293.8022766113281 180.07220458984375 
v 103.66700744628906 -386.9631042480469 180.07220458984375 
v 103.66700744628906 -386.9631042480469 185.44676208496094 
v 75.86434173583984 -193.82652282714844 -20.944232940673828 
v 71.94780731201172 -193.82652282714844 -20.944232940673828 
v 75.86434173583984 -193.82652282714844 -16.38686752319336 
v 71.94780731201172 -193.82652282714844 -16.38686752319336 
v 71.94780731201172 -194.74937438964844 -15.119187355041504 
v 75.86434173583984 -194.74937438964844 -15.119187355041504 
v 75.86434173583984 -214.88650512695312 -8.19408893585205 
v 86.11386108398438 -193.82652282714844 -20.944232940673828 
v 85.1432113647461 -194.77304077148438 -21.164243698120117 
v 86.11386108398438 -193.82652282714844 -16.38686752319336 
v 85.1432113647461 -194.7967071533203 -16.114473342895508 
v 86.11386108398438 -194.74937438964844 -15.119187355041504 
v 86.11386108398438 -214.88650512695312 -8.19408893585205 
v 85.1432113647461 -214.88650512695312 -9.157944679260254 
v 85.1432113647461 -214.8628387451172 -25.941617965698242 
v 71.94780731201172 -193.82652282714844 -20.944232940673828 
v 70.97715759277344 -194.77304077148438 -21.164243698120117 
v 71.94780731201172 -193.82652282714844 -16.38686752319336 
v 70.97715759277344 -194.7967071533203 -16.114473342895508 
v 71.94780731201172 -194.74937438964844 -15.119187355041504 
v 71.94780731201172 -214.88650512695312 -8.19408893585205 
v 70.97715759277344 -214.88650512695312 -9.157944679260254 
v 70.97715759277344 -214.8628387451172 -25.941617965698242 
v 57.78853988647461 -193.82652282714844 -20.944232940673828 
v 56.81789016723633 -194.77304077148438 -21.164243698120117 
v 57.78853988647461 -193.82652282714844 -16.38686752319336 
v 56.81789016723633 -194.7967071533203 -16.114473342895508 
v 57.78853988647461 -194.74937438964844 -15.119187355041504 
v 57.78853988647461 -214.88650512695312 -8.19408893585205 
v 56.81789016723633 -214.88650512695312 -9.157944679260254 
v 56.81789016723633 -214.8628387451172 -25.941617965698242 
v 43.62248611450195 -193.82652282714844 -20.944232940673828 
v 42.65183639526367 -194.77304077148438 -21.164243698120117 
v 43.62248611450195 -193.82652282714844 -16.38686752319336 
v 42.65183639526367 -194.7967071533203 -16.114473342895508 
v 43.62248611450195 -194.74937438964844 -15.119187355041504 
v 43.62248611450195 -214.88650512695312 -8.19408893585205 
v 42.65183639526367 -214.88650512695312 -9.157944679260254 
v 42.65183639526367 -214.8628387451172 -25.941617965698242 
v 111.38468933105469 -218.64891052246094 -24.181533813476562 
v 111.38468933105469 -238.33644104003906 -30.760900497436523 
v 115.84425354003906 -218.625244140625 -24.171056747436523 
v 115.84425354003906 -238.33644104003906 -30.760900497436523 
v 113.4074478149414 -238.33644104003906 -25.072052001953125 
v 109.75563049316406 -238.33644104003906 -27.65979766845703 
v 87.75650024414062 -238.33644104003906 -9.283665657043457 
v 87.30171966552734 -238.33644104003906 -13.568635940551758 
v 87.32887268066406 -218.64891052246094 -9.346526145935059 
v 87.74292755126953 -218.64891052246094 -5.0929856300354 
v 111.75122833251953 -218.64891052246094 -21.824275970458984 
v 114.04549407958984 -218.64891052246094 -20.263246536254883 
v 115.84425354003906 -218.625244140625 -24.171056747436523 
v -63.556243896484375 -288.5491027832031 180.07220458984375 
v -63.556243896484375 -288.5491027832031 185.44676208496094 
v -56.931392669677734 -288.5491027832031 180.07220458984375 
v -56.931392669677734 -288.5491027832031 185.44676208496094 
v -63.556243896484375 -288.5491027832031 231.3661346435547 
v -56.931392669677734 -288.5491027832031 231.3661346435547 
v -50.67986297607422 -288.5491027832031 262 
v -46.4239387512207 -288.5491027832031 256.9292907714844 
v -29.0336971282959 -288.5491027832031 276.16448974609375 
v -26.759798049926758 -288.5491027832031 269.9203796386719 
v -19.49689483642578 -288.5491027832031 272.09954833984375 
v -21.764007568359375 -288.5491027832031 278.33319091796875 
v 68.49962615966797 -288.5491027832031 278.33319091796875 
v 66.23251342773438 -288.5491027832031 272.09954833984375 
v 75.76931762695312 -288.5491027832031 276.16448974609375 
v 73.49541473388672 -288.5491027832031 269.9203796386719 
v 93.15956115722656 -288.5491027832031 256.9292907714844 
v 97.42227172851562 -288.5491027832031 262 
v 103.66700744628906 -288.5491027832031 231.3661346435547 
v 110.29865264892578 -288.5491027832031 231.3661346435547 
v 103.66700744628906 -288.5491027832031 185.44676208496094 
v 110.29865264892578 -288.5491027832031 185.44676208496094 
v 103.66700744628906 -288.5491027832031 180.07220458984375 
v 63.30698776245117 -505.0409851074219 61.245479583740234 
v 65.13289642333984 -507.478271484375 61.26643371582031 
v 61.223148345947266 -506.6500549316406 56.56239318847656 
v 63.04905319213867 -509.08734130859375 56.58334732055664 
v 67.5493392944336 -515.0977172851562 56.6357307434082 
v 69.6331787109375 -513.5123291015625 61.318817138671875 
v 96.5805892944336 -549.0303344726562 61.46548843383789 
v 71.87313842773438 -511.784912109375 66.36858367919922 
v 67.37285614013672 -505.7508544921875 66.31620025634766 
v 70.6649169921875 -512.5657958984375 80.66928100585938 
v 66.16463470458984 -506.53173828125 80.61689758300781 
v 59.451541900634766 -520.7767944335938 115.78717803955078 
v 56.27486801147461 -513.7489013671875 118.6473159790039 
v 52.147911071777344 -516.706787109375 124.12663269042969 
v 55.731849670410156 -510.4361267089844 119.94642639160156 
v 51.69313049316406 -513.5359497070312 125.44669342041016 
v 55.3245849609375 -523.7109985351562 121.26649475097656 
v -3.9461371898651123 -567.6766967773438 162.61802673339844 
v 75.9661636352539 -563.866943359375 101.71697235107422 
v 71.81884002685547 -567.1324462890625 107.26962280273438 
v 80.74474334716797 -569.6880493164062 102.09413146972656 
v 76.27839660644531 -572.9771728515625 107.3848648071289 
v 18.399168014526367 -606.7677612304688 144.53524780273438 
v 22.82478904724121 -612.6361694335938 144.67144775390625 
v 16.87870979309082 -617.0611572265625 146.6410675048828 
v 12.296972274780273 -611.0980834960938 146.12770080566406 
v 1.8506098985671997 -628.301025390625 147.1334686279297 
v -2.57500958442688 -622.4089965820312 146.96583557128906 
v -9.7632474899292 -572.1253051757812 164.0742950439453 
v -7.149960041046143 -560.6961059570312 165.4886474609375 
v -12.967070579528809 -565.144775390625 166.9449005126953 
v -44.088951110839844 -588.3580322265625 157.52635192871094 
v -39.581878662109375 -594.368408203125 157.5787353515625 
v -54.42670822143555 -596.1431274414062 151.28224182128906 
v -49.926422119140625 -602.1771850585938 151.33462524414062 
v -56.673458099365234 -597.8705444335938 146.24295043945312 
v -52.166385650634766 -603.8809204101562 146.2953338623047 
v -54.25022506713867 -605.489990234375 141.6017608642578 
v -25.687332153320312 -639.7775268554688 146.7563018798828 
v -27.900142669677734 -641.4575805664062 142.16751098632812 
v -23.515249252319336 -647.3259887695312 142.20941162109375 
v -21.302438735961914 -645.6222534179688 146.80868530273438 
v -5.670228004455566 -633.9328002929688 147.10203552246094 
v -10.055121421813965 -628.0643920898438 147.04965209960938 
v 94.62571716308594 -550.5447387695312 56.688114166259766 
v 99.01060485839844 -556.4131469726562 56.74049758911133 
v 100.96548461914062 -554.8987426757812 61.51787185668945 
v 92.92877197265625 -560.76708984375 78.31202697753906 
v -58.75729751586914 -599.4559326171875 141.54937744140625 
v -58.49936294555664 -595.4332885742188 146.2220001220703 
v -60.576419830322266 -597.0186767578125 141.52842712402344 
v 31.282337188720703 -226.93092346191406 3.3093278408050537 
v 31.031190872192383 -226.6942901611328 1.1196975708007812 
v 31.282337188720703 -227.87744140625 3.3093278408050537 
v 31.031190872192383 -228.13772583007812 1.1196975708007812 
v 29.755090713500977 -225.41648864746094 1.1196975708007812 
v 29.755090713500977 -229.41552734375 1.1196975708007812 
v 29.755090713500977 -222.34031677246094 -1.5937676429748535 
v 29.755090713500977 -229.41552734375 -1.5937676429748535 
v 29.755090713500977 -229.41552734375 -4.13960599899292 
v 29.755090713500977 -232.72833251953125 -4.13960599899292 
v 29.755090713500977 -232.72833251953125 -2.662391185760498 
v 29.755090713500977 -225.41648864746094 -4.13960599899292 
v 29.755090713500977 -216.18795776367188 -1.5937676429748535 
v 29.755090713500977 -216.18795776367188 -4.13960599899292 
v -28.918306350708008 -293.6366271972656 275.7978210449219 
v -26.535802841186523 -293.4946594238281 269.21844482421875 
v -25.470123291015625 -387.01043701171875 234.802490234375 
v -23.006166458129883 -386.9631042480469 228.58981323242188 
v 103.66700744628906 -288.5491027832031 180.07220458984375 
v 110.29865264892578 -288.5491027832031 180.07220458984375 
v 103.66700744628906 -293.8022766113281 180.07220458984375 
v 110.29865264892578 -293.8022766113281 180.07220458984375 
v 110.29865264892578 -386.9631042480469 180.07220458984375 
v 32.21226119995117 -227.87744140625 3.3093278408050537 
v 32.463409423828125 -228.13772583007812 1.1196975708007812 
v 32.21226119995117 -226.93092346191406 3.3093278408050537 
v 32.463409423828125 -226.6942901611328 1.1196975708007812 
v 33.739505767822266 -229.41552734375 1.1196975708007812 
v 33.739505767822266 -225.41648864746094 1.1196975708007812 
v 33.739505767822266 -229.41552734375 -1.5937676429748535 
v 33.739505767822266 -222.34031677246094 -1.5937676429748535 
v 33.739505767822266 -225.41648864746094 -4.13960599899292 
v 33.739505767822266 -216.18795776367188 -4.13960599899292 
v 33.739505767822266 -216.18795776367188 -1.5937676429748535 
v 33.739505767822266 -229.41552734375 -4.13960599899292 
v 33.739505767822266 -232.72833251953125 -2.662391185760498 
v 33.739505767822266 -232.72833251953125 -4.13960599899292 
v 16.797258377075195 -232.72833251953125 -4.13960599899292 
v 16.797258377075195 -229.41552734375 -4.13960599899292 
v 16.797258377075195 -232.72833251953125 -2.662391185760498 
v 16.797258377075195 -229.41552734375 -1.5937676429748535 
v 16.797258377075195 -225.41648864746094 -4.13960599899292 
v 16.797258377075195 -222.34031677246094 -1.5937676429748535 
v 16.797258377075195 -225.41648864746094 1.1196975708007812 
v 16.797258377075195 -229.41552734375 1.1196975708007812 
v 15.521158218383789 -226.6942901611328 1.1196975708007812 
v 15.521158218383789 -228.13772583007812 1.1196975708007812 
v 15.270011901855469 -226.93092346191406 3.3093278408050537 
v 15.270011901855469 -227.87744140625 3.3093278408050537 
v 13.525557518005371 -232.13674926757812 -2.756681442260742 
v 13.525557518005371 -232.13674926757812 -1.5832910537719727 
v 13.525557518005371 -230.00709533691406 -2.756681442260742 
v 13.525557518005371 -230.00709533691406 -1.5832910537719727 
v 16.077754974365234 -230.00709533691406 -2.756681442260742 
v 16.077754974365234 -230.00709533691406 -1.5832910537719727 
v 16.077754974365234 -232.13674926757812 -2.756681442260742 
v 16.077754974365234 -232.13674926757812 -1.5832910537719727 
v 13.9871244430542 -231.75814819335938 -1.5832910537719727 
v 13.9871244430542 -230.3856964111328 -1.5832910537719727 
v 15.62297534942627 -230.3856964111328 -1.5832910537719727 
v 15.62297534942627 -231.75814819335938 -1.5832910537719727 
v 13.9871244430542 -231.75814819335938 -0.33656370639801025 
v 13.9871244430542 -230.3856964111328 -0.33656370639801025 
v 15.62297534942627 -230.3856964111328 -0.33656370639801025 
v 15.62297534942627 -231.75814819335938 -0.33656370639801025 
v 13.9871244430542 -231.75814819335938 0.7949199080467224 
v 13.9871244430542 -230.3856964111328 0.7949199080467224 
v 13.9871244430542 -229.27354431152344 0.7949199080467224 
v 13.9871244430542 -229.27354431152344 -0.33656370639801025 
v 15.62297534942627 -229.27354431152344 -0.33656370639801025 
v 15.62297534942627 -230.3856964111328 0.7949199080467224 
v 15.62297534942627 -231.75814819335938 0.7949199080467224 
v 16.077754974365234 -232.13674926757812 -2.756681442260742 
v 16.077754974365234 -232.13674926757812 -1.5832910537719727 
v 13.525557518005371 -232.13674926757812 -2.756681442260742 
v 13.525557518005371 -232.13674926757812 -1.5832910537719727 
v 15.62297534942627 -231.75814819335938 -1.5832910537719727 
v 13.9871244430542 -231.75814819335938 -1.5832910537719727 
v 15.62297534942627 -231.75814819335938 -0.33656370639801025 
v 13.9871244430542 -231.75814819335938 -0.33656370639801025 
v 15.62297534942627 -231.75814819335938 0.7949199080467224 
v 13.9871244430542 -231.75814819335938 0.7949199080467224 
v 15.62297534942627 -230.3856964111328 0.7949199080467224 
v 13.9871244430542 -230.3856964111328 0.7949199080467224 
v 15.62297534942627 -229.27354431152344 0.7949199080467224 
v 13.9871244430542 -229.27354431152344 0.7949199080467224 
v -63.556243896484375 -288.5491027832031 180.07220458984375 
v -63.556243896484375 -293.8022766113281 180.07220458984375 
v -63.556243896484375 -288.5491027832031 185.44676208496094 
v -63.556243896484375 -293.8022766113281 185.44676208496094 
v -63.556243896484375 -293.8022766113281 231.3661346435547 
v -63.556243896484375 -288.5491027832031 231.3661346435547 
v -50.67986297607422 -293.8022766113281 262 
v -50.67986297607422 -288.5491027832031 262 
v -28.918306350708008 -293.6366271972656 275.7978210449219 
v -29.0336971282959 -288.5491027832031 276.16448974609375 
v -21.764007568359375 -288.5491027832031 278.33319091796875 
v -21.682554244995117 -294.2991943359375 278.08172607421875 
v 68.49962615966797 -288.5491027832031 278.33319091796875 
v 68.42495727539062 -294.2991943359375 278.08172607421875 
v 75.65392303466797 -293.6366271972656 275.7978210449219 
v 75.76931762695312 -288.5491027832031 276.16448974609375 
v 97.42227172851562 -288.5491027832031 262 
v 97.42227172851562 -293.8022766113281 262 
v 110.29865264892578 -288.5491027832031 231.3661346435547 
v 110.29865264892578 -293.8022766113281 231.3661346435547 
v 110.29865264892578 -288.5491027832031 185.44676208496094 
v 110.29865264892578 -293.8022766113281 185.44676208496094 
v 110.29865264892578 -293.8022766113281 180.07220458984375 
v 110.29865264892578 -288.5491027832031 180.07220458984375 
v 110.29865264892578 -386.9631042480469 185.44676208496094 
v 110.29865264892578 -386.9631042480469 180.07220458984375 
v 2.5361735820770264 -618.5755615234375 143.46661376953125 
v -2.57500958442688 -622.4089965820312 146.96583557128906 
v 12.05940055847168 -611.1217651367188 142.9218292236328 
v 12.296972274780273 -611.0980834960938 146.12770080566406 
v -9.7632474899292 -572.1253051757812 164.0742950439453 
v 66.0424575805664 -294.133544921875 271.50238037109375 
v 68.42495727539062 -294.2991943359375 278.08172607421875 
v -19.30683708190918 -294.133544921875 271.50238037109375 
v -21.682554244995117 -294.2991943359375 278.08172607421875 
v -18.58733558654785 -387.2944030761719 237.10736083984375 
v -25.470123291015625 -387.01043701171875 234.802490234375 
v 30.474594116210938 -232.13674926757812 -2.756681442260742 
v 30.474594116210938 -232.13674926757812 -1.5832910537719727 
v 30.474594116210938 -230.00709533691406 -2.756681442260742 
v 30.474594116210938 -230.00709533691406 -1.5832910537719727 
v 33.026790618896484 -230.00709533691406 -2.756681442260742 
v 33.026790618896484 -230.00709533691406 -1.5832910537719727 
v 33.026790618896484 -232.13674926757812 -2.756681442260742 
v 33.026790618896484 -232.13674926757812 -1.5832910537719727 
v 30.92937469482422 -231.75814819335938 -1.5832910537719727 
v 30.92937469482422 -230.3856964111328 -1.5832910537719727 
v 32.565223693847656 -230.3856964111328 -1.5832910537719727 
v 32.565223693847656 -231.75814819335938 -1.5832910537719727 
v 30.92937469482422 -231.75814819335938 -0.33656370639801025 
v 30.92937469482422 -230.3856964111328 -0.33656370639801025 
v 32.565223693847656 -230.3856964111328 -0.33656370639801025 
v 32.565223693847656 -231.75814819335938 -0.33656370639801025 
v 30.92937469482422 -231.75814819335938 0.7949199080467224 
v 30.92937469482422 -230.3856964111328 0.7949199080467224 
v 30.92937469482422 -229.27354431152344 0.7949199080467224 
v 30.92937469482422 -229.27354431152344 -0.33656370639801025 
v 32.565223693847656 -229.27354431152344 -0.33656370639801025 
v 32.565223693847656 -230.3856964111328 0.7949199080467224 
v 32.565223693847656 -231.75814819335938 0.7949199080467224 
v 1.3143768310546875 -293.0687255859375 279.9570617675781 
v 1.3143768310546875 -293.0687255859375 285.0697021484375 
v -2.7243404388427734 -293.0687255859375 279.9570617675781 
v -2.7243404388427734 -293.0687255859375 285.0697021484375 
v -2.7243404388427734 -289.8032531738281 279.9570617675781 
v -2.7243404388427734 -289.8032531738281 285.0697021484375 
v 1.3143768310546875 -289.8032531738281 279.9570617675781 
v 1.3143768310546875 -289.8032531738281 285.0697021484375 
v 1.3143768310546875 -293.0687255859375 279.9570617675781 
v 1.3143768310546875 -293.0687255859375 285.0697021484375 
v 33.026790618896484 -232.13674926757812 -2.756681442260742 
v 33.026790618896484 -232.13674926757812 -1.5832910537719727 
v 30.474594116210938 -232.13674926757812 -2.756681442260742 
v 30.474594116210938 -232.13674926757812 -1.5832910537719727 
v 32.565223693847656 -231.75814819335938 -1.5832910537719727 
v 30.92937469482422 -231.75814819335938 -1.5832910537719727 
v 32.565223693847656 -231.75814819335938 -0.33656370639801025 
v 30.92937469482422 -231.75814819335938 -0.33656370639801025 
v 32.565223693847656 -231.75814819335938 0.7949199080467224 
v 30.92937469482422 -231.75814819335938 0.7949199080467224 
v 32.565223693847656 -230.3856964111328 0.7949199080467224 
v 30.92937469482422 -230.3856964111328 0.7949199080467224 
v 32.565223693847656 -229.27354431152344 0.7949199080467224 
v 30.92937469482422 -229.27354431152344 0.7949199080467224 
v -2.7243404388427734 -293.0687255859375 279.9570617675781 
v -3.5660226345062256 -293.5419921875 279.9570617675781 
v 1.3143768310546875 -293.0687255859375 279.9570617675781 
v 2.1560590267181396 -293.5419921875 279.9570617675781 
v 1.3143768310546875 -289.8032531738281 279.9570617675781 
v 2.1560590267181396 -289.3536376953125 279.9570617675781 
v -2.7243404388427734 -289.8032531738281 279.9570617675781 
v -3.5660226345062256 -289.3536376953125 279.9570617675781 
v -2.7243404388427734 -293.0687255859375 279.9570617675781 
v -3.5660226345062256 -293.5419921875 279.9570617675781 
v -3.5660226345062256 -293.5419921875 275.4101867675781 
v 2.1560590267181396 -293.5419921875 275.4101867675781 
v 2.1560590267181396 -289.3536376953125 275.4101867675781 
v -3.5660226345062256 -289.3536376953125 275.4101867675781 
v -3.5660226345062256 -293.5419921875 275.4101867675781 
v 14.21790885925293 -293.0687255859375 279.9570617675781 
v 13.376226425170898 -293.5419921875 279.9570617675781 
v 18.25662612915039 -293.0687255859375 279.9570617675781 
v 19.098308563232422 -293.5419921875 279.9570617675781 
v 18.25662612915039 -289.8032531738281 279.9570617675781 
v 19.098308563232422 -289.3536376953125 279.9570617675781 
v 14.21790885925293 -289.8032531738281 279.9570617675781 
v 13.376226425170898 -289.3536376953125 279.9570617675781 
v 14.21790885925293 -293.0687255859375 279.9570617675781 
v 13.376226425170898 -293.5419921875 279.9570617675781 
v 13.376226425170898 -293.5419921875 275.4101867675781 
v 19.098308563232422 -293.5419921875 275.4101867675781 
v 19.098308563232422 -289.3536376953125 275.4101867675781 
v 13.376226425170898 -289.3536376953125 275.4101867675781 
v 13.376226425170898 -293.5419921875 275.4101867675781 
v 18.25662612915039 -293.0687255859375 279.9570617675781 
v 18.25662612915039 -293.0687255859375 285.0697021484375 
v 14.21790885925293 -293.0687255859375 279.9570617675781 
v 14.21790885925293 -293.0687255859375 285.0697021484375 
v 14.21790885925293 -289.8032531738281 279.9570617675781 
v 14.21790885925293 -289.8032531738281 285.0697021484375 
v 18.25662612915039 -289.8032531738281 279.9570617675781 
v 18.25662612915039 -289.8032531738281 285.0697021484375 
v 18.25662612915039 -293.0687255859375 279.9570617675781 
v 18.25662612915039 -293.0687255859375 285.0697021484375 
v 76.05440521240234 -115.3840103149414 -0.2213200032711029 
v 76.05440521240234 -115.3840103149414 -7.890264511108398 
v 76.05440521240234 -129.72372436523438 -0.2213200032711029 
v 76.05440521240234 -129.72372436523438 -7.890264511108398 
v 12.81284236907959 -216.18795776367188 -4.13960599899292 
v 12.81284236907959 -225.41648864746094 -4.13960599899292 
v 12.81284236907959 -216.18795776367188 -1.5937676429748535 
v 12.81284236907959 -222.34031677246094 -1.5937676429748535 
v 12.81284236907959 -229.41552734375 -4.13960599899292 
v 12.81284236907959 -229.41552734375 -1.5937676429748535 
v 12.81284236907959 -229.41552734375 1.1196975708007812 
v 12.81284236907959 -225.41648864746094 1.1196975708007812 
v 14.08894157409668 -228.13772583007812 1.1196975708007812 
v 14.08894157409668 -226.6942901611328 1.1196975708007812 
v 14.333300590515137 -227.87744140625 3.3093278408050537 
v 14.333300590515137 -226.93092346191406 3.3093278408050537 
v 1.8709732294082642 -193.82652282714844 -20.944232940673828 
v 1.8709732294082642 -193.82652282714844 -16.38686752319336 
v 5.787510871887207 -193.82652282714844 -20.944232940673828 
v 5.787510871887207 -193.82652282714844 -16.38686752319336 
v 5.787510871887207 -194.74937438964844 -15.119187355041504 
v 1.8709732294082642 -194.74937438964844 -15.119187355041504 
v 1.8709732294082642 -214.88650512695312 -8.19408893585205 
v 16.037029266357422 -193.82652282714844 -20.944232940673828 
v 16.037029266357422 -193.82652282714844 -16.38686752319336 
v 19.95356559753418 -193.82652282714844 -20.944232940673828 
v 19.95356559753418 -193.82652282714844 -16.38686752319336 
v 19.95356559753418 -194.74937438964844 -15.119187355041504 
v 16.037029266357422 -194.74937438964844 -15.119187355041504 
v 16.037029266357422 -214.88650512695312 -8.19408893585205 
v -8.371756553649902 -193.82652282714844 -20.944232940673828 
v -8.371756553649902 -193.82652282714844 -16.38686752319336 
v -7.401106834411621 -194.77304077148438 -21.164243698120117 
v -7.401106834411621 -194.7967071533203 -16.124950408935547 
v -7.401106834411621 -214.88650512695312 -9.157944679260254 
v -8.371756553649902 -214.88650512695312 -8.19408893585205 
v -8.371756553649902 -194.74937438964844 -15.119187355041504 
v 5.787510871887207 -193.82652282714844 -20.944232940673828 
v 5.787510871887207 -193.82652282714844 -16.38686752319336 
v 6.758160591125488 -194.77304077148438 -21.164243698120117 
v 6.758160591125488 -194.7967071533203 -16.124950408935547 
v 6.758160591125488 -214.88650512695312 -9.157944679260254 
v 5.787510871887207 -214.88650512695312 -8.19408893585205 
v 5.787510871887207 -194.74937438964844 -15.119187355041504 
v 19.95356559753418 -193.82652282714844 -20.944232940673828 
v 19.95356559753418 -193.82652282714844 -16.38686752319336 
v 20.92421531677246 -194.77304077148438 -21.164243698120117 
v 20.92421531677246 -194.7967071533203 -16.124950408935547 
v 20.92421531677246 -214.88650512695312 -9.157944679260254 
v 19.95356559753418 -214.88650512695312 -8.19408893585205 
v 19.95356559753418 -194.74937438964844 -15.119187355041504 
v 34.11283493041992 -193.82652282714844 -20.944232940673828 
v 34.11283493041992 -193.82652282714844 -16.38686752319336 
v 35.0834846496582 -194.77304077148438 -21.164243698120117 
v 35.0834846496582 -194.7967071533203 -16.124950408935547 
v 35.0834846496582 -214.88650512695312 -9.157944679260254 
v 34.11283493041992 -214.88650512695312 -8.19408893585205 
v 34.11283493041992 -194.74937438964844 -15.119187355041504 
v -33.64258575439453 -218.64891052246094 -24.181533813476562 
v -38.10214614868164 -218.625244140625 -24.171056747436523 
v -33.64258575439453 -238.33644104003906 -30.760900497436523 
v -38.10214614868164 -238.33644104003906 -30.760900497436523 
v -35.67212677001953 -238.33644104003906 -25.072052001953125 
v -32.02031326293945 -238.33644104003906 -27.65979766845703 
v -10.0211820602417 -238.33644104003906 -9.283665657043457 
v -9.566402435302734 -238.33644104003906 -13.568635940551758 
v -9.58676528930664 -218.64891052246094 -9.346526145935059 
v -10.000819206237793 -218.64891052246094 -5.0929856300354 
v -34.009124755859375 -218.64891052246094 -21.824275970458984 
v -36.310176849365234 -218.64891052246094 -20.263246536254883 
v -38.10214614868164 -218.625244140625 -24.171056747436523 
v -33.64258575439453 -218.64891052246094 -24.181533813476562 
v 48.095619201660156 -115.3840103149414 -0.2213200032711029 
v 48.095619201660156 -115.3840103149414 -7.890264511108398 
v 48.095619201660156 -129.72372436523438 -0.2213200032711029 
v 48.095619201660156 -129.72372436523438 -7.890264511108398 
v 5.868963718414307 -228.37435913085938 -1.1118395328521729 
v 71.75775146484375 -228.37435913085938 -1.1118395328521729 
v 5.868963718414307 -228.37435913085938 -0.7870618104934692 
v 71.75775146484375 -228.37435913085938 -0.7870618104934692 
v 5.868963718414307 -228.2797088623047 -0.48323750495910645 
v 71.75775146484375 -228.2797088623047 -0.48323750495910645 
v 5.868963718414307 -228.06674194335938 -0.24227340519428253 
v 71.75775146484375 -228.06674194335938 -0.24227340519428253 
v 5.868963718414307 -227.78277587890625 -0.08512289822101593 
v 71.75775146484375 -227.78277587890625 -0.08512289822101593 
v 5.868963718414307 -227.47515869140625 -0.022262699902057648 
v 71.75775146484375 -227.47515869140625 -0.022262699902057648 
v 5.868963718414307 -227.16754150390625 -0.08512289822101593 
v 71.75775146484375 -227.16754150390625 -0.08512289822101593 
v 5.868963718414307 -226.8835906982422 -0.24227340519428253 
v 71.75775146484375 -226.8835906982422 -0.24227340519428253 
v 5.868963718414307 -226.67062377929688 -0.48323750495910645 
v 71.75775146484375 -226.67062377929688 -0.48323750495910645 
v 5.868963718414307 -226.5759735107422 -0.7870618104934692 
v 71.75775146484375 -226.5759735107422 -0.7870618104934692 
v 5.868963718414307 -226.5759735107422 -1.1118395328521729 
v 71.75775146484375 -226.5759735107422 -1.1118395328521729 
v 5.868963718414307 -226.67062377929688 -1.4051871299743652 
v 71.75775146484375 -226.67062377929688 -1.4051871299743652 
v 5.868963718414307 -226.8835906982422 -1.656627893447876 
v 71.75775146484375 -226.8835906982422 -1.656627893447876 
v 5.868963718414307 -227.16754150390625 -1.8137784004211426 
v 71.75775146484375 -227.16754150390625 -1.8137784004211426 
v 5.868963718414307 -227.47515869140625 -1.8661619424819946 
v 71.75775146484375 -227.47515869140625 -1.8661619424819946 
v 5.868963718414307 -227.78277587890625 -1.8137784004211426 
v 71.75775146484375 -227.78277587890625 -1.8137784004211426 
v 5.868963718414307 -228.06674194335938 -1.656627893447876 
v 71.75775146484375 -228.06674194335938 -1.656627893447876 
v 5.868963718414307 -228.2797088623047 -1.4051871299743652 
v 71.75775146484375 -228.2797088623047 -1.4051871299743652 
v 5.868963718414307 -228.37435913085938 -1.1118395328521729 
v 71.75775146484375 -228.37435913085938 -1.1118395328521729 
v 115.84425354003906 -243.11634826660156 -34.281070709228516 
v 115.84425354003906 -238.33644104003906 -34.281070709228516 
v 115.84425354003906 -243.11634826660156 -31.881906509399414 
v 115.84425354003906 -238.33644104003906 -30.760900497436523 
v 114.04549407958984 -243.11634826660156 -25.9835262298584 
v 113.4074478149414 -238.33644104003906 -25.072052001953125 
v 87.79043579101562 -243.11634826660156 -10.53039264678955 
v 87.75650024414062 -238.33644104003906 -9.283665657043457 
v 84.0775375366211 -243.11634826660156 -10.247522354125977 
v 83.91462707519531 -238.33644104003906 -7.125465393066406 
v 79.95057678222656 -243.11634826660156 -10.237045288085938 
v 79.8012466430664 -238.33644104003906 -7.2092790603637695 
v -2.2152583599090576 -243.11634826660156 -10.237045288085938 
v -2.0591397285461426 -238.33644104003906 -7.2092790603637695 
v -6.179310321807861 -238.33644104003906 -7.125465393066406 
v -6.070705890655518 -218.64891052246094 -3.0290756225585938 
v -10.0211820602417 -238.33644104003906 -9.283665657043457 
v -10.000819206237793 -218.64891052246094 -5.0929856300354 
v 83.80602264404297 -218.64891052246094 -3.0290756225585938 
v 79.70621490478516 -218.64891052246094 -2.9452619552612305 
v 74.03843688964844 -234.1007843017578 -3.228132963180542 
v 74.09952545166016 -223.26316833496094 -3.217656135559082 
v 3.696880578994751 -234.1007843017578 -3.228132963180542 
v 3.642578601837158 -223.26316833496094 -3.217656135559082 
v -1.9641112089157104 -218.64891052246094 -2.9452619552612305 
v -2.208470582962036 -214.0583038330078 -2.086172580718994 
v -6.335428714752197 -214.0583038330078 -2.0756959915161133 
v 79.94378662109375 -214.0583038330078 -2.086172580718994 
v 84.0775375366211 -214.0583038330078 -2.0756959915161133 
v 87.708984375 -214.0583038330078 -4.13960599899292 
v 87.74292755126953 -218.64891052246094 -5.0929856300354 
v 113.4074478149414 -214.0583038330078 -19.341297149658203 
v 114.04549407958984 -218.64891052246094 -20.263246536254883 
v 115.84425354003906 -214.0583038330078 -25.04062271118164 
v 115.84425354003906 -218.625244140625 -24.171056747436523 
v 115.84425354003906 -214.0583038330078 -29.78656768798828 
v 115.84425354003906 -218.64891052246094 -29.78656768798828 
v 111.38468933105469 -243.11634826660156 -34.281070709228516 
v 111.38468933105469 -243.11634826660156 -31.881906509399414 
v 111.38468933105469 -238.33644104003906 -34.281070709228516 
v 111.38468933105469 -238.33644104003906 -30.760900497436523 
v 111.38468933105469 -218.64891052246094 -29.78656768798828 
v 111.38468933105469 -218.64891052246094 -24.181533813476562 
v 109.75563049316406 -238.33644104003906 -27.65979766845703 
v 110.3936767578125 -243.11634826660156 -28.58174705505371 
v 87.36280822753906 -243.11634826660156 -14.5115385055542 
v 87.30171966552734 -238.33644104003906 -13.568635940551758 
v 84.097900390625 -243.11634826660156 -12.594303131103516 
v 83.90105438232422 -238.33644104003906 -11.640922546386719 
v 79.97093963623047 -243.11634826660156 -12.573348999023438 
v -6.165734767913818 -238.33644104003906 -11.640922546386719 
v -2.2288339138031006 -243.11634826660156 -12.573348999023438 
v -6.362579822540283 -243.11634826660156 -12.594303131103516 
v 87.32887268066406 -218.64891052246094 -9.346526145935059 
v 85.44866180419922 -218.64891052246094 -7.502626419067383 
v -7.713344097137451 -218.64891052246094 -7.502626419067383 
v -9.58676528930664 -218.64891052246094 -9.346526145935059 
v -9.566402435302734 -238.33644104003906 -13.568635940551758 
v -9.620704650878906 -243.11634826660156 -14.5115385055542 
v -32.02031326293945 -238.33644104003906 -27.65979766845703 
v -32.651573181152344 -243.11634826660156 -28.58174705505371 
v -33.64258575439453 -243.11634826660156 -31.881906509399414 
v -33.64258575439453 -238.33644104003906 -30.760900497436523 
v -33.64258575439453 -238.33644104003906 -34.281070709228516 
v -33.64258575439453 -218.64891052246094 -29.78656768798828 
v 45.550209045410156 -293.0687255859375 285.0697021484375 
v 45.550209045410156 -289.8032531738281 285.0697021484375 
v 45.550209045410156 -293.0687255859375 279.9570617675781 
v 45.550209045410156 -289.8032531738281 279.9570617675781 
v 49.58213806152344 -289.8032531738281 285.0697021484375 
v 49.58213806152344 -289.8032531738281 279.9570617675781 
v 49.58213806152344 -293.0687255859375 285.0697021484375 
v 49.58213806152344 -293.0687255859375 279.9570617675781 
v 45.550209045410156 -293.0687255859375 285.0697021484375 
v 45.550209045410156 -293.0687255859375 279.9570617675781 
v 44.708526611328125 -293.5419921875 275.4101867675781 
v 50.42382049560547 -293.5419921875 275.4101867675781 
v 44.708526611328125 -293.5419921875 279.9570617675781 
v 50.42382049560547 -293.5419921875 279.9570617675781 
v 45.550209045410156 -293.0687255859375 279.9570617675781 
v 49.58213806152344 -293.0687255859375 279.9570617675781 
v 50.42382049560547 -289.3536376953125 275.4101867675781 
v 50.42382049560547 -289.3536376953125 279.9570617675781 
v 49.58213806152344 -289.8032531738281 279.9570617675781 
v 44.708526611328125 -289.3536376953125 275.4101867675781 
v 44.708526611328125 -289.3536376953125 279.9570617675781 
v 45.550209045410156 -289.8032531738281 279.9570617675781 
v 44.708526611328125 -293.5419921875 275.4101867675781 
v 44.708526611328125 -293.5419921875 279.9570617675781 
v 45.550209045410156 -293.0687255859375 279.9570617675781 
v 115.84425354003906 -214.0583038330078 -29.78656768798828 
v 111.38468933105469 -214.0583038330078 -29.78656768798828 
v 115.84425354003906 -214.0583038330078 -25.04062271118164 
v 111.38468933105469 -214.0583038330078 -23.06052589416504 
v 113.4074478149414 -214.0583038330078 -19.341297149658203 
v 111.1131820678711 -214.0583038330078 -20.902326583862305 
v 87.708984375 -214.0583038330078 -4.13960599899292 
v 87.27456665039062 -214.0583038330078 -8.4036226272583 
v 84.08432006835938 -214.0583038330078 -6.559723377227783 
v 84.67485809326172 -214.0583038330078 -23.06052589416504 
v -6.34900426864624 -214.0583038330078 -6.559723377227783 
v -6.939539432525635 -214.0583038330078 -23.06052589416504 
v -9.532464027404785 -214.0583038330078 -8.4036226272583 
v -9.85148811340332 -214.0583038330078 -23.06052589416504 
v -33.377864837646484 -214.0583038330078 -20.902326583862305 
v -33.64258575439453 -214.0583038330078 -23.06052589416504 
v -35.67212677001953 -214.0583038330078 -19.341297149658203 
v -38.10214614868164 -214.0583038330078 -25.04062271118164 
v -33.64258575439453 -214.0583038330078 -29.78656768798828 
v -9.85148811340332 -214.0583038330078 -29.78656768798828 
v -6.939539432525635 -214.0583038330078 -29.78656768798828 
v 84.67485809326172 -214.0583038330078 -29.78656768798828 
v 87.58680725097656 -214.0583038330078 -29.78656768798828 
v 87.58680725097656 -214.0583038330078 -23.06052589416504 
v -9.539251327514648 -115.3840103149414 -0.2213200032711029 
v -9.539251327514648 -115.3840103149414 -7.890264511108398 
v -9.539251327514648 -129.72372436523438 -0.2213200032711029 
v -9.539251327514648 -129.72372436523438 -7.890264511108398 
v 89.47380065917969 3.332761287689209 10.119182586669922 
v 68.1059341430664 3.332761287689209 10.119182586669922 
v 89.47380065917969 -111.17201232910156 10.119182586669922 
v 68.1059341430664 -111.17201232910156 10.119182586669922 
v 6.0793843269348145 3.332761287689209 10.119182586669922 
v 6.0793843269348145 -111.17201232910156 10.119182586669922 
v -15.281696319580078 3.332761287689209 10.119182586669922 
v -15.281696319580078 -111.17201232910156 10.119182586669922 
v 84.0775375366211 -214.0583038330078 -2.0756959915161133 
v 79.94378662109375 -214.0583038330078 -2.086172580718994 
v -2.208470582962036 -214.0583038330078 -2.086172580718994 
v -6.335428714752197 -214.0583038330078 -2.0756959915161133 
v -9.973668098449707 -214.0583038330078 -4.13960599899292 
v 16.797258377075195 -216.18795776367188 -1.5937676429748535 
v 16.797258377075195 -216.18795776367188 -4.13960599899292 
v 62.50603485107422 -115.3840103149414 -0.2213200032711029 
v 62.50603485107422 -129.72372436523438 -0.2213200032711029 
v 72.9388198852539 -115.3840103149414 -0.2213200032711029 
v 72.9388198852539 -129.72372436523438 -0.2213200032711029 
v 72.9388198852539 -129.72372436523438 -7.890264511108398 
v 62.50603485107422 -129.72372436523438 -7.890264511108398 
v 62.50603485107422 -129.72372436523438 -7.890264511108398 
v 62.50603485107422 -129.72372436523438 -0.2213200032711029 
v 62.50603485107422 -115.3840103149414 -7.890264511108398 
v 62.50603485107422 -115.3840103149414 -0.2213200032711029 
v 48.095619201660156 -115.3840103149414 -0.2213200032711029 
v 48.095619201660156 -129.72372436523438 -0.2213200032711029 
v 58.528404235839844 -115.3840103149414 -0.2213200032711029 
v 58.528404235839844 -129.72372436523438 -0.2213200032711029 
v 58.528404235839844 -129.72372436523438 -7.890264511108398 
v 48.095619201660156 -129.72372436523438 -7.890264511108398 
v -12.295082092285156 -193.82652282714844 -20.944232940673828 
v -12.295082092285156 -193.82652282714844 -16.38686752319336 
v -8.371756553649902 -193.82652282714844 -20.944232940673828 
v -8.371756553649902 -193.82652282714844 -16.38686752319336 
v -8.371756553649902 -194.74937438964844 -15.119187355041504 
v -12.295082092285156 -194.74937438964844 -15.119187355041504 
v -12.295082092285156 -214.88650512695312 -8.19408893585205 
v 33.685203552246094 -115.3840103149414 -0.2213200032711029 
v 33.685203552246094 -129.72372436523438 -0.2213200032711029 
v 44.11799240112305 -115.3840103149414 -0.2213200032711029 
v 44.11799240112305 -129.72372436523438 -0.2213200032711029 
v 44.11799240112305 -129.72372436523438 -7.890264511108398 
v 33.685203552246094 -129.72372436523438 -7.890264511108398 
v 19.281578063964844 -115.3840103149414 -0.2213200032711029 
v 19.281578063964844 -129.72372436523438 -0.2213200032711029 
v 29.707576751708984 -115.3840103149414 -0.2213200032711029 
v 29.707576751708984 -129.72372436523438 -0.2213200032711029 
v 29.707576751708984 -129.72372436523438 -7.890264511108398 
v 19.281578063964844 -129.72372436523438 -7.890264511108398 
v 19.281578063964844 -129.72372436523438 -7.890264511108398 
v 19.281578063964844 -129.72372436523438 -0.2213200032711029 
v 19.281578063964844 -115.3840103149414 -7.890264511108398 
v 19.281578063964844 -115.3840103149414 -0.2213200032711029 
v -16.12337875366211 -387.2470703125 230.8842010498047 
v -19.30683708190918 -294.133544921875 271.50238037109375 
v -18.58733558654785 -387.2944030761719 237.10736083984375 
v -21.682554244995117 -294.2991943359375 278.08172607421875 
v 4.8711628913879395 -129.72372436523438 -7.890264511108398 
v 4.8711628913879395 -129.72372436523438 -0.2213200032711029 
v 4.8711628913879395 -115.3840103149414 -7.890264511108398 
v 4.8711628913879395 -115.3840103149414 -0.2213200032711029 
v 15.297162055969238 -115.3840103149414 -7.890264511108398 
v 15.297162055969238 -115.3840103149414 -0.2213200032711029 
v 15.297162055969238 -129.72372436523438 -7.890264511108398 
v 15.297162055969238 -129.72372436523438 -0.2213200032711029 
v 4.8711628913879395 -129.72372436523438 -7.890264511108398 
v 4.8711628913879395 -129.72372436523438 -0.2213200032711029 
v 4.8711628913879395 -115.3840103149414 -0.2213200032711029 
v 51.69313049316406 -513.5359497070312 125.44669342041016 
v 47.49150848388672 -516.73046875 121.47602844238281 
v 52.147911071777344 -516.706787109375 124.12663269042969 
v 47.98701477050781 -519.9249267578125 120.36549377441406 
v -7.4486212730407715 -561.07470703125 159.03500366210938 
v -7.149960041046143 -560.6961059570312 165.4886474609375 
v -9.030169486999512 -558.6611328125 160.9103240966797 
v -8.561814308166504 -558.2588500976562 167.47921752929688 
v -9.539251327514648 -115.3840103149414 -0.2213200032711029 
v -9.539251327514648 -129.72372436523438 -0.2213200032711029 
v 0.8867480158805847 -115.3840103149414 -0.2213200032711029 
v 0.8867480158805847 -129.72372436523438 -0.2213200032711029 
v 0.8867480158805847 -129.72372436523438 -7.890264511108398 
v -9.539251327514648 -129.72372436523438 -7.890264511108398 
v 76.05440521240234 -115.3840103149414 -0.2213200032711029 
v 76.05440521240234 -129.72372436523438 -0.2213200032711029 
v 86.48719024658203 -115.3840103149414 -0.2213200032711029 
v 86.48719024658203 -129.72372436523438 -0.2213200032711029 
v 86.48719024658203 -129.72372436523438 -7.890264511108398 
v 76.05440521240234 -129.72372436523438 -7.890264511108398 
v -9.518888473510742 -291.1047058105469 281.3504638671875 
v 56.376686096191406 -291.1047058105469 281.3504638671875 
v -9.518888473510742 -291.4123229980469 281.298095703125 
v 56.376686096191406 -291.4123229980469 281.298095703125 
v -9.518888473510742 -291.7199401855469 281.3504638671875 
v 56.376686096191406 -291.7199401855469 281.3504638671875 
v -9.518888473510742 -292.00390625 281.50762939453125 
v 56.376686096191406 -292.00390625 281.50762939453125 
v -9.518888473510742 -292.21685791015625 281.7590637207031 
v 56.376686096191406 -292.21685791015625 281.7590637207031 
v -9.518888473510742 -292.3115234375 282.0523986816406 
v 56.376686096191406 -292.3115234375 282.0523986816406 
v -9.518888473510742 -292.3115234375 282.377197265625 
v 56.376686096191406 -292.3115234375 282.377197265625 
v -9.518888473510742 -292.21685791015625 282.6809997558594 
v 56.376686096191406 -292.21685791015625 282.6809997558594 
v -9.518888473510742 -292.00390625 282.9219665527344 
v 56.376686096191406 -292.00390625 282.9219665527344 
v -9.518888473510742 -291.7199401855469 283.0791320800781 
v 56.376686096191406 -291.7199401855469 283.0791320800781 
v -9.518888473510742 -291.4123229980469 283.1315002441406 
v 56.376686096191406 -291.4123229980469 283.1315002441406 
v -9.518888473510742 -291.1047058105469 283.0791320800781 
v 56.376686096191406 -291.1047058105469 283.0791320800781 
v -9.518888473510742 -290.82073974609375 282.9219665527344 
v 56.376686096191406 -290.82073974609375 282.9219665527344 
v -9.518888473510742 -290.6077880859375 282.6809997558594 
v 56.376686096191406 -290.6077880859375 282.6809997558594 
v -9.518888473510742 -290.51312255859375 282.377197265625 
v 56.376686096191406 -290.51312255859375 282.377197265625 
v -9.518888473510742 -290.51312255859375 282.0523986816406 
v 56.376686096191406 -290.51312255859375 282.0523986816406 
v -9.518888473510742 -290.6077880859375 281.7590637207031 
v 56.376686096191406 -290.6077880859375 281.7590637207031 
v -9.518888473510742 -290.82073974609375 281.50762939453125 
v 56.376686096191406 -290.82073974609375 281.50762939453125 
v -9.518888473510742 -291.1047058105469 281.3504638671875 
v 56.376686096191406 -291.1047058105469 281.3504638671875 
v -0.46401622891426086 -89.85173797607422 8.411480903625488 
v -0.46401622891426086 -89.85173797607422 11.103992462158203 
v 0.6695396900177002 -90.98755645751953 8.411480903625488 
v 0.6695396900177002 -90.98755645751953 11.103992462158203 
v 0.6695396900177002 -100.28707885742188 11.103992462158203 
v -0.46401622891426086 -100.28707885742188 12.23547649383545 
v 0.6695396900177002 -106.108154296875 11.103992462158203 
v -0.46401622891426086 -106.108154296875 12.23547649383545 
v -0.46401622891426086 -107.24397277832031 11.103992462158203 
v -7.781221389770508 -106.108154296875 12.23547649383545 
v -7.781221389770508 -107.24397277832031 11.103992462158203 
v -7.781221389770508 -107.24397277832031 8.411480903625488 
v -0.46401622891426086 -107.24397277832031 8.411480903625488 
v 0.6695396900177002 -106.108154296875 8.411480903625488 
v 0.6695396900177002 -100.28707885742188 8.411480903625488 
v -0.46401622891426086 -90.98755645751953 12.23547649383545 
v 7.219727993011475 -2.204357385635376 12.23547649383545 
v 7.219727993011475 -40.72755813598633 12.23547649383545 
v 11.353473663330078 -2.204357385635376 12.23547649383545 
v 11.353473663330078 -40.72755813598633 12.23547649383545 
v 11.353473663330078 -40.72755813598633 12.23547649383545 
v 11.353473663330078 -40.72755813598633 8.411480903625488 
v 11.353473663330078 -2.204357385635376 12.23547649383545 
v 11.353473663330078 -2.204357385635376 8.411480903625488 
v 7.219727993011475 -2.204357385635376 12.23547649383545 
v 7.219727993011475 -2.204357385635376 8.411480903625488 
v 7.219727993011475 -40.72755813598633 12.23547649383545 
v 7.219727993011475 -40.72755813598633 8.411480903625488 
v -1.0817023515701294 -100.90231323242188 12.23547649383545 
v -1.0817023515701294 -105.46925354003906 12.23547649383545 
v -1.0817023515701294 -105.46925354003906 12.23547649383545 
v -7.1635355949401855 -105.46925354003906 12.23547649383545 
v -7.781221389770508 -107.24397277832031 8.411480903625488 
v -7.781221389770508 -107.24397277832031 11.103992462158203 
v -8.914777755737305 -106.108154296875 8.411480903625488 
v -8.914777755737305 -106.108154296875 11.103992462158203 
v -8.914777755737305 -100.28707885742188 11.103992462158203 
v -7.781221389770508 -100.28707885742188 12.23547649383545 
v -8.914777755737305 -90.98755645751953 11.103992462158203 
v -7.781221389770508 -90.98755645751953 12.23547649383545 
v -7.781221389770508 -89.85173797607422 11.103992462158203 
v -8.914777755737305 -100.28707885742188 8.411480903625488 
v -8.914777755737305 -90.98755645751953 8.411480903625488 
v -7.781221389770508 -89.85173797607422 8.411480903625488 
v 19.132246017456055 -40.72755813598633 12.23547649383545 
v 19.132246017456055 -2.204357385635376 12.23547649383545 
v 14.991713523864746 -40.72755813598633 12.23547649383545 
v 14.991713523864746 -2.204357385635376 12.23547649383545 
v -7.781221389770508 -106.108154296875 12.23547649383545 
v -7.1635355949401855 -105.46925354003906 12.23547649383545 
v -7.1635355949401855 -100.90231323242188 12.23547649383545 
v 14.991713523864746 -40.72755813598633 8.411480903625488 
v 14.991713523864746 -40.72755813598633 12.23547649383545 
v 14.991713523864746 -2.204357385635376 8.411480903625488 
v 14.991713523864746 -2.204357385635376 12.23547649383545 
v 19.132246017456055 -2.204357385635376 8.411480903625488 
v 19.132246017456055 -2.204357385635376 12.23547649383545 
v 19.132246017456055 -40.72755813598633 8.411480903625488 
v 19.132246017456055 -40.72755813598633 12.23547649383545 
v 28.601171493530273 -293.0687255859375 279.9570617675781 
v 32.639888763427734 -293.0687255859375 279.9570617675781 
v 28.601171493530273 -293.0687255859375 285.0697021484375 
v 32.639888763427734 -293.0687255859375 285.0697021484375 
v 32.639888763427734 -289.8032531738281 279.9570617675781 
v 32.639888763427734 -289.8032531738281 285.0697021484375 
v 28.601171493530273 -289.8032531738281 279.9570617675781 
v 28.601171493530273 -289.8032531738281 285.0697021484375 
v 28.601171493530273 -293.0687255859375 279.9570617675781 
v 28.601171493530273 -293.0687255859375 285.0697021484375 
v 22.77048683166504 -2.204357385635376 12.23547649383545 
v 22.77048683166504 -40.72755813598633 12.23547649383545 
v 26.911020278930664 -2.204357385635376 12.23547649383545 
v 26.911020278930664 -40.72755813598633 12.23547649383545 
v 26.911020278930664 -40.72755813598633 12.23547649383545 
v 26.911020278930664 -40.72755813598633 8.411480903625488 
v 26.911020278930664 -2.204357385635376 12.23547649383545 
v 26.911020278930664 -2.204357385635376 8.411480903625488 
v 22.77048683166504 -2.204357385635376 12.23547649383545 
v 22.77048683166504 -2.204357385635376 8.411480903625488 
v 22.77048683166504 -40.72755813598633 12.23547649383545 
v 22.77048683166504 -40.72755813598633 8.411480903625488 
v 30.549259185791016 -40.72755813598633 8.411480903625488 
v 30.549259185791016 -40.72755813598633 12.23547649383545 
v 30.549259185791016 -2.204357385635376 8.411480903625488 
v 30.549259185791016 -2.204357385635376 12.23547649383545 
v 34.683006286621094 -2.204357385635376 8.411480903625488 
v 34.683006286621094 -2.204357385635376 12.23547649383545 
v 34.683006286621094 -40.72755813598633 8.411480903625488 
v 34.683006286621094 -40.72755813598633 12.23547649383545 
v 42.46177673339844 -40.72755813598633 12.23547649383545 
v 42.46177673339844 -2.204357385635376 12.23547649383545 
v 38.328033447265625 -40.72755813598633 12.23547649383545 
v 38.328033447265625 -2.204357385635376 12.23547649383545 
v 38.328033447265625 -40.72755813598633 8.411480903625488 
v 38.328033447265625 -40.72755813598633 12.23547649383545 
v 38.328033447265625 -2.204357385635376 8.411480903625488 
v 38.328033447265625 -2.204357385635376 12.23547649383545 
v 42.46177673339844 -2.204357385635376 8.411480903625488 
v 42.46177673339844 -2.204357385635376 12.23547649383545 
v 42.46177673339844 -40.72755813598633 8.411480903625488 
v 42.46177673339844 -40.72755813598633 12.23547649383545 
v 148.29653930664062 -152.62940979003906 3.508385181427002 
v -74.11799621582031 -152.62940979003906 3.508385181427002 
v 148.29653930664062 -152.62940979003906 -16.921180725097656 
v -74.11799621582031 -152.62940979003906 -16.921180725097656 
v 57.19800567626953 -291.4123229980469 280.6275634765625 
v 57.19800567626953 -291.9565734863281 280.72186279296875 
v 56.376686096191406 -291.4123229980469 280.6275634765625 
v 56.376686096191406 -291.9565734863281 280.72186279296875 
v 56.376686096191406 -291.4123229980469 281.298095703125 
v 56.376686096191406 -291.7199401855469 281.3504638671875 
v 57.19800567626953 -292.4298400878906 280.9942626953125 
v 56.376686096191406 -292.4298400878906 280.9942626953125 
v 56.376686096191406 -292.00390625 281.50762939453125 
v 57.19800567626953 -292.7847595214844 281.4237976074219 
v 56.376686096191406 -292.7847595214844 281.4237976074219 
v 56.376686096191406 -292.21685791015625 281.7590637207031 
v 57.19800567626953 -292.97406005859375 281.9371643066406 
v 56.376686096191406 -292.97406005859375 281.9371643066406 
v 56.376686096191406 -292.3115234375 282.0523986816406 
v 57.19800567626953 -292.97406005859375 282.492431640625 
v 56.376686096191406 -292.97406005859375 282.492431640625 
v 56.376686096191406 -292.3115234375 282.377197265625 
v 57.19800567626953 -292.7847595214844 283.00579833984375 
v 56.376686096191406 -292.7847595214844 283.00579833984375 
v 56.376686096191406 -292.21685791015625 282.6809997558594 
v 57.19800567626953 -292.4298400878906 283.4353332519531 
v 56.376686096191406 -292.4298400878906 283.4353332519531 
v 56.376686096191406 -292.00390625 282.9219665527344 
v 57.19800567626953 -291.9565734863281 283.7077331542969 
v 56.376686096191406 -291.9565734863281 283.7077331542969 
v 56.376686096191406 -291.7199401855469 283.0791320800781 
v 57.19800567626953 -291.4123229980469 283.802001953125 
v 56.376686096191406 -291.4123229980469 283.802001953125 
v 56.376686096191406 -291.4123229980469 283.1315002441406 
v 57.19800567626953 -290.8680725097656 283.7077331542969 
v 56.376686096191406 -290.8680725097656 283.7077331542969 
v 56.376686096191406 -291.1047058105469 283.0791320800781 
v 57.19800567626953 -290.3948059082031 283.4353332519531 
v 56.376686096191406 -290.3948059082031 283.4353332519531 
v 56.376686096191406 -290.82073974609375 282.9219665527344 
v 57.19800567626953 -290.0398864746094 283.00579833984375 
v 56.376686096191406 -290.0398864746094 283.00579833984375 
v 56.376686096191406 -290.6077880859375 282.6809997558594 
v 57.19800567626953 -289.8505554199219 282.492431640625 
v 56.376686096191406 -289.8505554199219 282.492431640625 
v 56.376686096191406 -290.51312255859375 282.377197265625 
v 57.19800567626953 -289.8505554199219 281.9371643066406 
v 56.376686096191406 -289.8505554199219 281.9371643066406 
v 56.376686096191406 -290.51312255859375 282.0523986816406 
v 57.19800567626953 -290.0398864746094 281.4237976074219 
v 56.376686096191406 -290.0398864746094 281.4237976074219 
v 56.376686096191406 -290.6077880859375 281.7590637207031 
v 57.19800567626953 -290.3948059082031 280.9942626953125 
v 56.376686096191406 -290.3948059082031 280.9942626953125 
v 56.376686096191406 -290.82073974609375 281.50762939453125 
v 57.19800567626953 -290.8680725097656 280.72186279296875 
v 56.376686096191406 -290.8680725097656 280.72186279296875 
v 56.376686096191406 -291.1047058105469 281.3504638671875 
v 57.19800567626953 -291.4123229980469 280.6275634765625 
v 56.376686096191406 -291.4123229980469 280.6275634765625 
v 56.376686096191406 -291.4123229980469 281.298095703125 
v -74.11799621582031 -152.62940979003906 -16.921180725097656 
v -74.11799621582031 -152.62940979003906 3.508385181427002 
v -74.11799621582031 -139.6148223876953 -16.921180725097656 
v -74.11799621582031 -139.6148223876953 3.508385181427002 
v 148.29653930664062 -152.62940979003906 3.508385181427002 
v 148.29653930664062 -139.6148223876953 3.508385181427002 
v 148.29653930664062 -139.6148223876953 -16.921180725097656 
v 148.29653930664062 -152.62940979003906 -16.921180725097656 
v -74.11799621582031 -63.44394302368164 -13.62101936340332 
v -74.11799621582031 -63.44394302368164 3.508385181427002 
v -74.11799621582031 -50.45301055908203 -13.62101936340332 
v -74.11799621582031 -50.45301055908203 3.508385181427002 
v 148.29653930664062 -63.44394302368164 3.508385181427002 
v 148.29653930664062 -50.45301055908203 3.508385181427002 
v 148.29653930664062 -50.45301055908203 -13.62101936340332 
v 148.29653930664062 -63.44394302368164 -13.62101936340332 
v -74.11799621582031 -19.478273391723633 -13.62101936340332 
v -74.11799621582031 -19.478273391723633 3.508385181427002 
v -74.11799621582031 -6.487342357635498 -13.62101936340332 
v -74.11799621582031 -6.487342357635498 3.508385181427002 
v 148.29653930664062 -19.478273391723633 3.508385181427002 
v 148.29653930664062 -6.487342357635498 3.508385181427002 
v 148.29653930664062 -6.487342357635498 -13.62101936340332 
v 148.29653930664062 -19.478273391723633 -13.62101936340332 
v -1.0817023515701294 -100.90231323242188 12.23547649383545 
v -0.46401622891426086 -100.28707885742188 12.23547649383545 
v -7.1635355949401855 -100.90231323242188 12.23547649383545 
v -7.781221389770508 -100.28707885742188 12.23547649383545 
v -0.46401622891426086 -90.98755645751953 12.23547649383545 
v -7.781221389770508 -90.98755645751953 12.23547649383545 
v -7.781221389770508 -89.85173797607422 11.103992462158203 
v -0.46401622891426086 -89.85173797607422 11.103992462158203 
v -0.46401622891426086 -89.85173797607422 8.411480903625488 
v -74.11799621582031 25.48123550415039 -13.62101936340332 
v -74.11799621582031 25.48123550415039 3.508385181427002 
v -74.11799621582031 38.47216796875 -13.62101936340332 
v -74.11799621582031 38.47216796875 3.508385181427002 
v 148.29653930664062 25.48123550415039 3.508385181427002 
v 148.29653930664062 38.47216796875 3.508385181427002 
v 148.29653930664062 38.47216796875 -13.62101936340332 
v 148.29653930664062 25.48123550415039 -13.62101936340332 
v 148.29653930664062 115.02165222167969 3.508385181427002 
v -74.11799621582031 115.02165222167969 3.508385181427002 
v 148.29653930664062 115.02165222167969 -13.62101936340332 
v -74.11799621582031 115.02165222167969 -13.62101936340332 
v 30.549259185791016 -2.204357385635376 12.23547649383545 
v 30.549259185791016 -40.72755813598633 12.23547649383545 
v 34.683006286621094 -2.204357385635376 12.23547649383545 
v 34.683006286621094 -40.72755813598633 12.23547649383545 
v -25.470123291015625 -387.01043701171875 234.802490234375 
v -23.006166458129883 -386.9631042480469 228.58981323242188 
v -18.58733558654785 -387.2944030761719 237.10736083984375 
v -16.12337875366211 -387.2470703125 230.8842010498047 
v -74.11799621582031 -6.487342357635498 3.508385181427002 
v 148.29653930664062 -6.487342357635498 3.508385181427002 
v -74.11799621582031 -6.487342357635498 -13.62101936340332 
v 148.29653930664062 -6.487342357635498 -13.62101936340332 
v -74.11799621582031 -139.6148223876953 3.508385181427002 
v 148.29653930664062 -139.6148223876953 3.508385181427002 
v -74.11799621582031 -139.6148223876953 -16.921180725097656 
v 148.29653930664062 -139.6148223876953 -16.921180725097656 
v 33.685203552246094 -129.72372436523438 -7.890264511108398 
v 33.685203552246094 -129.72372436523438 -0.2213200032711029 
v 33.685203552246094 -115.3840103149414 -7.890264511108398 
v 33.685203552246094 -115.3840103149414 -0.2213200032711029 
v 148.29653930664062 -19.478273391723633 3.508385181427002 
v -74.11799621582031 -19.478273391723633 3.508385181427002 
v 148.29653930664062 -19.478273391723633 -13.62101936340332 
v -74.11799621582031 -19.478273391723633 -13.62101936340332 
v 90.03040313720703 -193.82652282714844 -20.944232940673828 
v 86.11386108398438 -193.82652282714844 -20.944232940673828 
v 90.03040313720703 -193.82652282714844 -16.38686752319336 
v 86.11386108398438 -193.82652282714844 -16.38686752319336 
v 86.11386108398438 -194.74937438964844 -15.119187355041504 
v 90.03040313720703 -194.74937438964844 -15.119187355041504 
v 90.03040313720703 -214.88650512695312 -8.19408893585205 
v 64.20976257324219 -232.13674926757812 -2.756681442260742 
v 64.20976257324219 -232.13674926757812 -1.5832910537719727 
v 63.754981994628906 -231.75814819335938 -1.5832910537719727 
v 63.754981994628906 -231.75814819335938 -0.33656370639801025 
v 63.754981994628906 -231.75814819335938 0.7949199080467224 
v 63.754981994628906 -230.3856964111328 0.7949199080467224 
v 63.754981994628906 -229.27354431152344 0.7949199080467224 
v 111.38468933105469 -218.64891052246094 -29.78656768798828 
v 111.38468933105469 -218.64891052246094 -24.181533813476562 
v 87.58680725097656 -218.64891052246094 -29.78656768798828 
v 87.58680725097656 -218.64891052246094 -24.181533813476562 
v 84.67485809326172 -218.64891052246094 -29.78656768798828 
v 86.28355407714844 -218.64891052246094 -24.181533813476562 
v -6.939539432525635 -218.64891052246094 -29.78656768798828 
v -8.548238754272461 -218.64891052246094 -24.181533813476562 
v -9.85148811340332 -218.64891052246094 -24.181533813476562 
v -9.58676528930664 -218.64891052246094 -9.346526145935059 
v -34.009124755859375 -218.64891052246094 -21.824275970458984 
v 111.75122833251953 -218.64891052246094 -21.824275970458984 
v 87.32887268066406 -218.64891052246094 -9.346526145935059 
v 85.44866180419922 -218.64891052246094 -7.502626419067383 
v -7.713344097137451 -218.64891052246094 -7.502626419067383 
v 110.29865264892578 -386.9631042480469 185.44676208496094 
v 110.29865264892578 -293.8022766113281 185.44676208496094 
v 103.66700744628906 -386.9631042480469 185.44676208496094 
v 103.66700744628906 -293.8022766113281 185.44676208496094 
v 103.66700744628906 -293.8022766113281 231.3661346435547 
v 110.29865264892578 -293.8022766113281 231.3661346435547 
v 93.15956115722656 -293.8022766113281 256.9292907714844 
v 97.42227172851562 -293.8022766113281 262 
v 73.27142333984375 -293.4946594238281 269.21844482421875 
v 75.65392303466797 -293.6366271972656 275.7978210449219 
v 63.53098678588867 -387.2470703125 230.8842010498047 
v 70.406982421875 -386.9631042480469 228.58981323242188 
v 47.539024353027344 -214.88650512695312 -8.19408893585205 
v 48.50967025756836 -214.88650512695312 -9.157944679260254 
v 47.539024353027344 -194.74937438964844 -15.119187355041504 
v 48.50967025756836 -194.7967071533203 -16.114473342895508 
v 47.539024353027344 -193.82652282714844 -16.38686752319336 
v 47.539024353027344 -193.82652282714844 -20.944232940673828 
v 48.50967025756836 -214.8628387451172 -25.941617965698242 
v 48.50967025756836 -194.77304077148438 -21.164243698120117 
v -56.931392669677734 -386.9631042480469 185.44676208496094 
v -63.556243896484375 -386.9631042480469 185.44676208496094 
v -56.931392669677734 -386.9631042480469 180.07220458984375 
v -63.556243896484375 -386.9631042480469 180.07220458984375 
v -74.11799621582031 -107.953857421875 -13.62101936340332 
v 148.29653930664062 -107.953857421875 -13.62101936340332 
v -74.11799621582031 -107.953857421875 3.508385181427002 
v 148.29653930664062 -107.953857421875 3.508385181427002 
v -74.11799621582031 -50.45301055908203 3.508385181427002 
v 148.29653930664062 -50.45301055908203 3.508385181427002 
v -74.11799621582031 -50.45301055908203 -13.62101936340332 
v 148.29653930664062 -50.45301055908203 -13.62101936340332 
v -74.11799621582031 -94.96292877197266 3.508385181427002 
v 148.29653930664062 -94.96292877197266 3.508385181427002 
v -74.11799621582031 -94.96292877197266 -13.62101936340332 
v 148.29653930664062 -94.96292877197266 -13.62101936340332 
v 72.87773132324219 -387.01043701171875 234.802490234375 
v 65.99494171142578 -387.2944030761719 237.10736083984375 
v 72.87773132324219 -387.01043701171875 234.802490234375 
v 65.99494171142578 -387.2944030761719 237.10736083984375 
v 70.406982421875 -386.9631042480469 228.58981323242188 
v 63.53098678588867 -387.2470703125 230.8842010498047 
v -74.11799621582031 82.98208618164062 3.508385181427002 
v 148.29653930664062 82.98208618164062 3.508385181427002 
v -74.11799621582031 82.98208618164062 -13.62101936340332 
v 148.29653930664062 82.98208618164062 -13.62101936340332 
v 57.78853988647461 -214.88650512695312 -8.19408893585205 
v 61.705078125 -214.88650512695312 -8.19408893585205 
v 57.78853988647461 -194.74937438964844 -15.119187355041504 
v 61.705078125 -194.74937438964844 -15.119187355041504 
v 61.705078125 -193.82652282714844 -16.38686752319336 
v 57.78853988647461 -193.82652282714844 -16.38686752319336 
v 57.78853988647461 -193.82652282714844 -20.944232940673828 
v -74.11799621582031 25.48123550415039 -13.62101936340332 
v 148.29653930664062 25.48123550415039 -13.62101936340332 
v -74.11799621582031 25.48123550415039 3.508385181427002 
v 148.29653930664062 25.48123550415039 3.508385181427002 
v 43.62248611450195 -214.88650512695312 -8.19408893585205 
v 47.539024353027344 -214.88650512695312 -8.19408893585205 
v 43.62248611450195 -194.74937438964844 -15.119187355041504 
v 47.539024353027344 -194.74937438964844 -15.119187355041504 
v 47.539024353027344 -193.82652282714844 -16.38686752319336 
v 43.62248611450195 -193.82652282714844 -16.38686752319336 
v 43.62248611450195 -193.82652282714844 -20.944232940673828 
v -10.055121421813965 -628.0643920898438 147.04965209960938 
v -4.835333824157715 -624.2073364257812 143.5399627685547 
v -25.687332153320312 -639.7775268554688 146.7563018798828 
v -20.630451202392578 -636.01513671875 143.2361297607422 
v -14.514679908752441 -562.5654907226562 168.95643615722656 
v -8.561814308166504 -558.2588500976562 167.47921752929688 
v -14.98303508758545 -562.9677734375 162.38754272460938 
v -9.030169486999512 -558.6611328125 160.9103240966797 
v -9.7632474899292 -572.1253051757812 164.0742950439453 
v -39.581878662109375 -594.368408203125 157.5787353515625 
v -10.055121421813965 -572.50390625 157.6625518798828 
v -37.2536735534668 -592.6883544921875 151.6070098876953 
v -49.926422119140625 -602.1771850585938 151.33462524414062 
v -45.28359603881836 -598.722412109375 148.09732055664062 
v -52.166385650634766 -603.8809204101562 146.2953338623047 
v -47.523555755615234 -600.4497680664062 143.04754638671875 
v -18.41085433959961 -643.5399169921875 138.6473388671875 
v -22.795745849609375 -637.6715087890625 138.60543823242188 
v -16.25234603881836 -641.883544921875 143.27804565429688 
v -20.630451202392578 -636.01513671875 143.2361297607422 
v -0.45722848176956177 -630.0520629882812 143.59234619140625 
v -4.835333824157715 -624.2073364257812 143.5399627685547 
v -49.607398986816406 -602.0352172851562 138.36447143554688 
v -47.523555755615234 -600.4497680664062 143.04754638671875 
v -54.10768508911133 -596.0248413085938 138.3120880126953 
v -52.0306282043457 -594.415771484375 142.9951629638672 
v -49.78388214111328 -592.7120361328125 148.04493713378906 
v -45.28359603881836 -598.722412109375 148.09732055664062 
v -41.75395965576172 -586.654296875 151.55462646484375 
v -37.2536735534668 -592.6883544921875 151.6070098876953 
v -13.2725191116333 -565.4996948242188 160.4912567138672 
v -10.055121421813965 -572.50390625 157.6625518798828 
v -4.231223106384277 -568.0552978515625 156.20628356933594 
v 18.168384552001953 -606.7914428710938 141.28746032714844 
v -7.4486212730407715 -561.07470703125 159.03500366210938 
v 47.98701477050781 -519.9249267578125 120.36549377441406 
v 51.19762420654297 -526.9291381835938 117.53678894042969 
v 52.10718536376953 -516.99072265625 114.8757095336914 
v 55.3245849609375 -523.9949951171875 112.0469970703125 
v 65.39083099365234 -516.5175170898438 80.00924682617188 
v 69.60603332519531 -568.6231689453125 105.39429473876953 
v 73.78050231933594 -565.3340454101562 99.86259460449219 
v 73.99092102050781 -574.4679565429688 105.4466781616211 
v 78.15860748291016 -571.1787719726562 99.91497802734375 
v 22.546489715576172 -612.6598510742188 141.33984375 
v 12.05940055847168 -611.1217651367188 142.9218292236328 
v 16.4375057220459 -616.9901733398438 142.97421264648438 
v 2.5361735820770264 -618.5755615234375 143.46661376953125 
v 79.43470764160156 -561.5006713867188 89.7001953125 
v 83.8196029663086 -567.3690795898438 89.75257873535156 
v 90.03040313720703 -214.88650512695312 -8.19408893585205 
v 91.00105285644531 -214.88650512695312 -9.157944679260254 
v 90.03040313720703 -194.74937438964844 -15.119187355041504 
v 91.00105285644531 -194.7967071533203 -16.114473342895508 
v 90.03040313720703 -193.82652282714844 -16.38686752319336 
v 90.03040313720703 -193.82652282714844 -20.944232940673828 
v 91.00105285644531 -214.8628387451172 -25.941617965698242 
v 91.00105285644531 -194.77304077148438 -21.164243698120117 
v 91.5237045288086 -552.792724609375 64.99613952636719 
v 83.66348266601562 -558.5191650390625 81.58075714111328 
v 96.5805892944336 -549.0303344726562 61.46548843383789 
v 88.54388427734375 -554.8987426757812 78.2701187133789 
v 27.759489059448242 -293.5419921875 275.4101867675781 
v 33.481571197509766 -293.5419921875 275.4101867675781 
v 27.759489059448242 -293.5419921875 279.9570617675781 
v 33.481571197509766 -293.5419921875 279.9570617675781 
v 28.601171493530273 -293.0687255859375 279.9570617675781 
v 32.639888763427734 -293.0687255859375 279.9570617675781 
v 33.481571197509766 -289.3536376953125 275.4101867675781 
v 33.481571197509766 -289.3536376953125 279.9570617675781 
v 32.639888763427734 -289.8032531738281 279.9570617675781 
v 27.759489059448242 -289.3536376953125 275.4101867675781 
v 27.759489059448242 -289.3536376953125 279.9570617675781 
v 28.601171493530273 -289.8032531738281 279.9570617675781 
v 27.759489059448242 -293.5419921875 275.4101867675781 
v 27.759489059448242 -293.5419921875 279.9570617675781 
v 28.601171493530273 -293.0687255859375 279.9570617675781 
v 84.53231811523438 -557.7619018554688 86.37908172607422 
v 89.03260040283203 -563.606689453125 86.49432373046875 
v 67.23031616210938 -515.2160034179688 69.60588836669922 
v 71.87313842773438 -511.784912109375 66.36858367919922 
v 65.39083099365234 -516.5175170898438 80.00924682617188 
v 70.6649169921875 -512.5657958984375 80.66928100585938 
v 55.3245849609375 -523.9949951171875 112.0469970703125 
v 59.451541900634766 -520.7767944335938 115.78717803955078 
v 60.883758544921875 -510.5071105957031 79.95686340332031 
v 67.23031616210938 -515.2160034179688 69.60588836669922 
v 62.73003005981445 -509.2056579589844 69.55350494384766 
v 64.9903564453125 -516.9434204101562 64.55611419677734 
v 60.483280181884766 -510.93304443359375 64.50373077392578 
v 58.406227111816406 -512.5184326171875 59.820648193359375 
v 62.90650939941406 -518.552490234375 59.87303161621094 
v 91.5237045288086 -552.792724609375 64.99613952636719 
v 89.52131652832031 -554.330810546875 60.25019073486328 
v 95.90180969238281 -558.6611328125 65.04852294921875 
v 93.89942169189453 -560.19921875 60.302574157714844 
v 88.04837036132812 -564.3875122070312 81.63314056396484 
v 83.66348266601562 -558.5191650390625 81.58075714111328 
v 58.664161682128906 -508.4957580566406 64.48278045654297 
v 56.580318450927734 -510.0811767578125 59.7996940612793 
v 103.66700744628906 -386.9631042480469 180.07220458984375 
v 110.29865264892578 -386.9631042480469 180.07220458984375 
v 103.66700744628906 -386.9631042480469 185.44676208496094 
v 110.29865264892578 -386.9631042480469 185.44676208496094 
v -63.556243896484375 -386.9631042480469 180.07220458984375 
v -63.556243896484375 -293.8022766113281 180.07220458984375 
v -56.931392669677734 -386.9631042480469 180.07220458984375 
v -56.931392669677734 -293.8022766113281 180.07220458984375 
v -63.556243896484375 -288.5491027832031 180.07220458984375 
v -56.931392669677734 -288.5491027832031 180.07220458984375 
v -74.11799621582031 -107.953857421875 -13.62101936340332 
v -74.11799621582031 -107.953857421875 3.508385181427002 
v -74.11799621582031 -94.96292877197266 -13.62101936340332 
v -74.11799621582031 -94.96292877197266 3.508385181427002 
v 148.29653930664062 -107.953857421875 3.508385181427002 
v 148.29653930664062 -94.96292877197266 3.508385181427002 
v 148.29653930664062 -94.96292877197266 -13.62101936340332 
v 148.29653930664062 -107.953857421875 -13.62101936340332 
v 18.168384552001953 -606.7914428710938 141.28746032714844 
v -4.231223106384277 -568.0552978515625 156.20628356933594 
v 18.399168014526367 -606.7677612304688 144.53524780273438 
v -3.9461371898651123 -567.6766967773438 162.61802673339844 
v 51.19762420654297 -526.9291381835938 117.53678894042969 
v 55.3245849609375 -523.7109985351562 121.26649475097656 
v 71.81884002685547 -567.1324462890625 107.26962280273438 
v 69.60603332519531 -568.6231689453125 105.39429473876953 
v 69.60603332519531 -568.6231689453125 105.39429473876953 
v 18.168384552001953 -606.7914428710938 141.28746032714844 
v 71.81884002685547 -567.1324462890625 107.26962280273438 
v 18.399168014526367 -606.7677612304688 144.53524780273438 
v 91.5237045288086 -552.792724609375 64.99613952636719 
v 96.5805892944336 -549.0303344726562 61.46548843383789 
v 64.9903564453125 -516.9434204101562 64.55611419677734 
v 69.6331787109375 -513.5123291015625 61.318817138671875 
v 67.23031616210938 -515.2160034179688 69.60588836669922 
v 71.87313842773438 -511.784912109375 66.36858367919922 
v -74.11799621582031 38.47216796875 3.508385181427002 
v 148.29653930664062 38.47216796875 3.508385181427002 
v -74.11799621582031 38.47216796875 -13.62101936340332 
v 148.29653930664062 38.47216796875 -13.62101936340332 
v 148.29653930664062 69.99114990234375 -13.62101936340332 
v 148.29653930664062 82.98208618164062 -13.62101936340332 
v 148.29653930664062 69.99114990234375 3.508385181427002 
v 148.29653930664062 82.98208618164062 3.508385181427002 
v -74.11799621582031 82.98208618164062 3.508385181427002 
v -74.11799621582031 69.99114990234375 3.508385181427002 
v -74.11799621582031 82.98208618164062 -13.62101936340332 
v -74.11799621582031 69.99114990234375 -13.62101936340332 
v -6.342216491699219 -243.11634826660156 -10.247522354125977 
v -10.055121421813965 -243.11634826660156 -10.53039264678955 
v -35.67212677001953 -238.33644104003906 -25.072052001953125 
v -36.310176849365234 -243.11634826660156 -25.9835262298584 
v -38.10214614868164 -238.33644104003906 -30.760900497436523 
v -38.10214614868164 -243.11634826660156 -31.881906509399414 
v -38.10214614868164 -238.33644104003906 -34.281070709228516 
v -38.10214614868164 -243.11634826660156 -34.281070709228516 
v -38.10214614868164 -218.64891052246094 -29.78656768798828 
v -38.10214614868164 -218.625244140625 -24.171056747436523 
v -38.10214614868164 -214.0583038330078 -29.78656768798828 
v -38.10214614868164 -214.0583038330078 -25.04062271118164 
v -36.310176849365234 -218.64891052246094 -20.263246536254883 
v -35.67212677001953 -214.0583038330078 -19.341297149658203 
v -9.973668098449707 -214.0583038330078 -4.13960599899292 
v -74.11799621582031 -63.44394302368164 -13.62101936340332 
v 148.29653930664062 -63.44394302368164 -13.62101936340332 
v -74.11799621582031 -63.44394302368164 3.508385181427002 
v 148.29653930664062 -63.44394302368164 3.508385181427002 
v 55.3245849609375 -523.9949951171875 112.0469970703125 
v 59.451541900634766 -520.7767944335938 115.78717803955078 
v 73.78050231933594 -565.3340454101562 99.86259460449219 
v 75.9661636352539 -563.866943359375 101.71697235107422 
v 84.53231811523438 -557.7619018554688 86.37908172607422 
v -14.98303508758545 -562.9677734375 162.38754272460938 
v -9.030169486999512 -558.6611328125 160.9103240966797 
v 88.04837036132812 -564.3875122070312 81.63314056396484 
v 95.90180969238281 -558.6611328125 65.04852294921875 
v 92.92877197265625 -560.76708984375 78.31202697753906 
v 100.96548461914062 -554.8987426757812 61.51787185668945 
v 93.89942169189453 -560.19921875 60.302574157714844 
v 99.01060485839844 -556.4131469726562 56.74049758911133 
v 94.62571716308594 -550.5447387695312 56.688114166259766 
v 89.52131652832031 -554.330810546875 60.25019073486328 
v 62.90650939941406 -518.552490234375 59.87303161621094 
v 67.5493392944336 -515.0977172851562 56.6357307434082 
v 58.406227111816406 -512.5184326171875 59.820648193359375 
v 63.04905319213867 -509.08734130859375 56.58334732055664 
v 56.580318450927734 -510.0811767578125 59.7996940612793 
v 61.223148345947266 -506.6500549316406 56.56239318847656 
v 51.53701400756836 -513.60693359375 115.98623657226562 
v 47.49150848388672 -516.73046875 121.47602844238281 
v -53.84975051879883 -591.9784545898438 142.97421264648438 
v -55.933589935302734 -593.5875244140625 138.2911376953125 
v 148.29653930664062 115.02165222167969 -13.62101936340332 
v 148.29653930664062 128.03623962402344 -13.62101936340332 
v 148.29653930664062 115.02165222167969 3.508385181427002 
v 148.29653930664062 128.03623962402344 3.508385181427002 
v -74.11799621582031 128.03623962402344 3.508385181427002 
v -74.11799621582031 115.02165222167969 3.508385181427002 
v -74.11799621582031 128.03623962402344 -13.62101936340332 
v -74.11799621582031 115.02165222167969 -13.62101936340332 
v 2.5361735820770264 -618.5755615234375 143.46661376953125 
v 6.914278984069824 -624.4202880859375 143.5189971923828 
v -2.57500958442688 -622.4089965820312 146.96583557128906 
v 1.8506098985671997 -628.301025390625 147.1334686279297 
v 55.731849670410156 -510.4361267089844 119.94642639160156 
v 51.53701400756836 -513.60693359375 115.98623657226562 
v 51.69313049316406 -513.5359497070312 125.44669342041016 
v 47.49150848388672 -516.73046875 121.47602844238281 
v 63.30698776245117 -505.0409851074219 61.245479583740234 
v 61.223148345947266 -506.6500549316406 56.56239318847656 
v 58.664161682128906 -508.4957580566406 64.48278045654297 
v 56.580318450927734 -510.0811767578125 59.7996940612793 
v -53.84975051879883 -591.9784545898438 142.97421264648438 
v -55.933589935302734 -593.5875244140625 138.2911376953125 
v -58.49936294555664 -595.4332885742188 146.2220001220703 
v -60.576419830322266 -597.0186767578125 141.52842712402344 
v 79.43470764160156 -561.5006713867188 89.7001953125 
v 84.53231811523438 -557.7619018554688 86.37908172607422 
v 83.8196029663086 -567.3690795898438 89.75257873535156 
v 89.03260040283203 -563.606689453125 86.49432373046875 
v 88.04837036132812 -564.3875122070312 81.63314056396484 
v 92.92877197265625 -560.76708984375 78.31202697753906 
v 83.66348266601562 -558.5191650390625 81.58075714111328 
v 88.54388427734375 -554.8987426757812 78.2701187133789 
v -8.561814308166504 -558.2588500976562 167.47921752929688 
v -14.514679908752441 -562.5654907226562 168.95643615722656 
v 12.81284236907959 -232.72833251953125 -2.662391185760498 
v 12.81284236907959 -232.72833251953125 -4.13960599899292 
v -63.556243896484375 -386.9631042480469 180.07220458984375 
v -63.556243896484375 -386.9631042480469 185.44676208496094 
v -58.49936294555664 -595.4332885742188 146.2220001220703 
v -56.673458099365234 -597.8705444335938 146.24295043945312 
v -53.84975051879883 -591.9784545898438 142.97421264648438 
v -52.0306282043457 -594.415771484375 142.9951629638672 
v -54.42670822143555 -596.1431274414062 151.28224182128906 
v -49.78388214111328 -592.7120361328125 148.04493713378906 
v -44.088951110839844 -588.3580322265625 157.52635192871094 
v -41.75395965576172 -586.654296875 151.55462646484375 
v -12.967070579528809 -565.144775390625 166.9449005126953 
v -13.2725191116333 -565.4996948242188 160.4912567138672 
v -14.98303508758545 -562.9677734375 162.38754272460938 
v -14.514679908752441 -562.5654907226562 168.95643615722656 
v -0.45722848176956177 -630.0520629882812 143.59234619140625 
v -5.670228004455566 -633.9328002929688 147.10203552246094 
v -16.25234603881836 -641.883544921875 143.27804565429688 
v -21.302438735961914 -645.6222534179688 146.80868530273438 
v -18.41085433959961 -643.5399169921875 138.6473388671875 
v -23.515249252319336 -647.3259887695312 142.20941162109375 
v -27.900142669677734 -641.4575805664062 142.16751098632812 
v -22.795745849609375 -637.6715087890625 138.60543823242188 
v -49.607398986816406 -602.0352172851562 138.36447143554688 
v -54.25022506713867 -605.489990234375 141.6017608642578 
v -54.10768508911133 -596.0248413085938 138.3120880126953 
v -58.75729751586914 -599.4559326171875 141.54937744140625 
v -60.576419830322266 -597.0186767578125 141.52842712402344 
v -55.933589935302734 -593.5875244140625 138.2911376953125 
v 148.29653930664062 69.99114990234375 3.508385181427002 
v -74.11799621582031 69.99114990234375 3.508385181427002 
v 148.29653930664062 69.99114990234375 -13.62101936340332 
v -74.11799621582031 69.99114990234375 -13.62101936340332 
v 89.03260040283203 -563.606689453125 86.49432373046875 
v 80.74474334716797 -569.6880493164062 102.09413146972656 
v 83.8196029663086 -567.3690795898438 89.75257873535156 
v 78.15860748291016 -571.1787719726562 99.91497802734375 
v 76.27839660644531 -572.9771728515625 107.3848648071289 
v 73.99092102050781 -574.4679565429688 105.4466781616211 
v 22.546489715576172 -612.6598510742188 141.33984375 
v 22.82478904724121 -612.6361694335938 144.67144775390625 
v 16.4375057220459 -616.9901733398438 142.97421264648438 
v 16.87870979309082 -617.0611572265625 146.6410675048828 
v 6.914278984069824 -624.4202880859375 143.5189971923828 
v 1.8506098985671997 -628.301025390625 147.1334686279297 
v -56.931392669677734 -386.9631042480469 185.44676208496094 
v -56.931392669677734 -293.8022766113281 185.44676208496094 
v -63.556243896484375 -386.9631042480469 185.44676208496094 
v -63.556243896484375 -293.8022766113281 185.44676208496094 
v -56.931392669677734 -293.8022766113281 231.3661346435547 
v -63.556243896484375 -293.8022766113281 231.3661346435547 
v -46.4239387512207 -293.8022766113281 256.9292907714844 
v -50.67986297607422 -293.8022766113281 262 
v -26.535802841186523 -293.4946594238281 269.21844482421875 
v -28.918306350708008 -293.6366271972656 275.7978210449219 
v 75.86434173583984 -214.88650512695312 -8.19408893585205 
v 76.83499145507812 -214.88650512695312 -9.157944679260254 
v 75.86434173583984 -194.74937438964844 -15.119187355041504 
v 76.83499145507812 -194.7967071533203 -16.114473342895508 
v 75.86434173583984 -193.82652282714844 -16.38686752319336 
v 75.86434173583984 -193.82652282714844 -20.944232940673828 
v 76.83499145507812 -214.8628387451172 -25.941617965698242 
v 76.83499145507812 -194.77304077148438 -21.164243698120117 
v -5.670228004455566 -633.9328002929688 147.10203552246094 
v -0.45722848176956177 -630.0520629882812 143.59234619140625 
v -10.055121421813965 -628.0643920898438 147.04965209960938 
v -4.835333824157715 -624.2073364257812 143.5399627685547 
v -74.11799621582031 128.03623962402344 3.508385181427002 
v 148.29653930664062 128.03623962402344 3.508385181427002 
v -74.11799621582031 128.03623962402344 -13.62101936340332 
v 148.29653930664062 128.03623962402344 -13.62101936340332 
v 61.705078125 -214.88650512695312 -8.19408893585205 
v 62.67572784423828 -214.88650512695312 -9.157944679260254 
v 61.705078125 -194.74937438964844 -15.119187355041504 
v 62.67572784423828 -194.7967071533203 -16.114473342895508 
v 61.705078125 -193.82652282714844 -16.38686752319336 
v 61.705078125 -193.82652282714844 -20.944232940673828 
v 62.67572784423828 -214.8628387451172 -25.941617965698242 
v 62.67572784423828 -194.77304077148438 -21.164243698120117 
v 55.731849670410156 -510.4361267089844 119.94642639160156 
v 56.27486801147461 -513.7489013671875 118.6473159790039 
v 51.53701400756836 -513.60693359375 115.98623657226562 
v 52.10718536376953 -516.99072265625 114.8757095336914 
v 60.883758544921875 -510.5071105957031 79.95686340332031 
v 66.16463470458984 -506.53173828125 80.61689758300781 
v 62.73003005981445 -509.2056579589844 69.55350494384766 
v 67.37285614013672 -505.7508544921875 66.31620025634766 
v 60.483280181884766 -510.93304443359375 64.50373077392578 
v 65.13289642333984 -507.478271484375 61.26643371582031 
v 63.30698776245117 -505.0409851074219 61.245479583740234 
v 70.5766830444336 -4.4286699295043945 7.908599376678467 
v 70.5766830444336 -4.4286699295043945 10.705878257751465 
v 71.31654357910156 -1.660110592842102 7.908599376678467 
v 71.31654357910156 -1.660110592842102 10.705878257751465 
v 73.34608459472656 0.3748987913131714 7.908599376678467 
v 73.34608459472656 0.3748987913131714 10.705878257751465 
v 76.12227630615234 1.1084487438201904 7.908599376678467 
v 76.12227630615234 1.1084487438201904 10.705878257751465 
v 78.89847564697266 0.3748987913131714 7.908599376678467 
v 78.89847564697266 0.3748987913131714 10.705878257751465 
v 80.92801666259766 -1.660110592842102 7.908599376678467 
v 80.92801666259766 -1.660110592842102 10.705878257751465 
v 81.67466735839844 -4.4286699295043945 7.908599376678467 
v 81.67466735839844 -4.4286699295043945 10.705878257751465 
v 80.92801666259766 -7.220891952514648 7.908599376678467 
v 80.92801666259766 -7.220891952514648 10.705878257751465 
v 78.89847564697266 -9.23223876953125 7.908599376678467 
v 78.89847564697266 -9.23223876953125 10.705878257751465 
v 76.12227630615234 -9.98945140838623 7.908599376678467 
v 76.12227630615234 -9.98945140838623 10.705878257751465 
v 73.34608459472656 -9.23223876953125 7.908599376678467 
v 73.34608459472656 -9.23223876953125 10.705878257751465 
v 71.31654357910156 -7.220891952514648 7.908599376678467 
v 71.31654357910156 -7.220891952514648 10.705878257751465 
v 70.5766830444336 -4.4286699295043945 7.908599376678467 
v 70.5766830444336 -4.4286699295043945 10.705878257751465 
v 70.0811767578125 -0.9502236247062683 11.784977912902832 
v 72.63336944580078 1.6053695678710938 11.784977912902832 
v 76.12227630615234 2.5518856048583984 11.784977912902832 
v 79.61119079589844 1.6053695678710938 11.784977912902832 
v 82.17017364501953 -0.9502236247062683 11.784977912902832 
v 83.10009765625 -4.4286699295043945 11.784977912902832 
v 82.17017364501953 -7.930778980255127 11.784977912902832 
v 79.61119079589844 -10.486371994018555 11.784977912902832 
v 76.12227630615234 -11.409225463867188 11.784977912902832 
v 72.63336944580078 -10.486371994018555 11.784977912902832 
v 70.0811767578125 -7.930778980255127 11.784977912902832 
v 69.14446258544922 -4.4286699295043945 11.784977912902832 
v 72.53834533691406 1.771009922027588 12.528823852539062 
v 76.12227630615234 2.7175259590148926 12.528823852539062 
v 79.70621490478516 1.771009922027588 12.528823852539062 
v 82.3262939453125 -0.855571985244751 12.528823852539062 
v 83.29015350341797 -4.4286699295043945 12.528823852539062 
v 82.3262939453125 -8.025430679321289 12.528823852539062 
v 79.70621490478516 -10.628349304199219 12.528823852539062 
v 76.12227630615234 -11.598528861999512 12.528823852539062 
v 72.53834533691406 -10.628349304199219 12.528823852539062 
v 69.91826629638672 -8.025430679321289 12.528823852539062 
v 68.96118927001953 -4.4286699295043945 12.528823852539062 
v 73.34608459472656 0.3748987913131714 16.03851890563965 
v 76.12227630615234 1.1084487438201904 16.03851890563965 
v 78.89847564697266 0.3748987913131714 16.03851890563965 
v 80.92801666259766 -1.660110592842102 16.03851890563965 
v 81.67466735839844 -4.4286699295043945 16.03851890563965 
v 80.92801666259766 -7.220891952514648 16.03851890563965 
v 78.89847564697266 -9.23223876953125 16.03851890563965 
v 76.12227630615234 -9.98945140838623 16.03851890563965 
v 73.34608459472656 -9.23223876953125 16.03851890563965 
v 71.31654357910156 -7.220891952514648 16.03851890563965 
v 70.5766830444336 -4.4286699295043945 16.03851890563965 
v 71.31654357910156 -1.660110592842102 16.03851890563965 
v 69.91826629638672 -0.855571985244751 12.528823852539062 
v 70.5766830444336 -4.4286699295043945 16.03851890563965 
v 68.96118927001953 -4.4286699295043945 12.528823852539062 
v 69.14446258544922 -4.4286699295043945 11.784977912902832 
v 16.037029266357422 -214.88650512695312 -8.19408893585205 
v 16.037029266357422 -194.74937438964844 -15.119187355041504 
v 15.066378593444824 -214.88650512695312 -9.157944679260254 
v 15.066378593444824 -194.7967071533203 -16.124950408935547 
v 15.066378593444824 -214.8628387451172 -25.941617965698242 
v 15.066378593444824 -194.77304077148438 -21.164243698120117 
v 16.037029266357422 -193.82652282714844 -16.38686752319336 
v 16.037029266357422 -193.82652282714844 -20.944232940673828 
v -20.535423278808594 -116.42517852783203 -11.536155700683594 
v 2.9773781299591064 -116.42517852783203 -11.536155700683594 
v -20.535423278808594 -116.42517852783203 4.87035608291626 
v 2.9773781299591064 -116.42517852783203 4.87035608291626 
v -15.281696319580078 -111.17201232910156 10.119182586669922 
v 6.0793843269348145 -111.17201232910156 10.119182586669922 
v 71.21472930908203 -116.42517852783203 -11.536155700683594 
v 71.21472930908203 -116.42517852783203 4.87035608291626 
v 68.1059341430664 -111.17201232910156 10.119182586669922 
v 94.72074127197266 -116.42517852783203 -11.536155700683594 
v 94.72074127197266 -116.42517852783203 4.87035608291626 
v 89.47380065917969 -111.17201232910156 10.119182586669922 
v -9.85148811340332 -218.64891052246094 -29.78656768798828 
v -33.64258575439453 -218.64891052246094 -24.181533813476562 
v -33.64258575439453 -218.64891052246094 -29.78656768798828 
v 30.1962947845459 -214.88650512695312 -8.19408893585205 
v 30.1962947845459 -194.74937438964844 -15.119187355041504 
v 29.225645065307617 -214.88650512695312 -9.157944679260254 
v 29.225645065307617 -194.7967071533203 -16.124950408935547 
v 29.225645065307617 -214.8628387451172 -25.941617965698242 
v 29.225645065307617 -194.77304077148438 -21.164243698120117 
v 30.1962947845459 -193.82652282714844 -16.38686752319336 
v 30.1962947845459 -193.82652282714844 -20.944232940673828 
v 30.1962947845459 -193.82652282714844 -20.944232940673828 
v 30.1962947845459 -193.82652282714844 -16.38686752319336 
v 34.11283493041992 -193.82652282714844 -20.944232940673828 
v 34.11283493041992 -193.82652282714844 -16.38686752319336 
v 34.11283493041992 -194.74937438964844 -15.119187355041504 
v 30.1962947845459 -194.74937438964844 -15.119187355041504 
v 30.1962947845459 -214.88650512695312 -8.19408893585205 
v 12.81284236907959 -232.72833251953125 -4.13960599899292 
v 16.797258377075195 -232.72833251953125 -4.13960599899292 
v 12.81284236907959 -232.72833251953125 -2.662391185760498 
v 16.797258377075195 -232.72833251953125 -2.662391185760498 
v 16.797258377075195 -229.41552734375 -1.5937676429748535 
v 12.81284236907959 -229.41552734375 -1.5937676429748535 
v 16.797258377075195 -229.41552734375 1.1196975708007812 
v 12.81284236907959 -229.41552734375 1.1196975708007812 
v 15.521158218383789 -228.13772583007812 1.1196975708007812 
v 14.08894157409668 -228.13772583007812 1.1196975708007812 
v 15.270011901855469 -227.87744140625 3.3093278408050537 
v 14.333300590515137 -227.87744140625 3.3093278408050537 
v 15.270011901855469 -226.93092346191406 3.3093278408050537 
v 14.333300590515137 -226.93092346191406 3.3093278408050537 
v 15.521158218383789 -226.6942901611328 1.1196975708007812 
v 14.08894157409668 -226.6942901611328 1.1196975708007812 
v 16.797258377075195 -225.41648864746094 1.1196975708007812 
v 12.81284236907959 -225.41648864746094 1.1196975708007812 
v 16.797258377075195 -222.34031677246094 -1.5937676429748535 
v 12.81284236907959 -222.34031677246094 -1.5937676429748535 
v 16.797258377075195 -216.18795776367188 -1.5937676429748535 
v 12.81284236907959 -216.18795776367188 -1.5937676429748535 
v 12.81284236907959 -216.18795776367188 -4.13960599899292 
v 1.8709732294082642 -214.88650512695312 -8.19408893585205 
v 1.8709732294082642 -194.74937438964844 -15.119187355041504 
v 0.9003235101699829 -214.88650512695312 -9.157944679260254 
v 0.9003235101699829 -194.7967071533203 -16.124950408935547 
v 0.9003235101699829 -214.8628387451172 -25.941617965698242 
v 0.9003235101699829 -194.77304077148438 -21.164243698120117 
v 1.8709732294082642 -193.82652282714844 -16.38686752319336 
v 1.8709732294082642 -193.82652282714844 -20.944232940673828 
v -10.333418846130371 -291.4123229980469 280.6275634765625 
v -9.518888473510742 -291.4123229980469 280.6275634765625 
v -10.333418846130371 -291.9565734863281 280.72186279296875 
v -9.518888473510742 -291.9565734863281 280.72186279296875 
v -10.333418846130371 -292.4298400878906 280.9942626953125 
v -9.518888473510742 -292.4298400878906 280.9942626953125 
v -10.333418846130371 -292.7847595214844 281.4237976074219 
v -9.518888473510742 -292.7847595214844 281.4237976074219 
v -10.333418846130371 -292.97406005859375 281.9371643066406 
v -9.518888473510742 -292.97406005859375 281.9371643066406 
v -10.333418846130371 -292.97406005859375 282.492431640625 
v -9.518888473510742 -292.97406005859375 282.492431640625 
v -10.333418846130371 -292.7847595214844 283.00579833984375 
v -9.518888473510742 -292.7847595214844 283.00579833984375 
v -10.333418846130371 -292.4298400878906 283.4353332519531 
v -9.518888473510742 -292.4298400878906 283.4353332519531 
v -10.333418846130371 -291.9565734863281 283.7077331542969 
v -9.518888473510742 -291.9565734863281 283.7077331542969 
v -10.333418846130371 -291.4123229980469 283.802001953125 
v -9.518888473510742 -291.4123229980469 283.802001953125 
v -10.333418846130371 -290.8680725097656 283.7077331542969 
v -9.518888473510742 -290.8680725097656 283.7077331542969 
v -10.333418846130371 -290.3948059082031 283.4353332519531 
v -9.518888473510742 -290.3948059082031 283.4353332519531 
v -10.333418846130371 -290.0398864746094 283.00579833984375 
v -9.518888473510742 -290.0398864746094 283.00579833984375 
v -10.333418846130371 -289.8505554199219 282.492431640625 
v -9.518888473510742 -289.8505554199219 282.492431640625 
v -10.333418846130371 -289.8505554199219 281.9371643066406 
v -9.518888473510742 -289.8505554199219 281.9371643066406 
v -10.333418846130371 -290.0398864746094 281.4237976074219 
v -9.518888473510742 -290.0398864746094 281.4237976074219 
v -10.333418846130371 -290.3948059082031 280.9942626953125 
v -9.518888473510742 -290.3948059082031 280.9942626953125 
v -10.333418846130371 -290.8680725097656 280.72186279296875 
v -9.518888473510742 -290.8680725097656 280.72186279296875 
v -10.333418846130371 -291.4123229980469 280.6275634765625 
v -9.518888473510742 -291.4123229980469 280.6275634765625 
v -9.518888473510742 -291.4123229980469 281.298095703125 
v -9.518888473510742 -291.7199401855469 281.3504638671875 
v -9.518888473510742 -292.00390625 281.50762939453125 
v -9.518888473510742 -292.21685791015625 281.7590637207031 
v -9.518888473510742 -292.3115234375 282.0523986816406 
v -9.518888473510742 -292.3115234375 282.377197265625 
v -9.518888473510742 -292.21685791015625 282.6809997558594 
v -9.518888473510742 -292.00390625 282.9219665527344 
v -9.518888473510742 -291.7199401855469 283.0791320800781 
v -9.518888473510742 -291.4123229980469 283.1315002441406 
v -9.518888473510742 -291.1047058105469 283.0791320800781 
v -9.518888473510742 -290.82073974609375 282.9219665527344 
v -9.518888473510742 -290.6077880859375 282.6809997558594 
v -9.518888473510742 -290.51312255859375 282.377197265625 
v -9.518888473510742 -290.51312255859375 282.0523986816406 
v -9.518888473510742 -290.6077880859375 281.7590637207031 
v -9.518888473510742 -290.82073974609375 281.50762939453125 
v -9.518888473510742 -291.1047058105469 281.3504638671875 
v -9.518888473510742 -291.4123229980469 281.298095703125 
v -12.295082092285156 -214.88650512695312 -8.19408893585205 
v -12.295082092285156 -194.74937438964844 -15.119187355041504 
v -13.265731811523438 -214.88650512695312 -9.157944679260254 
v -13.265731811523438 -194.7967071533203 -16.124950408935547 
v -13.265731811523438 -214.8628387451172 -25.941617965698242 
v -13.265731811523438 -194.77304077148438 -21.164243698120117 
v -12.295082092285156 -193.82652282714844 -16.38686752319336 
v -12.295082092285156 -193.82652282714844 -20.944232940673828 
v 33.739505767822266 -216.18795776367188 -4.13960599899292 
v 29.755090713500977 -216.18795776367188 -4.13960599899292 
v 33.739505767822266 -216.18795776367188 -1.5937676429748535 
v 29.755090713500977 -216.18795776367188 -1.5937676429748535 
v 29.755090713500977 -222.34031677246094 -1.5937676429748535 
v 33.739505767822266 -222.34031677246094 -1.5937676429748535 
v 29.755090713500977 -225.41648864746094 1.1196975708007812 
v 33.739505767822266 -225.41648864746094 1.1196975708007812 
v 31.031190872192383 -226.6942901611328 1.1196975708007812 
v 32.463409423828125 -226.6942901611328 1.1196975708007812 
v 31.282337188720703 -226.93092346191406 3.3093278408050537 
v 32.21226119995117 -226.93092346191406 3.3093278408050537 
v 31.282337188720703 -227.87744140625 3.3093278408050537 
v 32.21226119995117 -227.87744140625 3.3093278408050537 
v 31.031190872192383 -228.13772583007812 1.1196975708007812 
v 32.463409423828125 -228.13772583007812 1.1196975708007812 
v 29.755090713500977 -229.41552734375 1.1196975708007812 
v 33.739505767822266 -229.41552734375 1.1196975708007812 
v 29.755090713500977 -229.41552734375 -1.5937676429748535 
v 33.739505767822266 -229.41552734375 -1.5937676429748535 
v 29.755090713500977 -232.72833251953125 -2.662391185760498 
v 33.739505767822266 -232.72833251953125 -2.662391185760498 
v 33.739505767822266 -232.72833251953125 -4.13960599899292 
v 29.93157386779785 -226.4813232421875 -0.3679938018321991 
v 29.408916473388672 -226.4813232421875 -0.3679938018321991 
v 29.93157386779785 -226.7416229248047 -0.0641694962978363 
v 29.408916473388672 -226.7416229248047 -0.0641694962978363 
v 29.93157386779785 -227.07289123535156 0.13488779962062836 
v 29.408916473388672 -227.07289123535156 0.13488779962062836 
v 29.93157386779785 -227.47515869140625 0.20822469890117645 
v 29.408916473388672 -227.47515869140625 0.20822469890117645 
v 29.93157386779785 -227.85377502441406 0.13488779962062836 
v 29.408916473388672 -227.85377502441406 0.13488779962062836 
v 29.93157386779785 -228.20870971679688 -0.0641694962978363 
v 29.408916473388672 -228.20870971679688 -0.0641694962978363 
v 29.93157386779785 -228.46900939941406 -0.3679938018321991 
v 29.408916473388672 -228.46900939941406 -0.3679938018321991 
v 29.93157386779785 -228.5873260498047 -0.734678328037262 
v 29.408916473388672 -228.5873260498047 -0.734678328037262 
v 29.93157386779785 -228.5873260498047 -1.1327929496765137 
v 29.408916473388672 -228.5873260498047 -1.1327929496765137 
v 29.93157386779785 -228.46900939941406 -1.5099540948867798 
v 29.408916473388672 -228.46900939941406 -1.5099540948867798 
v 29.93157386779785 -228.20870971679688 -1.8137784004211426 
v 29.408916473388672 -228.20870971679688 -1.8137784004211426 
v 29.93157386779785 -227.85377502441406 -2.012835741043091 
v 29.408916473388672 -227.85377502441406 -2.012835741043091 
v 29.93157386779785 -227.47515869140625 -2.0756959915161133 
v 29.408916473388672 -227.47515869140625 -2.0756959915161133 
v 29.93157386779785 -227.07289123535156 -2.012835741043091 
v 29.408916473388672 -227.07289123535156 -2.012835741043091 
v 29.93157386779785 -226.7416229248047 -1.8137784004211426 
v 29.408916473388672 -226.7416229248047 -1.8137784004211426 
v 29.93157386779785 -226.4813232421875 -1.5099540948867798 
v 29.408916473388672 -226.4813232421875 -1.5099540948867798 
v 29.93157386779785 -226.33934020996094 -1.1327929496765137 
v 29.408916473388672 -226.33934020996094 -1.1327929496765137 
v 29.93157386779785 -226.33934020996094 -0.734678328037262 
v 29.408916473388672 -226.33934020996094 -0.734678328037262 
v 29.408916473388672 -227.47515869140625 -0.9337356090545654 
v 28.859106063842773 -291.0337219238281 283.2886657714844 
v 28.336448669433594 -291.4123229980469 283.3515319824219 
v 28.859106063842773 -291.4123229980469 283.3515319824219 
v 28.336448669433594 -291.8145751953125 283.2886657714844 
v 28.859106063842773 -291.8145751953125 283.2886657714844 
v 28.336448669433594 -292.1458740234375 283.089599609375 
v 28.859106063842773 -292.1458740234375 283.089599609375 
v 28.336448669433594 -292.4061584472656 282.7857666015625 
v 28.859106063842773 -292.4061584472656 282.7857666015625 
v 28.336448669433594 -292.5481262207031 282.40863037109375 
v 28.859106063842773 -292.5481262207031 282.40863037109375 
v 28.336448669433594 -292.5481262207031 282.0209655761719 
v 28.859106063842773 -292.5481262207031 282.0209655761719 
v 28.336448669433594 -292.4061584472656 281.6438293457031 
v 28.859106063842773 -292.4061584472656 281.6438293457031 
v 28.336448669433594 -292.1458740234375 281.3399963378906 
v 28.859106063842773 -292.1458740234375 281.3399963378906 
v 28.336448669433594 -291.8145751953125 281.14093017578125 
v 28.859106063842773 -291.8145751953125 281.14093017578125 
v 28.336448669433594 -291.4123229980469 281.0675964355469 
v 28.859106063842773 -291.4123229980469 281.0675964355469 
v 28.336448669433594 -291.0337219238281 281.14093017578125 
v 28.859106063842773 -291.0337219238281 281.14093017578125 
v 28.336448669433594 -290.67877197265625 281.3399963378906 
v 28.859106063842773 -290.67877197265625 281.3399963378906 
v 28.336448669433594 -290.4184875488281 281.6438293457031 
v 28.859106063842773 -290.4184875488281 281.6438293457031 
v 28.336448669433594 -290.3001708984375 282.0209655761719 
v 28.859106063842773 -290.3001708984375 282.0209655761719 
v 28.336448669433594 -290.3001708984375 282.40863037109375 
v 28.859106063842773 -290.3001708984375 282.40863037109375 
v 28.336448669433594 -290.4184875488281 282.7857666015625 
v 28.859106063842773 -290.4184875488281 282.7857666015625 
v 28.336448669433594 -290.67877197265625 283.089599609375 
v 28.859106063842773 -290.67877197265625 283.089599609375 
v 28.336448669433594 -291.0337219238281 283.2886657714844 
v 28.336448669433594 -291.4123229980469 282.2095642089844 
v 71.75775146484375 -226.8835906982422 -1.656627893447876 
v 71.75775146484375 -226.93092346191406 -2.442380428314209 
v 71.75775146484375 -227.16754150390625 -1.8137784004211426 
v 71.75775146484375 -227.47515869140625 -2.536670684814453 
v 71.75775146484375 -227.47515869140625 -1.8661619424819946 
v 71.75775146484375 -228.0194091796875 -2.442380428314209 
v 71.75775146484375 -227.78277587890625 -1.8137784004211426 
v 71.75775146484375 -228.49267578125 -2.1595094203948975 
v 71.75775146484375 -228.06674194335938 -1.656627893447876 
v 71.75775146484375 -228.8476104736328 -1.7404414415359497 
v 71.75775146484375 -228.2797088623047 -1.4051871299743652 
v 71.75775146484375 -229.0369110107422 -1.2270832061767578 
v 71.75775146484375 -228.37435913085938 -1.1118395328521729 
v 71.75775146484375 -229.0369110107422 -0.6718180775642395 
v 71.75775146484375 -228.37435913085938 -0.7870618104934692 
v 71.75775146484375 -228.8476104736328 -0.15845979750156403 
v 71.75775146484375 -228.2797088623047 -0.48323750495910645 
v 71.75775146484375 -228.49267578125 0.27108490467071533 
v 71.75775146484375 -228.06674194335938 -0.24227340519428253 
v 71.75775146484375 -228.0194091796875 0.5434790849685669 
v 71.75775146484375 -227.78277587890625 -0.08512289822101593 
v 71.75775146484375 -227.47515869140625 0.6377694010734558 
v 71.75775146484375 -227.47515869140625 -0.022262699902057648 
v 71.75775146484375 -226.93092346191406 0.5434790849685669 
v 71.75775146484375 -227.16754150390625 -0.08512289822101593 
v 71.75775146484375 -226.45765686035156 0.27108490467071533 
v 71.75775146484375 -226.8835906982422 -0.24227340519428253 
v 71.75775146484375 -226.10272216796875 -0.15845979750156403 
v 71.75775146484375 -226.67062377929688 -0.48323750495910645 
v 71.75775146484375 -225.9134063720703 -0.6718180775642395 
v 71.75775146484375 -226.5759735107422 -0.7870618104934692 
v 71.75775146484375 -225.9134063720703 -1.2270832061767578 
v 71.75775146484375 -226.5759735107422 -1.1118395328521729 
v 71.75775146484375 -226.10272216796875 -1.7404414415359497 
v 71.75775146484375 -226.67062377929688 -1.4051871299743652 
v 71.75775146484375 -226.45765686035156 -2.1595094203948975 
v 72.57907104492188 -226.93092346191406 -2.442380428314209 
v 72.57907104492188 -227.47515869140625 -2.536670684814453 
v 72.57907104492188 -228.0194091796875 -2.442380428314209 
v 72.57907104492188 -228.49267578125 -2.1595094203948975 
v 72.57907104492188 -228.8476104736328 -1.7404414415359497 
v 72.57907104492188 -229.0369110107422 -1.2270832061767578 
v 72.57907104492188 -229.0369110107422 -0.6718180775642395 
v 72.57907104492188 -228.8476104736328 -0.15845979750156403 
v 72.57907104492188 -228.49267578125 0.27108490467071533 
v 72.57907104492188 -228.0194091796875 0.5434790849685669 
v 72.57907104492188 -227.47515869140625 0.6377694010734558 
v 72.57907104492188 -226.93092346191406 0.5434790849685669 
v 72.57907104492188 -226.45765686035156 0.27108490467071533 
v 72.57907104492188 -226.10272216796875 -0.15845979750156403 
v 72.57907104492188 -225.9134063720703 -0.6718180775642395 
v 72.57907104492188 -225.9134063720703 -1.2270832061767578 
v 72.57907104492188 -226.10272216796875 -1.7404414415359497 
v 72.57907104492188 -226.45765686035156 -2.1595094203948975 
v 111.38468933105469 -238.33644104003906 -34.281070709228516 
v 115.84425354003906 -238.33644104003906 -34.281070709228516 
v 111.38468933105469 -243.11634826660156 -34.281070709228516 
v 115.84425354003906 -243.11634826660156 -34.281070709228516 
v 111.38468933105469 -243.11634826660156 -31.881906509399414 
v 115.84425354003906 -243.11634826660156 -31.881906509399414 
v 110.3936767578125 -243.11634826660156 -28.58174705505371 
v 114.04549407958984 -243.11634826660156 -25.9835262298584 
v 87.79043579101562 -243.11634826660156 -10.53039264678955 
v 115.84425354003906 -218.64891052246094 -29.78656768798828 
v 111.38468933105469 -218.64891052246094 -29.78656768798828 
v 115.84425354003906 -214.0583038330078 -29.78656768798828 
v 111.38468933105469 -214.0583038330078 -29.78656768798828 
v 87.58680725097656 -214.0583038330078 -29.78656768798828 
v 87.58680725097656 -218.64891052246094 -29.78656768798828 
v 84.67485809326172 -214.0583038330078 -29.78656768798828 
v 84.67485809326172 -218.64891052246094 -29.78656768798828 
v -6.939539432525635 -218.64891052246094 -29.78656768798828 
v -6.939539432525635 -214.0583038330078 -29.78656768798828 
v -9.85148811340332 -218.64891052246094 -29.78656768798828 
v -9.85148811340332 -214.0583038330078 -29.78656768798828 
v -33.64258575439453 -218.64891052246094 -29.78656768798828 
v -33.64258575439453 -214.0583038330078 -29.78656768798828 
v -38.10214614868164 -214.0583038330078 -29.78656768798828 
v -38.10214614868164 -218.64891052246094 -29.78656768798828 
v -33.64258575439453 -238.33644104003906 -34.281070709228516 
v -38.10214614868164 -238.33644104003906 -34.281070709228516 
v -33.64258575439453 -243.11634826660156 -34.281070709228516 
v -38.10214614868164 -243.11634826660156 -34.281070709228516 
v -33.64258575439453 -243.11634826660156 -31.881906509399414 
v -38.10214614868164 -243.11634826660156 -31.881906509399414 
v -32.651573181152344 -243.11634826660156 -28.58174705505371 
v -36.310176849365234 -243.11634826660156 -25.9835262298584 
v -10.055121421813965 -243.11634826660156 -10.53039264678955 
v -9.620704650878906 -243.11634826660156 -14.5115385055542 
v -6.362579822540283 -243.11634826660156 -12.594303131103516 
v -6.342216491699219 -243.11634826660156 -10.247522354125977 
v -2.2288339138031006 -243.11634826660156 -12.573348999023438 
v -2.2152583599090576 -243.11634826660156 -10.237045288085938 
v 79.97093963623047 -243.11634826660156 -12.573348999023438 
v 79.95057678222656 -243.11634826660156 -10.237045288085938 
v 84.0775375366211 -243.11634826660156 -10.247522354125977 
v 84.097900390625 -243.11634826660156 -12.594303131103516 
v 87.36280822753906 -243.11634826660156 -14.5115385055542 
v -2.7243404388427734 -289.8032531738281 285.0697021484375 
v -3.5660226345062256 -289.3536376953125 285.0697021484375 
v 1.3143768310546875 -289.8032531738281 285.0697021484375 
v 2.1560590267181396 -289.3536376953125 285.0697021484375 
v 1.3143768310546875 -293.0687255859375 285.0697021484375 
v 2.1560590267181396 -293.3526916503906 285.0697021484375 
v -2.7243404388427734 -293.0687255859375 285.0697021484375 
v -3.5660226345062256 -293.3526916503906 285.0697021484375 
v 63.91109848022461 -79.32174682617188 16.65664291381836 
v 63.91109848022461 -79.32174682617188 18.531972885131836 
v 67.67830657958984 -71.0870590209961 16.65664291381836 
v 67.67830657958984 -71.0870590209961 18.531972885131836 
v 68.97476959228516 -62.095157623291016 16.65664291381836 
v 68.97476959228516 -62.095157623291016 18.531972885131836 
v 67.67830657958984 -53.10325622558594 16.65664291381836 
v 67.67830657958984 -53.10325622558594 18.531972885131836 
v 63.91109848022461 -44.84490203857422 16.65664291381836 
v 63.91109848022461 -44.84490203857422 18.531972885131836 
v 57.965023040771484 -38.006324768066406 16.65664291381836 
v 57.965023040771484 -38.006324768066406 18.531972885131836 
v 50.33557891845703 -33.084442138671875 16.65664291381836 
v 50.33557891845703 -33.084442138671875 18.531972885131836 
v 41.62688446044922 -30.52884864807129 16.65664291381836 
v 41.62688446044922 -30.52884864807129 18.531972885131836 
v 32.5516471862793 -30.52884864807129 16.65664291381836 
v 32.5516471862793 -30.52884864807129 18.531972885131836 
v 23.842952728271484 -33.084442138671875 16.65664291381836 
v 23.842952728271484 -33.084442138671875 18.531972885131836 
v 16.206722259521484 -38.006324768066406 16.65664291381836 
v 16.206722259521484 -38.006324768066406 18.531972885131836 
v 10.26743221282959 -44.84490203857422 16.65664291381836 
v 10.26743221282959 -44.84490203857422 18.531972885131836 
v 6.493437767028809 -53.10325622558594 16.65664291381836 
v 6.493437767028809 -53.10325622558594 18.531972885131836 
v 5.203763484954834 -62.095157623291016 16.65664291381836 
v 5.203763484954834 -62.095157623291016 18.531972885131836 
v 6.493437767028809 -71.0870590209961 16.65664291381836 
v 6.493437767028809 -71.0870590209961 18.531972885131836 
v 10.26743221282959 -79.32174682617188 16.65664291381836 
v 10.26743221282959 -79.32174682617188 18.531972885131836 
v 16.206722259521484 -86.18399047851562 16.65664291381836 
v 16.206722259521484 -86.18399047851562 18.531972885131836 
v 23.842952728271484 -91.10587310791016 16.65664291381836 
v 23.842952728271484 -91.10587310791016 18.531972885131836 
v 32.5516471862793 -93.66146850585938 16.65664291381836 
v 32.5516471862793 -93.66146850585938 18.531972885131836 
v 41.62688446044922 -93.66146850585938 16.65664291381836 
v 41.62688446044922 -93.66146850585938 18.531972885131836 
v 50.33557891845703 -91.10587310791016 16.65664291381836 
v 50.33557891845703 -91.10587310791016 18.531972885131836 
v 57.965023040771484 -86.18399047851562 16.65664291381836 
v 57.965023040771484 -86.18399047851562 18.531972885131836 
v 64.73920440673828 -79.86599731445312 19.516782760620117 
v 68.62859344482422 -71.34735107421875 19.516782760620117 
v 69.95899200439453 -62.095157623291016 19.516782760620117 
v 68.62859344482422 -52.84296417236328 19.516782760620117 
v 64.73920440673828 -44.324317932128906 19.516782760620117 
v 58.61664581298828 -37.24911117553711 19.516782760620117 
v 50.74284362792969 -32.18525314331055 19.516782760620117 
v 41.76942825317383 -29.558670043945312 19.516782760620117 
v 32.40910720825195 -29.558670043945312 19.516782760620117 
v 23.435686111450195 -32.18525314331055 19.516782760620117 
v 15.561884880065918 -37.24911117553711 19.516782760620117 
v 9.439325332641602 -44.324317932128906 19.516782760620117 
v 5.549939155578613 -52.84296417236328 19.516782760620117 
v 4.21953821182251 -62.095157623291016 19.516782760620117 
v 5.549939155578613 -71.34735107421875 19.516782760620117 
v 9.439325332641602 -79.86599731445312 19.516782760620117 
v 15.561884880065918 -86.94120025634766 19.516782760620117 
v 23.435686111450195 -91.98139953613281 19.516782760620117 
v 32.40910720825195 -94.63164520263672 19.516782760620117 
v 41.76942825317383 -94.63164520263672 19.516782760620117 
v 50.74284362792969 -91.98139953613281 19.516782760620117 
v 58.61664581298828 -86.94120025634766 19.516782760620117 
v 65.70307159423828 -80.48123168945312 19.516782760620117 
v 69.72821044921875 -71.67863464355469 19.516782760620117 
v 71.10612487792969 -62.095157623291016 19.516782760620117 
v 69.72821044921875 -52.51168441772461 19.516782760620117 
v 65.70307159423828 -43.709083557128906 19.516782760620117 
v 59.36330032348633 -36.37358474731445 19.516782760620117 
v 51.217987060546875 -31.144084930419922 19.516782760620117 
v 41.93233108520508 -28.422849655151367 19.516782760620117 
v 32.24620056152344 -28.422849655151367 19.516782760620117 
v 22.960542678833008 -31.144084930419922 19.516782760620117 
v 14.815231323242188 -36.37358474731445 19.516782760620117 
v 8.4754638671875 -43.709083557128906 19.516782760620117 
v 4.450322151184082 -52.51168441772461 19.516782760620117 
v 3.072406768798828 -62.095157623291016 19.516782760620117 
v 4.450322151184082 -71.67863464355469 19.516782760620117 
v 8.4754638671875 -80.48123168945312 19.516782760620117 
v 14.815231323242188 -87.7930679321289 19.516782760620117 
v 22.960542678833008 -93.04623413085938 19.516782760620117 
v 32.24620056152344 -95.76746368408203 19.516782760620117 
v 41.93233108520508 -95.76746368408203 19.516782760620117 
v 51.217987060546875 -93.04623413085938 19.516782760620117 
v 59.36330032348633 -87.7930679321289 19.516782760620117 
v 70.34589385986328 -83.46275329589844 13.995561599731445 
v 75.02265930175781 -73.2403793334961 13.995561599731445 
v 76.62457275390625 -62.095157623291016 13.995561599731445 
v 75.02265930175781 -50.94993209838867 13.995561599731445 
v 70.34589385986328 -40.72755813598633 13.995561599731445 
v 62.974388122558594 -32.20891571044922 13.995561599731445 
v 53.51225280761719 -26.12755012512207 13.995561599731445 
v 42.71292495727539 -22.95672035217285 13.995561599731445 
v 31.465606689453125 -22.95672035217285 13.995561599731445 
v 20.66628074645996 -26.12755012512207 13.995561599731445 
v 11.197355270385742 -32.20891571044922 13.995561599731445 
v 3.8326358795166016 -40.72755813598633 13.995561599731445 
v -0.84413081407547 -50.94993209838867 13.995561599731445 
v -2.446042060852051 -62.095157623291016 13.995561599731445 
v -0.84413081407547 -73.2403793334961 13.995561599731445 
v 3.8326358795166016 -83.46275329589844 13.995561599731445 
v 11.197355270385742 -91.98139953613281 13.995561599731445 
v 20.66628074645996 -98.0627670288086 13.995561599731445 
v 31.465606689453125 -101.23359680175781 13.995561599731445 
v 42.71292495727539 -101.23359680175781 13.995561599731445 
v 53.51225280761719 -98.0627670288086 13.995561599731445 
v 62.974388122558594 -91.98139953613281 13.995561599731445 
v 62.974388122558594 -91.98139953613281 8.065750122070312 
v 70.34589385986328 -83.46275329589844 8.065750122070312 
v 75.02265930175781 -73.2403793334961 8.065750122070312 
v 76.62457275390625 -62.095157623291016 8.065750122070312 
v 75.02265930175781 -50.94993209838867 8.065750122070312 
v 70.34589385986328 -40.72755813598633 8.065750122070312 
v 62.974388122558594 -32.20891571044922 8.065750122070312 
v 53.51225280761719 -26.12755012512207 8.065750122070312 
v 42.71292495727539 -22.95672035217285 8.065750122070312 
v 31.465606689453125 -22.95672035217285 8.065750122070312 
v 20.66628074645996 -26.12755012512207 8.065750122070312 
v 11.197355270385742 -32.20891571044922 8.065750122070312 
v 3.8326358795166016 -40.72755813598633 8.065750122070312 
v -0.84413081407547 -50.94993209838867 8.065750122070312 
v -2.446042060852051 -62.095157623291016 8.065750122070312 
v -0.84413081407547 -73.2403793334961 8.065750122070312 
v 3.8326358795166016 -83.46275329589844 8.065750122070312 
v 11.197355270385742 -91.98139953613281 8.065750122070312 
v 20.66628074645996 -98.0627670288086 8.065750122070312 
v 31.465606689453125 -101.23359680175781 8.065750122070312 
v 42.71292495727539 -101.23359680175781 8.065750122070312 
v 53.51225280761719 -98.0627670288086 8.065750122070312 
v 5.047645092010498 -227.47515869140625 -2.536670684814453 
v 5.047645092010498 -228.0194091796875 -2.442380428314209 
v 5.047645092010498 -227.47515869140625 -0.9442123174667358 
v 5.047645092010498 -228.49267578125 -2.1595094203948975 
v 5.047645092010498 -228.8476104736328 -1.7404414415359497 
v 5.047645092010498 -229.0369110107422 -1.2270832061767578 
v 5.047645092010498 -229.0369110107422 -0.6718180775642395 
v 5.047645092010498 -228.8476104736328 -0.15845979750156403 
v 5.047645092010498 -228.49267578125 0.27108490467071533 
v 5.047645092010498 -228.0194091796875 0.5434790849685669 
v 5.047645092010498 -227.47515869140625 0.6377694010734558 
v 5.047645092010498 -226.93092346191406 0.5434790849685669 
v 5.047645092010498 -226.45765686035156 0.27108490467071533 
v 5.047645092010498 -226.10272216796875 -0.15845979750156403 
v 5.047645092010498 -225.9134063720703 -0.6718180775642395 
v 5.047645092010498 -225.9134063720703 -1.2270832061767578 
v 5.047645092010498 -226.10272216796875 -1.7404414415359497 
v 5.047645092010498 -226.45765686035156 -2.1595094203948975 
v 5.047645092010498 -226.93092346191406 -2.442380428314209 
v 45.7809944152832 -292.5481262207031 282.0209655761719 
v 45.251548767089844 -292.4061584472656 281.6438293457031 
v 45.7809944152832 -292.4061584472656 281.6438293457031 
v 45.251548767089844 -292.1458740234375 281.3399963378906 
v 45.7809944152832 -292.1458740234375 281.3399963378906 
v 45.251548767089844 -291.8145751953125 281.14093017578125 
v 45.7809944152832 -291.8145751953125 281.14093017578125 
v 45.251548767089844 -291.4123229980469 281.0675964355469 
v 45.7809944152832 -291.4123229980469 281.0675964355469 
v 45.251548767089844 -291.0337219238281 281.14093017578125 
v 45.7809944152832 -291.0337219238281 281.14093017578125 
v 45.251548767089844 -290.67877197265625 281.3399963378906 
v 45.7809944152832 -290.67877197265625 281.3399963378906 
v 45.251548767089844 -290.4184875488281 281.6438293457031 
v 45.7809944152832 -290.4184875488281 281.6438293457031 
v 45.251548767089844 -290.3001708984375 282.0209655761719 
v 45.7809944152832 -290.3001708984375 282.0209655761719 
v 45.251548767089844 -290.3001708984375 282.40863037109375 
v 45.7809944152832 -290.3001708984375 282.40863037109375 
v 45.251548767089844 -290.4184875488281 282.7857666015625 
v 45.7809944152832 -290.4184875488281 282.7857666015625 
v 45.251548767089844 -290.67877197265625 283.089599609375 
v 45.7809944152832 -290.67877197265625 283.089599609375 
v 45.251548767089844 -291.0337219238281 283.2886657714844 
v 45.7809944152832 -291.0337219238281 283.2886657714844 
v 45.251548767089844 -291.4123229980469 283.3515319824219 
v 45.7809944152832 -291.4123229980469 283.3515319824219 
v 45.251548767089844 -291.8145751953125 283.2886657714844 
v 45.7809944152832 -291.8145751953125 283.2886657714844 
v 45.251548767089844 -292.1458740234375 283.089599609375 
v 45.7809944152832 -292.1458740234375 283.089599609375 
v 45.251548767089844 -292.4061584472656 282.7857666015625 
v 45.7809944152832 -292.4061584472656 282.7857666015625 
v 45.251548767089844 -292.5481262207031 282.40863037109375 
v 45.7809944152832 -292.5481262207031 282.40863037109375 
v 45.251548767089844 -292.5481262207031 282.0209655761719 
v 45.251548767089844 -291.4123229980469 282.2095642089844 
v 85.48259735107422 -433.38970947265625 -30.603750228881836 
v 84.03680419921875 -451.657470703125 -32.3428840637207 
v 81.070556640625 -440.6778869628906 -34.1343994140625 
v 78.83059692382812 -467.2040100097656 -36.292598724365234 
v 71.30297088623047 -439.73138427734375 -36.14592361450195 
v 69.0630111694336 -466.2574768066406 -38.30412292480469 
v 46.80594253540039 -437.2940979003906 -40.588043212890625 
v 44.565982818603516 -463.8202209472656 -42.746246337890625 
v 20.028230667114258 -461.3592834472656 -46.96835708618164 
v 16.125268936157227 -509.016357421875 -51.54667282104492 
v 6.316956043243408 -508.0461730957031 -53.31723403930664 
v 3.058831214904785 -544.9129638671875 -55.548770904541016 
v -1.658661961555481 -530.4549560546875 -54.28109359741211 
v -3.9936513900756836 -555.7979125976562 -55.2763786315918 
v 82.55707550048828 -487.4831237792969 -35.9259147644043 
v 74.9344253540039 -514.861083984375 -40.870914459228516 
v 65.11932373046875 -513.8909301757812 -42.651954650878906 
v 40.62229537963867 -511.45361328125 -47.09407424926758 
v 12.873931884765625 -545.8831176757812 -53.76773452758789 
v -0.6676490306854248 -583.5308227539062 -56.135467529296875 
v -6.518698215484619 -580.2890014648438 -56.29261779785156 
v -3.4642062187194824 -589.3045654296875 -56.795501708984375 
v 71.67630004882812 -551.7279052734375 -43.10245132446289 
v 61.867984771728516 -550.7340698242188 -44.88349151611328 
v 37.37095642089844 -548.3204345703125 -49.32561111450195 
v 9.140664100646973 -584.5009765625 -54.354427337646484 
v -1.4550292491912842 -591.3632202148438 -56.09355926513672 
v 67.94981384277344 -590.3457641601562 -43.68914794921875 
v 58.13471603393555 -589.3755493164062 -45.47018814086914 
v 33.637691497802734 -586.9382934570312 -49.91230773925781 
v 8.265043258666992 -593.16162109375 -54.27061462402344 
v 67.16243743896484 -598.1781616210938 -43.647239685058594 
v 57.26588439941406 -598.0125122070312 -45.386375427246094 
v 32.768856048583984 -595.5752563476562 -49.828495025634766 
v 69.63996887207031 -596.569091796875 -43.53199768066406 
v 72.9388198852539 -593.6821899414062 -41.457611083984375 
v 74.7443618774414 -563.606689453125 -40.99663543701172 
v 78.31472778320312 -538.4057006835938 -39.7708625793457 
v 80.15421295166016 -522.3148803710938 -39.058448791503906 
v 81.90544891357422 -427.7579650878906 -31.65142059326172 
v 72.09713745117188 -426.78778076171875 -33.43246078491211 
v 47.60011291503906 -424.3504943847656 -37.87458038330078 
v 22.268192291259766 -434.8331604003906 -44.799678802490234 
v 23.103086471557617 -421.9368896484375 -42.31669998168945 
v 12.459878921508789 -433.86297607421875 -46.580718994140625 
v 13.287985801696777 -420.9430236816406 -44.097740173339844 
v 6.32374382019043 -425.53363037109375 -44.95682907104492 
v 10.219918251037598 -460.38909912109375 -48.749393463134766 
v 1.0632297992706299 -443.42279052734375 -47.39789962768555 
v 0.1876087188720703 -479.3667297363281 -51.62001037597656 
v -0.5318938493728638 -514.3168334960938 -53.704872131347656 
v -10.333418846130371 -292.4298400878906 280.9942626953125 
v -10.333418846130371 -292.7847595214844 281.4237976074219 
v -10.333418846130371 -291.4123229980469 282.22003173828125 
v -10.333418846130371 -292.97406005859375 281.9371643066406 
v -10.333418846130371 -292.97406005859375 282.492431640625 
v -10.333418846130371 -292.7847595214844 283.00579833984375 
v -10.333418846130371 -292.4298400878906 283.4353332519531 
v -10.333418846130371 -291.9565734863281 283.7077331542969 
v -10.333418846130371 -291.4123229980469 283.802001953125 
v -10.333418846130371 -290.8680725097656 283.7077331542969 
v -10.333418846130371 -290.3948059082031 283.4353332519531 
v -10.333418846130371 -290.0398864746094 283.00579833984375 
v -10.333418846130371 -289.8505554199219 282.492431640625 
v -10.333418846130371 -289.8505554199219 281.9371643066406 
v -10.333418846130371 -290.0398864746094 281.4237976074219 
v -10.333418846130371 -290.3948059082031 280.9942626953125 
v -10.333418846130371 -290.8680725097656 280.72186279296875 
v -10.333418846130371 -291.4123229980469 280.6275634765625 
v -10.333418846130371 -291.9565734863281 280.72186279296875 
v 16.518959045410156 -226.7416229248047 -0.0641694962978363 
v 17.041616439819336 -226.7416229248047 -0.0641694962978363 
v 16.518959045410156 -226.4813232421875 -0.3679938018321991 
v 17.041616439819336 -226.4813232421875 -0.3679938018321991 
v 16.518959045410156 -226.33934020996094 -0.734678328037262 
v 17.041616439819336 -226.33934020996094 -0.734678328037262 
v 16.518959045410156 -226.33934020996094 -1.1327929496765137 
v 17.041616439819336 -226.33934020996094 -1.1327929496765137 
v 16.518959045410156 -226.4813232421875 -1.5099540948867798 
v 17.041616439819336 -226.4813232421875 -1.5099540948867798 
v 16.518959045410156 -226.7416229248047 -1.8137784004211426 
v 17.041616439819336 -226.7416229248047 -1.8137784004211426 
v 16.518959045410156 -227.07289123535156 -2.012835741043091 
v 17.041616439819336 -227.07289123535156 -2.012835741043091 
v 16.518959045410156 -227.47515869140625 -2.0756959915161133 
v 17.041616439819336 -227.47515869140625 -2.0756959915161133 
v 16.518959045410156 -227.85377502441406 -2.012835741043091 
v 17.041616439819336 -227.85377502441406 -2.012835741043091 
v 16.518959045410156 -228.20870971679688 -1.8137784004211426 
v 17.041616439819336 -228.20870971679688 -1.8137784004211426 
v 16.518959045410156 -228.46900939941406 -1.5099540948867798 
v 17.041616439819336 -228.46900939941406 -1.5099540948867798 
v 16.518959045410156 -228.5873260498047 -1.1327929496765137 
v 17.041616439819336 -228.5873260498047 -1.1327929496765137 
v 16.518959045410156 -228.5873260498047 -0.734678328037262 
v 17.041616439819336 -228.5873260498047 -0.734678328037262 
v 16.518959045410156 -228.46900939941406 -0.3679938018321991 
v 17.041616439819336 -228.46900939941406 -0.3679938018321991 
v 16.518959045410156 -228.20870971679688 -0.0641694962978363 
v 17.041616439819336 -228.20870971679688 -0.0641694962978363 
v 16.518959045410156 -227.85377502441406 0.13488779962062836 
v 17.041616439819336 -227.85377502441406 0.13488779962062836 
v 16.518959045410156 -227.47515869140625 0.20822469890117645 
v 17.041616439819336 -227.47515869140625 0.20822469890117645 
v 16.518959045410156 -227.07289123535156 0.13488779962062836 
v 17.041616439819336 -227.07289123535156 0.13488779962062836 
v 17.041616439819336 -227.47515869140625 -0.9337356090545654 
v 33.44084548950195 -226.33934020996094 -0.734678328037262 
v 33.9635009765625 -226.33934020996094 -0.734678328037262 
v 33.44084548950195 -226.33934020996094 -1.1327929496765137 
v 33.9635009765625 -226.33934020996094 -1.1327929496765137 
v 33.44084548950195 -226.4813232421875 -1.5099540948867798 
v 33.9635009765625 -226.4813232421875 -1.5099540948867798 
v 33.44084548950195 -226.7416229248047 -1.8137784004211426 
v 33.9635009765625 -226.7416229248047 -1.8137784004211426 
v 33.44084548950195 -227.07289123535156 -2.012835741043091 
v 33.9635009765625 -227.07289123535156 -2.012835741043091 
v 33.44084548950195 -227.47515869140625 -2.0756959915161133 
v 33.9635009765625 -227.47515869140625 -2.0756959915161133 
v 33.44084548950195 -227.85377502441406 -2.012835741043091 
v 33.9635009765625 -227.85377502441406 -2.012835741043091 
v 33.44084548950195 -228.20870971679688 -1.8137784004211426 
v 33.9635009765625 -228.20870971679688 -1.8137784004211426 
v 33.44084548950195 -228.46900939941406 -1.5099540948867798 
v 33.9635009765625 -228.46900939941406 -1.5099540948867798 
v 33.44084548950195 -228.5873260498047 -1.1327929496765137 
v 33.9635009765625 -228.5873260498047 -1.1327929496765137 
v 33.44084548950195 -228.5873260498047 -0.734678328037262 
v 33.9635009765625 -228.5873260498047 -0.734678328037262 
v 33.44084548950195 -228.46900939941406 -0.3679938018321991 
v 33.9635009765625 -228.46900939941406 -0.3679938018321991 
v 33.44084548950195 -228.20870971679688 -0.0641694962978363 
v 33.9635009765625 -228.20870971679688 -0.0641694962978363 
v 33.44084548950195 -227.85377502441406 0.13488779962062836 
v 33.9635009765625 -227.85377502441406 0.13488779962062836 
v 33.44084548950195 -227.47515869140625 0.20822469890117645 
v 33.9635009765625 -227.47515869140625 0.20822469890117645 
v 33.44084548950195 -227.07289123535156 0.13488779962062836 
v 33.9635009765625 -227.07289123535156 0.13488779962062836 
v 33.44084548950195 -226.7416229248047 -0.0641694962978363 
v 33.9635009765625 -226.7416229248047 -0.0641694962978363 
v 33.44084548950195 -226.4813232421875 -0.3679938018321991 
v 33.9635009765625 -226.4813232421875 -0.3679938018321991 
v 33.9635009765625 -227.47515869140625 -0.9337356090545654 
v 68.97476959228516 -62.095157623291016 16.65664291381836 
v 65.5062255859375 -62.095157623291016 16.65664291381836 
v 67.67830657958984 -71.0870590209961 16.65664291381836 
v 64.35909271240234 -70.09321594238281 16.65664291381836 
v 63.91109848022461 -79.32174682617188 16.65664291381836 
v 60.999149322509766 -77.45237731933594 16.65664291381836 
v 57.965023040771484 -86.18399047851562 16.65664291381836 
v 55.69791030883789 -83.58106994628906 16.65664291381836 
v 50.33557891845703 -91.10587310791016 16.65664291381836 
v 48.896575927734375 -87.93504333496094 16.65664291381836 
v 41.62688446044922 -93.66146850585938 16.65664291381836 
v 41.131378173828125 -90.2303466796875 16.65664291381836 
v 32.5516471862793 -93.66146850585938 16.65664291381836 
v 33.04715347290039 -90.2303466796875 16.65664291381836 
v 23.842952728271484 -91.10587310791016 16.65664291381836 
v 25.281957626342773 -87.93504333496094 16.65664291381836 
v 16.206722259521484 -86.18399047851562 16.65664291381836 
v 18.480621337890625 -83.58106994628906 16.65664291381836 
v 10.26743221282959 -79.32174682617188 16.65664291381836 
v 13.179381370544434 -77.45237731933594 16.65664291381836 
v 6.493437767028809 -71.0870590209961 16.65664291381836 
v 9.819439888000488 -70.09321594238281 16.65664291381836 
v 5.203763484954834 -62.095157623291016 16.65664291381836 
v 8.672308921813965 -62.095157623291016 16.65664291381836 
v 6.493437767028809 -53.10325622558594 16.65664291381836 
v 9.819439888000488 -54.09709548950195 16.65664291381836 
v 10.26743221282959 -44.84490203857422 16.65664291381836 
v 13.179381370544434 -46.73793411254883 16.65664291381836 
v 16.206722259521484 -38.006324768066406 16.65664291381836 
v 18.480621337890625 -40.60924530029297 16.65664291381836 
v 23.842952728271484 -33.084442138671875 16.65664291381836 
v 25.281957626342773 -36.23160934448242 16.65664291381836 
v 32.5516471862793 -30.52884864807129 16.65664291381836 
v 33.04715347290039 -33.95996856689453 16.65664291381836 
v 41.62688446044922 -30.52884864807129 16.65664291381836 
v 41.131378173828125 -33.95996856689453 16.65664291381836 
v 50.33557891845703 -33.084442138671875 16.65664291381836 
v 48.896575927734375 -36.23160934448242 16.65664291381836 
v 57.965023040771484 -38.006324768066406 16.65664291381836 
v 55.69791030883789 -40.60924530029297 16.65664291381836 
v 63.91109848022461 -44.84490203857422 16.65664291381836 
v 60.999149322509766 -46.73793411254883 16.65664291381836 
v 67.67830657958984 -53.10325622558594 16.65664291381836 
v 64.35909271240234 -54.09709548950195 16.65664291381836 
v 64.35909271240234 -54.09709548950195 18.531972885131836 
v 65.5062255859375 -62.095157623291016 18.531972885131836 
v 64.35909271240234 -70.09321594238281 18.531972885131836 
v 60.999149322509766 -77.45237731933594 18.531972885131836 
v 55.69791030883789 -83.58106994628906 18.531972885131836 
v 48.896575927734375 -87.93504333496094 18.531972885131836 
v 41.131378173828125 -90.2303466796875 18.531972885131836 
v 33.04715347290039 -90.2303466796875 18.531972885131836 
v 25.281957626342773 -87.93504333496094 18.531972885131836 
v 18.480621337890625 -83.58106994628906 18.531972885131836 
v 13.179381370544434 -77.45237731933594 18.531972885131836 
v 9.819439888000488 -70.09321594238281 18.531972885131836 
v 8.672308921813965 -62.095157623291016 18.531972885131836 
v 9.819439888000488 -54.09709548950195 18.531972885131836 
v 13.179381370544434 -46.73793411254883 18.531972885131836 
v 18.480621337890625 -40.60924530029297 18.531972885131836 
v 25.281957626342773 -36.23160934448242 18.531972885131836 
v 33.04715347290039 -33.95996856689453 18.531972885131836 
v 41.131378173828125 -33.95996856689453 18.531972885131836 
v 48.896575927734375 -36.23160934448242 18.531972885131836 
v 55.69791030883789 -40.60924530029297 18.531972885131836 
v 60.999149322509766 -46.73793411254883 18.531972885131836 
v 63.40880584716797 -54.35738754272461 19.516782760620117 
v 64.5219955444336 -62.095157623291016 19.516782760620117 
v 63.40880584716797 -69.83292388916016 19.516782760620117 
v 60.171043395996094 -76.93179321289062 19.516782760620117 
v 55.05307388305664 -82.82386016845703 19.516782760620117 
v 48.482521057128906 -87.05951690673828 19.516782760620117 
v 40.99562072753906 -89.23650360107422 19.516782760620117 
v 33.18291091918945 -89.23650360107422 19.516782760620117 
v 25.68922233581543 -87.05951690673828 19.516782760620117 
v 19.125459671020508 -82.82386016845703 19.516782760620117 
v 14.007488250732422 -76.93179321289062 19.516782760620117 
v 10.762938499450684 -69.83292388916016 19.516782760620117 
v 9.656534194946289 -62.095157623291016 19.516782760620117 
v 10.762938499450684 -54.35738754272461 19.516782760620117 
v 14.007488250732422 -47.25851821899414 19.516782760620117 
v 19.125459671020508 -41.366455078125 19.516782760620117 
v 25.68922233581543 -37.13079833984375 19.516782760620117 
v 33.18291091918945 -34.93014907836914 19.516782760620117 
v 40.99562072753906 -34.93014907836914 19.516782760620117 
v 48.482521057128906 -37.13079833984375 19.516782760620117 
v 55.05307388305664 -41.366455078125 19.516782760620117 
v 60.171043395996094 -47.25851821899414 19.516782760620117 
v 37.085872650146484 -62.095157623291016 19.516782760620117 
v 76.12227630615234 -14.627379417419434 16.03851890563965 
v 73.34608459472656 -15.360929489135742 16.03851890563965 
v 76.12227630615234 -20.164499282836914 16.03851890563965 
v 71.31654357910156 -17.395938873291016 16.03851890563965 
v 70.5766830444336 -20.164499282836914 16.03851890563965 
v 71.31654357910156 -22.95672035217285 16.03851890563965 
v 73.34608459472656 -24.991729736328125 16.03851890563965 
v 76.12227630615234 -25.72528076171875 16.03851890563965 
v 78.89847564697266 -24.991729736328125 16.03851890563965 
v 80.92801666259766 -22.95672035217285 16.03851890563965 
v 81.67466735839844 -20.164499282836914 16.03851890563965 
v 80.92801666259766 -17.395938873291016 16.03851890563965 
v 78.89847564697266 -15.360929489135742 16.03851890563965 
v 44.30126190185547 -227.07289123535156 0.13488779962062836 
v 43.77181625366211 -227.47515869140625 0.20822469890117645 
v 44.30126190185547 -227.47515869140625 0.20822469890117645 
v 43.77181625366211 -227.85377502441406 0.13488779962062836 
v 44.30126190185547 -227.85377502441406 0.13488779962062836 
v 43.77181625366211 -228.20870971679688 -0.0641694962978363 
v 44.30126190185547 -228.20870971679688 -0.0641694962978363 
v 43.77181625366211 -228.46900939941406 -0.3679938018321991 
v 44.30126190185547 -228.46900939941406 -0.3679938018321991 
v 43.77181625366211 -228.5873260498047 -0.734678328037262 
v 44.30126190185547 -228.5873260498047 -0.734678328037262 
v 43.77181625366211 -228.5873260498047 -1.1327929496765137 
v 44.30126190185547 -228.5873260498047 -1.1327929496765137 
v 43.77181625366211 -228.46900939941406 -1.5099540948867798 
v 44.30126190185547 -228.46900939941406 -1.5099540948867798 
v 43.77181625366211 -228.20870971679688 -1.8137784004211426 
v 44.30126190185547 -228.20870971679688 -1.8137784004211426 
v 43.77181625366211 -227.85377502441406 -2.012835741043091 
v 44.30126190185547 -227.85377502441406 -2.012835741043091 
v 43.77181625366211 -227.47515869140625 -2.0756959915161133 
v 44.30126190185547 -227.47515869140625 -2.0756959915161133 
v 43.77181625366211 -227.07289123535156 -2.012835741043091 
v 44.30126190185547 -227.07289123535156 -2.012835741043091 
v 43.77181625366211 -226.7416229248047 -1.8137784004211426 
v 44.30126190185547 -226.7416229248047 -1.8137784004211426 
v 43.77181625366211 -226.4813232421875 -1.5099540948867798 
v 44.30126190185547 -226.4813232421875 -1.5099540948867798 
v 43.77181625366211 -226.33934020996094 -1.1327929496765137 
v 44.30126190185547 -226.33934020996094 -1.1327929496765137 
v 43.77181625366211 -226.33934020996094 -0.734678328037262 
v 44.30126190185547 -226.33934020996094 -0.734678328037262 
v 43.77181625366211 -226.4813232421875 -0.3679938018321991 
v 44.30126190185547 -226.4813232421875 -0.3679938018321991 
v 43.77181625366211 -226.7416229248047 -0.0641694962978363 
v 44.30126190185547 -226.7416229248047 -0.0641694962978363 
v 43.77181625366211 -227.07289123535156 0.13488779962062836 
v 43.77181625366211 -227.47515869140625 -0.9337356090545654 
v 17.99869155883789 -291.0337219238281 281.14093017578125 
v 18.528135299682617 -291.0337219238281 281.14093017578125 
v 17.99869155883789 -291.4123229980469 281.0675964355469 
v 18.528135299682617 -291.4123229980469 281.0675964355469 
v 17.99869155883789 -291.8145751953125 281.14093017578125 
v 18.528135299682617 -291.8145751953125 281.14093017578125 
v 17.99869155883789 -292.1458740234375 281.3399963378906 
v 18.528135299682617 -292.1458740234375 281.3399963378906 
v 17.99869155883789 -292.4061584472656 281.6438293457031 
v 18.528135299682617 -292.4061584472656 281.6438293457031 
v 17.99869155883789 -292.5481262207031 282.0209655761719 
v 18.528135299682617 -292.5481262207031 282.0209655761719 
v 17.99869155883789 -292.5481262207031 282.40863037109375 
v 18.528135299682617 -292.5481262207031 282.40863037109375 
v 17.99869155883789 -292.4061584472656 282.7857666015625 
v 18.528135299682617 -292.4061584472656 282.7857666015625 
v 17.99869155883789 -292.1458740234375 283.089599609375 
v 18.528135299682617 -292.1458740234375 283.089599609375 
v 17.99869155883789 -291.8145751953125 283.2886657714844 
v 18.528135299682617 -291.8145751953125 283.2886657714844 
v 17.99869155883789 -291.4123229980469 283.3515319824219 
v 18.528135299682617 -291.4123229980469 283.3515319824219 
v 17.99869155883789 -291.0337219238281 283.2886657714844 
v 18.528135299682617 -291.0337219238281 283.2886657714844 
v 17.99869155883789 -290.67877197265625 283.089599609375 
v 18.528135299682617 -290.67877197265625 283.089599609375 
v 17.99869155883789 -290.4184875488281 282.7857666015625 
v 18.528135299682617 -290.4184875488281 282.7857666015625 
v 17.99869155883789 -290.3001708984375 282.40863037109375 
v 18.528135299682617 -290.3001708984375 282.40863037109375 
v 17.99869155883789 -290.3001708984375 282.0209655761719 
v 18.528135299682617 -290.3001708984375 282.0209655761719 
v 17.99869155883789 -290.4184875488281 281.6438293457031 
v 18.528135299682617 -290.4184875488281 281.6438293457031 
v 17.99869155883789 -290.67877197265625 281.3399963378906 
v 18.528135299682617 -290.67877197265625 281.3399963378906 
v 18.528135299682617 -291.4123229980469 282.2095642089844 
v -2.4256789684295654 -291.0337219238281 281.14093017578125 
v -2.9551241397857666 -291.0337219238281 281.14093017578125 
v -2.4256789684295654 -290.7024230957031 281.3399963378906 
v -2.9551241397857666 -290.7024230957031 281.3399963378906 
v -2.4256789684295654 -290.442138671875 281.6438293457031 
v -2.9551241397857666 -290.442138671875 281.6438293457031 
v -2.4256789684295654 -290.3001708984375 282.010498046875 
v -2.9551241397857666 -290.3001708984375 282.010498046875 
v -2.4256789684295654 -290.3001708984375 282.40863037109375 
v -2.9551241397857666 -290.3001708984375 282.40863037109375 
v -2.4256789684295654 -290.442138671875 282.7857666015625 
v -2.9551241397857666 -290.442138671875 282.7857666015625 
v -2.4256789684295654 -290.7024230957031 283.089599609375 
v -2.9551241397857666 -290.7024230957031 283.089599609375 
v -2.4256789684295654 -291.0337219238281 283.2886657714844 
v -2.9551241397857666 -291.0337219238281 283.2886657714844 
v -2.4256789684295654 -291.43597412109375 283.3515319824219 
v -2.9551241397857666 -291.43597412109375 283.3515319824219 
v -2.4256789684295654 -291.8145751953125 283.2886657714844 
v -2.9551241397857666 -291.8145751953125 283.2886657714844 
v -2.4256789684295654 -292.1695251464844 283.089599609375 
v -2.9551241397857666 -292.1695251464844 283.089599609375 
v -2.4256789684295654 -292.4061584472656 282.7857666015625 
v -2.9551241397857666 -292.4061584472656 282.7857666015625 
v -2.4256789684295654 -292.5481262207031 282.40863037109375 
v -2.9551241397857666 -292.5481262207031 282.40863037109375 
v -2.4256789684295654 -292.5481262207031 282.010498046875 
v -2.9551241397857666 -292.5481262207031 282.010498046875 
v -2.4256789684295654 -292.4061584472656 281.6438293457031 
v -2.9551241397857666 -292.4061584472656 281.6438293457031 
v -2.4256789684295654 -292.1695251464844 281.3399963378906 
v -2.9551241397857666 -292.1695251464844 281.3399963378906 
v -2.4256789684295654 -291.8145751953125 281.14093017578125 
v -2.9551241397857666 -291.8145751953125 281.14093017578125 
v -2.4256789684295654 -291.43597412109375 281.0675964355469 
v -2.9551241397857666 -291.43597412109375 281.0675964355469 
v -2.9551241397857666 -291.43597412109375 282.2095642089844 
v 14.489418983459473 -290.67877197265625 281.3399963378906 
v 13.966761589050293 -290.67877197265625 281.3399963378906 
v 14.489418983459473 -290.4184875488281 281.6438293457031 
v 13.966761589050293 -290.4184875488281 281.6438293457031 
v 14.489418983459473 -290.3001708984375 282.0209655761719 
v 13.966761589050293 -290.3001708984375 282.0209655761719 
v 14.489418983459473 -290.3001708984375 282.40863037109375 
v 13.966761589050293 -290.3001708984375 282.40863037109375 
v 14.489418983459473 -290.4184875488281 282.7857666015625 
v 13.966761589050293 -290.4184875488281 282.7857666015625 
v 14.489418983459473 -290.67877197265625 283.089599609375 
v 13.966761589050293 -290.67877197265625 283.089599609375 
v 14.489418983459473 -291.0337219238281 283.2886657714844 
v 13.966761589050293 -291.0337219238281 283.2886657714844 
v 14.489418983459473 -291.4123229980469 283.3515319824219 
v 13.966761589050293 -291.4123229980469 283.3515319824219 
v 14.489418983459473 -291.8145751953125 283.2886657714844 
v 13.966761589050293 -291.8145751953125 283.2886657714844 
v 14.489418983459473 -292.1458740234375 283.089599609375 
v 13.966761589050293 -292.1458740234375 283.089599609375 
v 14.489418983459473 -292.4061584472656 282.7857666015625 
v 13.966761589050293 -292.4061584472656 282.7857666015625 
v 14.489418983459473 -292.5481262207031 282.40863037109375 
v 13.966761589050293 -292.5481262207031 282.40863037109375 
v 14.489418983459473 -292.5481262207031 282.0209655761719 
v 13.966761589050293 -292.5481262207031 282.0209655761719 
v 14.489418983459473 -292.4061584472656 281.6438293457031 
v 13.966761589050293 -292.4061584472656 281.6438293457031 
v 14.489418983459473 -292.1458740234375 281.3399963378906 
v 13.966761589050293 -292.1458740234375 281.3399963378906 
v 14.489418983459473 -291.8145751953125 281.14093017578125 
v 13.966761589050293 -291.8145751953125 281.14093017578125 
v 14.489418983459473 -291.4123229980469 281.0675964355469 
v 13.966761589050293 -291.4123229980469 281.0675964355469 
v 14.489418983459473 -291.0337219238281 281.14093017578125 
v 13.966761589050293 -291.0337219238281 281.14093017578125 
v 13.966761589050293 -291.4123229980469 282.2095642089844 
v 47.80374526977539 -228.20870971679688 -0.0641694962978363 
v 48.33319091796875 -227.85377502441406 0.13488779962062836 
v 47.80374526977539 -227.85377502441406 0.13488779962062836 
v 48.33319091796875 -227.47515869140625 0.20822469890117645 
v 47.80374526977539 -227.47515869140625 0.20822469890117645 
v 48.33319091796875 -227.07289123535156 0.13488779962062836 
v 47.80374526977539 -227.07289123535156 0.13488779962062836 
v 48.33319091796875 -226.7416229248047 -0.0641694962978363 
v 47.80374526977539 -226.7416229248047 -0.0641694962978363 
v 48.33319091796875 -226.4813232421875 -0.3679938018321991 
v 47.80374526977539 -226.4813232421875 -0.3679938018321991 
v 48.33319091796875 -226.33934020996094 -0.734678328037262 
v 47.80374526977539 -226.33934020996094 -0.734678328037262 
v 48.33319091796875 -226.33934020996094 -1.1327929496765137 
v 47.80374526977539 -226.33934020996094 -1.1327929496765137 
v 48.33319091796875 -226.4813232421875 -1.5099540948867798 
v 47.80374526977539 -226.4813232421875 -1.5099540948867798 
v 48.33319091796875 -226.7416229248047 -1.8137784004211426 
v 47.80374526977539 -226.7416229248047 -1.8137784004211426 
v 48.33319091796875 -227.07289123535156 -2.012835741043091 
v 47.80374526977539 -227.07289123535156 -2.012835741043091 
v 48.33319091796875 -227.47515869140625 -2.0756959915161133 
v 47.80374526977539 -227.47515869140625 -2.0756959915161133 
v 48.33319091796875 -227.85377502441406 -2.012835741043091 
v 47.80374526977539 -227.85377502441406 -2.012835741043091 
v 48.33319091796875 -228.20870971679688 -1.8137784004211426 
v 47.80374526977539 -228.20870971679688 -1.8137784004211426 
v 48.33319091796875 -228.46900939941406 -1.5099540948867798 
v 47.80374526977539 -228.46900939941406 -1.5099540948867798 
v 48.33319091796875 -228.5873260498047 -1.1327929496765137 
v 47.80374526977539 -228.5873260498047 -1.1327929496765137 
v 48.33319091796875 -228.5873260498047 -0.734678328037262 
v 47.80374526977539 -228.5873260498047 -0.734678328037262 
v 48.33319091796875 -228.46900939941406 -0.3679938018321991 
v 47.80374526977539 -228.46900939941406 -0.3679938018321991 
v 48.33319091796875 -228.20870971679688 -0.0641694962978363 
v 48.33319091796875 -227.47515869140625 -0.9337356090545654 
v 32.639888763427734 -289.8032531738281 285.0697021484375 
v 33.481571197509766 -293.3526916503906 285.0697021484375 
v 32.639888763427734 -293.0687255859375 285.0697021484375 
v 27.759489059448242 -293.3526916503906 285.0697021484375 
v 28.601171493530273 -293.0687255859375 285.0697021484375 
v 27.759489059448242 -289.3536376953125 285.0697021484375 
v 28.601171493530273 -289.8032531738281 285.0697021484375 
v 33.481571197509766 -289.3536376953125 285.0697021484375 
v 19.098308563232422 -289.3536376953125 285.0697021484375 
v 18.25662612915039 -289.8032531738281 285.0697021484375 
v 13.376226425170898 -289.3536376953125 285.0697021484375 
v 14.21790885925293 -289.8032531738281 285.0697021484375 
v 13.376226425170898 -293.3526916503906 285.0697021484375 
v 14.21790885925293 -293.0687255859375 285.0697021484375 
v 19.098308563232422 -293.3526916503906 285.0697021484375 
v 18.25662612915039 -293.0687255859375 285.0697021484375 
v 5.868963718414307 -228.37435913085938 -1.1118395328521729 
v 5.868963718414307 -229.0369110107422 -1.2270832061767578 
v 5.868963718414307 -228.2797088623047 -1.4051871299743652 
v 5.868963718414307 -228.8476104736328 -1.7404414415359497 
v 5.868963718414307 -228.06674194335938 -1.656627893447876 
v 5.868963718414307 -228.49267578125 -2.1595094203948975 
v 5.868963718414307 -227.78277587890625 -1.8137784004211426 
v 5.868963718414307 -228.0194091796875 -2.442380428314209 
v 5.868963718414307 -227.47515869140625 -1.8661619424819946 
v 5.868963718414307 -227.47515869140625 -2.536670684814453 
v 5.868963718414307 -227.16754150390625 -1.8137784004211426 
v 5.868963718414307 -226.93092346191406 -2.442380428314209 
v 5.868963718414307 -226.8835906982422 -1.656627893447876 
v 5.868963718414307 -226.45765686035156 -2.1595094203948975 
v 5.868963718414307 -226.67062377929688 -1.4051871299743652 
v 5.868963718414307 -226.10272216796875 -1.7404414415359497 
v 5.868963718414307 -226.5759735107422 -1.1118395328521729 
v 5.868963718414307 -225.9134063720703 -1.2270832061767578 
v 5.868963718414307 -226.5759735107422 -0.7870618104934692 
v 5.868963718414307 -225.9134063720703 -0.6718180775642395 
v 5.868963718414307 -226.67062377929688 -0.48323750495910645 
v 5.868963718414307 -226.10272216796875 -0.15845979750156403 
v 5.868963718414307 -226.8835906982422 -0.24227340519428253 
v 5.868963718414307 -226.45765686035156 0.27108490467071533 
v 5.868963718414307 -227.16754150390625 -0.08512289822101593 
v 5.868963718414307 -226.93092346191406 0.5434790849685669 
v 5.868963718414307 -227.47515869140625 -0.022262699902057648 
v 5.868963718414307 -227.47515869140625 0.6377694010734558 
v 5.868963718414307 -227.78277587890625 -0.08512289822101593 
v 5.868963718414307 -228.0194091796875 0.5434790849685669 
v 5.868963718414307 -228.06674194335938 -0.24227340519428253 
v 5.868963718414307 -228.49267578125 0.27108490467071533 
v 5.868963718414307 -228.2797088623047 -0.48323750495910645 
v 5.868963718414307 -228.8476104736328 -0.15845979750156403 
v 5.868963718414307 -228.37435913085938 -0.7870618104934692 
v 5.868963718414307 -229.0369110107422 -0.6718180775642395 
v 5.047645092010498 -229.0369110107422 -0.6718180775642395 
v 5.047645092010498 -229.0369110107422 -1.2270832061767578 
v 5.047645092010498 -228.8476104736328 -1.7404414415359497 
v 5.047645092010498 -228.49267578125 -2.1595094203948975 
v 5.047645092010498 -228.0194091796875 -2.442380428314209 
v 5.047645092010498 -227.47515869140625 -2.536670684814453 
v 5.047645092010498 -226.93092346191406 -2.442380428314209 
v 5.047645092010498 -226.45765686035156 -2.1595094203948975 
v 5.047645092010498 -226.10272216796875 -1.7404414415359497 
v 5.047645092010498 -225.9134063720703 -1.2270832061767578 
v 5.047645092010498 -225.9134063720703 -0.6718180775642395 
v 5.047645092010498 -226.10272216796875 -0.15845979750156403 
v 5.047645092010498 -226.45765686035156 0.27108490467071533 
v 5.047645092010498 -226.93092346191406 0.5434790849685669 
v 5.047645092010498 -227.47515869140625 0.6377694010734558 
v 5.047645092010498 -228.0194091796875 0.5434790849685669 
v 5.047645092010498 -228.49267578125 0.27108490467071533 
v 5.047645092010498 -228.8476104736328 -0.15845979750156403 
v 57.19800567626953 -292.97406005859375 281.9371643066406 
v 57.19800567626953 -292.7847595214844 281.4237976074219 
v 57.19800567626953 -291.4123229980469 282.22003173828125 
v 57.19800567626953 -292.4298400878906 280.9942626953125 
v 57.19800567626953 -291.9565734863281 280.72186279296875 
v 57.19800567626953 -291.4123229980469 280.6275634765625 
v 57.19800567626953 -290.8680725097656 280.72186279296875 
v 57.19800567626953 -290.3948059082031 280.9942626953125 
v 57.19800567626953 -290.0398864746094 281.4237976074219 
v 57.19800567626953 -289.8505554199219 281.9371643066406 
v 57.19800567626953 -289.8505554199219 282.492431640625 
v 57.19800567626953 -290.0398864746094 283.00579833984375 
v 57.19800567626953 -290.3948059082031 283.4353332519531 
v 57.19800567626953 -290.8680725097656 283.7077331542969 
v 57.19800567626953 -291.4123229980469 283.802001953125 
v 57.19800567626953 -291.9565734863281 283.7077331542969 
v 57.19800567626953 -292.4298400878906 283.4353332519531 
v 57.19800567626953 -292.7847595214844 283.00579833984375 
v 57.19800567626953 -292.97406005859375 282.492431640625 
v 64.72563171386719 -226.7416229248047 -1.8137784004211426 
v 65.25507354736328 -227.07289123535156 -2.012835741043091 
v 64.72563171386719 -227.07289123535156 -2.012835741043091 
v 65.25507354736328 -227.47515869140625 -2.0756959915161133 
v 64.72563171386719 -227.47515869140625 -2.0756959915161133 
v 65.25507354736328 -227.85377502441406 -2.012835741043091 
v 64.72563171386719 -227.85377502441406 -2.012835741043091 
v 65.25507354736328 -228.20870971679688 -1.8137784004211426 
v 64.72563171386719 -228.20870971679688 -1.8137784004211426 
v 65.25507354736328 -228.46900939941406 -1.5099540948867798 
v 64.72563171386719 -228.46900939941406 -1.5099540948867798 
v 65.25507354736328 -228.5873260498047 -1.1327929496765137 
v 64.72563171386719 -228.5873260498047 -1.1327929496765137 
v 65.25507354736328 -228.5873260498047 -0.734678328037262 
v 64.72563171386719 -228.5873260498047 -0.734678328037262 
v 65.25507354736328 -228.46900939941406 -0.3679938018321991 
v 64.72563171386719 -228.46900939941406 -0.3679938018321991 
v 65.25507354736328 -228.20870971679688 -0.0641694962978363 
v 64.72563171386719 -228.20870971679688 -0.0641694962978363 
v 65.25507354736328 -227.85377502441406 0.13488779962062836 
v 64.72563171386719 -227.85377502441406 0.13488779962062836 
v 65.25507354736328 -227.47515869140625 0.20822469890117645 
v 64.72563171386719 -227.47515869140625 0.20822469890117645 
v 65.25507354736328 -227.07289123535156 0.13488779962062836 
v 64.72563171386719 -227.07289123535156 0.13488779962062836 
v 65.25507354736328 -226.7416229248047 -0.0641694962978363 
v 64.72563171386719 -226.7416229248047 -0.0641694962978363 
v 65.25507354736328 -226.4813232421875 -0.3679938018321991 
v 64.72563171386719 -226.4813232421875 -0.3679938018321991 
v 65.25507354736328 -226.33934020996094 -0.734678328037262 
v 64.72563171386719 -226.33934020996094 -0.734678328037262 
v 65.25507354736328 -226.33934020996094 -1.1327929496765137 
v 64.72563171386719 -226.33934020996094 -1.1327929496765137 
v 65.25507354736328 -226.4813232421875 -1.5099540948867798 
v 64.72563171386719 -226.4813232421875 -1.5099540948867798 
v 65.25507354736328 -226.7416229248047 -1.8137784004211426 
v 65.25507354736328 -227.47515869140625 -0.9337356090545654 
v 1.0835930109024048 -291.4123229980469 281.0675964355469 
v 1.606250524520874 -291.4123229980469 281.0675964355469 
v 1.0835930109024048 -291.8145751953125 281.14093017578125 
v 1.606250524520874 -291.8145751953125 281.14093017578125 
v 1.0835930109024048 -292.1458740234375 281.3399963378906 
v 1.606250524520874 -292.1458740234375 281.3399963378906 
v 1.0835930109024048 -292.4061584472656 281.6438293457031 
v 1.606250524520874 -292.4061584472656 281.6438293457031 
v 1.0835930109024048 -292.5481262207031 282.0209655761719 
v 1.606250524520874 -292.5481262207031 282.0209655761719 
v 1.0835930109024048 -292.5481262207031 282.40863037109375 
v 1.606250524520874 -292.5481262207031 282.40863037109375 
v 1.0835930109024048 -292.4061584472656 282.7857666015625 
v 1.606250524520874 -292.4061584472656 282.7857666015625 
v 1.0835930109024048 -292.1458740234375 283.089599609375 
v 1.606250524520874 -292.1458740234375 283.089599609375 
v 1.0835930109024048 -291.8145751953125 283.2886657714844 
v 1.606250524520874 -291.8145751953125 283.2886657714844 
v 1.0835930109024048 -291.4123229980469 283.3515319824219 
v 1.606250524520874 -291.4123229980469 283.3515319824219 
v 1.0835930109024048 -291.0337219238281 283.2886657714844 
v 1.606250524520874 -291.0337219238281 283.2886657714844 
v 1.0835930109024048 -290.67877197265625 283.089599609375 
v 1.606250524520874 -290.67877197265625 283.089599609375 
v 1.0835930109024048 -290.4184875488281 282.7857666015625 
v 1.606250524520874 -290.4184875488281 282.7857666015625 
v 1.0835930109024048 -290.3001708984375 282.40863037109375 
v 1.606250524520874 -290.3001708984375 282.40863037109375 
v 1.0835930109024048 -290.3001708984375 282.0209655761719 
v 1.606250524520874 -290.3001708984375 282.0209655761719 
v 1.0835930109024048 -290.4184875488281 281.6438293457031 
v 1.606250524520874 -290.4184875488281 281.6438293457031 
v 1.0835930109024048 -290.67877197265625 281.3399963378906 
v 1.606250524520874 -290.67877197265625 281.3399963378906 
v 1.0835930109024048 -291.0337219238281 281.14093017578125 
v 1.606250524520874 -291.0337219238281 281.14093017578125 
v 1.606250524520874 -291.4123229980469 282.2095642089844 
v 13.009687423706055 -228.5873260498047 -1.1327929496765137 
v 12.487030029296875 -228.5873260498047 -1.1327929496765137 
v 13.009687423706055 -228.46900939941406 -1.5099540948867798 
v 12.487030029296875 -228.46900939941406 -1.5099540948867798 
v 13.009687423706055 -228.20870971679688 -1.8137784004211426 
v 12.487030029296875 -228.20870971679688 -1.8137784004211426 
v 13.009687423706055 -227.85377502441406 -2.012835741043091 
v 12.487030029296875 -227.85377502441406 -2.012835741043091 
v 13.009687423706055 -227.47515869140625 -2.0756959915161133 
v 12.487030029296875 -227.47515869140625 -2.0756959915161133 
v 13.009687423706055 -227.07289123535156 -2.012835741043091 
v 12.487030029296875 -227.07289123535156 -2.012835741043091 
v 13.009687423706055 -226.7416229248047 -1.8137784004211426 
v 12.487030029296875 -226.7416229248047 -1.8137784004211426 
v 13.009687423706055 -226.4813232421875 -1.5099540948867798 
v 12.487030029296875 -226.4813232421875 -1.5099540948867798 
v 13.009687423706055 -226.33934020996094 -1.1327929496765137 
v 12.487030029296875 -226.33934020996094 -1.1327929496765137 
v 13.009687423706055 -226.33934020996094 -0.734678328037262 
v 12.487030029296875 -226.33934020996094 -0.734678328037262 
v 13.009687423706055 -226.4813232421875 -0.3679938018321991 
v 12.487030029296875 -226.4813232421875 -0.3679938018321991 
v 13.009687423706055 -226.7416229248047 -0.0641694962978363 
v 12.487030029296875 -226.7416229248047 -0.0641694962978363 
v 13.009687423706055 -227.07289123535156 0.13488779962062836 
v 12.487030029296875 -227.07289123535156 0.13488779962062836 
v 13.009687423706055 -227.47515869140625 0.20822469890117645 
v 12.487030029296875 -227.47515869140625 0.20822469890117645 
v 13.009687423706055 -227.85377502441406 0.13488779962062836 
v 12.487030029296875 -227.85377502441406 0.13488779962062836 
v 13.009687423706055 -228.20870971679688 -0.0641694962978363 
v 12.487030029296875 -228.20870971679688 -0.0641694962978363 
v 13.009687423706055 -228.46900939941406 -0.3679938018321991 
v 12.487030029296875 -228.46900939941406 -0.3679938018321991 
v 13.009687423706055 -228.5873260498047 -0.734678328037262 
v 12.487030029296875 -228.5873260498047 -0.734678328037262 
v 12.487030029296875 -227.47515869140625 -0.9337356090545654 
v 57.26588439941406 -598.0125122070312 -45.386375427246094 
v 56.88576889038086 -597.6575927734375 -43.11293029785156 
v 32.768856048583984 -595.5752563476562 -49.828495025634766 
v 32.38874053955078 -595.2202758789062 -47.555049896240234 
v 7.891716480255127 -592.7830200195312 -51.997169494628906 
v 10.484641075134277 -556.76806640625 -46.59119415283203 
v 1.2329237461090088 -556.0345458984375 -51.557151794433594 
v 3.4185824394226074 -530.241943359375 -49.49324035644531 
v -3.6949899196624756 -555.6322631835938 -53.60010528564453 
v 3.785121440887451 -529.2481079101562 -50.95997619628906 
v -1.3600006103515625 -530.289306640625 -52.604820251464844 
v -0.45044073462486267 -514.7664184570312 -51.16951370239258 
v -1.658661961555481 -530.4549560546875 -54.28109359741211 
v -0.5318938493728638 -514.3168334960938 -53.704872131347656 
v 8.265043258666992 -593.16162109375 -54.27061462402344 
v -1.8283560276031494 -591.00830078125 -53.83059310913086 
v -1.4550292491912842 -591.3632202148438 -56.09355926513672 
v -3.1655447483062744 -589.138916015625 -55.11922836303711 
v -3.4642062187194824 -589.3045654296875 -56.795501708984375 
v -6.220036506652832 -580.0997314453125 -54.61634826660156 
v -6.518698215484619 -580.2890014648438 -56.29261779785156 
v -3.9936513900756836 -555.7979125976562 -55.2763786315918 
v 34.981666564941406 -559.2053833007812 -42.14907455444336 
v 12.921446800231934 -531.0701904296875 -45.9311637878418 
v 59.47869110107422 -561.6189575195312 -37.70695114135742 
v 61.915496826171875 -535.9447021484375 -37.03644561767578 
v 37.11981201171875 -533.365478515625 -39.78133773803711 
v 37.486351013183594 -532.3953247070312 -41.248077392578125 
v 13.281197547912598 -530.0763549804688 -47.39789962768555 
v 6.6495561599731445 -492.0736999511719 -46.40261459350586 
v 0.18082095682621002 -481.3780822753906 -49.482765197753906 
v 9.018484115600586 -460.625732421875 -42.27479553222656 
v 1.0564420223236084 -445.43414306640625 -45.25017547607422 
v 12.717813491821289 -423.001708984375 -42.044307708740234 
v 6.316956043243408 -427.5686340332031 -42.819583892822266 
v 6.32374382019043 -425.53363037109375 -44.95682907104492 
v 1.0632297992706299 -443.42279052734375 -47.39789962768555 
v 0.1876087188720703 -479.3667297363281 -51.62001037597656 
v 69.8436050415039 -562.8494262695312 -39.1003532409668 
v 72.03604888916016 -537.033203125 -37.04692077636719 
v 73.92304229736328 -563.3226928710938 -39.5194206237793 
v 72.39579772949219 -536.0630493164062 -38.51365661621094 
v 77.493408203125 -538.0980834960938 -38.30412292480469 
v 79.11568450927734 -522.6698608398438 -36.73262023925781 
v 78.31472778320312 -538.4057006835938 -39.7708625793457 
v 80.15421295166016 -522.3148803710938 -39.058448791503906 
v 62.27524948120117 -534.9508666992188 -38.50318145751953 
v 65.12610626220703 -497.7764587402344 -33.85152816772461 
v 40.62908172607422 -495.3392028808594 -38.30412292480469 
v 67.78691101074219 -466.44677734375 -31.379026412963867 
v 43.323822021484375 -464.0331726074219 -36.04115676879883 
v 47.02315139770508 -426.4091796875 -35.82114791870117 
v 18.792858123779297 -461.59588623046875 -40.263267517089844 
v 22.526126861572266 -423.9718933105469 -40.27374267578125 
v 13.287985801696777 -420.9430236816406 -44.097740173339844 
v 75.2602310180664 -498.8886413574219 -33.956295013427734 
v 81.552490234375 -489.4707946777344 -34.71061706542969 
v 82.55707550048828 -487.4831237792969 -35.9259147644043 
v 82.91004180908203 -453.5741882324219 -30.394216537475586 
v 77.63594818115234 -467.4406433105469 -29.817996978759766 
v 81.3284912109375 -429.8166198730469 -29.597986221313477 
v 71.52017974853516 -428.846435546875 -31.379026412963867 
v 72.09713745117188 -426.78778076171875 -33.43246078491211 
v 47.60011291503906 -424.3504943847656 -37.87458038330078 
v 81.90544891357422 -427.7579650878906 -31.65142059326172 
v 85.48259735107422 -433.38970947265625 -30.603750228881836 
v 84.3558349609375 -435.3064270019531 -28.65508460998535 
v 84.03680419921875 -451.657470703125 -32.3428840637207 
v 16.132057189941406 -492.90191650390625 -42.746246337890625 
v 74.7443618774414 -563.606689453125 -40.99663543701172 
v 72.9388198852539 -593.6821899414062 -41.457611083984375 
v 72.11750030517578 -593.3982543945312 -39.98039627075195 
v 69.63996887207031 -596.569091796875 -43.53199768066406 
v 68.81864929199219 -596.2850952148438 -42.05478286743164 
v 67.16243743896484 -598.1781616210938 -43.647239685058594 
v 66.7823257446289 -597.8232421875 -41.37379837036133 
v 23.103086471557617 -421.9368896484375 -42.31669998168945 
v 32.368377685546875 -292.4061584472656 282.7857666015625 
v 32.89103698730469 -292.1458740234375 283.089599609375 
v 32.368377685546875 -292.1458740234375 283.089599609375 
v 32.89103698730469 -291.8145751953125 283.2886657714844 
v 32.368377685546875 -291.8145751953125 283.2886657714844 
v 32.89103698730469 -291.4123229980469 283.3515319824219 
v 32.368377685546875 -291.4123229980469 283.3515319824219 
v 32.89103698730469 -291.0337219238281 283.2886657714844 
v 32.368377685546875 -291.0337219238281 283.2886657714844 
v 32.89103698730469 -290.67877197265625 283.089599609375 
v 32.368377685546875 -290.67877197265625 283.089599609375 
v 32.89103698730469 -290.4184875488281 282.7857666015625 
v 32.368377685546875 -290.4184875488281 282.7857666015625 
v 32.89103698730469 -290.3001708984375 282.40863037109375 
v 32.368377685546875 -290.3001708984375 282.40863037109375 
v 32.89103698730469 -290.3001708984375 282.0209655761719 
v 32.368377685546875 -290.3001708984375 282.0209655761719 
v 32.89103698730469 -290.4184875488281 281.6438293457031 
v 32.368377685546875 -290.4184875488281 281.6438293457031 
v 32.89103698730469 -290.67877197265625 281.3399963378906 
v 32.368377685546875 -290.67877197265625 281.3399963378906 
v 32.89103698730469 -291.0337219238281 281.14093017578125 
v 32.368377685546875 -291.0337219238281 281.14093017578125 
v 32.89103698730469 -291.4123229980469 281.0675964355469 
v 32.368377685546875 -291.4123229980469 281.0675964355469 
v 32.89103698730469 -291.8145751953125 281.14093017578125 
v 32.368377685546875 -291.8145751953125 281.14093017578125 
v 32.89103698730469 -292.1458740234375 281.3399963378906 
v 32.368377685546875 -292.1458740234375 281.3399963378906 
v 32.89103698730469 -292.4061584472656 281.6438293457031 
v 32.368377685546875 -292.4061584472656 281.6438293457031 
v 32.89103698730469 -292.5481262207031 282.0209655761719 
v 32.368377685546875 -292.5481262207031 282.0209655761719 
v 32.89103698730469 -292.5481262207031 282.40863037109375 
v 32.368377685546875 -292.5481262207031 282.40863037109375 
v 32.89103698730469 -292.4061584472656 282.7857666015625 
v 32.89103698730469 -291.4123229980469 282.2095642089844 
v 49.29026412963867 -290.4184875488281 282.7857666015625 
v 49.812923431396484 -290.3001708984375 282.40863037109375 
v 49.29026412963867 -290.3001708984375 282.40863037109375 
v 49.812923431396484 -290.3001708984375 282.0209655761719 
v 49.29026412963867 -290.3001708984375 282.0209655761719 
v 49.812923431396484 -290.4184875488281 281.6438293457031 
v 49.29026412963867 -290.4184875488281 281.6438293457031 
v 49.812923431396484 -290.67877197265625 281.3399963378906 
v 49.29026412963867 -290.67877197265625 281.3399963378906 
v 49.812923431396484 -291.0337219238281 281.14093017578125 
v 49.29026412963867 -291.0337219238281 281.14093017578125 
v 49.812923431396484 -291.4123229980469 281.0675964355469 
v 49.29026412963867 -291.4123229980469 281.0675964355469 
v 49.812923431396484 -291.8145751953125 281.14093017578125 
v 49.29026412963867 -291.8145751953125 281.14093017578125 
v 49.812923431396484 -292.1458740234375 281.3399963378906 
v 49.29026412963867 -292.1458740234375 281.3399963378906 
v 49.812923431396484 -292.4061584472656 281.6438293457031 
v 49.29026412963867 -292.4061584472656 281.6438293457031 
v 49.812923431396484 -292.5481262207031 282.0209655761719 
v 49.29026412963867 -292.5481262207031 282.0209655761719 
v 49.812923431396484 -292.5481262207031 282.40863037109375 
v 49.29026412963867 -292.5481262207031 282.40863037109375 
v 49.812923431396484 -292.4061584472656 282.7857666015625 
v 49.29026412963867 -292.4061584472656 282.7857666015625 
v 49.812923431396484 -292.1458740234375 283.089599609375 
v 49.29026412963867 -292.1458740234375 283.089599609375 
v 49.812923431396484 -291.8145751953125 283.2886657714844 
v 49.29026412963867 -291.8145751953125 283.2886657714844 
v 49.812923431396484 -291.4123229980469 283.3515319824219 
v 49.29026412963867 -291.4123229980469 283.3515319824219 
v 49.812923431396484 -291.0337219238281 283.2886657714844 
v 49.29026412963867 -291.0337219238281 283.2886657714844 
v 49.812923431396484 -290.67877197265625 283.089599609375 
v 49.29026412963867 -290.67877197265625 283.089599609375 
v 49.812923431396484 -290.4184875488281 282.7857666015625 
v 49.812923431396484 -291.4123229980469 282.2095642089844 
v 71.31654357910156 -7.220891952514648 16.03851890563965 
v 73.34608459472656 -9.23223876953125 16.03851890563965 
v 76.12227630615234 -4.4286699295043945 16.03851890563965 
v 76.12227630615234 -9.98945140838623 16.03851890563965 
v 78.89847564697266 -9.23223876953125 16.03851890563965 
v 80.92801666259766 -7.220891952514648 16.03851890563965 
v 81.67466735839844 -4.4286699295043945 16.03851890563965 
v 80.92801666259766 -1.660110592842102 16.03851890563965 
v 78.89847564697266 0.3748987913131714 16.03851890563965 
v 76.12227630615234 1.1084487438201904 16.03851890563965 
v 73.34608459472656 0.3748987913131714 16.03851890563965 
v 71.31654357910156 -1.660110592842102 16.03851890563965 
v 70.5766830444336 -4.4286699295043945 16.03851890563965 
v 44.708526611328125 -293.3526916503906 285.0697021484375 
v 44.708526611328125 -289.3536376953125 285.8345031738281 
v 44.708526611328125 -289.3536376953125 285.0697021484375 
v 50.42382049560547 -289.3536376953125 285.8345031738281 
v 50.42382049560547 -289.3536376953125 285.0697021484375 
v 50.42382049560547 -293.3526916503906 285.8345031738281 
v 50.42382049560547 -293.3526916503906 285.0697021484375 
v 44.708526611328125 -293.3526916503906 285.8345031738281 
v 46.30364990234375 -290.20550537109375 286.4945373535156 
v 48.828697204589844 -290.20550537109375 286.4945373535156 
v 48.828697204589844 -292.4771423339844 286.4945373535156 
v 46.30364990234375 -292.4771423339844 286.4945373535156 
v 72.57907104492188 -229.0369110107422 -0.6718180775642395 
v 72.57907104492188 -229.0369110107422 -1.2270832061767578 
v 72.57907104492188 -227.47515869140625 -0.9442123174667358 
v 72.57907104492188 -228.8476104736328 -1.7404414415359497 
v 72.57907104492188 -228.49267578125 -2.1595094203948975 
v 72.57907104492188 -228.0194091796875 -2.442380428314209 
v 72.57907104492188 -227.47515869140625 -2.536670684814453 
v 72.57907104492188 -226.93092346191406 -2.442380428314209 
v 72.57907104492188 -226.45765686035156 -2.1595094203948975 
v 72.57907104492188 -226.10272216796875 -1.7404414415359497 
v 72.57907104492188 -225.9134063720703 -1.2270832061767578 
v 72.57907104492188 -225.9134063720703 -0.6718180775642395 
v 72.57907104492188 -226.10272216796875 -0.15845979750156403 
v 72.57907104492188 -226.45765686035156 0.27108490467071533 
v 72.57907104492188 -226.93092346191406 0.5434790849685669 
v 72.57907104492188 -227.47515869140625 0.6377694010734558 
v 72.57907104492188 -228.0194091796875 0.5434790849685669 
v 72.57907104492188 -228.49267578125 0.27108490467071533 
v 72.57907104492188 -228.8476104736328 -0.15845979750156403 
v -3.5660226345062256 -289.3536376953125 285.0697021484375 
v -3.5660226345062256 -289.3536376953125 285.8345031738281 
v 2.1560590267181396 -289.3536376953125 285.0697021484375 
v 2.1560590267181396 -289.3536376953125 285.8345031738281 
v 2.1560590267181396 -293.3526916503906 285.0697021484375 
v 2.1560590267181396 -293.3526916503906 285.8345031738281 
v -3.5660226345062256 -293.3526916503906 285.0697021484375 
v -3.5660226345062256 -293.3526916503906 285.8345031738281 
v -1.970898985862732 -292.4771423339844 286.4945373535156 
v -1.970898985862732 -290.20550537109375 286.4945373535156 
v 0.5609354972839355 -290.20550537109375 286.4945373535156 
v 0.5609354972839355 -292.4771423339844 286.4945373535156 
v 61.21635818481445 -228.20870971679688 -0.0641694962978363 
v 60.693702697753906 -228.46900939941406 -0.3679938018321991 
v 61.21635818481445 -228.46900939941406 -0.3679938018321991 
v 60.693702697753906 -228.5873260498047 -0.734678328037262 
v 61.21635818481445 -228.5873260498047 -0.734678328037262 
v 60.693702697753906 -228.5873260498047 -1.1327929496765137 
v 61.21635818481445 -228.5873260498047 -1.1327929496765137 
v 60.693702697753906 -228.46900939941406 -1.5099540948867798 
v 61.21635818481445 -228.46900939941406 -1.5099540948867798 
v 60.693702697753906 -228.20870971679688 -1.8137784004211426 
v 61.21635818481445 -228.20870971679688 -1.8137784004211426 
v 60.693702697753906 -227.85377502441406 -2.012835741043091 
v 61.21635818481445 -227.85377502441406 -2.012835741043091 
v 60.693702697753906 -227.47515869140625 -2.0756959915161133 
v 61.21635818481445 -227.47515869140625 -2.0756959915161133 
v 60.693702697753906 -227.07289123535156 -2.012835741043091 
v 61.21635818481445 -227.07289123535156 -2.012835741043091 
v 60.693702697753906 -226.7416229248047 -1.8137784004211426 
v 61.21635818481445 -226.7416229248047 -1.8137784004211426 
v 60.693702697753906 -226.4813232421875 -1.5099540948867798 
v 61.21635818481445 -226.4813232421875 -1.5099540948867798 
v 60.693702697753906 -226.33934020996094 -1.1327929496765137 
v 61.21635818481445 -226.33934020996094 -1.1327929496765137 
v 60.693702697753906 -226.33934020996094 -0.734678328037262 
v 61.21635818481445 -226.33934020996094 -0.734678328037262 
v 60.693702697753906 -226.4813232421875 -0.3679938018321991 
v 61.21635818481445 -226.4813232421875 -0.3679938018321991 
v 60.693702697753906 -226.7416229248047 -0.0641694962978363 
v 61.21635818481445 -226.7416229248047 -0.0641694962978363 
v 60.693702697753906 -227.07289123535156 0.13488779962062836 
v 61.21635818481445 -227.07289123535156 0.13488779962062836 
v 60.693702697753906 -227.47515869140625 0.20822469890117645 
v 61.21635818481445 -227.47515869140625 0.20822469890117645 
v 60.693702697753906 -227.85377502441406 0.13488779962062836 
v 61.21635818481445 -227.85377502441406 0.13488779962062836 
v 60.693702697753906 -228.20870971679688 -0.0641694962978363 
v 60.693702697753906 -227.47515869140625 -0.9337356090545654 
v -1.0817023515701294 -100.90231323242188 12.23547649383545 
v -1.9912621974945068 -101.58853912353516 13.712691307067871 
v -1.0817023515701294 -105.46925354003906 12.23547649383545 
v -1.9912621974945068 -104.80669403076172 13.712691307067871 
v -7.1635355949401855 -105.46925354003906 12.23547649383545 
v -6.2539753913879395 -104.80669403076172 13.712691307067871 
v -7.1635355949401855 -100.90231323242188 12.23547649383545 
v -6.2539753913879395 -101.58853912353516 13.712691307067871 
v 45.550209045410156 -293.0687255859375 285.0697021484375 
v 44.708526611328125 -289.3536376953125 285.0697021484375 
v 45.550209045410156 -289.8032531738281 285.0697021484375 
v 50.42382049560547 -289.3536376953125 285.0697021484375 
v 49.58213806152344 -289.8032531738281 285.0697021484375 
v 50.42382049560547 -293.3526916503906 285.0697021484375 
v 49.58213806152344 -293.0687255859375 285.0697021484375 
v 44.708526611328125 -293.3526916503906 285.0697021484375 
v 19.098308563232422 -289.3536376953125 285.0697021484375 
v 19.098308563232422 -289.3536376953125 285.8345031738281 
v 19.098308563232422 -293.3526916503906 285.0697021484375 
v 19.098308563232422 -293.3526916503906 285.8345031738281 
v 13.376226425170898 -293.3526916503906 285.0697021484375 
v 13.376226425170898 -293.3526916503906 285.8345031738281 
v 13.376226425170898 -289.3536376953125 285.0697021484375 
v 13.376226425170898 -289.3536376953125 285.8345031738281 
v 14.971349716186523 -290.20550537109375 286.4945373535156 
v 17.503185272216797 -290.20550537109375 286.4945373535156 
v 17.503185272216797 -292.4771423339844 286.4945373535156 
v 14.971349716186523 -292.4771423339844 286.4945373535156 
v 33.481571197509766 -289.3536376953125 285.0697021484375 
v 33.481571197509766 -293.3526916503906 285.8345031738281 
v 33.481571197509766 -293.3526916503906 285.0697021484375 
v 27.759489059448242 -293.3526916503906 285.8345031738281 
v 27.759489059448242 -293.3526916503906 285.0697021484375 
v 27.759489059448242 -289.3536376953125 285.8345031738281 
v 27.759489059448242 -289.3536376953125 285.0697021484375 
v 33.481571197509766 -289.3536376953125 285.8345031738281 
v 31.88644790649414 -292.4771423339844 286.4945373535156 
v 29.3546142578125 -292.4771423339844 286.4945373535156 
v 29.3546142578125 -290.20550537109375 286.4945373535156 
v 31.88644790649414 -290.20550537109375 286.4945373535156 
v -20.535423278808594 -116.42517852783203 -11.536155700683594 
v 86.48719024658203 -115.3840103149414 -7.890264511108398 
v 72.9388198852539 -115.3840103149414 -7.890264511108398 
v 58.528404235839844 -115.3840103149414 -7.890264511108398 
v 44.11799240112305 -115.3840103149414 -7.890264511108398 
v 29.707576751708984 -115.3840103149414 -7.890264511108398 
v 0.8867480158805847 -115.3840103149414 -7.890264511108398 
v -7.781221389770508 -89.85173797607422 8.411480903625488 
v 16.797258377075195 -216.18795776367188 -4.13960599899292 
v 29.755090713500977 -232.72833251953125 -4.13960599899292 
v 15.62297534942627 -229.27354431152344 0.7949199080467224 
v 32.565223693847656 -229.27354431152344 0.7949199080467224 
v 86.11386108398438 -214.88650512695312 -8.19408893585205 
v 71.94780731201172 -214.88650512695312 -8.19408893585205 
v -33.64258575439453 -218.64891052246094 -24.181533813476562 
v -38.10214614868164 -214.0583038330078 -29.78656768798828 
v -33.64258575439453 -243.11634826660156 -34.281070709228516 
v -8.371756553649902 -214.88650512695312 -8.19408893585205 
v -7.401106834411621 -214.8628387451172 -25.941617965698242 
v 5.787510871887207 -214.88650512695312 -8.19408893585205 
v 6.758160591125488 -214.8628387451172 -25.941617965698242 
v 19.95356559753418 -214.88650512695312 -8.19408893585205 
v 20.92421531677246 -214.8628387451172 -25.941617965698242 
v 34.11283493041992 -214.88650512695312 -8.19408893585205 
v 35.0834846496582 -214.8628387451172 -25.941617965698242 
v 64.92926025390625 -232.72833251953125 -4.13960599899292 
v 47.980228424072266 -232.72833251953125 -4.13960599899292 
v 64.92926025390625 -232.72833251953125 -2.662391185760498 
v 43.995811462402344 -232.72833251953125 -4.13960599899292 
v 47.980228424072266 -232.72833251953125 -2.662391185760498 
v 62.1191291809082 -231.75814819335938 0.7949199080467224 
v 64.92926025390625 -216.18795776367188 -4.13960599899292 
v 47.980228424072266 -216.18795776367188 -4.13960599899292 
v 43.995811462402344 -216.18795776367188 -1.5937676429748535 
v 61.705078125 -193.82652282714844 -20.944232940673828 
v 47.539024353027344 -193.82652282714844 -20.944232940673828 
v 111.38468933105469 -218.64891052246094 -24.181533813476562 
v -23.006166458129883 -386.9631042480469 228.58981323242188 
v 110.29865264892578 -288.5491027832031 180.07220458984375 
v 103.66700744628906 -386.9631042480469 180.07220458984375 
v -10.055121421813965 -572.50390625 157.6625518798828 
v 6.914278984069824 -624.4202880859375 143.5189971923828 
v 79.43470764160156 -561.5006713867188 89.7001953125 
v 88.54388427734375 -554.8987426757812 78.2701187133789 
v 58.664161682128906 -508.4957580566406 64.48278045654297 
vn -0.29722118377685547 -0.30121567845344543 0.9060511589050293 
vn -0.29722118377685547 0.30121567845344543 0.9060511589050293 
vn -0.6488003730773926 -0.6514667272567749 0.3932546079158783 
vn -0.6488003730773926 0.6514667272567749 0.3932546079158783 
vn -0.7071051001548767 0.7071051001548767 -0.002184694167226553 
vn -0.0037719623651355505 0.9244976043701172 0.3811691105365753 
vn -1.0341130485562108e-13 0.999997615814209 0.002184694167226553 
vn 0.0037719623651355505 0.9244976043701172 0.3811691105365753 
vn -1.0341130485562108e-13 0.999997615814209 0.002184694167226553 
vn 0.6488003730773926 0.6514667272567749 0.3932546079158783 
vn 0.7071051001548767 0.7071051001548767 -0.002184694167226553 
vn 0.7071051001548767 -0.7071051001548767 -0.002184694167226553 
vn -3.962606474504013e-14 0.3831879794597626 0.9236704111099243 
vn -3.962606474504013e-14 0.3831879794597626 0.9236704111099243 
vn 0.29989010095596313 0.2985585927963257 0.9060511589050293 
vn 0.29989010095596313 -0.2985585927963257 0.9060511589050293 
vn 0.6488003730773926 -0.6514667272567749 0.3932546079158783 
vn -0.999997615814209 -2.0682260971124217e-13 -0.002184694167226553 
vn -0.8795284628868103 -1.8190681708336875e-13 -0.4758462607860565 
vn -0.8672792315483093 0.49781718850135803 -0.002184694167226553 
vn -0.7616940140724182 0.43976423144340515 -0.4758462607860565 
vn -0.49781718850135803 0.8672792315483093 0.002184694167226553 
vn -0.43976423144340515 0.7616940140724182 -0.4758462607860565 
vn -1.0341130485562108e-13 0.999997615814209 -0.002184694167226553 
vn -9.095340854168438e-14 0.8795284628868103 -0.4758462607860565 
vn 0.49781718850135803 0.8672792315483093 0.002184694167226553 
vn 0.43976423144340515 0.7616940140724182 -0.4758462607860565 
vn 0.8672792315483093 0.49781718850135803 -0.002184694167226553 
vn 0.7616940140724182 0.43976423144340515 -0.4758462607860565 
vn 0.999997615814209 0 -0.002184694167226553 
vn 0.8795284628868103 0 -0.4758462607860565 
vn 0.8672792315483093 -0.49781718850135803 -0.002184694167226553 
vn 0.7616940140724182 -0.43976423144340515 -0.4758462607860565 
vn 0.49781718850135803 -0.8672792315483093 0.002184694167226553 
vn 0.43976423144340515 -0.7616940140724182 -0.4758462607860565 
vn 3.097898456858039e-13 -0.999997615814209 0.002184694167226553 
vn 2.732507959051639e-13 -0.8795284628868103 -0.4758462607860565 
vn -0.49781718850135803 -0.8672792315483093 0.002184694167226553 
vn -0.43976423144340515 -0.7616940140724182 -0.4758462607860565 
vn -0.8672792315483093 -0.49781718850135803 0.002184694167226553 
vn -0.7616940140724182 -0.43976423144340515 -0.4758462607860565 
vn -0.999997615814209 -2.0682260971124217e-13 -0.002184694167226553 
vn -0.8795284628868103 -1.8190681708336875e-13 -0.4758462607860565 
vn -0.7344462871551514 0.4254865348339081 -0.528724730014801 
vn -0.422214150428772 0.736332356929779 -0.528724730014801 
vn 0.0037769887130707502 0.8487849235534668 -0.528724730014801 
vn 0.422214150428772 0.736332356929779 -0.528724730014801 
vn 0.7344462871551514 0.4254865348339081 -0.528724730014801 
vn 0.8487933278083801 0 -0.528724730014801 
vn 0.7344462871551514 -0.4254865348339081 -0.528724730014801 
vn 0.422214150428772 -0.736332356929779 -0.528724730014801 
vn -0.0037769887130707502 -0.8487849235534668 -0.528724730014801 
vn -0.422214150428772 -0.736332356929779 -0.528724730014801 
vn -0.7344462871551514 -0.4254865348339081 -0.528724730014801 
vn -0.8487933278083801 -1.7555007198345046e-13 -0.528724730014801 
vn -0.4958147704601288 0.8638089299201965 0.08945280313491821 
vn 0.0018872113432735205 0.9959892630577087 0.08945280313491821 
vn 0.4990847110748291 0.8619238138198853 0.08945280313491821 
vn 0.8628679513931274 0.49745064973831177 0.08945280313491821 
vn 0.995991051197052 0 0.08945280313491821 
vn 0.8628679513931274 -0.49745064973831177 0.08945280313491821 
vn 0.4990847110748291 -0.8619238138198853 0.08945280313491821 
vn 0.0018872113432735205 -0.9959892630577087 0.08945280313491821 
vn -0.4958147704601288 -0.8638089299201965 0.08945280313491821 
vn -0.8609765768051147 -0.5007169842720032 0.08945280313491821 
vn -0.995983898639679 -0.003774415934458375 0.08945280313491821 
vn -0.2973394989967346 0.5200356841087341 0.8007197380065918 
vn -0.0018857052782550454 0.5990361571311951 0.8007197380065918 
vn 0.3006076216697693 0.5181534290313721 0.8007197380065918 
vn 0.5172045826911926 0.30223721265792847 0.8007197380065918 
vn 0.5990391373634338 0 0.8007197380065918 
vn 0.5172045826911926 -0.30223721265792847 0.8007197380065918 
vn 0.3006076216697693 -0.5181534290313721 0.8007197380065918 
vn -0.0018857052782550454 -0.5990361571311951 0.8007197380065918 
vn -0.2973394989967346 -0.5200356841087341 0.8007197380065918 
vn -0.519097089767456 -0.29897505044937134 0.8007197380065918 
vn -0.5990272760391235 -0.0037713919300585985 0.8007197380065918 
vn -0.519097089767456 0.29897505044937134 0.8007197380065918 
vn -0.8609765768051147 0.5007169842720032 0.08945280313491821 
vn -0.5990272760391235 -0.0037713919300585985 0.8007197380065918 
vn -0.995983898639679 -0.003774415934458375 0.08945280313491821 
vn -0.8487933278083801 -1.7555007198345046e-13 -0.528724730014801 
vn -0.7071051001548767 0.7071051001548767 0.002184694167226553 
vn -0.5759913921356201 0.5799909830093384 0.5760593414306641 
vn 0.7071051001548767 0.7071051001548767 0.002184694167226553 
vn 0.5786608457565308 0.5773276686668396 0.5760593414306641 
vn 0.7960442304611206 0.21622830629348755 0.5652954578399658 
vn -0.797024667263031 0.21258582174777985 0.5652954578399658 
vn 0.6368452906608582 0.27143949270248413 0.7216291427612305 
vn -0.6353579759597778 0.274902880191803 0.7216291427612305 
vn 0.265901654958725 0.26457056403160095 0.926983654499054 
vn -0.2632327973842621 0.26722607016563416 0.926983654499054 
vn 0.5488297939300537 0.543501079082489 0.6351318359375 
vn -0.5488297939300537 0.543501079082489 0.6351318359375 
vn 0.5488297939300537 -0.543501079082489 0.6351318359375 
vn -0.5488297939300537 -0.543501079082489 0.6351318359375 
vn 0.265901654958725 -0.26457056403160095 0.926983654499054 
vn -0.2632327973842621 -0.26722607016563416 0.926983654499054 
vn 0.5786608457565308 -0.5773276686668396 0.5760593414306641 
vn -0.5759913921356201 -0.5799909830093384 0.5760593414306641 
vn 0.8668986558914185 -0.40192973613739014 0.2948545813560486 
vn -0.8668986558914185 -0.40192973613739014 0.2948545813560486 
vn 0.5947492718696594 -0.6507614850997925 0.4719987213611603 
vn -0.5947492718696594 -0.6507614850997925 0.4719987213611603 
vn -0.7071051001548767 -0.7071051001548767 0.002184694167226553 
vn -0.7071051001548767 0.7071051001548767 0.002184694167226553 
vn -0.5759913921356201 0.5799909830093384 0.5760593414306641 
vn 0.7071051001548767 0.7071051001548767 0.002184694167226553 
vn 0.5786608457565308 0.5773276686668396 0.5760593414306641 
vn 0.7960442304611206 0.21622830629348755 0.5652954578399658 
vn -0.797024667263031 0.21258582174777985 0.5652954578399658 
vn 0.6368452906608582 0.27143949270248413 0.7216291427612305 
vn -0.6353579759597778 0.274902880191803 0.7216291427612305 
vn 0.265901654958725 0.26457056403160095 0.926983654499054 
vn -0.2632327973842621 0.26722607016563416 0.926983654499054 
vn 0.5488297939300537 0.543501079082489 0.6351318359375 
vn -0.5488297939300537 0.543501079082489 0.6351318359375 
vn 0.5488297939300537 -0.543501079082489 0.6351318359375 
vn -0.5488297939300537 -0.543501079082489 0.6351318359375 
vn 0.265901654958725 -0.26457056403160095 0.926983654499054 
vn -0.2632327973842621 -0.26722607016563416 0.926983654499054 
vn 0.5786608457565308 -0.5773276686668396 0.5760593414306641 
vn -0.5759913921356201 -0.5799909830093384 0.5760593414306641 
vn 0.8668986558914185 -0.40192973613739014 0.2948545813560486 
vn -0.8668986558914185 -0.40192973613739014 0.2948545813560486 
vn 0.5947492718696594 -0.6507614850997925 0.4719987213611603 
vn -0.5947492718696594 -0.6507614850997925 0.4719987213611603 
vn -0.7071051001548767 -0.7071051001548767 0.002184694167226553 
vn 0.5488297939300537 0.543501079082489 0.6351318359375 
vn 0.5488297939300537 -0.543501079082489 0.6351318359375 
vn 0.265901654958725 0.26457056403160095 0.926983654499054 
vn 0.265901654958725 -0.26457056403160095 0.926983654499054 
vn 0.6368452906608582 0.27143949270248413 0.7216291427612305 
vn 0.5786608457565308 -0.5773276686668396 0.5760593414306641 
vn 0.7960442304611206 0.21622830629348755 0.5652954578399658 
vn 0.8668986558914185 -0.40192973613739014 0.2948545813560486 
vn 0.999997615814209 0 0.002184694167226553 
vn 0.7071051001548767 -0.7071051001548767 0.002184694167226553 
vn 0.999997615814209 0 0.002184694167226553 
vn 0.5786608457565308 0.5773276686668396 0.5760593414306641 
vn -0.5488297939300537 -0.543501079082489 0.6351318359375 
vn -0.5488297939300537 0.543501079082489 0.6351318359375 
vn -0.2632327973842621 -0.26722607016563416 0.926983654499054 
vn -0.2632327973842621 0.26722607016563416 0.926983654499054 
vn -0.5759913921356201 -0.5799909830093384 0.5760593414306641 
vn -0.6353579759597778 0.274902880191803 0.7216291427612305 
vn -0.8668986558914185 -0.40192973613739014 0.2948545813560486 
vn -0.797024667263031 0.21258582174777985 0.5652954578399658 
vn -0.999997615814209 -2.0682260971124217e-13 0.002184694167226553 
vn -0.7071051001548767 0.7071051001548767 0.002184694167226553 
vn -0.999997615814209 -2.0682260971124217e-13 0.002184694167226553 
vn -0.5947492718696594 -0.6507614850997925 0.4719987213611603 
vn 0.5488297939300537 0.543501079082489 0.6351318359375 
vn 0.5488297939300537 -0.543501079082489 0.6351318359375 
vn 0.265901654958725 0.26457056403160095 0.926983654499054 
vn 0.265901654958725 -0.26457056403160095 0.926983654499054 
vn 0.6368452906608582 0.27143949270248413 0.7216291427612305 
vn 0.5786608457565308 -0.5773276686668396 0.5760593414306641 
vn 0.7960442304611206 0.21622830629348755 0.5652954578399658 
vn 0.8668986558914185 -0.40192973613739014 0.2948545813560486 
vn 0.999997615814209 0 0.002184694167226553 
vn 0.7071051001548767 -0.7071051001548767 0.002184694167226553 
vn 0.999997615814209 0 0.002184694167226553 
vn 0.5786608457565308 0.5773276686668396 0.5760593414306641 
vn -0.7071051001548767 -0.7071051001548767 0.002184694167226553 
vn -0.5947492718696594 -0.6507614850997925 0.4719987213611603 
vn -0.999997615814209 -2.0682260971124217e-13 0.002184694167226553 
vn -0.8668986558914185 -0.40192973613739014 0.2948545813560486 
vn -0.999997615814209 -2.0682260971124217e-13 0.002184694167226553 
vn -0.797024667263031 0.21258582174777985 0.5652954578399658 
vn -0.7071051001548767 0.7071051001548767 0.002184694167226553 
vn -0.5759913921356201 0.5799909830093384 0.5760593414306641 
vn -0.6353579759597778 0.274902880191803 0.7216291427612305 
vn -0.5759913921356201 -0.5799909830093384 0.5760593414306641 
vn -0.2632327973842621 0.26722607016563416 0.926983654499054 
vn -0.2632327973842621 -0.26722607016563416 0.926983654499054 
vn -0.5488297939300537 0.543501079082489 0.6351318359375 
vn -0.5488297939300537 -0.543501079082489 0.6351318359375 
vn 0.7078787684440613 0 0.7063339352607727 
vn -0.7078787684440613 -1.4640568759497624e-13 0.7063339352607727 
vn 0.7078787684440613 0 0.7063339352607727 
vn -0.7078787684440613 -1.4640568759497624e-13 0.7063339352607727 
vn 0.5786608457565308 -0.5773276686668396 0.5760593414306641 
vn -0.5759913921356201 -0.5799909830093384 0.5760593414306641 
vn 0.7071051001548767 -0.7071051001548767 -0.002184694167226553 
vn -0.7071051001548767 -0.7071051001548767 -0.002184694167226553 
vn 0.3000216782093048 -0.3040083348751068 0.9041935205459595 
vn -0.30268529057502747 -0.30135640501976013 0.9041935205459595 
vn 0.5786608457565308 -0.5773276686668396 0.5760593414306641 
vn -0.5759913921356201 -0.5799909830093384 0.5760593414306641 
vn 0.7071051001548767 -0.7071051001548767 0.002184694167226553 
vn -0.7071051001548767 -0.7071051001548767 0.002184694167226553 
vn -0.7078787684440613 -1.4640568759497624e-13 0.7063339352607727 
vn -0.7078686952590942 0.0037756471429020166 -0.7063339352607727 
vn -0.7078787684440613 -1.4640568759497624e-13 0.7063339352607727 
vn -0.9044591784477234 0.3041982352733612 -0.2990269064903259 
vn -0.7071051001548767 -0.7071051001548767 -0.002184694167226553 
vn -0.30268529057502747 -0.30135640501976013 0.9041935205459595 
vn 0.7078787684440613 0 -0.7063339352607727 
vn 0.9044591784477234 0.3041982352733612 -0.2990269064903259 
vn -0.30268529057502747 0.30135640501976013 0.9041935205459595 
vn 0.3000216782093048 0.3040083348751068 0.9041935205459595 
vn -0.5759913921356201 0.5799909830093384 0.5760593414306641 
vn 0.5786608457565308 0.5773276686668396 0.5760593414306641 
vn -0.7071051001548767 0.7071051001548767 0.002184694167226553 
vn 0.7071051001548767 0.7071051001548767 0.002184694167226553 
vn -0.7071051001548767 -0.7071051001548767 0.002184694167226553 
vn -0.5759913921356201 -0.5799909830093384 0.5760593414306641 
vn -0.7071051001548767 -0.7071051001548767 0.002184694167226553 
vn 0.7071051001548767 -0.7071051001548767 0.002184694167226553 
vn -0.5759913921356201 -0.5799909830093384 0.5760593414306641 
vn 0.5786608457565308 -0.5773276686668396 0.5760593414306641 
vn -0.30268529057502747 -0.30135640501976013 0.9041935205459595 
vn 0.3000216782093048 -0.3040083348751068 0.9041935205459595 
vn -0.7071051001548767 -0.7071051001548767 -0.002184694167226553 
vn 0.7071051001548767 -0.7071051001548767 -0.002184694167226553 
vn -0.5759913921356201 -0.5799909830093384 0.5760593414306641 
vn 0.5786608457565308 -0.5773276686668396 0.5760593414306641 
vn -0.7078787684440613 -1.4640568759497624e-13 0.7063339352607727 
vn 0.7078787684440613 0 0.7063339352607727 
vn -0.7078787684440613 -1.4640568759497624e-13 0.7063339352607727 
vn 0.7078787684440613 0 0.7063339352607727 
vn -0.5759913921356201 -0.5799909830093384 0.5760593414306641 
vn -0.7078787684440613 -1.4640568759497624e-13 0.7063339352607727 
vn -0.7071051001548767 -0.7071051001548767 -0.002184694167226553 
vn -0.9044591784477234 0.3041982352733612 -0.2990269064903259 
vn -0.30268529057502747 -0.30135640501976013 0.9041935205459595 
vn -0.30268529057502747 0.30135640501976013 0.9041935205459595 
vn -0.5759913921356201 -0.5799909830093384 0.5760593414306641 
vn -0.5759913921356201 0.5799909830093384 0.5760593414306641 
vn -0.7071051001548767 -0.7071051001548767 0.002184694167226553 
vn -0.7071051001548767 0.7071051001548767 0.002184694167226553 
vn 0.9044591784477234 0.3041982352733612 -0.2990269064903259 
vn 0.3000216782093048 0.3040083348751068 0.9041935205459595 
vn 0.5786608457565308 0.5773276686668396 0.5760593414306641 
vn 0.7071051001548767 0.7071051001548767 0.002184694167226553 
vn 0.7071051001548767 -0.7071051001548767 -0.002184694167226553 
vn 0.3000216782093048 -0.3040083348751068 0.9041935205459595 
vn 0.5786608457565308 -0.5773276686668396 0.5760593414306641 
vn 0.7071051001548767 -0.7071051001548767 0.002184694167226553 
vn 0.5786608457565308 -0.5773276686668396 0.5760593414306641 
vn 0.7078787684440613 0 0.7063339352607727 
vn 0.7078787684440613 0 0.7063339352607727 
vn 0.7078787684440613 0 -0.7063339352607727 
vn -0.7078686952590942 0.0037756471429020166 -0.7063339352607727 
vn -0.7078787684440613 -1.4640568759497624e-13 0.7063339352607727 
vn 0.26065003871917725 0.885256290435791 -0.3852050006389618 
vn 0.9313045144081116 0.3188767731189728 -0.1760382205247879 
vn -0.3824206590652466 -0.14007966220378876 0.913308322429657 
vn -0.3348296880722046 -0.6201710104942322 0.7094202041625977 
vn -0.7246526479721069 -0.49101194739341736 -0.4835140109062195 
vn -0.3566993176937103 -0.7183398604393005 0.5972883701324463 
vn -0.5709913372993469 -0.24980829656124115 -0.7820260524749756 
vn -0.0319850891828537 -0.41000980138778687 0.9115201234817505 
vn 0.3297272324562073 -0.4203941822052002 -0.8453097939491272 
vn -0.007566623389720917 -0.09131556749343872 -0.9957932829856873 
vn 0.7667058706283569 -0.6148759722709656 0.18463370203971863 
vn 0.5567851066589355 -0.38960930705070496 0.7336177229881287 
vn 0.5779946446418762 -0.5779946446418762 -0.5760593414306641 
vn 0.7078787684440613 0 -0.7063339352607727 
vn 0.5786608457565308 -0.5773276686668396 0.5760593414306641 
vn 0.9030877351760864 -0.3041483163833618 0.30319350957870483 
vn 0.5779946446418762 0.5779946446418762 -0.5760593414306641 
vn 0.7071051001548767 0.7071051001548767 0.002184694167226553 
vn 0.6465694904327393 0.7519476413726807 -0.12854042649269104 
vn 0.6465694904327393 -0.7519476413726807 -0.12854042649269104 
vn 0.48584532737731934 0.7785450220108032 -0.3972681760787964 
vn 0.4824111759662628 -0.7827070355415344 -0.3932546079158783 
vn 0.263511598110199 0.78166663646698 -0.5652954578399658 
vn 0.013315648771822453 -0.09505048394203186 -0.9953833818435669 
vn 0.5709913372993469 -0.24980829656124115 -0.7820260524749756 
vn 0.7271968126296997 -0.4910065233707428 -0.4796847105026245 
vn 0.09039008617401123 0.7781535387039185 -0.6215357780456543 
vn -0.09039008617401123 0.7781535387039185 -0.6215357780456543 
vn -0.5709913372993469 -0.24980829656124115 -0.7820260524749756 
vn -0.263511598110199 0.78166663646698 -0.5652954578399658 
vn -0.007566623389720917 -0.09131556749343872 -0.9957932829856873 
vn -0.4856214225292206 -0.7807193398475647 -0.3932546079158783 
vn -0.48263561725616455 0.78053879737854 -0.3972681760787964 
vn -0.6437013745307922 -0.7544043064117432 -0.12854042649269104 
vn -0.6437013745307922 0.7544043064117432 -0.12854042649269104 
vn -0.9042856097221375 -0.30056822299957275 0.30319350957870483 
vn -0.7071051001548767 0.7071051001548767 0.002184694167226553 
vn -0.5779946446418762 0.5779946446418762 -0.5760593414306641 
vn -0.7078686952590942 0.0037756471429020166 -0.7063339352607727 
vn -0.5779946446418762 -0.5779946446418762 -0.5760593414306641 
vn -0.5759913921356201 -0.5799909830093384 0.5760593414306641 
vn 0.3965924084186554 0.9179922342300415 0.002184694167226553 
vn -0.3965924084186554 0.9179922342300415 0.002184694167226553 
vn 0.33603206276893616 0.9024087190628052 0.26970529556274414 
vn -0.33603206276893616 0.9024087190628052 0.26970529556274414 
vn -0.33778145909309387 0.5398523807525635 0.7710143327713013 
vn 0.3345816135406494 0.5418413281440735 0.7710143327713013 
vn 0.3391053080558777 0.30853667855262756 0.888714075088501 
vn -0.3965924084186554 0.9179922342300415 0.002184694167226553 
vn -0.940263032913208 0.34044185280799866 0.002184694167226553 
vn -0.33603206276893616 0.9024087190628052 0.26970529556274414 
vn -0.866686999797821 0.405414342880249 0.29067665338516235 
vn -0.33778145909309387 0.5398523807525635 0.7710143327713013 
vn -0.3416246771812439 0.30574479699134827 0.888714075088501 
vn -0.8842459917068481 0.153999924659729 0.4409002661705017 
vn -0.999997615814209 -2.0682260971124217e-13 0.002184694167226553 
vn -0.3965924084186554 0.9179922342300415 0.002184694167226553 
vn -0.940263032913208 0.34044185280799866 0.002184694167226553 
vn -0.33603206276893616 0.9024087190628052 0.26970529556274414 
vn -0.866686999797821 0.405414342880249 0.29067665338516235 
vn -0.33778145909309387 0.5398523807525635 0.7710143327713013 
vn -0.3416246771812439 0.30574479699134827 0.888714075088501 
vn -0.8842459917068481 0.153999924659729 0.4409002661705017 
vn -0.999997615814209 -2.0682260971124217e-13 -0.002184694167226553 
vn -0.3965924084186554 0.9179922342300415 0.002184694167226553 
vn -0.940263032913208 0.34044185280799866 0.002184694167226553 
vn -0.33603206276893616 0.9024087190628052 0.26970529556274414 
vn -0.866686999797821 0.405414342880249 0.29067665338516235 
vn -0.33778145909309387 0.5398523807525635 0.7710143327713013 
vn -0.3416246771812439 0.30574479699134827 0.888714075088501 
vn -0.8842459917068481 0.153999924659729 0.4409002661705017 
vn -0.999997615814209 -2.0682260971124217e-13 0.002184694167226553 
vn -0.3965924084186554 0.9179922342300415 0.002184694167226553 
vn -0.940263032913208 0.34044185280799866 0.002184694167226553 
vn -0.33603206276893616 0.9024087190628052 0.26970529556274414 
vn -0.866686999797821 0.405414342880249 0.29067665338516235 
vn -0.33778145909309387 0.5398523807525635 0.7710143327713013 
vn -0.3416246771812439 0.30574479699134827 0.888714075088501 
vn -0.8842459917068481 0.153999924659729 0.4409002661705017 
vn -0.999997615814209 -2.0682260971124217e-13 0.002184694167226553 
vn -0.2205743044614792 -0.9373398423194885 0.26970529556274414 
vn -0.9327552318572998 0.3368159830570221 0.12854042649269104 
vn 0.8447104096412659 -0.303432434797287 0.4409002661705017 
vn 0.9132381081581116 0.12038864195346832 0.3892335295677185 
vn 0.5602705478668213 0.6282573342323303 0.5398051738739014 
vn -0.44125795364379883 0.7944924235343933 -0.417220801115036 
vn 0.7044224143028259 -0.02262796461582184 0.7094202041625977 
vn -0.18581773340702057 0.5621017217636108 -0.8059239983558655 
vn 0.12241215258836746 -0.9551305174827576 -0.26970529556274414 
vn 0.6314032673835754 -0.3398948311805725 0.6969945430755615 
vn 3.097898456858039e-13 -0.999997615814209 -0.002184694167226553 
vn 0.589733362197876 -0.6497054100036621 0.4796847105026245 
vn 0.8447104096412659 -0.303432434797287 0.4409002661705017 
vn -0.5779946446418762 0.5779946446418762 -0.5760593414306641 
vn -0.7071051001548767 0.7071051001548767 0.002184694167226553 
vn 0.5779946446418762 0.5779946446418762 -0.5760593414306641 
vn 0.7071051001548767 0.7071051001548767 0.002184694167226553 
vn -0.7308071851730347 0.6668192148208618 0.1458524912595749 
vn 0.6465694904327393 0.7519476413726807 -0.12854042649269104 
vn -0.5837993025779724 0.6464945077896118 0.4911448359489441 
vn 0.48584532737731934 0.7785450220108032 -0.3972681760787964 
vn -0.3217358887195587 0.6476243138313293 0.6907016038894653 
vn 0.263511598110199 0.78166663646698 -0.5652954578399658 
vn 0.09039008617401123 0.7781535387039185 -0.6215357780456543 
vn -0.11246158927679062 0.6570828557014465 0.7453821301460266 
vn 0.11246158927679062 0.6570828557014465 0.7453821301460266 
vn -0.09039008617401123 0.7781535387039185 -0.6215357780456543 
vn 0.3183574378490448 0.6492917537689209 0.6907016038894653 
vn -0.263511598110199 0.78166663646698 -0.5652954578399658 
vn -0.48263561725616455 0.78053879737854 -0.3972681760787964 
vn 0.5865952372550964 0.6439586877822876 0.4911448359489441 
vn -0.6437013745307922 0.7544043064117432 -0.12854042649269104 
vn 0.7308071851730347 0.6668192148208618 0.1458524912595749 
vn -0.7071051001548767 0.7071051001548767 0.002184694167226553 
vn 0.7071051001548767 0.7071051001548767 0.002184694167226553 
vn -0.5779946446418762 0.5779946446418762 -0.5760593414306641 
vn 0.2827949523925781 0.9338756799697876 0.21886809170246124 
vn 0.5701736807823181 0.8014863133430481 -0.18033768236637115 
vn -0.16773942112922668 0.5895429253578186 -0.790128231048584 
vn 0.22253194451332092 0.15607479214668274 -0.962351381778717 
vn 0.21810735762119293 0.1622004508972168 -0.962351381778717 
vn 0.9313045144081116 0.3188767731189728 -0.1760382205247879 
vn 0.7210105657577515 0.678316593170166 0.1415284425020218 
vn 0.9863267540931702 -0.06787776947021484 -0.15017375349998474 
vn 0.21338589489459991 0.9639743566513062 -0.15880759060382843 
vn 0.9778726100921631 -0.11302968859672546 0.1760382205247879 
vn 0.16706742346286774 0.9716253876686096 0.16742929816246033 
vn 0.9578718543052673 0.052780989557504654 0.28230419754981995 
vn 0.8690370917320251 0.47775718569755554 0.12854042649269104 
vn 0.3256588876247406 -0.01500089094042778 0.9453682899475098 
vn 0.5023951530456543 0.8626260757446289 0.058952588587999344 
vn -0.061908118426799774 0.43058040738105774 0.9004265069961548 
vn 0.6368677616119385 -0.20772400498390198 0.7424622178077698 
vn 0.67205411195755 -0.17877645790576935 0.7185974717140198 
vn 0.5843566656112671 0.7638720273971558 0.27391019463539124 
vn 0.2286769598722458 0.27122488617897034 0.9349566102027893 
vn 0.8569573163986206 -0.22376611828804016 0.4642767012119293 
vn 0.7596954703330994 -0.29478326439857483 0.5796254277229309 
vn 0.45122161507606506 0.4299236238002777 0.7820260524749756 
vn 0.6277782320976257 -0.39366352558135986 0.6715083718299866 
vn 0.4890699088573456 -0.49439695477485657 0.7185974717140198 
vn -0.3614475727081299 0.06352110207080841 0.9302261471748352 
vn -0.3256995975971222 -0.9144707322120667 0.2401314377784729 
vn -0.9743234515190125 -0.052826281636953354 0.21886809170246124 
vn 0.17045770585536957 -0.5294899344444275 0.8310141563415527 
vn 0.6638445854187012 0.23671363294124603 0.7094202041625977 
vn -0.24524421989917755 -0.3496989607810974 0.9041935205459595 
vn -0.5913218855857849 0.41097941994667053 0.6938546895980835 
vn 0.21874657273292542 -0.6732327342033386 0.7063339352607727 
vn -0.8089801669120789 0.20537370443344116 0.5507928133010864 
vn -0.035826802253723145 -0.8265745639801025 0.5616858005523682 
vn -0.696551501750946 -0.14239947497844696 0.7032341957092285 
vn -0.3348296880722046 -0.6201710104942322 0.7094202041625977 
vn -0.7691009640693665 -0.5774573087692261 -0.27391019463539124 
vn -0.3824206590652466 -0.14007966220378876 0.913308322429657 
vn -0.7782690525054932 -0.574779748916626 -0.25283506512641907 
vn -0.28653866052627563 -0.9356469511985779 -0.2060592919588089 
vn 0.0508195124566555 -0.7213519215583801 0.6907016038894653 
vn 0.5314342975616455 -0.41312912106513977 0.7395281791687012 
vn -0.24860502779483795 0.6358919739723206 0.7306414246559143 
vn 0.23347064852714539 0.1696263551712036 -0.9574540853500366 
vn 0.5366191864013672 -0.3236333727836609 -0.7792953848838806 
vn 0.9994826912879944 -0.015097145922482014 0.028397228568792343 
vn 0.8099002838134766 -0.20171479880809784 0.5507928133010864 
vn -0.7682441473007202 -0.5805686712265015 -0.26970529556274414 
vn -0.5254152417182922 0.3352224826812744 0.7820260524749756 
vn -0.9737752676010132 -0.007553744595497847 -0.22738653421401978 
vn -0.5488297939300537 0.543501079082489 0.6351318359375 
vn -0.2632327973842621 0.26722607016563416 0.926983654499054 
vn -0.5488297939300537 -0.543501079082489 0.6351318359375 
vn -0.2632327973842621 -0.26722607016563416 0.926983654499054 
vn -0.6353579759597778 0.274902880191803 0.7216291427612305 
vn -0.5759913921356201 -0.5799909830093384 0.5760593414306641 
vn -0.797024667263031 0.21258582174777985 0.5652954578399658 
vn -0.8668986558914185 -0.40192973613739014 0.2948545813560486 
vn -0.999997615814209 -2.0682260971124217e-13 0.002184694167226553 
vn -0.7071051001548767 -0.7071051001548767 0.002184694167226553 
vn -0.5947492718696594 -0.6507614850997925 0.4719987213611603 
vn -0.999997615814209 -2.0682260971124217e-13 0.002184694167226553 
vn -0.5759913921356201 0.5799909830093384 0.5760593414306641 
vn -0.7071051001548767 0.7071051001548767 0.002184694167226553 
vn -0.5567851066589355 -0.38960930705070496 0.7336177229881287 
vn 0.013315648771822453 -0.09505048394203186 -0.9953833818435669 
vn -0.7667058706283569 -0.6148759722709656 0.18463370203971863 
vn -0.3237452805042267 -0.4250180125236511 -0.8453097939491272 
vn -0.5779946446418762 0.5779946446418762 -0.5760593414306641 
vn 0.5779946446418762 0.5779946446418762 -0.5760593414306641 
vn -0.7078686952590942 0.0037756471429020166 -0.7063339352607727 
vn 0.7078787684440613 0 -0.7063339352607727 
vn 0.5779946446418762 -0.5779946446418762 -0.5760593414306641 
vn 0.5488297939300537 -0.543501079082489 0.6351318359375 
vn 0.265901654958725 -0.26457056403160095 0.926983654499054 
vn 0.5488297939300537 0.543501079082489 0.6351318359375 
vn 0.265901654958725 0.26457056403160095 0.926983654499054 
vn 0.5786608457565308 -0.5773276686668396 0.5760593414306641 
vn 0.6368452906608582 0.27143949270248413 0.7216291427612305 
vn 0.8668986558914185 -0.40192973613739014 0.2948545813560486 
vn 0.7960442304611206 0.21622830629348755 0.5652954578399658 
vn 0.999997615814209 0 0.002184694167226553 
vn 0.7071051001548767 0.7071051001548767 0.002184694167226553 
vn 0.5786608457565308 0.5773276686668396 0.5760593414306641 
vn 0.999997615814209 0 0.002184694167226553 
vn 0.5947492718696594 -0.6507614850997925 0.4719987213611603 
vn 0.7071051001548767 -0.7071051001548767 0.002184694167226553 
vn 0.7071051001548767 -0.7071051001548767 0.002184694167226553 
vn 0.999997615814209 0 0.002184694167226553 
vn 0.5947492718696594 -0.6507614850997925 0.4719987213611603 
vn 0.8668986558914185 -0.40192973613739014 0.2948545813560486 
vn 0.999997615814209 0 0.002184694167226553 
vn 0.7960442304611206 0.21622830629348755 0.5652954578399658 
vn 0.6368452906608582 0.27143949270248413 0.7216291427612305 
vn 0.5786608457565308 -0.5773276686668396 0.5760593414306641 
vn 0.265901654958725 0.26457056403160095 0.926983654499054 
vn 0.265901654958725 -0.26457056403160095 0.926983654499054 
vn 0.5488297939300537 0.543501079082489 0.6351318359375 
vn 0.5488297939300537 -0.543501079082489 0.6351318359375 
vn -0.7071051001548767 -0.7071051001548767 0.002184694167226553 
vn -0.5759913921356201 -0.5799909830093384 0.5760593414306641 
vn -0.7071051001548767 0.7071051001548767 0.002184694167226553 
vn -0.5759913921356201 0.5799909830093384 0.5760593414306641 
vn 0.7071051001548767 0.7071051001548767 0.002184694167226553 
vn 0.5786608457565308 0.5773276686668396 0.5760593414306641 
vn 0.7071051001548767 -0.7071051001548767 0.002184694167226553 
vn 0.5786608457565308 -0.5773276686668396 0.5760593414306641 
vn -0.30268529057502747 -0.30135640501976013 0.9041935205459595 
vn -0.30268529057502747 0.30135640501976013 0.9041935205459595 
vn 0.3000216782093048 0.3040083348751068 0.9041935205459595 
vn 0.3000216782093048 -0.3040083348751068 0.9041935205459595 
vn -0.7071051001548767 -0.7071051001548767 -0.002184694167226553 
vn -0.9042856097221375 0.30056822299957275 -0.30319350957870483 
vn 0.9030877351760864 0.3041483163833618 -0.30319350957870483 
vn 0.7071051001548767 -0.7071051001548767 -0.002184694167226553 
vn -0.5759913921356201 -0.5799909830093384 0.5760593414306641 
vn -0.7078787684440613 -1.4640568759497624e-13 0.7063339352607727 
vn -0.7078787684440613 -1.4640568759497624e-13 0.7063339352607727 
vn -0.7078686952590942 0.0037756471429020166 -0.7063339352607727 
vn 0.7078787684440613 0 -0.7063339352607727 
vn 0.7078787684440613 0 0.7063339352607727 
vn 0.5786608457565308 -0.5773276686668396 0.5760593414306641 
vn 0.7071051001548767 -0.7071051001548767 0.002184694167226553 
vn 0.5786608457565308 -0.5773276686668396 0.5760593414306641 
vn -0.7071051001548767 -0.7071051001548767 0.002184694167226553 
vn -0.5759913921356201 -0.5799909830093384 0.5760593414306641 
vn 0.3000216782093048 -0.3040083348751068 0.9041935205459595 
vn -0.30268529057502747 -0.30135640501976013 0.9041935205459595 
vn 0.7071051001548767 -0.7071051001548767 -0.002184694167226553 
vn -0.7071051001548767 -0.7071051001548767 -0.002184694167226553 
vn 0.5786608457565308 -0.5773276686668396 0.5760593414306641 
vn -0.5759913921356201 -0.5799909830093384 0.5760593414306641 
vn 0.7078787684440613 0 0.7063339352607727 
vn -0.7078787684440613 -1.4640568759497624e-13 0.7063339352607727 
vn 0.7078787684440613 0 0.7063339352607727 
vn -0.7078787684440613 -1.4640568759497624e-13 0.7063339352607727 
vn -0.5779946446418762 0.5779946446418762 -0.5760593414306641 
vn -0.7078686952590942 -0.0037756471429020166 -0.7063339352607727 
vn -0.7071051001548767 0.7071051001548767 0.002184694167226553 
vn -0.9042856097221375 -0.30056822299957275 0.30319350957870483 
vn -0.7308071851730347 -0.6668192148208618 0.1458524912595749 
vn -0.7308071851730347 0.6668192148208618 0.1458524912595749 
vn -0.5788034200668335 -0.6480855345726013 0.4949462115764618 
vn -0.5837993025779724 0.6464945077896118 0.4911448359489441 
vn -0.5567851066589355 -0.38960930705070496 0.7336177229881287 
vn -0.3217358887195587 0.6476243138313293 0.6907016038894653 
vn -0.11246158927679062 0.6570828557014465 0.7453821301460266 
vn 0.03573904186487198 -0.4096996486186981 0.9115201234817505 
vn 0.11246158927679062 0.6570828557014465 0.7453821301460266 
vn -0.0319850891828537 -0.41000980138778687 0.9115201234817505 
vn 0.5567851066589355 -0.38960930705070496 0.7336177229881287 
vn 0.3183574378490448 0.6492917537689209 0.6907016038894653 
vn 0.5865952372550964 0.6439586877822876 0.4911448359489441 
vn 0.5788034200668335 -0.6480855345726013 0.4949462115764618 
vn 0.7308071851730347 0.6668192148208618 0.1458524912595749 
vn 0.7308071851730347 -0.6668192148208618 0.1458524912595749 
vn 0.7071051001548767 0.7071051001548767 0.002184694167226553 
vn 0.9030877351760864 -0.3041483163833618 0.30319350957870483 
vn 0.7078787684440613 0 -0.7063339352607727 
vn 0.5779946446418762 0.5779946446418762 -0.5760593414306641 
vn 0.5786608457565308 -0.5773276686668396 0.5760593414306641 
vn 0.5779946446418762 -0.5779946446418762 -0.5760593414306641 
vn -0.5567907094955444 0.3839714825153351 -0.736579954624176 
vn -0.9743234515190125 -0.052826281636953354 0.21886809170246124 
vn -0.5521041750907898 0.11271286755800247 -0.8261215686798096 
vn -0.3614475727081299 0.06352110207080841 0.9302261471748352 
vn 0.17045770585536957 -0.5294899344444275 0.8310141563415527 
vn -0.5709913372993469 -0.24980829656124115 -0.7820260524749756 
vn -0.0319850891828537 -0.41000980138778687 0.9115201234817505 
vn 0.5709913372993469 -0.24980829656124115 -0.7820260524749756 
vn 0.03573904186487198 -0.4096996486186981 0.9115201234817505 
vn 0.3566993176937103 -0.7183398604393005 0.5972883701324463 
vn -0.7667058706283569 -0.6148759722709656 0.18463370203971863 
vn -0.7071051001548767 -0.7071051001548767 0.002184694167226553 
vn -0.5759913921356201 -0.5799909830093384 0.5760593414306641 
vn -0.7071051001548767 0.7071051001548767 0.002184694167226553 
vn -0.5759913921356201 0.5799909830093384 0.5760593414306641 
vn 0.7071051001548767 0.7071051001548767 0.002184694167226553 
vn 0.5786608457565308 0.5773276686668396 0.5760593414306641 
vn 0.7071051001548767 -0.7071051001548767 0.002184694167226553 
vn 0.5786608457565308 -0.5773276686668396 0.5760593414306641 
vn -0.30268529057502747 -0.30135640501976013 0.9041935205459595 
vn -0.30268529057502747 0.30135640501976013 0.9041935205459595 
vn 0.3000216782093048 0.3040083348751068 0.9041935205459595 
vn 0.3000216782093048 -0.3040083348751068 0.9041935205459595 
vn -0.7071051001548767 -0.7071051001548767 -0.002184694167226553 
vn -0.9042856097221375 0.30056822299957275 -0.30319350957870483 
vn 0.9030877351760864 0.3041483163833618 -0.30319350957870483 
vn 0.7071051001548767 -0.7071051001548767 -0.002184694167226553 
vn -0.5759913921356201 -0.5799909830093384 0.5760593414306641 
vn -0.7078787684440613 -1.4640568759497624e-13 0.7063339352607727 
vn -0.7078787684440613 -1.4640568759497624e-13 0.7063339352607727 
vn -0.7078686952590942 0.0037756471429020166 -0.7063339352607727 
vn 0.7078787684440613 0 -0.7063339352607727 
vn 0.7078787684440613 0 0.7063339352607727 
vn 0.5786608457565308 -0.5773276686668396 0.5760593414306641 
vn 0.3000216782093048 -0.3040083348751068 0.9041935205459595 
vn 0.3040194809436798 -0.3000103831291199 -0.9041935205459595 
vn -0.30268529057502747 -0.30135640501976013 0.9041935205459595 
vn -0.3013526499271393 -0.3026890456676483 -0.9041935205459595 
vn -0.30268529057502747 0.30135640501976013 0.9041935205459595 
vn -0.3013526499271393 0.3026890456676483 -0.9041935205459595 
vn 0.3000216782093048 0.3040083348751068 0.9041935205459595 
vn 0.3040194809436798 0.3000103831291199 -0.9041935205459595 
vn 0.3000216782093048 -0.3040083348751068 0.9041935205459595 
vn 0.3040194809436798 -0.3000103831291199 -0.9041935205459595 
vn 0.7071051001548767 -0.7071051001548767 0.002184694167226553 
vn 0.5786608457565308 -0.5773276686668396 0.5760593414306641 
vn -0.7071051001548767 -0.7071051001548767 0.002184694167226553 
vn -0.5759913921356201 -0.5799909830093384 0.5760593414306641 
vn 0.3000216782093048 -0.3040083348751068 0.9041935205459595 
vn -0.30268529057502747 -0.30135640501976013 0.9041935205459595 
vn 0.7071051001548767 -0.7071051001548767 -0.002184694167226553 
vn -0.7071051001548767 -0.7071051001548767 -0.002184694167226553 
vn 0.5786608457565308 -0.5773276686668396 0.5760593414306641 
vn -0.5759913921356201 -0.5799909830093384 0.5760593414306641 
vn 0.7078787684440613 0 0.7063339352607727 
vn -0.7078787684440613 -1.4640568759497624e-13 0.7063339352607727 
vn 0.7078787684440613 0 0.7063339352607727 
vn -0.7078787684440613 -1.4640568759497624e-13 0.7063339352607727 
vn -0.30268529057502747 -0.30135640501976013 0.9041935205459595 
vn -0.5759913921356201 -0.5799909830093384 0.5760593414306641 
vn 0.3000216782093048 -0.3040083348751068 0.9041935205459595 
vn 0.5786608457565308 -0.5773276686668396 0.5760593414306641 
vn 0.3000216782093048 0.3040083348751068 0.9041935205459595 
vn 0.5786608457565308 0.5773276686668396 0.5760593414306641 
vn -0.30268529057502747 0.30135640501976013 0.9041935205459595 
vn -0.5759913921356201 0.5799909830093384 0.5760593414306641 
vn -0.30268529057502747 -0.30135640501976013 0.9041935205459595 
vn -0.5759913921356201 -0.5799909830093384 0.5760593414306641 
vn -0.7071051001548767 -0.7071051001548767 0.002184694167226553 
vn 0.7071051001548767 -0.7071051001548767 0.002184694167226553 
vn 0.7071051001548767 0.7071051001548767 0.002184694167226553 
vn -0.7071051001548767 0.7071051001548767 0.002184694167226553 
vn -0.7071051001548767 -0.7071051001548767 0.002184694167226553 
vn -0.30268529057502747 -0.30135640501976013 0.9041935205459595 
vn -0.5759913921356201 -0.5799909830093384 0.5760593414306641 
vn 0.3000216782093048 -0.3040083348751068 0.9041935205459595 
vn 0.5786608457565308 -0.5773276686668396 0.5760593414306641 
vn 0.3000216782093048 0.3040083348751068 0.9041935205459595 
vn 0.5786608457565308 0.5773276686668396 0.5760593414306641 
vn -0.30268529057502747 0.30135640501976013 0.9041935205459595 
vn -0.5759913921356201 0.5799909830093384 0.5760593414306641 
vn -0.30268529057502747 -0.30135640501976013 0.9041935205459595 
vn -0.5759913921356201 -0.5799909830093384 0.5760593414306641 
vn -0.7071051001548767 -0.7071051001548767 0.002184694167226553 
vn 0.7071051001548767 -0.7071051001548767 0.002184694167226553 
vn 0.7071051001548767 0.7071051001548767 0.002184694167226553 
vn -0.7071051001548767 0.7071051001548767 0.002184694167226553 
vn -0.7071051001548767 -0.7071051001548767 0.002184694167226553 
vn 0.3000216782093048 -0.3040083348751068 0.9041935205459595 
vn 0.3040194809436798 -0.3000103831291199 -0.9041935205459595 
vn -0.30268529057502747 -0.30135640501976013 0.9041935205459595 
vn -0.3013526499271393 -0.3026890456676483 -0.9041935205459595 
vn -0.30268529057502747 0.30135640501976013 0.9041935205459595 
vn -0.3013526499271393 0.3026890456676483 -0.9041935205459595 
vn 0.3000216782093048 0.3040083348751068 0.9041935205459595 
vn 0.3040194809436798 0.3000103831291199 -0.9041935205459595 
vn 0.3000216782093048 -0.3040083348751068 0.9041935205459595 
vn 0.3040194809436798 -0.3000103831291199 -0.9041935205459595 
vn -0.7078787684440613 -1.4640568759497624e-13 0.7063339352607727 
vn -0.999997615814209 -2.0682260971124217e-13 0.002184694167226553 
vn -0.5759913921356201 -0.5799909830093384 0.5760593414306641 
vn -0.7071051001548767 -0.7071051001548767 0.002184694167226553 
vn -0.7071051001548767 0.7071051001548767 0.002184694167226553 
vn -0.999997615814209 -2.0682260971124217e-13 -0.002184694167226553 
vn -0.5759913921356201 0.5799909830093384 0.5760593414306641 
vn -0.797024667263031 0.21258582174777985 0.5652954578399658 
vn -0.999997615814209 -2.0682260971124217e-13 -0.002184694167226553 
vn -0.8668986558914185 -0.40192973613739014 0.2948545813560486 
vn -0.5759913921356201 -0.5799909830093384 0.5760593414306641 
vn -0.6353579759597778 0.274902880191803 0.7216291427612305 
vn -0.2632327973842621 -0.26722607016563416 0.926983654499054 
vn -0.2632327973842621 0.26722607016563416 0.926983654499054 
vn -0.5488297939300537 -0.543501079082489 0.6351318359375 
vn -0.5488297939300537 0.543501079082489 0.6351318359375 
vn -0.3965924084186554 0.9179922342300415 0.002184694167226553 
vn -0.33603206276893616 0.9024087190628052 0.26970529556274414 
vn 0.3965924084186554 0.9179922342300415 0.002184694167226553 
vn 0.33603206276893616 0.9024087190628052 0.26970529556274414 
vn 0.3345816135406494 0.5418413281440735 0.7710143327713013 
vn -0.33778145909309387 0.5398523807525635 0.7710143327713013 
vn -0.3416246771812439 0.30574479699134827 0.888714075088501 
vn -0.3965924084186554 0.9179922342300415 0.002184694167226553 
vn -0.33603206276893616 0.9024087190628052 0.26970529556274414 
vn 0.3965924084186554 0.9179922342300415 0.002184694167226553 
vn 0.33603206276893616 0.9024087190628052 0.26970529556274414 
vn 0.3345816135406494 0.5418413281440735 0.7710143327713013 
vn -0.33778145909309387 0.5398523807525635 0.7710143327713013 
vn -0.3416246771812439 0.30574479699134827 0.888714075088501 
vn 0.3965924084186554 0.9179922342300415 0.002184694167226553 
vn 0.33603206276893616 0.9024087190628052 0.26970529556274414 
vn 0.940263032913208 0.34044185280799866 0.002184694167226553 
vn 0.8682782649993896 0.401994913816452 0.29067665338516235 
vn 0.884885847568512 0.15027977526187897 0.4409002661705017 
vn 0.3391053080558777 0.30853667855262756 0.888714075088501 
vn 0.3345816135406494 0.5418413281440735 0.7710143327713013 
vn 0.3965924084186554 0.9179922342300415 0.002184694167226553 
vn 0.33603206276893616 0.9024087190628052 0.26970529556274414 
vn 0.940263032913208 0.34044185280799866 0.002184694167226553 
vn 0.8682782649993896 0.401994913816452 0.29067665338516235 
vn 0.884885847568512 0.15027977526187897 0.4409002661705017 
vn 0.3391053080558777 0.30853667855262756 0.888714075088501 
vn 0.3345816135406494 0.5418413281440735 0.7710143327713013 
vn 0.3965924084186554 0.9179922342300415 0.002184694167226553 
vn 0.33603206276893616 0.9024087190628052 0.26970529556274414 
vn 0.940263032913208 0.34044185280799866 0.002184694167226553 
vn 0.8682782649993896 0.401994913816452 0.29067665338516235 
vn 0.884885847568512 0.15027977526187897 0.4409002661705017 
vn 0.3391053080558777 0.30853667855262756 0.888714075088501 
vn 0.3345816135406494 0.5418413281440735 0.7710143327713013 
vn 0.3965924084186554 0.9179922342300415 0.002184694167226553 
vn 0.33603206276893616 0.9024087190628052 0.26970529556274414 
vn 0.940263032913208 0.34044185280799866 0.002184694167226553 
vn 0.8682782649993896 0.401994913816452 0.29067665338516235 
vn 0.884885847568512 0.15027977526187897 0.4409002661705017 
vn 0.3391053080558777 0.30853667855262756 0.888714075088501 
vn 0.3345816135406494 0.5418413281440735 0.7710143327713013 
vn 0.2205743044614792 -0.9373398423194885 0.26970529556274414 
vn -0.8459790945053101 -0.29987722635269165 0.4409002661705017 
vn 0.9314659237861633 0.3403654396533966 0.12854042649269104 
vn -0.9137235283851624 0.11664706468582153 0.3892335295677185 
vn -0.5630805492401123 0.6257401704788208 0.5398051738739014 
vn 0.44125795364379883 0.7944924235343933 -0.417220801115036 
vn -0.7045334577560425 -0.018857628107070923 0.7094202041625977 
vn 0.18581773340702057 0.5621017217636108 -0.8059239983558655 
vn -0.11866511404514313 -0.955603301525116 -0.26970529556274414 
vn -0.6314032673835754 -0.3398948311805725 0.6969945430755615 
vn 3.097898456858039e-13 -0.999997615814209 -0.002184694167226553 
vn -0.5925201177597046 -0.6471649408340454 0.4796847105026245 
vn -0.8459790945053101 -0.29987722635269165 0.4409002661705017 
vn 0.2205743044614792 -0.9373398423194885 0.26970529556274414 
vn -0.7078787684440613 -1.4640568759497624e-13 0.7063339352607727 
vn -0.999997615814209 -2.0682260971124217e-13 0.002184694167226553 
vn -0.5759913921356201 -0.5799909830093384 0.5760593414306641 
vn -0.7071051001548767 -0.7071051001548767 0.002184694167226553 
vn 0.7505767345428467 -0.6506053805351257 -0.11553031951189041 
vn -0.7480998039245605 -0.6534519195556641 -0.11553031951189041 
vn 0.7505767345428467 -0.6506053805351257 0.11553031951189041 
vn -0.7480998039245605 -0.6534519195556641 0.11553031951189041 
vn 0.7472454309463501 -0.5755622982978821 0.33219319581985474 
vn -0.7495428323745728 -0.5725672245025635 0.33219319581985474 
vn 0.7499513030052185 -0.42572304606437683 0.5062933564186096 
vn -0.7499513030052185 -0.42572304606437683 0.5062933564186096 
vn 0.7487934231758118 -0.23022092878818512 0.6215357780456543 
vn -0.7498923540115356 -0.2266158163547516 0.6215357780456543 
vn 0.7497352957725525 0 0.661737859249115 
vn -0.7497258186340332 -0.0037685649003833532 0.661737859249115 
vn 0.7487934231758118 0.23022092878818512 0.6215357780456543 
vn -0.7498923540115356 0.2266158163547516 0.6215357780456543 
vn 0.7499513030052185 0.42572304606437683 0.5062933564186096 
vn -0.7499513030052185 0.42572304606437683 0.5062933564186096 
vn 0.7472454309463501 0.5755622982978821 0.33219319581985474 
vn -0.7495428323745728 0.5725672245025635 0.33219319581985474 
vn 0.7505767345428467 0.6506053805351257 0.11553031951189041 
vn -0.7480998039245605 0.6534519195556641 0.11553031951189041 
vn 0.7505767345428467 0.6506053805351257 -0.11553031951189041 
vn -0.7480998039245605 0.6534519195556641 -0.11553031951189041 
vn 0.7472454309463501 0.5755622982978821 -0.33219319581985474 
vn -0.7495428323745728 0.5725672245025635 -0.33219319581985474 
vn 0.7496445178985596 0.4262629449367523 -0.5062933564186096 
vn -0.7477696537971497 0.42954349517822266 -0.5062933564186096 
vn 0.7479668259620667 0.2235613316297531 -0.6249527335166931 
vn -0.7468758821487427 0.22717934846878052 -0.6249527335166931 
vn 0.7497352957725525 0 -0.661737859249115 
vn -0.7497352957725525 -1.550625811563497e-13 -0.661737859249115 
vn 0.7479668259620667 -0.2235613316297531 -0.6249527335166931 
vn -0.7468758821487427 -0.22717934846878052 -0.6249527335166931 
vn 0.7496445178985596 -0.4262629449367523 -0.5062933564186096 
vn -0.7477696537971497 -0.42954349517822266 -0.5062933564186096 
vn 0.7472454309463501 -0.5755622982978821 -0.33219319581985474 
vn -0.7495428323745728 -0.5725672245025635 -0.33219319581985474 
vn 0.7505767345428467 -0.6506053805351257 -0.11553031951189041 
vn -0.7480998039245605 -0.6534519195556641 -0.11553031951189041 
vn 0.5779946446418762 -0.5779946446418762 -0.5760593414306641 
vn 0.6841132044792175 0.08291999250650406 -0.7246471047401428 
vn 0.7230626940727234 -0.684383749961853 0.09380380809307098 
vn 0.9132381081581116 0.12038864195346832 0.3892335295677185 
vn 0.608064591884613 -0.6467512249946594 0.46040233969688416 
vn 0.5602705478668213 0.6282573342323303 0.5398051738739014 
vn 0.21563850343227386 -0.7416923642158508 0.6351318359375 
vn 0.7044224143028259 -0.02262796461582184 0.7094202041625977 
vn 0.07343794405460358 -0.8502155542373657 0.5212872624397278 
vn 0.22342820465564728 -0.35937607288360596 0.9060511589050293 
vn -0.0018854718655347824 -0.8774389028549194 0.4796847105026245 
vn 0.06370220333337784 -0.43825459480285645 0.8965907096862793 
vn -0.0018854718655347824 -0.8774389028549194 0.4796847105026245 
vn -0.06370220333337784 -0.43825459480285645 0.8965907096862793 
vn -0.22661764919757843 -0.3573734164237976 0.9060511589050293 
vn -0.24075591564178467 -0.20092742145061493 0.949560284614563 
vn -0.7045334577560425 -0.018857628107070923 0.7094202041625977 
vn -0.6314032673835754 -0.3398948311805725 0.6969945430755615 
vn 0.24075591564178467 -0.20092742145061493 0.949560284614563 
vn 0.03521468862891197 -0.1614799201488495 0.9862475395202637 
vn 0.14831407368183136 -0.3445347845554352 0.926983654499054 
vn -0.020985936746001244 -0.022243794053792953 0.9995322823524475 
vn -0.1448485553264618 -0.34600603580474854 0.926983654499054 
vn 0.01826169155538082 -0.024529708549380302 0.9995322823524475 
vn -0.03155633807182312 -0.16223451495170593 0.9862475395202637 
vn -0.001883822144009173 0.6368150115013123 0.7710143327713013 
vn -0.2068806290626526 0.5732977986335754 0.7927988767623901 
vn 0.00565140089020133 0.6367927193641663 0.7710143327713013 
vn 0.2068806290626526 0.5732977986335754 0.7927988767623901 
vn 0.3806331157684326 0.639172375202179 0.6682642698287964 
vn 0.6314032673835754 -0.3398948311805725 0.6969945430755615 
vn 0.5571835041046143 0.6278360486030579 0.5434780716896057 
vn 0.589733362197876 -0.6497054100036621 0.4796847105026245 
vn 0.7272180914878845 0.6725544929504395 0.1372016966342926 
vn 0.8447104096412659 -0.303432434797287 0.4409002661705017 
vn 0.5779946446418762 0.5779946446418762 -0.5760593414306641 
vn 0.734194815158844 0.07539498805999756 -0.67473965883255 
vn -0.5779946446418762 -0.5779946446418762 -0.5760593414306641 
vn -0.6639893054962158 -0.7400690317153931 -0.10684575140476227 
vn -0.6845574975013733 0.07916796952486038 -0.7246471047401428 
vn -0.9327552318572998 0.3368159830570221 0.12854042649269104 
vn -0.3518514931201935 -0.2350996434688568 -0.9060511589050293 
vn -0.2205743044614792 -0.9373398423194885 0.26970529556274414 
vn -0.44125795364379883 0.7944924235343933 -0.417220801115036 
vn -0.49957314133644104 -0.7948126196861267 -0.34452807903289795 
vn -0.393603652715683 -0.6515212655067444 -0.6485338807106018 
vn -0.18581773340702057 0.5621017217636108 -0.8059239983558655 
vn -0.19603224098682404 -0.7084802389144897 -0.677958071231842 
vn -0.24916724860668182 0.1903967559337616 -0.949560284614563 
vn 0.0018909444333985448 -0.6368150115013123 -0.7710143327713013 
vn 0.24916724860668182 0.1903967559337616 -0.949560284614563 
vn 0.0018909444333985448 -0.6368150115013123 -0.7710143327713013 
vn 0.19238686561584473 -0.7094787955284119 -0.677958071231842 
vn 0.12241215258836746 -0.9551305174827576 -0.26970529556274414 
vn -0.3172062933444977 -0.5443808436393738 -0.7765498161315918 
vn 0.3172062933444977 -0.5443808436393738 -0.7765498161315918 
vn -0.11866511404514313 -0.955603301525116 -0.26970529556274414 
vn 0.18581773340702057 0.5621017217636108 -0.8059239983558655 
vn 0.39683231711387634 -0.6495597958564758 -0.6485338807106018 
vn 0.44125795364379883 0.7944924235343933 -0.417220801115036 
vn 0.49637195467948914 -0.7968156933784485 -0.34452807903289795 
vn 0.6611731648445129 -0.7425860166549683 -0.10684575140476227 
vn 0.9314659237861633 0.3403654396533966 0.12854042649269104 
vn 0.6841132044792175 0.08291999250650406 -0.7246471047401428 
vn 0.3518514931201935 -0.2350996434688568 -0.9060511589050293 
vn -0.3013526499271393 -0.3026890456676483 -0.9041935205459595 
vn -0.3013526499271393 0.3026890456676483 -0.9041935205459595 
vn -0.30268529057502747 -0.30135640501976013 0.9041935205459595 
vn -0.30268529057502747 0.30135640501976013 0.9041935205459595 
vn 0.3040194809436798 0.3000103831291199 -0.9041935205459595 
vn 0.3000216782093048 0.3040083348751068 0.9041935205459595 
vn 0.3040194809436798 -0.3000103831291199 -0.9041935205459595 
vn 0.3000216782093048 -0.3040083348751068 0.9041935205459595 
vn -0.3013526499271393 -0.3026890456676483 -0.9041935205459595 
vn -0.30268529057502747 -0.30135640501976013 0.9041935205459595 
vn -0.7071051001548767 -0.7071051001548767 0.002184694167226553 
vn 0.7071051001548767 -0.7071051001548767 0.002184694167226553 
vn -0.5759913921356201 -0.5799909830093384 0.5760593414306641 
vn 0.5786608457565308 -0.5773276686668396 0.5760593414306641 
vn -0.30268529057502747 -0.30135640501976013 0.9041935205459595 
vn 0.3000216782093048 -0.3040083348751068 0.9041935205459595 
vn 0.7071051001548767 0.7071051001548767 0.002184694167226553 
vn 0.5786608457565308 0.5773276686668396 0.5760593414306641 
vn 0.3000216782093048 0.3040083348751068 0.9041935205459595 
vn -0.7071051001548767 0.7071051001548767 0.002184694167226553 
vn -0.5759913921356201 0.5799909830093384 0.5760593414306641 
vn -0.30268529057502747 0.30135640501976013 0.9041935205459595 
vn -0.7071051001548767 -0.7071051001548767 0.002184694167226553 
vn -0.5759913921356201 -0.5799909830093384 0.5760593414306641 
vn -0.30268529057502747 -0.30135640501976013 0.9041935205459595 
vn 0.5779946446418762 0.5779946446418762 -0.5760593414306641 
vn 0.0018878303235396743 0.7078762650489807 -0.7063339352607727 
vn 0.7272180914878845 0.6725544929504395 0.1372016966342926 
vn -1.0341130485562108e-13 0.999997615814209 0.002184694167226553 
vn 0.5571835041046143 0.6278360486030579 0.5434780716896057 
vn -1.0341130485562108e-13 0.999997615814209 0.002184694167226553 
vn 0.3806331157684326 0.639172375202179 0.6682642698287964 
vn -1.0341130485562108e-13 0.999997615814209 0.002184694167226553 
vn -1.0341130485562108e-13 0.999997615814209 0.002184694167226553 
vn -1.0341130485562108e-13 0.999997615814209 0.002184694167226553 
vn -1.0341130485562108e-13 0.999997615814209 0.002184694167226553 
vn -1.0341130485562108e-13 0.999997615814209 0.002184694167226553 
vn -1.0341130485562108e-13 0.999997615814209 0.002184694167226553 
vn -1.0341130485562108e-13 0.999997615814209 0.002184694167226553 
vn -1.0341130485562108e-13 0.999997615814209 0.002184694167226553 
vn -1.0341130485562108e-13 0.999997615814209 0.002184694167226553 
vn -0.5599995851516724 0.6253255009651184 0.5434780716896057 
vn -0.7246516942977905 0.6753188967704773 0.1372016966342926 
vn 0.0018878303235396743 0.7078762650489807 -0.7063339352607727 
vn 0.0018878303235396743 0.7078762650489807 -0.7063339352607727 
vn 0.0018878303235396743 0.7078762650489807 -0.7063339352607727 
vn 0.0018878303235396743 0.7078762650489807 -0.7063339352607727 
vn 0.0018878303235396743 0.7078762650489807 -0.7063339352607727 
vn -1.0341130485562108e-13 0.999997615814209 0.002184694167226553 
vn -0.7078787684440613 -1.4640568759497624e-13 0.7063339352607727 
vn -0.999997615814209 -2.0682260971124217e-13 0.002184694167226553 
vn -0.5759913921356201 -0.5799909830093384 0.5760593414306641 
vn -0.7071051001548767 -0.7071051001548767 0.002184694167226553 
vn 0.29989010095596313 0.2985585927963257 0.9060511589050293 
vn -3.962606474504013e-14 0.3831879794597626 0.9236704111099243 
vn 0.29989010095596313 -0.2985585927963257 0.9060511589050293 
vn 1.187080219278852e-13 -0.3831879794597626 0.9236704111099243 
vn -3.962606474504013e-14 0.3831879794597626 0.9236704111099243 
vn 1.187080219278852e-13 -0.3831879794597626 0.9236704111099243 
vn -0.29722118377685547 0.30121567845344543 0.9060511589050293 
vn -0.29722118377685547 -0.30121567845344543 0.9060511589050293 
vn 0.2068806290626526 0.5732977986335754 0.7927988767623901 
vn 0.00565140089020133 0.6367927193641663 0.7710143327713013 
vn -0.001883822144009173 0.6368150115013123 0.7710143327713013 
vn -0.2068806290626526 0.5732977986335754 0.7927988767623901 
vn -0.3806331157684326 0.639172375202179 0.6682642698287964 
vn 0.5786608457565308 0.5773276686668396 0.5760593414306641 
vn 0.7071051001548767 0.7071051001548767 -0.002184694167226553 
vn -0.7078787684440613 -1.4640568759497624e-13 0.7063339352607727 
vn -0.5759913921356201 -0.5799909830093384 0.5760593414306641 
vn 0.7078787684440613 0 0.7063339352607727 
vn 0.5786608457565308 -0.5773276686668396 0.5760593414306641 
vn 0.7071051001548767 -0.7071051001548767 0.002184694167226553 
vn -0.7071051001548767 -0.7071051001548767 0.002184694167226553 
vn -0.7071051001548767 -0.7071051001548767 0.002184694167226553 
vn -0.5759913921356201 -0.5799909830093384 0.5760593414306641 
vn -0.999997615814209 -2.0682260971124217e-13 0.002184694167226553 
vn -0.7078787684440613 -1.4640568759497624e-13 0.7063339352607727 
vn -0.7078787684440613 -1.4640568759497624e-13 0.7063339352607727 
vn -0.5759913921356201 -0.5799909830093384 0.5760593414306641 
vn 0.7078787684440613 0 0.7063339352607727 
vn 0.5786608457565308 -0.5773276686668396 0.5760593414306641 
vn 0.7071051001548767 -0.7071051001548767 0.002184694167226553 
vn -0.7071051001548767 -0.7071051001548767 0.002184694167226553 
vn -0.3965924084186554 0.9179922342300415 0.002184694167226553 
vn -0.33603206276893616 0.9024087190628052 0.26970529556274414 
vn 0.3965924084186554 0.9179922342300415 0.002184694167226553 
vn 0.33603206276893616 0.9024087190628052 0.26970529556274414 
vn 0.3345816135406494 0.5418413281440735 0.7710143327713013 
vn -0.33778145909309387 0.5398523807525635 0.7710143327713013 
vn -0.3416246771812439 0.30574479699134827 0.888714075088501 
vn -0.7078787684440613 -1.4640568759497624e-13 0.7063339352607727 
vn -0.5759913921356201 -0.5799909830093384 0.5760593414306641 
vn 0.7078787684440613 0 0.7063339352607727 
vn 0.5786608457565308 -0.5773276686668396 0.5760593414306641 
vn 0.7071051001548767 -0.7071051001548767 0.002184694167226553 
vn -0.7071051001548767 -0.7071051001548767 0.002184694167226553 
vn -0.7078787684440613 -1.4640568759497624e-13 0.7063339352607727 
vn -0.5759913921356201 -0.5799909830093384 0.5760593414306641 
vn 0.7078787684440613 0 0.7063339352607727 
vn 0.5786608457565308 -0.5773276686668396 0.5760593414306641 
vn 0.7071051001548767 -0.7071051001548767 -0.002184694167226553 
vn -0.7071051001548767 -0.7071051001548767 0.002184694167226553 
vn -0.7071051001548767 -0.7071051001548767 0.002184694167226553 
vn -0.5759913921356201 -0.5799909830093384 0.5760593414306641 
vn -0.999997615814209 -2.0682260971124217e-13 0.002184694167226553 
vn -0.7078787684440613 -1.4640568759497624e-13 0.7063339352607727 
vn 0.7271968126296997 -0.4910065233707428 -0.4796847105026245 
vn 0.5709913372993469 -0.24980829656124115 -0.7820260524749756 
vn 0.3566993176937103 -0.7183398604393005 0.5972883701324463 
vn 0.03573904186487198 -0.4096996486186981 0.9115201234817505 
vn -0.7071051001548767 -0.7071051001548767 0.002184694167226553 
vn -0.5759913921356201 -0.5799909830093384 0.5760593414306641 
vn -0.999997615814209 -2.0682260971124217e-13 -0.002184694167226553 
vn -0.7078787684440613 -1.4640568759497624e-13 0.7063339352607727 
vn 0.999997615814209 0 0.002184694167226553 
vn 0.7078787684440613 0 0.7063339352607727 
vn 0.7071051001548767 -0.7071051001548767 0.002184694167226553 
vn 0.5786608457565308 -0.5773276686668396 0.5760593414306641 
vn -0.7071051001548767 -0.7071051001548767 0.002184694167226553 
vn -0.5759913921356201 -0.5799909830093384 0.5760593414306641 
vn -0.7078787684440613 -1.4640568759497624e-13 0.7063339352607727 
vn -0.061908118426799774 0.43058040738105774 0.9004265069961548 
vn -0.9601642489433289 0.1429038643836975 0.2401314377784729 
vn 0.3256588876247406 -0.01500089094042778 0.9453682899475098 
vn -0.8834511637687683 0.23509204387664795 -0.405272513628006 
vn -0.46541640162467957 0.5455145835876465 -0.6969945430755615 
vn 0.6638445854187012 0.23671363294124603 0.7094202041625977 
vn 0.045306626707315445 0.8885592222213745 -0.456519216299057 
vn 0.30235347151756287 0.7016388177871704 0.6452018022537231 
vn -0.7078787684440613 -1.4640568759497624e-13 0.7063339352607727 
vn -0.5759913921356201 -0.5799909830093384 0.5760593414306641 
vn 0.7078787684440613 0 0.7063339352607727 
vn 0.5786608457565308 -0.5773276686668396 0.5760593414306641 
vn 0.7071051001548767 -0.7071051001548767 0.002184694167226553 
vn -0.7071051001548767 -0.7071051001548767 0.002184694167226553 
vn -0.7078787684440613 -1.4640568759497624e-13 0.7063339352607727 
vn -0.5759913921356201 -0.5799909830093384 0.5760593414306641 
vn 0.7078787684440613 0 0.7063339352607727 
vn 0.5786608457565308 -0.5773276686668396 0.5760593414306641 
vn 0.7071051001548767 -0.7071051001548767 0.002184694167226553 
vn -0.7071051001548767 -0.7071051001548767 0.002184694167226553 
vn 0.7479668259620667 0.2235613316297531 -0.6249527335166931 
vn -0.7468758821487427 0.22717934846878052 -0.6249527335166931 
vn 0.7497352957725525 0 -0.661737859249115 
vn -0.7497352957725525 -1.550625811563497e-13 -0.661737859249115 
vn 0.7479668259620667 -0.2235613316297531 -0.6249527335166931 
vn -0.7468758821487427 -0.22717934846878052 -0.6249527335166931 
vn 0.7496445178985596 -0.4262629449367523 -0.5062933564186096 
vn -0.7477696537971497 -0.42954349517822266 -0.5062933564186096 
vn 0.7472454309463501 -0.5755622982978821 -0.33219319581985474 
vn -0.7495428323745728 -0.5725672245025635 -0.33219319581985474 
vn 0.7505767345428467 -0.6506053805351257 -0.11553031951189041 
vn -0.7480998039245605 -0.6534519195556641 -0.11553031951189041 
vn 0.7505767345428467 -0.6506053805351257 0.11553031951189041 
vn -0.7480998039245605 -0.6534519195556641 0.11553031951189041 
vn 0.7472454309463501 -0.5755622982978821 0.33219319581985474 
vn -0.7495428323745728 -0.5725672245025635 0.33219319581985474 
vn 0.7474071383476257 -0.425705224275589 0.5100564956665039 
vn -0.7499513030052185 -0.42572304606437683 0.5062933564186096 
vn 0.7480666637420654 -0.22322708368301392 0.6249527335166931 
vn -0.7480666637420654 -0.22322708368301392 0.6249527335166931 
vn 0.7497352957725525 0 0.661737859249115 
vn -0.7497258186340332 -0.0037685649003833532 0.661737859249115 
vn 0.7480666637420654 0.22322708368301392 0.6249527335166931 
vn -0.7480666637420654 0.22322708368301392 0.6249527335166931 
vn 0.7499513030052185 0.42572304606437683 0.5062933564186096 
vn -0.7499513030052185 0.42572304606437683 0.5062933564186096 
vn 0.7472454309463501 0.5755622982978821 0.33219319581985474 
vn -0.7495428323745728 0.5725672245025635 0.33219319581985474 
vn 0.7505767345428467 0.6506053805351257 0.11553031951189041 
vn -0.7480998039245605 0.6534519195556641 0.11553031951189041 
vn 0.7505767345428467 0.6506053805351257 -0.11553031951189041 
vn -0.7480998039245605 0.6534519195556641 -0.11553031951189041 
vn 0.7472454309463501 0.5755622982978821 -0.33219319581985474 
vn -0.7495428323745728 0.5725672245025635 -0.33219319581985474 
vn 0.7496445178985596 0.4262629449367523 -0.5062933564186096 
vn -0.7477696537971497 0.42954349517822266 -0.5062933564186096 
vn 0.7479668259620667 0.2235613316297531 -0.6249527335166931 
vn -0.7468758821487427 0.22717934846878052 -0.6249527335166931 
vn 0.38268253207206726 0.9238772988319397 0.002184694167226553 
vn 0.34452325105667114 0.8748805522918701 0.34042292833328247 
vn 0.9238772988319397 0.38268253207206726 0.002184694167226553 
vn 0.8769381642341614 0.33925166726112366 0.34042292833328247 
vn 0.924505352973938 0 0.3811691105365753 
vn 0.3831879794597626 0 0.9236704111099243 
vn 0.8769381642341614 -0.33925166726112366 0.34042292833328247 
vn 0.341871052980423 -0.33920973539352417 0.8763908743858337 
vn 0.34452325105667114 -0.8748805522918701 0.34042292833328247 
vn -0.341871052980423 -0.33920973539352417 0.8763908743858337 
vn -0.3410102427005768 -0.8762558102607727 0.34042292833328247 
vn -0.38268253207206726 -0.9238772988319397 0.002184694167226553 
vn 0.38268253207206726 -0.9238772988319397 0.002184694167226553 
vn 0.9238772988319397 -0.38268253207206726 0.002184694167226553 
vn 0.999997615814209 0 0.002184694167226553 
vn 0.341871052980423 0.33920973539352417 0.8763908743858337 
vn -0.5759913921356201 0.5799909830093384 0.5760593414306641 
vn -0.7078787684440613 -1.4640568759497624e-13 0.7063339352607727 
vn 0.5786608457565308 0.5773276686668396 0.5760593414306641 
vn 0.7078787684440613 0 0.7063339352607727 
vn 0.7078787684440613 0 0.7063339352607727 
vn 0.999997615814209 0 0.002184694167226553 
vn 0.5786608457565308 0.5773276686668396 0.5760593414306641 
vn 0.7071051001548767 0.7071051001548767 0.002184694167226553 
vn -0.5759913921356201 0.5799909830093384 0.5760593414306641 
vn -0.7071051001548767 0.7071051001548767 0.002184694167226553 
vn -0.7078787684440613 -1.4640568759497624e-13 0.7063339352607727 
vn -0.999997615814209 -2.0682260971124217e-13 0.002184694167226553 
vn 0.16792422533035278 0.1626255363225937 0.9722933769226074 
vn 0.16792422533035278 -0.1626255363225937 0.9722933769226074 
vn 0.16792422533035278 -0.1626255363225937 0.9722933769226074 
vn -0.16792422533035278 -0.1626255363225937 0.9722933769226074 
vn -0.38268253207206726 -0.9238772988319397 0.002184694167226553 
vn -0.3410102427005768 -0.8762558102607727 0.34042292833328247 
vn -0.9238772988319397 -0.38268253207206726 0.002184694167226553 
vn -0.8755699396133423 -0.3427674174308777 0.34042292833328247 
vn -0.924505352973938 -1.9120906843538704e-13 0.3811691105365753 
vn -0.3831879794597626 -7.925212949008026e-14 0.9236704111099243 
vn -0.8755699396133423 0.3427674174308777 0.34042292833328247 
vn -0.341871052980423 0.33920973539352417 0.8763908743858337 
vn -0.3410102427005768 0.8762558102607727 0.34042292833328247 
vn -0.999997615814209 -2.0682260971124217e-13 0.002184694167226553 
vn -0.9238772988319397 0.38268253207206726 0.002184694167226553 
vn -0.38268253207206726 0.9238772988319397 0.002184694167226553 
vn 0.7078787684440613 0 0.7063339352607727 
vn 0.5786608457565308 0.5773276686668396 0.5760593414306641 
vn -0.7078787684440613 -1.4640568759497624e-13 0.7063339352607727 
vn -0.5759913921356201 0.5799909830093384 0.5760593414306641 
vn -0.341871052980423 -0.33920973539352417 0.8763908743858337 
vn -0.16792422533035278 -0.1626255363225937 0.9722933769226074 
vn -0.16792422533035278 0.1626255363225937 0.9722933769226074 
vn -0.999997615814209 -2.0682260971124217e-13 0.002184694167226553 
vn -0.7078787684440613 -1.4640568759497624e-13 0.7063339352607727 
vn -0.7071051001548767 0.7071051001548767 0.002184694167226553 
vn -0.5759913921356201 0.5799909830093384 0.5760593414306641 
vn 0.7071051001548767 0.7071051001548767 0.002184694167226553 
vn 0.5786608457565308 0.5773276686668396 0.5760593414306641 
vn 0.999997615814209 0 0.002184694167226553 
vn 0.7078787684440613 0 0.7063339352607727 
vn -0.30268529057502747 -0.30135640501976013 0.9041935205459595 
vn 0.3000216782093048 -0.3040083348751068 0.9041935205459595 
vn -0.3013526499271393 -0.3026890456676483 -0.9041935205459595 
vn 0.3040194809436798 -0.3000103831291199 -0.9041935205459595 
vn 0.3000216782093048 0.3040083348751068 0.9041935205459595 
vn 0.3040194809436798 0.3000103831291199 -0.9041935205459595 
vn -0.30268529057502747 0.30135640501976013 0.9041935205459595 
vn -0.3013526499271393 0.3026890456676483 -0.9041935205459595 
vn -0.30268529057502747 -0.30135640501976013 0.9041935205459595 
vn -0.3013526499271393 -0.3026890456676483 -0.9041935205459595 
vn -0.5759913921356201 0.5799909830093384 0.5760593414306641 
vn -0.7078787684440613 -1.4640568759497624e-13 0.7063339352607727 
vn 0.5786608457565308 0.5773276686668396 0.5760593414306641 
vn 0.7078787684440613 0 0.7063339352607727 
vn 0.7078787684440613 0 0.7063339352607727 
vn 0.999997615814209 0 0.002184694167226553 
vn 0.5786608457565308 0.5773276686668396 0.5760593414306641 
vn 0.7071051001548767 0.7071051001548767 0.002184694167226553 
vn -0.5759913921356201 0.5799909830093384 0.5760593414306641 
vn -0.7071051001548767 0.7071051001548767 0.002184694167226553 
vn -0.7078787684440613 -1.4640568759497624e-13 0.7063339352607727 
vn -0.999997615814209 -2.0682260971124217e-13 0.002184694167226553 
vn -0.999997615814209 -2.0682260971124217e-13 0.002184694167226553 
vn -0.7078787684440613 -1.4640568759497624e-13 0.7063339352607727 
vn -0.7071051001548767 0.7071051001548767 0.002184694167226553 
vn -0.5759913921356201 0.5799909830093384 0.5760593414306641 
vn 0.7071051001548767 0.7071051001548767 -0.002184694167226553 
vn 0.5786608457565308 0.5773276686668396 0.5760593414306641 
vn 0.999997615814209 0 0.002184694167226553 
vn 0.7078787684440613 0 0.7063339352607727 
vn 0.7078787684440613 0 0.7063339352607727 
vn 0.5786608457565308 0.5773276686668396 0.5760593414306641 
vn -0.7078787684440613 -1.4640568759497624e-13 0.7063339352607727 
vn -0.5759913921356201 0.5799909830093384 0.5760593414306641 
vn -0.999997615814209 -2.0682260971124217e-13 0.002184694167226553 
vn -0.7078787684440613 -1.4640568759497624e-13 0.7063339352607727 
vn -0.7071051001548767 0.7071051001548767 0.002184694167226553 
vn -0.5759913921356201 0.5799909830093384 0.5760593414306641 
vn 0.7071051001548767 0.7071051001548767 0.002184694167226553 
vn 0.5786608457565308 0.5773276686668396 0.5760593414306641 
vn 0.999997615814209 0 0.002184694167226553 
vn 0.7078787684440613 0 0.7063339352607727 
vn 0.5786608457565308 -0.5773276686668396 0.5760593414306641 
vn -0.5759913921356201 -0.5799909830093384 0.5760593414306641 
vn 0.7071051001548767 -0.7071051001548767 0.002184694167226553 
vn -0.7071051001548767 -0.7071051001548767 0.002184694167226553 
vn 0.669887900352478 0 -0.7424622178077698 
vn 0.6715036034584045 -0.2515581250190735 -0.6969945430755615 
vn -0.6698772311210632 -0.0037782832514494658 -0.7424622178077698 
vn -0.6715036034584045 -0.2515581250190735 -0.6969945430755615 
vn -0.7497352957725525 -1.550625811563497e-13 -0.661737859249115 
vn -0.7468758821487427 -0.22717934846878052 -0.6249527335166931 
vn 0.6715056896209717 -0.4748045802116394 -0.5688942670822144 
vn -0.6715056896209717 -0.4748045802116394 -0.5688942670822144 
vn -0.7477696537971497 -0.42954349517822266 -0.5062933564186096 
vn 0.669266402721405 -0.6425706744194031 -0.37307560443878174 
vn -0.669266402721405 -0.6425706744194031 -0.37307560443878174 
vn -0.7495428323745728 -0.5725672245025635 -0.33219319581985474 
vn 0.6691731810569763 -0.7319047451019287 -0.12854042649269104 
vn -0.671955406665802 -0.729351282119751 -0.12854042649269104 
vn -0.7480998039245605 -0.6534519195556641 -0.11553031951189041 
vn 0.6691731810569763 -0.7319047451019287 0.12854042649269104 
vn -0.671955406665802 -0.729351282119751 0.12854042649269104 
vn -0.7480998039245605 -0.6534519195556641 0.11553031951189041 
vn 0.6699020266532898 -0.6419079303741455 0.37307560443878174 
vn -0.6672877073287964 -0.6446252465248108 0.37307560443878174 
vn -0.7495428323745728 -0.5725672245025635 0.33219319581985474 
vn 0.67193204164505 -0.4742010533809662 0.5688942670822144 
vn -0.6697501540184021 -0.4772777259349823 0.5688942670822144 
vn -0.7499513030052185 -0.42572304606437683 0.5062933564186096 
vn 0.6718047261238098 -0.2507529556751251 0.6969945430755615 
vn -0.6718047261238098 -0.2507529556751251 0.6969945430755615 
vn -0.7480666637420654 -0.22322708368301392 0.6249527335166931 
vn 0.669887900352478 0 0.7424622178077698 
vn -0.669887900352478 -1.3854829826812076e-13 0.7424622178077698 
vn -0.7497258186340332 -0.0037685649003833532 0.661737859249115 
vn 0.6718047261238098 0.2507529556751251 0.6969945430755615 
vn -0.6718047261238098 0.2507529556751251 0.6969945430755615 
vn -0.7480666637420654 0.22322708368301392 0.6249527335166931 
vn 0.67193204164505 0.4742010533809662 0.5688942670822144 
vn -0.6697501540184021 0.4772777259349823 0.5688942670822144 
vn -0.7499513030052185 0.42572304606437683 0.5062933564186096 
vn 0.6699020266532898 0.6419079303741455 0.37307560443878174 
vn -0.6672877073287964 0.6446252465248108 0.37307560443878174 
vn -0.7495428323745728 0.5725672245025635 0.33219319581985474 
vn 0.6691731810569763 0.7319047451019287 0.12854042649269104 
vn -0.671955406665802 0.729351282119751 0.12854042649269104 
vn -0.7480998039245605 0.6534519195556641 0.11553031951189041 
vn 0.6691731810569763 0.7319047451019287 -0.12854042649269104 
vn -0.671955406665802 0.729351282119751 -0.12854042649269104 
vn -0.7480998039245605 0.6534519195556641 -0.11553031951189041 
vn 0.669266402721405 0.6425706744194031 -0.37307560443878174 
vn -0.669266402721405 0.6425706744194031 -0.37307560443878174 
vn -0.7495428323745728 0.5725672245025635 -0.33219319581985474 
vn 0.6715056896209717 0.4748045802116394 -0.5688942670822144 
vn -0.6715056896209717 0.4748045802116394 -0.5688942670822144 
vn -0.7477696537971497 0.42954349517822266 -0.5062933564186096 
vn 0.6715036034584045 0.2515581250190735 -0.6969945430755615 
vn -0.6715036034584045 0.2515581250190735 -0.6969945430755615 
vn -0.7468758821487427 0.22717934846878052 -0.6249527335166931 
vn 0.669887900352478 0 -0.7424622178077698 
vn -0.6698772311210632 -0.0037782832514494658 -0.7424622178077698 
vn -0.7497352957725525 -1.550625811563497e-13 -0.661737859249115 
vn -0.7071051001548767 -0.7071051001548767 0.002184694167226553 
vn -0.5759913921356201 -0.5799909830093384 0.5760593414306641 
vn -0.7071051001548767 0.7071051001548767 -0.002184694167226553 
vn -0.5759913921356201 0.5799909830093384 0.5760593414306641 
vn 0.5786608457565308 -0.5773276686668396 0.5760593414306641 
vn 0.5786608457565308 0.5773276686668396 0.5760593414306641 
vn 0.7071051001548767 0.7071051001548767 -0.002184694167226553 
vn 0.7071051001548767 -0.7071051001548767 0.002184694167226553 
vn -0.7071051001548767 -0.7071051001548767 0.002184694167226553 
vn -0.5759913921356201 -0.5799909830093384 0.5760593414306641 
vn -0.7071051001548767 0.7071051001548767 0.002184694167226553 
vn -0.5759913921356201 0.5799909830093384 0.5760593414306641 
vn 0.5786608457565308 -0.5773276686668396 0.5760593414306641 
vn 0.5786608457565308 0.5773276686668396 0.5760593414306641 
vn 0.7071051001548767 0.7071051001548767 0.002184694167226553 
vn 0.7071051001548767 -0.7071051001548767 0.002184694167226553 
vn -0.7071051001548767 -0.7071051001548767 0.002184694167226553 
vn -0.5759913921356201 -0.5799909830093384 0.5760593414306641 
vn -0.7071051001548767 0.7071051001548767 0.002184694167226553 
vn -0.5759913921356201 0.5799909830093384 0.5760593414306641 
vn 0.5786608457565308 -0.5773276686668396 0.5760593414306641 
vn 0.5786608457565308 0.5773276686668396 0.5760593414306641 
vn 0.7071051001548767 0.7071051001548767 0.002184694167226553 
vn 0.7071051001548767 -0.7071051001548767 0.002184694167226553 
vn 0.16792422533035278 0.1626255363225937 0.9722933769226074 
vn 0.3831879794597626 0 0.9236704111099243 
vn -0.16792422533035278 0.1626255363225937 0.9722933769226074 
vn -0.3831879794597626 -7.925212949008026e-14 0.9236704111099243 
vn 0.341871052980423 0.33920973539352417 0.8763908743858337 
vn -0.341871052980423 0.33920973539352417 0.8763908743858337 
vn -0.3410102427005768 0.8762558102607727 0.34042292833328247 
vn 0.34452325105667114 0.8748805522918701 0.34042292833328247 
vn 0.38268253207206726 0.9238772988319397 0.002184694167226553 
vn -0.7071051001548767 -0.7071051001548767 0.002184694167226553 
vn -0.5759913921356201 -0.5799909830093384 0.5760593414306641 
vn -0.7071051001548767 0.7071051001548767 0.002184694167226553 
vn -0.5759913921356201 0.5799909830093384 0.5760593414306641 
vn 0.5786608457565308 -0.5773276686668396 0.5760593414306641 
vn 0.5786608457565308 0.5773276686668396 0.5760593414306641 
vn 0.7071051001548767 0.7071051001548767 0.002184694167226553 
vn 0.7071051001548767 -0.7071051001548767 0.002184694167226553 
vn 0.5786608457565308 -0.5773276686668396 0.5760593414306641 
vn -0.5759913921356201 -0.5799909830093384 0.5760593414306641 
vn 0.7071051001548767 -0.7071051001548767 0.002184694167226553 
vn -0.7071051001548767 -0.7071051001548767 0.002184694167226553 
vn -0.5759913921356201 0.5799909830093384 0.5760593414306641 
vn -0.7078787684440613 -1.4640568759497624e-13 0.7063339352607727 
vn 0.5786608457565308 0.5773276686668396 0.5760593414306641 
vn 0.7078787684440613 0 0.7063339352607727 
vn -0.7667058706283569 -0.6148759722709656 0.18463370203971863 
vn -0.3237452805042267 -0.4250180125236511 -0.8453097939491272 
vn 0.3566993176937103 -0.7183398604393005 0.5972883701324463 
vn 0.7271968126296997 -0.4910065233707428 -0.4796847105026245 
vn -0.5759913921356201 0.5799909830093384 0.5760593414306641 
vn 0.5786608457565308 0.5773276686668396 0.5760593414306641 
vn -0.7071051001548767 0.7071051001548767 0.002184694167226553 
vn 0.7071051001548767 0.7071051001548767 0.002184694167226553 
vn -0.5759913921356201 0.5799909830093384 0.5760593414306641 
vn 0.5786608457565308 0.5773276686668396 0.5760593414306641 
vn -0.7071051001548767 0.7071051001548767 -0.002184694167226553 
vn 0.7071051001548767 0.7071051001548767 -0.002184694167226553 
vn -0.7071051001548767 -0.7071051001548767 0.002184694167226553 
vn -0.5759913921356201 -0.5799909830093384 0.5760593414306641 
vn -0.999997615814209 -2.0682260971124217e-13 0.002184694167226553 
vn -0.7078787684440613 -1.4640568759497624e-13 0.7063339352607727 
vn 0.5786608457565308 -0.5773276686668396 0.5760593414306641 
vn -0.5759913921356201 -0.5799909830093384 0.5760593414306641 
vn 0.7071051001548767 -0.7071051001548767 0.002184694167226553 
vn -0.7071051001548767 -0.7071051001548767 0.002184694167226553 
vn 0.3965924084186554 0.9179922342300415 0.002184694167226553 
vn -0.3965924084186554 0.9179922342300415 0.002184694167226553 
vn 0.33603206276893616 0.9024087190628052 0.26970529556274414 
vn -0.33603206276893616 0.9024087190628052 0.26970529556274414 
vn -0.33778145909309387 0.5398523807525635 0.7710143327713013 
vn 0.3345816135406494 0.5418413281440735 0.7710143327713013 
vn 0.3391053080558777 0.30853667855262756 0.888714075088501 
vn 0.7071051001548767 -0.7071051001548767 0.002184694167226553 
vn 0.5786608457565308 -0.5773276686668396 0.5760593414306641 
vn 0.3000216782093048 -0.3040083348751068 0.9041935205459595 
vn 0.7071051001548767 -0.7071051001548767 -0.002184694167226553 
vn 0.5786608457565308 -0.5773276686668396 0.5760593414306641 
vn 0.7078787684440613 0 0.7063339352607727 
vn 0.7078787684440613 0 0.7063339352607727 
vn -0.3518514931201935 -0.2350996434688568 -0.9060511589050293 
vn -0.2205743044614792 -0.9373398423194885 0.26970529556274414 
vn 0.0018878303235396743 -0.7078762650489807 -0.7063339352607727 
vn 3.097898456858039e-13 -0.999997615814209 0.002184694167226553 
vn 0.0018878303235396743 -0.7078762650489807 -0.7063339352607727 
vn 3.097898456858039e-13 -0.999997615814209 0.002184694167226553 
vn 0.0018878303235396743 -0.7078762650489807 -0.7063339352607727 
vn 3.097898456858039e-13 -0.999997615814209 0.002184694167226553 
vn 3.097898456858039e-13 -0.999997615814209 0.002184694167226553 
vn -0.11866511404514313 -0.955603301525116 -0.26970529556274414 
vn 3.097898456858039e-13 -0.999997615814209 -0.002184694167226553 
vn 3.097898456858039e-13 -0.999997615814209 -0.002184694167226553 
vn 0.12241215258836746 -0.9551305174827576 -0.26970529556274414 
vn -0.3172062933444977 -0.5443808436393738 -0.7765498161315918 
vn 0.3172062933444977 -0.5443808436393738 -0.7765498161315918 
vn 0.5786608457565308 -0.5773276686668396 0.5760593414306641 
vn 0.9030877351760864 -0.3041483163833618 0.30319350957870483 
vn -0.5759913921356201 -0.5799909830093384 0.5760593414306641 
vn -0.9042856097221375 -0.30056822299957275 0.30319350957870483 
vn -0.6437013745307922 -0.7544043064117432 -0.12854042649269104 
vn 0.7308071851730347 -0.6668192148208618 0.1458524912595749 
vn -0.4856214225292206 -0.7807193398475647 -0.3932546079158783 
vn 0.5788034200668335 -0.6480855345726013 0.4949462115764618 
vn -0.007566623389720917 -0.09131556749343872 -0.9957932829856873 
vn 0.5567851066589355 -0.38960930705070496 0.7336177229881287 
vn -0.7246526479721069 -0.49101194739341736 -0.4835140109062195 
vn 0.3297272324562073 -0.4203941822052002 -0.8453097939491272 
vn 0.3391053080558777 0.30853667855262756 0.888714075088501 
vn 0.884885847568512 0.15027977526187897 0.4409002661705017 
vn 0.3345816135406494 0.5418413281440735 0.7710143327713013 
vn 0.8650822043418884 0.40882745385169983 0.29067665338516235 
vn 0.33603206276893616 0.9024087190628052 0.26970529556274414 
vn 0.3965924084186554 0.9179922342300415 0.002184694167226553 
vn 0.999997615814209 0 0.002184694167226553 
vn 0.940263032913208 0.34044185280799866 0.002184694167226553 
vn 0.5786608457565308 -0.5773276686668396 0.5760593414306641 
vn -0.5759913921356201 -0.5799909830093384 0.5760593414306641 
vn 0.5779946446418762 -0.5779946446418762 -0.5760593414306641 
vn -0.5779946446418762 -0.5779946446418762 -0.5760593414306641 
vn -0.7071051001548767 -0.7071051001548767 0.002184694167226553 
vn 0.7071051001548767 -0.7071051001548767 0.002184694167226553 
vn -0.5759913921356201 -0.5799909830093384 0.5760593414306641 
vn 0.5786608457565308 -0.5773276686668396 0.5760593414306641 
vn -0.5759913921356201 0.5799909830093384 0.5760593414306641 
vn 0.5786608457565308 0.5773276686668396 0.5760593414306641 
vn -0.7071051001548767 0.7071051001548767 0.002184694167226553 
vn 0.7071051001548767 0.7071051001548767 0.002184694167226553 
vn -0.5759913921356201 0.5799909830093384 0.5760593414306641 
vn 0.5786608457565308 0.5773276686668396 0.5760593414306641 
vn -0.7071051001548767 0.7071051001548767 0.002184694167226553 
vn 0.7071051001548767 0.7071051001548767 0.002184694167226553 
vn 0.7667058706283569 -0.6148759722709656 0.18463370203971863 
vn -0.3566993176937103 -0.7183398604393005 0.5972883701324463 
vn 0.7667058706283569 -0.6148759722709656 0.18463370203971863 
vn -0.3566993176937103 -0.7183398604393005 0.5972883701324463 
vn 0.3297272324562073 -0.4203941822052002 -0.8453097939491272 
vn -0.7246526479721069 -0.49101194739341736 -0.4835140109062195 
vn -0.5759913921356201 0.5799909830093384 0.5760593414306641 
vn 0.5786608457565308 0.5773276686668396 0.5760593414306641 
vn -0.7071051001548767 0.7071051001548767 0.002184694167226553 
vn 0.7071051001548767 0.7071051001548767 0.002184694167226553 
vn -0.3416246771812439 0.30574479699134827 0.888714075088501 
vn 0.3391053080558777 0.30853667855262756 0.888714075088501 
vn -0.33778145909309387 0.5398523807525635 0.7710143327713013 
vn 0.3345816135406494 0.5418413281440735 0.7710143327713013 
vn 0.33603206276893616 0.9024087190628052 0.26970529556274414 
vn -0.33603206276893616 0.9024087190628052 0.26970529556274414 
vn -0.3965924084186554 0.9179922342300415 0.002184694167226553 
vn -0.7071051001548767 -0.7071051001548767 0.002184694167226553 
vn 0.7071051001548767 -0.7071051001548767 0.002184694167226553 
vn -0.5759913921356201 -0.5799909830093384 0.5760593414306641 
vn 0.5786608457565308 -0.5773276686668396 0.5760593414306641 
vn -0.3416246771812439 0.30574479699134827 0.888714075088501 
vn 0.3391053080558777 0.30853667855262756 0.888714075088501 
vn -0.33778145909309387 0.5398523807525635 0.7710143327713013 
vn 0.3345816135406494 0.5418413281440735 0.7710143327713013 
vn 0.33603206276893616 0.9024087190628052 0.26970529556274414 
vn -0.33603206276893616 0.9024087190628052 0.26970529556274414 
vn -0.3965924084186554 0.9179922342300415 0.002184694167226553 
vn -0.24860502779483795 0.6358919739723206 0.7306414246559143 
vn 0.3312373757362366 0.9217190146446228 -0.2017817199230194 
vn -0.3824206590652466 -0.14007966220378876 0.913308322429657 
vn 0.26065003871917725 0.885256290435791 -0.3852050006389618 
vn -0.5786620378494263 0.056401945650577545 0.8136147856712341 
vn 0.30235347151756287 0.7016388177871704 0.6452018022537231 
vn -0.9371382594108582 0.1652427613735199 -0.30735430121421814 
vn 0.045306626707315445 0.8885592222213745 -0.456519216299057 
vn 0.17045770585536957 -0.5294899344444275 0.8310141563415527 
vn 0.21874657273292542 -0.6732327342033386 0.7063339352607727 
vn -0.36409705877304077 -0.25892049074172974 -0.8946471214294434 
vn 0.5864158272743225 -0.46247339248657227 -0.6650074124336243 
vn -0.035826802253723145 -0.8265745639801025 0.5616858005523682 
vn 0.7910186052322388 -0.40728333592414856 -0.456519216299057 
vn -0.3348296880722046 -0.6201710104942322 0.7094202041625977 
vn 0.9313045144081116 0.3188767731189728 -0.1760382205247879 
vn 0.5206835269927979 -0.33625736832618713 -0.7847417593002319 
vn 0.21264059841632843 0.1554265022277832 -0.9646899104118347 
vn 0.7258265614509583 -0.5040026307106018 -0.46814218163490295 
vn 0.26065003871917725 0.885256290435791 -0.3852050006389618 
vn 0.9788792133331299 0.052812617272138596 -0.1975002884864807 
vn 0.3312373757362366 0.9217190146446228 -0.2017817199230194 
vn 0.22253194451332092 0.15607479214668274 -0.962351381778717 
vn 0.9313045144081116 0.3188767731189728 -0.1760382205247879 
vn 0.22253194451332092 0.15607479214668274 -0.962351381778717 
vn 0.5701736807823181 0.8014863133430481 -0.18033768236637115 
vn -0.1670638769865036 0.8677168488502502 -0.46814218163490295 
vn 0.7910186052322388 -0.40728333592414856 -0.456519216299057 
vn -0.26601991057395935 0.6915995478630066 -0.6715083718299866 
vn 0.5864158272743225 -0.46247339248657227 -0.6650074124336243 
vn -0.5806998014450073 0.38829511404037476 -0.715552031993866 
vn -0.36409705877304077 -0.25892049074172974 -0.8946471214294434 
vn 0.17372173070907593 0.007584854494780302 -0.9847655892372131 
vn -0.29914772510528564 0.3725205957889557 -0.8784868121147156 
vn -0.46541640162467957 0.5455145835876465 -0.6969945430755615 
vn -0.8834511637687683 0.23509204387664795 -0.405272513628006 
vn -0.6769172549247742 -0.6222008466720581 -0.3932546079158783 
vn -0.7845431566238403 0.2382352501153946 -0.5724822878837585 
vn -0.4274621903896332 -0.3143070638179779 -0.8476362228393555 
vn -0.10740133374929428 -0.9785067439079285 -0.1760382205247879 
vn -0.8779413104057312 -0.05281477048993111 -0.4758462607860565 
vn -0.6561141014099121 0.030222715809941292 -0.7540562748908997 
vn 0.09800837188959122 -0.8312830328941345 -0.5471406579017639 
vn -0.03966289013624191 -0.8927883505821228 -0.4487268626689911 
vn 0.23062875866889954 -0.7342528104782104 -0.6385006904602051 
vn -0.5521041750907898 0.11271286755800247 -0.8261215686798096 
vn 0.3416193127632141 -0.6093288064002991 -0.715552031993866 
vn -0.5567907094955444 0.3839714825153351 -0.736579954624176 
vn -0.7876030802726746 0.20908309519290924 -0.5796254277229309 
vn -0.022664595395326614 -0.8270401358604431 -0.5616858005523682 
vn 0.3391053080558777 0.30853667855262756 0.888714075088501 
vn 0.884885847568512 0.15027977526187897 0.4409002661705017 
vn 0.3345816135406494 0.5418413281440735 0.7710143327713013 
vn 0.8650822043418884 0.40882745385169983 0.29067665338516235 
vn 0.33603206276893616 0.9024087190628052 0.26970529556274414 
vn 0.3965924084186554 0.9179922342300415 0.002184694167226553 
vn 0.999997615814209 0 0.002184694167226553 
vn 0.940263032913208 0.34044185280799866 0.002184694167226553 
vn -0.9029744863510132 0.022638607770204544 0.42909738421440125 
vn -0.8084885478019714 0.07903731614351273 0.5831804275512695 
vn 0.7210105657577515 0.678316593170166 0.1415284425020218 
vn 0.0320589654147625 0.8411793112754822 0.5398051738739014 
vn -0.7071051001548767 -0.7071051001548767 0.002184694167226553 
vn 0.7071051001548767 -0.7071051001548767 0.002184694167226553 
vn -0.5759913921356201 -0.5799909830093384 0.5760593414306641 
vn 0.5786608457565308 -0.5773276686668396 0.5760593414306641 
vn -0.30268529057502747 -0.30135640501976013 0.9041935205459595 
vn 0.3000216782093048 -0.3040083348751068 0.9041935205459595 
vn 0.7071051001548767 0.7071051001548767 0.002184694167226553 
vn 0.5786608457565308 0.5773276686668396 0.5760593414306641 
vn 0.3000216782093048 0.3040083348751068 0.9041935205459595 
vn -0.7071051001548767 0.7071051001548767 0.002184694167226553 
vn -0.5759913921356201 0.5799909830093384 0.5760593414306641 
vn -0.30268529057502747 0.30135640501976013 0.9041935205459595 
vn -0.7071051001548767 -0.7071051001548767 0.002184694167226553 
vn -0.5759913921356201 -0.5799909830093384 0.5760593414306641 
vn -0.30268529057502747 -0.30135640501976013 0.9041935205459595 
vn 0.17618151009082794 0.805854320526123 -0.5652954578399658 
vn 0.8353699445724487 -0.05285987630486488 -0.5471406579017639 
vn -0.005659331101924181 -0.9955745935440063 0.09380380809307098 
vn 0.9863267540931702 -0.06787776947021484 -0.15017375349998474 
vn -0.10740133374929428 -0.9785067439079285 -0.1760382205247879 
vn 0.9778726100921631 -0.11302968859672546 0.1760382205247879 
vn -0.4274621903896332 -0.3143070638179779 -0.8476362228393555 
vn 0.9578718543052673 0.052780989557504654 0.28230419754981995 
vn -0.9682949781417847 0.1728675663471222 -0.18033768236637115 
vn -0.005659331101924181 -0.9955745935440063 0.09380380809307098 
vn -0.9563982486724854 0.27939286828041077 0.08510008454322815 
vn -0.3348296880722046 -0.6201710104942322 0.7094202041625977 
vn -0.696551501750946 -0.14239947497844696 0.7032341957092285 
vn -0.7682441473007202 -0.5805686712265015 -0.26970529556274414 
vn -0.7691009640693665 -0.5774573087692261 -0.27391019463539124 
vn -0.9029744863510132 0.022638607770204544 0.42909738421440125 
vn -0.7662267088890076 -0.5772356390953064 -0.28230419754981995 
vn 0.060377199202775955 -0.9981541037559509 -0.006554040592163801 
vn -0.2792902886867523 -0.9328945875167847 -0.22738653421401978 
vn -0.1574799120426178 -0.7917050123214722 0.590256929397583 
vn -0.8084885478019714 0.07903731614351273 0.5831804275512695 
vn -0.5254152417182922 0.3352224826812744 0.7820260524749756 
vn -0.9737752676010132 -0.007553744595497847 -0.22738653421401978 
vn -0.5779946446418762 -0.5779946446418762 -0.5760593414306641 
vn 0.5779946446418762 -0.5779946446418762 -0.5760593414306641 
vn -0.5759913921356201 -0.5799909830093384 0.5760593414306641 
vn 0.5786608457565308 -0.5773276686668396 0.5760593414306641 
vn -0.5779946446418762 -0.5779946446418762 -0.5760593414306641 
vn -0.7078686952590942 -0.0037756471429020166 -0.7063339352607727 
vn 0.5779946446418762 -0.5779946446418762 -0.5760593414306641 
vn 0.7078787684440613 0 -0.7063339352607727 
vn -0.5779946446418762 0.5779946446418762 -0.5760593414306641 
vn 0.5779946446418762 0.5779946446418762 -0.5760593414306641 
vn -0.7071051001548767 -0.7071051001548767 0.002184694167226553 
vn -0.5759913921356201 -0.5799909830093384 0.5760593414306641 
vn -0.7071051001548767 0.7071051001548767 0.002184694167226553 
vn -0.5759913921356201 0.5799909830093384 0.5760593414306641 
vn 0.5786608457565308 -0.5773276686668396 0.5760593414306641 
vn 0.5786608457565308 0.5773276686668396 0.5760593414306641 
vn 0.7071051001548767 0.7071051001548767 0.002184694167226553 
vn 0.7071051001548767 -0.7071051001548767 0.002184694167226553 
vn -0.29914772510528564 0.3725205957889557 -0.8784868121147156 
vn 0.17372173070907593 0.007584854494780302 -0.9847655892372131 
vn 0.45122161507606506 0.4299236238002777 0.7820260524749756 
vn 0.67205411195755 -0.17877645790576935 0.7185974717140198 
vn -0.6769172549247742 -0.6222008466720581 -0.3932546079158783 
vn 0.6368677616119385 -0.20772400498390198 0.7424622178077698 
vn 0.2286769598722458 0.27122488617897034 0.9349566102027893 
vn -0.8779413104057312 -0.05281477048993111 -0.4758462607860565 
vn -0.8779413104057312 -0.05281477048993111 -0.4758462607860565 
vn -0.29914772510528564 0.3725205957889557 -0.8784868121147156 
vn 0.2286769598722458 0.27122488617897034 0.9349566102027893 
vn 0.45122161507606506 0.4299236238002777 0.7820260524749756 
vn -0.9029744863510132 0.022638607770204544 0.42909738421440125 
vn 0.7210105657577515 0.678316593170166 0.1415284425020218 
vn -0.3348296880722046 -0.6201710104942322 0.7094202041625977 
vn 0.9313045144081116 0.3188767731189728 -0.1760382205247879 
vn -0.005659331101924181 -0.9955745935440063 0.09380380809307098 
vn 0.9863267540931702 -0.06787776947021484 -0.15017375349998474 
vn -0.5759913921356201 0.5799909830093384 0.5760593414306641 
vn 0.5786608457565308 0.5773276686668396 0.5760593414306641 
vn -0.7071051001548767 0.7071051001548767 0.002184694167226553 
vn 0.7071051001548767 0.7071051001548767 0.002184694167226553 
vn 0.7071051001548767 -0.7071051001548767 0.002184694167226553 
vn 0.7071051001548767 0.7071051001548767 0.002184694167226553 
vn 0.5786608457565308 -0.5773276686668396 0.5760593414306641 
vn 0.5786608457565308 0.5773276686668396 0.5760593414306641 
vn -0.5759913921356201 0.5799909830093384 0.5760593414306641 
vn -0.5759913921356201 -0.5799909830093384 0.5760593414306641 
vn -0.7071051001548767 0.7071051001548767 0.002184694167226553 
vn -0.7071051001548767 -0.7071051001548767 0.002184694167226553 
vn -0.07719393819570541 -0.8498827815055847 0.5212872624397278 
vn -0.21563850343227386 -0.7416923642158508 0.6351318359375 
vn -0.5630805492401123 0.6257401704788208 0.5398051738739014 
vn -0.6053096652030945 -0.6493303179740906 0.46040233969688416 
vn -0.9137235283851624 0.11664706468582153 0.3892335295677185 
vn -0.7204639911651611 -0.6871190071105957 0.09380380809307098 
vn -0.6845574975013733 0.07916796952486038 -0.7246471047401428 
vn -0.5779946446418762 -0.5779946446418762 -0.5760593414306641 
vn -0.734194815158844 0.07539498805999756 -0.67473965883255 
vn -0.8459790945053101 -0.29987722635269165 0.4409002661705017 
vn -0.5779946446418762 0.5779946446418762 -0.5760593414306641 
vn -0.7246516942977905 0.6753188967704773 0.1372016966342926 
vn -0.5925201177597046 -0.6471649408340454 0.4796847105026245 
vn -0.5599995851516724 0.6253255009651184 0.5434780716896057 
vn -0.3806331157684326 0.639172375202179 0.6682642698287964 
vn -0.7071051001548767 -0.7071051001548767 0.002184694167226553 
vn 0.7071051001548767 -0.7071051001548767 0.002184694167226553 
vn -0.5759913921356201 -0.5799909830093384 0.5760593414306641 
vn 0.5786608457565308 -0.5773276686668396 0.5760593414306641 
vn -0.4274621903896332 -0.3143070638179779 -0.8476362228393555 
vn 0.9578718543052673 0.052780989557504654 0.28230419754981995 
vn -0.6561141014099121 0.030222715809941292 -0.7540562748908997 
vn 0.5843566656112671 0.7638720273971558 0.27391019463539124 
vn 0.17618151009082794 0.805854320526123 -0.5652954578399658 
vn -0.9371382594108582 0.1652427613735199 -0.30735430121421814 
vn 0.045306626707315445 0.8885592222213745 -0.456519216299057 
vn -0.1574799120426178 -0.7917050123214722 0.590256929397583 
vn 0.060377199202775955 -0.9981541037559509 -0.006554040592163801 
vn 0.8099002838134766 -0.20171479880809784 0.5507928133010864 
vn 0.9994826912879944 -0.015097145922482014 0.028397228568792343 
vn -0.2792902886867523 -0.9328945875167847 -0.22738653421401978 
vn 0.5366191864013672 -0.3236333727836609 -0.7792953848838806 
vn 0.23347064852714539 0.1696263551712036 -0.9574540853500366 
vn -0.7662267088890076 -0.5772356390953064 -0.28230419754981995 
vn -0.7691009640693665 -0.5774573087692261 -0.27391019463539124 
vn 0.21810735762119293 0.1622004508972168 -0.962351381778717 
vn -0.7682441473007202 -0.5805686712265015 -0.26970529556274414 
vn 0.22253194451332092 0.15607479214668274 -0.962351381778717 
vn -0.9737752676010132 -0.007553744595497847 -0.22738653421401978 
vn -0.16773942112922668 0.5895429253578186 -0.790128231048584 
vn -0.3433394730091095 0.6047608852386475 -0.7185974717140198 
vn -0.9601642489433289 0.1429038643836975 0.2401314377784729 
vn 0.2827949523925781 0.9338756799697876 0.21886809170246124 
vn -0.16773942112922668 0.5895429253578186 -0.790128231048584 
vn 0.7071051001548767 -0.7071051001548767 0.002184694167226553 
vn 0.7071051001548767 0.7071051001548767 0.002184694167226553 
vn 0.5786608457565308 -0.5773276686668396 0.5760593414306641 
vn 0.5786608457565308 0.5773276686668396 0.5760593414306641 
vn -0.5759913921356201 0.5799909830093384 0.5760593414306641 
vn -0.5759913921356201 -0.5799909830093384 0.5760593414306641 
vn -0.7071051001548767 0.7071051001548767 0.002184694167226553 
vn -0.7071051001548767 -0.7071051001548767 0.002184694167226553 
vn -0.5567907094955444 0.3839714825153351 -0.736579954624176 
vn 0.2295708805322647 -0.6430087685585022 -0.7306414246559143 
vn -0.9743234515190125 -0.052826281636953354 0.21886809170246124 
vn -0.3256995975971222 -0.9144707322120667 0.2401314377784729 
vn 0.5023951530456543 0.8626260757446289 0.058952588587999344 
vn -0.3433394730091095 0.6047608852386475 -0.7185974717140198 
vn -0.061908118426799774 0.43058040738105774 0.9004265069961548 
vn -0.9601642489433289 0.1429038643836975 0.2401314377784729 
vn 0.2827949523925781 0.9338756799697876 0.21886809170246124 
vn -0.16773942112922668 0.5895429253578186 -0.790128231048584 
vn -0.5254152417182922 0.3352224826812744 0.7820260524749756 
vn -0.9737752676010132 -0.007553744595497847 -0.22738653421401978 
vn 0.2827949523925781 0.9338756799697876 0.21886809170246124 
vn -0.16773942112922668 0.5895429253578186 -0.790128231048584 
vn -0.5254152417182922 0.3352224826812744 0.7820260524749756 
vn -0.9737752676010132 -0.007553744595497847 -0.22738653421401978 
vn -0.7876030802726746 0.20908309519290924 -0.5796254277229309 
vn 0.17618151009082794 0.805854320526123 -0.5652954578399658 
vn -0.022664595395326614 -0.8270401358604431 -0.5616858005523682 
vn 0.8353699445724487 -0.05285987630486488 -0.5471406579017639 
vn -0.1574799120426178 -0.7917050123214722 0.590256929397583 
vn 0.8099002838134766 -0.20171479880809784 0.5507928133010864 
vn -0.8084885478019714 0.07903731614351273 0.5831804275512695 
vn 0.0320589654147625 0.8411793112754822 0.5398051738739014 
vn 0.30235347151756287 0.7016388177871704 0.6452018022537231 
vn -0.5786620378494263 0.056401945650577545 0.8136147856712341 
vn -0.5947492718696594 -0.6507614850997925 0.4719987213611603 
vn -0.7071051001548767 -0.7071051001548767 0.002184694167226553 
vn -0.5779946446418762 -0.5779946446418762 -0.5760593414306641 
vn -0.5759913921356201 -0.5799909830093384 0.5760593414306641 
vn -0.5254152417182922 0.3352224826812744 0.7820260524749756 
vn -0.696551501750946 -0.14239947497844696 0.7032341957092285 
vn 0.2827949523925781 0.9338756799697876 0.21886809170246124 
vn 0.5701736807823181 0.8014863133430481 -0.18033768236637115 
vn -0.8089801669120789 0.20537370443344116 0.5507928133010864 
vn -0.1670638769865036 0.8677168488502502 -0.46814218163490295 
vn -0.5913218855857849 0.41097941994667053 0.6938546895980835 
vn -0.26601991057395935 0.6915995478630066 -0.6715083718299866 
vn -0.24524421989917755 -0.3496989607810974 0.9041935205459595 
vn -0.5806998014450073 0.38829511404037476 -0.715552031993866 
vn -0.9371382594108582 0.1652427613735199 -0.30735430121421814 
vn -0.5786620378494263 0.056401945650577545 0.8136147856712341 
vn 0.9788792133331299 0.052812617272138596 -0.1975002884864807 
vn 0.5314342975616455 -0.41312912106513977 0.7395281791687012 
vn 0.7258265614509583 -0.5040026307106018 -0.46814218163490295 
vn 0.0508195124566555 -0.7213519215583801 0.6907016038894653 
vn 0.5206835269927979 -0.33625736832618713 -0.7847417593002319 
vn -0.28653866052627563 -0.9356469511985779 -0.2060592919588089 
vn -0.7782690525054932 -0.574779748916626 -0.25283506512641907 
vn 0.21264059841632843 0.1554265022277832 -0.9646899104118347 
vn 0.22253194451332092 0.15607479214668274 -0.962351381778717 
vn -0.7691009640693665 -0.5774573087692261 -0.27391019463539124 
vn 0.22253194451332092 0.15607479214668274 -0.962351381778717 
vn -0.7682441473007202 -0.5805686712265015 -0.26970529556274414 
vn -0.9737752676010132 -0.007553744595497847 -0.22738653421401978 
vn -0.16773942112922668 0.5895429253578186 -0.790128231048584 
vn 0.5786608457565308 -0.5773276686668396 0.5760593414306641 
vn -0.5759913921356201 -0.5799909830093384 0.5760593414306641 
vn 0.7071051001548767 -0.7071051001548767 0.002184694167226553 
vn -0.7071051001548767 -0.7071051001548767 0.002184694167226553 
vn 0.8353699445724487 -0.05285987630486488 -0.5471406579017639 
vn 0.8569573163986206 -0.22376611828804016 0.4642767012119293 
vn -0.022664595395326614 -0.8270401358604431 -0.5616858005523682 
vn -0.03966289013624191 -0.8927883505821228 -0.4487268626689911 
vn 0.7596954703330994 -0.29478326439857483 0.5796254277229309 
vn 0.09800837188959122 -0.8312830328941345 -0.5471406579017639 
vn 0.23062875866889954 -0.7342528104782104 -0.6385006904602051 
vn 0.6277782320976257 -0.39366352558135986 0.6715083718299866 
vn 0.3416193127632141 -0.6093288064002991 -0.715552031993866 
vn 0.4890699088573456 -0.49439695477485657 0.7185974717140198 
vn 0.2295708805322647 -0.6430087685585022 -0.7306414246559143 
vn -0.3256995975971222 -0.9144707322120667 0.2401314377784729 
vn 0.5786608457565308 -0.5773276686668396 0.5760593414306641 
vn 0.9030877351760864 -0.3041483163833618 0.30319350957870483 
vn -0.5759913921356201 -0.5799909830093384 0.5760593414306641 
vn -0.9042856097221375 -0.30056822299957275 0.30319350957870483 
vn 0.6465694904327393 -0.7519476413726807 -0.12854042649269104 
vn -0.7308071851730347 -0.6668192148208618 0.1458524912595749 
vn 0.4824111759662628 -0.7827070355415344 -0.3932546079158783 
vn -0.5788034200668335 -0.6480855345726013 0.4949462115764618 
vn 0.013315648771822453 -0.09505048394203186 -0.9953833818435669 
vn -0.5567851066589355 -0.38960930705070496 0.7336177229881287 
vn 0.3391053080558777 0.30853667855262756 0.888714075088501 
vn 0.884885847568512 0.15027977526187897 0.4409002661705017 
vn 0.3345816135406494 0.5418413281440735 0.7710143327713013 
vn 0.8650822043418884 0.40882745385169983 0.29067665338516235 
vn 0.33603206276893616 0.9024087190628052 0.26970529556274414 
vn 0.3965924084186554 0.9179922342300415 0.002184694167226553 
vn 0.999997615814209 0 0.002184694167226553 
vn 0.940263032913208 0.34044185280799866 0.002184694167226553 
vn 0.5314342975616455 -0.41312912106513977 0.7395281791687012 
vn 0.9788792133331299 0.052812617272138596 -0.1975002884864807 
vn -0.24860502779483795 0.6358919739723206 0.7306414246559143 
vn 0.3312373757362366 0.9217190146446228 -0.2017817199230194 
vn -0.5759913921356201 0.5799909830093384 0.5760593414306641 
vn 0.5786608457565308 0.5773276686668396 0.5760593414306641 
vn -0.7071051001548767 0.7071051001548767 0.002184694167226553 
vn 0.7071051001548767 0.7071051001548767 0.002184694167226553 
vn 0.3391053080558777 0.30853667855262756 0.888714075088501 
vn 0.884885847568512 0.15027977526187897 0.4409002661705017 
vn 0.3345816135406494 0.5418413281440735 0.7710143327713013 
vn 0.8650822043418884 0.40882745385169983 0.29067665338516235 
vn 0.33603206276893616 0.9024087190628052 0.26970529556274414 
vn 0.3965924084186554 0.9179922342300415 0.002184694167226553 
vn 0.999997615814209 0 0.002184694167226553 
vn 0.940263032913208 0.34044185280799866 0.002184694167226553 
vn 0.5023951530456543 0.8626260757446289 0.058952588587999344 
vn 0.8690370917320251 0.47775718569755554 0.12854042649269104 
vn -0.3433394730091095 0.6047608852386475 -0.7185974717140198 
vn -0.7845431566238403 0.2382352501153946 -0.5724822878837585 
vn -0.9682949781417847 0.1728675663471222 -0.18033768236637115 
vn 0.16706742346286774 0.9716253876686096 0.16742929816246033 
vn -0.9563982486724854 0.27939286828041077 0.08510008454322815 
vn 0.21338589489459991 0.9639743566513062 -0.15880759060382843 
vn -0.696551501750946 -0.14239947497844696 0.7032341957092285 
vn 0.5701736807823181 0.8014863133430481 -0.18033768236637115 
vn 0.2827949523925781 0.9338756799697876 0.21886809170246124 
vn -0.999997615814209 -2.0682260971124217e-13 -0.002184694167226553 
vn -0.8795284628868103 -1.8190681708336875e-13 -0.4758462607860565 
vn -0.8672792315483093 0.49781718850135803 -0.002184694167226553 
vn -0.7616940140724182 0.43976423144340515 -0.4758462607860565 
vn -0.49781718850135803 0.8672792315483093 0.002184694167226553 
vn -0.43976423144340515 0.7616940140724182 -0.4758462607860565 
vn -1.0341130485562108e-13 0.999997615814209 -0.002184694167226553 
vn -9.095340854168438e-14 0.8795284628868103 -0.4758462607860565 
vn 0.49781718850135803 0.8672792315483093 0.002184694167226553 
vn 0.43976423144340515 0.7616940140724182 -0.4758462607860565 
vn 0.8672792315483093 0.49781718850135803 -0.002184694167226553 
vn 0.7616940140724182 0.43976423144340515 -0.4758462607860565 
vn 0.999997615814209 0 -0.002184694167226553 
vn 0.8795284628868103 0 -0.4758462607860565 
vn 0.8672792315483093 -0.49781718850135803 -0.002184694167226553 
vn 0.7616940140724182 -0.43976423144340515 -0.4758462607860565 
vn 0.49781718850135803 -0.8672792315483093 0.002184694167226553 
vn 0.43976423144340515 -0.7616940140724182 -0.4758462607860565 
vn 3.097898456858039e-13 -0.999997615814209 0.002184694167226553 
vn 2.732507959051639e-13 -0.8795284628868103 -0.4758462607860565 
vn -0.49781718850135803 -0.8672792315483093 0.002184694167226553 
vn -0.43976423144340515 -0.7616940140724182 -0.4758462607860565 
vn -0.8672792315483093 -0.49781718850135803 0.002184694167226553 
vn -0.7616940140724182 -0.43976423144340515 -0.4758462607860565 
vn -0.999997615814209 -2.0682260971124217e-13 -0.002184694167226553 
vn -0.8795284628868103 -1.8190681708336875e-13 -0.4758462607860565 
vn -0.7344462871551514 0.4254865348339081 -0.528724730014801 
vn -0.422214150428772 0.736332356929779 -0.528724730014801 
vn 0.0037769887130707502 0.8487849235534668 -0.528724730014801 
vn 0.422214150428772 0.736332356929779 -0.528724730014801 
vn 0.7344462871551514 0.4254865348339081 -0.528724730014801 
vn 0.8487933278083801 0 -0.528724730014801 
vn 0.7344462871551514 -0.4254865348339081 -0.528724730014801 
vn 0.422214150428772 -0.736332356929779 -0.528724730014801 
vn 0.0037769887130707502 -0.8487849235534668 -0.528724730014801 
vn -0.422214150428772 -0.736332356929779 -0.528724730014801 
vn -0.7344462871551514 -0.4254865348339081 -0.528724730014801 
vn -0.8487933278083801 -1.7555007198345046e-13 -0.528724730014801 
vn -0.4958147704601288 0.8638089299201965 0.08945280313491821 
vn 0.0018872113432735205 0.9959892630577087 0.08945280313491821 
vn 0.4990847110748291 0.8619238138198853 0.08945280313491821 
vn 0.8628679513931274 0.49745064973831177 0.08945280313491821 
vn 0.995991051197052 0 0.08945280313491821 
vn 0.8628679513931274 -0.49745064973831177 0.08945280313491821 
vn 0.4990847110748291 -0.8619238138198853 0.08945280313491821 
vn 0.0018872113432735205 -0.9959892630577087 0.08945280313491821 
vn -0.4958147704601288 -0.8638089299201965 0.08945280313491821 
vn -0.8609765768051147 -0.5007169842720032 0.08945280313491821 
vn -0.995983898639679 0.003774415934458375 0.08945280313491821 
vn -0.2973394989967346 0.5200356841087341 0.8007197380065918 
vn -0.0018857052782550454 0.5990361571311951 0.8007197380065918 
vn 0.3006076216697693 0.5181534290313721 0.8007197380065918 
vn 0.5172045826911926 0.30223721265792847 0.8007197380065918 
vn 0.5990391373634338 0 0.8007197380065918 
vn 0.5172045826911926 -0.30223721265792847 0.8007197380065918 
vn 0.3006076216697693 -0.5181534290313721 0.8007197380065918 
vn -0.0018857052782550454 -0.5990361571311951 0.8007197380065918 
vn -0.2973394989967346 -0.5200356841087341 0.8007197380065918 
vn -0.519097089767456 -0.29897505044937134 0.8007197380065918 
vn -0.5990272760391235 0.0037713919300585985 0.8007197380065918 
vn -0.519097089767456 0.29897505044937134 0.8007197380065918 
vn -0.8609765768051147 0.5007169842720032 0.08945280313491821 
vn -0.5990272760391235 0.0037713919300585985 0.8007197380065918 
vn -0.995983898639679 0.003774415934458375 0.08945280313491821 
vn -0.8487933278083801 -1.7555007198345046e-13 -0.528724730014801 
vn -0.3416246771812439 0.30574479699134827 0.888714075088501 
vn -0.33778145909309387 0.5398523807525635 0.7710143327713013 
vn -0.8842459917068481 0.153999924659729 0.4409002661705017 
vn -0.866686999797821 0.405414342880249 0.29067665338516235 
vn -0.999997615814209 -2.0682260971124217e-13 -0.002184694167226553 
vn -0.940263032913208 0.34044185280799866 0.002184694167226553 
vn -0.33603206276893616 0.9024087190628052 0.26970529556274414 
vn -0.3965924084186554 0.9179922342300415 0.002184694167226553 
vn -0.7071051001548767 -0.7071051001548767 0.002184694167226553 
vn 3.097898456858039e-13 -0.999997615814209 0.002184694167226553 
vn -0.6488003730773926 -0.6514667272567749 0.3932546079158783 
vn -0.0037719623651355505 -0.9244976043701172 0.3811691105365753 
vn -0.29722118377685547 -0.30121567845344543 0.9060511589050293 
vn 1.187080219278852e-13 -0.3831879794597626 0.9236704111099243 
vn 3.097898456858039e-13 -0.999997615814209 0.002184694167226553 
vn -0.0037719623651355505 -0.9244976043701172 0.3811691105365753 
vn 1.187080219278852e-13 -0.3831879794597626 0.9236704111099243 
vn 0.7071051001548767 -0.7071051001548767 -0.002184694167226553 
vn 0.6488003730773926 -0.6514667272567749 0.3932546079158783 
vn 0.29989010095596313 -0.2985585927963257 0.9060511589050293 
vn 0.0018878303235396743 -0.7078762650489807 -0.7063339352607727 
vn 0.2205743044614792 -0.9373398423194885 0.26970529556274414 
vn 0.3518514931201935 -0.2350996434688568 -0.9060511589050293 
vn -0.3416246771812439 0.30574479699134827 0.888714075088501 
vn -0.33778145909309387 0.5398523807525635 0.7710143327713013 
vn -0.8842459917068481 0.153999924659729 0.4409002661705017 
vn -0.866686999797821 0.405414342880249 0.29067665338516235 
vn -0.999997615814209 -2.0682260971124217e-13 0.002184694167226553 
vn -0.940263032913208 0.34044185280799866 0.002184694167226553 
vn -0.33603206276893616 0.9024087190628052 0.26970529556274414 
vn -0.3965924084186554 0.9179922342300415 0.002184694167226553 
vn -0.3965924084186554 0.9179922342300415 0.002184694167226553 
vn -0.33603206276893616 0.9024087190628052 0.26970529556274414 
vn 0.3965924084186554 0.9179922342300415 0.002184694167226553 
vn 0.33603206276893616 0.9024087190628052 0.26970529556274414 
vn 0.3345816135406494 0.5418413281440735 0.7710143327713013 
vn -0.33778145909309387 0.5398523807525635 0.7710143327713013 
vn -0.3416246771812439 0.30574479699134827 0.888714075088501 
vn -0.7071051001548767 -0.7071051001548767 0.002184694167226553 
vn 0.7071051001548767 -0.7071051001548767 0.002184694167226553 
vn -0.5947492718696594 -0.6507614850997925 0.4719987213611603 
vn 0.5947492718696594 -0.6507614850997925 0.4719987213611603 
vn 0.8668986558914185 -0.40192973613739014 0.2948545813560486 
vn -0.8668986558914185 -0.40192973613739014 0.2948545813560486 
vn 0.5786608457565308 -0.5773276686668396 0.5760593414306641 
vn -0.5759913921356201 -0.5799909830093384 0.5760593414306641 
vn 0.265901654958725 -0.26457056403160095 0.926983654499054 
vn -0.2632327973842621 -0.26722607016563416 0.926983654499054 
vn 0.5488297939300537 -0.543501079082489 0.6351318359375 
vn -0.5488297939300537 -0.543501079082489 0.6351318359375 
vn 0.5488297939300537 0.543501079082489 0.6351318359375 
vn -0.5488297939300537 0.543501079082489 0.6351318359375 
vn 0.265901654958725 0.26457056403160095 0.926983654499054 
vn -0.2632327973842621 0.26722607016563416 0.926983654499054 
vn 0.6368452906608582 0.27143949270248413 0.7216291427612305 
vn -0.6353579759597778 0.274902880191803 0.7216291427612305 
vn 0.7960442304611206 0.21622830629348755 0.5652954578399658 
vn -0.797024667263031 0.21258582174777985 0.5652954578399658 
vn 0.5786608457565308 0.5773276686668396 0.5760593414306641 
vn -0.5759913921356201 0.5799909830093384 0.5760593414306641 
vn -0.7071051001548767 0.7071051001548767 0.002184694167226553 
vn -0.3416246771812439 0.30574479699134827 0.888714075088501 
vn -0.33778145909309387 0.5398523807525635 0.7710143327713013 
vn -0.8842459917068481 0.153999924659729 0.4409002661705017 
vn -0.866686999797821 0.405414342880249 0.29067665338516235 
vn -0.999997615814209 -2.0682260971124217e-13 -0.002184694167226553 
vn -0.940263032913208 0.34044185280799866 0.002184694167226553 
vn -0.33603206276893616 0.9024087190628052 0.26970529556274414 
vn -0.3965924084186554 0.9179922342300415 0.002184694167226553 
vn -0.6698772311210632 -0.0037782832514494658 -0.7424622178077698 
vn 0.669887900352478 0 -0.7424622178077698 
vn -0.6715036034584045 -0.2515581250190735 -0.6969945430755615 
vn 0.6715036034584045 -0.2515581250190735 -0.6969945430755615 
vn -0.6715056896209717 -0.4748045802116394 -0.5688942670822144 
vn 0.6715056896209717 -0.4748045802116394 -0.5688942670822144 
vn -0.669266402721405 -0.6425706744194031 -0.37307560443878174 
vn 0.669266402721405 -0.6425706744194031 -0.37307560443878174 
vn -0.671955406665802 -0.729351282119751 -0.12854042649269104 
vn 0.6691731810569763 -0.7319047451019287 -0.12854042649269104 
vn -0.671955406665802 -0.729351282119751 0.12854042649269104 
vn 0.6691731810569763 -0.7319047451019287 0.12854042649269104 
vn -0.6672877073287964 -0.6446252465248108 0.37307560443878174 
vn 0.6699020266532898 -0.6419079303741455 0.37307560443878174 
vn -0.6697501540184021 -0.4772777259349823 0.5688942670822144 
vn 0.67193204164505 -0.4742010533809662 0.5688942670822144 
vn -0.6718047261238098 -0.2507529556751251 0.6969945430755615 
vn 0.6718047261238098 -0.2507529556751251 0.6969945430755615 
vn -0.669887900352478 -1.3854829826812076e-13 0.7424622178077698 
vn 0.669887900352478 0 0.7424622178077698 
vn -0.6718047261238098 0.2507529556751251 0.6969945430755615 
vn 0.6718047261238098 0.2507529556751251 0.6969945430755615 
vn -0.6697501540184021 0.4772777259349823 0.5688942670822144 
vn 0.67193204164505 0.4742010533809662 0.5688942670822144 
vn -0.6672877073287964 0.6446252465248108 0.37307560443878174 
vn 0.6699020266532898 0.6419079303741455 0.37307560443878174 
vn -0.671955406665802 0.729351282119751 0.12854042649269104 
vn 0.6691731810569763 0.7319047451019287 0.12854042649269104 
vn -0.671955406665802 0.729351282119751 -0.12854042649269104 
vn 0.6691731810569763 0.7319047451019287 -0.12854042649269104 
vn -0.669266402721405 0.6425706744194031 -0.37307560443878174 
vn 0.669266402721405 0.6425706744194031 -0.37307560443878174 
vn -0.6715056896209717 0.4748045802116394 -0.5688942670822144 
vn 0.6715056896209717 0.4748045802116394 -0.5688942670822144 
vn -0.6715036034584045 0.2515581250190735 -0.6969945430755615 
vn 0.6715036034584045 0.2515581250190735 -0.6969945430755615 
vn -0.6698772311210632 -0.0037782832514494658 -0.7424622178077698 
vn 0.669887900352478 0 -0.7424622178077698 
vn 0.7497352957725525 0 -0.661737859249115 
vn 0.7479668259620667 -0.2235613316297531 -0.6249527335166931 
vn 0.7496445178985596 -0.4262629449367523 -0.5062933564186096 
vn 0.7472454309463501 -0.5755622982978821 -0.33219319581985474 
vn 0.7505767345428467 -0.6506053805351257 -0.11553031951189041 
vn 0.7505767345428467 -0.6506053805351257 0.11553031951189041 
vn 0.7472454309463501 -0.5755622982978821 0.33219319581985474 
vn 0.7474071383476257 -0.425705224275589 0.5100564956665039 
vn 0.7480666637420654 -0.22322708368301392 0.6249527335166931 
vn 0.7497352957725525 0 0.661737859249115 
vn 0.7480666637420654 0.22322708368301392 0.6249527335166931 
vn 0.7499513030052185 0.42572304606437683 0.5062933564186096 
vn 0.7472454309463501 0.5755622982978821 0.33219319581985474 
vn 0.7505767345428467 0.6506053805351257 0.11553031951189041 
vn 0.7505767345428467 0.6506053805351257 -0.11553031951189041 
vn 0.7472454309463501 0.5755622982978821 -0.33219319581985474 
vn 0.7496445178985596 0.4262629449367523 -0.5062933564186096 
vn 0.7479668259620667 0.2235613316297531 -0.6249527335166931 
vn 0.7497352957725525 0 -0.661737859249115 
vn -0.3416246771812439 0.30574479699134827 0.888714075088501 
vn -0.33778145909309387 0.5398523807525635 0.7710143327713013 
vn -0.8842459917068481 0.153999924659729 0.4409002661705017 
vn -0.866686999797821 0.405414342880249 0.29067665338516235 
vn -0.999997615814209 -2.0682260971124217e-13 0.002184694167226553 
vn -0.940263032913208 0.34044185280799866 0.002184694167226553 
vn -0.33603206276893616 0.9024087190628052 0.26970529556274414 
vn -0.3965924084186554 0.9179922342300415 0.002184694167226553 
vn 0.7071051001548767 0.7071051001548767 0.002184694167226553 
vn -0.7071051001548767 0.7071051001548767 0.002184694167226553 
vn 0.5786608457565308 0.5773276686668396 0.5760593414306641 
vn -0.5759913921356201 0.5799909830093384 0.5760593414306641 
vn -0.797024667263031 0.21258582174777985 0.5652954578399658 
vn 0.7960442304611206 0.21622830629348755 0.5652954578399658 
vn -0.6353579759597778 0.274902880191803 0.7216291427612305 
vn 0.6368452906608582 0.27143949270248413 0.7216291427612305 
vn -0.2632327973842621 0.26722607016563416 0.926983654499054 
vn 0.265901654958725 0.26457056403160095 0.926983654499054 
vn -0.5488297939300537 0.543501079082489 0.6351318359375 
vn 0.5488297939300537 0.543501079082489 0.6351318359375 
vn -0.5488297939300537 -0.543501079082489 0.6351318359375 
vn 0.5488297939300537 -0.543501079082489 0.6351318359375 
vn -0.2632327973842621 -0.26722607016563416 0.926983654499054 
vn 0.265901654958725 -0.26457056403160095 0.926983654499054 
vn -0.5759913921356201 -0.5799909830093384 0.5760593414306641 
vn 0.5786608457565308 -0.5773276686668396 0.5760593414306641 
vn -0.8668986558914185 -0.40192973613739014 0.2948545813560486 
vn 0.8668986558914185 -0.40192973613739014 0.2948545813560486 
vn -0.5947492718696594 -0.6507614850997925 0.4719987213611603 
vn 0.5947492718696594 -0.6507614850997925 0.4719987213611603 
vn 0.7071051001548767 -0.7071051001548767 0.002184694167226553 
vn 0.0037714340724051 0.8667445182800293 0.4987381398677826 
vn -0.6672877073287964 0.6446252465248108 0.37307560443878174 
vn -6.654855296385834e-14 0.6435311436653137 0.7654199600219727 
vn -0.6697501540184021 0.4772777259349823 0.5688942670822144 
vn 0.003761886153370142 0.34245565533638 0.9395264387130737 
vn -0.6718047261238098 0.2507529556751251 0.6969945430755615 
vn 0 0 1 
vn -0.669887900352478 -1.3854829826812076e-13 0.7424622178077698 
vn 0.003761886153370142 -0.34245565533638 0.9395264387130737 
vn -0.6691330075263977 -0.25779762864112854 0.6969945430755615 
vn 1.9993144780797861e-13 -0.6435311436653137 0.7654199600219727 
vn -0.6697501540184021 -0.4772777259349823 0.5688942670822144 
vn 0.0037714340724051 -0.8667445182800293 0.4987381398677826 
vn -0.6672877073287964 -0.6446252465248108 0.37307560443878174 
vn 3.0518805798490645e-13 -0.9851431250572205 0.17173540592193604 
vn -0.671955406665802 -0.729351282119751 0.12854042649269104 
vn 3.0518805798490645e-13 -0.9851431250572205 -0.17173540592193604 
vn -0.671955406665802 -0.729351282119751 -0.12854042649269104 
vn 0.0018883368466049433 -0.8667506575584412 -0.4987381398677826 
vn -0.669266402721405 -0.6425706744194031 -0.37307560443878174 
vn -0.0018894483800977468 -0.6435283422470093 -0.7654199600219727 
vn -0.6715056896209717 -0.4748045802116394 -0.5688942670822144 
vn 0.0018875712994486094 -0.3424711227416992 -0.9395264387130737 
vn -0.6715036034584045 -0.2515581250190735 -0.6969945430755615 
vn -2.0682311115474694e-13 0 -1 
vn -0.6698772311210632 -0.0037782832514494658 -0.7424622178077698 
vn 0.0018875712994486094 0.3424711227416992 -0.9395264387130737 
vn -0.6715036034584045 0.2515581250190735 -0.6969945430755615 
vn -0.0018894483800977468 0.6435283422470093 -0.7654199600219727 
vn -0.6715056896209717 0.4748045802116394 -0.5688942670822144 
vn 0.0018883368466049433 0.8667506575584412 -0.4987381398677826 
vn -0.669266402721405 0.6425706744194031 -0.37307560443878174 
vn -0.001887991209514439 0.9843814969062805 -0.1760382205247879 
vn -0.671955406665802 0.729351282119751 -0.12854042649269104 
vn -0.001887991209514439 0.9843814969062805 0.1760382205247879 
vn -0.671955406665802 0.729351282119751 0.12854042649269104 
vn -0.999997615814209 -2.0682260971124217e-13 0.002184694167226553 
vn 0.003761886153370142 0.34245565533638 0.9395264387130737 
vn -0.669887900352478 -1.3854829826812076e-13 0.7424622178077698 
vn 0 0 1 
vn -0.6718047261238098 -0.2507529556751251 0.6969945430755615 
vn 0.003761886153370142 -0.34245565533638 0.9395264387130737 
vn -0.6697501540184021 -0.4772777259349823 0.5688942670822144 
vn 1.9993144780797861e-13 -0.6435311436653137 0.7654199600219727 
vn -0.6672877073287964 -0.6446252465248108 0.37307560443878174 
vn 0.0037714340724051 -0.8667445182800293 0.4987381398677826 
vn -0.671955406665802 -0.729351282119751 0.12854042649269104 
vn 3.0518805798490645e-13 -0.9851431250572205 0.17173540592193604 
vn -0.671955406665802 -0.729351282119751 -0.12854042649269104 
vn 3.0518805798490645e-13 -0.9851431250572205 -0.17173540592193604 
vn -0.669266402721405 -0.6425706744194031 -0.37307560443878174 
vn 0.0018883368466049433 -0.8667506575584412 -0.4987381398677826 
vn -0.6715056896209717 -0.4748045802116394 -0.5688942670822144 
vn -0.0018894483800977468 -0.6435283422470093 -0.7654199600219727 
vn -0.6715036034584045 -0.2515581250190735 -0.6969945430755615 
vn 0.0018875712994486094 -0.3424711227416992 -0.9395264387130737 
vn -0.6698772311210632 0.0037782832514494658 -0.7424622178077698 
vn -2.0682311115474694e-13 0 -1 
vn -0.6715036034584045 0.2515581250190735 -0.6969945430755615 
vn 0.0018875712994486094 0.3424711227416992 -0.9395264387130737 
vn -0.6715056896209717 0.4748045802116394 -0.5688942670822144 
vn -0.0018894483800977468 0.6435283422470093 -0.7654199600219727 
vn -0.6684537529945374 0.6457516551017761 -0.3690181374549866 
vn 0.0018883368466049433 0.8667506575584412 -0.4987381398677826 
vn -0.671955406665802 0.729351282119751 -0.12854042649269104 
vn -1.0187518011258931e-13 0.9851431250572205 -0.17173540592193604 
vn -0.671955406665802 0.729351282119751 0.12854042649269104 
vn -1.0187518011258931e-13 0.9851431250572205 0.17173540592193604 
vn -0.6672877073287964 0.6446252465248108 0.37307560443878174 
vn 0.0037714340724051 0.8667445182800293 0.4987381398677826 
vn -0.6697501540184021 0.4772777259349823 0.5688942670822144 
vn -6.654855296385834e-14 0.6435311436653137 0.7654199600219727 
vn -0.6718047261238098 0.2507529556751251 0.6969945430755615 
vn -0.999997615814209 -2.0682260971124217e-13 0.002184694167226553 
vn -0.7477696537971497 0.42954349517822266 -0.5062933564186096 
vn -0.6715036034584045 0.2515581250190735 -0.6969945430755615 
vn -0.7468758821487427 0.22717934846878052 -0.6249527335166931 
vn -0.6698772311210632 -0.0037782832514494658 -0.7424622178077698 
vn -0.7497352957725525 -1.550625811563497e-13 -0.661737859249115 
vn -0.6715036034584045 -0.2515581250190735 -0.6969945430755615 
vn -0.7468758821487427 -0.22717934846878052 -0.6249527335166931 
vn -0.6715056896209717 -0.4748045802116394 -0.5688942670822144 
vn -0.7477696537971497 -0.42954349517822266 -0.5062933564186096 
vn -0.669266402721405 -0.6425706744194031 -0.37307560443878174 
vn -0.7495428323745728 -0.5725672245025635 -0.33219319581985474 
vn -0.671955406665802 -0.729351282119751 -0.12854042649269104 
vn -0.7480998039245605 -0.6534519195556641 -0.11553031951189041 
vn -0.671955406665802 -0.729351282119751 0.12854042649269104 
vn -0.7480998039245605 -0.6534519195556641 0.11553031951189041 
vn -0.6672877073287964 -0.6446252465248108 0.37307560443878174 
vn -0.7495428323745728 -0.5725672245025635 0.33219319581985474 
vn -0.6697501540184021 -0.4772777259349823 0.5688942670822144 
vn -0.7499513030052185 -0.42572304606437683 0.5062933564186096 
vn -0.6718047261238098 -0.2507529556751251 0.6969945430755615 
vn -0.7498923540115356 -0.2266158163547516 0.6215357780456543 
vn -0.669887900352478 -1.3854829826812076e-13 0.7424622178077698 
vn -0.7497258186340332 -0.0037685649003833532 0.661737859249115 
vn -0.6718047261238098 0.2507529556751251 0.6969945430755615 
vn -0.7498923540115356 0.2266158163547516 0.6215357780456543 
vn -0.6697501540184021 0.4772777259349823 0.5688942670822144 
vn -0.7499513030052185 0.42572304606437683 0.5062933564186096 
vn -0.6672877073287964 0.6446252465248108 0.37307560443878174 
vn -0.7495428323745728 0.5725672245025635 0.33219319581985474 
vn -0.671955406665802 0.729351282119751 0.12854042649269104 
vn -0.7480998039245605 0.6534519195556641 0.11553031951189041 
vn -0.671955406665802 0.729351282119751 -0.12854042649269104 
vn -0.7480998039245605 0.6534519195556641 -0.11553031951189041 
vn -0.669266402721405 0.6425706744194031 -0.37307560443878174 
vn -0.7495428323745728 0.5725672245025635 -0.33219319581985474 
vn -0.6715056896209717 0.4748045802116394 -0.5688942670822144 
vn 0.6715036034584045 0.2515581250190735 -0.6969945430755615 
vn 0.669887900352478 0 -0.7424622178077698 
vn 0.6715036034584045 -0.2515581250190735 -0.6969945430755615 
vn 0.6715056896209717 -0.4748045802116394 -0.5688942670822144 
vn 0.669266402721405 -0.6425706744194031 -0.37307560443878174 
vn 0.6691731810569763 -0.7319047451019287 -0.12854042649269104 
vn 0.6691731810569763 -0.7319047451019287 0.12854042649269104 
vn 0.6699020266532898 -0.6419079303741455 0.37307560443878174 
vn 0.67193204164505 -0.4742010533809662 0.5688942670822144 
vn 0.6718047261238098 -0.2507529556751251 0.6969945430755615 
vn 0.669887900352478 0 0.7424622178077698 
vn 0.6718047261238098 0.2507529556751251 0.6969945430755615 
vn 0.67193204164505 0.4742010533809662 0.5688942670822144 
vn 0.6699020266532898 0.6419079303741455 0.37307560443878174 
vn 0.6691731810569763 0.7319047451019287 0.12854042649269104 
vn 0.6691731810569763 0.7319047451019287 -0.12854042649269104 
vn 0.669266402721405 0.6425706744194031 -0.37307560443878174 
vn 0.6715056896209717 0.4748045802116394 -0.5688942670822144 
vn -0.6845574975013733 0.07916796952486038 -0.7246471047401428 
vn 0.6841132044792175 0.08291999250650406 -0.7246471047401428 
vn -0.5779946446418762 -0.5779946446418762 -0.5760593414306641 
vn 0.5779946446418762 -0.5779946446418762 -0.5760593414306641 
vn -0.6639893054962158 -0.7400690317153931 -0.10684575140476227 
vn 0.7230626940727234 -0.684383749961853 0.09380380809307098 
vn -0.49957314133644104 -0.7948126196861267 -0.34452807903289795 
vn 0.608064591884613 -0.6467512249946594 0.46040233969688416 
vn 0.21563850343227386 -0.7416923642158508 0.6351318359375 
vn 0.734194815158844 0.07539498805999756 -0.67473965883255 
vn -0.3518514931201935 -0.2350996434688568 -0.9060511589050293 
vn 0.5779946446418762 0.5779946446418762 -0.5760593414306641 
vn 0.0018878303235396743 0.7078762650489807 -0.7063339352607727 
vn 0.0018878303235396743 0.7078762650489807 -0.7063339352607727 
vn 0.0018878303235396743 -0.7078762650489807 -0.7063339352607727 
vn 0.0018878303235396743 0.7078762650489807 -0.7063339352607727 
vn 0.0018878303235396743 -0.7078762650489807 -0.7063339352607727 
vn 0.0018878303235396743 -0.7078762650489807 -0.7063339352607727 
vn 0.0018878303235396743 0.7078762650489807 -0.7063339352607727 
vn 0.0018878303235396743 -0.7078762650489807 -0.7063339352607727 
vn 0.0018878303235396743 0.7078762650489807 -0.7063339352607727 
vn 0.3518514931201935 -0.2350996434688568 -0.9060511589050293 
vn 0.0018878303235396743 0.7078762650489807 -0.7063339352607727 
vn -0.5779946446418762 0.5779946446418762 -0.5760593414306641 
vn -0.734194815158844 0.07539498805999756 -0.67473965883255 
vn 0.6841132044792175 0.08291999250650406 -0.7246471047401428 
vn -0.6845574975013733 0.07916796952486038 -0.7246471047401428 
vn 0.5779946446418762 -0.5779946446418762 -0.5760593414306641 
vn -0.5779946446418762 -0.5779946446418762 -0.5760593414306641 
vn 0.6611731648445129 -0.7425860166549683 -0.10684575140476227 
vn -0.7204639911651611 -0.6871190071105957 0.09380380809307098 
vn 0.49637195467948914 -0.7968156933784485 -0.34452807903289795 
vn -0.6053096652030945 -0.6493303179740906 0.46040233969688416 
vn -0.21563850343227386 -0.7416923642158508 0.6351318359375 
vn 0.39683231711387634 -0.6495597958564758 -0.6485338807106018 
vn 0.19238686561584473 -0.7094787955284119 -0.677958071231842 
vn -0.07719393819570541 -0.8498827815055847 0.5212872624397278 
vn 0.0018909444333985448 -0.6368150115013123 -0.7710143327713013 
vn -0.0018854718655347824 -0.8774389028549194 0.4796847105026245 
vn 0.0018909444333985448 -0.6368150115013123 -0.7710143327713013 
vn -0.0018854718655347824 -0.8774389028549194 0.4796847105026245 
vn 0.07343794405460358 -0.8502155542373657 0.5212872624397278 
vn -0.19603224098682404 -0.7084802389144897 -0.677958071231842 
vn -0.393603652715683 -0.6515212655067444 -0.6485338807106018 
vn -0.3013526499271393 0.3026890456676483 -0.9041935205459595 
vn -0.5779946446418762 0.5779946446418762 -0.5760593414306641 
vn 0.3040194809436798 0.3000103831291199 -0.9041935205459595 
vn 0.5779946446418762 0.5779946446418762 -0.5760593414306641 
vn 0.3040194809436798 -0.3000103831291199 -0.9041935205459595 
vn 0.5779946446418762 -0.5779946446418762 -0.5760593414306641 
vn -0.3013526499271393 -0.3026890456676483 -0.9041935205459595 
vn -0.5779946446418762 -0.5779946446418762 -0.5760593414306641 
vn -0.619330108165741 0.3959837257862091 0.677958071231842 
vn -0.7738698124885559 0.4932580292224884 0.3972681760787964 
vn -0.7060908675193787 0.2044714242219925 0.677958071231842 
vn -0.8799470663070679 0.2605209946632385 0.3972681760787964 
vn -0.7350909113883972 0.003767335321754217 0.677958071231842 
vn -0.9177025556564331 -1.9020963732026275e-13 0.3972681760787964 
vn -0.7060908675193787 -0.2044714242219925 0.677958071231842 
vn -0.8799470663070679 -0.2605209946632385 0.3972681760787964 
vn -0.619330108165741 -0.3959837257862091 0.677958071231842 
vn -0.7738698124885559 -0.4932580292224884 0.3972681760787964 
vn -0.4819059669971466 -0.5551031231880188 0.677958071231842 
vn -0.6020037531852722 -0.6926539540290833 0.3972681760787964 
vn -0.3050602376461029 -0.6688132286071777 0.677958071231842 
vn -0.38060319423675537 -0.8350564241409302 0.3972681760787964 
vn -0.10325954109430313 -0.7278120517730713 0.677958071231842 
vn -0.1278855949640274 -0.908748209476471 0.3972681760787964 
vn 0.10698816180229187 -0.7272732853889465 0.677958071231842 
vn 0.1278855949640274 -0.908748209476471 0.3972681760787964 
vn 0.30848386883735657 -0.6672410368919373 0.677958071231842 
vn 0.38060319423675537 -0.8350564241409302 0.3972681760787964 
vn 0.4790547788143158 -0.5575655698776245 0.677958071231842 
vn 0.6020037531852722 -0.6926539540290833 0.3972681760787964 
vn 0.617292582988739 -0.399152547121048 0.677958071231842 
vn 0.7738698124885559 -0.4932580292224884 0.3972681760787964 
vn 0.7050337195396423 -0.20808739960193634 0.677958071231842 
vn 0.8799470663070679 -0.2605209946632385 0.3972681760787964 
vn 0.7351005673408508 0 0.677958071231842 
vn 0.9177025556564331 0 0.3972681760787964 
vn 0.7050337195396423 0.20808739960193634 0.677958071231842 
vn 0.8799470663070679 0.2605209946632385 0.3972681760787964 
vn 0.617292582988739 0.399152547121048 0.677958071231842 
vn 0.7738698124885559 0.4932580292224884 0.3972681760787964 
vn 0.4790547788143158 0.5575655698776245 0.677958071231842 
vn 0.6020037531852722 0.6926539540290833 0.3972681760787964 
vn 0.30848386883735657 0.6672410368919373 0.677958071231842 
vn 0.38060319423675537 0.8350564241409302 0.3972681760787964 
vn 0.10698816180229187 0.7272732853889465 0.677958071231842 
vn 0.1278855949640274 0.908748209476471 0.3972681760787964 
vn -0.10325954109430313 0.7278120517730713 0.677958071231842 
vn -0.1278855949640274 0.908748209476471 0.3972681760787964 
vn -0.3050602376461029 0.6688132286071777 0.677958071231842 
vn -0.38060319423675537 0.8350564241409302 0.3972681760787964 
vn -0.4819059669971466 0.5551031231880188 0.677958071231842 
vn -0.6020037531852722 0.6926539540290833 0.3972681760787964 
vn -0.2955584228038788 0.18872490525245667 0.9364978075027466 
vn -0.336080938577652 0.10010725259780884 0.9364978075027466 
vn -0.3506532907485962 -0.003759904531762004 0.9364978075027466 
vn -0.336080938577652 -0.10010725259780884 0.9364978075027466 
vn -0.2955584228038788 -0.18872490525245667 0.9364978075027466 
vn -0.23221459984779358 -0.26277032494544983 0.9364978075027466 
vn -0.14411865174770355 -0.3196899890899658 0.9364978075027466 
vn -0.05058261379599571 -0.3470061421394348 0.9364978075027466 
vn 0.046859122812747955 -0.3475285470485687 0.9364978075027466 
vn 0.14753808081150055 -0.318126380443573 0.9364978075027466 
vn 0.22938384115695953 -0.2652450203895569 0.9364978075027466 
vn 0.29351791739463806 -0.19188302755355835 0.9364978075027466 
vn 0.33713498711586 -0.09649805724620819 0.9364978075027466 
vn 0.3506734371185303 0 0.9364978075027466 
vn 0.33713498711586 0.09649805724620819 0.9364978075027466 
vn 0.29351791739463806 0.19188302755355835 0.9364978075027466 
vn 0.22938384115695953 0.2652450203895569 0.9364978075027466 
vn 0.14753808081150055 0.318126380443573 0.9364978075027466 
vn 0.046859122812747955 0.3475285470485687 0.9364978075027466 
vn -0.05058261379599571 0.3470061421394348 0.9364978075027466 
vn -0.14411865174770355 0.3196899890899658 0.9364978075027466 
vn -0.23221459984779358 0.26277032494544983 0.9364978075027466 
vn 0.346708744764328 -0.22118797898292542 0.9115201234817505 
vn 0.3937174081802368 -0.11881783604621887 0.9115201234817505 
vn 0.41125550866127014 0 0.9115201234817505 
vn 0.3937174081802368 0.11881783604621887 0.9115201234817505 
vn 0.346708744764328 0.22118797898292542 0.9115201234817505 
vn 0.26801878213882446 0.31192469596862793 0.9115201234817505 
vn 0.17332980036735535 0.3729448616504669 0.9115201234817505 
vn 0.0581887923181057 0.4071181118488312 0.9115201234817505 
vn -0.06191515922546387 0.40656808018684387 0.9115201234817505 
vn -0.16990670561790466 0.3745167553424835 0.9115201234817505 
vn -0.27086445689201355 0.30945682525634766 0.9115201234817505 
vn -0.34466832876205444 0.22435422241687775 0.9115201234817505 
vn -0.3947891592979431 0.115206778049469 0.9115201234817505 
vn -0.41123825311660767 -0.003766703186556697 0.9115201234817505 
vn -0.3947891592979431 -0.115206778049469 0.9115201234817505 
vn -0.34466832876205444 -0.22435422241687775 0.9115201234817505 
vn -0.27086445689201355 -0.30945682525634766 0.9115201234817505 
vn -0.16990670561790466 -0.3745167553424835 0.9115201234817505 
vn -0.06191515922546387 -0.40656808018684387 0.9115201234817505 
vn 0.0581887923181057 -0.4071181118488312 0.9115201234817505 
vn 0.17332980036735535 -0.3729448616504669 0.9115201234817505 
vn 0.26801878213882446 -0.31192469596862793 0.9115201234817505 
vn 0.7833595871925354 -0.5001733303070068 0.3690181374549866 
vn 0.8921595811843872 -0.2605319917201996 0.3690181374549866 
vn 0.9294221997261047 0 0.3690181374549866 
vn 0.8921595811843872 0.2605319917201996 0.3690181374549866 
vn 0.7833595871925354 0.5001733303070068 0.3690181374549866 
vn 0.6060461401939392 0.7046514749526978 0.3690181374549866 
vn 0.38422325253486633 0.8462848663330078 0.3690181374549866 
vn 0.13159161806106567 0.9200593829154968 0.3690181374549866 
vn -0.13159161806106567 0.9200593829154968 0.3690181374549866 
vn -0.38422325253486633 0.8462848663330078 0.3690181374549866 
vn -0.6060461401939392 0.7046514749526978 0.3690181374549866 
vn -0.7833595871925354 0.5001733303070068 0.3690181374549866 
vn -0.8921595811843872 0.2605319917201996 0.3690181374549866 
vn -0.9294221997261047 -1.9222598231054266e-13 0.3690181374549866 
vn -0.8921595811843872 -0.2605319917201996 0.3690181374549866 
vn -0.7833595871925354 -0.5001733303070068 0.3690181374549866 
vn -0.6060461401939392 -0.7046514749526978 0.3690181374549866 
vn -0.38422325253486633 -0.8462848663330078 0.3690181374549866 
vn -0.13159161806106567 -0.9200593829154968 0.3690181374549866 
vn 0.13159161806106567 -0.9200593829154968 0.3690181374549866 
vn 0.38422325253486633 -0.8462848663330078 0.3690181374549866 
vn 0.6060461401939392 -0.7046514749526978 0.3690181374549866 
vn 0.6574495434761047 -0.7534953951835632 0.002184694167226553 
vn 0.8397637009620667 -0.5429477095603943 0.002184694167226553 
vn 0.9591029286384583 -0.283049076795578 0.002184694167226553 
vn 0.999997615814209 0 0.002184694167226553 
vn 0.9591029286384583 0.283049076795578 0.002184694167226553 
vn 0.8397637009620667 0.5429477095603943 0.002184694167226553 
vn 0.6574495434761047 0.7534953951835632 0.002184694167226553 
vn 0.41728663444519043 0.9087722897529602 0.002184694167226553 
vn 0.1429940164089203 0.9897211194038391 0.002184694167226553 
vn -0.1429940164089203 0.9897211194038391 0.002184694167226553 
vn -0.41728663444519043 0.9087722897529602 0.002184694167226553 
vn -0.6574495434761047 0.7534953951835632 0.002184694167226553 
vn -0.8397637009620667 0.5429477095603943 0.002184694167226553 
vn -0.9591029286384583 0.283049076795578 0.002184694167226553 
vn -0.999997615814209 -2.0682260971124217e-13 0.002184694167226553 
vn -0.9591029286384583 -0.283049076795578 0.002184694167226553 
vn -0.8397637009620667 -0.5429477095603943 0.002184694167226553 
vn -0.6574495434761047 -0.7534953951835632 0.002184694167226553 
vn -0.41728663444519043 -0.9087722897529602 0.002184694167226553 
vn -0.1429940164089203 -0.9897211194038391 0.002184694167226553 
vn 0.1429940164089203 -0.9897211194038391 -0.002184694167226553 
vn 0.41728663444519043 -0.9087722897529602 -0.002184694167226553 
vn -0.6698772311210632 -0.0037782832514494658 -0.7424622178077698 
vn -0.6715036034584045 -0.2515581250190735 -0.6969945430755615 
vn -0.999997615814209 -2.0682260971124217e-13 0.002184694167226553 
vn -0.6715056896209717 -0.4748045802116394 -0.5688942670822144 
vn -0.669266402721405 -0.6425706744194031 -0.37307560443878174 
vn -0.671955406665802 -0.729351282119751 -0.12854042649269104 
vn -0.671955406665802 -0.729351282119751 0.12854042649269104 
vn -0.6672877073287964 -0.6446252465248108 0.37307560443878174 
vn -0.6697501540184021 -0.4772777259349823 0.5688942670822144 
vn -0.6718047261238098 -0.2507529556751251 0.6969945430755615 
vn -0.669887900352478 -1.3854829826812076e-13 0.7424622178077698 
vn -0.6718047261238098 0.2507529556751251 0.6969945430755615 
vn -0.6697501540184021 0.4772777259349823 0.5688942670822144 
vn -0.6672877073287964 0.6446252465248108 0.37307560443878174 
vn -0.671955406665802 0.729351282119751 0.12854042649269104 
vn -0.671955406665802 0.729351282119751 -0.12854042649269104 
vn -0.669266402721405 0.6425706744194031 -0.37307560443878174 
vn -0.6715056896209717 0.4748045802116394 -0.5688942670822144 
vn -0.6715036034584045 0.2515581250190735 -0.6969945430755615 
vn 3.0518805798490645e-13 -0.9851431250572205 -0.17173540592193604 
vn -0.669266402721405 -0.6425706744194031 -0.37307560443878174 
vn 0.0018883368466049433 -0.8667506575584412 -0.4987381398677826 
vn -0.6715056896209717 -0.4748045802116394 -0.5688942670822144 
vn -0.0018894483800977468 -0.6435283422470093 -0.7654199600219727 
vn -0.6715036034584045 -0.2515581250190735 -0.6969945430755615 
vn 0.0018875712994486094 -0.3424711227416992 -0.9395264387130737 
vn -0.6698772311210632 0.0037782832514494658 -0.7424622178077698 
vn -2.0682311115474694e-13 0 -1 
vn -0.6715036034584045 0.2515581250190735 -0.6969945430755615 
vn 0.0018875712994486094 0.3424711227416992 -0.9395264387130737 
vn -0.6715056896209717 0.4748045802116394 -0.5688942670822144 
vn -0.0018894483800977468 0.6435283422470093 -0.7654199600219727 
vn -0.669266402721405 0.6425706744194031 -0.37307560443878174 
vn 0.0018883368466049433 0.8667506575584412 -0.4987381398677826 
vn -0.671955406665802 0.729351282119751 -0.12854042649269104 
vn -1.0187518011258931e-13 0.9851431250572205 -0.17173540592193604 
vn -0.671955406665802 0.729351282119751 0.12854042649269104 
vn -1.0187518011258931e-13 0.9851431250572205 0.17173540592193604 
vn -0.6672877073287964 0.6446252465248108 0.37307560443878174 
vn 0.0037714340724051 0.8667445182800293 0.4987381398677826 
vn -0.6697501540184021 0.4772777259349823 0.5688942670822144 
vn -6.654855296385834e-14 0.6435311436653137 0.7654199600219727 
vn -0.6718047261238098 0.2507529556751251 0.6969945430755615 
vn 0.003761886153370142 0.34245565533638 0.9395264387130737 
vn -0.669887900352478 -1.3854829826812076e-13 0.7424622178077698 
vn 0 0 1 
vn -0.6718047261238098 -0.2507529556751251 0.6969945430755615 
vn 0.003761886153370142 -0.34245565533638 0.9395264387130737 
vn -0.6697501540184021 -0.4772777259349823 0.5688942670822144 
vn 1.9993144780797861e-13 -0.6435311436653137 0.7654199600219727 
vn -0.6672877073287964 -0.6446252465248108 0.37307560443878174 
vn 0.0037714340724051 -0.8667445182800293 0.4987381398677826 
vn -0.671955406665802 -0.729351282119751 0.12854042649269104 
vn 3.0518805798490645e-13 -0.9851431250572205 0.17173540592193604 
vn -0.671955406665802 -0.729351282119751 -0.12854042649269104 
vn -0.999997615814209 -2.0682260971124217e-13 0.002184694167226553 
vn 0.943924069404602 0.3190068006515503 -0.08510008454322815 
vn 0.9626627564430237 -0.05284615606069565 -0.26549527049064636 
vn 0.3987838327884674 0.08270013332366943 -0.913308322429657 
vn 0.3399187922477722 0.06761404871940613 -0.9380210638046265 
vn 0.200226828455925 0.12867796421051025 -0.9712626934051514 
vn 0.19717293977737427 0.0668480172753334 -0.9780870079994202 
vn 0.18530140817165375 0.12808118760585785 -0.9742990136146545 
vn 0.18084771931171417 0.07388442754745483 -0.9807319641113281 
vn 0.18084771931171417 0.07388442754745483 -0.9807319641113281 
vn 0.18160240352153778 0.05940315127372742 -0.9815762042999268 
vn 0.09753510355949402 0.05777013301849365 -0.9935539960861206 
vn 0.039032526314258575 0.03497329726815224 -0.9986256957054138 
vn -0.777246356010437 0.09788466989994049 -0.6215357780456543 
vn -0.7955499291419983 0.10171975940465927 -0.5972883701324463 
vn 0.9550647139549255 -0.030203010886907578 -0.2948545813560486 
vn 0.28798389434814453 0.05270100384950638 -0.9561840295791626 
vn 0.18160240352153778 0.05940315127372742 -0.9815762042999268 
vn 0.18160240352153778 0.05940315127372742 -0.9815762042999268 
vn 0.1810661405324936 0.022720899432897568 -0.983208417892456 
vn 0.12982289493083954 0.015174120664596558 -0.991421103477478 
vn -0.794694721698761 -0.08669024705886841 -0.6007870435714722 
vn -0.5744213461875916 -0.44910693168640137 -0.6843559741973877 
vn 0.3342530131340027 0 -0.9424833655357361 
vn 0.1810661405324936 0.022720899432897568 -0.983208417892456 
vn 0.1810661405324936 0.022720899432897568 -0.983208417892456 
vn 0.1775464564561844 -0.015111430548131466 -0.9839963912963867 
vn -0.2805054187774658 -0.7314437627792358 -0.6215357780456543 
vn 0.2760106921195984 0 -0.961154580116272 
vn 0.1775464564561844 -0.015111430548131466 -0.9839963912963867 
vn 0.1775464564561844 -0.015111430548131466 -0.9839963912963867 
vn 0.007555617485195398 -0.7695841789245605 -0.6385006904602051 
vn 0.3365669250488281 -0.7915586233139038 -0.5100564956665039 
vn 0.06981674581766129 -0.7775343656539917 -0.6249527335166931 
vn 0.04151501506567001 -0.7656994462013245 -0.641857385635376 
vn 0.5762448906898499 -0.6136385202407837 -0.5398051738739014 
vn 0.8944777250289917 -0.40320903062820435 -0.19321508705615997 
vn 0.9616897702217102 -0.08297864347696304 -0.2612801790237427 
vn 0.947878360748291 -0.09798111021518707 -0.30319350957870483 
vn 0.9134369492530823 -0.06791164726018906 -0.401274174451828 
vn 0.4804675579071045 0.8573572039604187 -0.18463370203971863 
vn 0.14858414232730865 0.9489877223968506 -0.2781098484992981 
vn 0.14111697673797607 0.9501267671585083 -0.2781098484992981 
vn 0.1844102293252945 0.12179306894540787 -0.9752739667892456 
vn 0.14483943581581116 0.947070837020874 -0.2864931523799896 
vn 0.08264786750078201 0.12796393036842346 -0.9883291721343994 
vn -0.1354261040687561 0.9419093132019043 -0.30735430121421814 
vn -0.6700581312179565 0.6393731832504272 -0.37712597846984863 
vn 0.1258636862039566 0.08581241220235825 -0.9883291721343994 
vn -0.7640560865402222 0.2164679765701294 -0.607749879360199 
vn -0.6680054664611816 0.08286622166633606 -0.7395281791687012 
vn -0.7056143879890442 0.05657457560300827 -0.7063339352607727 
vn -0.6715056896209717 -0.4748045802116394 -0.5688942670822144 
vn -0.669266402721405 -0.6425706744194031 -0.37307560443878174 
vn -0.999997615814209 -2.0682260971124217e-13 -0.002184694167226553 
vn -0.671955406665802 -0.729351282119751 -0.12854042649269104 
vn -0.671955406665802 -0.729351282119751 0.12854042649269104 
vn -0.6672877073287964 -0.6446252465248108 0.37307560443878174 
vn -0.6697501540184021 -0.4772777259349823 0.5688942670822144 
vn -0.6718047261238098 -0.2507529556751251 0.6969945430755615 
vn -0.669887900352478 -1.3854829826812076e-13 0.7424622178077698 
vn -0.6718047261238098 0.2507529556751251 0.6969945430755615 
vn -0.6697501540184021 0.4772777259349823 0.5688942670822144 
vn -0.6672877073287964 0.6446252465248108 0.37307560443878174 
vn -0.671955406665802 0.729351282119751 0.12854042649269104 
vn -0.671955406665802 0.729351282119751 -0.12854042649269104 
vn -0.669266402721405 0.6425706744194031 -0.37307560443878174 
vn -0.6715056896209717 0.4748045802116394 -0.5688942670822144 
vn -0.6715036034584045 0.2515581250190735 -0.6969945430755615 
vn -0.6698772311210632 -0.0037782832514494658 -0.7424622178077698 
vn -0.6715036034584045 -0.2515581250190735 -0.6969945430755615 
vn -6.654855296385834e-14 0.6435311436653137 0.7654199600219727 
vn 0.67193204164505 0.4742010533809662 0.5688942670822144 
vn 0.0037714340724051 0.8667445182800293 0.4987381398677826 
vn 0.6699020266532898 0.6419079303741455 0.37307560443878174 
vn -1.0187518011258931e-13 0.9851431250572205 0.17173540592193604 
vn 0.6691731810569763 0.7319047451019287 0.12854042649269104 
vn -1.0187518011258931e-13 0.9851431250572205 -0.17173540592193604 
vn 0.6691731810569763 0.7319047451019287 -0.12854042649269104 
vn 0.0018883368466049433 0.8667506575584412 -0.4987381398677826 
vn 0.669266402721405 0.6425706744194031 -0.37307560443878174 
vn -0.0018894483800977468 0.6435283422470093 -0.7654199600219727 
vn 0.6715056896209717 0.4748045802116394 -0.5688942670822144 
vn 0.0018875712994486094 0.3424711227416992 -0.9395264387130737 
vn 0.6715036034584045 0.2515581250190735 -0.6969945430755615 
vn -2.0682311115474694e-13 0 -1 
vn 0.669887900352478 0 -0.7424622178077698 
vn 0.0018875712994486094 -0.3424711227416992 -0.9395264387130737 
vn 0.6715036034584045 -0.2515581250190735 -0.6969945430755615 
vn -0.0018894483800977468 -0.6435283422470093 -0.7654199600219727 
vn 0.6715056896209717 -0.4748045802116394 -0.5688942670822144 
vn 0.0018883368466049433 -0.8667506575584412 -0.4987381398677826 
vn 0.669266402721405 -0.6425706744194031 -0.37307560443878174 
vn 3.0518805798490645e-13 -0.9851431250572205 -0.17173540592193604 
vn 0.6691731810569763 -0.7319047451019287 -0.12854042649269104 
vn 3.0518805798490645e-13 -0.9851431250572205 0.17173540592193604 
vn 0.6691731810569763 -0.7319047451019287 0.12854042649269104 
vn 0.0037714340724051 -0.8667445182800293 0.4987381398677826 
vn 0.6699020266532898 -0.6419079303741455 0.37307560443878174 
vn 1.9993144780797861e-13 -0.6435311436653137 0.7654199600219727 
vn 0.67193204164505 -0.4742010533809662 0.5688942670822144 
vn 0.003761886153370142 -0.34245565533638 0.9395264387130737 
vn 0.6718047261238098 -0.2507529556751251 0.6969945430755615 
vn 0 0 1 
vn 0.669887900352478 0 0.7424622178077698 
vn 0.003761886153370142 0.34245565533638 0.9395264387130737 
vn 0.6718047261238098 0.2507529556751251 0.6969945430755615 
vn 0.999997615814209 0 0.002184694167226553 
vn -1.0187518011258931e-13 0.9851431250572205 0.17173540592193604 
vn 0.6691731810569763 0.7319047451019287 0.12854042649269104 
vn -1.0187518011258931e-13 0.9851431250572205 -0.17173540592193604 
vn 0.6691731810569763 0.7319047451019287 -0.12854042649269104 
vn 0.0018883368466049433 0.8667506575584412 -0.4987381398677826 
vn 0.669266402721405 0.6425706744194031 -0.37307560443878174 
vn -0.0018894483800977468 0.6435283422470093 -0.7654199600219727 
vn 0.6715056896209717 0.4748045802116394 -0.5688942670822144 
vn 0.0018875712994486094 0.3424711227416992 -0.9395264387130737 
vn 0.6715036034584045 0.2515581250190735 -0.6969945430755615 
vn -2.0682311115474694e-13 0 -1 
vn 0.669887900352478 0 -0.7424622178077698 
vn 0.0018875712994486094 -0.3424711227416992 -0.9395264387130737 
vn 0.6715036034584045 -0.2515581250190735 -0.6969945430755615 
vn -0.0018894483800977468 -0.6435283422470093 -0.7654199600219727 
vn 0.6715056896209717 -0.4748045802116394 -0.5688942670822144 
vn 0.0018883368466049433 -0.8667506575584412 -0.4987381398677826 
vn 0.669266402721405 -0.6425706744194031 -0.37307560443878174 
vn 3.0518805798490645e-13 -0.9851431250572205 -0.17173540592193604 
vn 0.6691731810569763 -0.7319047451019287 -0.12854042649269104 
vn 3.0518805798490645e-13 -0.9851431250572205 0.17173540592193604 
vn 0.6691731810569763 -0.7319047451019287 0.12854042649269104 
vn 0.0037714340724051 -0.8667445182800293 0.4987381398677826 
vn 0.6699020266532898 -0.6419079303741455 0.37307560443878174 
vn 1.9993144780797861e-13 -0.6435311436653137 0.7654199600219727 
vn 0.67193204164505 -0.4742010533809662 0.5688942670822144 
vn 0.003761886153370142 -0.34245565533638 0.9395264387130737 
vn 0.6718047261238098 -0.2507529556751251 0.6969945430755615 
vn 0 0 1 
vn 0.669887900352478 0 0.7424622178077698 
vn 0.003761886153370142 0.34245565533638 0.9395264387130737 
vn 0.6718047261238098 0.2507529556751251 0.6969945430755615 
vn -6.654855296385834e-14 0.6435311436653137 0.7654199600219727 
vn 0.67193204164505 0.4742010533809662 0.5688942670822144 
vn 0.0037714340724051 0.8667445182800293 0.4987381398677826 
vn 0.6699020266532898 0.6419079303741455 0.37307560443878174 
vn 0.999997615814209 0 0.002184694167226553 
vn -0.7350909113883972 0.003767335321754217 0.677958071231842 
vn 0.6731256246566772 0 0.7395281791687012 
vn -0.7060908675193787 0.2044714242219925 0.677958071231842 
vn 0.6469111442565918 -0.18602164089679718 0.7395281791687012 
vn -0.619330108165741 0.3959837257862091 0.677958071231842 
vn 0.5662692785263062 -0.3639191687107086 0.7395281791687012 
vn -0.4819059669971466 0.5551031231880188 0.677958071231842 
vn 0.4436453878879547 -0.5062379240989685 0.7395281791687012 
vn -0.3050602376461029 0.6688132286071777 0.677958071231842 
vn 0.2796264886856079 -0.6122965812683105 0.7395281791687012 
vn -0.10325954109430313 0.7278120517730713 0.677958071231842 
vn 0.09952536970376968 -0.6657272577285767 0.7395281791687012 
vn 0.10698816180229187 0.7272732853889465 0.677958071231842 
vn -0.09579576551914215 -0.6662741899490356 0.7395281791687012 
vn 0.30848386883735657 0.6672410368919373 0.677958071231842 
vn -0.28305092453956604 -0.6107211112976074 0.7395281791687012 
vn 0.4790547788143158 0.5575655698776245 0.677958071231842 
vn -0.44080352783203125 -0.5087143778800964 0.7395281791687012 
vn 0.617292582988739 0.399152547121048 0.677958071231842 
vn -0.564222514629364 -0.3670845627784729 0.7395281791687012 
vn 0.7050337195396423 0.20808739960193634 0.677958071231842 
vn -0.6458593010902405 -0.18964140117168427 0.7395281791687012 
vn 0.7351005673408508 0 0.677958071231842 
vn -0.673115074634552 -0.003769475035369396 0.7395281791687012 
vn 0.7050337195396423 -0.20808739960193634 0.677958071231842 
vn -0.6458593010902405 0.18964140117168427 0.7395281791687012 
vn 0.617292582988739 -0.399152547121048 0.677958071231842 
vn -0.564222514629364 0.3670845627784729 0.7395281791687012 
vn 0.4790547788143158 -0.5575655698776245 0.677958071231842 
vn -0.44080352783203125 0.5087143778800964 0.7395281791687012 
vn 0.30848386883735657 -0.6672410368919373 0.677958071231842 
vn -0.2761932611465454 0.6138529181480408 0.7395281791687012 
vn 0.10698816180229187 -0.7272732853889465 0.677958071231842 
vn -0.09579576551914215 0.6662741899490356 0.7395281791687012 
vn -0.10325954109430313 -0.7278120517730713 0.677958071231842 
vn 0.09206315129995346 0.6668002009391785 0.7395281791687012 
vn -0.3050602376461029 -0.6688132286071777 0.677958071231842 
vn 0.2796264886856079 0.6122965812683105 0.7395281791687012 
vn -0.4819059669971466 -0.5551031231880188 0.677958071231842 
vn 0.4436453878879547 0.5062379240989685 0.7395281791687012 
vn -0.619330108165741 -0.3959837257862091 0.677958071231842 
vn 0.5662692785263062 0.3639191687107086 0.7395281791687012 
vn -0.7060908675193787 -0.2044714242219925 0.677958071231842 
vn 0.6469111442565918 0.18602164089679718 0.7395281791687012 
vn 0.8921595811843872 0.2605319917201996 0.3690181374549866 
vn 0.9294221997261047 0 0.3690181374549866 
vn 0.8921595811843872 -0.2605319917201996 0.3690181374549866 
vn 0.7833595871925354 -0.5001733303070068 0.3690181374549866 
vn 0.6060461401939392 -0.7046514749526978 0.3690181374549866 
vn 0.38422325253486633 -0.8462848663330078 0.3690181374549866 
vn 0.13159161806106567 -0.9200593829154968 0.3690181374549866 
vn -0.13159161806106567 -0.9200593829154968 0.3690181374549866 
vn -0.38422325253486633 -0.8462848663330078 0.3690181374549866 
vn -0.6060461401939392 -0.7046514749526978 0.3690181374549866 
vn -0.7833595871925354 -0.5001733303070068 0.3690181374549866 
vn -0.8921595811843872 -0.2605319917201996 0.3690181374549866 
vn -0.9294221997261047 -1.9222598231054266e-13 0.3690181374549866 
vn -0.8921595811843872 0.2605319917201996 0.3690181374549866 
vn -0.7833595871925354 0.5001733303070068 0.3690181374549866 
vn -0.6060461401939392 0.7046514749526978 0.3690181374549866 
vn -0.38422325253486633 0.8462848663330078 0.3690181374549866 
vn -0.13159161806106567 0.9200593829154968 0.3690181374549866 
vn 0.13159161806106567 0.9200593829154968 0.3690181374549866 
vn 0.38422325253486633 0.8462848663330078 0.3690181374549866 
vn 0.6060461401939392 0.7046514749526978 0.3690181374549866 
vn 0.7833595871925354 0.5001733303070068 0.3690181374549866 
vn 0.3937174081802368 0.11881783604621887 0.9115201234817505 
vn 0.41125550866127014 0 0.9115201234817505 
vn 0.3937174081802368 -0.11881783604621887 0.9115201234817505 
vn 0.346708744764328 -0.22118797898292542 0.9115201234817505 
vn 0.26801878213882446 -0.31192469596862793 0.9115201234817505 
vn 0.17332980036735535 -0.3729448616504669 0.9115201234817505 
vn 0.0581887923181057 -0.4071181118488312 0.9115201234817505 
vn -0.06191515922546387 -0.40656808018684387 0.9115201234817505 
vn -0.16990670561790466 -0.3745167553424835 0.9115201234817505 
vn -0.27086445689201355 -0.30945682525634766 0.9115201234817505 
vn -0.34466832876205444 -0.22435422241687775 0.9115201234817505 
vn -0.3947891592979431 -0.115206778049469 0.9115201234817505 
vn -0.41123825311660767 0.003766703186556697 0.9115201234817505 
vn -0.3947891592979431 0.115206778049469 0.9115201234817505 
vn -0.34466832876205444 0.22435422241687775 0.9115201234817505 
vn -0.27086445689201355 0.30945682525634766 0.9115201234817505 
vn -0.16990670561790466 0.3745167553424835 0.9115201234817505 
vn -0.06191515922546387 0.40656808018684387 0.9115201234817505 
vn 0.0581887923181057 0.4071181118488312 0.9115201234817505 
vn 0.17332980036735535 0.3729448616504669 0.9115201234817505 
vn 0.26801878213882446 0.31192469596862793 0.9115201234817505 
vn 0.346708744764328 0.22118797898292542 0.9115201234817505 
vn 0 0 1 
vn -0.0018857052782550454 0.5990361571311951 0.8007197380065918 
vn -0.2973394989967346 0.5200356841087341 0.8007197380065918 
vn 0 0 1 
vn -0.519097089767456 0.29897505044937134 0.8007197380065918 
vn -0.5990272760391235 -0.0037713919300585985 0.8007197380065918 
vn -0.519097089767456 -0.29897505044937134 0.8007197380065918 
vn -0.2973394989967346 -0.5200356841087341 0.8007197380065918 
vn -0.0018857052782550454 -0.5990361571311951 0.8007197380065918 
vn 0.3006076216697693 -0.5181534290313721 0.8007197380065918 
vn 0.5172045826911926 -0.30223721265792847 0.8007197380065918 
vn 0.5990391373634338 0 0.8007197380065918 
vn 0.5172045826911926 0.30223721265792847 0.8007197380065918 
vn 0.3006076216697693 0.5181534290313721 0.8007197380065918 
vn 0.003761886153370142 0.34245565533638 0.9395264387130737 
vn -0.669887900352478 -1.3854829826812076e-13 0.7424622178077698 
vn 0 0 1 
vn -0.6718047261238098 -0.2507529556751251 0.6969945430755615 
vn 0.003761886153370142 -0.34245565533638 0.9395264387130737 
vn -0.6697501540184021 -0.4772777259349823 0.5688942670822144 
vn 1.9993144780797861e-13 -0.6435311436653137 0.7654199600219727 
vn -0.6672877073287964 -0.6446252465248108 0.37307560443878174 
vn 0.0037714340724051 -0.8667445182800293 0.4987381398677826 
vn -0.671955406665802 -0.729351282119751 0.12854042649269104 
vn 3.0518805798490645e-13 -0.9851431250572205 0.17173540592193604 
vn -0.671955406665802 -0.729351282119751 -0.12854042649269104 
vn 3.0518805798490645e-13 -0.9851431250572205 -0.17173540592193604 
vn -0.669266402721405 -0.6425706744194031 -0.37307560443878174 
vn 0.0018883368466049433 -0.8667506575584412 -0.4987381398677826 
vn -0.6715056896209717 -0.4748045802116394 -0.5688942670822144 
vn -0.0018894483800977468 -0.6435283422470093 -0.7654199600219727 
vn -0.6715036034584045 -0.2515581250190735 -0.6969945430755615 
vn 0.0018875712994486094 -0.3424711227416992 -0.9395264387130737 
vn -0.6698772311210632 0.0037782832514494658 -0.7424622178077698 
vn -2.0682311115474694e-13 0 -1 
vn -0.6715036034584045 0.2515581250190735 -0.6969945430755615 
vn 0.0018875712994486094 0.3424711227416992 -0.9395264387130737 
vn -0.6715056896209717 0.4748045802116394 -0.5688942670822144 
vn -0.0018894483800977468 0.6435283422470093 -0.7654199600219727 
vn -0.669266402721405 0.6425706744194031 -0.37307560443878174 
vn 0.0018883368466049433 0.8667506575584412 -0.4987381398677826 
vn -0.671955406665802 0.729351282119751 -0.12854042649269104 
vn -1.0187518011258931e-13 0.9851431250572205 -0.17173540592193604 
vn -0.671955406665802 0.729351282119751 0.12854042649269104 
vn -1.0187518011258931e-13 0.9851431250572205 0.17173540592193604 
vn -0.6672877073287964 0.6446252465248108 0.37307560443878174 
vn 0.0037714340724051 0.8667445182800293 0.4987381398677826 
vn -0.6697501540184021 0.4772777259349823 0.5688942670822144 
vn -6.654855296385834e-14 0.6435311436653137 0.7654199600219727 
vn -0.6718047261238098 0.2507529556751251 0.6969945430755615 
vn -0.999997615814209 -2.0682260971124217e-13 -0.002184694167226553 
vn 0.0018875712994486094 0.3424711227416992 -0.9395264387130737 
vn 0.6715036034584045 0.2515581250190735 -0.6969945430755615 
vn -2.0682311115474694e-13 0 -1 
vn 0.669887900352478 0 -0.7424622178077698 
vn 0.0018875712994486094 -0.3424711227416992 -0.9395264387130737 
vn 0.6715036034584045 -0.2515581250190735 -0.6969945430755615 
vn -0.0018894483800977468 -0.6435283422470093 -0.7654199600219727 
vn 0.6715056896209717 -0.4748045802116394 -0.5688942670822144 
vn 0.0018883368466049433 -0.8667506575584412 -0.4987381398677826 
vn 0.669266402721405 -0.6425706744194031 -0.37307560443878174 
vn 3.0518805798490645e-13 -0.9851431250572205 -0.17173540592193604 
vn 0.6691731810569763 -0.7319047451019287 -0.12854042649269104 
vn 3.0518805798490645e-13 -0.9851431250572205 0.17173540592193604 
vn 0.6691731810569763 -0.7319047451019287 0.12854042649269104 
vn 0.0037714340724051 -0.8667445182800293 0.4987381398677826 
vn 0.6699020266532898 -0.6419079303741455 0.37307560443878174 
vn 1.9993144780797861e-13 -0.6435311436653137 0.7654199600219727 
vn 0.67193204164505 -0.4742010533809662 0.5688942670822144 
vn 0.003761886153370142 -0.34245565533638 0.9395264387130737 
vn 0.6718047261238098 -0.2507529556751251 0.6969945430755615 
vn 0 0 1 
vn 0.669887900352478 0 0.7424622178077698 
vn 0.003761886153370142 0.34245565533638 0.9395264387130737 
vn 0.6718047261238098 0.2507529556751251 0.6969945430755615 
vn -6.654855296385834e-14 0.6435311436653137 0.7654199600219727 
vn 0.67193204164505 0.4742010533809662 0.5688942670822144 
vn 0.0037714340724051 0.8667445182800293 0.4987381398677826 
vn 0.6699020266532898 0.6419079303741455 0.37307560443878174 
vn -1.0187518011258931e-13 0.9851431250572205 0.17173540592193604 
vn 0.6691731810569763 0.7319047451019287 0.12854042649269104 
vn -1.0187518011258931e-13 0.9851431250572205 -0.17173540592193604 
vn 0.6691731810569763 0.7319047451019287 -0.12854042649269104 
vn 0.0018883368466049433 0.8667506575584412 -0.4987381398677826 
vn 0.669266402721405 0.6425706744194031 -0.37307560443878174 
vn -0.0018894483800977468 0.6435283422470093 -0.7654199600219727 
vn 0.6715056896209717 0.4748045802116394 -0.5688942670822144 
vn 0.999997615814209 0 0.002184694167226553 
vn 0.0018875712994486094 0.3424711227416992 -0.9395264387130737 
vn -0.6715036034584045 0.2515581250190735 -0.6969945430755615 
vn -0.0018894483800977468 0.6435283422470093 -0.7654199600219727 
vn -0.6715056896209717 0.4748045802116394 -0.5688942670822144 
vn 0.0018883368466049433 0.8667506575584412 -0.4987381398677826 
vn -0.669266402721405 0.6425706744194031 -0.37307560443878174 
vn -1.0187518011258931e-13 0.9851431250572205 -0.17173540592193604 
vn -0.671955406665802 0.729351282119751 -0.12854042649269104 
vn -1.0187518011258931e-13 0.9851431250572205 0.17173540592193604 
vn -0.671955406665802 0.729351282119751 0.12854042649269104 
vn 0.0037714340724051 0.8667445182800293 0.4987381398677826 
vn -0.6672877073287964 0.6446252465248108 0.37307560443878174 
vn -6.654855296385834e-14 0.6435311436653137 0.7654199600219727 
vn -0.6697501540184021 0.4772777259349823 0.5688942670822144 
vn 0.003761886153370142 0.34245565533638 0.9395264387130737 
vn -0.6718047261238098 0.2507529556751251 0.6969945430755615 
vn 0 0 1 
vn -0.669887900352478 -1.3854829826812076e-13 0.7424622178077698 
vn 0.003761886153370142 -0.34245565533638 0.9395264387130737 
vn -0.6718047261238098 -0.2507529556751251 0.6969945430755615 
vn 1.9993144780797861e-13 -0.6435311436653137 0.7654199600219727 
vn -0.6697501540184021 -0.4772777259349823 0.5688942670822144 
vn 0.0037714340724051 -0.8667445182800293 0.4987381398677826 
vn -0.6672877073287964 -0.6446252465248108 0.37307560443878174 
vn 3.0518805798490645e-13 -0.9851431250572205 0.17173540592193604 
vn -0.671955406665802 -0.729351282119751 0.12854042649269104 
vn 3.0518805798490645e-13 -0.9851431250572205 -0.17173540592193604 
vn -0.671955406665802 -0.729351282119751 -0.12854042649269104 
vn 0.0018883368466049433 -0.8667506575584412 -0.4987381398677826 
vn -0.669266402721405 -0.6425706744194031 -0.37307560443878174 
vn -0.0018894483800977468 -0.6435283422470093 -0.7654199600219727 
vn -0.6715056896209717 -0.4748045802116394 -0.5688942670822144 
vn 0.0018875712994486094 -0.3424711227416992 -0.9395264387130737 
vn -0.6715036034584045 -0.2515581250190735 -0.6969945430755615 
vn -2.0682311115474694e-13 0 -1 
vn -0.6698772311210632 0.0037782832514494658 -0.7424622178077698 
vn -0.999997615814209 -2.0682260971124217e-13 0.002184694167226553 
vn -0.0018894483800977468 0.6435283422470093 -0.7654199600219727 
vn -0.6715056896209717 0.4748045802116394 -0.5688942670822144 
vn 0.0018883368466049433 0.8667506575584412 -0.4987381398677826 
vn -0.6684537529945374 0.6457516551017761 -0.3690181374549866 
vn -1.0187518011258931e-13 0.9851431250572205 -0.17173540592193604 
vn -0.671955406665802 0.729351282119751 -0.12854042649269104 
vn -1.0187518011258931e-13 0.9851431250572205 0.17173540592193604 
vn -0.671955406665802 0.729351282119751 0.12854042649269104 
vn 0.0037714340724051 0.8667445182800293 0.4987381398677826 
vn -0.6672877073287964 0.6446252465248108 0.37307560443878174 
vn -6.654855296385834e-14 0.6435311436653137 0.7654199600219727 
vn -0.6697501540184021 0.4772777259349823 0.5688942670822144 
vn 0.003761886153370142 0.34245565533638 0.9395264387130737 
vn -0.6718047261238098 0.2507529556751251 0.6969945430755615 
vn 0 0 1 
vn -0.669887900352478 -1.3854829826812076e-13 0.7424622178077698 
vn 0.003761886153370142 -0.34245565533638 0.9395264387130737 
vn -0.6718047261238098 -0.2507529556751251 0.6969945430755615 
vn 1.9993144780797861e-13 -0.6435311436653137 0.7654199600219727 
vn -0.6697501540184021 -0.4772777259349823 0.5688942670822144 
vn 0.0037714340724051 -0.8667445182800293 0.4987381398677826 
vn -0.6672877073287964 -0.6446252465248108 0.37307560443878174 
vn 3.0518805798490645e-13 -0.9851431250572205 0.17173540592193604 
vn -0.671955406665802 -0.729351282119751 0.12854042649269104 
vn 3.0518805798490645e-13 -0.9851431250572205 -0.17173540592193604 
vn -0.671955406665802 -0.729351282119751 -0.12854042649269104 
vn 0.0018883368466049433 -0.8667506575584412 -0.4987381398677826 
vn -0.669266402721405 -0.6425706744194031 -0.37307560443878174 
vn -0.0018894483800977468 -0.6435283422470093 -0.7654199600219727 
vn -0.6715056896209717 -0.4748045802116394 -0.5688942670822144 
vn 0.0018875712994486094 -0.3424711227416992 -0.9395264387130737 
vn -0.6715036034584045 -0.2515581250190735 -0.6969945430755615 
vn -2.0682311115474694e-13 0 -1 
vn -0.6698772311210632 0.0037782832514494658 -0.7424622178077698 
vn 0.0018875712994486094 0.3424711227416992 -0.9395264387130737 
vn -0.6715036034584045 0.2515581250190735 -0.6969945430755615 
vn -0.999997615814209 -2.0682260971124217e-13 0.002184694167226553 
vn 1.9993144780797861e-13 -0.6435311436653137 0.7654199600219727 
vn 0.6718047261238098 -0.2507529556751251 0.6969945430755615 
vn 0.003761886153370142 -0.34245565533638 0.9395264387130737 
vn 0.669887900352478 0 0.7424622178077698 
vn 0 0 1 
vn 0.6718047261238098 0.2507529556751251 0.6969945430755615 
vn 0.003761886153370142 0.34245565533638 0.9395264387130737 
vn 0.67193204164505 0.4742010533809662 0.5688942670822144 
vn -6.654855296385834e-14 0.6435311436653137 0.7654199600219727 
vn 0.6699020266532898 0.6419079303741455 0.37307560443878174 
vn 0.0037714340724051 0.8667445182800293 0.4987381398677826 
vn 0.6691731810569763 0.7319047451019287 0.12854042649269104 
vn -1.0187518011258931e-13 0.9851431250572205 0.17173540592193604 
vn 0.6691731810569763 0.7319047451019287 -0.12854042649269104 
vn -1.0187518011258931e-13 0.9851431250572205 -0.17173540592193604 
vn 0.669266402721405 0.6425706744194031 -0.37307560443878174 
vn 0.0018883368466049433 0.8667506575584412 -0.4987381398677826 
vn 0.6715056896209717 0.4748045802116394 -0.5688942670822144 
vn -0.0018894483800977468 0.6435283422470093 -0.7654199600219727 
vn 0.6715036034584045 0.2515581250190735 -0.6969945430755615 
vn 0.0018875712994486094 0.3424711227416992 -0.9395264387130737 
vn 0.669887900352478 0 -0.7424622178077698 
vn -2.0682311115474694e-13 0 -1 
vn 0.6715036034584045 -0.2515581250190735 -0.6969945430755615 
vn 0.0018875712994486094 -0.3424711227416992 -0.9395264387130737 
vn 0.6715056896209717 -0.4748045802116394 -0.5688942670822144 
vn -0.0018894483800977468 -0.6435283422470093 -0.7654199600219727 
vn 0.669266402721405 -0.6425706744194031 -0.37307560443878174 
vn 0.0018883368466049433 -0.8667506575584412 -0.4987381398677826 
vn 0.6691731810569763 -0.7319047451019287 -0.12854042649269104 
vn 3.0518805798490645e-13 -0.9851431250572205 -0.17173540592193604 
vn 0.6691731810569763 -0.7319047451019287 0.12854042649269104 
vn 3.0518805798490645e-13 -0.9851431250572205 0.17173540592193604 
vn 0.6699020266532898 -0.6419079303741455 0.37307560443878174 
vn 0.0037714340724051 -0.8667445182800293 0.4987381398677826 
vn 0.67193204164505 -0.4742010533809662 0.5688942670822144 
vn 0.999997615814209 0 0.002184694167226553 
vn 0.3040194809436798 0.3000103831291199 -0.9041935205459595 
vn 0.5779946446418762 -0.5779946446418762 -0.5760593414306641 
vn 0.3040194809436798 -0.3000103831291199 -0.9041935205459595 
vn -0.5779946446418762 -0.5779946446418762 -0.5760593414306641 
vn -0.3013526499271393 -0.3026890456676483 -0.9041935205459595 
vn -0.5779946446418762 0.5779946446418762 -0.5760593414306641 
vn -0.3013526499271393 0.3026890456676483 -0.9041935205459595 
vn 0.5779946446418762 0.5779946446418762 -0.5760593414306641 
vn 0.5779946446418762 0.5779946446418762 -0.5760593414306641 
vn 0.3040194809436798 0.3000103831291199 -0.9041935205459595 
vn -0.5779946446418762 0.5779946446418762 -0.5760593414306641 
vn -0.3013526499271393 0.3026890456676483 -0.9041935205459595 
vn -0.5779946446418762 -0.5779946446418762 -0.5760593414306641 
vn -0.3013526499271393 -0.3026890456676483 -0.9041935205459595 
vn 0.5779946446418762 -0.5779946446418762 -0.5760593414306641 
vn 0.3040194809436798 -0.3000103831291199 -0.9041935205459595 
vn 0.7505767345428467 -0.6506053805351257 -0.11553031951189041 
vn 0.6691731810569763 -0.7319047451019287 -0.12854042649269104 
vn 0.7472454309463501 -0.5755622982978821 -0.33219319581985474 
vn 0.669266402721405 -0.6425706744194031 -0.37307560443878174 
vn 0.7496445178985596 -0.4262629449367523 -0.5062933564186096 
vn 0.6715056896209717 -0.4748045802116394 -0.5688942670822144 
vn 0.7479668259620667 -0.2235613316297531 -0.6249527335166931 
vn 0.6715036034584045 -0.2515581250190735 -0.6969945430755615 
vn 0.7497352957725525 0 -0.661737859249115 
vn 0.669887900352478 0 -0.7424622178077698 
vn 0.7479668259620667 0.2235613316297531 -0.6249527335166931 
vn 0.6715036034584045 0.2515581250190735 -0.6969945430755615 
vn 0.7496445178985596 0.4262629449367523 -0.5062933564186096 
vn 0.6715056896209717 0.4748045802116394 -0.5688942670822144 
vn 0.7472454309463501 0.5755622982978821 -0.33219319581985474 
vn 0.669266402721405 0.6425706744194031 -0.37307560443878174 
vn 0.7505767345428467 0.6506053805351257 -0.11553031951189041 
vn 0.6691731810569763 0.7319047451019287 -0.12854042649269104 
vn 0.7505767345428467 0.6506053805351257 0.11553031951189041 
vn 0.6691731810569763 0.7319047451019287 0.12854042649269104 
vn 0.7472454309463501 0.5755622982978821 0.33219319581985474 
vn 0.6699020266532898 0.6419079303741455 0.37307560443878174 
vn 0.7499513030052185 0.42572304606437683 0.5062933564186096 
vn 0.67193204164505 0.4742010533809662 0.5688942670822144 
vn 0.7487934231758118 0.23022092878818512 0.6215357780456543 
vn 0.6718047261238098 0.2507529556751251 0.6969945430755615 
vn 0.7497352957725525 0 0.661737859249115 
vn 0.669887900352478 0 0.7424622178077698 
vn 0.7487934231758118 -0.23022092878818512 0.6215357780456543 
vn 0.6718047261238098 -0.2507529556751251 0.6969945430755615 
vn 0.7499513030052185 -0.42572304606437683 0.5062933564186096 
vn 0.67193204164505 -0.4742010533809662 0.5688942670822144 
vn 0.7472454309463501 -0.5755622982978821 0.33219319581985474 
vn 0.6699020266532898 -0.6419079303741455 0.37307560443878174 
vn 0.7505767345428467 -0.6506053805351257 0.11553031951189041 
vn 0.6691731810569763 -0.7319047451019287 0.12854042649269104 
vn -0.671955406665802 -0.729351282119751 0.12854042649269104 
vn -0.671955406665802 -0.729351282119751 -0.12854042649269104 
vn -0.669266402721405 -0.6425706744194031 -0.37307560443878174 
vn -0.6715056896209717 -0.4748045802116394 -0.5688942670822144 
vn -0.6715036034584045 -0.2515581250190735 -0.6969945430755615 
vn -0.6698772311210632 -0.0037782832514494658 -0.7424622178077698 
vn -0.6715036034584045 0.2515581250190735 -0.6969945430755615 
vn -0.6715056896209717 0.4748045802116394 -0.5688942670822144 
vn -0.669266402721405 0.6425706744194031 -0.37307560443878174 
vn -0.671955406665802 0.729351282119751 -0.12854042649269104 
vn -0.671955406665802 0.729351282119751 0.12854042649269104 
vn -0.6672877073287964 0.6446252465248108 0.37307560443878174 
vn -0.6697501540184021 0.4772777259349823 0.5688942670822144 
vn -0.6718047261238098 0.2507529556751251 0.6969945430755615 
vn -0.669887900352478 -1.3854829826812076e-13 0.7424622178077698 
vn -0.6718047261238098 -0.2507529556751251 0.6969945430755615 
vn -0.6697501540184021 -0.4772777259349823 0.5688942670822144 
vn -0.6672877073287964 -0.6446252465248108 0.37307560443878174 
vn 0.6691731810569763 -0.7319047451019287 -0.12854042649269104 
vn 0.669266402721405 -0.6425706744194031 -0.37307560443878174 
vn 0.999997615814209 0 0.002184694167226553 
vn 0.6715056896209717 -0.4748045802116394 -0.5688942670822144 
vn 0.6715036034584045 -0.2515581250190735 -0.6969945430755615 
vn 0.669887900352478 0 -0.7424622178077698 
vn 0.6715036034584045 0.2515581250190735 -0.6969945430755615 
vn 0.6715056896209717 0.4748045802116394 -0.5688942670822144 
vn 0.669266402721405 0.6425706744194031 -0.37307560443878174 
vn 0.6691731810569763 0.7319047451019287 -0.12854042649269104 
vn 0.6691731810569763 0.7319047451019287 0.12854042649269104 
vn 0.6699020266532898 0.6419079303741455 0.37307560443878174 
vn 0.67193204164505 0.4742010533809662 0.5688942670822144 
vn 0.6718047261238098 0.2507529556751251 0.6969945430755615 
vn 0.669887900352478 0 0.7424622178077698 
vn 0.6718047261238098 -0.2507529556751251 0.6969945430755615 
vn 0.67193204164505 -0.4742010533809662 0.5688942670822144 
vn 0.6699020266532898 -0.6419079303741455 0.37307560443878174 
vn 0.6691731810569763 -0.7319047451019287 0.12854042649269104 
vn -0.0018894483800977468 0.6435283422470093 -0.7654199600219727 
vn 0.6715036034584045 0.2515581250190735 -0.6969945430755615 
vn 0.0018875712994486094 0.3424711227416992 -0.9395264387130737 
vn 0.669887900352478 0 -0.7424622178077698 
vn -2.0682311115474694e-13 0 -1 
vn 0.6715036034584045 -0.2515581250190735 -0.6969945430755615 
vn 0.0018875712994486094 -0.3424711227416992 -0.9395264387130737 
vn 0.6715056896209717 -0.4748045802116394 -0.5688942670822144 
vn -0.0018894483800977468 -0.6435283422470093 -0.7654199600219727 
vn 0.669266402721405 -0.6425706744194031 -0.37307560443878174 
vn 0.0018883368466049433 -0.8667506575584412 -0.4987381398677826 
vn 0.6691731810569763 -0.7319047451019287 -0.12854042649269104 
vn 3.0518805798490645e-13 -0.9851431250572205 -0.17173540592193604 
vn 0.6691731810569763 -0.7319047451019287 0.12854042649269104 
vn 3.0518805798490645e-13 -0.9851431250572205 0.17173540592193604 
vn 0.6699020266532898 -0.6419079303741455 0.37307560443878174 
vn 0.0037714340724051 -0.8667445182800293 0.4987381398677826 
vn 0.67193204164505 -0.4742010533809662 0.5688942670822144 
vn 1.9993144780797861e-13 -0.6435311436653137 0.7654199600219727 
vn 0.6718047261238098 -0.2507529556751251 0.6969945430755615 
vn 0.003761886153370142 -0.34245565533638 0.9395264387130737 
vn 0.669887900352478 0 0.7424622178077698 
vn 0 0 1 
vn 0.6718047261238098 0.2507529556751251 0.6969945430755615 
vn 0.003761886153370142 0.34245565533638 0.9395264387130737 
vn 0.67193204164505 0.4742010533809662 0.5688942670822144 
vn -6.654855296385834e-14 0.6435311436653137 0.7654199600219727 
vn 0.6699020266532898 0.6419079303741455 0.37307560443878174 
vn 0.0037714340724051 0.8667445182800293 0.4987381398677826 
vn 0.6691731810569763 0.7319047451019287 0.12854042649269104 
vn -1.0187518011258931e-13 0.9851431250572205 0.17173540592193604 
vn 0.6691731810569763 0.7319047451019287 -0.12854042649269104 
vn -1.0187518011258931e-13 0.9851431250572205 -0.17173540592193604 
vn 0.669266402721405 0.6425706744194031 -0.37307560443878174 
vn 0.0018883368466049433 0.8667506575584412 -0.4987381398677826 
vn 0.6715056896209717 0.4748045802116394 -0.5688942670822144 
vn 0.999997615814209 0 0.002184694167226553 
vn -2.0682311115474694e-13 0 -1 
vn 0.669887900352478 0 -0.7424622178077698 
vn 0.0018875712994486094 -0.3424711227416992 -0.9395264387130737 
vn 0.6715036034584045 -0.2515581250190735 -0.6969945430755615 
vn -0.0018894483800977468 -0.6435283422470093 -0.7654199600219727 
vn 0.6715056896209717 -0.4748045802116394 -0.5688942670822144 
vn 0.0018883368466049433 -0.8667506575584412 -0.4987381398677826 
vn 0.669266402721405 -0.6425706744194031 -0.37307560443878174 
vn 3.0518805798490645e-13 -0.9851431250572205 -0.17173540592193604 
vn 0.6691731810569763 -0.7319047451019287 -0.12854042649269104 
vn 3.0518805798490645e-13 -0.9851431250572205 0.17173540592193604 
vn 0.6691731810569763 -0.7319047451019287 0.12854042649269104 
vn 0.0037714340724051 -0.8667445182800293 0.4987381398677826 
vn 0.6699020266532898 -0.6419079303741455 0.37307560443878174 
vn 1.9993144780797861e-13 -0.6435311436653137 0.7654199600219727 
vn 0.67193204164505 -0.4742010533809662 0.5688942670822144 
vn 0.003761886153370142 -0.34245565533638 0.9395264387130737 
vn 0.6718047261238098 -0.2507529556751251 0.6969945430755615 
vn 0 0 1 
vn 0.669887900352478 0 0.7424622178077698 
vn 0.003761886153370142 0.34245565533638 0.9395264387130737 
vn 0.6718047261238098 0.2507529556751251 0.6969945430755615 
vn -6.654855296385834e-14 0.6435311436653137 0.7654199600219727 
vn 0.67193204164505 0.4742010533809662 0.5688942670822144 
vn 0.0037714340724051 0.8667445182800293 0.4987381398677826 
vn 0.6699020266532898 0.6419079303741455 0.37307560443878174 
vn -1.0187518011258931e-13 0.9851431250572205 0.17173540592193604 
vn 0.6691731810569763 0.7319047451019287 0.12854042649269104 
vn -1.0187518011258931e-13 0.9851431250572205 -0.17173540592193604 
vn 0.6691731810569763 0.7319047451019287 -0.12854042649269104 
vn 0.0018883368466049433 0.8667506575584412 -0.4987381398677826 
vn 0.669266402721405 0.6425706744194031 -0.37307560443878174 
vn -0.0018894483800977468 0.6435283422470093 -0.7654199600219727 
vn 0.6715056896209717 0.4748045802116394 -0.5688942670822144 
vn 0.0018875712994486094 0.3424711227416992 -0.9395264387130737 
vn 0.6715036034584045 0.2515581250190735 -0.6969945430755615 
vn 0.999997615814209 0 0.002184694167226553 
vn 3.0518805798490645e-13 -0.9851431250572205 -0.17173540592193604 
vn -0.671955406665802 -0.729351282119751 -0.12854042649269104 
vn 0.0018883368466049433 -0.8667506575584412 -0.4987381398677826 
vn -0.669266402721405 -0.6425706744194031 -0.37307560443878174 
vn -0.0018894483800977468 -0.6435283422470093 -0.7654199600219727 
vn -0.6715056896209717 -0.4748045802116394 -0.5688942670822144 
vn 0.0018875712994486094 -0.3424711227416992 -0.9395264387130737 
vn -0.6715036034584045 -0.2515581250190735 -0.6969945430755615 
vn -2.0682311115474694e-13 0 -1 
vn -0.6698772311210632 -0.0037782832514494658 -0.7424622178077698 
vn 0.0018875712994486094 0.3424711227416992 -0.9395264387130737 
vn -0.6715036034584045 0.2515581250190735 -0.6969945430755615 
vn -0.0018894483800977468 0.6435283422470093 -0.7654199600219727 
vn -0.6715056896209717 0.4748045802116394 -0.5688942670822144 
vn 0.0018883368466049433 0.8667506575584412 -0.4987381398677826 
vn -0.669266402721405 0.6425706744194031 -0.37307560443878174 
vn -0.001887991209514439 0.9843814969062805 -0.1760382205247879 
vn -0.671955406665802 0.729351282119751 -0.12854042649269104 
vn -0.001887991209514439 0.9843814969062805 0.1760382205247879 
vn -0.671955406665802 0.729351282119751 0.12854042649269104 
vn 0.0037714340724051 0.8667445182800293 0.4987381398677826 
vn -0.6672877073287964 0.6446252465248108 0.37307560443878174 
vn -6.654855296385834e-14 0.6435311436653137 0.7654199600219727 
vn -0.6697501540184021 0.4772777259349823 0.5688942670822144 
vn 0.003761886153370142 0.34245565533638 0.9395264387130737 
vn -0.6718047261238098 0.2507529556751251 0.6969945430755615 
vn 0 0 1 
vn -0.669887900352478 -1.3854829826812076e-13 0.7424622178077698 
vn 0.003761886153370142 -0.34245565533638 0.9395264387130737 
vn -0.6691330075263977 -0.25779762864112854 0.6969945430755615 
vn 1.9993144780797861e-13 -0.6435311436653137 0.7654199600219727 
vn -0.6697501540184021 -0.4772777259349823 0.5688942670822144 
vn 0.0037714340724051 -0.8667445182800293 0.4987381398677826 
vn -0.6672877073287964 -0.6446252465248108 0.37307560443878174 
vn 3.0518805798490645e-13 -0.9851431250572205 0.17173540592193604 
vn -0.671955406665802 -0.729351282119751 0.12854042649269104 
vn -0.999997615814209 -2.0682260971124217e-13 0.002184694167226553 
vn 0.06981674581766129 -0.7775343656539917 -0.6249527335166931 
vn -0.1497841626405716 -0.695000946521759 0.7032341957092285 
vn 0.04151501506567001 -0.7656994462013245 -0.641857385635376 
vn -0.19533738493919373 -0.6962575316429138 0.6907016038894653 
vn -0.24224604666233063 -0.6845523715019226 0.6875353455543518 
vn -0.3232267498970032 -0.06716728955507278 0.9439348578453064 
vn -0.4167758524417877 -0.045066073536872864 0.9078915119171143 
vn -0.66972815990448 0.4642181992530823 0.5796254277229309 
vn -0.785000205039978 0.0414547435939312 0.6181069612503052 
vn -0.45630595088005066 0.21497087180614471 0.8634653687477112 
vn -0.7552538514137268 0.018864810466766357 0.6551609039306641 
vn -0.7583073377609253 -0.0075391498394310474 0.651853621006012 
vn -0.777246356010437 0.09788466989994049 -0.6215357780456543 
vn -0.7056143879890442 0.05657457560300827 -0.7063339352607727 
vn 0.007555617485195398 -0.7695841789245605 -0.6385006904602051 
vn -0.5333980321884155 -0.609295666217804 0.5867242813110352 
vn -0.2805054187774658 -0.7314437627792358 -0.6215357780456543 
vn -0.8614993691444397 -0.43281757831573486 0.26549527049064636 
vn -0.5744213461875916 -0.44910693168640137 -0.6843559741973877 
vn -0.7726644277572632 -0.09031151980161667 0.6283578276634216 
vn -0.794694721698761 -0.08669024705886841 -0.6007870435714722 
vn -0.7955499291419983 0.10171975940465927 -0.5972883701324463 
vn -0.18598507344722748 -0.08362608402967453 0.9789873361587524 
vn -0.21359921991825104 0.4652442932128906 0.8590245246887207 
vn -0.0413704477250576 -0.09140010923147202 0.994954526424408 
vn -0.01127947773784399 0.44271641969680786 0.8965907096862793 
vn -0.11906710267066956 0.4346652328968048 0.8926864862442017 
vn -0.12098541855812073 0.43817847967147827 0.8907088041305542 
vn -0.2349579632282257 0.44206976890563965 0.865661084651947 
vn -0.4430857300758362 -0.0823763981461525 0.8926864862442017 
vn -0.8684000968933105 -0.03015752322971821 0.4949462115764618 
vn -0.3436538577079773 -0.044927313923835754 0.9380210638046265 
vn -0.8054870963096619 0.05279441550374031 0.590256929397583 
vn -0.2904137969017029 0.4528420865535736 0.8429672718048096 
vn -0.5830133557319641 0.21041812002658844 0.7847417593002319 
vn -0.6700581312179565 0.6393731832504272 -0.37712597846984863 
vn -0.7640560865402222 0.2164679765701294 -0.607749879360199 
vn -0.6680054664611816 0.08286622166633606 -0.7395281791687012 
vn 0.08563338220119476 -0.08694939315319061 0.9925254583358765 
vn 0.5214281678199768 0.33510154485702515 0.7847417593002319 
vn 0.5341246128082275 -0.08993314951658249 0.8406086564064026 
vn 0.16222910583019257 0.14372244477272034 0.976230263710022 
vn 0.47054699063301086 -0.11926089972257614 0.87427818775177 
vn 0.47791385650634766 -0.10466475039720535 0.872148871421814 
vn 0.947878360748291 -0.09798111021518707 -0.30319350957870483 
vn 0.9134369492530823 -0.06791164726018906 -0.401274174451828 
vn -0.0037627271376550198 0.41918838024139404 0.9078915119171143 
vn -0.09679239988327026 -0.09416110068559647 0.990840494632721 
vn -0.18625375628471375 -0.05894358083605766 0.9807319641113281 
vn -0.17244002223014832 -0.022387662902474403 0.9847655892372131 
vn -0.18152524530887604 -0.018702303990721703 0.983208417892456 
vn -0.12759917974472046 0.3951430320739746 0.9097144603729248 
vn -0.1897466778755188 -0.022458000108599663 0.9815762042999268 
vn -0.12759917974472046 0.3951430320739746 0.9097144603729248 
vn -0.1354261040687561 0.9419093132019043 -0.30735430121421814 
vn 0.1616838276386261 -0.13784445822238922 0.9771679639816284 
vn 0.6239770650863647 -0.127237930893898 0.7710143327713013 
vn 0.9550647139549255 -0.030203010886907578 -0.2948545813560486 
vn 0.5951967239379883 -0.0677402913570404 0.8007197380065918 
vn 0.125958651304245 -0.07773292064666748 0.9889853596687317 
vn 0.1442098468542099 0.41457250714302063 0.8985171914100647 
vn -0.12759917974472046 0.3951430320739746 0.9097144603729248 
vn 0.14858414232730865 0.9489877223968506 -0.2781098484992981 
vn 0.14111697673797607 0.9501267671585083 -0.2781098484992981 
vn 0.4804675579071045 0.8573572039604187 -0.18463370203971863 
vn 0.943924069404602 0.3190068006515503 -0.08510008454322815 
vn 0.37074294686317444 0.015036925673484802 0.9286137819290161 
vn 0.9626627564430237 -0.05284615606069565 -0.26549527049064636 
vn -0.272491455078125 -0.08143344521522522 0.9587059020996094 
vn 0.9616897702217102 -0.08297864347696304 -0.2612801790237427 
vn 0.8944777250289917 -0.40320903062820435 -0.19321508705615997 
vn 0.4115667939186096 -0.3464374542236328 0.8429672718048096 
vn 0.5762448906898499 -0.6136385202407837 -0.5398051738739014 
vn 0.5510162711143494 -0.7911341786384583 0.26549527049064636 
vn 0.3365669250488281 -0.7915586233139038 -0.5100564956665039 
vn 0.13305406272411346 -0.7015177011489868 0.7001210451126099 
vn 0.14483943581581116 0.947070837020874 -0.2864931523799896 
vn 0.0037714340724051 -0.8667445182800293 0.4987381398677826 
vn 0.67193204164505 -0.4742010533809662 0.5688942670822144 
vn 1.9993144780797861e-13 -0.6435311436653137 0.7654199600219727 
vn 0.6718047261238098 -0.2507529556751251 0.6969945430755615 
vn 0.003761886153370142 -0.34245565533638 0.9395264387130737 
vn 0.669887900352478 0 0.7424622178077698 
vn 0 0 1 
vn 0.6718047261238098 0.2507529556751251 0.6969945430755615 
vn 0.003761886153370142 0.34245565533638 0.9395264387130737 
vn 0.67193204164505 0.4742010533809662 0.5688942670822144 
vn -6.654855296385834e-14 0.6435311436653137 0.7654199600219727 
vn 0.6699020266532898 0.6419079303741455 0.37307560443878174 
vn 0.0037714340724051 0.8667445182800293 0.4987381398677826 
vn 0.6691731810569763 0.7319047451019287 0.12854042649269104 
vn -1.0187518011258931e-13 0.9851431250572205 0.17173540592193604 
vn 0.6691731810569763 0.7319047451019287 -0.12854042649269104 
vn -1.0187518011258931e-13 0.9851431250572205 -0.17173540592193604 
vn 0.6710726618766785 0.6430296301841736 -0.3690181374549866 
vn 0.0018883368466049433 0.8667506575584412 -0.4987381398677826 
vn 0.6715056896209717 0.4748045802116394 -0.5688942670822144 
vn -0.0018894483800977468 0.6435283422470093 -0.7654199600219727 
vn 0.6715036034584045 0.2515581250190735 -0.6969945430755615 
vn 0.0018875712994486094 0.3424711227416992 -0.9395264387130737 
vn 0.669887900352478 0 -0.7424622178077698 
vn -2.0682311115474694e-13 0 -1 
vn 0.6715036034584045 -0.2515581250190735 -0.6969945430755615 
vn 0.0018875712994486094 -0.3424711227416992 -0.9395264387130737 
vn 0.6715056896209717 -0.4748045802116394 -0.5688942670822144 
vn -0.0018894483800977468 -0.6435283422470093 -0.7654199600219727 
vn 0.669266402721405 -0.6425706744194031 -0.37307560443878174 
vn 0.0018883368466049433 -0.8667506575584412 -0.4987381398677826 
vn 0.6691731810569763 -0.7319047451019287 -0.12854042649269104 
vn 3.0518805798490645e-13 -0.9851431250572205 -0.17173540592193604 
vn 0.6691731810569763 -0.7319047451019287 0.12854042649269104 
vn 3.0518805798490645e-13 -0.9851431250572205 0.17173540592193604 
vn 0.6699020266532898 -0.6419079303741455 0.37307560443878174 
vn 0.999997615814209 0 0.002184694167226553 
vn 0.0037714340724051 0.8667445182800293 0.4987381398677826 
vn 0.6691731810569763 0.7319047451019287 0.12854042649269104 
vn -1.0187518011258931e-13 0.9851431250572205 0.17173540592193604 
vn 0.6691731810569763 0.7319047451019287 -0.12854042649269104 
vn -1.0187518011258931e-13 0.9851431250572205 -0.17173540592193604 
vn 0.6710726618766785 0.6430296301841736 -0.3690181374549866 
vn 0.0018883368466049433 0.8667506575584412 -0.4987381398677826 
vn 0.6715056896209717 0.4748045802116394 -0.5688942670822144 
vn -0.0018894483800977468 0.6435283422470093 -0.7654199600219727 
vn 0.6715036034584045 0.2515581250190735 -0.6969945430755615 
vn 0.0018875712994486094 0.3424711227416992 -0.9395264387130737 
vn 0.669887900352478 0 -0.7424622178077698 
vn -2.0682311115474694e-13 0 -1 
vn 0.6715036034584045 -0.2515581250190735 -0.6969945430755615 
vn 0.0018875712994486094 -0.3424711227416992 -0.9395264387130737 
vn 0.6715056896209717 -0.4748045802116394 -0.5688942670822144 
vn -0.0018894483800977468 -0.6435283422470093 -0.7654199600219727 
vn 0.669266402721405 -0.6425706744194031 -0.37307560443878174 
vn 0.0018883368466049433 -0.8667506575584412 -0.4987381398677826 
vn 0.6691731810569763 -0.7319047451019287 -0.12854042649269104 
vn 3.0518805798490645e-13 -0.9851431250572205 -0.17173540592193604 
vn 0.6691731810569763 -0.7319047451019287 0.12854042649269104 
vn 3.0518805798490645e-13 -0.9851431250572205 0.17173540592193604 
vn 0.6699020266532898 -0.6419079303741455 0.37307560443878174 
vn 0.0037714340724051 -0.8667445182800293 0.4987381398677826 
vn 0.67193204164505 -0.4742010533809662 0.5688942670822144 
vn 1.9993144780797861e-13 -0.6435311436653137 0.7654199600219727 
vn 0.6718047261238098 -0.2507529556751251 0.6969945430755615 
vn 0.003761886153370142 -0.34245565533638 0.9395264387130737 
vn 0.669887900352478 0 0.7424622178077698 
vn 0 0 1 
vn 0.6718047261238098 0.2507529556751251 0.6969945430755615 
vn 0.003761886153370142 0.34245565533638 0.9395264387130737 
vn 0.67193204164505 0.4742010533809662 0.5688942670822144 
vn -6.654855296385834e-14 0.6435311436653137 0.7654199600219727 
vn 0.6699020266532898 0.6419079303741455 0.37307560443878174 
vn 0.999997615814209 0 0.002184694167226553 
vn -0.519097089767456 -0.29897505044937134 0.8007197380065918 
vn -0.2973394989967346 -0.5200356841087341 0.8007197380065918 
vn 0 0 1 
vn -0.0018857052782550454 -0.5990361571311951 0.8007197380065918 
vn 0.3006076216697693 -0.5181534290313721 0.8007197380065918 
vn 0.5172045826911926 -0.30223721265792847 0.8007197380065918 
vn 0.5990391373634338 0 0.8007197380065918 
vn 0.5172045826911926 0.30223721265792847 0.8007197380065918 
vn 0.3006076216697693 0.5181534290313721 0.8007197380065918 
vn -0.0018857052782550454 0.5990361571311951 0.8007197380065918 
vn -0.2973394989967346 0.5200356841087341 0.8007197380065918 
vn -0.519097089767456 0.29897505044937134 0.8007197380065918 
vn -0.5990272760391235 0.0037713919300585985 0.8007197380065918 
vn -0.5779946446418762 -0.5779946446418762 -0.5760593414306641 
vn -0.6298762559890747 0.6138617396354675 0.4758462607860565 
vn -0.5779946446418762 0.5779946446418762 -0.5760593414306641 
vn 0.6298762559890747 0.6138617396354675 0.4758462607860565 
vn 0.5779946446418762 0.5779946446418762 -0.5760593414306641 
vn 0.6298762559890747 -0.6138617396354675 0.4758462607860565 
vn 0.5779946446418762 -0.5779946446418762 -0.5760593414306641 
vn -0.6298762559890747 -0.6138617396354675 0.4758462607860565 
vn -0.1373700052499771 0.2679501175880432 0.953589141368866 
vn 0.1373700052499771 0.2679501175880432 0.953589141368866 
vn 0.1373700052499771 -0.2679501175880432 0.953589141368866 
vn -0.1373700052499771 -0.2679501175880432 0.953589141368866 
vn 0.6691731810569763 -0.7319047451019287 0.12854042649269104 
vn 0.6691731810569763 -0.7319047451019287 -0.12854042649269104 
vn 0.999997615814209 0 0.002184694167226553 
vn 0.669266402721405 -0.6425706744194031 -0.37307560443878174 
vn 0.6715056896209717 -0.4748045802116394 -0.5688942670822144 
vn 0.6715036034584045 -0.2515581250190735 -0.6969945430755615 
vn 0.669887900352478 0 -0.7424622178077698 
vn 0.6715036034584045 0.2515581250190735 -0.6969945430755615 
vn 0.6715056896209717 0.4748045802116394 -0.5688942670822144 
vn 0.669266402721405 0.6425706744194031 -0.37307560443878174 
vn 0.6691731810569763 0.7319047451019287 -0.12854042649269104 
vn 0.6691731810569763 0.7319047451019287 0.12854042649269104 
vn 0.6699020266532898 0.6419079303741455 0.37307560443878174 
vn 0.67193204164505 0.4742010533809662 0.5688942670822144 
vn 0.6718047261238098 0.2507529556751251 0.6969945430755615 
vn 0.669887900352478 0 0.7424622178077698 
vn 0.6718047261238098 -0.2507529556751251 0.6969945430755615 
vn 0.67193204164505 -0.4742010533809662 0.5688942670822144 
vn 0.6699020266532898 -0.6419079303741455 0.37307560443878174 
vn -0.5779946446418762 0.5779946446418762 -0.5760593414306641 
vn -0.6298762559890747 0.6138617396354675 0.4758462607860565 
vn 0.5779946446418762 0.5779946446418762 -0.5760593414306641 
vn 0.6298762559890747 0.6138617396354675 0.4758462607860565 
vn 0.5779946446418762 -0.5779946446418762 -0.5760593414306641 
vn 0.6298762559890747 -0.6138617396354675 0.4758462607860565 
vn -0.5779946446418762 -0.5779946446418762 -0.5760593414306641 
vn -0.6298762559890747 -0.6138617396354675 0.4758462607860565 
vn -0.1373700052499771 -0.2679501175880432 0.953589141368866 
vn -0.1373700052499771 0.2679501175880432 0.953589141368866 
vn 0.1373700052499771 0.2679501175880432 0.953589141368866 
vn 0.1373700052499771 -0.2679501175880432 0.953589141368866 
vn 1.9993144780797861e-13 -0.6435311436653137 0.7654199600219727 
vn -0.6672877073287964 -0.6446252465248108 0.37307560443878174 
vn 0.0037714340724051 -0.8667445182800293 0.4987381398677826 
vn -0.671955406665802 -0.729351282119751 0.12854042649269104 
vn 3.0518805798490645e-13 -0.9851431250572205 0.17173540592193604 
vn -0.671955406665802 -0.729351282119751 -0.12854042649269104 
vn 3.0518805798490645e-13 -0.9851431250572205 -0.17173540592193604 
vn -0.669266402721405 -0.6425706744194031 -0.37307560443878174 
vn 0.0018883368466049433 -0.8667506575584412 -0.4987381398677826 
vn -0.6715056896209717 -0.4748045802116394 -0.5688942670822144 
vn -0.0018894483800977468 -0.6435283422470093 -0.7654199600219727 
vn -0.6715036034584045 -0.2515581250190735 -0.6969945430755615 
vn 0.0018875712994486094 -0.3424711227416992 -0.9395264387130737 
vn -0.6698772311210632 0.0037782832514494658 -0.7424622178077698 
vn -2.0682311115474694e-13 0 -1 
vn -0.6715036034584045 0.2515581250190735 -0.6969945430755615 
vn 0.0018875712994486094 0.3424711227416992 -0.9395264387130737 
vn -0.6715056896209717 0.4748045802116394 -0.5688942670822144 
vn -0.0018894483800977468 0.6435283422470093 -0.7654199600219727 
vn -0.669266402721405 0.6425706744194031 -0.37307560443878174 
vn 0.0018883368466049433 0.8667506575584412 -0.4987381398677826 
vn -0.671955406665802 0.729351282119751 -0.12854042649269104 
vn -1.0187518011258931e-13 0.9851431250572205 -0.17173540592193604 
vn -0.671955406665802 0.729351282119751 0.12854042649269104 
vn -1.0187518011258931e-13 0.9851431250572205 0.17173540592193604 
vn -0.6672877073287964 0.6446252465248108 0.37307560443878174 
vn 0.0037714340724051 0.8667445182800293 0.4987381398677826 
vn -0.6697501540184021 0.4772777259349823 0.5688942670822144 
vn -6.654855296385834e-14 0.6435311436653137 0.7654199600219727 
vn -0.6718047261238098 0.2507529556751251 0.6969945430755615 
vn 0.003761886153370142 0.34245565533638 0.9395264387130737 
vn -0.669887900352478 -1.3854829826812076e-13 0.7424622178077698 
vn 0 0 1 
vn -0.6718047261238098 -0.2507529556751251 0.6969945430755615 
vn 0.003761886153370142 -0.34245565533638 0.9395264387130737 
vn -0.6697501540184021 -0.4772777259349823 0.5688942670822144 
vn -0.999997615814209 -2.0682260971124217e-13 0.002184694167226553 
vn 0.16792422533035278 0.1626255363225937 0.9722933769226074 
vn 0.3907840847969055 0.4400120973587036 0.8085030317306519 
vn 0.16792422533035278 -0.1626255363225937 0.9722933769226074 
vn 0.3907840847969055 -0.4400120973587036 0.8085030317306519 
vn -0.16792422533035278 -0.1626255363225937 0.9722933769226074 
vn -0.3879607617855072 -0.4425034523010254 0.8085030317306519 
vn -0.16792422533035278 0.1626255363225937 0.9722933769226074 
vn -0.3879607617855072 0.4425034523010254 0.8085030317306519 
vn -0.3013526499271393 -0.3026890456676483 -0.9041935205459595 
vn -0.5779946446418762 0.5779946446418762 -0.5760593414306641 
vn -0.3013526499271393 0.3026890456676483 -0.9041935205459595 
vn 0.5779946446418762 0.5779946446418762 -0.5760593414306641 
vn 0.3040194809436798 0.3000103831291199 -0.9041935205459595 
vn 0.5779946446418762 -0.5779946446418762 -0.5760593414306641 
vn 0.3040194809436798 -0.3000103831291199 -0.9041935205459595 
vn -0.5779946446418762 -0.5779946446418762 -0.5760593414306641 
vn 0.5779946446418762 0.5779946446418762 -0.5760593414306641 
vn 0.6298762559890747 0.6138617396354675 0.4758462607860565 
vn 0.5779946446418762 -0.5779946446418762 -0.5760593414306641 
vn 0.6298762559890747 -0.6138617396354675 0.4758462607860565 
vn -0.5779946446418762 -0.5779946446418762 -0.5760593414306641 
vn -0.6298762559890747 -0.6138617396354675 0.4758462607860565 
vn -0.5779946446418762 0.5779946446418762 -0.5760593414306641 
vn -0.6298762559890747 0.6138617396354675 0.4758462607860565 
vn -0.1373700052499771 0.2679501175880432 0.953589141368866 
vn 0.1373700052499771 0.2679501175880432 0.953589141368866 
vn 0.1373700052499771 -0.2679501175880432 0.953589141368866 
vn -0.1373700052499771 -0.2679501175880432 0.953589141368866 
vn 0.5779946446418762 0.5779946446418762 -0.5760593414306641 
vn 0.6298762559890747 -0.6138617396354675 0.4758462607860565 
vn 0.5779946446418762 -0.5779946446418762 -0.5760593414306641 
vn -0.6298762559890747 -0.6138617396354675 0.4758462607860565 
vn -0.5779946446418762 -0.5779946446418762 -0.5760593414306641 
vn -0.6298762559890747 0.6138617396354675 0.4758462607860565 
vn -0.5779946446418762 0.5779946446418762 -0.5760593414306641 
vn 0.6298762559890747 0.6138617396354675 0.4758462607860565 
vn 0.1373700052499771 -0.2679501175880432 0.953589141368866 
vn -0.1373700052499771 -0.2679501175880432 0.953589141368866 
vn -0.1373700052499771 0.2679501175880432 0.953589141368866 
vn 0.1373700052499771 0.2679501175880432 0.953589141368866 
vn -0.7071051001548767 -0.7071051001548767 0.002184694167226553 
vn 0.999997615814209 0 0.002184694167226553 
vn 0.999997615814209 0 0.002184694167226553 
vn 0.999997615814209 0 0.002184694167226553 
vn 0.999997615814209 0 0.002184694167226553 
vn 0.999997615814209 0 -0.002184694167226553 
vn 0.999997615814209 0 0.002184694167226553 
vn -0.38268253207206726 0.9238772988319397 0.002184694167226553 
vn 0.7071051001548767 0.7071051001548767 -0.002184694167226553 
vn -0.7071051001548767 -0.7071051001548767 0.002184694167226553 
vn 0.7078787684440613 0 0.7063339352607727 
vn 0.7078787684440613 0 0.7063339352607727 
vn -0.3416246771812439 0.30574479699134827 0.888714075088501 
vn -0.3416246771812439 0.30574479699134827 0.888714075088501 
vn 0.2205743044614792 -0.9373398423194885 0.26970529556274414 
vn -0.5779946446418762 0.5779946446418762 -0.5760593414306641 
vn 0.5779946446418762 -0.5779946446418762 -0.5760593414306641 
vn 0.3391053080558777 0.30853667855262756 0.888714075088501 
vn 0.999997615814209 0 0.002184694167226553 
vn 0.3391053080558777 0.30853667855262756 0.888714075088501 
vn 0.999997615814209 0 0.002184694167226553 
vn 0.3391053080558777 0.30853667855262756 0.888714075088501 
vn 0.999997615814209 0 -0.002184694167226553 
vn 0.3391053080558777 0.30853667855262756 0.888714075088501 
vn 0.999997615814209 0 0.002184694167226553 
vn 0.7071051001548767 -0.7071051001548767 0.002184694167226553 
vn 0.7071051001548767 -0.7071051001548767 0.002184694167226553 
vn 0.5947492718696594 -0.6507614850997925 0.4719987213611603 
vn -0.7071051001548767 -0.7071051001548767 0.002184694167226553 
vn 0.5947492718696594 -0.6507614850997925 0.4719987213611603 
vn -0.5759913921356201 -0.5799909830093384 0.5760593414306641 
vn 0.7071051001548767 0.7071051001548767 0.002184694167226553 
vn 0.7071051001548767 0.7071051001548767 0.002184694167226553 
vn -0.5759913921356201 0.5799909830093384 0.5760593414306641 
vn 0.3965924084186554 0.9179922342300415 0.002184694167226553 
vn 0.3965924084186554 0.9179922342300415 0.002184694167226553 
vn -0.2205743044614792 -0.9373398423194885 0.26970529556274414 
vn -0.3237452805042267 -0.4250180125236511 -0.8453097939491272 
vn 0.5779946446418762 0.5779946446418762 -0.5760593414306641 
vn -0.5779946446418762 -0.5779946446418762 -0.5760593414306641 
vn -0.36409705877304077 -0.25892049074172974 -0.8946471214294434 
vn 0.2295708805322647 -0.6430087685585022 -0.7306414246559143 
vn -0.7876030802726746 0.20908309519290924 -0.5796254277229309 
vn 0.0320589654147625 0.8411793112754822 0.5398051738739014 
vn -0.5254152417182922 0.3352224826812744 0.7820260524749756 
vt 0.9209027290344238 0.9385534524917603 
vt 0.9608665704727173 0.7730822563171387 
vt 0.9297971129417419 0.9487963318824768 
vt 0.9721977710723877 0.7740577459335327 
vt 0.9948602318763733 0.7771062254905701 
vt 0.9703701734542847 0.7427194118499756 
vt 0.995225727558136 0.7425974607467651 
vt 0.9712230563163757 0.6360228061676025 
vt 0.9959567785263062 0.6365105509757996 
vt 0.973659873008728 0.6048064231872559 
vt 0.996200442314148 0.602367639541626 
vt 0.9600136876106262 0.42640966176986694 
vt 0.958429753780365 0.7382076978683472 
vt 0.9591608047485352 0.6402906775474548 
vt 0.9624505043029785 0.6054161190986633 
vt 0.927847683429718 0.44055458903312683 
vt 0.9369857311248779 0.4310433268547058 
vt 0.7315617799758911 0.5171322822570801 
vt 0.7444769740104675 0.5223756432533264 
vt 0.7266881465911865 0.5310333371162415 
vt 0.7398470044136047 0.5354230999946594 
vt 0.7225455641746521 0.5448124408721924 
vt 0.7355825304985046 0.5483486652374268 
vt 0.7193776965141296 0.5585915446281433 
vt 0.7322928309440613 0.5612741708755493 
vt 0.7170627117156982 0.5722486972808838 
vt 0.7299778461456299 0.5740777850151062 
vt 0.7156006097793579 0.5857838988304138 
vt 0.7285158038139343 0.5868813991546631 
vt 0.7149914503097534 0.5994411110877991 
vt 0.7277847528457642 0.5996849536895752 
vt 0.7151132822036743 0.6129763126373291 
vt 0.728028416633606 0.6123666167259216 
vt 0.7160879969596863 0.6266334652900696 
vt 0.7290031313896179 0.6251702308654785 
vt 0.7179155945777893 0.6402906775474548 
vt 0.7308307886123657 0.6380957365036011 
vt 0.7205961346626282 0.6540697813034058 
vt 0.7336331009864807 0.6510213017463684 
vt 0.7241294980049133 0.6679708361625671 
vt 0.7372883558273315 0.6641907095909119 
vt 0.7283939123153687 0.6818718314170837 
vt 0.741430938243866 0.6771162152290344 
vt 0.7467919588088989 0.5376180410385132 
vt 0.742283821105957 0.5501777529716492 
vt 0.7389941215515137 0.5626155138015747 
vt 0.7366791367530823 0.5749313831329346 
vt 0.735095202922821 0.5872471928596497 
vt 0.7344859838485718 0.5995630621910095 
vt 0.7346078157424927 0.6118788719177246 
vt 0.7357044219970703 0.6243166327476501 
vt 0.7375320196151733 0.63663250207901 
vt 0.7403343319892883 0.6490702629089355 
vt 0.744233250617981 0.6618738770484924 
vt 0.7493506073951721 0.6757749319076538 
vt 0.7448424696922302 0.5510312914848328 
vt 0.7415527701377869 0.5632252097129822 
vt 0.7391159534454346 0.5752971768379211 
vt 0.7376538515090942 0.5874910950660706 
vt 0.737044632434845 0.5996849536895752 
vt 0.7371664643287659 0.6117569208145142 
vt 0.7381412386894226 0.6239508390426636 
vt 0.7400906682014465 0.636144757270813 
vt 0.7428930401802063 0.6484605669975281 
vt 0.7467919588088989 0.6610202789306641 
vt 0.7528839707374573 0.674311637878418 
vt 0.7582449913024902 0.5556650161743164 
vt 0.7549552917480469 0.5666394829750061 
vt 0.7526403069496155 0.577735960483551 
vt 0.7511782050132751 0.5888323783874512 
vt 0.7505689859390259 0.6000508069992065 
vt 0.7508127093315125 0.6111472249031067 
vt 0.7517874240875244 0.6223656535148621 
vt 0.7537368535995483 0.6334620714187622 
vt 0.7565392255783081 0.6444365978240967 
vt 0.7605599761009216 0.6552891731262207 
vt 0.7659209966659546 0.6656539440155029 
vt 0.7627531290054321 0.5449343323707581 
vt 0.7493506073951721 0.5385935306549072 
vt 0.7686014771461487 0.5346915125846863 
vt 0.7558081746101379 0.5254241228103638 
vt 0.7525184750556946 0.5238389372825623 
vt 0.4519367218017578 0.7005285024642944 
vt 0.46777603030204773 0.7007724046707153 
vt 0.45144933462142944 0.7254040837287903 
vt 0.46741050481796265 0.7256479859352112 
vt 0.5057904124259949 0.7262576818466187 
vt 0.5061559677124023 0.7013821005821228 
vt 0.5312551856040955 0.7267454266548157 
vt 0.5317425727844238 0.7018698453903198 
vt 0.5394185781478882 0.7188193798065186 
vt 0.5395404100418091 0.7099178433418274 
vt 0.5531865954399109 0.7174780368804932 
vt 0.5531865954399109 0.7116249799728394 
vt 0.5590349435806274 0.7174780368804932 
vt 0.5590349435806274 0.7117469310760498 
vt 0.5725592970848083 0.7190632820129395 
vt 0.5725592970848083 0.710283637046814 
vt 0.5803571343421936 0.7269892692565918 
vt 0.5804789662361145 0.7024795413017273 
vt 0.597049355506897 0.7269892692565918 
vt 0.5971711874008179 0.7026014924049377 
vt 0.618493378162384 0.7271112203598022 
vt 0.6186152100563049 0.7026014924049377 
vt 0.627631425857544 0.7027234435081482 
vt 0.4529114365577698 0.7256479859352112 
vt 0.468872606754303 0.7260137796401978 
vt 0.4523022472858429 0.7505235075950623 
vt 0.4681415557861328 0.7508893609046936 
vt 0.506521463394165 0.7518648505210876 
vt 0.5071306824684143 0.7269892692565918 
vt 0.5319862365722656 0.7524745464324951 
vt 0.5325954556465149 0.7277209162712097 
vt 0.5400277376174927 0.7446704506874084 
vt 0.5402714610099792 0.7357689142227173 
vt 0.5537958145141602 0.7434510588645935 
vt 0.553917646408081 0.7377198934555054 
vt 0.5596441626548767 0.743573009967804 
vt 0.5597659945487976 0.7377198934555054 
vt 0.5732903480529785 0.7451581954956055 
vt 0.5734121799468994 0.7363786101341248 
vt 0.5810881853103638 0.7530842423439026 
vt 0.5813318490982056 0.7285745143890381 
vt 0.5977804064750671 0.753206193447113 
vt 0.5980240702629089 0.7286964058876038 
vt 0.6193462610244751 0.7533280849456787 
vt 0.619468092918396 0.7288183569908142 
vt 0.6286061406135559 0.7289403080940247 
vt 0.9412501454353333 0.5271312594413757 
vt 0.9424685835838318 0.5322527289390564 
vt 0.9289442300796509 0.5285945534706116 
vt 0.9308936595916748 0.5365205407142639 
vt 0.9204153418540955 0.5233511328697205 
vt 0.9255326986312866 0.5450562834739685 
vt 0.9017736911773682 0.510181725025177 
vt 0.9109117388725281 0.5484706163406372 
vt 0.8970218896865845 0.5517629384994507 
vt 0.9012863039970398 0.5698099136352539 
vt 0.8919045329093933 0.5300577878952026 
vt 0.8939758539199829 0.4768924117088318 
vt 0.5467290282249451 0.6593131422996521 
vt 0.5466071963310242 0.6545575261116028 
vt 0.5578165650367737 0.6601667404174805 
vt 0.5575728416442871 0.6529723405838013 
vt 0.5643959641456604 0.6662636399269104 
vt 0.5636649131774902 0.6463876366615295 
vt 0.5779203176498413 0.6657758951187134 
vt 0.5765800476074219 0.6305355429649353 
vt 0.589860737323761 0.6454120874404907 
vt 0.5881549715995789 0.5994411110877991 
vt 0.5905917882919312 0.6652881503105164 
vt 0.5837686657905579 0.6821157336235046 
vt 0.87947678565979 0.47408780455589294 
vt 0.8782583475112915 0.46896636486053467 
vt 0.8917827010154724 0.4726245403289795 
vt 0.8898332715034485 0.4646984934806824 
vt 0.9003115892410278 0.47786790132522583 
vt 0.8950724005699158 0.45616278052330017 
vt 0.9189532399177551 0.4909153878688812 
vt 0.9098151922225952 0.4526265263557434 
vt 0.9235832095146179 0.44933417439460754 
vt 0.9191969633102417 0.4312871992588043 
vt 0.92882239818573 0.47091737389564514 
vt 0.9269947409629822 0.5242047309875488 
vt 0.25626006722450256 0.839417040348053 
vt 0.24894960224628448 0.8396609425544739 
vt 0.2558945417404175 0.8228333592414856 
vt 0.24310123920440674 0.8231991529464722 
vt 0.2552853226661682 0.80295729637146 
vt 0.24224835634231567 0.7879588007926941 
vt 0.25418877601623535 0.7569862604141235 
vt 0.2415173053741455 0.7573521137237549 
vt 0.22908952832221985 0.8035669922828674 
vt 0.22969873249530792 0.8235649466514587 
vt 0.22299747169017792 0.8101516962051392 
vt 0.22311931848526 0.8173460960388184 
vt 0.2120317816734314 0.8116149306297302 
vt 0.2121536284685135 0.8163705468177795 
vt 0.2026500254869461 0.8790472149848938 
vt 0.202528178691864 0.8924605250358582 
vt 0.1935119479894638 0.8789252638816833 
vt 0.1933901160955429 0.8923385739326477 
vt 0.1823025792837143 0.8788033723831177 
vt 0.1821807324886322 0.8922166228294373 
vt 0.1730426549911499 0.8786814212799072 
vt 0.172920823097229 0.8920946717262268 
vt 0.16292986273765564 0.8785594701766968 
vt 0.16268618404865265 0.8919727802276611 
vt 0.15976199507713318 0.8747793436050415 
vt 0.1595183163881302 0.8957528471946716 
vt 0.1501365602016449 0.874657392501831 
vt 0.1498928666114807 0.8956308960914612 
vt 0.1043243408203125 0.8397828340530396 
vt 0.10127831250429153 0.8427094221115112 
vt 0.10140015184879303 0.8368563055992126 
vt 0.09494258463382721 0.8401486873626709 
vt 0.09421153366565704 0.8284425139427185 
vt 0.08336768299341202 0.82636958360672 
vt 0.10188751667737961 0.8525864481925964 
vt 0.0951862633228302 0.8560007214546204 
vt 0.08275847882032394 0.8395389914512634 
vt 0.08251480013132095 0.8552691340446472 
vt 0.079225093126297 0.8390512466430664 
vt 0.0791032537817955 0.8557568788528442 
vt 0.07118358463048935 0.8388073444366455 
vt 0.07118358463048935 0.8557568788528442 
vt 0.07167094945907593 0.8234430551528931 
vt 0.08007797598838806 0.8236868977546692 
vt 0.2072799801826477 0.896118700504303 
vt 0.2076455056667328 0.8751451969146729 
vt 0.216905415058136 0.8962405920028687 
vt 0.21714910864830017 0.875389039516449 
vt 0.22007328271865845 0.8925824761390686 
vt 0.22031697630882263 0.8791691660881042 
vt 0.230307936668396 0.8927043676376343 
vt 0.230551615357399 0.8792911171913147 
vt 0.2395678460597992 0.8928263187408447 
vt 0.23981152474880219 0.8794130086898804 
vt 0.2507772147655487 0.8929482698440552 
vt 0.2508990466594696 0.8795349597930908 
vt 0.259915292263031 0.8930702209472656 
vt 0.2601589858531952 0.8796569108963013 
vt 0.20447763800621033 0.8312471508979797 
vt 0.20459948480129242 0.83990478515625 
vt 0.19728901982307434 0.8313690423965454 
vt 0.1981419026851654 0.8430752158164978 
vt 0.1865670084953308 0.8292961120605469 
vt 0.18595780432224274 0.8424655199050903 
vt 0.18327730894088745 0.8266134262084961 
vt 0.1824244260787964 0.8420997262001038 
vt 0.17474843561649323 0.82636958360672 
vt 0.17438291013240814 0.8418558239936829 
vt 0.1982637494802475 0.8590492010116577 
vt 0.18571412563323975 0.8583176136016846 
vt 0.1821807324886322 0.8588053584098816 
vt 0.17438291013240814 0.8588053584098816 
vt 0.19631429016590118 0.8728283047676086 
vt 0.18510492146015167 0.8706334233283997 
vt 0.1819370537996292 0.87319415807724 
vt 0.17413923144340515 0.8730722069740295 
vt 0.2050868421792984 0.873681902885437 
vt 0.20606157183647156 0.8630732297897339 
vt 0.2093512862920761 0.8588053584098816 
vt 0.2050868421792984 0.8555129766464233 
vt 0.20447763800621033 0.8457579016685486 
vt 0.2075236588716507 0.8428313136100769 
vt 0.3877265155315399 0.014133893884718418 
vt 0.31401270627975464 0.012670625932514668 
vt 0.3878483474254608 0.0023058110382407904 
vt 0.31413453817367554 0.0018180550541728735 
vt 0.49506843090057373 0.003159384010359645 
vt 0.49007293581962585 0.014011954888701439 
vt 0.39418408274650574 0.0023058110382407904 
vt 0.38906675577163696 0.013524198904633522 
vt 0.040114130824804306 0.06973807513713837 
vt 0.051567185670137405 0.007305310107767582 
vt 0.04754643142223358 0.06827481091022491 
vt 0.059365008026361465 0.005842042155563831 
vt 0.010628608986735344 0.6544355750083923 
vt 0.005389445926994085 0.4339698851108551 
vt 0.023421913385391235 0.6541917324066162 
vt 0.01806090958416462 0.43360406160354614 
vt 0.005023922771215439 0.4215320944786072 
vt 0.01781722716987133 0.4211662709712982 
vt 0.12649939954280853 0.4186055660247803 
vt 0.12674307823181152 0.4310433268547058 
vt 0.19192801415920258 0.41702035069465637 
vt 0.19217169284820557 0.4294581413269043 
vt 0.24760934710502625 0.415679007768631 
vt 0.24748751521110535 0.42750710248947144 
vt 0.26539814472198486 0.4292142391204834 
vt 0.23895864188671112 0.6684585809707642 
vt 0.26564180850982666 0.4159229099750519 
vt 0.468385249376297 0.42555609345436096 
vt 0.46728867292404175 0.4388474225997925 
vt 0.4862958788871765 0.4270193576812744 
vt 0.48532113432884216 0.4387255012989044 
vt 0.5402714610099792 0.4459199011325836 
vt 0.5417335033416748 0.43360406160354614 
vt 0.6053345203399658 0.4537239968776703 
vt 0.6067966222763062 0.44128620624542236 
vt 0.7135293483734131 0.4665275812149048 
vt 0.7149914503097534 0.45408982038497925 
vt 0.7276629209518433 0.45567500591278076 
vt 0.7262008190155029 0.46799084544181824 
vt 0.7006142139434814 0.683944821357727 
vt 0.6879427433013916 0.6824815273284912 
vt 0.1983855962753296 0.7365005016326904 
vt 0.1982637494802475 0.7523525953292847 
vt 0.1799875944852829 0.7362566590309143 
vt 0.179865762591362 0.7521086931228638 
vt 0.17353002727031708 0.7521086931228638 
vt 0.17365187406539917 0.7362566590309143 
vt 0.08214927464723587 0.7354030609130859 
vt 0.1135842576622963 0.5744435787200928 
vt 0.10956349968910217 0.5750532746315002 
vt 0.11382793635129929 0.5610303282737732 
vt 0.10992902517318726 0.5606644749641418 
vt 0.11102559417486191 0.5568844079971313 
vt 0.04986141249537468 0.5342037081718445 
vt 0.0493740476667881 0.5382277369499207 
vt 0.047424592077732086 0.5867594480514526 
vt 0.048643000423908234 0.5879788398742676 
vt 0.05266375467181206 0.5873691439628601 
vt 0.048399318009614944 0.6013920903205872 
vt 0.052298229187726974 0.6017579436302185 
vt 0.05120166018605232 0.6055380702018738 
vt 0.11248768866062164 0.6278528571128845 
vt 0.11297504603862762 0.6239508390426636 
vt 0.11468082666397095 0.5752971768379211 
vt 0.2991480827331543 0.5353012084960938 
vt 0.3030470013618469 0.5344476103782654 
vt 0.30000099539756775 0.5484706163406372 
vt 0.303899884223938 0.5484706163406372 
vt 0.3030470013618469 0.5522506833076477 
vt 0.3646985590457916 0.5692002177238464 
vt 0.3649422228336334 0.5654200911521912 
vt 0.3627490997314453 0.5177419781684875 
vt 0.18339914083480835 0.5016460418701172 
vt 0.17950023710727692 0.5023776292800903 
vt 0.18291178345680237 0.4881107807159424 
vt 0.17901286482810974 0.4881107807159424 
vt 0.179865762591362 0.48420873284339905 
vt 0.11748316884040833 0.46530818939208984 
vt 0.11711764335632324 0.46933218836784363 
vt 0.1180923730134964 0.517863929271698 
vt 0.7207179665565491 0.032668620347976685 
vt 0.6835564374923706 0.06498245894908905 
vt 0.7119454145431519 0.02498646453022957 
vt 0.6763678193092346 0.05705642327666283 
vt 0.6702758073806763 0.07046971470117569 
vt 0.6807541251182556 0.07290849089622498 
vt 0.6847748756408691 0.14241372048854828 
vt 0.693060040473938 0.13643871247768402 
vt 0.7134075164794922 0.17728827893733978 
vt 0.7051222920417786 0.18326328694820404 
vt 0.7684796452522278 0.2169184535741806 
vt 0.7681140899658203 0.2236250936985016 
vt 0.7823694944381714 0.22021080553531647 
vt 0.0038055130280554295 0.8361247181892395 
vt 0.003927353769540787 0.8280767202377319 
vt 0.0139183159917593 0.8362466096878052 
vt 0.0139183159917593 0.8280767202377319 
vt 0.004414718132466078 0.7579618096351624 
vt 0.014527521096169949 0.7580837607383728 
vt 0.024274801835417747 0.7118688225746155 
vt 0.03061053343117237 0.7195510268211365 
vt 0.05717187002301216 0.6907734274864197 
vt 0.06058342009782791 0.7001627087593079 
vt 0.07154911011457443 0.6969922780990601 
vt 0.06813756376504898 0.6874810457229614 
vt 0.20423395931720734 0.6883346438407898 
vt 0.20082241296768188 0.697723925113678 
vt 0.21519964933395386 0.6917489171028137 
vt 0.2116662561893463 0.7011381983757019 
vt 0.24115177989006042 0.7207704186439514 
vt 0.24760934710502625 0.7132101655006409 
vt 0.25686925649642944 0.7593031525611877 
vt 0.2667383849620819 0.7593031525611877 
vt 0.25650376081466675 0.8289303183555603 
vt 0.2664947211742401 0.8289303183555603 
vt 0.25650376081466675 0.8369782567024231 
vt 0.04462224617600441 0.24898840487003326 
vt 0.04644986242055893 0.2569144368171692 
vt 0.03061053343117237 0.2522807717323303 
vt 0.03243814781308174 0.26020678877830505 
vt 0.036946263164281845 0.2798389792442322 
vt 0.05095798149704933 0.2766685485839844 
vt 0.07776299864053726 0.39312031865119934 
vt 0.06606626510620117 0.27313232421875 
vt 0.06155814602971077 0.25350016355514526 
vt 0.10359328985214233 0.26447466015815735 
vt 0.09908517450094223 0.24484248459339142 
vt 0.20216266810894012 0.24191594123840332 
vt 0.2031373828649521 0.21996693313121796 
vt 0.22287562489509583 0.2182597815990448 
vt 0.20204082131385803 0.21045568585395813 
vt 0.22202274203300476 0.20899242162704468 
vt 0.22238826751708984 0.24020880460739136 
vt 0.448281466960907 0.2441108524799347 
vt 0.2048431634902954 0.37361007928848267 
vt 0.2259216606616974 0.37312230467796326 
vt 0.2050868421792984 0.3939738869667053 
vt 0.2259216606616974 0.39360806345939636 
vt 0.44011813402175903 0.37690243124961853 
vt 0.43938708305358887 0.39738816022872925 
vt 0.46010005474090576 0.39848563075065613 
vt 0.461196631193161 0.377999871969223 
vt 0.5110296010971069 0.4004366397857666 
vt 0.5117606520652771 0.3804386556148529 
vt 0.468385249376297 0.24654962122440338 
vt 0.44840332865715027 0.22203989326953888 
vt 0.4682634174823761 0.22460061311721802 
vt 0.5714627504348755 0.2528904676437378 
vt 0.5662235617637634 0.27240070700645447 
vt 0.6087460517883301 0.26288944482803345 
vt 0.6035069227218628 0.2823996841907501 
vt 0.6237325072288513 0.26691344380378723 
vt 0.618493378162384 0.2864236831665039 
vt 0.6323832273483276 0.29008185863494873 
vt 0.5876675844192505 0.40214380621910095 
vt 0.6015574336051941 0.4058019518852234 
vt 0.5965619683265686 0.42482444643974304 
vt 0.5825502872467041 0.4211662709712982 
vt 0.5318644046783447 0.4076310396194458 
vt 0.5369817018508911 0.38860857486724854 
vt 0.06375128775835037 0.3964126706123352 
vt 0.06813756376504898 0.4155570864677429 
vt 0.08227111399173737 0.41226473450660706 
vt 0.13320066034793854 0.40055859088897705 
vt 0.6376224160194397 0.27057161927223206 
vt 0.6258038282394409 0.2589873969554901 
vt 0.6396936774253845 0.26264557242393494 
vt 0.4940936863422394 0.12485450506210327 
vt 0.5071306824684143 0.11875755339860916 
vt 0.4960431456565857 0.13058564066886902 
vt 0.510054886341095 0.12765909731388092 
vt 0.5123698711395264 0.1082708016037941 
vt 0.5205332040786743 0.13290247321128845 
vt 0.5227263569831848 0.08388300240039825 
vt 0.5372254252433777 0.12729328870773315 
vt 0.5529428720474243 0.12217184901237488 
vt 0.5596441626548767 0.14253565669059753 
vt 0.5506279468536377 0.1455841362476349 
vt 0.5446577072143555 0.09754016995429993 
vt 0.5101767182350159 0.04608191177248955 
vt 0.5257723331451416 0.040838535875082016 
vt 0.3201047480106354 0.02364513650536537 
vt 0.323516309261322 0.015597161836922169 
vt 0.39174726605415344 0.025474220514297485 
vt 0.3951587975025177 0.017670124769210815 
vt 0.0156240900978446 0.05315437540411949 
vt 0.025493210181593895 0.0533982515335083 
vt 0.015380407683551311 0.06205591931939125 
vt 0.025249529629945755 0.06229979917407036 
vt 0.022934550419449806 0.14973005652427673 
vt 0.6139852404594421 0.8772181272506714 
vt 0.6010701060295105 0.8785594701766968 
vt 0.6139852404594421 0.8716089129447937 
vt 0.6010701060295105 0.8701456785202026 
vt 0.593515932559967 0.8861196637153625 
vt 0.5936377644538879 0.8625854849815369 
vt 0.5776765942573547 0.8859977722167969 
vt 0.5777984857559204 0.8445385098457336 
vt 0.5628120303153992 0.8624635338783264 
vt 0.563055694103241 0.8084445595741272 
vt 0.5780421495437622 0.8085664510726929 
vt 0.5626901984214783 0.8859977722167969 
vt 0.5713409185409546 0.9055079817771912 
vt 0.5626901984214783 0.9053860306739807 
vt 0.592663049697876 0.6817499399185181 
vt 0.5920538902282715 0.6651661992073059 
vt 0.6000953912734985 0.6815060377120972 
vt 0.6047253012657166 0.6646784543991089 
vt 0.5912009477615356 0.6452901363372803 
vt 0.6033850908279419 0.6294381022453308 
vt 0.6173967719078064 0.6441926956176758 
vt 0.6182496547698975 0.6641907095909119 
vt 0.6240980625152588 0.6502896547317505 
vt 0.6243417263031006 0.6576060056686401 
vt 0.6350637078285217 0.6511432528495789 
vt 0.6353074312210083 0.6558988690376282 
vt 0.13941454887390137 0.8669752478599548 
vt 0.1316167265176773 0.8668532967567444 
vt 0.13953638076782227 0.8528303503990173 
vt 0.13149487972259521 0.8528303503990173 
vt 0.13965822756290436 0.8351491689682007 
vt 0.13088567554950714 0.8358808159828186 
vt 0.1384398192167282 0.8171021938323975 
vt 0.12857069075107574 0.8177118897438049 
vt 0.12857069075107574 0.8642926216125488 
vt 0.12796148657798767 0.8522206544876099 
vt 0.12698675692081451 0.8366124629974365 
vt 0.1247936263680458 0.8239307999610901 
vt 0.11784868687391281 0.8662436008453369 
vt 0.1157773956656456 0.8531961441040039 
vt 0.11516818404197693 0.838197648525238 
vt 0.11468082666397095 0.8269792795181274 
vt 0.10956349968910217 0.8670971989631653 
vt 0.10858877003192902 0.8570982217788696 
vt 0.10554274916648865 0.8533180952072144 
vt 0.10931982100009918 0.850269615650177 
vt 0.10944166034460068 0.8410022258758545 
vt 0.1088324561715126 0.8357588648796082 
vt 0.10810141265392303 0.8277109265327454 
vt 0.27270859479904175 0.8809982538223267 
vt 0.26308315992355347 0.8809982538223267 
vt 0.27270859479904175 0.860146701335907 
vt 0.26308315992355347 0.860146701335907 
vt 0.259915292263031 0.8772181272506714 
vt 0.259915292263031 0.863804817199707 
vt 0.24980248510837555 0.8772181272506714 
vt 0.24980248510837555 0.863804817199707 
vt 0.24054257571697235 0.8772181272506714 
vt 0.24054257571697235 0.863804817199707 
vt 0.22933320701122284 0.8772181272506714 
vt 0.22933320701122284 0.863804817199707 
vt 0.22019512951374054 0.8772181272506714 
vt 0.22019512951374054 0.863804817199707 
vt 0.023909278213977814 0.6735799908638 
vt 0.024640323594212532 0.661264181137085 
vt 0.036458902060985565 0.6744335889816284 
vt 0.03731178864836693 0.6619958281517029 
vt 0.1456284373998642 0.6687024235725403 
vt 0.14489738643169403 0.6811402440071106 
vt 0.22397220134735107 0.6737019419670105 
vt 0.2232411503791809 0.6860178112983704 
vt 0.2847708463668823 0.6778478622436523 
vt 0.28428348898887634 0.6899198293685913 
vt 0.30219411849975586 0.6906514763832092 
vt 0.3028033375740051 0.6771162152290344 
vt 0.5152940154075623 0.6974800229072571 
vt 0.5156595706939697 0.683944821357727 
vt 0.533448338508606 0.6857739090919495 
vt 0.5333265066146851 0.6978458762168884 
vt 0.5943688154220581 0.697723925113678 
vt 0.5943688154220581 0.6852861642837524 
vt 0.6728344559669495 0.6976019740104675 
vt 0.6728344559669495 0.685164213180542 
vt 0.7813947796821594 0.6974800229072571 
vt 0.7812729477882385 0.6850422620773315 
vt 0.7940662503242493 0.6850422620773315 
vt 0.7940662503242493 0.6973581314086914 
vt 0.781029224395752 0.4649423658847809 
vt 0.7937006950378418 0.4649423658847809 
vt 0.1937556266784668 0.01547522284090519 
vt 0.1937556266784668 0.009378273040056229 
vt 0.21788014471530914 0.02242574654519558 
vt 0.21970777213573456 0.017426246777176857 
vt 0.2993917763233185 0.01632879674434662 
vt 0.21093522012233734 0.8203945755958557 
vt 0.20191897451877594 0.8235649466514587 
vt 0.21251913905143738 0.7049183249473572 
vt 0.20362475514411926 0.7016260027885437 
vt 0.289522647857666 0.43701833486557007 
vt 0.27234306931495667 0.436896413564682 
vt 0.17365187406539917 0.8702676296234131 
vt 0.16573220491409302 0.8702676296234131 
vt 0.17365187406539917 0.8561226725578308 
vt 0.16573220491409302 0.8561226725578308 
vt 0.17377370595932007 0.8384415507316589 
vt 0.16500115394592285 0.8391731977462769 
vt 0.172677144408226 0.8203945755958557 
vt 0.16268618404865265 0.8210042715072632 
vt 0.16280801594257355 0.8675849437713623 
vt 0.16207696497440338 0.8555129766464233 
vt 0.16122408211231232 0.83990478515625 
vt 0.15890911221504211 0.8272231221199036 
vt 0.15196417272090912 0.8695359826087952 
vt 0.1498928666114807 0.8564885258674622 
vt 0.14940550923347473 0.8414900302886963 
vt 0.14891813695430756 0.8302716016769409 
vt 0.14367897808551788 0.8703895807266235 
vt 0.14270424842834473 0.8603905439376831 
vt 0.13965822756290436 0.8566104173660278 
vt 0.14355714619159698 0.8535619974136353 
vt 0.14355714619159698 0.8442946076393127 
vt 0.1430697739124298 0.8390512466430664 
vt 0.14221689105033875 0.8310032486915588 
vt 0.09920701384544373 0.9734280109405518 
vt 0.09908517450094223 0.9483085870742798 
vt 0.11906710267066956 0.9733060598373413 
vt 0.11894525587558746 0.9481866359710693 
vt 0.13527195155620575 0.9731841087341309 
vt 0.13502827286720276 0.9480646848678589 
vt 0.15513204038143158 0.9731841087341309 
vt 0.1550101935863495 0.9479427337646484 
vt 0.17121504247188568 0.9730622172355652 
vt 0.17109321057796478 0.9478208422660828 
vt 0.27319595217704773 0.8588053584098816 
vt 0.26357051730155945 0.8588053584098816 
vt 0.27319595217704773 0.8378318548202515 
vt 0.26357051730155945 0.8378318548202515 
vt 0.260402649641037 0.8550252318382263 
vt 0.260402649641037 0.841611921787262 
vt 0.2502898573875427 0.8550252318382263 
vt 0.2502898573875427 0.841611921787262 
vt 0.24102993309497833 0.8550252318382263 
vt 0.24102993309497833 0.841611921787262 
vt 0.22982056438922882 0.8550252318382263 
vt 0.22982056438922882 0.841611921787262 
vt 0.22068248689174652 0.8550252318382263 
vt 0.22068248689174652 0.841611921787262 
vt 0.08909421414136887 0.9706234335899353 
vt 0.09348049014806747 0.9725744128227234 
vt 0.06874676793813705 0.9722086191177368 
vt 0.0678938776254654 0.9758667945861816 
vt 0.048399318009614944 0.9735499620437622 
vt 0.04925220459699631 0.9770861864089966 
vt 0.024640323594212532 0.9735499620437622 
vt 0.02305639162659645 0.9768422842025757 
vt 0.007460743188858032 0.9703795313835144 
vt 0.004171036183834076 0.9744035005569458 
vt 0.09603915363550186 0.9935479164123535 
vt 0.06972149759531021 0.9967183470726013 
vt 0.04961773008108139 0.9984254837036133 
vt 0.021350616589188576 0.9981816411018372 
vt 0.0016123750247061253 0.9958648085594177 
vt 0.08945973962545395 0.9146534204483032 
vt 0.09421153366565704 0.9163605570793152 
vt 0.06825940310955048 0.917823851108551 
vt 0.0678938776254654 0.9211161732673645 
vt 0.04925220459699631 0.9189212918281555 
vt 0.049983251839876175 0.9223355650901794 
vt 0.02646793983876705 0.9179457426071167 
vt 0.02488400600850582 0.920994222164154 
vt 0.009410198777914047 0.9139217734336853 
vt 0.005998651031404734 0.9177019000053406 
vt 0.09823229163885117 0.9380657076835632 
vt 0.07033070176839828 0.9422116279602051 
vt 0.05010509118437767 0.9431871175765991 
vt 0.02281270921230316 0.9420896768569946 
vt 0.0023434211034327745 0.9392850995063782 
vt 0.16975295543670654 0.8963625431060791 
vt 0.16987480223178864 0.9214819669723511 
vt 0.1498928666114807 0.8964844942092896 
vt 0.1500147134065628 0.9216039180755615 
vt 0.13368801772594452 0.8966064453125 
vt 0.1338098645210266 0.921725869178772 
vt 0.11382793635129929 0.8967283964157104 
vt 0.11394977569580078 0.9218478202819824 
vt 0.09774492681026459 0.8968502879142761 
vt 0.09786676615476608 0.9219697713851929 
vt 0.1595183163881302 0.36641567945480347 
vt 0.14172951877117157 0.365805983543396 
vt 0.16049304604530334 0.3332482576370239 
vt 0.14282609522342682 0.33263856172561646 
vt 0.5763363838195801 0.9934260249137878 
vt 0.577311098575592 0.9394070506095886 
vt 0.5913228392601013 0.993669867515564 
vt 0.5919319987297058 0.957697868347168 
vt 0.5776765942573547 0.9159947633743286 
vt 0.592663049697876 0.9162386059761047 
vt 0.6085023880004883 0.9164825081825256 
vt 0.6081368923187256 0.9398947954177856 
vt 0.6158128380775452 0.9240427017211914 
vt 0.6156910061836243 0.932578444480896 
vt 0.6287279725074768 0.9257498383522034 
vt 0.6286061406135559 0.931359052658081 
vt 0.19923847913742065 0.801250159740448 
vt 0.18071864545345306 0.8011282086372375 
vt 0.19936031103134155 0.7853980660438538 
vt 0.18096232414245605 0.7852761149406433 
vt 0.17462658882141113 0.7851541638374329 
vt 0.17438291013240814 0.8010062575340271 
vt 0.08300216495990753 0.8002746105194092 
vt 0.19899480044841766 0.7850322723388672 
vt 0.18059679865837097 0.7849103212356567 
vt 0.19911663234233856 0.769180178642273 
vt 0.18071864545345306 0.7690582275390625 
vt 0.17438291013240814 0.768936276435852 
vt 0.17413923144340515 0.7847883701324463 
vt 0.08275847882032394 0.7840567231178284 
vt 0.11529003083705902 0.6088303923606873 
vt 0.11650843918323517 0.5954170823097229 
vt 0.11931078135967255 0.6098058819770813 
vt 0.1204073503613472 0.5954170823097229 
vt 0.18291178345680237 0.5791991949081421 
vt 0.18278993666172028 0.5752971768379211 
vt 0.11967630684375763 0.5916370153427124 
vt 0.23542524874210358 0.4888424277305603 
vt 0.22311931848526 0.4890863001346588 
vt 0.23591262102127075 0.4851842522621155 
vt 0.22287562489509583 0.48555007576942444 
vt 0.20216266810894012 0.43043363094329834 
vt 0.19862927496433258 0.43092140555381775 
vt 0.21946407854557037 0.48664751648902893 
vt 0.18327730894088745 0.5578598976135254 
vt 0.1821807324886322 0.5712732076644897 
vt 0.17937839031219482 0.5568844079971313 
vt 0.17828182876110077 0.5711512565612793 
vt 0.1157773956656456 0.5873691439628601 
vt 0.1158992350101471 0.591271162033081 
vt 0.17901286482810974 0.5750532746315002 
vt 0.3649422228336334 0.570785403251648 
vt 0.36421120166778564 0.5838329195976257 
vt 0.3611651659011841 0.5698099136352539 
vt 0.360312283039093 0.5839548707008362 
vt 0.2995136082172394 0.601148247718811 
vt 0.29975730180740356 0.6049283742904663 
vt 0.3611651659011841 0.5876129865646362 
vt 0.7353388667106628 0.20899242162704468 
vt 0.7299778461456299 0.21935723721981049 
vt 0.6918416619300842 0.1735081672668457 
vt 0.6879427433013916 0.18350715935230255 
vt 0.6774644255638123 0.17314234375953674 
vt 0.6863588094711304 0.16716733574867249 
vt 0.657238781452179 0.10217384994029999 
vt 0.6672297716140747 0.10485651344060898 
vt 0.6699102520942688 0.05693448334932327 
vt 0.6601629853248596 0.05425182357430458 
vt 0.7042694091796875 0.011938991956412792 
vt 0.7015889286994934 0.005842042155563831 
vt 0.7160879969596863 0.004012957215309143 
vt 0.7096304297447205 0.01376807689666748 
vt 0.20082241296768188 0.3309314250946045 
vt 0.18169337511062622 0.33056560158729553 
vt 0.20130977034568787 0.2949593961238861 
vt 0.1821807324886322 0.2947155237197876 
vt 0.5573291778564453 0.968550443649292 
vt 0.17243345081806183 0.9691601395606995 
vt 0.5573291778564453 0.9670871496200562 
vt 0.17243345081806183 0.9678187966346741 
vt 0.5573291778564453 0.9657458662986755 
vt 0.17243345081806183 0.9664775133132935 
vt 0.5573291778564453 0.9644045233726501 
vt 0.17243345081806183 0.9650142192840576 
vt 0.5573291778564453 0.9630631804466248 
vt 0.17243345081806183 0.9636728763580322 
vt 0.5573291778564453 0.9615999460220337 
vt 0.17243345081806183 0.9623315334320068 
vt 0.5573291778564453 0.9602586030960083 
vt 0.17243345081806183 0.9609902501106262 
vt 0.5573291778564453 0.9589172601699829 
vt 0.17243345081806183 0.9595269560813904 
vt 0.5573291778564453 0.9574540257453918 
vt 0.17243345081806183 0.958185613155365 
vt 0.5573291778564453 0.9561126828193665 
vt 0.17243345081806183 0.9568443298339844 
vt 0.5573291778564453 0.9547713398933411 
vt 0.17243345081806183 0.9553810358047485 
vt 0.5573291778564453 0.9534299969673157 
vt 0.17243345081806183 0.9540396928787231 
vt 0.5573291778564453 0.9519667625427246 
vt 0.17243345081806183 0.9526983499526978 
vt 0.5573291778564453 0.9506254196166992 
vt 0.17243345081806183 0.9513570666313171 
vt 0.5572073459625244 0.9492840766906738 
vt 0.17243345081806183 0.9498937726020813 
vt 0.5572073459625244 0.9478208422660828 
vt 0.17243345081806183 0.9485524296760559 
vt 0.5572073459625244 0.9464794993400574 
vt 0.17243345081806183 0.9472111463546753 
vt 0.5572073459625244 0.945138156414032 
vt 0.17231161892414093 0.9457478523254395 
vt 0.5572073459625244 0.9436748623847961 
vt 0.17231161892414093 0.9444065093994141 
vt 0.7951627969741821 0.4366525411605835 
vt 0.802473247051239 0.4353111982345581 
vt 0.7960156798362732 0.4411642849445343 
vt 0.8036916851997375 0.4414081573486328 
vt 0.7977214455604553 0.45067551732063293 
vt 0.8053974509239197 0.4510413408279419 
vt 0.8051537871360779 0.49932917952537537 
vt 0.8128297328948975 0.49908530712127686 
vt 0.8055192828178406 0.5050603151321411 
vt 0.814048171043396 0.5056700110435486 
vt 0.8053974509239197 0.5115230679512024 
vt 0.814048171043396 0.5117669701576233 
vt 0.8074687719345093 0.6350472569465637 
vt 0.8161194324493408 0.6345595121383667 
vt 0.8162413239479065 0.6409003734588623 
vt 0.8471888899803162 0.6404125690460205 
vt 0.8152665495872498 0.6477289199829102 
vt 0.8465797305107117 0.6473631262779236 
vt 0.8445084095001221 0.5049383640289307 
vt 0.8447520732879639 0.5111572742462158 
vt 0.822211503982544 0.5206685066223145 
vt 0.838294506072998 0.5199368596076965 
vt 0.824039101600647 0.625292181968689 
vt 0.8402439951896667 0.6255360245704651 
vt 0.8471888899803162 0.6340717673301697 
vt 0.8544993996620178 0.6343156695365906 
vt 0.8548648953437805 0.6406564712524414 
vt 0.8520625829696655 0.5105475783348083 
vt 0.8519406914710999 0.5042067170143127 
vt 0.8510878086090088 0.4978659152984619 
vt 0.843655526638031 0.4982317388057709 
vt 0.8441429138183594 0.45201683044433594 
vt 0.8367105722427368 0.45165103673934937 
vt 0.8425589799880981 0.4427494704723358 
vt 0.8350048065185547 0.4425055980682373 
vt 0.8409750461578369 0.4348234534263611 
vt 0.8337864279747009 0.4361647665500641 
vt 0.06265471875667572 0.7200387716293335 
vt 0.06241103261709213 0.7223556041717529 
vt 0.05790291726589203 0.719429075717926 
vt 0.057537395507097244 0.7230872511863708 
vt 0.03743362799286842 0.7218678593635559 
vt 0.03682442381978035 0.7275989651679993 
vt 0.05717187002301216 0.7266234755516052 
vt 0.06216735020279884 0.7258918285369873 
vt 0.06009605526924133 0.7533280849456787 
vt 0.055222414433956146 0.7535719871520996 
vt 0.059852372854948044 0.7572301626205444 
vt 0.05485689267516136 0.7574740648269653 
vt 0.05997421219944954 0.7613760828971863 
vt 0.05790291726589203 0.8495379686355591 
vt 0.06277655810117722 0.8453920483589172 
vt 0.06289839744567871 0.8495379686355591 
vt 0.034631285816431046 0.7539377808570862 
vt 0.03426576405763626 0.756620466709137 
vt 0.03743362799286842 0.8518548011779785 
vt 0.037920992821455 0.8545374870300293 
vt 0.0585121214389801 0.8535619974136353 
vt 0.06350760161876678 0.8534400463104248 
vt 0.06228919327259064 0.8802666068077087 
vt 0.06728467345237732 0.8806324005126953 
vt 0.0678938776254654 0.884046733379364 
vt 0.06289839744567871 0.8838028311729431 
vt 0.06350760161876678 0.8873390555381775 
vt 0.042916473001241684 0.886241614818573 
vt 0.1707276850938797 0.947333037853241 
vt 0.1546446681022644 0.9474549889564514 
vt 0.1706058382987976 0.922213613986969 
vt 0.1545228362083435 0.9223355650901794 
vt 0.13478459417819977 0.9475769400596619 
vt 0.13466274738311768 0.9224575161933899 
vt 0.11857973784208298 0.9476988911628723 
vt 0.11845789104700089 0.9224575161933899 
vt 0.09871964901685715 0.9478208422660828 
vt 0.09859780967235565 0.9225794672966003 
vt 0.097501240670681 0.965867817401886 
vt 0.06972149759531021 0.9700137376785278 
vt 0.09360232949256897 0.9441626667976379 
vt 0.06716283410787582 0.9489182829856873 
vt 0.08872868865728378 0.942455530166626 
vt 0.06740651279687881 0.945625901222229 
vt 0.0493740476667881 0.9711111783981323 
vt 0.0493740476667881 0.9502596259117126 
vt 0.048399318009614944 0.946845293045044 
vt 0.02220350317656994 0.9698917865753174 
vt 0.024274801835417747 0.9489182829856873 
vt 0.02561505138874054 0.945625901222229 
vt 0.0016123750247061253 0.9670871496200562 
vt 0.005267605185508728 0.9455039501190186 
vt 0.008679153397679329 0.9417238831520081 
vt 0.7413091063499451 0.9809882044792175 
vt 0.7428930401802063 0.9739157557487488 
vt 0.7497161030769348 0.9828172922134399 
vt 0.7544679045677185 0.9764764904975891 
vt 0.7595852613449097 0.9809882044792175 
vt 0.7578794360160828 0.9767203330993652 
vt 0.7929696440696716 0.9441626667976379 
vt 0.7863902449607849 0.9420896768569946 
vt 0.7904109954833984 0.9376998543739319 
vt 0.7640933394432068 0.9328223466873169 
vt 0.8223333358764648 0.7946654558181763 
vt 0.7963812351226807 0.7879588007926941 
vt 0.8205057382583618 0.7890562415122986 
vt 0.7974777817726135 0.7833251357078552 
vt 0.8094182014465332 0.745523989200592 
vt 0.8061285018920898 0.7443045973777771 
vt 0.8127079010009766 0.742353618144989 
vt 0.8046663999557495 0.7365005016326904 
vt 0.7946754693984985 0.7417439222335815 
vt 0.7860247492790222 0.7807644009590149 
vt 0.7849281430244446 0.7853980660438538 
vt 0.7526403069496155 0.9302616119384766 
vt 0.7516655921936035 0.934773325920105 
vt 0.7631186246871948 0.9373340606689453 
vt 0.18047496676445007 0.3687325119972229 
vt 0.16122408211231232 0.3684886395931244 
vt 0.18096232414245605 0.33288243412971497 
vt 0.1617114543914795 0.33263856172561646 
vt 0.2766075134277344 0.6966264843940735 
vt 0.31157588958740234 0.697236180305481 
vt 0.273317813873291 0.8841686844825745 
vt 0.3082861602306366 0.8847783803939819 
vt 0.4131912589073181 0.6989433169364929 
vt 0.40990155935287476 0.8864855170249939 
vt 0.4481596350669861 0.6995530128479004 
vt 0.4448699355125427 0.8870952129364014 
vt 0.7974777817726135 0.9391631484031677 
vt 0.7989398837089539 0.9327003955841064 
vt 0.8279380202293396 0.8028353452682495 
vt 0.8294001221656799 0.7963725924491882 
vt 0.827450692653656 0.7897878885269165 
vt 0.6021666526794434 0.5988314151763916 
vt 0.5893733501434326 0.5993191599845886 
vt 0.00307446694932878 0.3806825280189514 
vt 0.03926124423742294 0.36812281608581543 
vt 0.015258567407727242 0.4025095999240875 
vt 0.04072333499789238 0.3882427513599396 
vt 0.0516890250146389 0.39519327878952026 
vt 0.05656266584992409 0.3716590404510498 
vt 0.1819370537996292 0.33190691471099854 
vt 0.20118793845176697 0.33215081691741943 
vt 0.18144969642162323 0.36775699257850647 
vt 0.2007005661725998 0.36812281608581543 
vt 0.09811044484376907 0.08949219435453415 
vt 0.11650843918323517 0.05534927546977997 
vt 0.12211312353610992 0.09741823375225067 
vt 0.13137303292751312 0.06937225908041 
vt 0.14416635036468506 0.06705541908740997 
vt 0.1317385584115982 0.0462038516998291 
vt 0.19765454530715942 0.7183316349983215 
vt 0.17925655841827393 0.7182096838951111 
vt 0.19789822399616241 0.7024795413017273 
vt 0.17937839031219482 0.7023575901985168 
vt 0.1730426549911499 0.7023575901985168 
vt 0.172920823097229 0.7182096838951111 
vt 0.0814182311296463 0.7173560857772827 
vt 0.012212541885674 0.2355751246213913 
vt 0.029757646843791008 0.2009444385766983 
vt 0.03658074140548706 0.243013396859169 
vt 0.04510961100459099 0.21460160613059998 
vt 0.05790291726589203 0.21191895008087158 
vt 0.0448659285902977 0.19143320620059967 
vt 0.11918894201517105 0.237160325050354 
vt 0.0951862633228302 0.2065536379814148 
vt 0.13612483441829681 0.21813784539699554 
vt 0.11394977569580078 0.19850565493106842 
vt 0.11699580401182175 0.18570207059383392 
vt 0.0928712859749794 0.18887248635292053 
vt 0.16268618404865265 0.2944716513156891 
vt 0.18181520700454712 0.2947155237197876 
vt 0.16219881176948547 0.330321729183197 
vt 0.18132784962654114 0.33056560158729553 
vt 0.42427879571914673 0.4097039997577667 
vt 0.5229700207710266 0.414825439453125 
vt 0.42854323983192444 0.42080044746398926 
vt 0.5273562669754028 0.426531583070755 
vt 0.16317354142665863 0.2582557797431946 
vt 0.1823025792837143 0.2584996521472931 
vt 0.16268618404865265 0.2942277789115906 
vt 0.18181520700454712 0.2944716513156891 
vt 0.04986141249537468 0.3610503375530243 
vt 0.03377839922904968 0.36812281608581543 
vt 0.03658074140548706 0.33105334639549255 
vt 0.02695530280470848 0.3397110104560852 
vt 0.015380407683551311 0.31995689868927 
vt 0.007217060774564743 0.3356870412826538 
vt 0.009410198777914047 0.3738539516925812 
vt 0.1706058382987976 0.4123866558074951 
vt 0.1756013184785843 0.401777982711792 
vt 0.2211698591709137 0.412630558013916 
vt 0.2260434925556183 0.402265727519989 
vt 0.36652615666389465 0.402631551027298 
vt 0.37139981985092163 0.41311830282211304 
vt 0.4159936308860779 0.40238767862319946 
vt 0.42086726427078247 0.41311830282211304 
vt 0.09019078314304352 0.18058063089847565 
vt 0.09433337301015854 0.21545518934726715 
vt 0.06484785676002502 0.18350715935230255 
vt 0.07362040877342224 0.2124067097902298 
vt 0.06423865258693695 0.22191795706748962 
vt 0.08690107613801956 0.23203888535499573 
vt 0.13320066034793854 0.10144221782684326 
vt 0.12552466988563538 0.13339023292064667 
vt 0.11005086451768875 0.09583302587270737 
vt 0.10737036168575287 0.12631776928901672 
vt 0.0951862633228302 0.1341218650341034 
vt 0.11529003083705902 0.14814485609531403 
vt 0.49908918142318726 0.9984254837036133 
vt 0.17413923144340515 0.9986693859100342 
vt 0.49908918142318726 0.9968402981758118 
vt 0.17413923144340515 0.9970842003822327 
vt 0.49908918142318726 0.9952551126480103 
vt 0.17413923144340515 0.9954989552497864 
vt 0.49908918142318726 0.993669867515564 
vt 0.17413923144340515 0.9939137697219849 
vt 0.49908918142318726 0.9920846819877625 
vt 0.17413923144340515 0.9923285245895386 
vt 0.49908918142318726 0.9904994964599609 
vt 0.17413923144340515 0.9908652901649475 
vt 0.49908918142318726 0.9889142513275146 
vt 0.17401738464832306 0.989280104637146 
vt 0.49908918142318726 0.9873290657997131 
vt 0.17401738464832306 0.9876948595046997 
vt 0.49908918142318726 0.9857438206672668 
vt 0.17401738464832306 0.9861096739768982 
vt 0.49908918142318726 0.9841586351394653 
vt 0.17401738464832306 0.9845244288444519 
vt 0.49908918142318726 0.9825734496116638 
vt 0.17401738464832306 0.9829392433166504 
vt 0.49908918142318726 0.9809882044792175 
vt 0.17401738464832306 0.9813540577888489 
vt 0.49908918142318726 0.979403018951416 
vt 0.17401738464832306 0.979890763759613 
vt 0.49908918142318726 0.9778178334236145 
vt 0.17401738464832306 0.9783055782318115 
vt 0.49908918142318726 0.9762325882911682 
vt 0.17401738464832306 0.9767203330993652 
vt 0.49921101331710815 0.9746474027633667 
vt 0.17401738464832306 0.9751351475715637 
vt 0.49921101331710815 0.9730622172355652 
vt 0.17401738464832306 0.9735499620437622 
vt 0.49921101331710815 0.9714769721031189 
vt 0.17401738464832306 0.9719647169113159 
vt 0.49921101331710815 0.9698917865753174 
vt 0.17401738464832306 0.9703795313835144 
vt 0.9689080715179443 0.9051421880722046 
vt 0.9786553382873535 0.908678412437439 
vt 0.9667149186134338 0.9109952449798584 
vt 0.9760966897010803 0.9137998223304749 
vt 0.9680551886558533 0.946845293045044 
vt 0.9739035367965698 0.9483085870742798 
vt 0.9631815552711487 0.9670871496200562 
vt 0.967445969581604 0.9713550209999084 
vt 0.9613539576530457 0.9740377068519592 
vt 0.9606229066848755 0.9986693859100342 
vt 0.9555055499076843 0.9975719451904297 
vt 0.9470985531806946 0.9957428574562073 
vt 0.9527032375335693 0.9719647169113159 
vt 0.9536779522895813 0.9653800129890442 
vt 0.958429753780365 0.9445284605026245 
vt 0.981823205947876 0.9142875671386719 
vt 0.2304297685623169 0.05217886343598366 
vt 0.23128266632556915 0.17448367178440094 
vt 0.21727094054222107 0.05217886343598366 
vt 0.21812383830547333 0.1746056228876114 
vt 0.6735655069351196 0.41763004660606384 
vt 0.6625998020172119 0.4177519977092743 
vt 0.6728344559669495 0.3064216673374176 
vt 0.6617469191551208 0.30654361844062805 
vt 0.6727126240730286 0.2944716513156891 
vt 0.6616250872612 0.29459360241889954 
vt 0.6718597412109375 0.18326328694820404 
vt 0.6608940362930298 0.18326328694820404 
vt 0.975609302520752 0.9511131644248962 
vt 0.9712230563163757 0.967574954032898 
vt 0.9669586420059204 0.9780616760253906 
vt 0.9629378914833069 0.9970842003822327 
vt 0.982676088809967 0.9083125591278076 
vt 0.9731724858283997 0.9048982858657837 
vt 0.9847474098205566 0.9027034044265747 
vt 0.9757311940193176 0.8998987674713135 
vt 0.9806048274040222 0.8799008131027222 
vt 0.9748783111572266 0.8785594701766968 
vt 0.9886463284492493 0.8474650382995605 
vt 0.9834071397781372 0.8452700972557068 
vt 0.9886463284492493 0.8417338728904724 
vt 0.9899865388870239 0.882339596748352 
vt 0.9981499314308167 0.849294126033783 
vt 0.9990028142929077 0.8430752158164978 
vt 0.20435580611228943 0.17472755908966064 
vt 0.20350290834903717 0.05230079963803291 
vt 0.21751463413238525 0.1746056228876114 
vt 0.216661736369133 0.05217886343598366 
vt 0.9701265096664429 0.8995329737663269 
vt 0.968420684337616 0.8967283964157104 
vt 0.9720759391784668 0.8802666068077087 
vt 0.6851403713226318 0.41763004660606384 
vt 0.6741746664047241 0.41763004660606384 
vt 0.6844093203544617 0.30629974603652954 
vt 0.6733217835426331 0.3064216673374176 
vt 0.6842874884605408 0.294349730014801 
vt 0.6733217835426331 0.2944716513156891 
vt 0.6835564374923706 0.18314135074615479 
vt 0.672468900680542 0.18326328694820404 
vt 0.09993806481361389 0.9741596579551697 
vt 0.11991998553276062 0.9740377068519592 
vt 0.10018174350261688 0.9992790818214417 
vt 0.12004182487726212 0.9991571307182312 
vt 0.13600300252437592 0.9739157557487488 
vt 0.13612483441829681 0.9990351796150208 
vt 0.15586307644844055 0.9737938046455383 
vt 0.15598492324352264 0.9989132285118103 
vt 0.17194609344005585 0.9736719131469727 
vt 0.17218977212905884 0.9987913370132446 
vt 0.4427986443042755 0.05059365555644035 
vt 0.4436515271663666 0.1663137674331665 
vt 0.43037086725234985 0.05071559548377991 
vt 0.4312237501144409 0.16643570363521576 
vt 0.620442807674408 0.003769078990444541 
vt 0.6315303444862366 0.003769078990444541 
vt 0.621295690536499 0.11509938538074493 
vt 0.6322613954544067 0.11497744917869568 
vt 0.621295690536499 0.12704940140247345 
vt 0.6323832273483276 0.1269274652004242 
vt 0.6221485733985901 0.2382577806711197 
vt 0.6331142783164978 0.23813582956790924 
vt 0.6563858985900879 0.23801389336585999 
vt 0.6452983617782593 0.23801389336585999 
vt 0.6555330157279968 0.12680552899837494 
vt 0.6445673108100891 0.12680552899837494 
vt 0.6555330157279968 0.11485550552606583 
vt 0.6444454789161682 0.11485550552606583 
vt 0.6546801328659058 0.0035252009984105825 
vt 0.643714427947998 0.0036471399944275618 
vt 0.2463909387588501 0.17436173558235168 
vt 0.24553805589675903 0.052056923508644104 
vt 0.2595497667789459 0.17423979938030243 
vt 0.25869688391685486 0.05193498358130455 
vt 0.6448110342025757 0.23801389336585999 
vt 0.6337234973907471 0.23813582956790924 
vt 0.6439581513404846 0.12680552899837494 
vt 0.6329924464225769 0.1269274652004242 
vt 0.643836259841919 0.11485550552606583 
vt 0.632870614528656 0.11497744917869568 
vt 0.6431052684783936 0.0036471399944275618 
vt 0.6320177316665649 0.003769078990444541 
vt 0.35239261388778687 0.48713526129722595 
vt 0.46448633074760437 0.4888424277305603 
vt 0.3521489202976227 0.49750009179115295 
vt 0.46436449885368347 0.4992072284221649 
vt 0.1641482710838318 0.05156916752457619 
vt 0.1687782257795334 0.05864162743091583 
vt 0.15415731072425842 0.05888550728559494 
vt 0.1591527909040451 0.06461664289236069 
vt 0.14867445826530457 0.06717735528945923 
vt 0.1523296982049942 0.0707135871052742 
vt 0.17243345081806183 0.06583602726459503 
vt 0.16280801594257355 0.07046971470117569 
vt 0.15525387227535248 0.0749814584851265 
vt 0.1751139611005783 0.07303043454885483 
vt 0.16536667943000793 0.07632278650999069 
vt 0.15744701027870178 0.07973707467317581 
vt 0.17694157361984253 0.08022483438253403 
vt 0.16707246005535126 0.0824197307229042 
vt 0.159030944108963 0.08473657816648483 
vt 0.17791630327701569 0.08729729056358337 
vt 0.1681690216064453 0.08851668238639832 
vt 0.16000567376613617 0.08985801041126251 
vt 0.17828182876110077 0.09436975419521332 
vt 0.1686563789844513 0.09449169784784317 
vt 0.16037119925022125 0.09497945010662079 
vt 0.17791630327701569 0.10119833797216415 
vt 0.1684127002954483 0.10058864206075668 
vt 0.16024935245513916 0.10022282600402832 
vt 0.17706342041492462 0.10790498554706573 
vt 0.16780349612236023 0.10644171386957169 
vt 0.1596401482820511 0.10546620190143585 
vt 0.17572316527366638 0.11461163312196732 
vt 0.16658508777618408 0.11229478567838669 
vt 0.15866541862487793 0.11058764159679413 
vt 0.17389555275440216 0.12107439339160919 
vt 0.16487932205200195 0.11802592128515244 
vt 0.1570814847946167 0.11558714509010315 
vt 0.17145873606204987 0.1274152249097824 
vt 0.16268618404865265 0.12351317703723907 
vt 0.15513204038143158 0.12034276127815247 
vt 0.1684127002954483 0.13363412022590637 
vt 0.16000567376613617 0.12887848913669586 
vt 0.1526952087879181 0.12497644871473312 
vt 0.16487932205200195 0.13960912823677063 
vt 0.1568378061056137 0.13399992883205414 
vt 0.1498928666114807 0.12936624884605408 
vt 0.16061487793922424 0.14534026384353638 
vt 0.15306073427200317 0.1388774961233139 
vt 0.14660316705703735 0.13339023292064667 
vt 0.15561939775943756 0.15082751214504242 
vt 0.14867445826530457 0.1433892399072647 
vt 0.14282609522342682 0.13692647218704224 
vt 0.14977103471755981 0.1559489518404007 
vt 0.14355714619159698 0.14729128777980804 
vt 0.1386834979057312 0.1399749368429184 
vt 0.1431916207075119 0.16058263182640076 
vt 0.13770876824855804 0.15082751214504242 
vt 0.1341753900051117 0.14229178428649902 
vt 0.13588115572929382 0.16460661590099335 
vt 0.13052015006542206 0.1535101681947708 
vt 0.1295454204082489 0.14363311231136322 
vt 0.4278121888637543 0.3231273293495178 
vt 0.41209471225738525 0.3226395547389984 
vt 0.42817771434783936 0.3131283223628998 
vt 0.41233837604522705 0.31264057755470276 
vt 0.24090810120105743 0.3173961937427521 
vt 0.24115177989006042 0.3072752356529236 
vt 0.2254342883825302 0.30678749084472656 
vt 0.22519060969352722 0.31690841913223267 
vt 0.4230603873729706 0.31215280294418335 
vt 0.40990155935287476 0.3117869794368744 
vt 0.42342591285705566 0.3021538257598877 
vt 0.41014525294303894 0.30178800225257874 
vt 0.23871496319770813 0.30654361844062805 
vt 0.23895864188671112 0.29654461145401 
vt 0.2257998138666153 0.296056866645813 
vt 0.2254342883825302 0.3061777949333191 
vt 0.42403513193130493 0.27996090054512024 
vt 0.4108763039112091 0.27959510684013367 
vt 0.42440065741539 0.2699619233608246 
vt 0.4112418293952942 0.2695960998535156 
vt 0.2396896928548813 0.2742297947406769 
vt 0.23993337154388428 0.26423078775405884 
vt 0.22677454352378845 0.2638649642467499 
vt 0.22653086483478546 0.2738639712333679 
vt 0.642861545085907 0.8324665427207947 
vt 0.6404247283935547 0.8288083672523499 
vt 0.6725907325744629 0.838929295539856 
vt 0.6762459874153137 0.8366124629974365 
vt 0.6502938866615295 0.7833251357078552 
vt 0.6861150860786438 0.7911292314529419 
vt 0.6878209114074707 0.7832031846046448 
vt 0.6519996523857117 0.7755209803581238 
vt 0.6549237966537476 0.7623515725135803 
vt 0.42440065741539 0.26923027634620667 
vt 0.4112418293952942 0.2688644528388977 
vt 0.4247661828994751 0.2592312693595886 
vt 0.411485493183136 0.25886547565460205 
vt 0.23993337154388428 0.2634991407394409 
vt 0.24029889702796936 0.25350016355514526 
vt 0.22714006900787354 0.2531343400478363 
vt 0.22677454352378845 0.26313331723213196 
vt 0.49007293581962585 0.2558169960975647 
vt 0.6133760213851929 0.2899599075317383 
vt 0.48739245533943176 0.26532822847366333 
vt 0.6106955409049988 0.2994711399078369 
vt 0.24492885172367096 0.052056923508644104 
vt 0.24578173458576202 0.17436173558235168 
vt 0.23177002370357513 0.05217886343598366 
vt 0.2326229065656662 0.17448367178440094 
vt 0.3086516857147217 0.1096121296286583 
vt 0.2649107873439789 0.10802692174911499 
vt 0.3076769709587097 0.062177859246730804 
vt 0.26393604278564453 0.0605926513671875 
vt 0.353611022233963 0.45835766196250916 
vt 0.4658265709877014 0.45994287729263306 
vt 0.3534891903400421 0.4670153260231018 
vt 0.4657047390937805 0.46847862005233765 
vt 0.4707002341747284 0.32093241810798645 
vt 0.5938814878463745 0.354953408241272 
vt 0.46753236651420593 0.33215081691741943 
vt 0.590835452079773 0.366293728351593 
vt 0.18266810476779938 0.2584996521472931 
vt 0.20179714262485504 0.2587435245513916 
vt 0.1821807324886322 0.2944716513156891 
vt 0.20130977034568787 0.2947155237197876 
vt 0.48739245533943176 0.2667914927005768 
vt 0.6106955409049988 0.30093443393707275 
vt 0.4848337769508362 0.2763027548789978 
vt 0.6080150604248047 0.3104456663131714 
vt 0.1981419026851654 0.719429075717926 
vt 0.1980200707912445 0.7352811694145203 
vt 0.1797439157962799 0.7193071246147156 
vt 0.17962206900119781 0.7351592183113098 
vt 0.1732863485813141 0.7350372672080994 
vt 0.17340818047523499 0.7191851735115051 
vt 0.08190559595823288 0.718453586101532 
vt 0.07093990594148636 0.8700237274169922 
vt 0.07873772829771042 0.8701456785202026 
vt 0.08190559595823288 0.8677068948745728 
vt 0.09311496466398239 0.8697798848152161 
vt 0.10188751667737961 0.8706334233283997 
vt 0.10298408567905426 0.8600247502326965 
vt 0.10615195333957672 0.8557568788528442 
vt 0.1727989763021469 0.9418458342552185 
vt 0.172677144408226 0.9337978363037109 
vt 0.2074018269777298 0.9417238831520081 
vt 0.2072799801826477 0.93355393409729 
vt 0.21154442429542542 0.9416019320487976 
vt 0.20922943949699402 0.93355393409729 
vt 0.3447166383266449 0.9407483339309692 
vt 0.346909761428833 0.932578444480896 
vt 0.3488592207431793 0.932578444480896 
vt 0.34837186336517334 0.9109952449798584 
vt 0.3839494287967682 0.9289202690124512 
vt 0.17218977212905884 0.930383563041687 
vt 0.2075236588716507 0.9119707345962524 
vt 0.21020416915416718 0.9092881083488464 
vt 0.34556952118873596 0.9084345102310181 
vt 0.0028307850006967783 0.16643570363521576 
vt 0.004049194976687431 0.10790498554706573 
vt 0.010384926572442055 0.16655763983726501 
vt 0.011481495574116707 0.10802692174911499 
vt 0.012578064575791359 0.055593155324459076 
vt 0.0051457639783620834 0.05547121539711952 
vt 0.02512768842279911 0.026937488466501236 
vt 0.020375888794660568 0.021084416657686234 
vt 0.04803379625082016 0.013402259908616543 
vt 0.04547513648867607 0.0059639811515808105 
vt 0.4725278317928314 0.6795549988746643 
vt 0.48970741033554077 0.6802866458892822 
vt 0.11492450535297394 0.663946807384491 
vt 0.11455897986888885 0.6599228382110596 
vt 0.1774289309978485 0.6454120874404907 
vt 0.17657604813575745 0.6416319608688354 
vt 0.18047496676445007 0.6415100693702698 
vt 0.18108417093753815 0.6280967593193054 
vt 0.1158992350101471 0.6113911271095276 
vt 0.17718525230884552 0.627243161201477 
vt 0.6109392046928406 0.4244586229324341 
vt 0.6145944595336914 0.3812922239303589 
vt 0.6459075808525085 0.427385151386261 
vt 0.6495628356933594 0.3842187523841858 
vt 0.6049690246582031 0.320810467004776 
vt 0.4817877411842346 0.28654563426971436 
vt 0.6076495051383972 0.31129923462867737 
vt 0.4843464195728302 0.2771563231945038 
vt 0.46765419840812683 0.3330043852329254 
vt 0.590835452079773 0.3673911690711975 
vt 0.46497368812561035 0.34251561760902405 
vt 0.5881549715995789 0.37690243124961853 
vt 0.35458576679229736 0.43945711851119995 
vt 0.46680131554603577 0.4409203827381134 
vt 0.3544639050960541 0.4481147825717926 
vt 0.46667948365211487 0.44957807660102844 
vt 0.5617154240608215 0.4521387815475464 
vt 0.5445358753204346 0.45116326212882996 
vt 0.274292528629303 0.3212982416152954 
vt 0.2739270031452179 0.3687325119972229 
vt 0.230551615357399 0.32337120175361633 
vt 0.2301860898733139 0.3708054721355438 
vt 0.35227078199386597 0.46799084544181824 
vt 0.46448633074760437 0.46957606077194214 
vt 0.3521489202976227 0.4766485095024109 
vt 0.46436449885368347 0.47811180353164673 
vt 0.0836113691329956 0.8166144490242004 
vt 0.0838550478219986 0.8008843064308167 
vt 0.1751139611005783 0.8174680471420288 
vt 0.1752357929944992 0.8016159534454346 
vt 0.18157152831554413 0.801737904548645 
vt 0.18144969642162323 0.8174680471420288 
vt 0.19996953010559082 0.8177118897438049 
vt 0.5953435897827148 0.3534901440143585 
vt 0.47216230630874634 0.31934720277786255 
vt 0.5980240702629089 0.3439788818359375 
vt 0.4747209846973419 0.3098359704017639 
vt 0.08227111399173737 0.7675949931144714 
vt 0.08239296078681946 0.7517428994178772 
vt 0.17377370595932007 0.768448531627655 
vt 0.17389555275440216 0.7525964975357056 
vt 0.18023128807544708 0.7525964975357056 
vt 0.180109441280365 0.768448531627655 
vt 0.1985074281692505 0.7685704827308655 
vt 0.8544993996620178 0.2872772514820099 
vt 0.8610787987709045 0.2911792993545532 
vt 0.8263540863990784 0.31483545899391174 
vt 0.8404876589775085 0.31129923462867737 
vt 0.10371513664722443 0.33239468932151794 
vt 0.10359328985214233 0.27166905999183655 
vt 0.1569596529006958 0.3266635537147522 
vt 0.1567159742116928 0.2659379243850708 
vt 0.22385035455226898 0.002671628026291728 
vt 0.2858674228191376 0.002183872042223811 
vt 0.22653086483478546 0.012914503924548626 
vt 0.2830650806427002 0.012670625932514668 
vt 0.3086516857147217 0.008402761071920395 
vt 0.30024465918540955 0.01535328384488821 
vt 0.3152311146259308 0.01632879674434662 
vt 0.30682408809661865 0.02327931858599186 
vt 0.5422208905220032 0.005110408179461956 
vt 0.5469726920127869 0.02413289248943329 
vt 0.5283310413360596 0.008646639063954353 
vt 0.5330828428268433 0.027547184377908707 
vt 0.4770359694957733 0.02157217264175415 
vt 0.4819096028804779 0.04047271981835365 
vt 0.5760926604270935 0.13985300064086914 
vt 0.5622028112411499 0.1433892399072647 
vt 0.5810881853103638 0.15936324000358582 
vt 0.5670764446258545 0.16289947926998138 
vt 0.5520899891853333 0.16655763983726501 
vt 0.5472163558006287 0.1471693366765976 
vt 0.5245539546012878 0.1735081672668457 
vt 0.5195584893226624 0.15411986410617828 
vt 0.4296398162841797 0.19704239070415497 
vt 0.43012717366218567 0.1750933676958084 
vt 0.41002342104911804 0.17716634273529053 
vt 0.40539345145225525 0.048886507749557495 
vt 0.40990155935287476 0.19923730194568634 
vt 0.1983855962753296 0.19996893405914307 
vt 0.1981419026851654 0.17789797484874725 
vt 0.17864735424518585 0.1977740228176117 
vt 0.17803815007209778 0.17594695091247559 
vt 0.0883631706237793 0.15546119213104248 
vt 0.20204082131385803 0.049496203660964966 
vt 0.18108417093753815 0.04876457154750824 
vt 0.20228450000286102 0.02937626838684082 
vt 0.18169337511062622 0.029132390394806862 
vt 0.40490609407424927 0.0287665743380785 
vt 0.42622825503349304 0.048032935708761215 
vt 0.4254972040653229 0.028400756418704987 
vt 0.45863795280456543 0.0462038516998291 
vt 0.14818710088729858 0.04705742374062538 
vt 0.14879630506038666 0.027425244450569153 
vt 0.18315546214580536 0.5029873251914978 
vt 0.18327730894088745 0.507011353969574 
vt 0.12004182487726212 0.5190833210945129 
vt 0.12077287584543228 0.5228633880615234 
vt 0.11687396466732025 0.522741436958313 
vt 0.11565554887056351 0.5362766981124878 
vt 0.18023128807544708 0.5554211139678955 
vt 0.11955446004867554 0.5372521877288818 
vt 0.9964441657066345 0.3705615997314453 
vt 0.9779242873191833 0.39653459191322327 
vt 0.9979062080383301 0.354587584733963 
vt 0.9725633263587952 0.38994988799095154 
vt 0.09689203649759293 0.909653902053833 
vt 0.06899044662714005 0.9137998223304749 
vt 0.0928712859749794 0.887948751449585 
vt 0.06655362993478775 0.8927043676376343 
vt 0.08811948448419571 0.886241614818573 
vt 0.06679730862379074 0.8894120454788208 
vt 0.04876484349370003 0.9148972630500793 
vt 0.048643000423908234 0.8940457105636597 
vt 0.04779011383652687 0.8906314373016357 
vt 0.02147245779633522 0.9136778712272644 
vt 0.023665595799684525 0.8927043676376343 
vt 0.025005847215652466 0.8895339965820312 
vt 0.0010031700367107987 0.910873293876648 
vt 0.00465840008109808 0.8892900943756104 
vt 0.00806994829326868 0.8855099678039551 
vt 0.1544009894132614 0.3740978240966797 
vt 0.1544009894132614 0.3940958082675934 
vt 0.08556082099676132 0.3506855368614197 
vt 0.08105270564556122 0.3604406416416168 
vt 0.07861588895320892 0.3348334729671478 
vt 0.06923413276672363 0.3403207063674927 
vt 0.06448233127593994 0.2805705964565277 
vt 0.05400400608778 0.28069254755973816 
vt 0.0836113691329956 0.17497143149375916 
vt 0.06070525944232941 0.14863261580467224 
vt 0.055953461676836014 0.16814285516738892 
vt 0.04571881517767906 0.14497444033622742 
vt 0.04096701741218567 0.1644846796989441 
vt 0.02695530280470848 0.16107039153575897 
vt 0.031707100570201874 0.1415601521730423 
vt 0.07410777360200882 0.029010452330112457 
vt 0.06009605526924133 0.02559616044163704 
vt 0.07873772829771042 0.009987968020141125 
vt 0.06472600996494293 0.006573676131665707 
vt 0.12869253754615784 0.022303806617856026 
vt 0.12406258285045624 0.04132629185914993 
vt 0.039017561823129654 0.17241071164608002 
vt 0.025005847215652466 0.1689964234828949 
vt 0.41709017753601074 0.32495641708374023 
vt 0.4185522794723511 0.3682447373867035 
vt 0.3819999694824219 0.3260538578033447 
vt 0.3834620714187622 0.36934220790863037 
vt 0.024640323594212532 0.12778104841709137 
vt 0.028051871806383133 0.03888751193881035 
vt 0.03475312516093254 0.12814685702323914 
vt 0.0380428321659565 0.03925332799553871 
vt 0.028295554220676422 0.029864024370908737 
vt 0.03840835765004158 0.03022984229028225 
vt 0.42366960644721985 0.2906915545463562 
vt 0.410510778427124 0.29032573103904724 
vt 0.42403513193130493 0.28069254755973816 
vt 0.4108763039112091 0.2803267240524292 
vt 0.2393241673707962 0.28496041893959045 
vt 0.2396896928548813 0.2749614119529724 
vt 0.22640901803970337 0.27459558844566345 
vt 0.22616533935070038 0.2845945954322815 
vt 0.7036601901054382 0.7060157656669617 
vt 0.6398155093193054 0.7667413949966431 
vt 0.698421061038971 0.7029672861099243 
vt 0.6292153596878052 0.7614980340003967 
vt 0.636647641658783 0.9137998223304749 
vt 0.62568199634552 0.9185554385185242 
vt 0.6923289895057678 0.9800127148628235 
vt 0.6976900100708008 0.9773300290107727 
vt 0.2371310293674469 0.8955090045928955 
vt 0.4319548010826111 0.896118700504303 
vt 0.2371310293674469 0.9052640795707703 
vt 0.43938708305358887 0.9058737754821777 
vt 0.09993806481361389 0.35080745816230774 
vt 0.08872868865728378 0.35446563363075256 
vt 0.07727563381195068 0.2819119393825531 
vt 0.06704099476337433 0.28520429134368896 
vt 0.0744732916355133 0.2728884518146515 
vt 0.06411680579185486 0.27618080377578735 
vt 0.35227078199386597 0.4779898524284363 
vt 0.46448633074760437 0.47945311665534973 
vt 0.3521489202976227 0.48664751648902893 
vt 0.46436449885368347 0.4881107807159424 
vt 0.2257998138666153 0.29532521963119507 
vt 0.22616533935070038 0.2853262424468994 
vt 0.23895864188671112 0.29569104313850403 
vt 0.2393241673707962 0.285692036151886 
vt 0.410510778427124 0.2910573482513428 
vt 0.41026708483695984 0.3010563552379608 
vt 0.42366960644721985 0.29142317175865173 
vt 0.42342591285705566 0.3014221787452698 
vt 0.8074687719345093 0.6415100693702698 
vt 0.8069813847541809 0.647485077381134 
vt 0.8066158890724182 0.7008943557739258 
vt 0.7979651689529419 0.7012601494789124 
vt 0.8046663999557495 0.7116249799728394 
vt 0.7960156798362732 0.7121127247810364 
vt 0.8035698533058167 0.7186974287033081 
vt 0.7951627969741821 0.7171122431755066 
vt 0.8387818932533264 0.7158928513526917 
vt 0.8398784399032593 0.7088204026222229 
vt 0.8469452261924744 0.7169902920722961 
vt 0.8481636643409729 0.708088755607605 
vt 0.8412187099456787 0.6984555721282959 
vt 0.8493820428848267 0.6976019740104675 
vt 0.8543775081634521 0.6472411751747131 
vt 0.5983895659446716 0.34227174520492554 
vt 0.4752083420753479 0.30812883377075195 
vt 0.6010701060295105 0.3327605128288269 
vt 0.4777669906616211 0.29861757159233093 
vt 0.07496065646409988 0.272644579410553 
vt 0.0838550478219986 0.2702057957649231 
vt 0.10030358284711838 0.34812480211257935 
vt 0.10456801950931549 0.3450763523578644 
vt 0.12150391936302185 0.37019577622413635 
vt 0.4312237501144409 0.20643170177936554 
vt 0.4113636612892151 0.20826077461242676 
vt 0.8780146837234497 0.1889944225549698 
vt 0.8978747725486755 0.17582501471042633 
vt 0.8824009895324707 0.19387197494506836 
vt 0.9095715284347534 0.17582501471042633 
vt 0.8979966044425964 0.166069895029068 
vt 0.9098151922225952 0.166069895029068 
vt 0.9096933603286743 0.15265659987926483 
vt 0.8979966044425964 0.1527785360813141 
vt 0.8977529406547546 0.07095746695995331 
vt 0.9083530902862549 0.07083553075790405 
vt 0.8976311087608337 0.057300299406051636 
vt 0.9083530902862549 0.05717835947871208 
vt 0.8972655534744263 0.009987968020141125 
vt 0.9079875946044922 0.009866029024124146 
vt 0.17706342041492462 0.20716333389282227 
vt 0.19692349433898926 0.20887047052383423 
vt 0.5691477656364441 0.17070357501506805 
vt 0.5830376148223877 0.16728927195072174 
vt 0.22714006900787354 0.2524026930332184 
vt 0.22750559449195862 0.24240370094776154 
vt 0.24029889702796936 0.25276851654052734 
vt 0.24066442251205444 0.2427695244550705 
vt 0.41185101866722107 0.24813483655452728 
vt 0.4116073548793793 0.25813382863998413 
vt 0.4250098466873169 0.24850064516067505 
vt 0.4247661828994751 0.2584996521472931 
vt 0.31364718079566956 0.1703377515077591 
vt 0.26612919569015503 0.166069895029068 
vt 0.3175460994243622 0.1229034811258316 
vt 0.2696625888347626 0.11826980113983154 
vt 0.32315078377723694 0.3730003833770752 
vt 0.280019074678421 0.3711712956428528 
vt 0.3202265799045563 0.32410281896591187 
vt 0.27709487080574036 0.32227376103401184 
vt 0.3633583188056946 0.36995190382003784 
vt 0.3283899426460266 0.36812281608581543 
vt 0.3656732738018036 0.3266635537147522 
vt 0.3305830657482147 0.3248344659805298 
vt 0.7290031313896179 0.33349213004112244 
vt 0.6869680285453796 0.3322727382183075 
vt 0.7304652333259583 0.28154611587524414 
vt 0.6884300708770752 0.2803267240524292 
vt 0.588886022567749 0.225454181432724 
vt 0.5422208905220032 0.2241128534078598 
vt 0.5899825692176819 0.177776038646698 
vt 0.5429519414901733 0.17594695091247559 
vt 0.737897515296936 0.27532723546028137 
vt 0.6926945447921753 0.2769124507904053 
vt 0.7363135814666748 0.22752714157104492 
vt 0.6911106109619141 0.22911235690116882 
vt 0.4496217370033264 0.212894469499588 
vt 0.46960365772247314 0.21496742963790894 
vt 0.5866928696632385 0.8966064453125 
vt 0.5780421495437622 0.8964844942092896 
vt 0.038286514580249786 0.4414081573486328 
vt 0.05095798149704933 0.4422617256641388 
vt 0.7532495260238647 0.3810483515262604 
vt 0.7361917495727539 0.35263654589653015 
vt 0.7605599761009216 0.37665852904319763 
vt 0.7435021996498108 0.3482467532157898 
vt 0.7320491671562195 0.3458079695701599 
vt 0.7393596172332764 0.34141817688941956 
vt 0.7333894371986389 0.32739517092704773 
vt 0.7417964339256287 0.3280048668384552 
vt 0.7475229501724243 0.2781318426132202 
vt 0.7544679045677185 0.2827655076980591 
vt 0.7617783546447754 0.2470373809337616 
vt 0.7547115683555603 0.24240370094776154 
vt 0.6326268911361694 0.24972003698349 
vt 0.6279969811439514 0.2550853490829468 
vt 0.6110610365867615 0.2355751246213913 
vt 0.5983895659446716 0.2355751246213913 
vt 0.6109392046928406 0.22496642172336578 
vt 0.5981459021568298 0.22496642172336578 
vt 0.5981459021568298 0.21045568585395813 
vt 0.6109392046928406 0.21045568585395813 
vt 0.6106955409049988 0.1213182732462883 
vt 0.5989987850189209 0.1213182732462883 
vt 0.6106955409049988 0.10631977766752243 
vt 0.5989987850189209 0.10631977766752243 
vt 0.598876953125 0.0547395795583725 
vt 0.6105737090110779 0.0547395795583725 
vt 0.48130038380622864 0.28715530037879944 
vt 0.6046034693717957 0.3212982416152954 
vt 0.47861990332603455 0.29666656255722046 
vt 0.6019229888916016 0.33080947399139404 
vt 0.6906232237815857 0.4318968951702118 
vt 0.6673516035079956 0.44213977456092834 
vt 0.6873335242271423 0.42689740657806396 
vt 0.6658895015716553 0.43628671765327454 
vt 0.6560204029083252 0.44372498989105225 
vt 0.6545583009719849 0.4384816288948059 
vt 0.5470945239067078 0.42238566279411316 
vt 0.5442922115325928 0.4271412789821625 
vt 0.5368598699569702 0.41702035069465637 
vt 0.5338138341903687 0.42238566279411316 
vt 0.5188274383544922 0.40189990401268005 
vt 0.5140756368637085 0.4058019518852234 
vt 0.009532039985060692 0.17009387910366058 
vt 0.008922834880650043 0.22630774974822998 
vt 0.0023434211034327745 0.16997194290161133 
vt 0.0017342159990221262 0.22618581354618073 
vt 0.008313629776239395 0.2765466272830963 
vt 0.0011250110110267997 0.2765466272830963 
vt 0.01940116100013256 0.30447065830230713 
vt 0.014649362303316593 0.30995792150497437 
vt 0.04072333499789238 0.31800588965415955 
vt 0.0380428321659565 0.32520028948783875 
vt 0.04316015541553497 0.6585814952850342 
vt 0.04316015541553497 0.6545575261116028 
vt 0.10700484365224838 0.6454120874404907 
vt 0.10639563202857971 0.6415100693702698 
vt 0.11029455065727234 0.6417539119720459 
vt 0.11212216317653656 0.628462553024292 
vt 0.04852116107940674 0.6062696576118469 
vt 0.10822325199842453 0.627243161201477 
vt 0.4960431456565857 0.05364213138818741 
vt 0.49190056324005127 0.10180803388357162 
vt 0.44840332865715027 0.04961814358830452 
vt 0.44426071643829346 0.09766210615634918 
vt 0.354098379611969 0.44909030199050903 
vt 0.4661920964717865 0.4505535662174225 
vt 0.3539765477180481 0.4577479660511017 
vt 0.4660702645778656 0.45921123027801514 
vt 0.047911953181028366 0.5150592923164368 
vt 0.047911953181028366 0.5111572742462158 
vt 0.11175663769245148 0.5021337866783142 
vt 0.1112692728638649 0.4982317388057709 
vt 0.11516818404197693 0.49859753251075745 
vt 0.11699580401182175 0.4851842522621155 
vt 0.05339479818940163 0.4629913568496704 
vt 0.11309689283370972 0.48396486043930054 
vt 0.5855962634086609 0.16911835968494415 
vt 0.5768237113952637 0.12778104841709137 
vt 0.5937596559524536 0.16350917518138885 
vt 0.5847433805465698 0.12241572886705399 
vt 0.5695132613182068 0.06998195499181747 
vt 0.5596441626548767 0.07083553075790405 
vt 0.5664672255516052 0.05449570342898369 
vt 0.5579383969306946 0.04937426373362541 
vt 0.5712190270423889 0.04644772782921791 
vt 0.5625683665275574 0.04144823178648949 
vt 0.5823065638542175 0.007915005087852478 
vt 0.7609254717826843 0.5199368596076965 
vt 0.7480103373527527 0.5168883800506592 
vt 0.7633622884750366 0.506279706954956 
vt 0.750447154045105 0.5040848255157471 
vt 0.7651899456977844 0.49274447560310364 
vt 0.7525184750556946 0.4912812113761902 
vt 0.7661646604537964 0.47945311665534973 
vt 0.7537368535995483 0.47884342074394226 
vt 0.7664083242416382 0.46640563011169434 
vt 0.7541024088859558 0.4665275812149048 
vt 0.7659209966659546 0.45360204577445984 
vt 0.7537368535995483 0.45433369278907776 
vt 0.7645807266235352 0.44079846143722534 
vt 0.7526403069496155 0.44238367676734924 
vt 0.7626312375068665 0.4281167984008789 
vt 0.7506908178329468 0.43043363094329834 
vt 0.7599507570266724 0.4155570864677429 
vt 0.7480103373527527 0.4184836149215698 
vt 0.7564173936843872 0.4028754234313965 
vt 0.7444769740104675 0.40665552020072937 
vt 0.7520310878753662 0.3903157114982605 
vt 0.7402125000953674 0.39494937658309937 
vt 0.7469137907028198 0.3777559995651245 
vt 0.735095202922821 0.3831213116645813 
vt 0.7410653829574585 0.3651962876319885 
vt 0.7294905185699463 0.3714151680469513 
vt 0.7436240911483765 0.5029873251914978 
vt 0.7459390163421631 0.49054956436157227 
vt 0.7472792863845825 0.4784775972366333 
vt 0.7477666735649109 0.46664953231811523 
vt 0.7475229501724243 0.45494338870048523 
vt 0.7464264035224915 0.4433591663837433 
vt 0.7444769740104675 0.43177497386932373 
vt 0.7419182658195496 0.42031270265579224 
vt 0.7385067343711853 0.4089723825454712 
vt 0.7341204881668091 0.39763206243515015 
vt 0.7287594676017761 0.38616979122161865 
vt 0.7221800684928894 0.3737320005893707 
vt 0.7435021996498108 0.4901837408542633 
vt 0.7448424696922302 0.47835567593574524 
vt 0.7453298568725586 0.46664953231811523 
vt 0.745086133480072 0.4550653100013733 
vt 0.7439895868301392 0.4436030387878418 
vt 0.7421619892120361 0.43226271867752075 
vt 0.7396033406257629 0.4209223985671997 
vt 0.7361917495727539 0.4098259508609772 
vt 0.7319273352622986 0.3986075520515442 
vt 0.7264444828033447 0.38726723194122314 
vt 0.7191340327262878 0.37556108832359314 
vt 0.7303434014320374 0.4877449572086334 
vt 0.7318055033683777 0.47701433300971985 
vt 0.732414722442627 0.4662837088108063 
vt 0.7321709990501404 0.45567500591278076 
vt 0.7311962842941284 0.44506633281707764 
vt 0.7294905185699463 0.43470150232315063 
vt 0.7269318699836731 0.424336701631546 
vt 0.7237640023231506 0.41409382224082947 
vt 0.7196213603019714 0.4040948152542114 
vt 0.7143822312355042 0.39446163177490234 
vt 0.7079246640205383 0.38543814420700073 
vt 0.7276629209518433 0.49835366010665894 
vt 0.7411872744560242 0.5023776292800903 
vt 0.7237640023231506 0.5088404417037964 
vt 0.7369228005409241 0.5156689882278442 
vt 0.7403343319892883 0.5166445374488831 
vt 0.2947618067264557 0.48286741971969604 
vt 0.3562915325164795 0.5001827478408813 
vt 0.2945181429386139 0.4867694675922394 
vt 0.3555604815483093 0.5039628744125366 
vt 0.2964676022529602 0.5343256592750549 
vt 0.3562915325164795 0.5179858207702637 
vt 0.35933753848075867 0.5039628744125366 
vt 0.3601904511451721 0.5171322822570801 
vt 0.6610158681869507 0.9261156916618347 
vt 0.6705194711685181 0.8807543516159058 
vt 0.6926945447921753 0.9327003955841064 
vt 0.7021981477737427 0.8873390555381775 
vt 0.7091430425643921 0.9256279468536377 
vt 0.7177937626838684 0.8842905759811401 
vt 0.6980555057525635 0.7490602731704712 
vt 0.7297341823577881 0.7556449770927429 
vt 0.7427711486816406 0.7646684646606445 
vt 0.7075591087341309 0.7036989331245422 
vt 0.7392377853393555 0.710283637046814 
vt 0.7514218688011169 0.7234530448913574 
vt 0.3488592207431793 0.9407483339309692 
vt 0.3834620714187622 0.9323345422744751 
vt 0.3834620714187622 0.9405044913291931 
vt 0.36603879928588867 0.6396809816360474 
vt 0.30438727140426636 0.6233411431312561 
vt 0.36628249287605286 0.6357789039611816 
vt 0.30511829257011414 0.6195610165596008 
vt 0.3636019825935364 0.5883446335792542 
vt 0.3041435778141022 0.6055380702018738 
vt 0.3013412356376648 0.6196829676628113 
vt 0.30024465918540955 0.6065135598182678 
vt 0.07995613664388657 0.7021137475967407 
vt 0.08032166212797165 0.7197948694229126 
vt 0.06472600996494293 0.7023575901985168 
vt 0.06496969610452652 0.7200387716293335 
vt 0.06509153544902802 0.7262576818466187 
vt 0.08032166212797165 0.7260137796401978 
vt 0.08166190981864929 0.8141756653785706 
vt 0.627631425857544 0.7547913789749146 
vt 0.6272659301757812 0.7795450091362 
vt 0.618493378162384 0.7546694278717041 
vt 0.6181278228759766 0.7794230580329895 
vt 0.5964401364326477 0.7790572643280029 
vt 0.5968056321144104 0.7543036341667175 
vt 0.5795042514801025 0.778813362121582 
vt 0.5798697471618652 0.7540597319602966 
vt 0.5717064142227173 0.7707653641700745 
vt 0.5718282461166382 0.7618638277053833 
vt 0.5580602288246155 0.7690582275390625 
vt 0.5580602288246155 0.7632051706314087 
vt 0.5522118806838989 0.7690582275390625 
vt 0.5522118806838989 0.7632051706314087 
vt 0.5385656356811523 0.7705215215682983 
vt 0.5385656356811523 0.7616199851036072 
vt 0.530646026134491 0.7784475684165955 
vt 0.530646026134491 0.7538158893585205 
vt 0.5053030848503113 0.7784475684165955 
vt 0.5053030848503113 0.7538158893585205 
vt 0.46728867292404175 0.7784475684165955 
vt 0.46728867292404175 0.7538158893585205 
vt 0.45144933462142944 0.7538158893585205 
vt 0.11309689283370972 0.5552991628646851 
vt 0.0516890250146389 0.533594012260437 
vt 0.1135842576622963 0.5513971447944641 
vt 0.05278559401631355 0.5298139452934265 
vt 0.11492450535297394 0.5028654336929321 
vt 0.05290743708610535 0.5154251456260681 
vt 0.04888668283820152 0.5295700430870056 
vt 0.04888668283820152 0.5160348415374756 
vt 0.10298408567905426 0.03986302390694618 
vt 0.10773588716983795 0.050959471613168716 
vt 0.09567362815141678 0.04352119192481041 
vt 0.10066910833120346 0.05327631160616875 
vt 0.08897237479686737 0.04766711965203285 
vt 0.09469889849424362 0.0563247874379158 
vt 0.08312400430440903 0.05230079963803291 
vt 0.08958157896995544 0.05998295918107033 
vt 0.07800668478012085 0.05742223933339119 
vt 0.08507346361875534 0.06412888318300247 
vt 0.07349856197834015 0.06290949136018753 
vt 0.08117454499006271 0.06864062696695328 
vt 0.06972149759531021 0.06851869076490402 
vt 0.07776299864053726 0.07351818680763245 
vt 0.06655362993478775 0.07449369877576828 
vt 0.07483881711959839 0.07863962650299072 
vt 0.06387312710285187 0.08046870678663254 
vt 0.0724019929766655 0.08400493860244751 
vt 0.061679989099502563 0.0866876021027565 
vt 0.07045254111289978 0.0893702581524849 
vt 0.06009605526924133 0.09315036237239838 
vt 0.06911228597164154 0.09497945010662079 
vt 0.05887764319777489 0.09961313009262085 
vt 0.06813756376504898 0.10083252191543579 
vt 0.05826843902468681 0.10631977766752243 
vt 0.0676501989364624 0.1066855937242508 
vt 0.05826843902468681 0.11314836144447327 
vt 0.0677720382809639 0.1125386655330658 
vt 0.05887764319777489 0.12022082507610321 
vt 0.06850308179855347 0.11851368099451065 
vt 0.06033973768353462 0.12729328870773315 
vt 0.0699651762843132 0.12448868900537491 
vt 0.06265471875667572 0.13448768854141235 
vt 0.0721583142876625 0.1303417682647705 
vt 0.06582257896661758 0.1415601521730423 
vt 0.07544802129268646 0.1361948400735855 
vt 0.0699651762843132 0.1487545520067215 
vt 0.08007797598838806 0.1420479118824005 
vt 0.10810141265392303 0.060714591294527054 
vt 0.10334961116313934 0.06181204319000244 
vt 0.09871964901685715 0.06388500332832336 
vt 0.09457705914974213 0.06668960303068161 
vt 0.0906781479716301 0.07010389864444733 
vt 0.08738844096660614 0.07400594651699066 
vt 0.08434241265058517 0.07815186679363251 
vt 0.08178375661373138 0.08254167437553406 
vt 0.07971245795488358 0.08717535436153412 
vt 0.07800668478012085 0.09193097800016403 
vt 0.0767882689833641 0.09693047404289246 
vt 0.07605722546577454 0.10192997753620148 
vt 0.07569169998168945 0.10705140978097916 
vt 0.07593538612127304 0.11217284947633743 
vt 0.07666642963886261 0.11717234551906586 
vt 0.07800668478012085 0.12204990535974503 
vt 0.07995613664388657 0.12668359279632568 
vt 0.08251480013132095 0.13095144927501678 
vt 0.08580450713634491 0.13424381613731384 
vt 0.301584929227829 0.6241946816444397 
vt 0.3634801506996155 0.6401687264442444 
vt 0.3014630675315857 0.6280967593193054 
vt 0.3627490997314453 0.6439488530158997 
vt 0.30426540970802307 0.6756529808044434 
vt 0.36384567618370056 0.6580937504768372 
vt 0.36664801836013794 0.6439488530158997 
vt 0.3677445948123932 0.6571182608604431 
vt 0.45096197724342346 0.8053960800170898 
vt 0.45120567083358765 0.7808863520622253 
vt 0.46667948365211487 0.8055180311203003 
vt 0.46692314743995667 0.781008243560791 
vt 0.504693865776062 0.7813740968704224 
vt 0.5044502019882202 0.8058838248252869 
vt 0.5297930836677551 0.7816179394721985 
vt 0.5295494198799133 0.8061277270317078 
vt 0.5375909209251404 0.7895439863204956 
vt 0.5375909209251404 0.7984455227851868 
vt 0.5511152744293213 0.7912511229515076 
vt 0.5511152744293213 0.7969822883605957 
vt 0.5570855140686035 0.7912511229515076 
vt 0.5570855140686035 0.7969822883605957 
vt 0.5708535313606262 0.789665937423706 
vt 0.5708535313606262 0.7985674738883972 
vt 0.5788950324058533 0.7816179394721985 
vt 0.5788950324058533 0.8066154718399048 
vt 0.5959527492523193 0.7816179394721985 
vt 0.5958309173583984 0.8067374229431152 
vt 0.6178841590881348 0.7816179394721985 
vt 0.6177623271942139 0.8067374229431152 
vt 0.6271440982818604 0.8067374229431152 
vt 0.20776735246181488 0.47567301988601685 
vt 0.2052086889743805 0.4807944595813751 
vt 0.202528178691864 0.4739658534526825 
vt 0.20179714262485504 0.47969698905944824 
vt 0.19680166244506836 0.4739658534526825 
vt 0.1981419026851654 0.4798189401626587 
vt 0.1910751312971115 0.4760388135910034 
vt 0.19473035633563995 0.48128220438957214 
vt 0.18717621266841888 0.4807944595813751 
vt 0.19229353964328766 0.48396486043930054 
vt 0.18522676825523376 0.4861597716808319 
vt 0.19095328450202942 0.48737916350364685 
vt 0.18510492146015167 0.49164700508117676 
vt 0.19070960581302643 0.4910373091697693 
vt 0.1866888552904129 0.4968903958797455 
vt 0.19168433547019958 0.4944516122341156 
vt 0.18985672295093536 0.5012801885604858 
vt 0.1937556266784668 0.4973781406879425 
vt 0.19412115216255188 0.5045725703239441 
vt 0.19667981564998627 0.4994511008262634 
vt 0.19948215782642365 0.506279706954956 
vt 0.2002132087945938 0.5005485415458679 
vt 0.2052086889743805 0.506279706954956 
vt 0.20386843383312225 0.5004266500473022 
vt 0.21093522012233734 0.5043286681175232 
vt 0.2071581482887268 0.4989633560180664 
vt 0.21471227705478668 0.4995730519294739 
vt 0.209716796875 0.496280699968338 
vt 0.216661736369133 0.4942077398300171 
vt 0.21105705201625824 0.4928663969039917 
vt 0.216905415058136 0.4885985553264618 
vt 0.21117889881134033 0.4893301725387573 
vt 0.21532149612903595 0.48335516452789307 
vt 0.21020416915416718 0.48579394817352295 
vt 0.2121536284685135 0.4789653718471527 
vt 0.20813286304473877 0.48286741971969604 
vt 0.20094424486160278 0.4901837408542633 
vt 0.2053305208683014 0.605050265789032 
vt 0.20813286304473877 0.5979778170585632 
vt 0.21117889881134033 0.6037089824676514 
vt 0.21093522012233734 0.5956609845161438 
vt 0.21556517481803894 0.5994411110877991 
vt 0.21276283264160156 0.5923686027526855 
vt 0.21824567019939423 0.5943196415901184 
vt 0.21337203681468964 0.5888323783874512 
vt 0.2189767211675644 0.5888323783874512 
vt 0.21276283264160156 0.5852961540222168 
vt 0.21800199151039124 0.5834670662879944 
vt 0.21105705201625824 0.5821257829666138 
vt 0.21544332802295685 0.5787114500999451 
vt 0.20837655663490295 0.5796869993209839 
vt 0.21154442429542542 0.5749313831329346 
vt 0.2050868421792984 0.578223705291748 
vt 0.20642709732055664 0.5726144909858704 
vt 0.20143161714076996 0.5779798030853271 
vt 0.20082241296768188 0.5720047950744629 
vt 0.19789822399616241 0.578955352306366 
vt 0.19485220313072205 0.5732241868972778 
vt 0.19509588181972504 0.5813941359519958 
vt 0.19046592712402344 0.5774920582771301 
vt 0.1933901160955429 0.5845645070075989 
vt 0.18790726363658905 0.5826135277748108 
vt 0.19278089702129364 0.588100790977478 
vt 0.18705438077449799 0.588100790977478 
vt 0.1933901160955429 0.5916370153427124 
vt 0.18802911043167114 0.5934661030769348 
vt 0.19509588181972504 0.5948073863983154 
vt 0.19058775901794434 0.5982217192649841 
vt 0.19765454530715942 0.5972461700439453 
vt 0.19460852444171906 0.6020017862319946 
vt 0.20094424486160278 0.5987094640731812 
vt 0.19960400462150574 0.6043186783790588 
vt 0.20459948480129242 0.5990752577781677 
vt 0.2030155509710312 0.5884665846824646 
vt 0.4136786460876465 0.6444365978240967 
vt 0.4228167235851288 0.6430952548980713 
vt 0.4163591265678406 0.6466314792633057 
vt 0.4247661828994751 0.6490702629089355 
vt 0.4173338711261749 0.6493141651153564 
vt 0.42354774475097656 0.6551672220230103 
vt 0.41660282015800476 0.6522406935691833 
vt 0.4198925197124481 0.6604105830192566 
vt 0.41416600346565247 0.6548014283180237 
vt 0.41428783535957336 0.664434552192688 
vt 0.41038891673088074 0.6568743586540222 
vt 0.40770843625068665 0.6667514443397522 
vt 0.40588080883026123 0.6580937504768372 
vt 0.40051981806755066 0.6671172380447388 
vt 0.40100717544555664 0.6584595441818237 
vt 0.39357486367225647 0.6656539440155029 
vt 0.39649906754493713 0.6577279567718506 
vt 0.38760465383529663 0.6623616218566895 
vt 0.3926001489162445 0.6562646627426147 
vt 0.3833402395248413 0.6574840545654297 
vt 0.389919638633728 0.6539478302001953 
vt 0.381390780210495 0.6516309976577759 
vt 0.3888230621814728 0.6512651443481445 
vt 0.38260918855667114 0.6455340385437012 
vt 0.38967597484588623 0.6484605669975281 
vt 0.3863862454891205 0.6401687264442444 
vt 0.3921127915382385 0.6458998322486877 
vt 0.39186909794807434 0.6362666487693787 
vt 0.39576801657676697 0.6438269019126892 
vt 0.39857035875320435 0.6339498162269592 
vt 0.4002761244773865 0.6424855589866638 
vt 0.40563714504241943 0.6335840225219727 
vt 0.40514975786209106 0.6422416567802429 
vt 0.41258206963539124 0.6350472569465637 
vt 0.40977972745895386 0.6428513526916504 
vt 0.4185522794723511 0.638339638710022 
vt 0.4336605668067932 0.6374860405921936 
vt 0.43780314922332764 0.6482166647911072 
vt 0.43500080704689026 0.6594350934028625 
vt 0.4287869334220886 0.6685805320739746 
vt 0.4202580451965332 0.6751652359962463 
vt 0.41014525294303894 0.6788234114646912 
vt 0.3994232416152954 0.6794331073760986 
vt 0.38906675577163696 0.6769943237304688 
vt 0.3796849846839905 0.6715070605278015 
vt 0.3724963665008545 0.6632152199745178 
vt 0.36835378408432007 0.6523626446723938 
vt 0.37115612626075745 0.6411442160606384 
vt 0.37737002968788147 0.6321207284927368 
vt 0.3858988881111145 0.6255360245704651 
vt 0.39601168036460876 0.6218778491020203 
vt 0.4067336916923523 0.6212681531906128 
vt 0.41721203923225403 0.6237069368362427 
vt 0.4264719486236572 0.6291942000389099 
vt 0.8013767004013062 0.7304036021232605 
vt 0.8030824661254883 0.7225995063781738 
vt 0.809661865234375 0.7322326898574829 
vt 0.8114895224571228 0.7244285941123962 
vt 0.8147792220115662 0.7334520816802979 
vt 0.8164849877357483 0.7255260348320007 
vt 0.8201402425765991 0.7363786101341248 
vt 0.8259885907173157 0.731013298034668 
vt 0.8423152565956116 0.7841786742210388 
vt 0.7681140899658203 0.7147954106330872 
vt 0.7662864923477173 0.7225995063781738 
vt 0.7598289251327515 0.7128443717956543 
vt 0.7580013275146484 0.7207704186439514 
vt 0.7483758926391602 0.7636929154396057 
vt 0.756661057472229 0.7655220031738281 
vt 0.7471574544906616 0.7686924338340759 
vt 0.7554426193237305 0.7706434726715088 
vt 0.7192558646202087 0.9300177097320557 
vt 0.7108488082885742 0.9281886219978333 
vt 0.7180374264717102 0.9351391792297363 
vt 0.7097522616386414 0.9331881403923035 
vt 0.708290159702301 0.9780616760253906 
vt 0.6998831629753113 0.9762325882911682 
vt 0.6981773972511292 0.9840366840362549 
vt 0.706462562084198 0.9859877228736877 
vt 0.7433803677558899 0.9861096739768982 
vt 0.7415527701377869 0.9939137697219849 
vt 0.7516655921936035 0.9879387617111206 
vt 0.7499598264694214 0.9958648085594177 
vt 0.7567828893661499 0.9891581535339355 
vt 0.7550771236419678 0.9969622492790222 
vt 0.7629967927932739 0.9886704087257385 
vt 0.7660428285598755 0.9961086511611938 
vt 0.8038135170936584 0.9547713398933411 
vt 0.7969903945922852 0.9524545073509216 
vt 0.801620364189148 0.9475769400596619 
vt 0.8057629466056824 0.9484305381774902 
vt 0.8033261299133301 0.9403825402259827 
vt 0.8074687719345093 0.941236138343811 
vt 0.8357358574867249 0.7969822883605957 
vt 0.8397566080093384 0.7979577779769897 
vt 0.8413405418395996 0.7907633781433105 
vt 0.8373197913169861 0.7897878885269165 
vt 0.8352484703063965 0.7833251357078552 
vt 0.8625409007072449 0.35556310415267944 
vt 0.870460569858551 0.3599528968334198 
vt 0.8245264887809753 0.35556310415267944 
vt 0.8166068196296692 0.3599528968334198 
vt 0.8245264887809753 0.32471251487731934 
vt 0.8166068196296692 0.3221518099308014 
vt 0.8625409007072449 0.32471251487731934 
vt 0.870460569858551 0.3221518099308014 
vt 0.9126175045967102 0.3795850872993469 
vt 0.9149324893951416 0.38324323296546936 
vt 0.8933666348457336 0.3882427513599396 
vt 0.8945850729942322 0.3923886716365814 
vt 0.8725318312644958 0.3911692798137665 
vt 0.8725318312644958 0.39555907249450684 
vt 0.851818859577179 0.3882427513599396 
vt 0.8506004810333252 0.3923886716365814 
vt 0.8325679898262024 0.3795850872993469 
vt 0.830253005027771 0.3833651840686798 
vt 0.8164849877357483 0.36592790484428406 
vt 0.813073456287384 0.36885443329811096 
vt 0.8049100637435913 0.34812480211257935 
vt 0.8007674813270569 0.34995388984680176 
vt 0.7989398837089539 0.3277609944343567 
vt 0.794431746006012 0.32837069034576416 
vt 0.7994272708892822 0.30654361844062805 
vt 0.7950409650802612 0.30581197142601013 
vt 0.805884838104248 0.2866675555706024 
vt 0.8019859194755554 0.28471654653549194 
vt 0.817703366279602 0.2694741487503052 
vt 0.8144136667251587 0.26654762029647827 
vt 0.8335427045822144 0.2563047409057617 
vt 0.831227719783783 0.25276851654052734 
vt 0.8523062467575073 0.24813483655452728 
vt 0.8510878086090088 0.24398891627788544 
vt 0.8725318312644958 0.24533024430274963 
vt 0.8725318312644958 0.24106237292289734 
vt 0.8927574753761292 0.24813483655452728 
vt 0.893854022026062 0.24398891627788544 
vt 0.9115209579467773 0.2563047409057617 
vt 0.9137141108512878 0.2526465654373169 
vt 0.9273602962493896 0.2693522274494171 
vt 0.9305281639099121 0.26654762029647827 
vt 0.9390570521354675 0.28654563426971436 
vt 0.943077802658081 0.2845945954322815 
vt 0.9456364512443542 0.3064216673374176 
vt 0.9500226974487305 0.30569005012512207 
vt 0.9461237788200378 0.32763907313346863 
vt 0.9506319165229797 0.32812681794166565 
vt 0.9401535987854004 0.3480028808116913 
vt 0.9442961812019348 0.3498319685459137 
vt 0.9287005662918091 0.365805983543396 
vt 0.9319902658462524 0.3687325119972229 
vt 0.9167601466178894 0.38616979122161865 
vt 0.8955597877502441 0.3956810235977173 
vt 0.8725318312644958 0.39897337555885315 
vt 0.8496257066726685 0.3956810235977173 
vt 0.8283035755157471 0.3862917125225067 
vt 0.8105147480964661 0.3711712956428528 
vt 0.7975996136665344 0.3514171540737152 
vt 0.7908983826637268 0.3287365138530731 
vt 0.7915076017379761 0.3053242266178131 
vt 0.7989398837089539 0.2832532525062561 
vt 0.8119768500328064 0.2643527090549469 
vt 0.8295219540596008 0.24984198808670044 
vt 0.8502349257469177 0.24081850051879883 
vt 0.8725318312644958 0.23777002096176147 
vt 0.894828736782074 0.24081850051879883 
vt 0.91541987657547 0.24984198808670044 
vt 0.9330868124961853 0.26423078775405884 
vt 0.9461237788200378 0.28313133120536804 
vt 0.9535561203956604 0.3050803542137146 
vt 0.9541653394699097 0.32861456274986267 
vt 0.9475858807563782 0.35129523277282715 
vt 0.9346707463264465 0.37104934453964233 
vt 0.9183440804481506 0.38860857486724854 
vt 0.8964126706123352 0.3983636796474457 
vt 0.8725318312644958 0.401777982711792 
vt 0.8487728238105774 0.39848563075065613 
vt 0.8268414735794067 0.38860857486724854 
vt 0.8083216547966003 0.3730003833770752 
vt 0.7949191331863403 0.35263654589653015 
vt 0.7879741787910461 0.3291023373603821 
vt 0.7887052297592163 0.3048364818096161 
vt 0.7963812351226807 0.2819119393825531 
vt 0.8099055886268616 0.2624017000198364 
vt 0.8280598521232605 0.2475251406431198 
vt 0.8495038747787476 0.2382577806711197 
vt 0.8725318312644958 0.23508736491203308 
vt 0.8955597877502441 0.23813582956790924 
vt 0.9168819785118103 0.2475251406431198 
vt 0.9351581335067749 0.2624017000198364 
vt 0.9486824870109558 0.28178998827934265 
vt 0.9563584327697754 0.3045925796031952 
vt 0.9572113156318665 0.32898038625717163 
vt 0.950266420841217 0.3525146245956421 
vt 0.936863899230957 0.37287843227386475 
vt 0.9289442300796509 0.4055580794811249 
vt 0.9017736911773682 0.41763004660606384 
vt 0.8725318312644958 0.4216540455818176 
vt 0.8432900309562683 0.41763004660606384 
vt 0.8161194324493408 0.4055580794811249 
vt 0.7930915355682373 0.38641366362571716 
vt 0.7761555910110474 0.36117228865623474 
vt 0.7673830389976501 0.3316630423069 
vt 0.7687233090400696 0.3010563552379608 
vt 0.7785924077033997 0.2728884518146515 
vt 0.7955283522605896 0.24898840487003326 
vt 0.8180689215660095 0.23094142973423004 
vt 0.8443865776062012 0.21972304582595825 
vt 0.8725318312644958 0.21582099795341492 
vt 0.9006770849227905 0.219601109623909 
vt 0.9269947409629822 0.23094142973423004 
vt 0.9495353698730469 0.24898840487003326 
vt 0.966471254825592 0.2728884518146515 
vt 0.9763403534889221 0.3010563552379608 
vt 0.9776806235313416 0.3316630423069 
vt 0.9689080715179443 0.36117228865623474 
vt 0.9519721865653992 0.38641366362571716 
vt 0.9645218253135681 0.3977539837360382 
vt 0.9377167820930481 0.4198249578475952 
vt 0.9062818288803101 0.4334821105003357 
vt 0.8725318312644958 0.43811580538749695 
vt 0.8387818932533264 0.4334821105003357 
vt 0.8073468804359436 0.4198249578475952 
vt 0.7805418968200684 0.3977539837360382 
vt 0.7605599761009216 0.3684886395931244 
vt 0.7497161030769348 0.33373600244522095 
vt 0.7519092559814453 0.29776400327682495 
vt 0.763849675655365 0.26520630717277527 
vt 0.7837097644805908 0.23789195716381073 
vt 0.8097837567329407 0.2171623259782791 
vt 0.8401221632957458 0.20435872673988342 
vt 0.8725318312644958 0.19996893405914307 
vt 0.9049415588378906 0.20423679053783417 
vt 0.9352799654006958 0.2171623259782791 
vt 0.9613539576530457 0.23789195716381073 
vt 0.9812139868736267 0.26520630717277527 
vt 0.9931544065475464 0.29776400327682495 
vt 0.9954693913459778 0.33373600244522095 
vt 0.9845037460327148 0.3684886395931244 
vt 0.9146888256072998 0.272278755903244 
vt 0.918222188949585 0.27618080377578735 
vt 0.9054288864135742 0.2841068506240845 
vt 0.9201716780662537 0.2810583710670471 
vt 0.9204153418540955 0.2861798107624054 
vt 0.9188314080238342 0.2911792993545532 
vt 0.9155417084693909 0.29532521963119507 
vt 0.9111554622650146 0.2981298267841339 
vt 0.9060381054878235 0.2992272675037384 
vt 0.9009208083152771 0.29849565029144287 
vt 0.8962908387184143 0.296056866645813 
vt 0.8927574753761292 0.29215481877326965 
vt 0.8908079862594604 0.2872772514820099 
vt 0.8905643224716187 0.2821558117866516 
vt 0.8921482563018799 0.2771563231945038 
vt 0.8954379558563232 0.27301040291786194 
vt 0.8998242020606995 0.2702057957649231 
vt 0.9049415588378906 0.2691083550453186 
vt 0.910058856010437 0.26983997225761414 
vt 0.2121536284685135 0.5435930490493774 
vt 0.2052086889743805 0.5454221367835999 
vt 0.20776735246181488 0.5404226183891296 
vt 0.20179714262485504 0.5443246364593506 
vt 0.202528178691864 0.5385935306549072 
vt 0.1981419026851654 0.5445685386657715 
vt 0.19680166244506836 0.5385935306549072 
vt 0.19473035633563995 0.5459098815917969 
vt 0.1910751312971115 0.5406665205955505 
vt 0.19229353964328766 0.5485925078392029 
vt 0.18717621266841888 0.5454221367835999 
vt 0.19095328450202942 0.5520068407058716 
vt 0.18522676825523376 0.5507874488830566 
vt 0.19070960581302643 0.5556650161743164 
vt 0.18510492146015167 0.5562747120857239 
vt 0.19168433547019958 0.5590792894363403 
vt 0.1866888552904129 0.5615180730819702 
vt 0.1937556266784668 0.5620058178901672 
vt 0.18985672295093536 0.565907895565033 
vt 0.19667981564998627 0.5642006993293762 
vt 0.19412115216255188 0.5692002177238464 
vt 0.2002132087945938 0.565176248550415 
vt 0.19948215782642365 0.5709073543548584 
vt 0.20374658703804016 0.5650542974472046 
vt 0.2052086889743805 0.5709073543548584 
vt 0.2071581482887268 0.5635910034179688 
vt 0.21093522012233734 0.5689563155174255 
vt 0.209716796875 0.5609083771705627 
vt 0.21471227705478668 0.5642006993293762 
vt 0.21105705201625824 0.5574941039085388 
vt 0.216661736369133 0.5588353872299194 
vt 0.21117889881134033 0.5539578199386597 
vt 0.216905415058136 0.5532262325286865 
vt 0.21020416915416718 0.5504215955734253 
vt 0.21532149612903595 0.5481047630310059 
vt 0.20813286304473877 0.5474950671195984 
vt 0.20094424486160278 0.554811418056488 
vt 0.9552618861198425 0.5790773034095764 
vt 0.9551400542259216 0.6001726984977722 
vt 0.9499008655548096 0.5882226824760437 
vt 0.9495353698730469 0.6187074780464172 
vt 0.9384478330612183 0.5879788398742676 
vt 0.9380822777748108 0.6184635758399963 
vt 0.9099370241165161 0.5876129865646362 
vt 0.9094496369361877 0.6180977821350098 
vt 0.8808170557022095 0.617609977722168 
vt 0.8799641728401184 0.6724825501441956 
vt 0.8685110807418823 0.6722386479377747 
vt 0.8679018616676331 0.7145515084266663 
vt 0.8613224625587463 0.6984555721282959 
vt 0.8607132434844971 0.7275989651679993 
vt 0.9557492733001709 0.6413881182670593 
vt 0.9485606551170349 0.6735799908638 
vt 0.9371075630187988 0.6733361482620239 
vt 0.9085967540740967 0.6728483438491821 
vt 0.8793549537658691 0.7147954106330872 
vt 0.8671708106994629 0.7589372992515564 
vt 0.8601040840148926 0.7557668685913086 
vt 0.8643684983253479 0.765765905380249 
vt 0.9478296041488647 0.7158928513526917 
vt 0.9364983439445496 0.7156489491462708 
vt 0.9078657627105713 0.7152831554412842 
vt 0.878623902797699 0.7590592503547668 
vt 0.867048978805542 0.767960786819458 
vt 0.9472203850746155 0.7602786421775818 
vt 0.9357672929763794 0.7600347399711609 
vt 0.9071347117424011 0.7595469951629639 
vt 0.8783802390098572 0.7690582275390625 
vt 0.9469767212867737 0.7693021297454834 
vt 0.9356454610824585 0.7699118256568909 
vt 0.9070128202438354 0.7695459723472595 
vt 0.9496572017669678 0.7672291398048401 
vt 0.9537997841835022 0.7634490728378296 
vt 0.9531905651092529 0.7290622591972351 
vt 0.9550182223320007 0.7000407576560974 
vt 0.9556273818016052 0.6815060377120972 
vt 0.950266420841217 0.5731022953987122 
vt 0.938813328742981 0.5728583931922913 
vt 0.9101806879043579 0.5723706483840942 
vt 0.881426215171814 0.5870032906532288 
vt 0.8815481066703796 0.5720047950744629 
vt 0.8699731826782227 0.5868813991546631 
vt 0.8700950145721436 0.5718829035758972 
vt 0.862419068813324 0.5776140093803406 
vt 0.8693639636039734 0.6173661351203918 
vt 0.8576672673225403 0.5985875129699707 
vt 0.8593730330467224 0.6399248242378235 
vt 0.8612006306648254 0.6799208521842957 
vt 0.13368801772594452 0.00389101798646152 
vt 0.13770876824855804 0.001452237949706614 
vt 0.14233872294425964 0.014255832880735397 
vt 0.14233872294425964 0.0007206039736047387 
vt 0.14709052443504333 0.001452237949706614 
vt 0.15111127495765686 0.00389101798646152 
vt 0.15415731072425842 0.007427249103784561 
vt 0.15574124455451965 0.011938991956412792 
vt 0.15574124455451965 0.016572674736380577 
vt 0.15415731072425842 0.02096247859299183 
vt 0.15111127495765686 0.024620648473501205 
vt 0.14709052443504333 0.026937488466501236 
vt 0.14233872294425964 0.027791062369942665 
vt 0.13770876824855804 0.026937488466501236 
vt 0.13368801772594452 0.024620648473501205 
vt 0.13064199686050415 0.02096247859299183 
vt 0.12905806303024292 0.016572674736380577 
vt 0.12905806303024292 0.011938991956412792 
vt 0.13064199686050415 0.007427249103784561 
vt 0.6278750896453857 0.4798189401626587 
vt 0.622270405292511 0.4776240289211273 
vt 0.6288498640060425 0.4742097556591034 
vt 0.6230014562606812 0.47408780455589294 
vt 0.6279969811439514 0.46872249245643616 
vt 0.6226359605789185 0.4704296290874481 
vt 0.6255601644515991 0.46372297406196594 
vt 0.6209301948547363 0.46713727712631226 
vt 0.6216612458229065 0.4598209261894226 
vt 0.6183715462684631 0.4645765721797943 
vt 0.6166657209396362 0.45726022124290466 
vt 0.615081787109375 0.46286940574645996 
vt 0.6108173727989197 0.4564066529273987 
vt 0.611304759979248 0.462503582239151 
vt 0.6047253012657166 0.4575040936470032 
vt 0.6076495051383972 0.46347910165786743 
vt 0.6000953912734985 0.461650013923645 
vt 0.6047253012657166 0.46579596400260925 
vt 0.5972930192947388 0.4667714536190033 
vt 0.6028977036476135 0.46896636486053467 
vt 0.5963183045387268 0.472380667924881 
vt 0.6021666526794434 0.4726245403289795 
vt 0.5971711874008179 0.47786790132522583 
vt 0.6025322079658508 0.47616076469421387 
vt 0.5996080040931702 0.48286741971969604 
vt 0.604237973690033 0.47945311665534973 
vt 0.6035069227218628 0.4867694675922394 
vt 0.6067966222763062 0.4821357727050781 
vt 0.6085023880004883 0.4893301725387573 
vt 0.6100863218307495 0.483720988035202 
vt 0.6143507361412048 0.4901837408542633 
vt 0.6138634085655212 0.484086811542511 
vt 0.620442807674408 0.4890863001346588 
vt 0.6175186038017273 0.4832332134246826 
vt 0.6250727772712708 0.48494037985801697 
vt 0.620442807674408 0.4807944595813751 
vt 0.6126449704170227 0.473356157541275 
vt 0.5796260833740234 0.567371129989624 
vt 0.5741432309150696 0.569078266620636 
vt 0.5770674347877502 0.5624935626983643 
vt 0.5724374651908875 0.5657859444618225 
vt 0.5731685161590576 0.5584695935249329 
vt 0.5698788166046143 0.5632252097129822 
vt 0.5681730508804321 0.5559088587760925 
vt 0.5665891170501709 0.5615180730819702 
vt 0.5624464750289917 0.5550553202629089 
vt 0.5628120303153992 0.5611522197723389 
vt 0.5562326312065125 0.5561527609825134 
vt 0.5592786073684692 0.5621277689933777 
vt 0.5517244935035706 0.5602986812591553 
vt 0.5562326312065125 0.5644446015357971 
vt 0.5489221215248108 0.5654200911521912 
vt 0.5544049739837646 0.5676150321960449 
vt 0.5478255748748779 0.5710293054580688 
vt 0.5536739230155945 0.5712732076644897 
vt 0.548678457736969 0.5765165686607361 
vt 0.5541613101959229 0.5749313831329346 
vt 0.5511152744293213 0.5815160870552063 
vt 0.5557452440261841 0.5781017541885376 
vt 0.5550141930580139 0.5854181051254272 
vt 0.5583038926124573 0.5807844400405884 
vt 0.5600096583366394 0.5879788398742676 
vt 0.5617154240608215 0.5823696255683899 
vt 0.5658580660820007 0.5889543294906616 
vt 0.5653706789016724 0.5827354788780212 
vt 0.5719500780105591 0.5877349376678467 
vt 0.5690259337425232 0.5818818807601929 
vt 0.5765800476074219 0.5835890173912048 
vt 0.5719500780105591 0.5795650482177734 
vt 0.5793824195861816 0.578467607498169 
vt 0.5738995671272278 0.5762726664543152 
vt 0.5803571343421936 0.5728583931922913 
vt 0.574630618095398 0.5727364420890808 
vt 0.5641523003578186 0.5720047950744629 
vt 0.79345703125 0.20740720629692078 
vt 0.7932133674621582 0.19301840662956238 
vt 0.8217241168022156 0.20326128602027893 
vt 0.8175815343856812 0.189482182264328 
vt 0.8475544452667236 0.19143320620059967 
vt 0.8400002717971802 0.17923930287361145 
vt 0.8691202998161316 0.17277653515338898 
vt 0.8586419820785522 0.1631433516740799 
vt 0.8845940828323364 0.14887648820877075 
vt 0.8719226121902466 0.14253565669059753 
vt 0.8925137519836426 0.12144021689891815 
vt 0.8789893984794617 0.11887949705123901 
vt 0.8925137519836426 0.09302842617034912 
vt 0.8787457346916199 0.09424781799316406 
vt 0.8844722509384155 0.06571409106254578 
vt 0.8718007802963257 0.07059165090322495 
vt 0.8689984679222107 0.04181404784321785 
vt 0.8583982586860657 0.04998395964503288 
vt 0.8475544452667236 0.02327931858599186 
vt 0.8398784399032593 0.03400995209813118 
vt 0.8216022849082947 0.011573174968361855 
vt 0.8174597024917603 0.02388901449739933 
vt 0.79345703125 0.00754918809980154 
vt 0.7932133674621582 0.020474722608923912 
vt 0.7653117775917053 0.011695113964378834 
vt 0.7688451409339905 0.024010952562093735 
vt 0.7394814491271973 0.023523196578025818 
vt 0.7465482354164124 0.034131888300180435 
vt 0.7180374264717102 0.04217986389994621 
vt 0.728028416633606 0.05022783949971199 
vt 0.7026854753494263 0.06607990711927414 
vt 0.7147477269172668 0.07083553075790405 
vt 0.6946439743041992 0.09327230602502823 
vt 0.7076809406280518 0.09436975419521332 
vt 0.6946439743041992 0.12168408930301666 
vt 0.7075591087341309 0.11900143325328827 
vt 0.7025636434555054 0.14899842441082 
vt 0.714625895023346 0.1426575928926468 
vt 0.7179155945777893 0.17289847135543823 
vt 0.7279065847396851 0.16326528787612915 
vt 0.7394814491271973 0.19155514240264893 
vt 0.7465482354164124 0.1793612390756607 
vt 0.7653117775917053 0.20338322222232819 
vt 0.7689669728279114 0.189482182264328 
vt 0.7709164619445801 0.18106839060783386 
vt 0.7929696440696716 0.18423880636692047 
vt 0.815022885799408 0.18106839060783386 
vt 0.8353703618049622 0.17180101573467255 
vt 0.8523062467575073 0.15716834366321564 
vt 0.8643684983253479 0.13851167261600494 
vt 0.8707042336463928 0.11692847311496735 
vt 0.8705824017524719 0.09461363404989243 
vt 0.8641248345375061 0.07327430695295334 
vt 0.8520625829696655 0.05449570342898369 
vt 0.8351266384124756 0.039984963834285736 
vt 0.8149010539054871 0.03083953633904457 
vt 0.7928478121757507 0.02766912244260311 
vt 0.7709164619445801 0.03083953633904457 
vt 0.7505689859390259 0.04010690003633499 
vt 0.7337549328804016 0.05461764335632324 
vt 0.721692681312561 0.07339625060558319 
vt 0.7152351140975952 0.09473557025194168 
vt 0.7151132822036743 0.1170504093170166 
vt 0.7215708494186401 0.1386336088180542 
vt 0.7337549328804016 0.1572902798652649 
vt 0.7505689859390259 0.171922966837883 
vt 0.7720130085945129 0.17741021513938904 
vt 0.7929696440696716 0.1804586946964264 
vt 0.814048171043396 0.17741021513938904 
vt 0.8332990407943726 0.16863059997558594 
vt 0.8493820428848267 0.15472956001758575 
vt 0.8609569668769836 0.1368045210838318 
vt 0.8669271469116211 0.11644071340560913 
vt 0.8668053150177002 0.0952233299612999 
vt 0.8607132434844971 0.07485951483249664 
vt 0.8491383790969849 0.05705642327666283 
vt 0.8331772089004517 0.0432773157954216 
vt 0.8138045072555542 0.0344977080821991 
vt 0.7928478121757507 0.03144923225045204 
vt 0.771891176700592 0.0344977080821991 
vt 0.7526403069496155 0.0432773157954216 
vt 0.7366791367530823 0.05717835947871208 
vt 0.7251042127609253 0.0749814584851265 
vt 0.7190122008323669 0.09534526616334915 
vt 0.7190122008323669 0.11656265705823898 
vt 0.7251042127609253 0.13692647218704224 
vt 0.7365573048591614 0.154851496219635 
vt 0.7526403069496155 0.16863059997558594 
vt 0.7929696440696716 0.10595396161079407 
vt 0.296711266040802 0.4699418842792511 
vt 0.29549285769462585 0.45567500591278076 
vt 0.32290709018707275 0.4605525732040405 
vt 0.301584929227829 0.44262754917144775 
vt 0.31352534890174866 0.4343356788158417 
vt 0.32790258526802063 0.4332382380962372 
vt 0.34093955159187317 0.4393351972103119 
vt 0.3491029143333435 0.45116326212882996 
vt 0.35032132267951965 0.46555206179618835 
vt 0.34410741925239563 0.47859954833984375 
vt 0.33228886127471924 0.48689138889312744 
vt 0.31791162490844727 0.4879888594150543 
vt 0.30487462878227234 0.4818919003009796 
vt 0.5993643403053284 0.5957829356193542 
vt 0.6025322079658508 0.5887104868888855 
vt 0.6054563522338867 0.5945635437965393 
vt 0.6054563522338867 0.5863935947418213 
vt 0.6100863218307495 0.5904176235198975 
vt 0.6074058413505554 0.5831012725830078 
vt 0.6128886938095093 0.5852961540222168 
vt 0.6081368923187256 0.5795650482177734 
vt 0.6138634085655212 0.5796869993209839 
vt 0.6076495051383972 0.5759068727493286 
vt 0.6131323575973511 0.5741997361183167 
vt 0.6059437394142151 0.5726144909858704 
vt 0.6105737090110779 0.5693221688270569 
vt 0.6033850908279419 0.5700538158416748 
vt 0.6066747903823853 0.5652981996536255 
vt 0.6000953912734985 0.5684685707092285 
vt 0.6016793251037598 0.5627374649047852 
vt 0.5963183045387268 0.5679808259010315 
vt 0.5959527492523193 0.5618838667869568 
vt 0.5927848815917969 0.5689563155174255 
vt 0.5897389054298401 0.5629813075065613 
vt 0.5897389054298401 0.5712732076644897 
vt 0.5852307677268982 0.5671272873878479 
vt 0.5879112482070923 0.5744435787200928 
vt 0.5824283957481384 0.5722486972808838 
vt 0.5871801972389221 0.5781017541885376 
vt 0.5813318490982056 0.5778579115867615 
vt 0.5876675844192505 0.5817599296569824 
vt 0.5821847319602966 0.5833451747894287 
vt 0.5892515182495117 0.5849303603172302 
vt 0.5846215486526489 0.5883446335792542 
vt 0.5918101668357849 0.5876129865646362 
vt 0.5885204672813416 0.5922467112541199 
vt 0.5952216982841492 0.5891982316970825 
vt 0.593515932559967 0.5948073863983154 
vt 0.598876953125 0.5895640254020691 
vt 0.5976585745811462 0.5788334012031555 
vt 0.19314642250537872 0.636144757270813 
vt 0.1938774734735489 0.6421197652816772 
vt 0.18717621266841888 0.6374860405921936 
vt 0.19034408032894135 0.6432172060012817 
vt 0.18278993666172028 0.6417539119720459 
vt 0.18754173815250397 0.6455340385437012 
vt 0.18023128807544708 0.6468753814697266 
vt 0.18571412563323975 0.648704469203949 
vt 0.17950023710727692 0.6523626446723938 
vt 0.18510492146015167 0.6523626446723938 
vt 0.18047496676445007 0.6577279567718506 
vt 0.18571412563323975 0.6558988690376282 
vt 0.18303363025188446 0.6624835729598999 
vt 0.18741990625858307 0.6590692400932312 
vt 0.1869325339794159 0.6661417484283447 
vt 0.19010040163993835 0.6615080237388611 
vt 0.19192801415920258 0.6685805320739746 
vt 0.1933901160955429 0.6629713177680969 
vt 0.19765454530715942 0.6691902279853821 
vt 0.19704534113407135 0.6632152199745178 
vt 0.20362475514411926 0.6678488850593567 
vt 0.2005787342786789 0.662239670753479 
vt 0.20801103115081787 0.6637029647827148 
vt 0.20338107645511627 0.6598008871078491 
vt 0.21056969463825226 0.6585814952850342 
vt 0.2050868421792984 0.6566304564476013 
vt 0.21130073070526123 0.6530942320823669 
vt 0.20569604635238647 0.6530942320823669 
vt 0.21044784784317017 0.6477289199829102 
vt 0.2050868421792984 0.6494360566139221 
vt 0.20776735246181488 0.6429733037948608 
vt 0.20338107645511627 0.6463876366615295 
vt 0.20386843383312225 0.6391932368278503 
vt 0.20082241296768188 0.6439488530158997 
vt 0.19887295365333557 0.6367544531822205 
vt 0.19741086661815643 0.6423636078834534 
vt 0.19546140730381012 0.6527284383773804 
vt 0.1866888552904129 0.6095620393753052 
vt 0.1913188099861145 0.6134640574455261 
vt 0.18413019180297852 0.6148054003715515 
vt 0.18949119746685028 0.6166344881057739 
vt 0.18327730894088745 0.6202926635742188 
vt 0.1888819932937622 0.6201707124710083 
vt 0.1842520385980606 0.6255360245704651 
vt 0.18949119746685028 0.6238288879394531 
vt 0.186810702085495 0.6302916407585144 
vt 0.1911969780921936 0.6268773674964905 
vt 0.19070960581302643 0.6340717673301697 
vt 0.1938774734735489 0.6293161511421204 
vt 0.1958269327878952 0.6363885998725891 
vt 0.19716717302799225 0.6307794451713562 
vt 0.20143161714076996 0.637120246887207 
vt 0.20082241296768188 0.6311452388763428 
vt 0.2074018269777298 0.6357789039611816 
vt 0.20435580611228943 0.6300477981567383 
vt 0.2117881029844284 0.6315110325813293 
vt 0.2071581482887268 0.6277309656143188 
vt 0.2143467664718628 0.6263896226882935 
vt 0.20886391401290894 0.624560534954071 
vt 0.21519964933395386 0.6209023594856262 
vt 0.209473118185997 0.6209023594856262 
vt 0.2142249196767807 0.6155370473861694 
vt 0.20886391401290894 0.6173661351203918 
vt 0.2116662561893463 0.6107814311981201 
vt 0.2071581482887268 0.614195704460144 
vt 0.2076455056667328 0.6071232557296753 
vt 0.20459948480129242 0.6117569208145142 
vt 0.2026500254869461 0.6046844720840454 
vt 0.20130977034568787 0.6102936863899231 
vt 0.19692349433898926 0.6040747761726379 
vt 0.19765454530715942 0.6100497841835022 
vt 0.1910751312971115 0.6054161190986633 
vt 0.19412115216255188 0.6110252737998962 
vt 0.19923847913742065 0.6205365657806396 
vt 0.24663463234901428 0.6216340065002441 
vt 0.25187379121780396 0.6233411431312561 
vt 0.2461472600698471 0.6268773674964905 
vt 0.25150826573371887 0.62675541639328 
vt 0.24724383652210236 0.6319987773895264 
vt 0.25223931670188904 0.6300477981567383 
vt 0.24980248510837555 0.6363885998725891 
vt 0.25394508242607117 0.6329743266105652 
vt 0.25370141863822937 0.6398029327392578 
vt 0.25650376081466675 0.6351692080497742 
vt 0.25857505202293396 0.6418758630752563 
vt 0.2596715986728668 0.6365105509757996 
vt 0.26405787467956543 0.6422416567802429 
vt 0.26320499181747437 0.63663250207901 
vt 0.2695407271385193 0.6407784223556519 
vt 0.2664947211742401 0.6355350613594055 
vt 0.2735614776611328 0.63663250207901 
vt 0.2690533697605133 0.6330962777137756 
vt 0.2758764624595642 0.6316329836845398 
vt 0.27063730359077454 0.6300477981567383 
vt 0.2763638198375702 0.6263896226882935 
vt 0.2710028290748596 0.6266334652900696 
vt 0.27526727318763733 0.6213901042938232 
vt 0.27027177810668945 0.6233411431312561 
vt 0.27270859479904175 0.6170002818107605 
vt 0.2685660123825073 0.6204146146774292 
vt 0.2688096761703491 0.6135860085487366 
vt 0.26600733399391174 0.6180977821350098 
vt 0.26393604278564453 0.611513078212738 
vt 0.2628394663333893 0.6168783903121948 
vt 0.25857505202293396 0.6110252737998962 
vt 0.2593061029911041 0.6167564392089844 
vt 0.2529703676700592 0.6124885678291321 
vt 0.2560163736343384 0.6178538799285889 
vt 0.24894960224628448 0.6167564392089844 
vt 0.2534577250480652 0.6201707124710083 
vt 0.26125553250312805 0.6266334652900696 
vt 0.5707316994667053 0.5218878984451294 
vt 0.5759708285331726 0.5166445374488831 
vt 0.576458215713501 0.522741436958313 
vt 0.5796260833740234 0.5156689882278442 
vt 0.5825502872467041 0.5216439962387085 
vt 0.5825502872467041 0.5133521556854248 
vt 0.5871801972389221 0.5173761248588562 
vt 0.584499716758728 0.510181725025177 
vt 0.5899825692176819 0.5122547149658203 
vt 0.5852307677268982 0.5065235495567322 
vt 0.5909572839736938 0.5067674517631531 
vt 0.5847433805465698 0.5028654336929321 
vt 0.5902262330055237 0.5012801885604858 
vt 0.5831594467163086 0.4995730519294739 
vt 0.5877894163131714 0.496280699968338 
vt 0.5804789662361145 0.49701234698295593 
vt 0.5838904976844788 0.49225670099258423 
vt 0.5771892666816711 0.49542713165283203 
vt 0.5788950324058533 0.4896959960460663 
vt 0.5735340118408203 0.4949393570423126 
vt 0.5730466842651367 0.4888424277305603 
vt 0.5698788166046143 0.49591487646102905 
vt 0.5669546127319336 0.4899398684501648 
vt 0.5669546127319336 0.4982317388057709 
vt 0.5623246431350708 0.4942077398300171 
vt 0.5650051832199097 0.5014021396636963 
vt 0.5595223307609558 0.49932917952537537 
vt 0.5642741322517395 0.5050603151321411 
vt 0.5585475564002991 0.5048164129257202 
vt 0.5647614598274231 0.5087184906005859 
vt 0.5592786073684692 0.5103036761283875 
vt 0.5663453936576843 0.5120108127593994 
vt 0.5617154240608215 0.5153031945228577 
vt 0.5690259337425232 0.5145715475082397 
vt 0.5656143426895142 0.5193271636962891 
vt 0.5723156332969666 0.5161567330360413 
vt 0.5747524499893188 0.505791962146759 
vt 0.8775272965431213 0.282643586397171 
vt 0.894828736782074 0.2499639242887497 
vt 0.8994587063789368 0.2576460838317871 
vt 0.9384478330612183 0.28813081979751587 
vt 0.9301626086235046 0.2845945954322815 
vt 0.9116427898406982 0.3187375068664551 
vt 0.9083530902862549 0.3095920979976654 
vt 0.8680237531661987 0.28044867515563965 
vt 0.8726536631584167 0.3197130262851715 
vt 0.8772836327552795 0.3282487690448761 
vt 0.872288167476654 0.37763404846191406 
vt 0.8770399689674377 0.36909833550453186 
vt 0.9128612279891968 0.3778779208660126 
vt 0.9101806879043579 0.36934220790863037 
vt 0.9133485555648804 0.31995689868927 
vt 0.9104244112968445 0.3284926414489746 
vt 0.18839462101459503 0.45165103673934937 
vt 0.1936337947845459 0.4483586847782135 
vt 0.18997855484485626 0.45433369278907776 
vt 0.1955832540988922 0.4528704285621643 
vt 0.19046592712402344 0.4568943977355957 
vt 0.1960706114768982 0.4575040936470032 
vt 0.18997855484485626 0.4589673578739166 
vt 0.19448667764663696 0.46177196502685547 
vt 0.18839462101459503 0.46018674969673157 
vt 0.1911969780921936 0.4648204445838928 
vt 0.18583597242832184 0.460674524307251 
vt 0.1866888552904129 0.4662837088108063 
vt 0.18278993666172028 0.46018674969673157 
vt 0.18169337511062622 0.4662837088108063 
vt 0.1797439157962799 0.4589673578739166 
vt 0.17681972682476044 0.4645765721797943 
vt 0.17681972682476044 0.45701634883880615 
vt 0.17243345081806183 0.46177196502685547 
vt 0.17438291013240814 0.45457756519317627 
vt 0.16914375126361847 0.45786991715431213 
vt 0.1727989763021469 0.4518949091434479 
vt 0.16707246005535126 0.45335817337036133 
vt 0.17218977212905884 0.44933417439460754 
vt 0.16670693457126617 0.448602557182312 
vt 0.172677144408226 0.4472612142562866 
vt 0.1681690216064453 0.4443346858024597 
vt 0.17438291013240814 0.4459199011325836 
vt 0.17158056795597076 0.44128620624542236 
vt 0.17681972682476044 0.44555407762527466 
vt 0.17596684396266937 0.4398229420185089 
vt 0.179865762591362 0.4459199011325836 
vt 0.18096232414245605 0.43994489312171936 
vt 0.18303363025188446 0.4472612142562866 
vt 0.18583597242832184 0.4415300786495209 
vt 0.18595780432224274 0.4492122530937195 
vt 0.19022224843502045 0.44445663690567017 
vt 0.19619245827198029 0.437749981880188 
vt 0.20118793845176697 0.44372498989105225 
vt 0.20423395931720734 0.4510413408279419 
vt 0.2048431634902954 0.4589673578739166 
vt 0.202528178691864 0.46713727712631226 
vt 0.1959487646818161 0.472380667924881 
vt 0.18839462101459503 0.4749413728713989 
vt 0.18047496676445007 0.4750633239746094 
vt 0.1730426549911499 0.47274646162986755 
vt 0.166463240981102 0.46847862005233765 
vt 0.1614677608013153 0.462503582239151 
vt 0.15842173993587494 0.45518726110458374 
vt 0.15793438255786896 0.4472612142562866 
vt 0.16024935245513916 0.439091295003891 
vt 0.16682876646518707 0.43384793400764465 
vt 0.17438291013240814 0.43116527795791626 
vt 0.1821807324886322 0.43116527795791626 
vt 0.18973487615585327 0.43336018919944763 
vt 0.17925655841827393 0.00047672601067461073 
vt 0.18413019180297852 0.0013302989536896348 
vt 0.17925655841827393 0.014499710872769356 
vt 0.18827278912067413 0.003769078990444541 
vt 0.1914406567811966 0.00754918809980154 
vt 0.19314642250537872 0.012060930952429771 
vt 0.19314642250537872 0.01693849079310894 
vt 0.1914406567811966 0.02157217264175415 
vt 0.18827278912067413 0.025230342522263527 
vt 0.18413019180297852 0.02766912244260311 
vt 0.17925655841827393 0.02852269634604454 
vt 0.17450475692749023 0.02766912244260311 
vt 0.17024031281471252 0.025230342522263527 
vt 0.16719429194927216 0.02157217264175415 
vt 0.16548852622509003 0.01693849079310894 
vt 0.16548852622509003 0.012060930952429771 
vt 0.16719429194927216 0.00754918809980154 
vt 0.17024031281471252 0.003769078990444541 
vt 0.17450475692749023 0.0013302989536896348 
vt 0.6128886938095093 0.4951832592487335 
vt 0.6075276732444763 0.5004266500473022 
vt 0.607040286064148 0.49432966113090515 
vt 0.6038724184036255 0.5014021396636963 
vt 0.6009482741355896 0.49542713165283203 
vt 0.6009482741355896 0.5037189722061157 
vt 0.5963183045387268 0.4996950030326843 
vt 0.5989987850189209 0.5068894028663635 
vt 0.593515932559967 0.5048164129257202 
vt 0.5982677340507507 0.5105475783348083 
vt 0.5925412178039551 0.5103036761283875 
vt 0.5987551212310791 0.5142057538032532 
vt 0.5932722687721252 0.5157909393310547 
vt 0.6004608869552612 0.5174980759620667 
vt 0.5958309173583984 0.5207904577255249 
vt 0.6030195355415344 0.520058810710907 
vt 0.5997298359870911 0.5248144268989563 
vt 0.6063092350959778 0.5216439962387085 
vt 0.6047253012657166 0.5273751616477966 
vt 0.6100863218307495 0.5221317410469055 
vt 0.610451877117157 0.5282287001609802 
vt 0.6136197447776794 0.5211562514305115 
vt 0.6166657209396362 0.5271312594413757 
vt 0.6166657209396362 0.518839418888092 
vt 0.6211738586425781 0.5228633880615234 
vt 0.618493378162384 0.5156689882278442 
vt 0.6239762306213379 0.5177419781684875 
vt 0.6192244291305542 0.5120108127593994 
vt 0.6250727772712708 0.5122547149658203 
vt 0.6187370419502258 0.5083526372909546 
vt 0.6242198944091797 0.5067674517631531 
vt 0.6171531081199646 0.5050603151321411 
vt 0.6217830777168274 0.5017679333686829 
vt 0.6145944595336914 0.5024995803833008 
vt 0.6178841590881348 0.49774396419525146 
vt 0.6111828684806824 0.5009143948554993 
vt 0.6087460517883301 0.5112792253494263 
vt 0.2505335509777069 0.6430952548980713 
vt 0.2535795569419861 0.6484605669975281 
vt 0.2465127855539322 0.6472411751747131 
vt 0.2510209083557129 0.6507773995399475 
vt 0.2441978007555008 0.6522406935691833 
vt 0.24943697452545166 0.6538258790969849 
vt 0.2437104433774948 0.6574840545654297 
vt 0.24907144904136658 0.6572401523590088 
vt 0.24480700492858887 0.6624835729598999 
vt 0.24980248510837555 0.6606544852256775 
vt 0.24736566841602325 0.6669952869415283 
vt 0.25150826573371887 0.6635810136795044 
vt 0.2512645721435547 0.670409619808197 
vt 0.25406691431999207 0.6657758951187134 
vt 0.25613823533058167 0.6723605990409851 
vt 0.2572347819805145 0.6669952869415283 
vt 0.26149922609329224 0.6728483438491821 
vt 0.26076817512512207 0.6671172380447388 
vt 0.267103910446167 0.6713851094245911 
vt 0.26405787467956543 0.6660197973251343 
vt 0.2711246609687805 0.6671172380447388 
vt 0.266616553068161 0.6637029647827148 
vt 0.2734396457672119 0.662239670753479 
vt 0.26820048689842224 0.6606544852256775 
vt 0.2739270031452179 0.6569963097572327 
vt 0.2685660123825073 0.6572401523590088 
vt 0.27283042669296265 0.6519967913627625 
vt 0.26783496141433716 0.6538258790969849 
vt 0.27027177810668945 0.647485077381134 
vt 0.26612919569015503 0.650899350643158 
vt 0.2663728594779968 0.6440707445144653 
vt 0.26357051730155945 0.648704469203949 
vt 0.26149922609329224 0.6421197652816772 
vt 0.260402649641037 0.647485077381134 
vt 0.25613823533058167 0.6416319608688354 
vt 0.25686925649642944 0.6472411751747131 
vt 0.25881871581077576 0.6572401523590088 
vt 0.5823065638542175 0.5293261408805847 
vt 0.5776765942573547 0.532618522644043 
vt 0.5784076452255249 0.5254241228103638 
vt 0.5751179456710815 0.5300577878952026 
vt 0.5734121799468994 0.522741436958313 
vt 0.5718282461166382 0.5284726023674011 
vt 0.5676856637001038 0.5218878984451294 
vt 0.5680511593818665 0.5281068086624146 
vt 0.5614717602729797 0.5229853391647339 
vt 0.5645177960395813 0.5289603471755981 
vt 0.5569636821746826 0.5272532105445862 
vt 0.5614717602729797 0.5312771797180176 
vt 0.5541613101959229 0.5323746204376221 
vt 0.5596441626548767 0.5344476103782654 
vt 0.55306476354599 0.5378618836402893 
vt 0.5589131116867065 0.5381057858467102 
vt 0.553917646408081 0.543471097946167 
vt 0.5594004988670349 0.541763961315155 
vt 0.5563544631004333 0.5483486652374268 
vt 0.5609844326972961 0.5450562834739685 
vt 0.560253381729126 0.5523726344108582 
vt 0.5635430812835693 0.5476170182228088 
vt 0.5652488470077515 0.5549333691596985 
vt 0.5669546127319336 0.5492022037506104 
vt 0.571097195148468 0.5557869076728821 
vt 0.5706098675727844 0.5496900081634521 
vt 0.5771892666816711 0.5546894669532776 
vt 0.5742650628089905 0.5487144589424133 
vt 0.5818192362785339 0.5505435466766357 
vt 0.5771892666816711 0.5463976263999939 
vt 0.5846215486526489 0.5453001856803894 
vt 0.5791386961936951 0.5432271957397461 
vt 0.5855962634086609 0.5398129224777222 
vt 0.5798697471618652 0.5395690202713013 
vt 0.5848652124404907 0.5343256592750549 
vt 0.5793824195861816 0.5359109044075012 
vt 0.5693914294242859 0.5388374328613281 
vt 0.9287005662918091 0.7841786742210388 
vt 0.9279695153236389 0.7869832515716553 
vt 0.8989713191986084 0.7782036662101746 
vt 0.8984839916229248 0.781008243560791 
vt 0.8688766360282898 0.7753990888595581 
vt 0.8607132434844971 0.8184435367584229 
vt 0.8484073281288147 0.815517008304596 
vt 0.8430463075637817 0.8461236953735352 
vt 0.8421934247016907 0.8140537142753601 
vt 0.8417060971260071 0.8477088809013367 
vt 0.8358576893806458 0.8445385098457336 
vt 0.8318369388580322 0.8630732297897339 
vt 0.8339082598686218 0.8438068628311157 
vt 0.8286690711975098 0.8627073764801025 
vt 0.8692421317100525 0.7725944519042969 
vt 0.8569362163543701 0.7741796970367432 
vt 0.8564488291740417 0.7716189622879028 
vt 0.8541338443756104 0.7747893929481506 
vt 0.8525499105453491 0.7732041478157043 
vt 0.8479199409484863 0.7849103212356567 
vt 0.8460923433303833 0.7839347720146179 
vt 0.8402439951896667 0.813322126865387 
vt 0.8900769352912903 0.8241746425628662 
vt 0.8546212315559387 0.848562479019165 
vt 0.9195624589920044 0.8300277590751648 
vt 0.9132267236709595 0.8602685928344727 
vt 0.8839849233627319 0.8546594381332397 
vt 0.8834975361824036 0.8568543195724487 
vt 0.8538901805877686 0.8506354093551636 
vt 0.8332990407943726 0.8925824761390686 
vt 0.821236789226532 0.9022156596183777 
vt 0.8268414735794067 0.9300177097320557 
vt 0.812220573425293 0.944650411605835 
vt 0.8187999725341797 0.9741596579551697 
vt 0.813073456287384 0.9669652581214905 
vt 0.8107584714889526 0.969525933265686 
vt 0.8090527057647705 0.9464794993400574 
vt 0.8179470896720886 0.9038008451461792 
vt 0.9322339296340942 0.8321006894111633 
vt 0.9249234795570374 0.8625854849815369 
vt 0.9373512268066406 0.8329542875289917 
vt 0.9252889752388 0.864536464214325 
vt 0.9319902658462524 0.8639267683029175 
vt 0.9284568428993225 0.882339596748352 
vt 0.9339396953582764 0.8640487194061279 
vt 0.9313810467720032 0.8831931352615356 
vt 0.9131048917770386 0.8624635338783264 
vt 0.9040886759757996 0.9066054224967957 
vt 0.8748468160629272 0.9007523655891418 
vt 0.896656334400177 0.9431871175765991 
vt 0.8677800297737122 0.9375779628753662 
vt 0.859860360622406 0.981597900390625 
vt 0.8385382294654846 0.9322126507759094 
vt 0.8304966688156128 0.9763545393943787 
vt 0.8178252577781677 0.9775739312171936 
vt 0.9160290956497192 0.908678412437439 
vt 0.9205371737480164 0.9214819669723511 
vt 0.9219992756843567 0.9241646528244019 
vt 0.9094496369361877 0.9629412293434143 
vt 0.9079875946044922 0.9455039501190186 
vt 0.9003115892410278 0.9876948595046997 
vt 0.8889803886413574 0.9864754676818848 
vt 0.88861483335495 0.9901336431503296 
vt 0.8592512011528015 0.9851341247558594 
vt 0.9017736911773682 0.9907433390617371 
vt 0.9043323397636414 0.9845244288444519 
vt 0.9037231206893921 0.9823295474052429 
vt 0.9116427898406982 0.9659897089004517 
vt 0.8453612923622131 0.8951431512832642 
vt 0.939666211605072 0.8330762386322021 
vt 0.9462456703186035 0.7963725924491882 
vt 0.9442961812019348 0.7968603372573853 
vt 0.9441743493080139 0.7901536822319031 
vt 0.9423467516899109 0.791373074054718 
vt 0.9408846497535706 0.7877148985862732 
vt 0.9395443797111511 0.7901536822319031 
vt 0.8298875093460083 0.979890763759613 
vt 0.2764856815338135 0.6046844720840454 
vt 0.27270859479904175 0.6085864901542664 
vt 0.27270859479904175 0.6085864901542664 
vt 0.26783496141433716 0.6109033823013306 
vt 0.26783496141433716 0.6109033823013306 
vt 0.2625958025455475 0.6113911271095276 
vt 0.2625958025455475 0.6113911271095276 
vt 0.2573566436767578 0.6100497841835022 
vt 0.2573566436767578 0.6100497841835022 
vt 0.2529703676700592 0.6070013046264648 
vt 0.2529703676700592 0.6070013046264648 
vt 0.24992433190345764 0.6026114821434021 
vt 0.24992433190345764 0.6026114821434021 
vt 0.2484622448682785 0.5973681211471558 
vt 0.2484622448682785 0.5973681211471558 
vt 0.24894960224628448 0.592002809047699 
vt 0.24894960224628448 0.592002809047699 
vt 0.2511427402496338 0.5870032906532288 
vt 0.2511427402496338 0.5870032906532288 
vt 0.2549198269844055 0.5832232236862183 
vt 0.2549198269844055 0.5832232236862183 
vt 0.2596715986728668 0.5809063911437988 
vt 0.2596715986728668 0.5809063911437988 
vt 0.2650326192378998 0.5802966952323914 
vt 0.2650326192378998 0.5802966952323914 
vt 0.27014994621276855 0.5817599296569824 
vt 0.27014994621276855 0.5817599296569824 
vt 0.27453622221946716 0.5848084092140198 
vt 0.27453622221946716 0.5848084092140198 
vt 0.2777040898799896 0.5891982316970825 
vt 0.2777040898799896 0.5891982316970825 
vt 0.27904433012008667 0.5944415926933289 
vt 0.27904433012008667 0.5944415926933289 
vt 0.2786788046360016 0.5998069047927856 
vt 0.2786788046360016 0.5998069047927856 
vt 0.2764856815338135 0.6046844720840454 
vt 0.26381421089172363 0.5959048867225647 
vt 0.216905415058136 0.5209123492240906 
vt 0.21020416915416718 0.5181077718734741 
vt 0.21532149612903595 0.5157909393310547 
vt 0.20813286304473877 0.5151812434196472 
vt 0.2121536284685135 0.5112792253494263 
vt 0.2052086889743805 0.5131082534790039 
vt 0.20776735246181488 0.5081087946891785 
vt 0.20179714262485504 0.5120108127593994 
vt 0.202528178691864 0.506279706954956 
vt 0.1981419026851654 0.5121327638626099 
vt 0.19680166244506836 0.506279706954956 
vt 0.19473035633563995 0.5135960578918457 
vt 0.1910751312971115 0.5083526372909546 
vt 0.19229353964328766 0.5162786841392517 
vt 0.18717621266841888 0.5131082534790039 
vt 0.19095328450202942 0.5196930170059204 
vt 0.18522676825523376 0.5184736251831055 
vt 0.19070960581302643 0.5233511328697205 
vt 0.18510492146015167 0.5239608287811279 
vt 0.19168433547019958 0.5267654657363892 
vt 0.1866888552904129 0.529204249382019 
vt 0.1937556266784668 0.5296919941902161 
vt 0.18985672295093536 0.533594012260437 
vt 0.19667981564998627 0.531886875629425 
vt 0.19412115216255188 0.5368863940238953 
vt 0.2002132087945938 0.5328624248504639 
vt 0.19948215782642365 0.5385935306549072 
vt 0.20374658703804016 0.5327404737472534 
vt 0.2052086889743805 0.5385935306549072 
vt 0.2071581482887268 0.5312771797180176 
vt 0.21093522012233734 0.5366424918174744 
vt 0.209716796875 0.5285945534706116 
vt 0.21471227705478668 0.531886875629425 
vt 0.21105705201625824 0.5251802206039429 
vt 0.216661736369133 0.5265215635299683 
vt 0.21117889881134033 0.5216439962387085 
vt 0.20094424486160278 0.5224975943565369 
vt 0.5266252160072327 0.44823673367500305 
vt 0.5361288189888 0.4577479660511017 
vt 0.513710081577301 0.47067350149154663 
vt 0.53966224193573 0.47067350149154663 
vt 0.5361288189888 0.4835990369319916 
vt 0.5266252160072327 0.4931102991104126 
vt 0.513710081577301 0.4965245723724365 
vt 0.5007949471473694 0.4931102991104126 
vt 0.491291344165802 0.4835990369319916 
vt 0.48775795102119446 0.47067350149154663 
vt 0.491291344165802 0.4577479660511017 
vt 0.5007949471473694 0.44823673367500305 
vt 0.513710081577301 0.4447005093097687 
vt 0.9255326986312866 0.15765610337257385 
vt 0.9272384643554688 0.20350515842437744 
vt 0.9217556118965149 0.20826077461242676 
vt 0.9871842265129089 0.20313934981822968 
vt 0.9913268089294434 0.20740720629692078 
vt 0.9896210432052612 0.1615581512451172 
vt 0.9951038956642151 0.15692445635795593 
vt 0.929675281047821 0.16192395985126495 
vt 0.9452708959579468 0.19387197494506836 
vt 0.9707356691360474 0.1935061663389206 
vt 0.9714667201042175 0.17119131982326508 
vt 0.9461237788200378 0.1716790795326233 
vt 0.5608625411987305 0.47030770778656006 
vt 0.5617154240608215 0.4646984934806824 
vt 0.5774329304695129 0.4699418842792511 
vt 0.5645177960395813 0.4595770537853241 
vt 0.5689040422439575 0.4557969570159912 
vt 0.5742650628089905 0.4537239968776703 
vt 0.5799915790557861 0.45360204577445984 
vt 0.58547443151474 0.45543113350868225 
vt 0.5899825692176819 0.4590893089771271 
vt 0.5930286049842834 0.46396687626838684 
vt 0.5941251516342163 0.4696980118751526 
vt 0.5932722687721252 0.4753071963787079 
vt 0.5904699563980103 0.48042863607406616 
vt 0.5860836505889893 0.48420873284339905 
vt 0.5807226300239563 0.48628169298171997 
vt 0.5749961137771606 0.4864036440849304 
vt 0.5695132613182068 0.484574556350708 
vt 0.5650051832199097 0.4809163808822632 
vt 0.5619591474533081 0.4760388135910034 
vt 0.9914486408233643 0.0019399940501898527 
vt 0.9874278903007507 0.006207859143614769 
vt 0.9265074133872986 0.002183872042223811 
vt 0.9305281639099121 0.006451737135648727 
vt 0.9199280142784119 0.051203351467847824 
vt 0.9258981943130493 0.04730130359530449 
vt 0.9983935952186584 0.050959471613168716 
vt 0.9923015236854553 0.04705742374062538 
vt 0.972806990146637 0.03839975595474243 
vt 0.9715885519981384 0.016206856817007065 
vt 0.9466111660003662 0.016206856817007065 
vt 0.9453927874565125 0.038155876100063324 
vt 0.618493378162384 0.5511532425880432 
vt 0.6136197447776794 0.5454221367835999 
vt 0.619468092918396 0.545665979385376 
vt 0.6131323575973511 0.541763961315155 
vt 0.6186152100563049 0.5401787161827087 
vt 0.6115484237670898 0.5384715795516968 
vt 0.6161783933639526 0.5351792573928833 
vt 0.6089897751808167 0.5359109044075012 
vt 0.61227947473526 0.5311552286148071 
vt 0.6057000756263733 0.5343256592750549 
vt 0.6072840094566345 0.5285945534706116 
vt 0.6019229888916016 0.5338379144668579 
vt 0.6014356017112732 0.5277409553527832 
vt 0.5982677340507507 0.534813404083252 
vt 0.5953435897827148 0.5288383960723877 
vt 0.5953435897827148 0.5371302366256714 
vt 0.590713620185852 0.53310626745224 
vt 0.5933941006660461 0.5403006672859192 
vt 0.5879112482070923 0.5382277369499207 
vt 0.592663049697876 0.543958842754364 
vt 0.5869365334510803 0.5437150001525879 
vt 0.5931504368782043 0.5476170182228088 
vt 0.5877894163131714 0.5492022037506104 
vt 0.5948562026023865 0.5509093999862671 
vt 0.5902262330055237 0.5542017221450806 
vt 0.5974148511886597 0.5534700751304626 
vt 0.5941251516342163 0.558225691318512 
vt 0.600704550743103 0.5550553202629089 
vt 0.5991206169128418 0.5607864260673523 
vt 0.6044816374778748 0.555543065071106 
vt 0.6048471927642822 0.5616400241851807 
vt 0.6081368923187256 0.5545675158500671 
vt 0.6110610365867615 0.5605425238609314 
vt 0.6110610365867615 0.5522506833076477 
vt 0.6155691742897034 0.5562747120857239 
vt 0.6128886938095093 0.5490803122520447 
vt 0.6031413674354553 0.5446904897689819 
vt 0.6028977036476135 0.9981816411018372 
vt 0.615081787109375 0.9859877228736877 
vt 0.6550456285476685 0.9981816411018372 
vt 0.6423742175102234 0.9865974187850952 
vt 0.650050163269043 0.9418458342552185 
vt 0.6412776112556458 0.9535519480705261 
vt 0.6077713370323181 0.9418458342552185 
vt 0.6171531081199646 0.9531861543655396 
vt 0.8622971773147583 0.28630173206329346 
vt 0.8702168464660645 0.32142016291618347 
vt 0.8622971773147583 0.31715232133865356 
vt 0.8163631558418274 0.3215421140193939 
vt 0.8242828249931335 0.31715232133865356 
vt 0.8163631558418274 0.2837410271167755 
vt 0.8242828249931335 0.28630173206329346 
vt 0.8702168464660645 0.2837410271167755 
vt 0.9858439564704895 0.10351517796516418 
vt 0.981823205947876 0.09924731403589249 
vt 0.9904739260673523 0.05303243547677994 
vt 0.9849910736083984 0.05766611546278 
vt 0.9209027290344238 0.052666619420051575 
vt 0.9250453114509583 0.05693448334932327 
vt 0.916272759437561 0.10314936190843582 
vt 0.9217556118965149 0.09851568192243576 
vt 0.9399099349975586 0.08888249844312668 
vt 0.9653747081756592 0.0893702581524849 
vt 0.9668367505073547 0.06729929894208908 
vt 0.9413720369338989 0.06681153923273087 
vt 0.9823105931282043 0.15497343242168427 
vt 0.9804829955101013 0.10912437736988068 
vt 0.9859657883644104 0.10449068993330002 
vt 0.9205371737480164 0.10949019342660904 
vt 0.9163945913314819 0.10522232949733734 
vt 0.9181003570556641 0.15119333565235138 
vt 0.9127393960952759 0.15582701563835144 
vt 0.9780461192131042 0.15070557594299316 
vt 0.9624505043029785 0.11875755339860916 
vt 0.9369857311248779 0.11924531310796738 
vt 0.9362546801567078 0.14143821597099304 
vt 0.9615976214408875 0.14107239246368408 
vt 0.953068733215332 0.9545274376869202 
vt 0.09079998731613159 0.0981498658657074 
vt 0.02646793983876705 0.41604483127593994 
vt 0.13965822756290436 0.09985700994729996 
vt 0.05424768850207329 0.24496442079544067 
vt 0.1453847587108612 0.20301739871501923 
vt 0.04876484349370003 0.19179901480674744 
vt 0.6907450556755066 0.770155668258667 
vt 0.45157119631767273 0.7784475684165955 
vt 0.6271440982818604 0.7816179394721985 
vt 0.1065174788236618 0.8385635018348694 
vt 0.14063295722007751 0.8418558239936829 
vt 0.08178375661373138 0.7343056201934814 
vt 0.08202743530273438 0.7512551546096802 
vt 0.04206358641386032 0.8806324005126953 
vt 0.7962594032287598 0.7346714735031128 
vt 0.06825940310955048 0.8864855170249939 
vt 0.0815400704741478 0.7015040516853333 
vt 0.1799875944852829 0.6277309656143188 
vt 0.08312400430440903 0.7844225764274597 
vt 0.2463909387588501 0.42848262190818787 
vt 0.08288032561540604 0.7682046890258789 
vt 0.11870157718658447 0.5388374328613281 
vt 0.06643179059028625 0.8144195675849915 
vt 0.3014630675315857 0.5535920262336731 
vt 0.627509593963623 0.7271112203598022 
vt 0.628484308719635 0.7534500360488892 
vt 0.9093278050422668 0.567858874797821 
vt 0.5912009477615356 0.6818718314170837 
vt 0.9112772941589355 0.4332382380962372 
vt 0.10127831250429153 0.8283206224441528 
vt 0.8802078366279602 0.4800628125667572 
vt 0.9407628178596497 0.5209123492240906 
vt 0.575483500957489 0.5999288558959961 
vt 0.20009136199951172 0.8018598556518555 
vt 0.19862927496433258 0.7527183890342712 
vt 0.772865891456604 0.21338221430778503 
vt 0.22177906334400177 0.6676049828529358 
vt 0.2663728594779968 0.8369782567024231 
vt 0.012943588197231293 0.14948618412017822 
vt 0.29537102580070496 0.026083916425704956 
vt 0.45790693163871765 0.02644973248243332 
vt 0.1112692728638649 0.3647085130214691 
vt 0.12881438434123993 0.38141417503356934 
vt 0.590835452079773 0.012914503924548626 
s on 
f 1/1/1 2/2/2 3/3/3 
f 2/2/2 4/4/4 3/3/3 
f 3/3/3 4/4/4 5/5/5 
f 4/4/4 6/6/6 5/5/5 
f 5/5/5 6/6/6 7/7/7 
f 6/6/6 8/8/8 7/7/7 
f 7/7/7 8/8/8 9/9/9 
f 8/8/8 10/10/10 9/9/9 
f 9/9/9 10/10/10 11/11/11 
f 10/10/10 12/12/12 11/11/11 
f 11/11/11 12/12/12 12/12/12 
f 12/12/12 4/4/4 12/12/12 
f 12/12/12 4/4/4 4/4/4 
f 4/4/4 2/2/2 4/4/4 
f 4/4/4 2/2/2 6/6/6 
f 2/2/2 13/13/13 6/6/6 
f 6/6/6 13/13/13 14/14/14 
f 13/13/13 14/14/14 14/14/14 
f 14/14/14 14/14/14 6/6/6 
f 14/14/14 6/6/6 6/6/6 
f 6/6/6 6/6/6 6/6/6 
f 6/6/6 14/14/14 6/6/6 
f 6/6/6 14/14/14 8/8/8 
f 14/14/14 15/15/15 8/8/8 
f 8/8/8 15/15/15 10/10/10 
f 15/15/15 16/16/16 10/10/10 
f 10/10/10 16/16/16 17/17/17 
f 16/16/16 17/17/17 17/17/17 
f 17/17/17 17/17/17 18/18/18 
f 17/17/17 18/18/18 18/18/18 
f 18/18/18 18/18/18 18/18/18 
f 18/18/18 19/19/19 18/18/18 
f 18/18/18 19/19/19 20/20/20 
f 19/19/19 21/21/21 20/20/20 
f 20/20/20 21/21/21 22/22/22 
f 21/21/21 23/23/23 22/22/22 
f 22/22/22 23/23/23 24/24/24 
f 23/23/23 25/25/25 24/24/24 
f 24/24/24 25/25/25 26/26/26 
f 25/25/25 27/27/27 26/26/26 
f 26/26/26 27/27/27 28/28/28 
f 27/27/27 29/29/29 28/28/28 
f 28/28/28 29/29/29 30/30/30 
f 29/29/29 31/31/31 30/30/30 
f 30/30/30 31/31/31 32/32/32 
f 31/31/31 33/33/33 32/32/32 
f 32/32/32 33/33/33 34/34/34 
f 33/33/33 35/35/35 34/34/34 
f 34/34/34 35/35/35 36/36/36 
f 35/35/35 37/37/37 36/36/36 
f 36/36/36 37/37/37 38/38/38 
f 37/37/37 39/39/39 38/38/38 
f 38/38/38 39/39/39 40/40/40 
f 39/39/39 41/41/41 40/40/40 
f 40/40/40 41/41/41 42/42/42 
f 41/41/41 43/43/43 42/42/42 
f 42/42/42 43/43/43 43/43/43 
f 43/43/43 19/19/19 43/43/43 
f 43/43/43 19/19/19 19/19/19 
f 19/19/19 44/44/44 19/19/19 
f 19/19/19 44/44/44 21/21/21 
f 44/44/44 45/45/45 21/21/21 
f 21/21/21 45/45/45 23/23/23 
f 45/45/45 46/46/46 23/23/23 
f 23/23/23 46/46/46 25/25/25 
f 46/46/46 47/47/47 25/25/25 
f 25/25/25 47/47/47 27/27/27 
f 47/47/47 48/48/48 27/27/27 
f 27/27/27 48/48/48 29/29/29 
f 48/48/48 49/49/49 29/29/29 
f 29/29/29 49/49/49 31/31/31 
f 49/49/49 50/50/50 31/31/31 
f 31/31/31 50/50/50 33/33/33 
f 50/50/50 51/51/51 33/33/33 
f 33/33/33 51/51/51 35/35/35 
f 51/51/51 52/52/52 35/35/35 
f 35/35/35 52/52/52 37/37/37 
f 52/52/52 53/53/53 37/37/37 
f 37/37/37 53/53/53 39/39/39 
f 53/53/53 54/54/54 39/39/39 
f 39/39/39 54/54/54 41/41/41 
f 54/54/54 55/55/55 41/41/41 
f 41/41/41 55/55/55 43/43/43 
f 55/55/55 43/43/43 43/43/43 
f 43/43/43 43/43/43 44/44/44 
f 43/43/43 44/44/44 44/44/44 
f 44/44/44 44/44/44 44/44/44 
f 44/44/44 56/56/56 44/44/44 
f 44/44/44 56/56/56 45/45/45 
f 56/56/56 57/57/57 45/45/45 
f 45/45/45 57/57/57 46/46/46 
f 57/57/57 58/58/58 46/46/46 
f 46/46/46 58/58/58 47/47/47 
f 58/58/58 59/59/59 47/47/47 
f 47/47/47 59/59/59 48/48/48 
f 59/59/59 60/60/60 48/48/48 
f 48/48/48 60/60/60 49/49/49 
f 60/60/60 61/61/61 49/49/49 
f 49/49/49 61/61/61 50/50/50 
f 61/61/61 62/62/62 50/50/50 
f 50/50/50 62/62/62 51/51/51 
f 62/62/62 63/63/63 51/51/51 
f 51/51/51 63/63/63 52/52/52 
f 63/63/63 64/64/64 52/52/52 
f 52/52/52 64/64/64 53/53/53 
f 64/64/64 65/65/65 53/53/53 
f 53/53/53 65/65/65 54/54/54 
f 65/65/65 66/66/66 54/54/54 
f 54/54/54 66/66/66 55/55/55 
f 66/66/66 55/55/55 55/55/55 
f 55/55/55 55/55/55 56/56/56 
f 55/55/55 56/56/56 56/56/56 
f 56/56/56 56/56/56 56/56/56 
f 56/56/56 67/67/67 56/56/56 
f 56/56/56 67/67/67 57/57/57 
f 67/67/67 68/68/68 57/57/57 
f 57/57/57 68/68/68 58/58/58 
f 68/68/68 69/69/69 58/58/58 
f 58/58/58 69/69/69 59/59/59 
f 69/69/69 70/70/70 59/59/59 
f 59/59/59 70/70/70 60/60/60 
f 70/70/70 71/71/71 60/60/60 
f 60/60/60 71/71/71 61/61/61 
f 71/71/71 72/72/72 61/61/61 
f 61/61/61 72/72/72 62/62/62 
f 72/72/72 73/73/73 62/62/62 
f 62/62/62 73/73/73 63/63/63 
f 73/73/73 74/74/74 63/63/63 
f 63/63/63 74/74/74 64/64/64 
f 74/74/74 75/75/75 64/64/64 
f 64/64/64 75/75/75 65/65/65 
f 75/75/75 76/76/76 65/65/65 
f 65/65/65 76/76/76 66/66/66 
f 76/76/76 77/77/77 66/66/66 
f 66/66/66 77/77/77 77/77/77 
f 77/77/77 67/67/67 77/77/77 
f 77/77/77 67/67/67 67/67/67 
f 67/67/67 56/56/56 67/67/67 
f 67/67/67 56/56/56 78/78/78 
f 56/56/56 79/79/79 78/78/78 
f 78/78/78 79/79/79 80/80/80 
f 79/79/79 81/81/81 80/80/80 
f 80/80/80 81/81/81 81/81/81 
f 81/81/81 79/79/79 81/81/81 
f 81/81/81 79/79/79 82/82/82 
f 79/79/79 44/44/44 82/82/82 
f 82/82/82 44/44/44 19/19/19 
f 44/44/44 19/19/19 19/19/19 
f 19/19/19 19/19/19 83/83/83 
f 19/19/19 83/83/83 83/83/83 
f 83/83/83 83/83/83 83/83/83 
f 83/83/83 84/84/84 83/83/83 
f 83/83/83 84/84/84 85/85/85 
f 84/84/84 86/86/86 85/85/85 
f 85/85/85 86/86/86 86/86/86 
f 86/86/86 84/84/84 86/86/86 
f 86/86/86 84/84/84 87/87/87 
f 84/84/84 88/88/88 87/87/87 
f 87/87/87 88/88/88 89/89/89 
f 88/88/88 90/90/90 89/89/89 
f 89/89/89 90/90/90 91/91/91 
f 90/90/90 92/92/92 91/91/91 
f 91/91/91 92/92/92 93/93/93 
f 92/92/92 94/94/94 93/93/93 
f 93/93/93 94/94/94 95/95/95 
f 94/94/94 96/96/96 95/95/95 
f 95/95/95 96/96/96 97/97/97 
f 96/96/96 98/98/98 97/97/97 
f 97/97/97 98/98/98 99/99/99 
f 98/98/98 100/100/100 99/99/99 
f 99/99/99 100/100/100 101/101/101 
f 100/100/100 102/102/102 101/101/101 
f 101/101/101 102/102/102 103/103/103 
f 102/102/102 104/104/104 103/103/103 
f 103/103/103 104/104/104 105/105/105 
f 104/104/104 105/105/105 105/105/105 
f 105/105/105 105/105/105 106/106/106 
f 105/105/105 106/106/106 106/106/106 
f 106/106/106 106/106/106 106/106/106 
f 106/106/106 107/107/107 106/106/106 
f 106/106/106 107/107/107 108/108/108 
f 107/107/107 109/109/109 108/108/108 
f 108/108/108 109/109/109 109/109/109 
f 109/109/109 107/107/107 109/109/109 
f 109/109/109 107/107/107 110/110/110 
f 107/107/107 111/111/111 110/110/110 
f 110/110/110 111/111/111 112/112/112 
f 111/111/111 113/113/113 112/112/112 
f 112/112/112 113/113/113 114/114/114 
f 113/113/113 115/115/115 114/114/114 
f 114/114/114 115/115/115 116/116/116 
f 115/115/115 117/117/117 116/116/116 
f 116/116/116 117/117/117 118/118/118 
f 117/117/117 119/119/119 118/118/118 
f 118/118/118 119/119/119 120/120/120 
f 119/119/119 121/121/121 120/120/120 
f 120/120/120 121/121/121 122/122/122 
f 121/121/121 123/123/123 122/122/122 
f 122/122/122 123/123/123 124/124/124 
f 123/123/123 125/125/125 124/124/124 
f 124/124/124 125/125/125 126/126/126 
f 125/125/125 127/127/127 126/126/126 
f 126/126/126 127/127/127 128/128/128 
f 127/127/127 128/128/128 128/128/128 
f 128/128/128 128/128/128 129/129/129 
f 128/128/128 129/129/129 129/129/129 
f 129/129/129 129/129/129 129/129/129 
f 129/129/129 130/130/130 129/129/129 
f 129/129/129 130/130/130 131/131/131 
f 130/130/130 132/132/132 131/131/131 
f 131/131/131 132/132/132 133/133/133 
f 132/132/132 134/134/134 133/133/133 
f 133/133/133 134/134/134 135/135/135 
f 134/134/134 136/136/136 135/135/135 
f 135/135/135 136/136/136 137/137/137 
f 136/136/136 138/138/138 137/137/137 
f 137/137/137 138/138/138 138/138/138 
f 138/138/138 137/137/137 138/138/138 
f 138/138/138 137/137/137 137/137/137 
f 137/137/137 139/139/139 137/137/137 
f 137/137/137 139/139/139 135/135/135 
f 139/139/139 140/140/140 135/135/135 
f 135/135/135 140/140/140 140/140/140 
f 140/140/140 141/141/141 140/140/140 
f 140/140/140 141/141/141 141/141/141 
f 141/141/141 142/142/142 141/141/141 
f 141/141/141 142/142/142 143/143/143 
f 142/142/142 144/144/144 143/143/143 
f 143/143/143 144/144/144 145/145/145 
f 144/144/144 146/146/146 145/145/145 
f 145/145/145 146/146/146 147/147/147 
f 146/146/146 148/148/148 147/147/147 
f 147/147/147 148/148/148 149/149/149 
f 148/148/148 150/150/150 149/149/149 
f 149/149/149 150/150/150 150/150/150 
f 150/150/150 149/149/149 150/150/150 
f 150/150/150 149/149/149 149/149/149 
f 149/149/149 151/151/151 149/149/149 
f 149/149/149 151/151/151 147/147/147 
f 151/151/151 152/152/152 147/147/147 
f 147/147/147 152/152/152 152/152/152 
f 152/152/152 153/153/153 152/152/152 
f 152/152/152 153/153/153 153/153/153 
f 153/153/153 154/154/154 153/153/153 
f 153/153/153 154/154/154 155/155/155 
f 154/154/154 156/156/156 155/155/155 
f 155/155/155 156/156/156 157/157/157 
f 156/156/156 158/158/158 157/157/157 
f 157/157/157 158/158/158 159/159/159 
f 158/158/158 160/160/160 159/159/159 
f 159/159/159 160/160/160 161/161/161 
f 160/160/160 162/162/162 161/161/161 
f 161/161/161 162/162/162 162/162/162 
f 162/162/162 161/161/161 162/162/162 
f 162/162/162 161/161/161 161/161/161 
f 161/161/161 163/163/163 161/161/161 
f 161/161/161 163/163/163 159/159/159 
f 163/163/163 164/164/164 159/159/159 
f 159/159/159 164/164/164 164/164/164 
f 164/164/164 165/165/165 164/164/164 
f 164/164/164 165/165/165 165/165/165 
f 165/165/165 166/166/166 165/165/165 
f 165/165/165 166/166/166 167/167/167 
f 166/166/166 168/168/168 167/167/167 
f 167/167/167 168/168/168 169/169/169 
f 168/168/168 170/170/170 169/169/169 
f 169/169/169 170/170/170 171/171/171 
f 170/170/170 172/172/172 171/171/171 
f 171/171/171 172/172/172 172/172/172 
f 172/172/172 170/170/170 172/172/172 
f 172/172/172 170/170/170 170/170/170 
f 170/170/170 168/168/168 170/170/170 
f 170/170/170 168/168/168 173/173/173 
f 168/168/168 174/174/174 173/173/173 
f 173/173/173 174/174/174 175/175/175 
f 174/174/174 176/176/176 175/175/175 
f 175/175/175 176/176/176 177/177/177 
f 176/176/176 178/178/178 177/177/177 
f 177/177/177 178/178/178 178/178/178 
f 178/178/178 179/179/179 178/178/178 
f 178/178/178 179/179/179 179/179/179 
f 179/179/179 180/180/180 179/179/179 
f 179/179/179 180/180/180 181/181/181 
f 180/180/180 182/182/182 181/181/181 
f 181/181/181 182/182/182 183/183/183 
f 182/182/182 184/184/184 183/183/183 
f 183/183/183 184/184/184 185/185/185 
f 184/184/184 186/186/186 185/185/185 
f 185/185/185 186/186/186 187/187/187 
f 186/186/186 188/188/188 187/187/187 
f 187/187/187 188/188/188 189/189/189 
f 188/188/188 190/190/190 189/189/189 
f 189/189/189 190/190/190 191/191/191 
f 190/190/190 192/192/192 191/191/191 
f 191/191/191 192/192/192 192/192/192 
f 192/192/192 193/193/193 192/192/192 
f 192/192/192 193/193/193 193/193/193 
f 193/193/193 194/194/194 193/193/193 
f 193/193/193 194/194/194 195/195/195 
f 194/194/194 196/196/196 195/195/195 
f 195/195/195 196/196/196 197/197/197 
f 196/196/196 198/198/198 197/197/197 
f 197/197/197 198/198/198 198/198/198 
f 198/198/198 194/194/194 198/198/198 
f 198/198/198 194/194/194 194/194/194 
f 194/194/194 199/199/199 194/194/194 
f 194/194/194 199/199/199 196/196/196 
f 199/199/199 200/200/200 196/196/196 
f 196/196/196 200/200/200 201/201/201 
f 200/200/200 202/202/202 201/201/201 
f 201/201/201 202/202/202 203/203/203 
f 202/202/202 204/204/204 203/203/203 
f 203/203/203 204/204/204 205/205/205 
f 204/204/204 206/206/206 205/205/205 
f 205/205/205 206/206/206 206/206/206 
f 206/206/206 205/205/205 206/206/206 
f 206/206/206 205/205/205 205/205/205 
f 205/205/205 207/207/207 205/205/205 
f 205/205/205 207/207/207 203/203/203 
f 207/207/207 208/208/208 203/203/203 
f 203/203/203 208/208/208 201/201/201 
f 208/208/208 198/198/198 201/201/201 
f 201/201/201 198/198/198 196/196/196 
f 198/198/198 196/196/196 196/196/196 
f 196/196/196 196/196/196 209/209/209 
f 196/196/196 209/209/209 209/209/209 
f 209/209/209 209/209/209 209/209/209 
f 209/209/209 210/210/210 209/209/209 
f 209/209/209 210/210/210 211/211/211 
f 210/210/210 212/212/212 211/211/211 
f 211/211/211 212/212/212 213/213/213 
f 212/212/212 214/214/214 213/213/213 
f 213/213/213 214/214/214 215/215/215 
f 214/214/214 216/216/216 215/215/215 
f 215/215/215 216/216/216 217/217/217 
f 216/216/216 218/218/218 217/217/217 
f 217/217/217 218/218/218 219/219/219 
f 218/218/218 220/220/220 219/219/219 
f 219/219/219 220/220/220 221/221/221 
f 220/220/220 222/222/222 221/221/221 
f 221/221/221 222/222/222 222/222/222 
f 222/222/222 223/223/223 222/222/222 
f 222/222/222 223/223/223 223/223/223 
f 223/223/223 224/224/224 223/223/223 
f 223/223/223 224/224/224 225/225/225 
f 224/224/224 226/226/226 225/225/225 
f 225/225/225 226/226/226 227/227/227 
f 226/226/226 228/228/228 227/227/227 
f 227/227/227 228/228/228 229/229/229 
f 228/228/228 230/230/230 229/229/229 
f 229/229/229 230/230/230 231/231/231 
f 230/230/230 232/232/232 231/231/231 
f 231/231/231 232/232/232 232/232/232 
f 232/232/232 226/226/226 232/232/232 
f 232/232/232 226/226/226 226/226/226 
f 226/226/226 233/233/233 226/226/226 
f 226/226/226 233/233/233 228/228/228 
f 233/233/233 234/234/234 228/228/228 
f 228/228/228 234/234/234 230/230/230 
f 234/234/234 235/235/235 230/230/230 
f 230/230/230 235/235/235 232/232/232 
f 235/235/235 236/236/236 232/232/232 
f 232/232/232 236/236/236 236/236/236 
f 236/236/236 233/233/233 236/236/236 
f 236/236/236 233/233/233 233/233/233 
f 233/233/233 237/237/237 233/233/233 
f 233/233/233 237/237/237 234/234/234 
f 237/237/237 238/238/238 234/234/234 
f 234/234/234 238/238/238 235/235/235 
f 238/238/238 239/239/239 235/235/235 
f 235/235/235 239/239/239 236/236/236 
f 239/239/239 240/240/240 236/236/236 
f 236/236/236 240/240/240 240/240/240 
f 240/240/240 237/237/237 240/240/240 
f 240/240/240 237/237/237 237/237/237 
f 237/237/237 233/233/233 237/237/237 
f 237/237/237 233/233/233 241/241/241 
f 233/233/233 242/242/242 241/241/241 
f 241/241/241 242/242/242 242/242/242 
f 242/242/242 233/233/233 242/242/242 
f 242/242/242 233/233/233 243/243/243 
f 233/233/233 244/244/244 243/243/243 
f 243/243/243 244/244/244 244/244/244 
f 244/244/244 233/233/233 244/244/244 
f 244/244/244 233/233/233 233/233/233 
f 233/233/233 226/226/226 233/233/233 
f 233/233/233 226/226/226 244/244/244 
f 226/226/226 245/245/245 244/244/244 
f 244/244/244 245/245/245 245/245/245 
f 245/245/245 226/226/226 245/245/245 
f 245/245/245 226/226/226 226/226/226 
f 226/226/226 224/224/224 226/226/226 
f 226/226/226 224/224/224 245/245/245 
f 224/224/224 246/246/246 245/245/245 
f 245/245/245 246/246/246 246/246/246 
f 246/246/246 247/247/247 246/246/246 
f 246/246/246 247/247/247 247/247/247 
f 247/247/247 248/248/248 247/247/247 
f 247/247/247 248/248/248 249/249/249 
f 248/248/248 250/250/250 249/249/249 
f 249/249/249 250/250/250 250/250/250 
f 250/250/250 251/251/251 250/250/250 
f 250/250/250 251/251/251 251/251/251 
f 251/251/251 252/252/252 251/251/251 
f 251/251/251 252/252/252 253/253/253 
f 252/252/252 254/254/254 253/253/253 
f 253/253/253 254/254/254 254/254/254 
f 254/254/254 255/255/255 254/254/254 
f 254/254/254 255/255/255 255/255/255 
f 255/255/255 256/256/256 255/255/255 
f 255/255/255 256/256/256 257/257/257 
f 256/256/256 258/258/258 257/257/257 
f 257/257/257 258/258/258 258/258/258 
f 258/258/258 259/259/259 258/258/258 
f 258/258/258 259/259/259 259/259/259 
f 259/259/259 260/260/260 259/259/259 
f 259/259/259 260/260/260 261/261/261 
f 260/260/260 262/262/262 261/261/261 
f 261/261/261 262/262/262 262/262/262 
f 262/262/262 260/260/260 262/262/262 
f 262/262/262 260/260/260 260/260/260 
f 260/260/260 263/263/263 260/260/260 
f 260/260/260 263/263/263 262/262/262 
f 263/263/263 264/264/264 262/262/262 
f 262/262/262 264/264/264 265/265/265 
f 264/264/264 265/265/265 265/265/265 
f 265/265/265 265/265/265 262/262/262 
f 265/265/265 262/262/262 262/262/262 
f 262/262/262 262/262/262 262/262/262 
f 262/262/262 265/265/265 262/262/262 
f 262/262/262 265/265/265 266/266/266 
f 265/265/265 267/267/267 266/266/266 
f 266/266/266 267/267/267 268/268/268 
f 267/267/267 269/269/269 268/268/268 
f 268/268/268 269/269/269 270/270/270 
f 269/269/269 271/271/271 270/270/270 
f 270/270/270 271/271/271 272/272/272 
f 271/271/271 272/272/272 272/272/272 
f 272/272/272 272/272/272 269/269/269 
f 272/272/272 269/269/269 269/269/269 
f 269/269/269 269/269/269 269/269/269 
f 269/269/269 273/273/273 269/269/269 
f 269/269/269 273/273/273 271/271/271 
f 273/273/273 274/274/274 271/271/271 
f 271/271/271 274/274/274 275/275/275 
f 274/274/274 276/276/276 275/275/275 
f 275/275/275 276/276/276 277/277/277 
f 276/276/276 278/278/278 277/277/277 
f 277/277/277 278/278/278 278/278/278 
f 278/278/278 276/276/276 278/278/278 
f 278/278/278 276/276/276 276/276/276 
f 276/276/276 279/279/279 276/276/276 
f 276/276/276 279/279/279 278/278/278 
f 279/279/279 280/280/280 278/278/278 
f 278/278/278 280/280/280 280/280/280 
f 280/280/280 279/279/279 280/280/280 
f 280/280/280 279/279/279 279/279/279 
f 279/279/279 281/281/281 279/279/279 
f 279/279/279 281/281/281 280/280/280 
f 281/281/281 282/282/282 280/280/280 
f 280/280/280 282/282/282 282/282/282 
f 282/282/282 281/281/281 282/282/282 
f 282/282/282 281/281/281 281/281/281 
f 281/281/281 283/283/283 281/281/281 
f 281/281/281 283/283/283 282/282/282 
f 283/283/283 284/284/284 282/282/282 
f 282/282/282 284/284/284 285/285/285 
f 284/284/284 285/285/285 285/285/285 
f 285/285/285 285/285/285 285/285/285 
f 285/285/285 286/286/286 285/285/285 
f 285/285/285 286/286/286 282/282/282 
f 286/286/286 287/287/287 282/282/282 
f 282/282/282 287/287/287 287/287/287 
f 287/287/287 288/288/288 287/287/287 
f 287/287/287 288/288/288 288/288/288 
f 288/288/288 289/289/289 288/288/288 
f 288/288/288 289/289/289 290/290/290 
f 289/289/289 291/291/291 290/290/290 
f 290/290/290 291/291/291 292/292/292 
f 291/291/291 292/292/292 292/292/292 
f 292/292/292 292/292/292 290/290/290 
f 292/292/292 290/290/290 290/290/290 
f 290/290/290 290/290/290 290/290/290 
f 290/290/290 292/292/292 290/290/290 
f 290/290/290 292/292/292 293/293/293 
f 292/292/292 294/294/294 293/293/293 
f 293/293/293 294/294/294 294/294/294 
f 294/294/294 295/295/295 294/294/294 
f 294/294/294 295/295/295 295/295/295 
f 295/295/295 296/296/296 295/295/295 
f 295/295/295 296/296/296 297/297/297 
f 296/296/296 298/298/298 297/297/297 
f 297/297/297 298/298/298 299/299/299 
f 298/298/298 300/300/300 299/299/299 
f 299/299/299 300/300/300 300/300/300 
f 300/300/300 298/298/298 300/300/300 
f 300/300/300 298/298/298 301/301/301 
f 298/298/298 296/296/296 301/301/301 
f 301/301/301 296/296/296 302/302/302 
f 296/296/296 302/302/302 302/302/302 
f 302/302/302 302/302/302 303/303/303 
f 302/302/302 303/303/303 303/303/303 
f 303/303/303 303/303/303 303/303/303 
f 303/303/303 304/304/304 303/303/303 
f 303/303/303 304/304/304 305/305/305 
f 304/304/304 306/306/306 305/305/305 
f 305/305/305 306/306/306 307/307/307 
f 306/306/306 308/308/308 307/307/307 
f 307/307/307 308/308/308 308/308/308 
f 308/308/308 306/306/306 308/308/308 
f 308/308/308 306/306/306 309/309/309 
f 306/306/306 304/304/304 309/309/309 
f 309/309/309 304/304/304 310/310/310 
f 304/304/304 310/310/310 310/310/310 
f 310/310/310 310/310/310 311/311/311 
f 310/310/310 311/311/311 311/311/311 
f 311/311/311 311/311/311 311/311/311 
f 311/311/311 312/312/312 311/311/311 
f 311/311/311 312/312/312 313/313/313 
f 312/312/312 314/314/314 313/313/313 
f 313/313/313 314/314/314 315/315/315 
f 314/314/314 316/316/316 315/315/315 
f 315/315/315 316/316/316 316/316/316 
f 316/316/316 314/314/314 316/316/316 
f 316/316/316 314/314/314 317/317/317 
f 314/314/314 312/312/312 317/317/317 
f 317/317/317 312/312/312 318/318/318 
f 312/312/312 318/318/318 318/318/318 
f 318/318/318 318/318/318 319/319/319 
f 318/318/318 319/319/319 319/319/319 
f 319/319/319 319/319/319 319/319/319 
f 319/319/319 320/320/320 319/319/319 
f 319/319/319 320/320/320 321/321/321 
f 320/320/320 322/322/322 321/321/321 
f 321/321/321 322/322/322 323/323/323 
f 322/322/322 324/324/324 323/323/323 
f 323/323/323 324/324/324 324/324/324 
f 324/324/324 322/322/322 324/324/324 
f 324/324/324 322/322/322 325/325/325 
f 322/322/322 320/320/320 325/325/325 
f 325/325/325 320/320/320 326/326/326 
f 320/320/320 326/326/326 326/326/326 
f 326/326/326 326/326/326 327/327/327 
f 326/326/326 327/327/327 327/327/327 
f 327/327/327 327/327/327 327/327/327 
f 327/327/327 328/328/328 327/327/327 
f 327/327/327 328/328/328 329/329/329 
f 328/328/328 330/330/330 329/329/329 
f 329/329/329 330/330/330 330/330/330 
f 330/330/330 328/328/328 330/330/330 
f 330/330/330 328/328/328 331/331/331 
f 328/328/328 332/332/332 331/331/331 
f 331/331/331 332/332/332 333/333/333 
f 332/332/332 334/334/334 333/333/333 
f 333/333/333 334/334/334 335/335/335 
f 334/334/334 335/335/335 335/335/335 
f 335/335/335 335/335/335 333/333/333 
f 335/335/335 333/333/333 333/333/333 
f 333/333/333 333/333/333 333/333/333 
f 333/333/333 335/335/335 333/333/333 
f 333/333/333 335/335/335 336/336/336 
f 335/335/335 337/337/337 336/336/336 
f 336/336/336 337/337/337 338/338/338 
f 337/337/337 339/339/339 338/338/338 
f 338/338/338 339/339/339 339/339/339 
f 339/339/339 340/340/340 339/339/339 
f 339/339/339 340/340/340 340/340/340 
f 340/340/340 341/341/341 340/340/340 
f 340/340/340 341/341/341 342/342/342 
f 341/341/341 343/343/343 342/342/342 
f 342/342/342 343/343/343 343/343/343 
f 343/343/343 341/341/341 343/343/343 
f 343/343/343 341/341/341 341/341/341 
f 341/341/341 344/344/344 341/341/341 
f 341/341/341 344/344/344 343/343/343 
f 344/344/344 345/345/345 343/343/343 
f 343/343/343 345/345/345 345/345/345 
f 345/345/345 344/344/344 345/345/345 
f 345/345/345 344/344/344 344/344/344 
f 344/344/344 346/346/346 344/344/344 
f 344/344/344 346/346/346 345/345/345 
f 346/346/346 347/347/347 345/345/345 
f 345/345/345 347/347/347 347/347/347 
f 347/347/347 346/346/346 347/347/347 
f 347/347/347 346/346/346 346/346/346 
f 346/346/346 348/348/348 346/346/346 
f 346/346/346 348/348/348 347/347/347 
f 348/348/348 349/349/349 347/347/347 
f 347/347/347 349/349/349 349/349/349 
f 349/349/349 348/348/348 349/349/349 
f 349/349/349 348/348/348 350/350/350 
f 348/348/348 351/351/351 350/350/350 
f 350/350/350 351/351/351 352/352/352 
f 351/351/351 352/352/352 352/352/352 
f 352/352/352 352/352/352 350/350/350 
f 352/352/352 350/350/350 350/350/350 
f 350/350/350 350/350/350 350/350/350 
f 350/350/350 352/352/352 350/350/350 
f 350/350/350 352/352/352 353/353/353 
f 352/352/352 354/354/354 353/353/353 
f 353/353/353 354/354/354 355/355/355 
f 354/354/354 356/356/356 355/355/355 
f 355/355/355 356/356/356 356/356/356 
f 356/356/356 354/354/354 356/356/356 
f 356/356/356 354/354/354 354/354/354 
f 354/354/354 357/357/357 354/354/354 
f 354/354/354 357/357/357 356/356/356 
f 357/357/357 358/358/358 356/356/356 
f 356/356/356 358/358/358 358/358/358 
f 358/358/358 357/357/357 358/358/358 
f 358/358/358 357/357/357 357/357/357 
f 357/357/357 359/359/359 357/357/357 
f 357/357/357 359/359/359 358/358/358 
f 359/359/359 360/360/360 358/358/358 
f 358/358/358 360/360/360 360/360/360 
f 360/360/360 359/359/359 360/360/360 
f 360/360/360 359/359/359 359/359/359 
f 359/359/359 361/361/361 359/359/359 
f 359/359/359 361/361/361 360/360/360 
f 361/361/361 362/362/362 360/360/360 
f 360/360/360 362/362/362 362/362/362 
f 362/362/362 363/363/363 362/362/362 
f 362/362/362 363/363/363 363/363/363 
f 363/363/363 364/364/364 363/363/363 
f 363/363/363 364/364/364 365/365/365 
f 364/364/364 366/366/366 365/365/365 
f 365/365/365 366/366/366 366/366/366 
f 366/366/366 364/364/364 366/366/366 
f 366/366/366 364/364/364 367/367/367 
f 364/364/364 368/368/368 367/367/367 
f 367/367/367 368/368/368 369/369/369 
f 368/368/368 369/369/369 369/369/369 
f 369/369/369 369/369/369 368/368/368 
f 369/369/369 368/368/368 368/368/368 
f 368/368/368 368/368/368 368/368/368 
f 368/368/368 364/364/364 368/368/368 
f 368/368/368 364/364/364 370/370/370 
f 364/364/364 371/371/371 370/370/370 
f 370/370/370 371/371/371 372/372/372 
f 371/371/371 373/373/373 372/372/372 
f 372/372/372 373/373/373 374/374/374 
f 373/373/373 375/375/375 374/374/374 
f 374/374/374 375/375/375 376/376/376 
f 375/375/375 377/377/377 376/376/376 
f 376/376/376 377/377/377 378/378/378 
f 377/377/377 378/378/378 378/378/378 
f 378/378/378 378/378/378 374/374/374 
f 378/378/378 374/374/374 374/374/374 
f 374/374/374 374/374/374 374/374/374 
f 374/374/374 376/376/376 374/374/374 
f 374/374/374 376/376/376 379/379/379 
f 376/376/376 380/380/380 379/379/379 
f 379/379/379 380/380/380 380/380/380 
f 380/380/380 374/374/374 380/380/380 
f 380/380/380 374/374/374 374/374/374 
f 374/374/374 379/379/379 374/374/374 
f 374/374/374 379/379/379 381/381/381 
f 379/379/379 382/382/382 381/381/381 
f 381/381/381 382/382/382 383/383/383 
f 382/382/382 384/384/384 383/383/383 
f 383/383/383 384/384/384 384/384/384 
f 384/384/384 382/382/382 384/384/384 
f 384/384/384 382/382/382 382/382/382 
f 382/382/382 385/385/385 382/382/382 
f 382/382/382 385/385/385 384/384/384 
f 385/385/385 386/386/386 384/384/384 
f 384/384/384 386/386/386 386/386/386 
f 386/386/386 385/385/385 386/386/386 
f 386/386/386 385/385/385 387/387/387 
f 385/385/385 388/388/388 387/387/387 
f 387/387/387 388/388/388 389/389/389 
f 388/388/388 390/390/390 389/389/389 
f 389/389/389 390/390/390 390/390/390 
f 390/390/390 385/385/385 390/390/390 
f 390/390/390 385/385/385 385/385/385 
f 385/385/385 380/380/380 385/385/385 
f 385/385/385 380/380/380 388/388/388 
f 380/380/380 391/391/391 388/388/388 
f 388/388/388 391/391/391 391/391/391 
f 391/391/391 380/380/380 391/391/391 
f 391/391/391 380/380/380 392/392/392 
f 380/380/380 376/376/376 392/392/392 
f 392/392/392 376/376/376 376/376/376 
f 376/376/376 392/392/392 376/376/376 
f 376/376/376 392/392/392 392/392/392 
f 392/392/392 393/393/393 392/392/392 
f 392/392/392 393/393/393 391/391/391 
f 393/393/393 394/394/394 391/391/391 
f 391/391/391 394/394/394 395/395/395 
f 394/394/394 396/396/396 395/395/395 
f 395/395/395 396/396/396 397/397/397 
f 396/396/396 398/398/398 397/397/397 
f 397/397/397 398/398/398 399/399/399 
f 398/398/398 400/400/400 399/399/399 
f 399/399/399 400/400/400 401/401/401 
f 400/400/400 402/402/402 401/401/401 
f 401/401/401 402/402/402 403/403/403 
f 402/402/402 403/403/403 403/403/403 
f 403/403/403 403/403/403 403/403/403 
f 403/403/403 404/404/404 403/403/403 
f 403/403/403 404/404/404 401/401/401 
f 404/404/404 405/405/405 401/401/401 
f 401/401/401 405/405/405 406/406/406 
f 405/405/405 406/406/406 406/406/406 
f 406/406/406 406/406/406 367/367/367 
f 406/406/406 367/367/367 367/367/367 
f 367/367/367 367/367/367 367/367/367 
f 367/367/367 369/369/369 367/367/367 
f 367/367/367 369/369/369 407/407/407 
f 369/369/369 408/408/408 407/407/407 
f 407/407/407 408/408/408 408/408/408 
f 408/408/408 369/369/369 408/408/408 
f 408/408/408 369/369/369 409/409/409 
f 369/369/369 410/410/410 409/409/409 
f 409/409/409 410/410/410 410/410/410 
f 410/410/410 400/400/400 410/410/410 
f 410/410/410 400/400/400 400/400/400 
f 400/400/400 398/398/398 400/400/400 
f 400/400/400 398/398/398 411/411/411 
f 398/398/398 412/412/412 411/411/411 
f 411/411/411 412/412/412 413/413/413 
f 412/412/412 413/413/413 413/413/413 
f 413/413/413 413/413/413 414/414/414 
f 413/413/413 414/414/414 414/414/414 
f 414/414/414 414/414/414 414/414/414 
f 414/414/414 415/415/415 414/414/414 
f 414/414/414 415/415/415 416/416/416 
f 415/415/415 417/417/417 416/416/416 
f 416/416/416 417/417/417 417/417/417 
f 417/417/417 415/415/415 417/417/417 
f 417/417/417 415/415/415 415/415/415 
f 415/415/415 418/418/418 415/415/415 
f 415/415/415 418/418/418 417/417/417 
f 418/418/418 419/419/419 417/417/417 
f 417/417/417 419/419/419 419/419/419 
f 419/419/419 418/418/418 419/419/419 
f 419/419/419 418/418/418 418/418/418 
f 418/418/418 420/420/420 418/418/418 
f 418/418/418 420/420/420 419/419/419 
f 420/420/420 421/421/421 419/419/419 
f 419/419/419 421/421/421 421/421/421 
f 421/421/421 420/420/420 421/421/421 
f 421/421/421 420/420/420 420/420/420 
f 420/420/420 422/422/422 420/420/420 
f 420/420/420 422/422/422 421/421/421 
f 422/422/422 423/423/423 421/421/421 
f 421/421/421 423/423/423 424/424/424 
f 423/423/423 424/424/424 424/424/424 
f 424/424/424 424/424/424 422/422/422 
f 424/424/424 422/422/422 422/422/422 
f 422/422/422 422/422/422 422/422/422 
f 422/422/422 420/420/420 422/422/422 
f 422/422/422 420/420/420 425/425/425 
f 420/420/420 426/426/426 425/425/425 
f 425/425/425 426/426/426 427/427/427 
f 426/426/426 427/427/427 427/427/427 
f 427/427/427 427/427/427 428/428/428 
f 427/427/427 428/428/428 428/428/428 
f 428/428/428 428/428/428 428/428/428 
f 428/428/428 429/429/429 428/428/428 
f 428/428/428 429/429/429 430/430/430 
f 429/429/429 431/431/431 430/430/430 
f 430/430/430 431/431/431 431/431/431 
f 431/431/431 432/432/432 431/431/431 
f 431/431/431 432/432/432 432/432/432 
f 432/432/432 433/433/433 432/432/432 
f 432/432/432 433/433/433 434/434/434 
f 433/433/433 435/435/435 434/434/434 
f 434/434/434 435/435/435 436/436/436 
f 435/435/435 436/436/436 436/436/436 
f 436/436/436 436/436/436 437/437/437 
f 436/436/436 437/437/437 437/437/437 
f 437/437/437 437/437/437 437/437/437 
f 437/437/437 438/438/438 437/437/437 
f 437/437/437 438/438/438 439/439/439 
f 438/438/438 440/440/440 439/439/439 
f 439/439/439 440/440/440 440/440/440 
f 440/440/440 438/438/438 440/440/440 
f 440/440/440 438/438/438 438/438/438 
f 438/438/438 441/441/441 438/438/438 
f 438/438/438 441/441/441 440/440/440 
f 441/441/441 442/442/442 440/440/440 
f 440/440/440 442/442/442 442/442/442 
f 442/442/442 441/441/441 442/442/442 
f 442/442/442 441/441/441 441/441/441 
f 441/441/441 443/443/443 441/441/441 
f 441/441/441 443/443/443 442/442/442 
f 443/443/443 444/444/444 442/442/442 
f 442/442/442 444/444/444 444/444/444 
f 444/444/444 443/443/443 444/444/444 
f 444/444/444 443/443/443 443/443/443 
f 443/443/443 445/445/445 443/443/443 
f 443/443/443 445/445/445 444/444/444 
f 445/445/445 446/446/446 444/444/444 
f 444/444/444 446/446/446 447/447/447 
f 446/446/446 447/447/447 447/447/447 
f 447/447/447 447/447/447 445/445/445 
f 447/447/447 445/445/445 445/445/445 
f 445/445/445 445/445/445 445/445/445 
f 445/445/445 443/443/443 445/445/445 
f 445/445/445 443/443/443 448/448/448 
f 443/443/443 449/449/449 448/448/448 
f 448/448/448 449/449/449 450/450/450 
f 449/449/449 450/450/450 450/450/450 
f 450/450/450 450/450/450 451/451/451 
f 450/450/450 451/451/451 451/451/451 
f 451/451/451 451/451/451 451/451/451 
f 451/451/451 452/452/452 451/451/451 
f 451/451/451 452/452/452 453/453/453 
f 452/452/452 454/454/454 453/453/453 
f 453/453/453 454/454/454 454/454/454 
f 454/454/454 452/452/452 454/454/454 
f 454/454/454 452/452/452 452/452/452 
f 452/452/452 455/455/455 452/452/452 
f 452/452/452 455/455/455 454/454/454 
f 455/455/455 456/456/456 454/454/454 
f 454/454/454 456/456/456 457/457/457 
f 456/456/456 457/457/457 457/457/457 
f 457/457/457 457/457/457 454/454/454 
f 457/457/457 454/454/454 454/454/454 
f 454/454/454 454/454/454 454/454/454 
f 454/454/454 457/457/457 454/454/454 
f 454/454/454 457/457/457 458/458/458 
f 457/457/457 459/459/459 458/458/458 
f 458/458/458 459/459/459 460/460/460 
f 459/459/459 461/461/461 460/460/460 
f 460/460/460 461/461/461 462/462/462 
f 461/461/461 462/462/462 462/462/462 
f 462/462/462 462/462/462 463/463/463 
f 462/462/462 463/463/463 463/463/463 
f 463/463/463 463/463/463 463/463/463 
f 463/463/463 464/464/464 463/463/463 
f 463/463/463 464/464/464 465/465/465 
f 464/464/464 466/466/466 465/465/465 
f 465/465/465 466/466/466 467/467/467 
f 466/466/466 468/468/468 467/467/467 
f 467/467/467 468/468/468 469/469/469 
f 468/468/468 470/470/470 469/469/469 
f 469/469/469 470/470/470 470/470/470 
f 470/470/470 464/464/464 470/470/470 
f 470/470/470 464/464/464 464/464/464 
f 464/464/464 471/471/471 464/464/464 
f 464/464/464 471/471/471 466/466/466 
f 471/471/471 472/472/472 466/466/466 
f 466/466/466 472/472/472 468/468/468 
f 472/472/472 473/473/473 468/468/468 
f 468/468/468 473/473/473 470/470/470 
f 473/473/473 474/474/474 470/470/470 
f 470/470/470 474/474/474 474/474/474 
f 474/474/474 471/471/471 474/474/474 
f 474/474/474 471/471/471 471/471/471 
f 471/471/471 475/475/475 471/471/471 
f 471/471/471 475/475/475 472/472/472 
f 475/475/475 476/476/476 472/472/472 
f 472/472/472 476/476/476 473/473/473 
f 476/476/476 477/477/477 473/473/473 
f 473/473/473 477/477/477 474/474/474 
f 477/477/477 478/478/478 474/474/474 
f 474/474/474 478/478/478 478/478/478 
f 478/478/478 475/475/475 478/478/478 
f 478/478/478 475/475/475 475/475/475 
f 475/475/475 479/479/479 475/475/475 
f 475/475/475 479/479/479 476/476/476 
f 479/479/479 480/480/480 476/476/476 
f 476/476/476 480/480/480 481/481/481 
f 480/480/480 481/481/481 481/481/481 
f 481/481/481 481/481/481 481/481/481 
f 481/481/481 482/482/482 481/481/481 
f 481/481/481 482/482/482 476/476/476 
f 482/482/482 477/477/477 476/476/476 
f 476/476/476 477/477/477 477/477/477 
f 477/477/477 482/482/482 477/477/477 
f 477/477/477 482/482/482 482/482/482 
f 482/482/482 483/483/483 482/482/482 
f 482/482/482 483/483/483 477/477/477 
f 483/483/483 484/484/484 477/477/477 
f 477/477/477 484/484/484 478/478/478 
f 484/484/484 485/485/485 478/478/478 
f 478/478/478 485/485/485 485/485/485 
f 485/485/485 486/486/486 485/485/485 
f 485/485/485 486/486/486 486/486/486 
f 486/486/486 487/487/487 486/486/486 
f 486/486/486 487/487/487 488/488/488 
f 487/487/487 489/489/489 488/488/488 
f 488/488/488 489/489/489 489/489/489 
f 489/489/489 487/487/487 489/489/489 
f 489/489/489 487/487/487 487/487/487 
f 487/487/487 490/490/490 487/487/487 
f 487/487/487 490/490/490 489/489/489 
f 490/490/490 491/491/491 489/489/489 
f 489/489/489 491/491/491 491/491/491 
f 491/491/491 490/490/490 491/491/491 
f 491/491/491 490/490/490 490/490/490 
f 490/490/490 492/492/492 490/490/490 
f 490/490/490 492/492/492 491/491/491 
f 492/492/492 493/493/493 491/491/491 
f 491/491/491 493/493/493 493/493/493 
f 493/493/493 492/492/492 493/493/493 
f 493/493/493 492/492/492 492/492/492 
f 492/492/492 494/494/494 492/492/492 
f 492/492/492 494/494/494 493/493/493 
f 494/494/494 495/495/495 493/493/493 
f 493/493/493 495/495/495 495/495/495 
f 495/495/495 494/494/494 495/495/495 
f 495/495/495 494/494/494 494/494/494 
f 494/494/494 496/496/496 494/494/494 
f 494/494/494 496/496/496 495/495/495 
f 496/496/496 497/497/497 495/495/495 
f 495/495/495 497/497/497 497/497/497 
f 497/497/497 496/496/496 497/497/497 
f 497/497/497 496/496/496 496/496/496 
f 496/496/496 498/498/498 496/496/496 
f 496/496/496 498/498/498 497/497/497 
f 498/498/498 499/499/499 497/497/497 
f 497/497/497 499/499/499 499/499/499 
f 499/499/499 500/500/500 499/499/499 
f 499/499/499 500/500/500 500/500/500 
f 500/500/500 501/501/501 500/500/500 
f 500/500/500 501/501/501 502/502/502 
f 501/501/501 503/503/503 502/502/502 
f 502/502/502 503/503/503 504/504/504 
f 503/503/503 504/504/504 504/504/504 
f 504/504/504 504/504/504 502/502/502 
f 504/504/504 502/502/502 502/502/502 
f 502/502/502 502/502/502 502/502/502 
f 502/502/502 504/504/504 502/502/502 
f 502/502/502 504/504/504 505/505/505 
f 504/504/504 506/506/506 505/505/505 
f 505/505/505 506/506/506 507/507/507 
f 506/506/506 508/508/508 507/507/507 
f 507/507/507 508/508/508 509/509/509 
f 508/508/508 510/510/510 509/509/509 
f 509/509/509 510/510/510 510/510/510 
f 510/510/510 508/508/508 510/510/510 
f 510/510/510 508/508/508 508/508/508 
f 508/508/508 511/511/511 508/508/508 
f 508/508/508 511/511/511 510/510/510 
f 511/511/511 512/512/512 510/510/510 
f 510/510/510 512/512/512 512/512/512 
f 512/512/512 511/511/511 512/512/512 
f 512/512/512 511/511/511 511/511/511 
f 511/511/511 513/513/513 511/511/511 
f 511/511/511 513/513/513 512/512/512 
f 513/513/513 514/514/514 512/512/512 
f 512/512/512 514/514/514 515/515/515 
f 514/514/514 516/516/516 515/515/515 
f 515/515/515 516/516/516 516/516/516 
f 516/516/516 514/514/514 516/516/516 
f 516/516/516 514/514/514 514/514/514 
f 514/514/514 517/517/517 514/514/514 
f 514/514/514 517/517/517 516/516/516 
f 517/517/517 518/518/518 516/516/516 
f 516/516/516 518/518/518 518/518/518 
f 518/518/518 517/517/517 518/518/518 
f 518/518/518 517/517/517 517/517/517 
f 517/517/517 519/519/519 517/517/517 
f 517/517/517 519/519/519 518/518/518 
f 519/519/519 520/520/520 518/518/518 
f 518/518/518 520/520/520 520/520/520 
f 520/520/520 519/519/519 520/520/520 
f 520/520/520 519/519/519 519/519/519 
f 519/519/519 521/521/521 519/519/519 
f 519/519/519 521/521/521 520/520/520 
f 521/521/521 522/522/522 520/520/520 
f 520/520/520 522/522/522 523/523/523 
f 522/522/522 523/523/523 523/523/523 
f 523/523/523 523/523/523 521/521/521 
f 523/523/523 521/521/521 521/521/521 
f 521/521/521 521/521/521 521/521/521 
f 521/521/521 524/524/524 521/521/521 
f 521/521/521 524/524/524 522/522/522 
f 524/524/524 525/525/525 522/522/522 
f 522/522/522 525/525/525 525/525/525 
f 525/525/525 526/526/526 525/525/525 
f 525/525/525 526/526/526 526/526/526 
f 526/526/526 527/527/527 526/526/526 
f 526/526/526 527/527/527 528/528/528 
f 527/527/527 529/529/529 528/528/528 
f 528/528/528 529/529/529 530/530/530 
f 529/529/529 530/530/530 530/530/530 
f 530/530/530 530/530/530 531/531/531 
f 530/530/530 531/531/531 531/531/531 
f 531/531/531 531/531/531 531/531/531 
f 531/531/531 532/532/532 531/531/531 
f 531/531/531 532/532/532 533/533/533 
f 532/532/532 534/534/534 533/533/533 
f 533/533/533 534/534/534 534/534/534 
f 534/534/534 511/511/511 534/534/534 
f 534/534/534 511/511/511 511/511/511 
f 511/511/511 508/508/508 511/511/511 
f 511/511/511 508/508/508 535/535/535 
f 508/508/508 536/536/536 535/535/535 
f 535/535/535 536/536/536 536/536/536 
f 536/536/536 537/537/537 536/536/536 
f 536/536/536 537/537/537 537/537/537 
f 537/537/537 538/538/538 537/537/537 
f 537/537/537 538/538/538 539/539/539 
f 538/538/538 540/540/540 539/539/539 
f 539/539/539 540/540/540 541/541/541 
f 540/540/540 542/542/542 541/541/541 
f 541/541/541 542/542/542 543/543/543 
f 542/542/542 544/544/544 543/543/543 
f 543/543/543 544/544/544 544/544/544 
f 544/544/544 538/538/538 544/544/544 
f 544/544/544 538/538/538 538/538/538 
f 538/538/538 545/545/545 538/538/538 
f 538/538/538 545/545/545 540/540/540 
f 545/545/545 546/546/546 540/540/540 
f 540/540/540 546/546/546 542/542/542 
f 546/546/546 547/547/547 542/542/542 
f 542/542/542 547/547/547 544/544/544 
f 547/547/547 548/548/548 544/544/544 
f 544/544/544 548/548/548 548/548/548 
f 548/548/548 545/545/545 548/548/548 
f 548/548/548 545/545/545 545/545/545 
f 545/545/545 549/549/549 545/545/545 
f 545/545/545 549/549/549 546/546/546 
f 549/549/549 550/550/550 546/546/546 
f 546/546/546 550/550/550 547/547/547 
f 550/550/550 551/551/551 547/547/547 
f 547/547/547 551/551/551 548/548/548 
f 551/551/551 552/552/552 548/548/548 
f 548/548/548 552/552/552 552/552/552 
f 552/552/552 549/549/549 552/552/552 
f 552/552/552 549/549/549 549/549/549 
f 549/549/549 553/553/553 549/549/549 
f 549/549/549 553/553/553 550/550/550 
f 553/553/553 554/554/554 550/550/550 
f 550/550/550 554/554/554 555/555/555 
f 554/554/554 555/555/555 555/555/555 
f 555/555/555 555/555/555 555/555/555 
f 555/555/555 556/556/556 555/555/555 
f 555/555/555 556/556/556 550/550/550 
f 556/556/556 551/551/551 550/550/550 
f 550/550/550 551/551/551 551/551/551 
f 551/551/551 556/556/556 551/551/551 
f 551/551/551 556/556/556 556/556/556 
f 556/556/556 557/557/557 556/556/556 
f 556/556/556 557/557/557 551/551/551 
f 557/557/557 558/558/558 551/551/551 
f 551/551/551 558/558/558 552/552/552 
f 558/558/558 559/559/559 552/552/552 
f 552/552/552 559/559/559 559/559/559 
f 559/559/559 560/560/560 559/559/559 
f 559/559/559 560/560/560 560/560/560 
f 560/560/560 561/561/561 560/560/560 
f 560/560/560 561/561/561 562/562/562 
f 561/561/561 563/563/563 562/562/562 
f 562/562/562 563/563/563 564/564/564 
f 563/563/563 565/565/565 564/564/564 
f 564/564/564 565/565/565 566/566/566 
f 565/565/565 567/567/567 566/566/566 
f 566/566/566 567/567/567 568/568/568 
f 567/567/567 569/569/569 568/568/568 
f 568/568/568 569/569/569 569/569/569 
f 569/569/569 570/570/570 569/569/569 
f 569/569/569 570/570/570 570/570/570 
f 570/570/570 571/571/571 570/570/570 
f 570/570/570 571/571/571 572/572/572 
f 571/571/571 573/573/573 572/572/572 
f 572/572/572 573/573/573 573/573/573 
f 573/573/573 571/571/571 573/573/573 
f 573/573/573 571/571/571 571/571/571 
f 571/571/571 574/574/574 571/571/571 
f 571/571/571 574/574/574 573/573/573 
f 574/574/574 575/575/575 573/573/573 
f 573/573/573 575/575/575 575/575/575 
f 575/575/575 574/574/574 575/575/575 
f 575/575/575 574/574/574 574/574/574 
f 574/574/574 576/576/576 574/574/574 
f 574/574/574 576/576/576 575/575/575 
f 576/576/576 577/577/577 575/575/575 
f 575/575/575 577/577/577 577/577/577 
f 577/577/577 576/576/576 577/577/577 
f 577/577/577 576/576/576 576/576/576 
f 576/576/576 578/578/578 576/576/576 
f 576/576/576 578/578/578 577/577/577 
f 578/578/578 579/579/579 577/577/577 
f 577/577/577 579/579/579 579/579/579 
f 579/579/579 578/578/578 579/579/579 
f 579/579/579 578/578/578 578/578/578 
f 578/578/578 580/580/580 578/578/578 
f 578/578/578 580/580/580 579/579/579 
f 580/580/580 581/581/581 579/579/579 
f 579/579/579 581/581/581 581/581/581 
f 581/581/581 580/580/580 581/581/581 
f 581/581/581 580/580/580 580/580/580 
f 580/580/580 582/582/582 580/580/580 
f 580/580/580 582/582/582 581/581/581 
f 582/582/582 583/583/583 581/581/581 
f 581/581/581 583/583/583 583/583/583 
f 583/583/583 584/584/584 583/583/583 
f 583/583/583 584/584/584 584/584/584 
f 584/584/584 585/585/585 584/584/584 
f 584/584/584 585/585/585 586/586/586 
f 585/585/585 587/587/587 586/586/586 
f 586/586/586 587/587/587 588/588/588 
f 587/587/587 589/589/589 588/588/588 
f 588/588/588 589/589/589 590/590/590 
f 589/589/589 591/591/591 590/590/590 
f 590/590/590 591/591/591 592/592/592 
f 591/591/591 593/593/593 592/592/592 
f 592/592/592 593/593/593 593/593/593 
f 593/593/593 585/585/585 593/593/593 
f 593/593/593 585/585/585 585/585/585 
f 585/585/585 594/594/594 585/585/585 
f 585/585/585 594/594/594 587/587/587 
f 594/594/594 595/595/595 587/587/587 
f 587/587/587 595/595/595 589/589/589 
f 595/595/595 596/596/596 589/589/589 
f 589/589/589 596/596/596 591/591/591 
f 596/596/596 597/597/597 591/591/591 
f 591/591/591 597/597/597 593/593/593 
f 597/597/597 598/598/598 593/593/593 
f 593/593/593 598/598/598 598/598/598 
f 598/598/598 599/599/599 598/598/598 
f 598/598/598 599/599/599 599/599/599 
f 599/599/599 600/600/600 599/599/599 
f 599/599/599 600/600/600 601/601/601 
f 600/600/600 602/602/602 601/601/601 
f 601/601/601 602/602/602 603/603/603 
f 602/602/602 604/604/604 603/603/603 
f 603/603/603 604/604/604 605/605/605 
f 604/604/604 606/606/606 605/605/605 
f 605/605/605 606/606/606 607/607/607 
f 606/606/606 608/608/608 607/607/607 
f 607/607/607 608/608/608 608/608/608 
f 608/608/608 600/600/600 608/608/608 
f 608/608/608 600/600/600 600/600/600 
f 600/600/600 609/609/609 600/600/600 
f 600/600/600 609/609/609 602/602/602 
f 609/609/609 610/610/610 602/602/602 
f 602/602/602 610/610/610 604/604/604 
f 610/610/610 611/611/611 604/604/604 
f 604/604/604 611/611/611 606/606/606 
f 611/611/611 612/612/612 606/606/606 
f 606/606/606 612/612/612 608/608/608 
f 612/612/612 613/613/613 608/608/608 
f 608/608/608 613/613/613 613/613/613 
f 613/613/613 614/614/614 613/613/613 
f 613/613/613 614/614/614 614/614/614 
f 614/614/614 615/615/615 614/614/614 
f 614/614/614 615/615/615 616/616/616 
f 615/615/615 617/617/617 616/616/616 
f 616/616/616 617/617/617 618/618/618 
f 617/617/617 619/619/619 618/618/618 
f 618/618/618 619/619/619 620/620/620 
f 619/619/619 621/621/621 620/620/620 
f 620/620/620 621/621/621 622/622/622 
f 621/621/621 623/623/623 622/622/622 
f 622/622/622 623/623/623 623/623/623 
f 623/623/623 624/624/624 623/623/623 
f 623/623/623 624/624/624 624/624/624 
f 624/624/624 625/625/625 624/624/624 
f 624/624/624 625/625/625 626/626/626 
f 625/625/625 627/627/627 626/626/626 
f 626/626/626 627/627/627 627/627/627 
f 627/627/627 628/628/628 627/627/627 
f 627/627/627 628/628/628 628/628/628 
f 628/628/628 629/629/629 628/628/628 
f 628/628/628 629/629/629 630/630/630 
f 629/629/629 631/631/631 630/630/630 
f 630/630/630 631/631/631 631/631/631 
f 631/631/631 629/629/629 631/631/631 
f 631/631/631 629/629/629 629/629/629 
f 629/629/629 632/632/632 629/629/629 
f 629/629/629 632/632/632 631/631/631 
f 632/632/632 633/633/633 631/631/631 
f 631/631/631 633/633/633 634/634/634 
f 633/633/633 634/634/634 634/634/634 
f 634/634/634 634/634/634 631/631/631 
f 634/634/634 631/631/631 631/631/631 
f 631/631/631 631/631/631 631/631/631 
f 631/631/631 634/634/634 631/631/631 
f 631/631/631 634/634/634 635/635/635 
f 634/634/634 636/636/636 635/635/635 
f 635/635/635 636/636/636 637/637/637 
f 636/636/636 638/638/638 637/637/637 
f 637/637/637 638/638/638 639/639/639 
f 638/638/638 639/639/639 639/639/639 
f 639/639/639 639/639/639 640/640/640 
f 639/639/639 640/640/640 640/640/640 
f 640/640/640 640/640/640 640/640/640 
f 640/640/640 641/641/641 640/640/640 
f 640/640/640 641/641/641 642/642/642 
f 641/641/641 643/643/643 642/642/642 
f 642/642/642 643/643/643 643/643/643 
f 643/643/643 641/641/641 643/643/643 
f 643/643/643 641/641/641 644/644/644 
f 641/641/641 645/645/645 644/644/644 
f 644/644/644 645/645/645 646/646/646 
f 645/645/645 646/646/646 646/646/646 
f 646/646/646 646/646/646 647/647/647 
f 646/646/646 647/647/647 647/647/647 
f 647/647/647 647/647/647 647/647/647 
f 647/647/647 648/648/648 647/647/647 
f 647/647/647 648/648/648 649/649/649 
f 648/648/648 650/650/650 649/649/649 
f 649/649/649 650/650/650 650/650/650 
f 650/650/650 648/648/648 650/650/650 
f 650/650/650 648/648/648 651/651/651 
f 648/648/648 652/652/652 651/651/651 
f 651/651/651 652/652/652 653/653/653 
f 652/652/652 653/653/653 653/653/653 
f 653/653/653 653/653/653 654/654/654 
f 653/653/653 654/654/654 654/654/654 
f 654/654/654 654/654/654 654/654/654 
f 654/654/654 655/655/655 654/654/654 
f 654/654/654 655/655/655 656/656/656 
f 655/655/655 657/657/657 656/656/656 
f 656/656/656 657/657/657 658/658/658 
f 657/657/657 659/659/659 658/658/658 
f 658/658/658 659/659/659 659/659/659 
f 659/659/659 657/657/657 659/659/659 
f 659/659/659 657/657/657 660/660/660 
f 657/657/657 655/655/655 660/660/660 
f 660/660/660 655/655/655 655/655/655 
f 655/655/655 661/661/661 655/655/655 
f 655/655/655 661/661/661 661/661/661 
f 661/661/661 662/662/662 661/661/661 
f 661/661/661 662/662/662 663/663/663 
f 662/662/662 664/664/664 663/663/663 
f 663/663/663 664/664/664 665/665/665 
f 664/664/664 666/666/666 665/665/665 
f 665/665/665 666/666/666 666/666/666 
f 666/666/666 664/664/664 666/666/666 
f 666/666/666 664/664/664 667/667/667 
f 664/664/664 662/662/662 667/667/667 
f 667/667/667 662/662/662 662/662/662 
f 662/662/662 668/668/668 662/662/662 
f 662/662/662 668/668/668 668/668/668 
f 668/668/668 669/669/669 668/668/668 
f 668/668/668 669/669/669 670/670/670 
f 669/669/669 671/671/671 670/670/670 
f 670/670/670 671/671/671 672/672/672 
f 671/671/671 673/673/673 672/672/672 
f 672/672/672 673/673/673 673/673/673 
f 673/673/673 671/671/671 673/673/673 
f 673/673/673 671/671/671 674/674/674 
f 671/671/671 669/669/669 674/674/674 
f 674/674/674 669/669/669 669/669/669 
f 669/669/669 675/675/675 669/669/669 
f 669/669/669 675/675/675 675/675/675 
f 675/675/675 676/676/676 675/675/675 
f 675/675/675 676/676/676 677/677/677 
f 676/676/676 678/678/678 677/677/677 
f 677/677/677 678/678/678 679/679/679 
f 678/678/678 680/680/680 679/679/679 
f 679/679/679 680/680/680 680/680/680 
f 680/680/680 678/678/678 680/680/680 
f 680/680/680 678/678/678 681/681/681 
f 678/678/678 676/676/676 681/681/681 
f 681/681/681 676/676/676 676/676/676 
f 676/676/676 682/682/682 676/676/676 
f 676/676/676 682/682/682 682/682/682 
f 682/682/682 683/683/683 682/682/682 
f 682/682/682 683/683/683 684/684/684 
f 683/683/683 685/685/685 684/684/684 
f 684/684/684 685/685/685 686/686/686 
f 685/685/685 686/686/686 686/686/686 
f 686/686/686 686/686/686 684/684/684 
f 686/686/686 684/684/684 684/684/684 
f 684/684/684 684/684/684 684/684/684 
f 684/684/684 686/686/686 684/684/684 
f 684/684/684 686/686/686 687/687/687 
f 686/686/686 688/688/688 687/687/687 
f 687/687/687 688/688/688 689/689/689 
f 688/688/688 690/690/690 689/689/689 
f 689/689/689 690/690/690 690/690/690 
f 690/690/690 688/688/688 690/690/690 
f 690/690/690 688/688/688 688/688/688 
f 688/688/688 691/691/691 688/688/688 
f 688/688/688 691/691/691 690/690/690 
f 691/691/691 692/692/692 690/690/690 
f 690/690/690 692/692/692 692/692/692 
f 692/692/692 691/691/691 692/692/692 
f 692/692/692 691/691/691 691/691/691 
f 691/691/691 693/693/693 691/691/691 
f 691/691/691 693/693/693 692/692/692 
f 693/693/693 694/694/694 692/692/692 
f 692/692/692 694/694/694 695/695/695 
f 694/694/694 695/695/695 695/695/695 
f 695/695/695 695/695/695 696/696/696 
f 695/695/695 696/696/696 696/696/696 
f 696/696/696 696/696/696 696/696/696 
f 696/696/696 697/697/697 696/696/696 
f 696/696/696 697/697/697 698/698/698 
f 697/697/697 699/699/699 698/698/698 
f 698/698/698 699/699/699 699/699/699 
f 699/699/699 700/700/700 699/699/699 
f 699/699/699 700/700/700 700/700/700 
f 700/700/700 701/701/701 700/700/700 
f 700/700/700 701/701/701 702/702/702 
f 701/701/701 703/703/703 702/702/702 
f 702/702/702 703/703/703 704/704/704 
f 703/703/703 705/705/705 704/704/704 
f 704/704/704 705/705/705 706/706/706 
f 705/705/705 707/707/707 706/706/706 
f 706/706/706 707/707/707 708/708/708 
f 707/707/707 709/709/709 708/708/708 
f 708/708/708 709/709/709 710/710/710 
f 709/709/709 711/711/711 710/710/710 
f 710/710/710 711/711/711 712/712/712 
f 711/711/711 713/713/713 712/712/712 
f 712/712/712 713/713/713 714/714/714 
f 713/713/713 715/715/715 714/714/714 
f 714/714/714 715/715/715 716/716/716 
f 715/715/715 717/717/717 716/716/716 
f 716/716/716 717/717/717 718/718/718 
f 717/717/717 719/719/719 718/718/718 
f 718/718/718 719/719/719 720/720/720 
f 719/719/719 721/721/721 720/720/720 
f 720/720/720 721/721/721 722/722/722 
f 721/721/721 723/723/723 722/722/722 
f 722/722/722 723/723/723 724/724/724 
f 723/723/723 725/725/725 724/724/724 
f 724/724/724 725/725/725 726/726/726 
f 725/725/725 727/727/727 726/726/726 
f 726/726/726 727/727/727 728/728/728 
f 727/727/727 729/729/729 728/728/728 
f 728/728/728 729/729/729 730/730/730 
f 729/729/729 731/731/731 730/730/730 
f 730/730/730 731/731/731 732/732/732 
f 731/731/731 733/733/733 732/732/732 
f 732/732/732 733/733/733 734/734/734 
f 733/733/733 735/735/735 734/734/734 
f 734/734/734 735/735/735 736/736/736 
f 735/735/735 737/737/737 736/736/736 
f 736/736/736 737/737/737 737/737/737 
f 737/737/737 738/738/738 737/737/737 
f 737/737/737 738/738/738 738/738/738 
f 738/738/738 739/739/739 738/738/738 
f 738/738/738 739/739/739 740/740/740 
f 739/739/739 741/741/741 740/740/740 
f 740/740/740 741/741/741 742/742/742 
f 741/741/741 743/743/743 742/742/742 
f 742/742/742 743/743/743 744/744/744 
f 743/743/743 745/745/745 744/744/744 
f 744/744/744 745/745/745 746/746/746 
f 745/745/745 747/747/747 746/746/746 
f 746/746/746 747/747/747 748/748/748 
f 747/747/747 749/749/749 748/748/748 
f 748/748/748 749/749/749 750/750/750 
f 749/749/749 751/751/751 750/750/750 
f 750/750/750 751/751/751 752/752/752 
f 751/751/751 753/753/753 752/752/752 
f 752/752/752 753/753/753 754/754/754 
f 753/753/753 755/755/755 754/754/754 
f 754/754/754 755/755/755 755/755/755 
f 755/755/755 747/747/747 755/755/755 
f 755/755/755 747/747/747 747/747/747 
f 747/747/747 756/756/756 747/747/747 
f 747/747/747 756/756/756 749/749/749 
f 756/756/756 757/757/757 749/749/749 
f 749/749/749 757/757/757 758/758/758 
f 757/757/757 759/759/759 758/758/758 
f 758/758/758 759/759/759 760/760/760 
f 759/759/759 761/761/761 760/760/760 
f 760/760/760 761/761/761 762/762/762 
f 761/761/761 759/759/759 762/762/762 
f 762/762/762 759/759/759 757/757/757 
f 759/759/759 757/757/757 757/757/757 
f 757/757/757 757/757/757 762/762/762 
f 757/757/757 762/762/762 762/762/762 
f 762/762/762 762/762/762 762/762/762 
f 762/762/762 751/751/751 762/762/762 
f 762/762/762 751/751/751 760/760/760 
f 751/751/751 749/749/749 760/760/760 
f 760/760/760 749/749/749 758/758/758 
f 749/749/749 758/758/758 758/758/758 
f 758/758/758 758/758/758 751/751/751 
f 758/758/758 751/751/751 751/751/751 
f 751/751/751 751/751/751 751/751/751 
f 751/751/751 762/762/762 751/751/751 
f 751/751/751 762/762/762 753/753/753 
f 762/762/762 763/763/763 753/753/753 
f 753/753/753 763/763/763 764/764/764 
f 763/763/763 764/764/764 764/764/764 
f 764/764/764 764/764/764 763/763/763 
f 764/764/764 763/763/763 763/763/763 
f 763/763/763 763/763/763 763/763/763 
f 763/763/763 762/762/762 763/763/763 
f 763/763/763 762/762/762 765/765/765 
f 762/762/762 757/757/757 765/765/765 
f 765/765/765 757/757/757 756/756/756 
f 757/757/757 756/756/756 756/756/756 
f 756/756/756 756/756/756 765/765/765 
f 756/756/756 765/765/765 765/765/765 
f 765/765/765 765/765/765 765/765/765 
f 765/765/765 756/756/756 765/765/765 
f 765/765/765 756/756/756 766/766/766 
f 756/756/756 767/767/767 766/766/766 
f 766/766/766 767/767/767 767/767/767 
f 767/767/767 756/756/756 767/767/767 
f 767/767/767 756/756/756 768/768/768 
f 756/756/756 745/745/745 768/768/768 
f 768/768/768 745/745/745 745/745/745 
f 745/745/745 767/767/767 745/745/745 
f 745/745/745 767/767/767 767/767/767 
f 767/767/767 768/768/768 767/767/767 
f 767/767/767 768/768/768 769/769/769 
f 768/768/768 770/770/770 769/769/769 
f 769/769/769 770/770/770 771/771/771 
f 770/770/770 772/772/772 771/771/771 
f 771/771/771 772/772/772 773/773/773 
f 772/772/772 774/774/774 773/773/773 
f 773/773/773 774/774/774 774/774/774 
f 774/774/774 772/772/772 774/774/774 
f 774/774/774 772/772/772 772/772/772 
f 772/772/772 741/741/741 772/772/772 
f 772/772/772 741/741/741 774/774/774 
f 741/741/741 739/739/739 774/774/774 
f 774/774/774 739/739/739 739/739/739 
f 739/739/739 775/775/775 739/739/739 
f 739/739/739 775/775/775 775/775/775 
f 775/775/775 776/776/776 775/775/775 
f 775/775/775 776/776/776 777/777/777 
f 776/776/776 778/778/778 777/777/777 
f 777/777/777 778/778/778 779/779/779 
f 778/778/778 780/780/780 779/779/779 
f 779/779/779 780/780/780 780/780/780 
f 780/780/780 778/778/778 780/780/780 
f 780/780/780 778/778/778 778/778/778 
f 778/778/778 776/776/776 778/778/778 
f 778/778/778 776/776/776 781/781/781 
f 776/776/776 782/782/782 781/781/781 
f 781/781/781 782/782/782 783/783/783 
f 782/782/782 783/783/783 783/783/783 
f 783/783/783 783/783/783 781/781/781 
f 783/783/783 781/781/781 781/781/781 
f 781/781/781 781/781/781 781/781/781 
f 781/781/781 783/783/783 781/781/781 
f 781/781/781 783/783/783 784/784/784 
f 783/783/783 785/785/785 784/784/784 
f 784/784/784 785/785/785 786/786/786 
f 785/785/785 787/787/787 786/786/786 
f 786/786/786 787/787/787 788/788/788 
f 787/787/787 789/789/789 788/788/788 
f 788/788/788 789/789/789 790/790/790 
f 789/789/789 790/790/790 790/790/790 
f 790/790/790 790/790/790 784/784/784 
f 790/790/790 784/784/784 784/784/784 
f 784/784/784 784/784/784 784/784/784 
f 784/784/784 786/786/786 784/784/784 
f 784/784/784 786/786/786 791/791/791 
f 786/786/786 792/792/792 791/791/791 
f 791/791/791 792/792/792 792/792/792 
f 792/792/792 786/786/786 792/792/792 
f 792/792/792 786/786/786 793/793/793 
f 786/786/786 788/788/788 793/793/793 
f 793/793/793 788/788/788 794/794/794 
f 788/788/788 795/795/795 794/794/794 
f 794/794/794 795/795/795 795/795/795 
f 795/795/795 788/788/788 795/795/795 
f 795/795/795 788/788/788 788/788/788 
f 788/788/788 790/790/790 788/788/788 
f 788/788/788 790/790/790 795/795/795 
f 790/790/790 796/796/796 795/795/795 
f 795/795/795 796/796/796 797/797/797 
f 796/796/796 798/798/798 797/797/797 
f 797/797/797 798/798/798 799/799/799 
f 798/798/798 799/799/799 799/799/799 
f 799/799/799 799/799/799 797/797/797 
f 799/799/799 797/797/797 797/797/797 
f 797/797/797 797/797/797 797/797/797 
f 797/797/797 799/799/799 797/797/797 
f 797/797/797 799/799/799 800/800/800 
f 799/799/799 801/801/801 800/800/800 
f 800/800/800 801/801/801 802/802/802 
f 801/801/801 802/802/802 802/802/802 
f 802/802/802 802/802/802 803/803/803 
f 802/802/802 803/803/803 803/803/803 
f 803/803/803 803/803/803 803/803/803 
f 803/803/803 804/804/804 803/803/803 
f 803/803/803 804/804/804 805/805/805 
f 804/804/804 806/806/806 805/805/805 
f 805/805/805 806/806/806 806/806/806 
f 806/806/806 804/804/804 806/806/806 
f 806/806/806 804/804/804 804/804/804 
f 804/804/804 807/807/807 804/804/804 
f 804/804/804 807/807/807 806/806/806 
f 807/807/807 808/808/808 806/806/806 
f 806/806/806 808/808/808 808/808/808 
f 808/808/808 807/807/807 808/808/808 
f 808/808/808 807/807/807 807/807/807 
f 807/807/807 809/809/809 807/807/807 
f 807/807/807 809/809/809 808/808/808 
f 809/809/809 810/810/810 808/808/808 
f 808/808/808 810/810/810 810/810/810 
f 810/810/810 809/809/809 810/810/810 
f 810/810/810 809/809/809 809/809/809 
f 809/809/809 811/811/811 809/809/809 
f 809/809/809 811/811/811 810/810/810 
f 811/811/811 812/812/812 810/810/810 
f 810/810/810 812/812/812 812/812/812 
f 812/812/812 813/813/813 812/812/812 
f 812/812/812 813/813/813 813/813/813 
f 813/813/813 814/814/814 813/813/813 
f 813/813/813 814/814/814 815/815/815 
f 814/814/814 816/816/816 815/815/815 
f 815/815/815 816/816/816 817/817/817 
f 816/816/816 818/818/818 817/817/817 
f 817/817/817 818/818/818 818/818/818 
f 818/818/818 814/814/814 818/818/818 
f 818/818/818 814/814/814 814/814/814 
f 814/814/814 819/819/819 814/814/814 
f 814/814/814 819/819/819 816/816/816 
f 819/819/819 820/820/820 816/816/816 
f 816/816/816 820/820/820 818/818/818 
f 820/820/820 821/821/821 818/818/818 
f 818/818/818 821/821/821 821/821/821 
f 821/821/821 819/819/819 821/821/821 
f 821/821/821 819/819/819 819/819/819 
f 819/819/819 822/822/822 819/819/819 
f 819/819/819 822/822/822 820/820/820 
f 822/822/822 823/823/823 820/820/820 
f 820/820/820 823/823/823 821/821/821 
f 823/823/823 824/824/824 821/821/821 
f 821/821/821 824/824/824 824/824/824 
f 824/824/824 822/822/822 824/824/824 
f 824/824/824 822/822/822 822/822/822 
f 822/822/822 825/825/825 822/822/822 
f 822/822/822 825/825/825 823/823/823 
f 825/825/825 826/826/826 823/823/823 
f 823/823/823 826/826/826 824/824/824 
f 826/826/826 827/827/827 824/824/824 
f 824/824/824 827/827/827 827/827/827 
f 827/827/827 828/828/828 827/827/827 
f 827/827/827 828/828/828 828/828/828 
f 828/828/828 829/829/829 828/828/828 
f 828/828/828 829/829/829 830/830/830 
f 829/829/829 831/831/831 830/830/830 
f 830/830/830 831/831/831 832/832/832 
f 831/831/831 833/833/833 832/832/832 
f 832/832/832 833/833/833 834/834/834 
f 833/833/833 835/835/835 834/834/834 
f 834/834/834 835/835/835 836/836/836 
f 835/835/835 837/837/837 836/836/836 
f 836/836/836 837/837/837 838/838/838 
f 837/837/837 839/839/839 838/838/838 
f 838/838/838 839/839/839 840/840/840 
f 839/839/839 841/841/841 840/840/840 
f 840/840/840 841/841/841 842/842/842 
f 841/841/841 843/843/843 842/842/842 
f 842/842/842 843/843/843 844/844/844 
f 843/843/843 845/845/845 844/844/844 
f 844/844/844 845/845/845 845/845/845 
f 845/845/845 843/843/843 845/845/845 
f 845/845/845 843/843/843 846/846/846 
f 843/843/843 841/841/841 846/846/846 
f 846/846/846 841/841/841 847/847/847 
f 841/841/841 839/839/839 847/847/847 
f 847/847/847 839/839/839 848/848/848 
f 839/839/839 837/837/837 848/848/848 
f 848/848/848 837/837/837 849/849/849 
f 837/837/837 850/850/850 849/849/849 
f 849/849/849 850/850/850 850/850/850 
f 850/850/850 837/837/837 850/850/850 
f 850/850/850 837/837/837 851/851/851 
f 837/837/837 835/835/835 851/851/851 
f 851/851/851 835/835/835 833/833/833 
f 835/835/835 833/833/833 833/833/833 
f 833/833/833 833/833/833 833/833/833 
f 833/833/833 831/831/831 833/833/833 
f 833/833/833 831/831/831 851/851/851 
f 831/831/831 829/829/829 851/851/851 
f 851/851/851 829/829/829 850/850/850 
f 829/829/829 850/850/850 850/850/850 
f 850/850/850 850/850/850 852/852/852 
f 850/850/850 852/852/852 852/852/852 
f 852/852/852 852/852/852 852/852/852 
f 852/852/852 853/853/853 852/852/852 
f 852/852/852 853/853/853 854/854/854 
f 853/853/853 855/855/855 854/854/854 
f 854/854/854 855/855/855 855/855/855 
f 855/855/855 856/856/856 855/855/855 
f 855/855/855 856/856/856 856/856/856 
f 856/856/856 857/857/857 856/856/856 
f 856/856/856 857/857/857 858/858/858 
f 857/857/857 859/859/859 858/858/858 
f 858/858/858 859/859/859 859/859/859 
f 859/859/859 857/857/857 859/859/859 
f 859/859/859 857/857/857 857/857/857 
f 857/857/857 860/860/860 857/857/857 
f 857/857/857 860/860/860 859/859/859 
f 860/860/860 861/861/861 859/859/859 
f 859/859/859 861/861/861 861/861/861 
f 861/861/861 860/860/860 861/861/861 
f 861/861/861 860/860/860 860/860/860 
f 860/860/860 862/862/862 860/860/860 
f 860/860/860 862/862/862 861/861/861 
f 862/862/862 863/863/863 861/861/861 
f 861/861/861 863/863/863 863/863/863 
f 863/863/863 834/834/834 863/863/863 
f 863/863/863 834/834/834 834/834/834 
f 834/834/834 836/836/836 834/834/834 
f 834/834/834 836/836/836 864/864/864 
f 836/836/836 865/865/865 864/864/864 
f 864/864/864 865/865/865 865/865/865 
f 865/865/865 836/836/836 865/865/865 
f 865/865/865 836/836/836 866/866/866 
f 836/836/836 838/838/838 866/866/866 
f 866/866/866 838/838/838 867/867/867 
f 838/838/838 868/868/868 867/867/867 
f 867/867/867 868/868/868 868/868/868 
f 868/868/868 838/838/838 868/868/868 
f 868/868/868 838/838/838 838/838/838 
f 838/838/838 840/840/840 838/838/838 
f 838/838/838 840/840/840 868/868/868 
f 840/840/840 842/842/842 868/868/868 
f 868/868/868 842/842/842 844/844/844 
f 842/842/842 844/844/844 844/844/844 
f 844/844/844 844/844/844 869/869/869 
f 844/844/844 869/869/869 869/869/869 
f 869/869/869 869/869/869 869/869/869 
f 869/869/869 456/456/456 869/869/869 
f 869/869/869 456/456/456 870/870/870 
f 456/456/456 455/455/455 870/870/870 
f 870/870/870 455/455/455 455/455/455 
f 455/455/455 871/871/871 455/455/455 
f 455/455/455 871/871/871 871/871/871 
f 871/871/871 872/872/872 871/871/871 
f 871/871/871 872/872/872 873/873/873 
f 872/872/872 874/874/874 873/873/873 
f 873/873/873 874/874/874 875/875/875 
f 874/874/874 876/876/876 875/875/875 
f 875/875/875 876/876/876 876/876/876 
f 876/876/876 877/877/877 876/876/876 
f 876/876/876 877/877/877 877/877/877 
f 877/877/877 878/878/878 877/877/877 
f 877/877/877 878/878/878 879/879/879 
f 878/878/878 880/880/880 879/879/879 
f 879/879/879 880/880/880 880/880/880 
f 880/880/880 881/881/881 880/880/880 
f 880/880/880 881/881/881 881/881/881 
f 881/881/881 882/882/882 881/881/881 
f 881/881/881 882/882/882 883/883/883 
f 882/882/882 884/884/884 883/883/883 
f 883/883/883 884/884/884 885/885/885 
f 884/884/884 886/886/886 885/885/885 
f 885/885/885 886/886/886 886/886/886 
f 886/886/886 887/887/887 886/886/886 
f 886/886/886 887/887/887 887/887/887 
f 887/887/887 888/888/888 887/887/887 
f 887/887/887 888/888/888 889/889/889 
f 888/888/888 890/890/890 889/889/889 
f 889/889/889 890/890/890 890/890/890 
f 890/890/890 888/888/888 890/890/890 
f 890/890/890 888/888/888 891/891/891 
f 888/888/888 892/892/892 891/891/891 
f 891/891/891 892/892/892 893/893/893 
f 892/892/892 893/893/893 893/893/893 
f 893/893/893 893/893/893 894/894/894 
f 893/893/893 894/894/894 894/894/894 
f 894/894/894 894/894/894 894/894/894 
f 894/894/894 895/895/895 894/894/894 
f 894/894/894 895/895/895 896/896/896 
f 895/895/895 897/897/897 896/896/896 
f 896/896/896 897/897/897 898/898/898 
f 897/897/897 899/899/899 898/898/898 
f 898/898/898 899/899/899 899/899/899 
f 899/899/899 900/900/900 899/899/899 
f 899/899/899 900/900/900 900/900/900 
f 900/900/900 901/901/901 900/900/900 
f 900/900/900 901/901/901 902/902/902 
f 901/901/901 903/903/903 902/902/902 
f 902/902/902 903/903/903 904/904/904 
f 903/903/903 905/905/905 904/904/904 
f 904/904/904 905/905/905 905/905/905 
f 905/905/905 906/906/906 905/905/905 
f 905/905/905 906/906/906 906/906/906 
f 906/906/906 907/907/907 906/906/906 
f 906/906/906 907/907/907 908/908/908 
f 907/907/907 909/909/909 908/908/908 
f 908/908/908 909/909/909 909/909/909 
f 909/909/909 910/910/910 909/909/909 
f 909/909/909 910/910/910 910/910/910 
f 910/910/910 911/911/911 910/910/910 
f 910/910/910 911/911/911 912/912/912 
f 911/911/911 913/913/913 912/912/912 
f 912/912/912 913/913/913 913/913/913 
f 913/913/913 914/914/914 913/913/913 
f 913/913/913 914/914/914 914/914/914 
f 914/914/914 915/915/915 914/914/914 
f 914/914/914 915/915/915 916/916/916 
f 915/915/915 917/917/917 916/916/916 
f 916/916/916 917/917/917 917/917/917 
f 917/917/917 918/918/918 917/917/917 
f 917/917/917 918/918/918 918/918/918 
f 918/918/918 919/919/919 918/918/918 
f 918/918/918 919/919/919 920/920/920 
f 919/919/919 921/921/921 920/920/920 
f 920/920/920 921/921/921 922/922/922 
f 921/921/921 923/923/923 922/922/922 
f 922/922/922 923/923/923 923/923/923 
f 923/923/923 921/921/921 923/923/923 
f 923/923/923 921/921/921 921/921/921 
f 921/921/921 919/919/919 921/921/921 
f 921/921/921 919/919/919 923/923/923 
f 919/919/919 924/924/924 923/923/923 
f 923/923/923 924/924/924 924/924/924 
f 924/924/924 925/925/925 924/924/924 
f 924/924/924 925/925/925 925/925/925 
f 925/925/925 926/926/926 925/925/925 
f 925/925/925 926/926/926 927/927/927 
f 926/926/926 928/928/928 927/927/927 
f 927/927/927 928/928/928 929/929/929 
f 928/928/928 929/929/929 929/929/929 
f 929/929/929 929/929/929 927/927/927 
f 929/929/929 927/927/927 927/927/927 
f 927/927/927 927/927/927 927/927/927 
f 927/927/927 929/929/929 927/927/927 
f 927/927/927 929/929/929 930/930/930 
f 929/929/929 931/931/931 930/930/930 
f 930/930/930 931/931/931 932/932/932 
f 931/931/931 932/932/932 932/932/932 
f 932/932/932 932/932/932 933/933/933 
f 932/932/932 933/933/933 933/933/933 
f 933/933/933 933/933/933 933/933/933 
f 933/933/933 934/934/934 933/933/933 
f 933/933/933 934/934/934 935/935/935 
f 934/934/934 936/936/936 935/935/935 
f 935/935/935 936/936/936 937/937/937 
f 936/936/936 938/938/938 937/937/937 
f 937/937/937 938/938/938 938/938/938 
f 938/938/938 939/939/939 938/938/938 
f 938/938/938 939/939/939 939/939/939 
f 939/939/939 940/940/940 939/939/939 
f 939/939/939 940/940/940 941/941/941 
f 940/940/940 942/942/942 941/941/941 
f 941/941/941 942/942/942 943/943/943 
f 942/942/942 944/944/944 943/943/943 
f 943/943/943 944/944/944 944/944/944 
f 944/944/944 945/945/945 944/944/944 
f 944/944/944 945/945/945 945/945/945 
f 945/945/945 946/946/946 945/945/945 
f 945/945/945 946/946/946 947/947/947 
f 946/946/946 948/948/948 947/947/947 
f 947/947/947 948/948/948 949/949/949 
f 948/948/948 950/950/950 949/949/949 
f 949/949/949 950/950/950 951/951/951 
f 950/950/950 952/952/952 951/951/951 
f 951/951/951 952/952/952 953/953/953 
f 952/952/952 954/954/954 953/953/953 
f 953/953/953 954/954/954 955/955/955 
f 954/954/954 956/956/956 955/955/955 
f 955/955/955 956/956/956 957/957/957 
f 956/956/956 958/958/958 957/957/957 
f 957/957/957 958/958/958 959/959/959 
f 958/958/958 960/960/960 959/959/959 
f 959/959/959 960/960/960 961/961/961 
f 960/960/960 962/962/962 961/961/961 
f 961/961/961 962/962/962 963/963/963 
f 962/962/962 964/964/964 963/963/963 
f 963/963/963 964/964/964 965/965/965 
f 964/964/964 966/966/966 965/965/965 
f 965/965/965 966/966/966 967/967/967 
f 966/966/966 968/968/968 967/967/967 
f 967/967/967 968/968/968 969/969/969 
f 968/968/968 970/970/970 969/969/969 
f 969/969/969 970/970/970 971/971/971 
f 970/970/970 972/972/972 971/971/971 
f 971/971/971 972/972/972 973/973/973 
f 972/972/972 974/974/974 973/973/973 
f 973/973/973 974/974/974 975/975/975 
f 974/974/974 976/976/976 975/975/975 
f 975/975/975 976/976/976 977/977/977 
f 976/976/976 978/978/978 977/977/977 
f 977/977/977 978/978/978 979/979/979 
f 978/978/978 980/980/980 979/979/979 
f 979/979/979 980/980/980 981/981/981 
f 980/980/980 982/982/982 981/981/981 
f 981/981/981 982/982/982 982/982/982 
f 982/982/982 983/983/983 982/982/982 
f 982/982/982 983/983/983 983/983/983 
f 983/983/983 984/984/984 983/983/983 
f 983/983/983 984/984/984 985/985/985 
f 984/984/984 986/986/986 985/985/985 
f 985/985/985 986/986/986 987/987/987 
f 986/986/986 988/988/988 987/987/987 
f 987/987/987 988/988/988 989/989/989 
f 988/988/988 990/990/990 989/989/989 
f 989/989/989 990/990/990 991/991/991 
f 990/990/990 992/992/992 991/991/991 
f 991/991/991 992/992/992 993/993/993 
f 992/992/992 993/993/993 993/993/993 
f 993/993/993 993/993/993 993/993/993 
f 993/993/993 994/994/994 993/993/993 
f 993/993/993 994/994/994 991/991/991 
f 994/994/994 995/995/995 991/991/991 
f 991/991/991 995/995/995 989/989/989 
f 995/995/995 996/996/996 989/989/989 
f 989/989/989 996/996/996 997/997/997 
f 996/996/996 997/997/997 997/997/997 
f 997/997/997 997/997/997 989/989/989 
f 997/997/997 989/989/989 989/989/989 
f 989/989/989 989/989/989 989/989/989 
f 989/989/989 997/997/997 989/989/989 
f 989/989/989 997/997/997 987/987/987 
f 997/997/997 985/985/985 987/987/987 
f 987/987/987 985/985/985 985/985/985 
f 985/985/985 984/984/984 985/985/985 
f 985/985/985 984/984/984 984/984/984 
f 984/984/984 998/998/998 984/984/984 
f 984/984/984 998/998/998 986/986/986 
f 998/998/998 988/988/988 986/986/986 
f 986/986/986 988/988/988 988/988/988 
f 988/988/988 999/999/999 988/988/988 
f 988/988/988 999/999/999 999/999/999 
f 999/999/999 1000/1000/1000 999/999/999 
f 999/999/999 1000/1000/1000 1001/1001/1001 
f 1000/1000/1000 1002/1002/1002 1001/1001/1001 
f 1001/1001/1001 1002/1002/1002 1002/1002/1002 
f 1002/1002/1002 1003/1003/1003 1002/1002/1002 
f 1002/1002/1002 1003/1003/1003 1003/1003/1003 
f 1003/1003/1003 1004/1004/1004 1003/1003/1003 
f 1003/1003/1003 1004/1004/1004 1005/1005/1005 
f 1004/1004/1004 1006/1006/1006 1005/1005/1005 
f 1005/1005/1005 1006/1006/1006 1007/1007/1007 
f 1006/1006/1006 1008/1008/1008 1007/1007/1007 
f 1007/1007/1007 1008/1008/1008 1009/1009/1009 
f 1008/1008/1008 1010/1010/1010 1009/1009/1009 
f 1009/1009/1009 1010/1010/1010 1010/1010/1010 
f 1010/1010/1010 988/988/988 1010/1010/1010 
f 1010/1010/1010 988/988/988 988/988/988 
f 988/988/988 1011/1011/1011 988/988/988 
f 988/988/988 1011/1011/1011 990/990/990 
f 1011/1011/1011 1012/1012/1012 990/990/990 
f 990/990/990 1012/1012/1012 1012/1012/1012 
f 1012/1012/1012 990/990/990 1012/1012/1012 
f 1012/1012/1012 990/990/990 990/990/990 
f 990/990/990 1013/1013/1013 990/990/990 
f 990/990/990 1013/1013/1013 992/992/992 
f 1013/1013/1013 1014/1014/1014 992/992/992 
f 992/992/992 1014/1014/1014 1014/1014/1014 
f 1014/1014/1014 1015/1015/1015 1014/1014/1014 
f 1014/1014/1014 1015/1015/1015 1015/1015/1015 
f 1015/1015/1015 1016/1016/1016 1015/1015/1015 
f 1015/1015/1015 1016/1016/1016 1017/1017/1017 
f 1016/1016/1016 1018/1018/1018 1017/1017/1017 
f 1017/1017/1017 1018/1018/1018 1019/1019/1019 
f 1018/1018/1018 1020/1020/1020 1019/1019/1019 
f 1019/1019/1019 1020/1020/1020 1021/1021/1021 
f 1020/1020/1020 1022/1022/1022 1021/1021/1021 
f 1021/1021/1021 1022/1022/1022 1023/1023/1023 
f 1022/1022/1022 1023/1023/1023 1023/1023/1023 
f 1023/1023/1023 1023/1023/1023 1017/1017/1017 
f 1023/1023/1023 1017/1017/1017 1017/1017/1017 
f 1017/1017/1017 1017/1017/1017 1017/1017/1017 
f 1017/1017/1017 1019/1019/1019 1017/1017/1017 
f 1017/1017/1017 1019/1019/1019 1024/1024/1024 
f 1019/1019/1019 1021/1021/1021 1024/1024/1024 
f 1024/1024/1024 1021/1021/1021 1025/1025/1025 
f 1021/1021/1021 1026/1026/1026 1025/1025/1025 
f 1025/1025/1025 1026/1026/1026 1026/1026/1026 
f 1026/1026/1026 1027/1027/1027 1026/1026/1026 
f 1026/1026/1026 1027/1027/1027 1027/1027/1027 
f 1027/1027/1027 1028/1028/1028 1027/1027/1027 
f 1027/1027/1027 1028/1028/1028 1029/1029/1029 
f 1028/1028/1028 1030/1030/1030 1029/1029/1029 
f 1029/1029/1029 1030/1030/1030 1030/1030/1030 
f 1030/1030/1030 1016/1016/1016 1030/1030/1030 
f 1030/1030/1030 1016/1016/1016 1016/1016/1016 
f 1016/1016/1016 1031/1031/1031 1016/1016/1016 
f 1016/1016/1016 1031/1031/1031 1018/1018/1018 
f 1031/1031/1031 1020/1020/1020 1018/1018/1018 
f 1018/1018/1018 1020/1020/1020 1020/1020/1020 
f 1020/1020/1020 1031/1031/1031 1020/1020/1020 
f 1020/1020/1020 1031/1031/1031 1031/1031/1031 
f 1031/1031/1031 1032/1032/1032 1031/1031/1031 
f 1031/1031/1031 1032/1032/1032 1020/1020/1020 
f 1032/1032/1032 1033/1033/1033 1020/1020/1020 
f 1020/1020/1020 1033/1033/1033 1033/1033/1033 
f 1033/1033/1033 1034/1034/1034 1033/1033/1033 
f 1033/1033/1033 1034/1034/1034 1034/1034/1034 
f 1034/1034/1034 1035/1035/1035 1034/1034/1034 
f 1034/1034/1034 1035/1035/1035 1036/1036/1036 
f 1035/1035/1035 1037/1037/1037 1036/1036/1036 
f 1036/1036/1036 1037/1037/1037 1038/1038/1038 
f 1037/1037/1037 1039/1039/1039 1038/1038/1038 
f 1038/1038/1038 1039/1039/1039 1040/1040/1040 
f 1039/1039/1039 1041/1041/1041 1040/1040/1040 
f 1040/1040/1040 1041/1041/1041 1041/1041/1041 
f 1041/1041/1041 1042/1042/1042 1041/1041/1041 
f 1041/1041/1041 1042/1042/1042 1042/1042/1042 
f 1042/1042/1042 1043/1043/1043 1042/1042/1042 
f 1042/1042/1042 1043/1043/1043 1044/1044/1044 
f 1043/1043/1043 1045/1045/1045 1044/1044/1044 
f 1044/1044/1044 1045/1045/1045 1045/1045/1045 
f 1045/1045/1045 1043/1043/1043 1045/1045/1045 
f 1045/1045/1045 1043/1043/1043 1043/1043/1043 
f 1043/1043/1043 1046/1046/1046 1043/1043/1043 
f 1043/1043/1043 1046/1046/1046 1045/1045/1045 
f 1046/1046/1046 1047/1047/1047 1045/1045/1045 
f 1045/1045/1045 1047/1047/1047 1047/1047/1047 
f 1047/1047/1047 1046/1046/1046 1047/1047/1047 
f 1047/1047/1047 1046/1046/1046 1046/1046/1046 
f 1046/1046/1046 1048/1048/1048 1046/1046/1046 
f 1046/1046/1046 1048/1048/1048 1047/1047/1047 
f 1048/1048/1048 1049/1049/1049 1047/1047/1047 
f 1047/1047/1047 1049/1049/1049 1049/1049/1049 
f 1049/1049/1049 1048/1048/1048 1049/1049/1049 
f 1049/1049/1049 1048/1048/1048 1048/1048/1048 
f 1048/1048/1048 1050/1050/1050 1048/1048/1048 
f 1048/1048/1048 1050/1050/1050 1049/1049/1049 
f 1050/1050/1050 1051/1051/1051 1049/1049/1049 
f 1049/1049/1049 1051/1051/1051 1051/1051/1051 
f 1051/1051/1051 1052/1052/1052 1051/1051/1051 
f 1051/1051/1051 1052/1052/1052 1052/1052/1052 
f 1052/1052/1052 1053/1053/1053 1052/1052/1052 
f 1052/1052/1052 1053/1053/1053 1054/1054/1054 
f 1053/1053/1053 1055/1055/1055 1054/1054/1054 
f 1054/1054/1054 1055/1055/1055 1055/1055/1055 
f 1055/1055/1055 1056/1056/1056 1055/1055/1055 
f 1055/1055/1055 1056/1056/1056 1056/1056/1056 
f 1056/1056/1056 1057/1057/1057 1056/1056/1056 
f 1056/1056/1056 1057/1057/1057 1058/1058/1058 
f 1057/1057/1057 1059/1059/1059 1058/1058/1058 
f 1058/1058/1058 1059/1059/1059 1060/1060/1060 
f 1059/1059/1059 1061/1061/1061 1060/1060/1060 
f 1060/1060/1060 1061/1061/1061 1062/1062/1062 
f 1061/1061/1061 1063/1063/1063 1062/1062/1062 
f 1062/1062/1062 1063/1063/1063 1063/1063/1063 
f 1063/1063/1063 1064/1064/1064 1063/1063/1063 
f 1063/1063/1063 1064/1064/1064 1064/1064/1064 
f 1064/1064/1064 1065/1065/1065 1064/1064/1064 
f 1064/1064/1064 1065/1065/1065 1066/1066/1066 
f 1065/1065/1065 1067/1067/1067 1066/1066/1066 
f 1066/1066/1066 1067/1067/1067 1068/1068/1068 
f 1067/1067/1067 1069/1069/1069 1068/1068/1068 
f 1068/1068/1068 1069/1069/1069 1070/1070/1070 
f 1069/1069/1069 1071/1071/1071 1070/1070/1070 
f 1070/1070/1070 1071/1071/1071 1071/1071/1071 
f 1071/1071/1071 1072/1072/1072 1071/1071/1071 
f 1071/1071/1071 1072/1072/1072 1072/1072/1072 
f 1072/1072/1072 1073/1073/1073 1072/1072/1072 
f 1072/1072/1072 1073/1073/1073 1074/1074/1074 
f 1073/1073/1073 1075/1075/1075 1074/1074/1074 
f 1074/1074/1074 1075/1075/1075 1075/1075/1075 
f 1075/1075/1075 1076/1076/1076 1075/1075/1075 
f 1075/1075/1075 1076/1076/1076 1076/1076/1076 
f 1076/1076/1076 1077/1077/1077 1076/1076/1076 
f 1076/1076/1076 1077/1077/1077 1078/1078/1078 
f 1077/1077/1077 1079/1079/1079 1078/1078/1078 
f 1078/1078/1078 1079/1079/1079 1080/1080/1080 
f 1079/1079/1079 1081/1081/1081 1080/1080/1080 
f 1080/1080/1080 1081/1081/1081 1082/1082/1082 
f 1081/1081/1081 1083/1083/1083 1082/1082/1082 
f 1082/1082/1082 1083/1083/1083 1083/1083/1083 
f 1083/1083/1083 1084/1084/1084 1083/1083/1083 
f 1083/1083/1083 1084/1084/1084 1084/1084/1084 
f 1084/1084/1084 1085/1085/1085 1084/1084/1084 
f 1084/1084/1084 1085/1085/1085 1086/1086/1086 
f 1085/1085/1085 1087/1087/1087 1086/1086/1086 
f 1086/1086/1086 1087/1087/1087 1087/1087/1087 
f 1087/1087/1087 1088/1088/1088 1087/1087/1087 
f 1087/1087/1087 1088/1088/1088 1088/1088/1088 
f 1088/1088/1088 1089/1089/1089 1088/1088/1088 
f 1088/1088/1088 1089/1089/1089 1090/1090/1090 
f 1089/1089/1089 1091/1091/1091 1090/1090/1090 
f 1090/1090/1090 1091/1091/1091 1092/1092/1092 
f 1091/1091/1091 1093/1093/1093 1092/1092/1092 
f 1092/1092/1092 1093/1093/1093 1093/1093/1093 
f 1093/1093/1093 1089/1089/1089 1093/1093/1093 
f 1093/1093/1093 1089/1089/1089 1089/1089/1089 
f 1089/1089/1089 1094/1094/1094 1089/1089/1089 
f 1089/1089/1089 1094/1094/1094 1091/1091/1091 
f 1094/1094/1094 1095/1095/1095 1091/1091/1091 
f 1091/1091/1091 1095/1095/1095 1093/1093/1093 
f 1095/1095/1095 1096/1096/1096 1093/1093/1093 
f 1093/1093/1093 1096/1096/1096 1096/1096/1096 
f 1096/1096/1096 1094/1094/1094 1096/1096/1096 
f 1096/1096/1096 1094/1094/1094 1094/1094/1094 
f 1094/1094/1094 1097/1097/1097 1094/1094/1094 
f 1094/1094/1094 1097/1097/1097 1095/1095/1095 
f 1097/1097/1097 1098/1098/1098 1095/1095/1095 
f 1095/1095/1095 1098/1098/1098 1096/1096/1096 
f 1098/1098/1098 1099/1099/1099 1096/1096/1096 
f 1096/1096/1096 1099/1099/1099 1099/1099/1099 
f 1099/1099/1099 1097/1097/1097 1099/1099/1099 
f 1099/1099/1099 1097/1097/1097 1097/1097/1097 
f 1097/1097/1097 1100/1100/1100 1097/1097/1097 
f 1097/1097/1097 1100/1100/1100 1098/1098/1098 
f 1100/1100/1100 1101/1101/1101 1098/1098/1098 
f 1098/1098/1098 1101/1101/1101 1099/1099/1099 
f 1101/1101/1101 1102/1102/1102 1099/1099/1099 
f 1099/1099/1099 1102/1102/1102 1102/1102/1102 
f 1102/1102/1102 1100/1100/1100 1102/1102/1102 
f 1102/1102/1102 1100/1100/1100 1100/1100/1100 
f 1100/1100/1100 1103/1103/1103 1100/1100/1100 
f 1100/1100/1100 1103/1103/1103 1101/1101/1101 
f 1103/1103/1103 1104/1104/1104 1101/1101/1101 
f 1101/1101/1101 1104/1104/1104 1102/1102/1102 
f 1104/1104/1104 1105/1105/1105 1102/1102/1102 
f 1102/1102/1102 1105/1105/1105 1105/1105/1105 
f 1105/1105/1105 1103/1103/1103 1105/1105/1105 
f 1105/1105/1105 1103/1103/1103 1103/1103/1103 
f 1103/1103/1103 1106/1106/1106 1103/1103/1103 
f 1103/1103/1103 1106/1106/1106 1104/1104/1104 
f 1106/1106/1106 1107/1107/1107 1104/1104/1104 
f 1104/1104/1104 1107/1107/1107 1105/1105/1105 
f 1107/1107/1107 1108/1108/1108 1105/1105/1105 
f 1105/1105/1105 1108/1108/1108 1108/1108/1108 
f 1108/1108/1108 1106/1106/1106 1108/1108/1108 
f 1108/1108/1108 1106/1106/1106 1106/1106/1106 
f 1106/1106/1106 1109/1109/1109 1106/1106/1106 
f 1106/1106/1106 1109/1109/1109 1107/1107/1107 
f 1109/1109/1109 1110/1110/1110 1107/1107/1107 
f 1107/1107/1107 1110/1110/1110 1108/1108/1108 
f 1110/1110/1110 1111/1111/1111 1108/1108/1108 
f 1108/1108/1108 1111/1111/1111 1111/1111/1111 
f 1111/1111/1111 1109/1109/1109 1111/1111/1111 
f 1111/1111/1111 1109/1109/1109 1109/1109/1109 
f 1109/1109/1109 1112/1112/1112 1109/1109/1109 
f 1109/1109/1109 1112/1112/1112 1110/1110/1110 
f 1112/1112/1112 1113/1113/1113 1110/1110/1110 
f 1110/1110/1110 1113/1113/1113 1111/1111/1111 
f 1113/1113/1113 1114/1114/1114 1111/1111/1111 
f 1111/1111/1111 1114/1114/1114 1114/1114/1114 
f 1114/1114/1114 1112/1112/1112 1114/1114/1114 
f 1114/1114/1114 1112/1112/1112 1112/1112/1112 
f 1112/1112/1112 1115/1115/1115 1112/1112/1112 
f 1112/1112/1112 1115/1115/1115 1113/1113/1113 
f 1115/1115/1115 1116/1116/1116 1113/1113/1113 
f 1113/1113/1113 1116/1116/1116 1114/1114/1114 
f 1116/1116/1116 1117/1117/1117 1114/1114/1114 
f 1114/1114/1114 1117/1117/1117 1117/1117/1117 
f 1117/1117/1117 1115/1115/1115 1117/1117/1117 
f 1117/1117/1117 1115/1115/1115 1115/1115/1115 
f 1115/1115/1115 1118/1118/1118 1115/1115/1115 
f 1115/1115/1115 1118/1118/1118 1116/1116/1116 
f 1118/1118/1118 1119/1119/1119 1116/1116/1116 
f 1116/1116/1116 1119/1119/1119 1117/1117/1117 
f 1119/1119/1119 1120/1120/1120 1117/1117/1117 
f 1117/1117/1117 1120/1120/1120 1120/1120/1120 
f 1120/1120/1120 1118/1118/1118 1120/1120/1120 
f 1120/1120/1120 1118/1118/1118 1118/1118/1118 
f 1118/1118/1118 1121/1121/1121 1118/1118/1118 
f 1118/1118/1118 1121/1121/1121 1119/1119/1119 
f 1121/1121/1121 1122/1122/1122 1119/1119/1119 
f 1119/1119/1119 1122/1122/1122 1120/1120/1120 
f 1122/1122/1122 1123/1123/1123 1120/1120/1120 
f 1120/1120/1120 1123/1123/1123 1123/1123/1123 
f 1123/1123/1123 1121/1121/1121 1123/1123/1123 
f 1123/1123/1123 1121/1121/1121 1121/1121/1121 
f 1121/1121/1121 1124/1124/1124 1121/1121/1121 
f 1121/1121/1121 1124/1124/1124 1122/1122/1122 
f 1124/1124/1124 1125/1125/1125 1122/1122/1122 
f 1122/1122/1122 1125/1125/1125 1123/1123/1123 
f 1125/1125/1125 1126/1126/1126 1123/1123/1123 
f 1123/1123/1123 1126/1126/1126 1126/1126/1126 
f 1126/1126/1126 1124/1124/1124 1126/1126/1126 
f 1126/1126/1126 1124/1124/1124 1124/1124/1124 
f 1124/1124/1124 1127/1127/1127 1124/1124/1124 
f 1124/1124/1124 1127/1127/1127 1125/1125/1125 
f 1127/1127/1127 1128/1128/1128 1125/1125/1125 
f 1125/1125/1125 1128/1128/1128 1126/1126/1126 
f 1128/1128/1128 1129/1129/1129 1126/1126/1126 
f 1126/1126/1126 1129/1129/1129 1129/1129/1129 
f 1129/1129/1129 1127/1127/1127 1129/1129/1129 
f 1129/1129/1129 1127/1127/1127 1127/1127/1127 
f 1127/1127/1127 1130/1130/1130 1127/1127/1127 
f 1127/1127/1127 1130/1130/1130 1128/1128/1128 
f 1130/1130/1130 1131/1131/1131 1128/1128/1128 
f 1128/1128/1128 1131/1131/1131 1129/1129/1129 
f 1131/1131/1131 1132/1132/1132 1129/1129/1129 
f 1129/1129/1129 1132/1132/1132 1132/1132/1132 
f 1132/1132/1132 1130/1130/1130 1132/1132/1132 
f 1132/1132/1132 1130/1130/1130 1130/1130/1130 
f 1130/1130/1130 1133/1133/1133 1130/1130/1130 
f 1130/1130/1130 1133/1133/1133 1131/1131/1131 
f 1133/1133/1133 1134/1134/1134 1131/1131/1131 
f 1131/1131/1131 1134/1134/1134 1132/1132/1132 
f 1134/1134/1134 1135/1135/1135 1132/1132/1132 
f 1132/1132/1132 1135/1135/1135 1135/1135/1135 
f 1135/1135/1135 1133/1133/1133 1135/1135/1135 
f 1135/1135/1135 1133/1133/1133 1133/1133/1133 
f 1133/1133/1133 1136/1136/1136 1133/1133/1133 
f 1133/1133/1133 1136/1136/1136 1134/1134/1134 
f 1136/1136/1136 1137/1137/1137 1134/1134/1134 
f 1134/1134/1134 1137/1137/1137 1135/1135/1135 
f 1137/1137/1137 1138/1138/1138 1135/1135/1135 
f 1135/1135/1135 1138/1138/1138 1138/1138/1138 
f 1138/1138/1138 1136/1136/1136 1138/1138/1138 
f 1138/1138/1138 1136/1136/1136 1136/1136/1136 
f 1136/1136/1136 1139/1139/1139 1136/1136/1136 
f 1136/1136/1136 1139/1139/1139 1137/1137/1137 
f 1139/1139/1139 1140/1140/1140 1137/1137/1137 
f 1137/1137/1137 1140/1140/1140 1138/1138/1138 
f 1140/1140/1140 1141/1141/1141 1138/1138/1138 
f 1138/1138/1138 1141/1141/1141 1141/1141/1141 
f 1141/1141/1141 1139/1139/1139 1141/1141/1141 
f 1141/1141/1141 1139/1139/1139 1139/1139/1139 
f 1139/1139/1139 1142/1142/1142 1139/1139/1139 
f 1139/1139/1139 1142/1142/1142 1140/1140/1140 
f 1142/1142/1142 1143/1143/1143 1140/1140/1140 
f 1140/1140/1140 1143/1143/1143 1141/1141/1141 
f 1143/1143/1143 1144/1144/1144 1141/1141/1141 
f 1141/1141/1141 1144/1144/1144 1144/1144/1144 
f 1144/1144/1144 1145/1145/1145 1144/1144/1144 
f 1144/1144/1144 1145/1145/1145 1145/1145/1145 
f 1145/1145/1145 1146/1146/1146 1145/1145/1145 
f 1145/1145/1145 1146/1146/1146 1147/1147/1147 
f 1146/1146/1146 1148/1148/1148 1147/1147/1147 
f 1147/1147/1147 1148/1148/1148 1148/1148/1148 
f 1148/1148/1148 1146/1146/1146 1148/1148/1148 
f 1148/1148/1148 1146/1146/1146 1146/1146/1146 
f 1146/1146/1146 1149/1149/1149 1146/1146/1146 
f 1146/1146/1146 1149/1149/1149 1148/1148/1148 
f 1149/1149/1149 1150/1150/1150 1148/1148/1148 
f 1148/1148/1148 1150/1150/1150 1150/1150/1150 
f 1150/1150/1150 1149/1149/1149 1150/1150/1150 
f 1150/1150/1150 1149/1149/1149 1151/1151/1151 
f 1149/1149/1149 1152/1152/1152 1151/1151/1151 
f 1151/1151/1151 1152/1152/1152 1152/1152/1152 
f 1152/1152/1152 1153/1153/1153 1152/1152/1152 
f 1152/1152/1152 1153/1153/1153 1153/1153/1153 
f 1153/1153/1153 1154/1154/1154 1153/1153/1153 
f 1153/1153/1153 1154/1154/1154 1155/1155/1155 
f 1154/1154/1154 1156/1156/1156 1155/1155/1155 
f 1155/1155/1155 1156/1156/1156 1156/1156/1156 
f 1156/1156/1156 1154/1154/1154 1156/1156/1156 
f 1156/1156/1156 1154/1154/1154 1154/1154/1154 
f 1154/1154/1154 1157/1157/1157 1154/1154/1154 
f 1154/1154/1154 1157/1157/1157 1156/1156/1156 
f 1157/1157/1157 1158/1158/1158 1156/1156/1156 
f 1156/1156/1156 1158/1158/1158 1158/1158/1158 
f 1158/1158/1158 1157/1157/1157 1158/1158/1158 
f 1158/1158/1158 1157/1157/1157 1159/1159/1159 
f 1157/1157/1157 1160/1160/1160 1159/1159/1159 
f 1159/1159/1159 1160/1160/1160 1160/1160/1160 
f 1160/1160/1160 1161/1161/1161 1160/1160/1160 
f 1160/1160/1160 1161/1161/1161 1161/1161/1161 
f 1161/1161/1161 1162/1162/1162 1161/1161/1161 
f 1161/1161/1161 1162/1162/1162 1163/1163/1163 
f 1162/1162/1162 1164/1164/1164 1163/1163/1163 
f 1163/1163/1163 1164/1164/1164 1164/1164/1164 
f 1164/1164/1164 1162/1162/1162 1164/1164/1164 
f 1164/1164/1164 1162/1162/1162 1162/1162/1162 
f 1162/1162/1162 1165/1165/1165 1162/1162/1162 
f 1162/1162/1162 1165/1165/1165 1164/1164/1164 
f 1165/1165/1165 1166/1166/1166 1164/1164/1164 
f 1164/1164/1164 1166/1166/1166 1166/1166/1166 
f 1166/1166/1166 1165/1165/1165 1166/1166/1166 
f 1166/1166/1166 1165/1165/1165 1167/1167/1167 
f 1165/1165/1165 1168/1168/1168 1167/1167/1167 
f 1167/1167/1167 1168/1168/1168 1168/1168/1168 
f 1168/1168/1168 1169/1169/1169 1168/1168/1168 
f 1168/1168/1168 1169/1169/1169 1169/1169/1169 
f 1169/1169/1169 1170/1170/1170 1169/1169/1169 
f 1169/1169/1169 1170/1170/1170 1171/1171/1171 
f 1170/1170/1170 1172/1172/1172 1171/1171/1171 
f 1171/1171/1171 1172/1172/1172 1172/1172/1172 
f 1172/1172/1172 1170/1170/1170 1172/1172/1172 
f 1172/1172/1172 1170/1170/1170 1170/1170/1170 
f 1170/1170/1170 1173/1173/1173 1170/1170/1170 
f 1170/1170/1170 1173/1173/1173 1172/1172/1172 
f 1173/1173/1173 1174/1174/1174 1172/1172/1172 
f 1172/1172/1172 1174/1174/1174 1174/1174/1174 
f 1174/1174/1174 1173/1173/1173 1174/1174/1174 
f 1174/1174/1174 1173/1173/1173 1175/1175/1175 
f 1173/1173/1173 1176/1176/1176 1175/1175/1175 
f 1175/1175/1175 1176/1176/1176 1177/1177/1177 
f 1176/1176/1176 1177/1177/1177 1177/1177/1177 
f 1177/1177/1177 1177/1177/1177 1178/1178/1178 
f 1177/1177/1177 1178/1178/1178 1178/1178/1178 
f 1178/1178/1178 1178/1178/1178 1178/1178/1178 
f 1178/1178/1178 1179/1179/1179 1178/1178/1178 
f 1178/1178/1178 1179/1179/1179 1180/1180/1180 
f 1179/1179/1179 1181/1181/1181 1180/1180/1180 
f 1180/1180/1180 1181/1181/1181 1181/1181/1181 
f 1181/1181/1181 1179/1179/1179 1181/1181/1181 
f 1181/1181/1181 1179/1179/1179 1179/1179/1179 
f 1179/1179/1179 1182/1182/1182 1179/1179/1179 
f 1179/1179/1179 1182/1182/1182 1181/1181/1181 
f 1182/1182/1182 1183/1183/1183 1181/1181/1181 
f 1181/1181/1181 1183/1183/1183 1183/1183/1183 
f 1183/1183/1183 1182/1182/1182 1183/1183/1183 
f 1183/1183/1183 1182/1182/1182 1184/1184/1184 
f 1182/1182/1182 1185/1185/1185 1184/1184/1184 
f 1184/1184/1184 1185/1185/1185 1185/1185/1185 
f 1185/1185/1185 1186/1186/1186 1185/1185/1185 
f 1185/1185/1185 1186/1186/1186 1186/1186/1186 
f 1186/1186/1186 1187/1187/1187 1186/1186/1186 
f 1186/1186/1186 1187/1187/1187 1188/1188/1188 
f 1187/1187/1187 1189/1189/1189 1188/1188/1188 
f 1188/1188/1188 1189/1189/1189 1189/1189/1189 
f 1189/1189/1189 1190/1190/1190 1189/1189/1189 
f 1189/1189/1189 1190/1190/1190 1190/1190/1190 
f 1190/1190/1190 1191/1191/1191 1190/1190/1190 
f 1190/1190/1190 1191/1191/1191 1192/1192/1192 
f 1191/1191/1191 1193/1193/1193 1192/1192/1192 
f 1192/1192/1192 1193/1193/1193 1193/1193/1193 
f 1193/1193/1193 1194/1194/1194 1193/1193/1193 
f 1193/1193/1193 1194/1194/1194 1194/1194/1194 
f 1194/1194/1194 1195/1195/1195 1194/1194/1194 
f 1194/1194/1194 1195/1195/1195 1196/1196/1196 
f 1195/1195/1195 1197/1197/1197 1196/1196/1196 
f 1196/1196/1196 1197/1197/1197 1197/1197/1197 
f 1197/1197/1197 1198/1198/1198 1197/1197/1197 
f 1197/1197/1197 1198/1198/1198 1198/1198/1198 
f 1198/1198/1198 1199/1199/1199 1198/1198/1198 
f 1198/1198/1198 1199/1199/1199 1200/1200/1200 
f 1199/1199/1199 1201/1201/1201 1200/1200/1200 
f 1200/1200/1200 1201/1201/1201 1201/1201/1201 
f 1201/1201/1201 1202/1202/1202 1201/1201/1201 
f 1201/1201/1201 1202/1202/1202 1202/1202/1202 
f 1202/1202/1202 1203/1203/1203 1202/1202/1202 
f 1202/1202/1202 1203/1203/1203 1204/1204/1204 
f 1203/1203/1203 1205/1205/1205 1204/1204/1204 
f 1204/1204/1204 1205/1205/1205 1205/1205/1205 
f 1205/1205/1205 1206/1206/1206 1205/1205/1205 
f 1205/1205/1205 1206/1206/1206 1206/1206/1206 
f 1206/1206/1206 1207/1207/1207 1206/1206/1206 
f 1206/1206/1206 1207/1207/1207 1208/1208/1208 
f 1207/1207/1207 1209/1209/1209 1208/1208/1208 
f 1208/1208/1208 1209/1209/1209 1209/1209/1209 
f 1209/1209/1209 1210/1210/1210 1209/1209/1209 
f 1209/1209/1209 1210/1210/1210 1210/1210/1210 
f 1210/1210/1210 1211/1211/1211 1210/1210/1210 
f 1210/1210/1210 1211/1211/1211 1212/1212/1212 
f 1211/1211/1211 1213/1213/1213 1212/1212/1212 
f 1212/1212/1212 1213/1213/1213 1213/1213/1213 
f 1213/1213/1213 1214/1214/1214 1213/1213/1213 
f 1213/1213/1213 1214/1214/1214 1214/1214/1214 
f 1214/1214/1214 1215/1215/1215 1214/1214/1214 
f 1214/1214/1214 1215/1215/1215 1216/1216/1216 
f 1215/1215/1215 1217/1217/1217 1216/1216/1216 
f 1216/1216/1216 1217/1217/1217 1218/1218/1218 
f 1217/1217/1217 1218/1218/1218 1218/1218/1218 
f 1218/1218/1218 1218/1218/1218 1216/1216/1216 
f 1218/1218/1218 1216/1216/1216 1216/1216/1216 
f 1216/1216/1216 1216/1216/1216 1216/1216/1216 
f 1216/1216/1216 1218/1218/1218 1216/1216/1216 
f 1216/1216/1216 1218/1218/1218 1219/1219/1219 
f 1218/1218/1218 1220/1220/1220 1219/1219/1219 
f 1219/1219/1219 1220/1220/1220 1220/1220/1220 
f 1220/1220/1220 1221/1221/1221 1220/1220/1220 
f 1220/1220/1220 1221/1221/1221 1221/1221/1221 
f 1221/1221/1221 206/206/206 1221/1221/1221 
f 1221/1221/1221 206/206/206 1222/1222/1222 
f 206/206/206 204/204/204 1222/1222/1222 
f 1222/1222/1222 204/204/204 1223/1223/1223 
f 204/204/204 202/202/202 1223/1223/1223 
f 1223/1223/1223 202/202/202 1224/1224/1224 
f 202/202/202 200/200/200 1224/1224/1224 
f 1224/1224/1224 200/200/200 1225/1225/1225 
f 200/200/200 1226/1226/1226 1225/1225/1225 
f 1225/1225/1225 1226/1226/1226 1226/1226/1226 
f 1226/1226/1226 200/200/200 1226/1226/1226 
f 1226/1226/1226 200/200/200 1227/1227/1227 
f 200/200/200 199/199/199 1227/1227/1227 
f 1227/1227/1227 199/199/199 199/199/199 
f 199/199/199 1228/1228/1228 199/199/199 
f 199/199/199 1228/1228/1228 1228/1228/1228 
f 1228/1228/1228 1229/1229/1229 1228/1228/1228 
f 1228/1228/1228 1229/1229/1229 1230/1230/1230 
f 1229/1229/1229 1231/1231/1231 1230/1230/1230 
f 1230/1230/1230 1231/1231/1231 1232/1232/1232 
f 1231/1231/1231 1233/1233/1233 1232/1232/1232 
f 1232/1232/1232 1233/1233/1233 1234/1234/1234 
f 1233/1233/1233 1235/1235/1235 1234/1234/1234 
f 1234/1234/1234 1235/1235/1235 1236/1236/1236 
f 1235/1235/1235 1237/1237/1237 1236/1236/1236 
f 1236/1236/1236 1237/1237/1237 1238/1238/1238 
f 1237/1237/1237 1238/1238/1238 1238/1238/1238 
f 1238/1238/1238 1238/1238/1238 1229/1229/1229 
f 1238/1238/1238 1229/1229/1229 1229/1229/1229 
f 1229/1229/1229 1229/1229/1229 1229/1229/1229 
f 1229/1229/1229 1239/1239/1239 1229/1229/1229 
f 1229/1229/1229 1239/1239/1239 1231/1231/1231 
f 1239/1239/1239 1240/1240/1240 1231/1231/1231 
f 1231/1231/1231 1240/1240/1240 1233/1233/1233 
f 1240/1240/1240 1241/1241/1241 1233/1233/1233 
f 1233/1233/1233 1241/1241/1241 1242/1242/1242 
f 1241/1241/1241 1242/1242/1242 1242/1242/1242 
f 1242/1242/1242 1242/1242/1242 1233/1233/1233 
f 1242/1242/1242 1233/1233/1233 1233/1233/1233 
f 1233/1233/1233 1233/1233/1233 1233/1233/1233 
f 1233/1233/1233 1242/1242/1242 1233/1233/1233 
f 1233/1233/1233 1242/1242/1242 1235/1235/1235 
f 1242/1242/1242 1237/1237/1237 1235/1235/1235 
f 1235/1235/1235 1237/1237/1237 1237/1237/1237 
f 1237/1237/1237 1243/1243/1243 1237/1237/1237 
f 1237/1237/1237 1243/1243/1243 1243/1243/1243 
f 1243/1243/1243 1244/1244/1244 1243/1243/1243 
f 1243/1243/1243 1244/1244/1244 1245/1245/1245 
f 1244/1244/1244 1246/1246/1246 1245/1245/1245 
f 1245/1245/1245 1246/1246/1246 1246/1246/1246 
f 1246/1246/1246 1244/1244/1244 1246/1246/1246 
f 1246/1246/1246 1244/1244/1244 1247/1247/1247 
f 1244/1244/1244 1248/1248/1248 1247/1247/1247 
f 1247/1247/1247 1248/1248/1248 1249/1249/1249 
f 1248/1248/1248 1250/1250/1250 1249/1249/1249 
f 1249/1249/1249 1250/1250/1250 1251/1251/1251 
f 1250/1250/1250 1252/1252/1252 1251/1251/1251 
f 1251/1251/1251 1252/1252/1252 1252/1252/1252 
f 1252/1252/1252 275/275/275 1252/1252/1252 
f 1252/1252/1252 275/275/275 275/275/275 
f 275/275/275 277/277/277 275/275/275 
f 275/275/275 277/277/277 1253/1253/1253 
f 277/277/277 1254/1254/1254 1253/1253/1253 
f 1253/1253/1253 1254/1254/1254 1254/1254/1254 
f 1254/1254/1254 1255/1255/1255 1254/1254/1254 
f 1254/1254/1254 1255/1255/1255 1255/1255/1255 
f 1255/1255/1255 1256/1256/1256 1255/1255/1255 
f 1255/1255/1255 1256/1256/1256 1257/1257/1257 
f 1256/1256/1256 1258/1258/1258 1257/1257/1257 
f 1257/1257/1257 1258/1258/1258 1259/1259/1259 
f 1258/1258/1258 1260/1260/1260 1259/1259/1259 
f 1259/1259/1259 1260/1260/1260 1260/1260/1260 
f 1260/1260/1260 1256/1256/1256 1260/1260/1260 
f 1260/1260/1260 1256/1256/1256 1256/1256/1256 
f 1256/1256/1256 1261/1261/1261 1256/1256/1256 
f 1256/1256/1256 1261/1261/1261 1258/1258/1258 
f 1261/1261/1261 1262/1262/1262 1258/1258/1258 
f 1258/1258/1258 1262/1262/1262 1260/1260/1260 
f 1262/1262/1262 1260/1260/1260 1260/1260/1260 
f 1260/1260/1260 1260/1260/1260 1263/1263/1263 
f 1260/1260/1260 1263/1263/1263 1263/1263/1263 
f 1263/1263/1263 1263/1263/1263 1263/1263/1263 
f 1263/1263/1263 1264/1264/1264 1263/1263/1263 
f 1263/1263/1263 1264/1264/1264 1265/1265/1265 
f 1264/1264/1264 1266/1266/1266 1265/1265/1265 
f 1265/1265/1265 1266/1266/1266 1266/1266/1266 
f 1266/1266/1266 1267/1267/1267 1266/1266/1266 
f 1266/1266/1266 1267/1267/1267 1267/1267/1267 
f 1267/1267/1267 1268/1268/1268 1267/1267/1267 
f 1267/1267/1267 1268/1268/1268 1269/1269/1269 
f 1268/1268/1268 1270/1270/1270 1269/1269/1269 
f 1269/1269/1269 1270/1270/1270 1270/1270/1270 
f 1270/1270/1270 1271/1271/1271 1270/1270/1270 
f 1270/1270/1270 1271/1271/1271 1271/1271/1271 
f 1271/1271/1271 1272/1272/1272 1271/1271/1271 
f 1271/1271/1271 1272/1272/1272 1273/1273/1273 
f 1272/1272/1272 1274/1274/1274 1273/1273/1273 
f 1273/1273/1273 1274/1274/1274 1274/1274/1274 
f 1274/1274/1274 1275/1275/1275 1274/1274/1274 
f 1274/1274/1274 1275/1275/1275 1275/1275/1275 
f 1275/1275/1275 1276/1276/1276 1275/1275/1275 
f 1275/1275/1275 1276/1276/1276 1277/1277/1277 
f 1276/1276/1276 1278/1278/1278 1277/1277/1277 
f 1277/1277/1277 1278/1278/1278 1278/1278/1278 
f 1278/1278/1278 1279/1279/1279 1278/1278/1278 
f 1278/1278/1278 1279/1279/1279 1279/1279/1279 
f 1279/1279/1279 514/514/514 1279/1279/1279 
f 1279/1279/1279 514/514/514 1280/1280/1280 
f 514/514/514 513/513/513 1280/1280/1280 
f 1280/1280/1280 513/513/513 513/513/513 
f 513/513/513 1281/1281/1281 513/513/513 
f 513/513/513 1281/1281/1281 1281/1281/1281 
f 1281/1281/1281 1282/1282/1282 1281/1281/1281 
f 1281/1281/1281 1282/1282/1282 1283/1283/1283 
f 1282/1282/1282 1284/1284/1284 1283/1283/1283 
f 1283/1283/1283 1284/1284/1284 1284/1284/1284 
f 1284/1284/1284 1285/1285/1285 1284/1284/1284 
f 1284/1284/1284 1285/1285/1285 1285/1285/1285 
f 1285/1285/1285 1286/1286/1286 1285/1285/1285 
f 1285/1285/1285 1286/1286/1286 1287/1287/1287 
f 1286/1286/1286 1288/1288/1288 1287/1287/1287 
f 1287/1287/1287 1288/1288/1288 1288/1288/1288 
f 1288/1288/1288 1289/1289/1289 1288/1288/1288 
f 1288/1288/1288 1289/1289/1289 1289/1289/1289 
f 1289/1289/1289 1290/1290/1290 1289/1289/1289 
f 1289/1289/1289 1290/1290/1290 1291/1291/1291 
f 1290/1290/1290 1292/1292/1292 1291/1291/1291 
f 1291/1291/1291 1292/1292/1292 1293/1293/1293 
f 1292/1292/1292 1293/1293/1293 1293/1293/1293 
f 1293/1293/1293 1293/1293/1293 1291/1291/1291 
f 1293/1293/1293 1291/1291/1291 1291/1291/1291 
f 1291/1291/1291 1291/1291/1291 1291/1291/1291 
f 1291/1291/1291 1293/1293/1293 1291/1291/1291 
f 1291/1291/1291 1293/1293/1293 1294/1294/1294 
f 1293/1293/1293 1295/1295/1295 1294/1294/1294 
f 1294/1294/1294 1295/1295/1295 1295/1295/1295 
f 1295/1295/1295 1296/1296/1296 1295/1295/1295 
f 1295/1295/1295 1296/1296/1296 1296/1296/1296 
f 1296/1296/1296 1297/1297/1297 1296/1296/1296 
f 1296/1296/1296 1297/1297/1297 1298/1298/1298 
f 1297/1297/1297 1299/1299/1299 1298/1298/1298 
f 1298/1298/1298 1299/1299/1299 1299/1299/1299 
f 1299/1299/1299 1300/1300/1300 1299/1299/1299 
f 1299/1299/1299 1300/1300/1300 1300/1300/1300 
f 1300/1300/1300 1301/1301/1301 1300/1300/1300 
f 1300/1300/1300 1301/1301/1301 1302/1302/1302 
f 1301/1301/1301 1303/1303/1303 1302/1302/1302 
f 1302/1302/1302 1303/1303/1303 1304/1304/1304 
f 1303/1303/1303 1304/1304/1304 1304/1304/1304 
f 1304/1304/1304 1304/1304/1304 1302/1302/1302 
f 1304/1304/1304 1302/1302/1302 1302/1302/1302 
f 1302/1302/1302 1302/1302/1302 1302/1302/1302 
f 1302/1302/1302 1304/1304/1304 1302/1302/1302 
f 1302/1302/1302 1304/1304/1304 1305/1305/1305 
f 1304/1304/1304 1306/1306/1306 1305/1305/1305 
f 1305/1305/1305 1306/1306/1306 1306/1306/1306 
f 1306/1306/1306 1307/1307/1307 1306/1306/1306 
f 1306/1306/1306 1307/1307/1307 1307/1307/1307 
f 1307/1307/1307 1308/1308/1308 1307/1307/1307 
f 1307/1307/1307 1308/1308/1308 1309/1309/1309 
f 1308/1308/1308 1310/1310/1310 1309/1309/1309 
f 1309/1309/1309 1310/1310/1310 1310/1310/1310 
f 1310/1310/1310 1311/1311/1311 1310/1310/1310 
f 1310/1310/1310 1311/1311/1311 1311/1311/1311 
f 1311/1311/1311 1312/1312/1312 1311/1311/1311 
f 1311/1311/1311 1312/1312/1312 1313/1313/1313 
f 1312/1312/1312 1314/1314/1314 1313/1313/1313 
f 1313/1313/1313 1314/1314/1314 1314/1314/1314 
f 1314/1314/1314 1315/1315/1315 1314/1314/1314 
f 1314/1314/1314 1315/1315/1315 1315/1315/1315 
f 1315/1315/1315 1316/1316/1316 1315/1315/1315 
f 1315/1315/1315 1316/1316/1316 1317/1317/1317 
f 1316/1316/1316 1318/1318/1318 1317/1317/1317 
f 1317/1317/1317 1318/1318/1318 1318/1318/1318 
f 1318/1318/1318 1316/1316/1316 1318/1318/1318 
f 1318/1318/1318 1316/1316/1316 1316/1316/1316 
f 1316/1316/1316 1319/1319/1319 1316/1316/1316 
f 1316/1316/1316 1319/1319/1319 1318/1318/1318 
f 1319/1319/1319 1320/1320/1320 1318/1318/1318 
f 1318/1318/1318 1320/1320/1320 1320/1320/1320 
f 1320/1320/1320 1319/1319/1319 1320/1320/1320 
f 1320/1320/1320 1319/1319/1319 1319/1319/1319 
f 1319/1319/1319 1321/1321/1321 1319/1319/1319 
f 1319/1319/1319 1321/1321/1321 1320/1320/1320 
f 1321/1321/1321 1322/1322/1322 1320/1320/1320 
f 1320/1320/1320 1322/1322/1322 1322/1322/1322 
f 1322/1322/1322 1323/1323/1323 1322/1322/1322 
f 1322/1322/1322 1323/1323/1323 1323/1323/1323 
f 1323/1323/1323 1324/1324/1324 1323/1323/1323 
f 1323/1323/1323 1324/1324/1324 1325/1325/1325 
f 1324/1324/1324 1326/1326/1326 1325/1325/1325 
f 1325/1325/1325 1326/1326/1326 1327/1327/1327 
f 1326/1326/1326 1328/1328/1328 1327/1327/1327 
f 1327/1327/1327 1328/1328/1328 1328/1328/1328 
f 1328/1328/1328 1324/1324/1324 1328/1328/1328 
f 1328/1328/1328 1324/1324/1324 1324/1324/1324 
f 1324/1324/1324 1329/1329/1329 1324/1324/1324 
f 1324/1324/1324 1329/1329/1329 1326/1326/1326 
f 1329/1329/1329 1330/1330/1330 1326/1326/1326 
f 1326/1326/1326 1330/1330/1330 1330/1330/1330 
f 1330/1330/1330 1329/1329/1329 1330/1330/1330 
f 1330/1330/1330 1329/1329/1329 1329/1329/1329 
f 1329/1329/1329 1331/1331/1331 1329/1329/1329 
f 1329/1329/1329 1331/1331/1331 1330/1330/1330 
f 1331/1331/1331 1332/1332/1332 1330/1330/1330 
f 1330/1330/1330 1332/1332/1332 1333/1333/1333 
f 1332/1332/1332 1333/1333/1333 1333/1333/1333 
f 1333/1333/1333 1333/1333/1333 1330/1330/1330 
f 1333/1333/1333 1330/1330/1330 1330/1330/1330 
f 1330/1330/1330 1330/1330/1330 1330/1330/1330 
f 1330/1330/1330 1333/1333/1333 1330/1330/1330 
f 1330/1330/1330 1333/1333/1333 1334/1334/1334 
f 1333/1333/1333 1335/1335/1335 1334/1334/1334 
f 1334/1334/1334 1335/1335/1335 1336/1336/1336 
f 1335/1335/1335 1337/1337/1337 1336/1336/1336 
f 1336/1336/1336 1337/1337/1337 1338/1338/1338 
f 1337/1337/1337 1339/1339/1339 1338/1338/1338 
f 1338/1338/1338 1339/1339/1339 1340/1340/1340 
f 1339/1339/1339 1340/1340/1340 1340/1340/1340 
f 1340/1340/1340 1340/1340/1340 1337/1337/1337 
f 1340/1340/1340 1337/1337/1337 1337/1337/1337 
f 1337/1337/1337 1337/1337/1337 1337/1337/1337 
f 1337/1337/1337 1341/1341/1341 1337/1337/1337 
f 1337/1337/1337 1341/1341/1341 1339/1339/1339 
f 1341/1341/1341 1342/1342/1342 1339/1339/1339 
f 1339/1339/1339 1342/1342/1342 1343/1343/1343 
f 1342/1342/1342 1344/1344/1344 1343/1343/1343 
f 1343/1343/1343 1344/1344/1344 1345/1345/1345 
f 1344/1344/1344 1346/1346/1346 1345/1345/1345 
f 1345/1345/1345 1346/1346/1346 1346/1346/1346 
f 1346/1346/1346 1343/1343/1343 1346/1346/1346 
f 1346/1346/1346 1343/1343/1343 1343/1343/1343 
f 1343/1343/1343 1345/1345/1345 1343/1343/1343 
f 1343/1343/1343 1345/1345/1345 1347/1347/1347 
f 1345/1345/1345 1348/1348/1348 1347/1347/1347 
f 1347/1347/1347 1348/1348/1348 1349/1349/1349 
f 1348/1348/1348 1350/1350/1350 1349/1349/1349 
f 1349/1349/1349 1350/1350/1350 1350/1350/1350 
f 1350/1350/1350 1349/1349/1349 1350/1350/1350 
f 1350/1350/1350 1349/1349/1349 1349/1349/1349 
f 1349/1349/1349 1351/1351/1351 1349/1349/1349 
f 1349/1349/1349 1351/1351/1351 1347/1347/1347 
f 1351/1351/1351 1340/1340/1340 1347/1347/1347 
f 1347/1347/1347 1340/1340/1340 1340/1340/1340 
f 1340/1340/1340 1351/1351/1351 1340/1340/1340 
f 1340/1340/1340 1351/1351/1351 1351/1351/1351 
f 1351/1351/1351 1352/1352/1352 1351/1351/1351 
f 1351/1351/1351 1352/1352/1352 1340/1340/1340 
f 1352/1352/1352 1338/1338/1338 1340/1340/1340 
f 1340/1340/1340 1338/1338/1338 1338/1338/1338 
f 1338/1338/1338 1351/1351/1351 1338/1338/1338 
f 1338/1338/1338 1351/1351/1351 1351/1351/1351 
f 1351/1351/1351 1353/1353/1353 1351/1351/1351 
f 1351/1351/1351 1353/1353/1353 1352/1352/1352 
f 1353/1353/1353 1354/1354/1354 1352/1352/1352 
f 1352/1352/1352 1354/1354/1354 1354/1354/1354 
f 1354/1354/1354 1348/1348/1348 1354/1354/1354 
f 1354/1354/1354 1348/1348/1348 1348/1348/1348 
f 1348/1348/1348 1355/1355/1355 1348/1348/1348 
f 1348/1348/1348 1355/1355/1355 1350/1350/1350 
f 1355/1355/1355 1356/1356/1356 1350/1350/1350 
f 1350/1350/1350 1356/1356/1356 1356/1356/1356 
f 1356/1356/1356 1357/1357/1357 1356/1356/1356 
f 1356/1356/1356 1357/1357/1357 1357/1357/1357 
f 1357/1357/1357 1358/1358/1358 1357/1357/1357 
f 1357/1357/1357 1358/1358/1358 1359/1359/1359 
f 1358/1358/1358 1360/1360/1360 1359/1359/1359 
f 1359/1359/1359 1360/1360/1360 1361/1361/1361 
f 1360/1360/1360 1362/1362/1362 1361/1361/1361 
f 1361/1361/1361 1362/1362/1362 1362/1362/1362 
f 1362/1362/1362 1358/1358/1358 1362/1362/1362 
f 1362/1362/1362 1358/1358/1358 1358/1358/1358 
f 1358/1358/1358 1363/1363/1363 1358/1358/1358 
f 1358/1358/1358 1363/1363/1363 1360/1360/1360 
f 1363/1363/1363 1364/1364/1364 1360/1360/1360 
f 1360/1360/1360 1364/1364/1364 1362/1362/1362 
f 1364/1364/1364 1362/1362/1362 1362/1362/1362 
f 1362/1362/1362 1362/1362/1362 1365/1365/1365 
f 1362/1362/1362 1365/1365/1365 1365/1365/1365 
f 1365/1365/1365 1365/1365/1365 1365/1365/1365 
f 1365/1365/1365 1366/1366/1366 1365/1365/1365 
f 1365/1365/1365 1366/1366/1366 1367/1367/1367 
f 1366/1366/1366 1368/1368/1368 1367/1367/1367 
f 1367/1367/1367 1368/1368/1368 1368/1368/1368 
f 1368/1368/1368 1369/1369/1369 1368/1368/1368 
f 1368/1368/1368 1369/1369/1369 1369/1369/1369 
f 1369/1369/1369 1370/1370/1370 1369/1369/1369 
f 1369/1369/1369 1370/1370/1370 1371/1371/1371 
f 1370/1370/1370 1372/1372/1372 1371/1371/1371 
f 1371/1371/1371 1372/1372/1372 1373/1373/1373 
f 1372/1372/1372 1374/1374/1374 1373/1373/1373 
f 1373/1373/1373 1374/1374/1374 1374/1374/1374 
f 1374/1374/1374 1370/1370/1370 1374/1374/1374 
f 1374/1374/1374 1370/1370/1370 1370/1370/1370 
f 1370/1370/1370 1375/1375/1375 1370/1370/1370 
f 1370/1370/1370 1375/1375/1375 1372/1372/1372 
f 1375/1375/1375 1376/1376/1376 1372/1372/1372 
f 1372/1372/1372 1376/1376/1376 1374/1374/1374 
f 1376/1376/1376 1377/1377/1377 1374/1374/1374 
f 1374/1374/1374 1377/1377/1377 1377/1377/1377 
f 1377/1377/1377 1375/1375/1375 1377/1377/1377 
f 1377/1377/1377 1375/1375/1375 1375/1375/1375 
f 1375/1375/1375 1378/1378/1378 1375/1375/1375 
f 1375/1375/1375 1378/1378/1378 1376/1376/1376 
f 1378/1378/1378 1379/1379/1379 1376/1376/1376 
f 1376/1376/1376 1379/1379/1379 1377/1377/1377 
f 1379/1379/1379 1380/1380/1380 1377/1377/1377 
f 1377/1377/1377 1380/1380/1380 1380/1380/1380 
f 1380/1380/1380 1378/1378/1378 1380/1380/1380 
f 1380/1380/1380 1378/1378/1378 1378/1378/1378 
f 1378/1378/1378 1381/1381/1381 1378/1378/1378 
f 1378/1378/1378 1381/1381/1381 1379/1379/1379 
f 1381/1381/1381 1382/1382/1382 1379/1379/1379 
f 1379/1379/1379 1382/1382/1382 1380/1380/1380 
f 1382/1382/1382 1383/1383/1383 1380/1380/1380 
f 1380/1380/1380 1383/1383/1383 1383/1383/1383 
f 1383/1383/1383 1384/1384/1384 1383/1383/1383 
f 1383/1383/1383 1384/1384/1384 1384/1384/1384 
f 1384/1384/1384 381/381/381 1384/1384/1384 
f 1384/1384/1384 381/381/381 1385/1385/1385 
f 381/381/381 383/383/383 1385/1385/1385 
f 1385/1385/1385 383/383/383 383/383/383 
f 383/383/383 1386/1386/1386 383/383/383 
f 383/383/383 1386/1386/1386 1386/1386/1386 
f 1386/1386/1386 1387/1387/1387 1386/1386/1386 
f 1386/1386/1386 1387/1387/1387 1388/1388/1388 
f 1387/1387/1387 1389/1389/1389 1388/1388/1388 
f 1388/1388/1388 1389/1389/1389 1390/1390/1390 
f 1389/1389/1389 1391/1391/1391 1390/1390/1390 
f 1390/1390/1390 1391/1391/1391 1391/1391/1391 
f 1391/1391/1391 1344/1344/1344 1391/1391/1391 
f 1391/1391/1391 1344/1344/1344 1344/1344/1344 
f 1344/1344/1344 1392/1392/1392 1344/1344/1344 
f 1344/1344/1344 1392/1392/1392 1346/1346/1346 
f 1392/1392/1392 1393/1393/1393 1346/1346/1346 
f 1346/1346/1346 1393/1393/1393 1393/1393/1393 
f 1393/1393/1393 1392/1392/1392 1393/1393/1393 
f 1393/1393/1393 1392/1392/1392 1392/1392/1392 
f 1392/1392/1392 1394/1394/1394 1392/1392/1392 
f 1392/1392/1392 1394/1394/1394 1393/1393/1393 
f 1394/1394/1394 1395/1395/1395 1393/1393/1393 
f 1393/1393/1393 1395/1395/1395 1395/1395/1395 
f 1395/1395/1395 1394/1394/1394 1395/1395/1395 
f 1395/1395/1395 1394/1394/1394 1394/1394/1394 
f 1394/1394/1394 1396/1396/1396 1394/1394/1394 
f 1394/1394/1394 1396/1396/1396 1395/1395/1395 
f 1396/1396/1396 1397/1397/1397 1395/1395/1395 
f 1395/1395/1395 1397/1397/1397 1398/1398/1398 
f 1397/1397/1397 1398/1398/1398 1398/1398/1398 
f 1398/1398/1398 1398/1398/1398 1395/1395/1395 
f 1398/1398/1398 1395/1395/1395 1395/1395/1395 
f 1395/1395/1395 1395/1395/1395 1395/1395/1395 
f 1395/1395/1395 1398/1398/1398 1395/1395/1395 
f 1395/1395/1395 1398/1398/1398 1399/1399/1399 
f 1398/1398/1398 1400/1400/1400 1399/1399/1399 
f 1399/1399/1399 1400/1400/1400 1401/1401/1401 
f 1400/1400/1400 1402/1402/1402 1401/1401/1401 
f 1401/1401/1401 1402/1402/1402 1402/1402/1402 
f 1402/1402/1402 1401/1401/1401 1402/1402/1402 
f 1402/1402/1402 1401/1401/1401 1401/1401/1401 
f 1401/1401/1401 1403/1403/1403 1401/1401/1401 
f 1401/1401/1401 1403/1403/1403 1399/1399/1399 
f 1403/1403/1403 1404/1404/1404 1399/1399/1399 
f 1399/1399/1399 1404/1404/1404 1404/1404/1404 
f 1404/1404/1404 1396/1396/1396 1404/1404/1404 
f 1404/1404/1404 1396/1396/1396 1396/1396/1396 
f 1396/1396/1396 1405/1405/1405 1396/1396/1396 
f 1396/1396/1396 1405/1405/1405 1397/1397/1397 
f 1405/1405/1405 1406/1406/1406 1397/1397/1397 
f 1397/1397/1397 1406/1406/1406 1406/1406/1406 
f 1406/1406/1406 1407/1407/1407 1406/1406/1406 
f 1406/1406/1406 1407/1407/1407 1407/1407/1407 
f 1407/1407/1407 1408/1408/1408 1407/1407/1407 
f 1407/1407/1407 1408/1408/1408 1409/1409/1409 
f 1408/1408/1408 1410/1410/1410 1409/1409/1409 
f 1409/1409/1409 1410/1410/1410 1410/1410/1410 
f 1410/1410/1410 1411/1411/1411 1410/1410/1410 
f 1410/1410/1410 1411/1411/1411 1411/1411/1411 
f 1411/1411/1411 1412/1412/1412 1411/1411/1411 
f 1411/1411/1411 1412/1412/1412 1413/1413/1413 
f 1412/1412/1412 1414/1414/1414 1413/1413/1413 
f 1413/1413/1413 1414/1414/1414 1414/1414/1414 
f 1414/1414/1414 1412/1412/1412 1414/1414/1414 
f 1414/1414/1414 1412/1412/1412 1412/1412/1412 
f 1412/1412/1412 1415/1415/1415 1412/1412/1412 
f 1412/1412/1412 1415/1415/1415 1414/1414/1414 
f 1415/1415/1415 1416/1416/1416 1414/1414/1414 
f 1414/1414/1414 1416/1416/1416 1416/1416/1416 
f 1416/1416/1416 1417/1417/1417 1416/1416/1416 
f 1416/1416/1416 1417/1417/1417 1417/1417/1417 
f 1417/1417/1417 1418/1418/1418 1417/1417/1417 
f 1417/1417/1417 1418/1418/1418 1419/1419/1419 
f 1418/1418/1418 1420/1420/1420 1419/1419/1419 
f 1419/1419/1419 1420/1420/1420 1420/1420/1420 
f 1420/1420/1420 1418/1418/1418 1420/1420/1420 
f 1420/1420/1420 1418/1418/1418 1418/1418/1418 
f 1418/1418/1418 1421/1421/1421 1418/1418/1418 
f 1418/1418/1418 1421/1421/1421 1420/1420/1420 
f 1421/1421/1421 1422/1422/1422 1420/1420/1420 
f 1420/1420/1420 1422/1422/1422 1422/1422/1422 
f 1422/1422/1422 1421/1421/1421 1422/1422/1422 
f 1422/1422/1422 1421/1421/1421 1423/1423/1423 
f 1421/1421/1421 1424/1424/1424 1423/1423/1423 
f 1423/1423/1423 1424/1424/1424 1424/1424/1424 
f 1424/1424/1424 1425/1425/1425 1424/1424/1424 
f 1424/1424/1424 1425/1425/1425 1425/1425/1425 
f 1425/1425/1425 1426/1426/1426 1425/1425/1425 
f 1425/1425/1425 1426/1426/1426 1427/1427/1427 
f 1426/1426/1426 1428/1428/1428 1427/1427/1427 
f 1427/1427/1427 1428/1428/1428 1428/1428/1428 
f 1428/1428/1428 1426/1426/1426 1428/1428/1428 
f 1428/1428/1428 1426/1426/1426 1426/1426/1426 
f 1426/1426/1426 1429/1429/1429 1426/1426/1426 
f 1426/1426/1426 1429/1429/1429 1428/1428/1428 
f 1429/1429/1429 1430/1430/1430 1428/1428/1428 
f 1428/1428/1428 1430/1430/1430 1430/1430/1430 
f 1430/1430/1430 1429/1429/1429 1430/1430/1430 
f 1430/1430/1430 1429/1429/1429 1431/1431/1431 
f 1429/1429/1429 1432/1432/1432 1431/1431/1431 
f 1431/1431/1431 1432/1432/1432 1432/1432/1432 
f 1432/1432/1432 1433/1433/1433 1432/1432/1432 
f 1432/1432/1432 1433/1433/1433 1433/1433/1433 
f 1433/1433/1433 1434/1434/1434 1433/1433/1433 
f 1433/1433/1433 1434/1434/1434 1435/1435/1435 
f 1434/1434/1434 1436/1436/1436 1435/1435/1435 
f 1435/1435/1435 1436/1436/1436 1436/1436/1436 
f 1436/1436/1436 1437/1437/1437 1436/1436/1436 
f 1436/1436/1436 1437/1437/1437 1437/1437/1437 
f 1437/1437/1437 1438/1438/1438 1437/1437/1437 
f 1437/1437/1437 1438/1438/1438 1439/1439/1439 
f 1438/1438/1438 1440/1440/1440 1439/1439/1439 
f 1439/1439/1439 1440/1440/1440 1441/1441/1441 
f 1440/1440/1440 1442/1442/1442 1441/1441/1441 
f 1441/1441/1441 1442/1442/1442 1442/1442/1442 
f 1442/1442/1442 1443/1443/1443 1442/1442/1442 
f 1442/1442/1442 1443/1443/1443 1443/1443/1443 
f 1443/1443/1443 1444/1444/1444 1443/1443/1443 
f 1443/1443/1443 1444/1444/1444 1445/1445/1445 
f 1444/1444/1444 1446/1446/1446 1445/1445/1445 
f 1445/1445/1445 1446/1446/1446 1446/1446/1446 
f 1446/1446/1446 1447/1447/1447 1446/1446/1446 
f 1446/1446/1446 1447/1447/1447 1447/1447/1447 
f 1447/1447/1447 1448/1448/1448 1447/1447/1447 
f 1447/1447/1447 1448/1448/1448 1449/1449/1449 
f 1448/1448/1448 1450/1450/1450 1449/1449/1449 
f 1449/1449/1449 1450/1450/1450 1451/1451/1451 
f 1450/1450/1450 1451/1451/1451 1451/1451/1451 
f 1451/1451/1451 1451/1451/1451 1449/1449/1449 
f 1451/1451/1451 1449/1449/1449 1449/1449/1449 
f 1449/1449/1449 1449/1449/1449 1449/1449/1449 
f 1449/1449/1449 1451/1451/1451 1449/1449/1449 
f 1449/1449/1449 1451/1451/1451 1452/1452/1452 
f 1451/1451/1451 1453/1453/1453 1452/1452/1452 
f 1452/1452/1452 1453/1453/1453 1454/1454/1454 
f 1453/1453/1453 1454/1454/1454 1454/1454/1454 
f 1454/1454/1454 1454/1454/1454 750/750/750 
f 1454/1454/1454 750/750/750 750/750/750 
f 750/750/750 750/750/750 750/750/750 
f 750/750/750 752/752/752 750/750/750 
f 750/750/750 752/752/752 1455/1455/1455 
f 752/752/752 754/754/754 1455/1455/1455 
f 1455/1455/1455 754/754/754 1456/1456/1456 
f 754/754/754 1457/1457/1457 1456/1456/1456 
f 1456/1456/1456 1457/1457/1457 1458/1458/1458 
f 1457/1457/1457 1459/1459/1459 1458/1458/1458 
f 1458/1458/1458 1459/1459/1459 1460/1460/1460 
f 1459/1459/1459 1461/1461/1461 1460/1460/1460 
f 1460/1460/1460 1461/1461/1461 1462/1462/1462 
f 1461/1461/1461 1462/1462/1462 1462/1462/1462 
f 1462/1462/1462 1462/1462/1462 1461/1461/1461 
f 1462/1462/1462 1461/1461/1461 1461/1461/1461 
f 1461/1461/1461 1461/1461/1461 1461/1461/1461 
f 1461/1461/1461 1459/1459/1459 1461/1461/1461 
f 1461/1461/1461 1459/1459/1459 1463/1463/1463 
f 1459/1459/1459 1464/1464/1464 1463/1463/1463 
f 1463/1463/1463 1464/1464/1464 1465/1465/1465 
f 1464/1464/1464 1466/1466/1466 1465/1465/1465 
f 1465/1465/1465 1466/1466/1466 1466/1466/1466 
f 1466/1466/1466 1464/1464/1464 1466/1466/1466 
f 1466/1466/1466 1464/1464/1464 1464/1464/1464 
f 1464/1464/1464 1467/1467/1467 1464/1464/1464 
f 1464/1464/1464 1467/1467/1467 1466/1466/1466 
f 1467/1467/1467 1468/1468/1468 1466/1466/1466 
f 1466/1466/1466 1468/1468/1468 1468/1468/1468 
f 1468/1468/1468 1467/1467/1467 1468/1468/1468 
f 1468/1468/1468 1467/1467/1467 1467/1467/1467 
f 1467/1467/1467 755/755/755 1467/1467/1467 
f 1467/1467/1467 755/755/755 1468/1468/1468 
f 755/755/755 1469/1469/1469 1468/1468/1468 
f 1468/1468/1468 1469/1469/1469 1469/1469/1469 
f 1469/1469/1469 755/755/755 1469/1469/1469 
f 1469/1469/1469 755/755/755 755/755/755 
f 755/755/755 753/753/753 755/755/755 
f 755/755/755 753/753/753 1469/1469/1469 
f 753/753/753 764/764/764 1469/1469/1469 
f 1469/1469/1469 764/764/764 764/764/764 
f 764/764/764 1470/1470/1470 764/764/764 
f 764/764/764 1470/1470/1470 1470/1470/1470 
f 1470/1470/1470 1471/1471/1471 1470/1470/1470 
f 1470/1470/1470 1471/1471/1471 1472/1472/1472 
f 1471/1471/1471 1473/1473/1473 1472/1472/1472 
f 1472/1472/1472 1473/1473/1473 1473/1473/1473 
f 1473/1473/1473 1474/1474/1474 1473/1473/1473 
f 1473/1473/1473 1474/1474/1474 1474/1474/1474 
f 1474/1474/1474 1475/1475/1475 1474/1474/1474 
f 1474/1474/1474 1475/1475/1475 1476/1476/1476 
f 1475/1475/1475 1477/1477/1477 1476/1476/1476 
f 1476/1476/1476 1477/1477/1477 1478/1478/1478 
f 1477/1477/1477 1478/1478/1478 1478/1478/1478 
f 1478/1478/1478 1478/1478/1478 1479/1479/1479 
f 1478/1478/1478 1479/1479/1479 1479/1479/1479 
f 1479/1479/1479 1479/1479/1479 1479/1479/1479 
f 1479/1479/1479 1480/1480/1480 1479/1479/1479 
f 1479/1479/1479 1480/1480/1480 1337/1337/1337 
f 1480/1480/1480 1341/1341/1341 1337/1337/1337 
f 1337/1337/1337 1341/1341/1341 1341/1341/1341 
f 1341/1341/1341 1481/1481/1481 1341/1341/1341 
f 1341/1341/1341 1481/1481/1481 1481/1481/1481 
f 1481/1481/1481 1482/1482/1482 1481/1481/1481 
f 1481/1481/1481 1482/1482/1482 1483/1483/1483 
f 1482/1482/1482 1484/1484/1484 1483/1483/1483 
f 1483/1483/1483 1484/1484/1484 1484/1484/1484 
f 1484/1484/1484 1482/1482/1482 1484/1484/1484 
f 1484/1484/1484 1482/1482/1482 1482/1482/1482 
f 1482/1482/1482 1485/1485/1485 1482/1482/1482 
f 1482/1482/1482 1485/1485/1485 1484/1484/1484 
f 1485/1485/1485 1486/1486/1486 1484/1484/1484 
f 1484/1484/1484 1486/1486/1486 1486/1486/1486 
f 1486/1486/1486 1485/1485/1485 1486/1486/1486 
f 1486/1486/1486 1485/1485/1485 1487/1487/1487 
f 1485/1485/1485 1488/1488/1488 1487/1487/1487 
f 1487/1487/1487 1488/1488/1488 1489/1489/1489 
f 1488/1488/1488 1489/1489/1489 1489/1489/1489 
f 1489/1489/1489 1489/1489/1489 1487/1487/1487 
f 1489/1489/1489 1487/1487/1487 1487/1487/1487 
f 1487/1487/1487 1487/1487/1487 1487/1487/1487 
f 1487/1487/1487 1489/1489/1489 1487/1487/1487 
f 1487/1487/1487 1489/1489/1489 1490/1490/1490 
f 1489/1489/1489 1491/1491/1491 1490/1490/1490 
f 1490/1490/1490 1491/1491/1491 1492/1492/1492 
f 1491/1491/1491 1493/1493/1493 1492/1492/1492 
f 1492/1492/1492 1493/1493/1493 1494/1494/1494 
f 1493/1493/1493 1494/1494/1494 1494/1494/1494 
f 1494/1494/1494 1494/1494/1494 1495/1495/1495 
f 1494/1494/1494 1495/1495/1495 1495/1495/1495 
f 1495/1495/1495 1495/1495/1495 1495/1495/1495 
f 1495/1495/1495 1344/1344/1344 1495/1495/1495 
f 1495/1495/1495 1344/1344/1344 1496/1496/1496 
f 1344/1344/1344 1342/1342/1342 1496/1496/1496 
f 1496/1496/1496 1342/1342/1342 1342/1342/1342 
f 1342/1342/1342 1497/1497/1497 1342/1342/1342 
f 1342/1342/1342 1497/1497/1497 1497/1497/1497 
f 1497/1497/1497 1332/1332/1332 1497/1497/1497 
f 1497/1497/1497 1332/1332/1332 1498/1498/1498 
f 1332/1332/1332 1331/1331/1331 1498/1498/1498 
f 1498/1498/1498 1331/1331/1331 1331/1331/1331 
f 1331/1331/1331 1499/1499/1499 1331/1331/1331 
f 1331/1331/1331 1499/1499/1499 1499/1499/1499 
f 1499/1499/1499 1500/1500/1500 1499/1499/1499 
f 1499/1499/1499 1500/1500/1500 1501/1501/1501 
f 1500/1500/1500 1502/1502/1502 1501/1501/1501 
f 1501/1501/1501 1502/1502/1502 1503/1503/1503 
f 1502/1502/1502 1503/1503/1503 1503/1503/1503 
f 1503/1503/1503 1503/1503/1503 1501/1501/1501 
f 1503/1503/1503 1501/1501/1501 1501/1501/1501 
f 1501/1501/1501 1501/1501/1501 1501/1501/1501 
f 1501/1501/1501 1503/1503/1503 1501/1501/1501 
f 1501/1501/1501 1503/1503/1503 1504/1504/1504 
f 1503/1503/1503 1505/1505/1505 1504/1504/1504 
f 1504/1504/1504 1505/1505/1505 1506/1506/1506 
f 1505/1505/1505 1506/1506/1506 1506/1506/1506 
f 1506/1506/1506 1506/1506/1506 1507/1507/1507 
f 1506/1506/1506 1507/1507/1507 1507/1507/1507 
f 1507/1507/1507 1507/1507/1507 1507/1507/1507 
f 1507/1507/1507 1508/1508/1508 1507/1507/1507 
f 1507/1507/1507 1508/1508/1508 1509/1509/1509 
f 1508/1508/1508 1510/1510/1510 1509/1509/1509 
f 1509/1509/1509 1510/1510/1510 1510/1510/1510 
f 1510/1510/1510 1511/1511/1511 1510/1510/1510 
f 1510/1510/1510 1511/1511/1511 1511/1511/1511 
f 1511/1511/1511 1512/1512/1512 1511/1511/1511 
f 1511/1511/1511 1512/1512/1512 1513/1513/1513 
f 1512/1512/1512 1514/1514/1514 1513/1513/1513 
f 1513/1513/1513 1514/1514/1514 1514/1514/1514 
f 1514/1514/1514 1515/1515/1515 1514/1514/1514 
f 1514/1514/1514 1515/1515/1515 1515/1515/1515 
f 1515/1515/1515 1516/1516/1516 1515/1515/1515 
f 1515/1515/1515 1516/1516/1516 1517/1517/1517 
f 1516/1516/1516 1518/1518/1518 1517/1517/1517 
f 1517/1517/1517 1518/1518/1518 1518/1518/1518 
f 1518/1518/1518 1519/1519/1519 1518/1518/1518 
f 1518/1518/1518 1519/1519/1519 1519/1519/1519 
f 1519/1519/1519 1520/1520/1520 1519/1519/1519 
f 1519/1519/1519 1520/1520/1520 1521/1521/1521 
f 1520/1520/1520 1522/1522/1522 1521/1521/1521 
f 1521/1521/1521 1522/1522/1522 1522/1522/1522 
f 1522/1522/1522 1523/1523/1523 1522/1522/1522 
f 1522/1522/1522 1523/1523/1523 1523/1523/1523 
f 1523/1523/1523 1524/1524/1524 1523/1523/1523 
f 1523/1523/1523 1524/1524/1524 1525/1525/1525 
f 1524/1524/1524 1526/1526/1526 1525/1525/1525 
f 1525/1525/1525 1526/1526/1526 1526/1526/1526 
f 1526/1526/1526 1527/1527/1527 1526/1526/1526 
f 1526/1526/1526 1527/1527/1527 1527/1527/1527 
f 1527/1527/1527 1528/1528/1528 1527/1527/1527 
f 1527/1527/1527 1528/1528/1528 1529/1529/1529 
f 1528/1528/1528 1530/1530/1530 1529/1529/1529 
f 1529/1529/1529 1530/1530/1530 1530/1530/1530 
f 1530/1530/1530 1531/1531/1531 1530/1530/1530 
f 1530/1530/1530 1531/1531/1531 1531/1531/1531 
f 1531/1531/1531 1532/1532/1532 1531/1531/1531 
f 1531/1531/1531 1532/1532/1532 392/392/392 
f 1532/1532/1532 393/393/393 392/392/392 
f 392/392/392 393/393/393 393/393/393 
f 393/393/393 1533/1533/1533 393/393/393 
f 393/393/393 1533/1533/1533 1533/1533/1533 
f 1533/1533/1533 633/633/633 1533/1533/1533 
f 1533/1533/1533 633/633/633 1534/1534/1534 
f 633/633/633 632/632/632 1534/1534/1534 
f 1534/1534/1534 632/632/632 632/632/632 
f 632/632/632 501/501/501 632/632/632 
f 632/632/632 501/501/501 501/501/501 
f 501/501/501 1535/1535/1535 501/501/501 
f 501/501/501 1535/1535/1535 503/503/503 
f 1535/1535/1535 1536/1536/1536 503/503/503 
f 503/503/503 1536/1536/1536 1536/1536/1536 
f 1536/1536/1536 1537/1537/1537 1536/1536/1536 
f 1536/1536/1536 1537/1537/1537 1537/1537/1537 
f 1537/1537/1537 1538/1538/1538 1537/1537/1537 
f 1537/1537/1537 1538/1538/1538 1539/1539/1539 
f 1538/1538/1538 1540/1540/1540 1539/1539/1539 
f 1539/1539/1539 1540/1540/1540 1540/1540/1540 
f 1540/1540/1540 1538/1538/1538 1540/1540/1540 
f 1540/1540/1540 1538/1538/1538 1538/1538/1538 
f 1538/1538/1538 1541/1541/1541 1538/1538/1538 
f 1538/1538/1538 1541/1541/1541 1540/1540/1540 
f 1541/1541/1541 1542/1542/1542 1540/1540/1540 
f 1540/1540/1540 1542/1542/1542 1542/1542/1542 
f 1542/1542/1542 1541/1541/1541 1542/1542/1542 
f 1542/1542/1542 1541/1541/1541 1541/1541/1541 
f 1541/1541/1541 1543/1543/1543 1541/1541/1541 
f 1541/1541/1541 1543/1543/1543 1542/1542/1542 
f 1543/1543/1543 1544/1544/1544 1542/1542/1542 
f 1542/1542/1542 1544/1544/1544 1544/1544/1544 
f 1544/1544/1544 1543/1543/1543 1544/1544/1544 
f 1544/1544/1544 1543/1543/1543 1543/1543/1543 
f 1543/1543/1543 1545/1545/1545 1543/1543/1543 
f 1543/1543/1543 1545/1545/1545 1544/1544/1544 
f 1545/1545/1545 1546/1546/1546 1544/1544/1544 
f 1544/1544/1544 1546/1546/1546 1546/1546/1546 
f 1546/1546/1546 1545/1545/1545 1546/1546/1546 
f 1546/1546/1546 1545/1545/1545 1547/1547/1547 
f 1545/1545/1545 1548/1548/1548 1547/1547/1547 
f 1547/1547/1547 1548/1548/1548 1548/1548/1548 
f 1548/1548/1548 1549/1549/1549 1548/1548/1548 
f 1548/1548/1548 1549/1549/1549 1549/1549/1549 
f 1549/1549/1549 1550/1550/1550 1549/1549/1549 
f 1549/1549/1549 1550/1550/1550 1551/1551/1551 
f 1550/1550/1550 1552/1552/1552 1551/1551/1551 
f 1551/1551/1551 1552/1552/1552 1553/1553/1553 
f 1552/1552/1552 1554/1554/1554 1553/1553/1553 
f 1553/1553/1553 1554/1554/1554 1555/1555/1555 
f 1554/1554/1554 1555/1555/1555 1555/1555/1555 
f 1555/1555/1555 1555/1555/1555 1553/1553/1553 
f 1555/1555/1555 1553/1553/1553 1553/1553/1553 
f 1553/1553/1553 1553/1553/1553 1553/1553/1553 
f 1553/1553/1553 1555/1555/1555 1553/1553/1553 
f 1553/1553/1553 1555/1555/1555 1556/1556/1556 
f 1555/1555/1555 1557/1557/1557 1556/1556/1556 
f 1556/1556/1556 1557/1557/1557 1557/1557/1557 
f 1557/1557/1557 1555/1555/1555 1557/1557/1557 
f 1557/1557/1557 1555/1555/1555 1555/1555/1555 
f 1555/1555/1555 1558/1558/1558 1555/1555/1555 
f 1555/1555/1555 1558/1558/1558 1557/1557/1557 
f 1558/1558/1558 1559/1559/1559 1557/1557/1557 
f 1557/1557/1557 1559/1559/1559 1559/1559/1559 
f 1559/1559/1559 1558/1558/1558 1559/1559/1559 
f 1559/1559/1559 1558/1558/1558 1558/1558/1558 
f 1558/1558/1558 1560/1560/1560 1558/1558/1558 
f 1558/1558/1558 1560/1560/1560 1559/1559/1559 
f 1560/1560/1560 1561/1561/1561 1559/1559/1559 
f 1559/1559/1559 1561/1561/1561 1562/1562/1562 
f 1561/1561/1561 1562/1562/1562 1562/1562/1562 
f 1562/1562/1562 1562/1562/1562 1563/1563/1563 
f 1562/1562/1562 1563/1563/1563 1563/1563/1563 
f 1563/1563/1563 1563/1563/1563 1563/1563/1563 
f 1563/1563/1563 1564/1564/1564 1563/1563/1563 
f 1563/1563/1563 1564/1564/1564 1565/1565/1565 
f 1564/1564/1564 1566/1566/1566 1565/1565/1565 
f 1565/1565/1565 1566/1566/1566 1566/1566/1566 
f 1566/1566/1566 1567/1567/1567 1566/1566/1566 
f 1566/1566/1566 1567/1567/1567 1567/1567/1567 
f 1567/1567/1567 1568/1568/1568 1567/1567/1567 
f 1567/1567/1567 1568/1568/1568 1569/1569/1569 
f 1568/1568/1568 1570/1570/1570 1569/1569/1569 
f 1569/1569/1569 1570/1570/1570 1570/1570/1570 
f 1570/1570/1570 1568/1568/1568 1570/1570/1570 
f 1570/1570/1570 1568/1568/1568 1568/1568/1568 
f 1568/1568/1568 1571/1571/1571 1568/1568/1568 
f 1568/1568/1568 1571/1571/1571 1570/1570/1570 
f 1571/1571/1571 1572/1572/1572 1570/1570/1570 
f 1570/1570/1570 1572/1572/1572 1572/1572/1572 
f 1572/1572/1572 1571/1571/1571 1572/1572/1572 
f 1572/1572/1572 1571/1571/1571 1573/1573/1573 
f 1571/1571/1571 1574/1574/1574 1573/1573/1573 
f 1573/1573/1573 1574/1574/1574 1575/1575/1575 
f 1574/1574/1574 1576/1576/1576 1575/1575/1575 
f 1575/1575/1575 1576/1576/1576 1577/1577/1577 
f 1576/1576/1576 1578/1578/1578 1577/1577/1577 
f 1577/1577/1577 1578/1578/1578 1578/1578/1578 
f 1578/1578/1578 1579/1579/1579 1578/1578/1578 
f 1578/1578/1578 1579/1579/1579 1579/1579/1579 
f 1579/1579/1579 1580/1580/1580 1579/1579/1579 
f 1579/1579/1579 1580/1580/1580 1581/1581/1581 
f 1580/1580/1580 1582/1582/1582 1581/1581/1581 
f 1581/1581/1581 1582/1582/1582 1582/1582/1582 
f 1582/1582/1582 1580/1580/1580 1582/1582/1582 
f 1582/1582/1582 1580/1580/1580 1580/1580/1580 
f 1580/1580/1580 1583/1583/1583 1580/1580/1580 
f 1580/1580/1580 1583/1583/1583 1582/1582/1582 
f 1583/1583/1583 1584/1584/1584 1582/1582/1582 
f 1582/1582/1582 1584/1584/1584 1584/1584/1584 
f 1584/1584/1584 1583/1583/1583 1584/1584/1584 
f 1584/1584/1584 1583/1583/1583 1583/1583/1583 
f 1583/1583/1583 1585/1585/1585 1583/1583/1583 
f 1583/1583/1583 1585/1585/1585 1584/1584/1584 
f 1585/1585/1585 1586/1586/1586 1584/1584/1584 
f 1584/1584/1584 1586/1586/1586 1586/1586/1586 
f 1586/1586/1586 1585/1585/1585 1586/1586/1586 
f 1586/1586/1586 1585/1585/1585 1585/1585/1585 
f 1585/1585/1585 1587/1587/1587 1585/1585/1585 
f 1585/1585/1585 1587/1587/1587 1586/1586/1586 
f 1587/1587/1587 1588/1588/1588 1586/1586/1586 
f 1586/1586/1586 1588/1588/1588 1588/1588/1588 
f 1588/1588/1588 1589/1589/1589 1588/1588/1588 
f 1588/1588/1588 1589/1589/1589 1589/1589/1589 
f 1589/1589/1589 1590/1590/1590 1589/1589/1589 
f 1589/1589/1589 1590/1590/1590 1591/1591/1591 
f 1590/1590/1590 1592/1592/1592 1591/1591/1591 
f 1591/1591/1591 1592/1592/1592 1593/1593/1593 
f 1592/1592/1592 1594/1594/1594 1593/1593/1593 
f 1593/1593/1593 1594/1594/1594 1594/1594/1594 
f 1594/1594/1594 1590/1590/1590 1594/1594/1594 
f 1594/1594/1594 1590/1590/1590 1590/1590/1590 
f 1590/1590/1590 1595/1595/1595 1590/1590/1590 
f 1590/1590/1590 1595/1595/1595 1592/1592/1592 
f 1595/1595/1595 1596/1596/1596 1592/1592/1592 
f 1592/1592/1592 1596/1596/1596 1594/1594/1594 
f 1596/1596/1596 1594/1594/1594 1594/1594/1594 
f 1594/1594/1594 1594/1594/1594 1597/1597/1597 
f 1594/1594/1594 1597/1597/1597 1597/1597/1597 
f 1597/1597/1597 1597/1597/1597 1597/1597/1597 
f 1597/1597/1597 1598/1598/1598 1597/1597/1597 
f 1597/1597/1597 1598/1598/1598 1599/1599/1599 
f 1598/1598/1598 1600/1600/1600 1599/1599/1599 
f 1599/1599/1599 1600/1600/1600 1600/1600/1600 
f 1600/1600/1600 1601/1601/1601 1600/1600/1600 
f 1600/1600/1600 1601/1601/1601 1601/1601/1601 
f 1601/1601/1601 1602/1602/1602 1601/1601/1601 
f 1601/1601/1601 1602/1602/1602 1603/1603/1603 
f 1602/1602/1602 1604/1604/1604 1603/1603/1603 
f 1603/1603/1603 1604/1604/1604 1604/1604/1604 
f 1604/1604/1604 1605/1605/1605 1604/1604/1604 
f 1604/1604/1604 1605/1605/1605 1605/1605/1605 
f 1605/1605/1605 1606/1606/1606 1605/1605/1605 
f 1605/1605/1605 1606/1606/1606 1607/1607/1607 
f 1606/1606/1606 1608/1608/1608 1607/1607/1607 
f 1607/1607/1607 1608/1608/1608 1609/1609/1609 
f 1608/1608/1608 1610/1610/1610 1609/1609/1609 
f 1609/1609/1609 1610/1610/1610 1610/1610/1610 
f 1610/1610/1610 1606/1606/1606 1610/1610/1610 
f 1610/1610/1610 1606/1606/1606 1606/1606/1606 
f 1606/1606/1606 1611/1611/1611 1606/1606/1606 
f 1606/1606/1606 1611/1611/1611 1608/1608/1608 
f 1611/1611/1611 1612/1612/1612 1608/1608/1608 
f 1608/1608/1608 1612/1612/1612 1610/1610/1610 
f 1612/1612/1612 1610/1610/1610 1610/1610/1610 
f 1610/1610/1610 1610/1610/1610 1613/1613/1613 
f 1610/1610/1610 1613/1613/1613 1613/1613/1613 
f 1613/1613/1613 1613/1613/1613 1613/1613/1613 
f 1613/1613/1613 1614/1614/1614 1613/1613/1613 
f 1613/1613/1613 1614/1614/1614 1615/1615/1615 
f 1614/1614/1614 1616/1616/1616 1615/1615/1615 
f 1615/1615/1615 1616/1616/1616 1616/1616/1616 
f 1616/1616/1616 1614/1614/1614 1616/1616/1616 
f 1616/1616/1616 1614/1614/1614 1617/1617/1617 
f 1614/1614/1614 1618/1618/1618 1617/1617/1617 
f 1617/1617/1617 1618/1618/1618 1619/1619/1619 
f 1618/1618/1618 1620/1620/1620 1619/1619/1619 
f 1619/1619/1619 1620/1620/1620 1621/1621/1621 
f 1620/1620/1620 1622/1622/1622 1621/1621/1621 
f 1621/1621/1621 1622/1622/1622 1623/1623/1623 
f 1622/1622/1622 1623/1623/1623 1623/1623/1623 
f 1623/1623/1623 1623/1623/1623 1624/1624/1624 
f 1623/1623/1623 1624/1624/1624 1624/1624/1624 
f 1624/1624/1624 1624/1624/1624 1624/1624/1624 
f 1624/1624/1624 1625/1625/1625 1624/1624/1624 
f 1624/1624/1624 1625/1625/1625 1626/1626/1626 
f 1625/1625/1625 1627/1627/1627 1626/1626/1626 
f 1626/1626/1626 1627/1627/1627 1628/1628/1628 
f 1627/1627/1627 1629/1629/1629 1628/1628/1628 
f 1628/1628/1628 1629/1629/1629 1630/1630/1630 
f 1629/1629/1629 1631/1631/1631 1630/1630/1630 
f 1630/1630/1630 1631/1631/1631 1632/1632/1632 
f 1631/1631/1631 1633/1633/1633 1632/1632/1632 
f 1632/1632/1632 1633/1633/1633 1634/1634/1634 
f 1633/1633/1633 1635/1635/1635 1634/1634/1634 
f 1634/1634/1634 1635/1635/1635 1636/1636/1636 
f 1635/1635/1635 1637/1637/1637 1636/1636/1636 
f 1636/1636/1636 1637/1637/1637 1638/1638/1638 
f 1637/1637/1637 1639/1639/1639 1638/1638/1638 
f 1638/1638/1638 1639/1639/1639 1640/1640/1640 
f 1639/1639/1639 1641/1641/1641 1640/1640/1640 
f 1640/1640/1640 1641/1641/1641 1642/1642/1642 
f 1641/1641/1641 1643/1643/1643 1642/1642/1642 
f 1642/1642/1642 1643/1643/1643 1644/1644/1644 
f 1643/1643/1643 1645/1645/1645 1644/1644/1644 
f 1644/1644/1644 1645/1645/1645 1646/1646/1646 
f 1645/1645/1645 1647/1647/1647 1646/1646/1646 
f 1646/1646/1646 1647/1647/1647 1648/1648/1648 
f 1647/1647/1647 1649/1649/1649 1648/1648/1648 
f 1648/1648/1648 1649/1649/1649 1649/1649/1649 
f 1649/1649/1649 1625/1625/1625 1649/1649/1649 
f 1649/1649/1649 1625/1625/1625 1625/1625/1625 
f 1625/1625/1625 1650/1650/1650 1625/1625/1625 
f 1625/1625/1625 1650/1650/1650 1627/1627/1627 
f 1650/1650/1650 1651/1651/1651 1627/1627/1627 
f 1627/1627/1627 1651/1651/1651 1629/1629/1629 
f 1651/1651/1651 1652/1652/1652 1629/1629/1629 
f 1629/1629/1629 1652/1652/1652 1631/1631/1631 
f 1652/1652/1652 1653/1653/1653 1631/1631/1631 
f 1631/1631/1631 1653/1653/1653 1633/1633/1633 
f 1653/1653/1653 1654/1654/1654 1633/1633/1633 
f 1633/1633/1633 1654/1654/1654 1635/1635/1635 
f 1654/1654/1654 1655/1655/1655 1635/1635/1635 
f 1635/1635/1635 1655/1655/1655 1637/1637/1637 
f 1655/1655/1655 1656/1656/1656 1637/1637/1637 
f 1637/1637/1637 1656/1656/1656 1639/1639/1639 
f 1656/1656/1656 1657/1657/1657 1639/1639/1639 
f 1639/1639/1639 1657/1657/1657 1641/1641/1641 
f 1657/1657/1657 1658/1658/1658 1641/1641/1641 
f 1641/1641/1641 1658/1658/1658 1643/1643/1643 
f 1658/1658/1658 1659/1659/1659 1643/1643/1643 
f 1643/1643/1643 1659/1659/1659 1645/1645/1645 
f 1659/1659/1659 1660/1660/1660 1645/1645/1645 
f 1645/1645/1645 1660/1660/1660 1647/1647/1647 
f 1660/1660/1660 1661/1661/1661 1647/1647/1647 
f 1647/1647/1647 1661/1661/1661 1649/1649/1649 
f 1661/1661/1661 1649/1649/1649 1649/1649/1649 
f 1649/1649/1649 1649/1649/1649 1650/1650/1650 
f 1649/1649/1649 1650/1650/1650 1650/1650/1650 
f 1650/1650/1650 1650/1650/1650 1650/1650/1650 
f 1650/1650/1650 1662/1662/1662 1650/1650/1650 
f 1650/1650/1650 1662/1662/1662 1651/1651/1651 
f 1662/1662/1662 1663/1663/1663 1651/1651/1651 
f 1651/1651/1651 1663/1663/1663 1652/1652/1652 
f 1663/1663/1663 1664/1664/1664 1652/1652/1652 
f 1652/1652/1652 1664/1664/1664 1653/1653/1653 
f 1664/1664/1664 1665/1665/1665 1653/1653/1653 
f 1653/1653/1653 1665/1665/1665 1654/1654/1654 
f 1665/1665/1665 1666/1666/1666 1654/1654/1654 
f 1654/1654/1654 1666/1666/1666 1655/1655/1655 
f 1666/1666/1666 1667/1667/1667 1655/1655/1655 
f 1655/1655/1655 1667/1667/1667 1656/1656/1656 
f 1667/1667/1667 1668/1668/1668 1656/1656/1656 
f 1656/1656/1656 1668/1668/1668 1657/1657/1657 
f 1668/1668/1668 1669/1669/1669 1657/1657/1657 
f 1657/1657/1657 1669/1669/1669 1658/1658/1658 
f 1669/1669/1669 1670/1670/1670 1658/1658/1658 
f 1658/1658/1658 1670/1670/1670 1659/1659/1659 
f 1670/1670/1670 1671/1671/1671 1659/1659/1659 
f 1659/1659/1659 1671/1671/1671 1660/1660/1660 
f 1671/1671/1671 1672/1672/1672 1660/1660/1660 
f 1660/1660/1660 1672/1672/1672 1661/1661/1661 
f 1672/1672/1672 1661/1661/1661 1661/1661/1661 
f 1661/1661/1661 1661/1661/1661 1662/1662/1662 
f 1661/1661/1661 1662/1662/1662 1662/1662/1662 
f 1662/1662/1662 1662/1662/1662 1662/1662/1662 
f 1662/1662/1662 1673/1673/1673 1662/1662/1662 
f 1662/1662/1662 1673/1673/1673 1663/1663/1663 
f 1673/1673/1673 1674/1674/1674 1663/1663/1663 
f 1663/1663/1663 1674/1674/1674 1664/1664/1664 
f 1674/1674/1674 1675/1675/1675 1664/1664/1664 
f 1664/1664/1664 1675/1675/1675 1665/1665/1665 
f 1675/1675/1675 1676/1676/1676 1665/1665/1665 
f 1665/1665/1665 1676/1676/1676 1666/1666/1666 
f 1676/1676/1676 1677/1677/1677 1666/1666/1666 
f 1666/1666/1666 1677/1677/1677 1667/1667/1667 
f 1677/1677/1677 1678/1678/1678 1667/1667/1667 
f 1667/1667/1667 1678/1678/1678 1668/1668/1668 
f 1678/1678/1678 1679/1679/1679 1668/1668/1668 
f 1668/1668/1668 1679/1679/1679 1669/1669/1669 
f 1679/1679/1679 1680/1680/1680 1669/1669/1669 
f 1669/1669/1669 1680/1680/1680 1670/1670/1670 
f 1680/1680/1680 1681/1681/1681 1670/1670/1670 
f 1670/1670/1670 1681/1681/1681 1671/1671/1671 
f 1681/1681/1681 1682/1682/1682 1671/1671/1671 
f 1671/1671/1671 1682/1682/1682 1672/1672/1672 
f 1682/1682/1682 1683/1683/1683 1672/1672/1672 
f 1672/1672/1672 1683/1683/1683 1683/1683/1683 
f 1683/1683/1683 1673/1673/1673 1683/1683/1683 
f 1683/1683/1683 1673/1673/1673 1673/1673/1673 
f 1673/1673/1673 1662/1662/1662 1673/1673/1673 
f 1673/1673/1673 1662/1662/1662 1684/1684/1684 
f 1662/1662/1662 1685/1685/1685 1684/1684/1684 
f 1684/1684/1684 1685/1685/1685 1686/1686/1686 
f 1685/1685/1685 1687/1687/1687 1686/1686/1686 
f 1686/1686/1686 1687/1687/1687 1687/1687/1687 
f 1687/1687/1687 1685/1685/1685 1687/1687/1687 
f 1687/1687/1687 1685/1685/1685 1688/1688/1688 
f 1685/1685/1685 1650/1650/1650 1688/1688/1688 
f 1688/1688/1688 1650/1650/1650 1625/1625/1625 
f 1650/1650/1650 1625/1625/1625 1625/1625/1625 
f 1625/1625/1625 1625/1625/1625 1689/1689/1689 
f 1625/1625/1625 1689/1689/1689 1689/1689/1689 
f 1689/1689/1689 1689/1689/1689 1689/1689/1689 
f 1689/1689/1689 1690/1690/1690 1689/1689/1689 
f 1689/1689/1689 1690/1690/1690 1691/1691/1691 
f 1690/1690/1690 1692/1692/1692 1691/1691/1691 
f 1691/1691/1691 1692/1692/1692 1693/1693/1693 
f 1692/1692/1692 1694/1694/1694 1693/1693/1693 
f 1693/1693/1693 1694/1694/1694 1694/1694/1694 
f 1694/1694/1694 1690/1690/1690 1694/1694/1694 
f 1694/1694/1694 1690/1690/1690 1690/1690/1690 
f 1690/1690/1690 1695/1695/1695 1690/1690/1690 
f 1690/1690/1690 1695/1695/1695 1692/1692/1692 
f 1695/1695/1695 1696/1696/1696 1692/1692/1692 
f 1692/1692/1692 1696/1696/1696 1694/1694/1694 
f 1696/1696/1696 1694/1694/1694 1694/1694/1694 
f 1694/1694/1694 1694/1694/1694 1697/1697/1697 
f 1694/1694/1694 1697/1697/1697 1697/1697/1697 
f 1697/1697/1697 1697/1697/1697 1697/1697/1697 
f 1697/1697/1697 1698/1698/1698 1697/1697/1697 
f 1697/1697/1697 1698/1698/1698 1699/1699/1699 
f 1698/1698/1698 1700/1700/1700 1699/1699/1699 
f 1699/1699/1699 1700/1700/1700 1701/1701/1701 
f 1700/1700/1700 1702/1702/1702 1701/1701/1701 
f 1701/1701/1701 1702/1702/1702 1702/1702/1702 
f 1702/1702/1702 1698/1698/1698 1702/1702/1702 
f 1702/1702/1702 1698/1698/1698 1698/1698/1698 
f 1698/1698/1698 1703/1703/1703 1698/1698/1698 
f 1698/1698/1698 1703/1703/1703 1700/1700/1700 
f 1703/1703/1703 1704/1704/1704 1700/1700/1700 
f 1700/1700/1700 1704/1704/1704 1702/1702/1702 
f 1704/1704/1704 1705/1705/1705 1702/1702/1702 
f 1702/1702/1702 1705/1705/1705 1705/1705/1705 
f 1705/1705/1705 1703/1703/1703 1705/1705/1705 
f 1705/1705/1705 1703/1703/1703 1703/1703/1703 
f 1703/1703/1703 1706/1706/1706 1703/1703/1703 
f 1703/1703/1703 1706/1706/1706 1704/1704/1704 
f 1706/1706/1706 1707/1707/1707 1704/1704/1704 
f 1704/1704/1704 1707/1707/1707 1708/1708/1708 
f 1707/1707/1707 1708/1708/1708 1708/1708/1708 
f 1708/1708/1708 1708/1708/1708 1234/1234/1234 
f 1708/1708/1708 1234/1234/1234 1234/1234/1234 
f 1234/1234/1234 1234/1234/1234 1234/1234/1234 
f 1234/1234/1234 1236/1236/1236 1234/1234/1234 
f 1234/1234/1234 1236/1236/1236 1709/1709/1709 
f 1236/1236/1236 1710/1710/1710 1709/1709/1709 
f 1709/1709/1709 1710/1710/1710 1711/1711/1711 
f 1710/1710/1710 1711/1711/1711 1711/1711/1711 
f 1711/1711/1711 1711/1711/1711 1712/1712/1712 
f 1711/1711/1711 1712/1712/1712 1712/1712/1712 
f 1712/1712/1712 1712/1712/1712 1712/1712/1712 
f 1712/1712/1712 1713/1713/1713 1712/1712/1712 
f 1712/1712/1712 1713/1713/1713 1714/1714/1714 
f 1713/1713/1713 1715/1715/1715 1714/1714/1714 
f 1714/1714/1714 1715/1715/1715 1716/1716/1716 
f 1715/1715/1715 1717/1717/1717 1716/1716/1716 
f 1716/1716/1716 1717/1717/1717 1717/1717/1717 
f 1717/1717/1717 1713/1713/1713 1717/1717/1717 
f 1717/1717/1717 1713/1713/1713 1713/1713/1713 
f 1713/1713/1713 1718/1718/1718 1713/1713/1713 
f 1713/1713/1713 1718/1718/1718 1715/1715/1715 
f 1718/1718/1718 1719/1719/1719 1715/1715/1715 
f 1715/1715/1715 1719/1719/1719 1717/1717/1717 
f 1719/1719/1719 1717/1717/1717 1717/1717/1717 
f 1717/1717/1717 1717/1717/1717 1720/1720/1720 
f 1717/1717/1717 1720/1720/1720 1720/1720/1720 
f 1720/1720/1720 1720/1720/1720 1720/1720/1720 
f 1720/1720/1720 1721/1721/1721 1720/1720/1720 
f 1720/1720/1720 1721/1721/1721 1722/1722/1722 
f 1721/1721/1721 1723/1723/1723 1722/1722/1722 
f 1722/1722/1722 1723/1723/1723 1723/1723/1723 
f 1723/1723/1723 1721/1721/1721 1723/1723/1723 
f 1723/1723/1723 1721/1721/1721 1724/1724/1724 
f 1721/1721/1721 1725/1725/1725 1724/1724/1724 
f 1724/1724/1724 1725/1725/1725 1726/1726/1726 
f 1725/1725/1725 1726/1726/1726 1726/1726/1726 
f 1726/1726/1726 1726/1726/1726 1727/1727/1727 
f 1726/1726/1726 1727/1727/1727 1727/1727/1727 
f 1727/1727/1727 1727/1727/1727 1727/1727/1727 
f 1727/1727/1727 1728/1728/1728 1727/1727/1727 
f 1727/1727/1727 1728/1728/1728 1729/1729/1729 
f 1728/1728/1728 1730/1730/1730 1729/1729/1729 
f 1729/1729/1729 1730/1730/1730 1731/1731/1731 
f 1730/1730/1730 1731/1731/1731 1731/1731/1731 
f 1731/1731/1731 1731/1731/1731 1729/1729/1729 
f 1731/1731/1731 1729/1729/1729 1729/1729/1729 
f 1729/1729/1729 1729/1729/1729 1729/1729/1729 
f 1729/1729/1729 1731/1731/1731 1729/1729/1729 
f 1729/1729/1729 1731/1731/1731 1732/1732/1732 
f 1731/1731/1731 1733/1733/1733 1732/1732/1732 
f 1732/1732/1732 1733/1733/1733 1734/1734/1734 
f 1733/1733/1733 1735/1735/1735 1734/1734/1734 
f 1734/1734/1734 1735/1735/1735 1736/1736/1736 
f 1735/1735/1735 1737/1737/1737 1736/1736/1736 
f 1736/1736/1736 1737/1737/1737 1738/1738/1738 
f 1737/1737/1737 1739/1739/1739 1738/1738/1738 
f 1738/1738/1738 1739/1739/1739 1740/1740/1740 
f 1739/1739/1739 1741/1741/1741 1740/1740/1740 
f 1740/1740/1740 1741/1741/1741 1742/1742/1742 
f 1741/1741/1741 1743/1743/1743 1742/1742/1742 
f 1742/1742/1742 1743/1743/1743 1744/1744/1744 
f 1743/1743/1743 1745/1745/1745 1744/1744/1744 
f 1744/1744/1744 1745/1745/1745 1746/1746/1746 
f 1745/1745/1745 1747/1747/1747 1746/1746/1746 
f 1746/1746/1746 1747/1747/1747 1748/1748/1748 
f 1747/1747/1747 1749/1749/1749 1748/1748/1748 
f 1748/1748/1748 1749/1749/1749 1749/1749/1749 
f 1749/1749/1749 1750/1750/1750 1749/1749/1749 
f 1749/1749/1749 1750/1750/1750 1750/1750/1750 
f 1750/1750/1750 1751/1751/1751 1750/1750/1750 
f 1750/1750/1750 1751/1751/1751 1752/1752/1752 
f 1751/1751/1751 1753/1753/1753 1752/1752/1752 
f 1752/1752/1752 1753/1753/1753 1754/1754/1754 
f 1753/1753/1753 1755/1755/1755 1754/1754/1754 
f 1754/1754/1754 1755/1755/1755 1755/1755/1755 
f 1755/1755/1755 1751/1751/1751 1755/1755/1755 
f 1755/1755/1755 1751/1751/1751 1751/1751/1751 
f 1751/1751/1751 1756/1756/1756 1751/1751/1751 
f 1751/1751/1751 1756/1756/1756 1753/1753/1753 
f 1756/1756/1756 1757/1757/1757 1753/1753/1753 
f 1753/1753/1753 1757/1757/1757 1755/1755/1755 
f 1757/1757/1757 1755/1755/1755 1755/1755/1755 
f 1755/1755/1755 1755/1755/1755 1758/1758/1758 
f 1755/1755/1755 1758/1758/1758 1758/1758/1758 
f 1758/1758/1758 1758/1758/1758 1758/1758/1758 
f 1758/1758/1758 1759/1759/1759 1758/1758/1758 
f 1758/1758/1758 1759/1759/1759 1760/1760/1760 
f 1759/1759/1759 1761/1761/1761 1760/1760/1760 
f 1760/1760/1760 1761/1761/1761 1762/1762/1762 
f 1761/1761/1761 1763/1763/1763 1762/1762/1762 
f 1762/1762/1762 1763/1763/1763 1764/1764/1764 
f 1763/1763/1763 1765/1765/1765 1764/1764/1764 
f 1764/1764/1764 1765/1765/1765 1766/1766/1766 
f 1765/1765/1765 1767/1767/1767 1766/1766/1766 
f 1766/1766/1766 1767/1767/1767 1768/1768/1768 
f 1767/1767/1767 1769/1769/1769 1768/1768/1768 
f 1768/1768/1768 1769/1769/1769 1770/1770/1770 
f 1769/1769/1769 1771/1771/1771 1770/1770/1770 
f 1770/1770/1770 1771/1771/1771 1772/1772/1772 
f 1771/1771/1771 1773/1773/1773 1772/1772/1772 
f 1772/1772/1772 1773/1773/1773 1774/1774/1774 
f 1773/1773/1773 1775/1775/1775 1774/1774/1774 
f 1774/1774/1774 1775/1775/1775 1776/1776/1776 
f 1775/1775/1775 1777/1777/1777 1776/1776/1776 
f 1776/1776/1776 1777/1777/1777 1778/1778/1778 
f 1777/1777/1777 1779/1779/1779 1778/1778/1778 
f 1778/1778/1778 1779/1779/1779 1780/1780/1780 
f 1779/1779/1779 1781/1781/1781 1780/1780/1780 
f 1780/1780/1780 1781/1781/1781 1782/1782/1782 
f 1781/1781/1781 1783/1783/1783 1782/1782/1782 
f 1782/1782/1782 1783/1783/1783 1784/1784/1784 
f 1783/1783/1783 1785/1785/1785 1784/1784/1784 
f 1784/1784/1784 1785/1785/1785 1786/1786/1786 
f 1785/1785/1785 1787/1787/1787 1786/1786/1786 
f 1786/1786/1786 1787/1787/1787 1788/1788/1788 
f 1787/1787/1787 1789/1789/1789 1788/1788/1788 
f 1788/1788/1788 1789/1789/1789 1790/1790/1790 
f 1789/1789/1789 1791/1791/1791 1790/1790/1790 
f 1790/1790/1790 1791/1791/1791 1792/1792/1792 
f 1791/1791/1791 1793/1793/1793 1792/1792/1792 
f 1792/1792/1792 1793/1793/1793 1794/1794/1794 
f 1793/1793/1793 1795/1795/1795 1794/1794/1794 
f 1794/1794/1794 1795/1795/1795 1795/1795/1795 
f 1795/1795/1795 1759/1759/1759 1795/1795/1795 
f 1795/1795/1795 1759/1759/1759 1759/1759/1759 
f 1759/1759/1759 1796/1796/1796 1759/1759/1759 
f 1759/1759/1759 1796/1796/1796 1761/1761/1761 
f 1796/1796/1796 1797/1797/1797 1761/1761/1761 
f 1761/1761/1761 1797/1797/1797 1763/1763/1763 
f 1797/1797/1797 1798/1798/1798 1763/1763/1763 
f 1763/1763/1763 1798/1798/1798 1765/1765/1765 
f 1798/1798/1798 1799/1799/1799 1765/1765/1765 
f 1765/1765/1765 1799/1799/1799 1767/1767/1767 
f 1799/1799/1799 1800/1800/1800 1767/1767/1767 
f 1767/1767/1767 1800/1800/1800 1769/1769/1769 
f 1800/1800/1800 1801/1801/1801 1769/1769/1769 
f 1769/1769/1769 1801/1801/1801 1771/1771/1771 
f 1801/1801/1801 1802/1802/1802 1771/1771/1771 
f 1771/1771/1771 1802/1802/1802 1773/1773/1773 
f 1802/1802/1802 1803/1803/1803 1773/1773/1773 
f 1773/1773/1773 1803/1803/1803 1775/1775/1775 
f 1803/1803/1803 1804/1804/1804 1775/1775/1775 
f 1775/1775/1775 1804/1804/1804 1777/1777/1777 
f 1804/1804/1804 1805/1805/1805 1777/1777/1777 
f 1777/1777/1777 1805/1805/1805 1779/1779/1779 
f 1805/1805/1805 1806/1806/1806 1779/1779/1779 
f 1779/1779/1779 1806/1806/1806 1781/1781/1781 
f 1806/1806/1806 1807/1807/1807 1781/1781/1781 
f 1781/1781/1781 1807/1807/1807 1783/1783/1783 
f 1807/1807/1807 1808/1808/1808 1783/1783/1783 
f 1783/1783/1783 1808/1808/1808 1785/1785/1785 
f 1808/1808/1808 1809/1809/1809 1785/1785/1785 
f 1785/1785/1785 1809/1809/1809 1787/1787/1787 
f 1809/1809/1809 1810/1810/1810 1787/1787/1787 
f 1787/1787/1787 1810/1810/1810 1789/1789/1789 
f 1810/1810/1810 1811/1811/1811 1789/1789/1789 
f 1789/1789/1789 1811/1811/1811 1791/1791/1791 
f 1811/1811/1811 1812/1812/1812 1791/1791/1791 
f 1791/1791/1791 1812/1812/1812 1793/1793/1793 
f 1812/1812/1812 1813/1813/1813 1793/1793/1793 
f 1793/1793/1793 1813/1813/1813 1795/1795/1795 
f 1813/1813/1813 1814/1814/1814 1795/1795/1795 
f 1795/1795/1795 1814/1814/1814 1814/1814/1814 
f 1814/1814/1814 1815/1815/1815 1814/1814/1814 
f 1814/1814/1814 1815/1815/1815 1815/1815/1815 
f 1815/1815/1815 1816/1816/1816 1815/1815/1815 
f 1815/1815/1815 1816/1816/1816 1817/1817/1817 
f 1816/1816/1816 1818/1818/1818 1817/1817/1817 
f 1817/1817/1817 1818/1818/1818 1819/1819/1819 
f 1818/1818/1818 1820/1820/1820 1819/1819/1819 
f 1819/1819/1819 1820/1820/1820 1820/1820/1820 
f 1820/1820/1820 1816/1816/1816 1820/1820/1820 
f 1820/1820/1820 1816/1816/1816 1816/1816/1816 
f 1816/1816/1816 1821/1821/1821 1816/1816/1816 
f 1816/1816/1816 1821/1821/1821 1818/1818/1818 
f 1821/1821/1821 1822/1822/1822 1818/1818/1818 
f 1818/1818/1818 1822/1822/1822 1820/1820/1820 
f 1822/1822/1822 1820/1820/1820 1820/1820/1820 
f 1820/1820/1820 1820/1820/1820 1823/1823/1823 
f 1820/1820/1820 1823/1823/1823 1823/1823/1823 
f 1823/1823/1823 1823/1823/1823 1823/1823/1823 
f 1823/1823/1823 1824/1824/1824 1823/1823/1823 
f 1823/1823/1823 1824/1824/1824 1825/1825/1825 
f 1824/1824/1824 1826/1826/1826 1825/1825/1825 
f 1825/1825/1825 1826/1826/1826 1827/1827/1827 
f 1826/1826/1826 1827/1827/1827 1827/1827/1827 
f 1827/1827/1827 1827/1827/1827 1825/1825/1825 
f 1827/1827/1827 1825/1825/1825 1825/1825/1825 
f 1825/1825/1825 1825/1825/1825 1825/1825/1825 
f 1825/1825/1825 1827/1827/1827 1825/1825/1825 
f 1825/1825/1825 1827/1827/1827 1828/1828/1828 
f 1827/1827/1827 1829/1829/1829 1828/1828/1828 
f 1828/1828/1828 1829/1829/1829 1830/1830/1830 
f 1829/1829/1829 1831/1831/1831 1830/1830/1830 
f 1830/1830/1830 1831/1831/1831 1832/1832/1832 
f 1831/1831/1831 1833/1833/1833 1832/1832/1832 
f 1832/1832/1832 1833/1833/1833 1834/1834/1834 
f 1833/1833/1833 1835/1835/1835 1834/1834/1834 
f 1834/1834/1834 1835/1835/1835 1836/1836/1836 
f 1835/1835/1835 1837/1837/1837 1836/1836/1836 
f 1836/1836/1836 1837/1837/1837 1838/1838/1838 
f 1837/1837/1837 1839/1839/1839 1838/1838/1838 
f 1838/1838/1838 1839/1839/1839 1840/1840/1840 
f 1839/1839/1839 1841/1841/1841 1840/1840/1840 
f 1840/1840/1840 1841/1841/1841 1842/1842/1842 
f 1841/1841/1841 1843/1843/1843 1842/1842/1842 
f 1842/1842/1842 1843/1843/1843 1844/1844/1844 
f 1843/1843/1843 1845/1845/1845 1844/1844/1844 
f 1844/1844/1844 1845/1845/1845 1845/1845/1845 
f 1845/1845/1845 1846/1846/1846 1845/1845/1845 
f 1845/1845/1845 1846/1846/1846 1846/1846/1846 
f 1846/1846/1846 1847/1847/1847 1846/1846/1846 
f 1846/1846/1846 1847/1847/1847 1848/1848/1848 
f 1847/1847/1847 1849/1849/1849 1848/1848/1848 
f 1848/1848/1848 1849/1849/1849 1850/1850/1850 
f 1849/1849/1849 1851/1851/1851 1850/1850/1850 
f 1850/1850/1850 1851/1851/1851 1852/1852/1852 
f 1851/1851/1851 1853/1853/1853 1852/1852/1852 
f 1852/1852/1852 1853/1853/1853 1854/1854/1854 
f 1853/1853/1853 1855/1855/1855 1854/1854/1854 
f 1854/1854/1854 1855/1855/1855 1856/1856/1856 
f 1855/1855/1855 1857/1857/1857 1856/1856/1856 
f 1856/1856/1856 1857/1857/1857 1858/1858/1858 
f 1857/1857/1857 1859/1859/1859 1858/1858/1858 
f 1858/1858/1858 1859/1859/1859 1860/1860/1860 
f 1859/1859/1859 1861/1861/1861 1860/1860/1860 
f 1860/1860/1860 1861/1861/1861 1862/1862/1862 
f 1861/1861/1861 1863/1863/1863 1862/1862/1862 
f 1862/1862/1862 1863/1863/1863 1864/1864/1864 
f 1863/1863/1863 1865/1865/1865 1864/1864/1864 
f 1864/1864/1864 1865/1865/1865 1866/1866/1866 
f 1865/1865/1865 1867/1867/1867 1866/1866/1866 
f 1866/1866/1866 1867/1867/1867 1868/1868/1868 
f 1867/1867/1867 1869/1869/1869 1868/1868/1868 
f 1868/1868/1868 1869/1869/1869 1870/1870/1870 
f 1869/1869/1869 1871/1871/1871 1870/1870/1870 
f 1870/1870/1870 1871/1871/1871 1872/1872/1872 
f 1871/1871/1871 1873/1873/1873 1872/1872/1872 
f 1872/1872/1872 1873/1873/1873 1874/1874/1874 
f 1873/1873/1873 1875/1875/1875 1874/1874/1874 
f 1874/1874/1874 1875/1875/1875 1876/1876/1876 
f 1875/1875/1875 1877/1877/1877 1876/1876/1876 
f 1876/1876/1876 1877/1877/1877 1878/1878/1878 
f 1877/1877/1877 1879/1879/1879 1878/1878/1878 
f 1878/1878/1878 1879/1879/1879 1880/1880/1880 
f 1879/1879/1879 1881/1881/1881 1880/1880/1880 
f 1880/1880/1880 1881/1881/1881 1846/1846/1846 
f 1881/1881/1881 1847/1847/1847 1846/1846/1846 
f 1846/1846/1846 1847/1847/1847 1847/1847/1847 
f 1847/1847/1847 1881/1881/1881 1847/1847/1847 
f 1847/1847/1847 1881/1881/1881 1882/1882/1882 
f 1881/1881/1881 1879/1879/1879 1882/1882/1882 
f 1882/1882/1882 1879/1879/1879 1877/1877/1877 
f 1879/1879/1879 1877/1877/1877 1877/1877/1877 
f 1877/1877/1877 1877/1877/1877 1877/1877/1877 
f 1877/1877/1877 1875/1875/1875 1877/1877/1877 
f 1877/1877/1877 1875/1875/1875 1882/1882/1882 
f 1875/1875/1875 1873/1873/1873 1882/1882/1882 
f 1882/1882/1882 1873/1873/1873 1871/1871/1871 
f 1873/1873/1873 1871/1871/1871 1871/1871/1871 
f 1871/1871/1871 1871/1871/1871 1871/1871/1871 
f 1871/1871/1871 1869/1869/1869 1871/1871/1871 
f 1871/1871/1871 1869/1869/1869 1882/1882/1882 
f 1869/1869/1869 1867/1867/1867 1882/1882/1882 
f 1882/1882/1882 1867/1867/1867 1865/1865/1865 
f 1867/1867/1867 1865/1865/1865 1865/1865/1865 
f 1865/1865/1865 1865/1865/1865 1865/1865/1865 
f 1865/1865/1865 1863/1863/1863 1865/1865/1865 
f 1865/1865/1865 1863/1863/1863 1882/1882/1882 
f 1863/1863/1863 1861/1861/1861 1882/1882/1882 
f 1882/1882/1882 1861/1861/1861 1859/1859/1859 
f 1861/1861/1861 1859/1859/1859 1859/1859/1859 
f 1859/1859/1859 1859/1859/1859 1859/1859/1859 
f 1859/1859/1859 1857/1857/1857 1859/1859/1859 
f 1859/1859/1859 1857/1857/1857 1882/1882/1882 
f 1857/1857/1857 1855/1855/1855 1882/1882/1882 
f 1882/1882/1882 1855/1855/1855 1853/1853/1853 
f 1855/1855/1855 1853/1853/1853 1853/1853/1853 
f 1853/1853/1853 1853/1853/1853 1853/1853/1853 
f 1853/1853/1853 1851/1851/1851 1853/1853/1853 
f 1853/1853/1853 1851/1851/1851 1882/1882/1882 
f 1851/1851/1851 1849/1849/1849 1882/1882/1882 
f 1882/1882/1882 1849/1849/1849 1847/1847/1847 
f 1849/1849/1849 1847/1847/1847 1847/1847/1847 
f 1847/1847/1847 1847/1847/1847 1883/1883/1883 
f 1847/1847/1847 1883/1883/1883 1883/1883/1883 
f 1883/1883/1883 1883/1883/1883 1883/1883/1883 
f 1883/1883/1883 1884/1884/1884 1883/1883/1883 
f 1883/1883/1883 1884/1884/1884 1885/1885/1885 
f 1884/1884/1884 1886/1886/1886 1885/1885/1885 
f 1885/1885/1885 1886/1886/1886 1887/1887/1887 
f 1886/1886/1886 1888/1888/1888 1887/1887/1887 
f 1887/1887/1887 1888/1888/1888 1889/1889/1889 
f 1888/1888/1888 1890/1890/1890 1889/1889/1889 
f 1889/1889/1889 1890/1890/1890 1891/1891/1891 
f 1890/1890/1890 1892/1892/1892 1891/1891/1891 
f 1891/1891/1891 1892/1892/1892 1893/1893/1893 
f 1892/1892/1892 1894/1894/1894 1893/1893/1893 
f 1893/1893/1893 1894/1894/1894 1895/1895/1895 
f 1894/1894/1894 1896/1896/1896 1895/1895/1895 
f 1895/1895/1895 1896/1896/1896 1897/1897/1897 
f 1896/1896/1896 1898/1898/1898 1897/1897/1897 
f 1897/1897/1897 1898/1898/1898 1899/1899/1899 
f 1898/1898/1898 1900/1900/1900 1899/1899/1899 
f 1899/1899/1899 1900/1900/1900 1901/1901/1901 
f 1900/1900/1900 1902/1902/1902 1901/1901/1901 
f 1901/1901/1901 1902/1902/1902 1903/1903/1903 
f 1902/1902/1902 1904/1904/1904 1903/1903/1903 
f 1903/1903/1903 1904/1904/1904 1905/1905/1905 
f 1904/1904/1904 1906/1906/1906 1905/1905/1905 
f 1905/1905/1905 1906/1906/1906 1907/1907/1907 
f 1906/1906/1906 1908/1908/1908 1907/1907/1907 
f 1907/1907/1907 1908/1908/1908 1909/1909/1909 
f 1908/1908/1908 1910/1910/1910 1909/1909/1909 
f 1909/1909/1909 1910/1910/1910 1911/1911/1911 
f 1910/1910/1910 1912/1912/1912 1911/1911/1911 
f 1911/1911/1911 1912/1912/1912 1913/1913/1913 
f 1912/1912/1912 1914/1914/1914 1913/1913/1913 
f 1913/1913/1913 1914/1914/1914 1915/1915/1915 
f 1914/1914/1914 1916/1916/1916 1915/1915/1915 
f 1915/1915/1915 1916/1916/1916 1917/1917/1917 
f 1916/1916/1916 1918/1918/1918 1917/1917/1917 
f 1917/1917/1917 1918/1918/1918 1883/1883/1883 
f 1918/1918/1918 1884/1884/1884 1883/1883/1883 
f 1883/1883/1883 1884/1884/1884 1884/1884/1884 
f 1884/1884/1884 1918/1918/1918 1884/1884/1884 
f 1884/1884/1884 1918/1918/1918 1919/1919/1919 
f 1918/1918/1918 1916/1916/1916 1919/1919/1919 
f 1919/1919/1919 1916/1916/1916 1914/1914/1914 
f 1916/1916/1916 1914/1914/1914 1914/1914/1914 
f 1914/1914/1914 1914/1914/1914 1914/1914/1914 
f 1914/1914/1914 1912/1912/1912 1914/1914/1914 
f 1914/1914/1914 1912/1912/1912 1919/1919/1919 
f 1912/1912/1912 1910/1910/1910 1919/1919/1919 
f 1919/1919/1919 1910/1910/1910 1908/1908/1908 
f 1910/1910/1910 1908/1908/1908 1908/1908/1908 
f 1908/1908/1908 1908/1908/1908 1908/1908/1908 
f 1908/1908/1908 1906/1906/1906 1908/1908/1908 
f 1908/1908/1908 1906/1906/1906 1919/1919/1919 
f 1906/1906/1906 1904/1904/1904 1919/1919/1919 
f 1919/1919/1919 1904/1904/1904 1902/1902/1902 
f 1904/1904/1904 1902/1902/1902 1902/1902/1902 
f 1902/1902/1902 1902/1902/1902 1902/1902/1902 
f 1902/1902/1902 1900/1900/1900 1902/1902/1902 
f 1902/1902/1902 1900/1900/1900 1919/1919/1919 
f 1900/1900/1900 1898/1898/1898 1919/1919/1919 
f 1919/1919/1919 1898/1898/1898 1896/1896/1896 
f 1898/1898/1898 1896/1896/1896 1896/1896/1896 
f 1896/1896/1896 1896/1896/1896 1896/1896/1896 
f 1896/1896/1896 1894/1894/1894 1896/1896/1896 
f 1896/1896/1896 1894/1894/1894 1919/1919/1919 
f 1894/1894/1894 1892/1892/1892 1919/1919/1919 
f 1919/1919/1919 1892/1892/1892 1890/1890/1890 
f 1892/1892/1892 1890/1890/1890 1890/1890/1890 
f 1890/1890/1890 1890/1890/1890 1890/1890/1890 
f 1890/1890/1890 1888/1888/1888 1890/1890/1890 
f 1890/1890/1890 1888/1888/1888 1919/1919/1919 
f 1888/1888/1888 1886/1886/1886 1919/1919/1919 
f 1919/1919/1919 1886/1886/1886 1884/1884/1884 
f 1886/1886/1886 1884/1884/1884 1884/1884/1884 
f 1884/1884/1884 1884/1884/1884 1920/1920/1920 
f 1884/1884/1884 1920/1920/1920 1920/1920/1920 
f 1920/1920/1920 1920/1920/1920 1920/1920/1920 
f 1920/1920/1920 1921/1921/1921 1920/1920/1920 
f 1920/1920/1920 1921/1921/1921 1922/1922/1922 
f 1921/1921/1921 1923/1923/1923 1922/1922/1922 
f 1922/1922/1922 1923/1923/1923 1924/1924/1924 
f 1923/1923/1923 1925/1925/1925 1924/1924/1924 
f 1924/1924/1924 1925/1925/1925 1926/1926/1926 
f 1925/1925/1925 1927/1927/1927 1926/1926/1926 
f 1926/1926/1926 1927/1927/1927 1928/1928/1928 
f 1927/1927/1927 1929/1929/1929 1928/1928/1928 
f 1928/1928/1928 1929/1929/1929 1930/1930/1930 
f 1929/1929/1929 1931/1931/1931 1930/1930/1930 
f 1930/1930/1930 1931/1931/1931 1932/1932/1932 
f 1931/1931/1931 1933/1933/1933 1932/1932/1932 
f 1932/1932/1932 1933/1933/1933 1934/1934/1934 
f 1933/1933/1933 1935/1935/1935 1934/1934/1934 
f 1934/1934/1934 1935/1935/1935 1936/1936/1936 
f 1935/1935/1935 1937/1937/1937 1936/1936/1936 
f 1936/1936/1936 1937/1937/1937 1938/1938/1938 
f 1937/1937/1937 1939/1939/1939 1938/1938/1938 
f 1938/1938/1938 1939/1939/1939 1940/1940/1940 
f 1939/1939/1939 1941/1941/1941 1940/1940/1940 
f 1940/1940/1940 1941/1941/1941 1942/1942/1942 
f 1941/1941/1941 1943/1943/1943 1942/1942/1942 
f 1942/1942/1942 1943/1943/1943 1944/1944/1944 
f 1943/1943/1943 1945/1945/1945 1944/1944/1944 
f 1944/1944/1944 1945/1945/1945 1946/1946/1946 
f 1945/1945/1945 1947/1947/1947 1946/1946/1946 
f 1946/1946/1946 1947/1947/1947 1948/1948/1948 
f 1947/1947/1947 1949/1949/1949 1948/1948/1948 
f 1948/1948/1948 1949/1949/1949 1950/1950/1950 
f 1949/1949/1949 1951/1951/1951 1950/1950/1950 
f 1950/1950/1950 1951/1951/1951 1952/1952/1952 
f 1951/1951/1951 1953/1953/1953 1952/1952/1952 
f 1952/1952/1952 1953/1953/1953 1954/1954/1954 
f 1953/1953/1953 1955/1955/1955 1954/1954/1954 
f 1954/1954/1954 1955/1955/1955 1920/1920/1920 
f 1955/1955/1955 1921/1921/1921 1920/1920/1920 
f 1920/1920/1920 1921/1921/1921 1921/1921/1921 
f 1921/1921/1921 1955/1955/1955 1921/1921/1921 
f 1921/1921/1921 1955/1955/1955 1955/1955/1955 
f 1955/1955/1955 1956/1956/1956 1955/1955/1955 
f 1955/1955/1955 1956/1956/1956 1921/1921/1921 
f 1956/1956/1956 1957/1957/1957 1921/1921/1921 
f 1921/1921/1921 1957/1957/1957 1923/1923/1923 
f 1957/1957/1957 1958/1958/1958 1923/1923/1923 
f 1923/1923/1923 1958/1958/1958 1925/1925/1925 
f 1958/1958/1958 1959/1959/1959 1925/1925/1925 
f 1925/1925/1925 1959/1959/1959 1927/1927/1927 
f 1959/1959/1959 1960/1960/1960 1927/1927/1927 
f 1927/1927/1927 1960/1960/1960 1929/1929/1929 
f 1960/1960/1960 1961/1961/1961 1929/1929/1929 
f 1929/1929/1929 1961/1961/1961 1931/1931/1931 
f 1961/1961/1961 1962/1962/1962 1931/1931/1931 
f 1931/1931/1931 1962/1962/1962 1933/1933/1933 
f 1962/1962/1962 1963/1963/1963 1933/1933/1933 
f 1933/1933/1933 1963/1963/1963 1935/1935/1935 
f 1963/1963/1963 1964/1964/1964 1935/1935/1935 
f 1935/1935/1935 1964/1964/1964 1937/1937/1937 
f 1964/1964/1964 1965/1965/1965 1937/1937/1937 
f 1937/1937/1937 1965/1965/1965 1939/1939/1939 
f 1965/1965/1965 1966/1966/1966 1939/1939/1939 
f 1939/1939/1939 1966/1966/1966 1941/1941/1941 
f 1966/1966/1966 1967/1967/1967 1941/1941/1941 
f 1941/1941/1941 1967/1967/1967 1943/1943/1943 
f 1967/1967/1967 1968/1968/1968 1943/1943/1943 
f 1943/1943/1943 1968/1968/1968 1945/1945/1945 
f 1968/1968/1968 1969/1969/1969 1945/1945/1945 
f 1945/1945/1945 1969/1969/1969 1947/1947/1947 
f 1969/1969/1969 1970/1970/1970 1947/1947/1947 
f 1947/1947/1947 1970/1970/1970 1949/1949/1949 
f 1970/1970/1970 1971/1971/1971 1949/1949/1949 
f 1949/1949/1949 1971/1971/1971 1951/1951/1951 
f 1971/1971/1971 1972/1972/1972 1951/1951/1951 
f 1951/1951/1951 1972/1972/1972 1953/1953/1953 
f 1972/1972/1972 1973/1973/1973 1953/1953/1953 
f 1953/1953/1953 1973/1973/1973 1955/1955/1955 
f 1973/1973/1973 1956/1956/1956 1955/1955/1955 
f 1955/1955/1955 1956/1956/1956 1956/1956/1956 
f 1956/1956/1956 1974/1974/1974 1956/1956/1956 
f 1956/1956/1956 1974/1974/1974 1974/1974/1974 
f 1974/1974/1974 1975/1975/1975 1974/1974/1974 
f 1974/1974/1974 1975/1975/1975 1976/1976/1976 
f 1975/1975/1975 1977/1977/1977 1976/1976/1976 
f 1976/1976/1976 1977/1977/1977 1978/1978/1978 
f 1977/1977/1977 1979/1979/1979 1978/1978/1978 
f 1978/1978/1978 1979/1979/1979 1980/1980/1980 
f 1979/1979/1979 1981/1981/1981 1980/1980/1980 
f 1980/1980/1980 1981/1981/1981 1982/1982/1982 
f 1981/1981/1981 1982/1982/1982 1982/1982/1982 
f 1982/1982/1982 1982/1982/1982 1975/1975/1975 
f 1982/1982/1982 1975/1975/1975 1975/1975/1975 
f 1975/1975/1975 1975/1975/1975 1975/1975/1975 
f 1975/1975/1975 1974/1974/1974 1975/1975/1975 
f 1975/1975/1975 1974/1974/1974 1983/1983/1983 
f 1974/1974/1974 1984/1984/1984 1983/1983/1983 
f 1983/1983/1983 1984/1984/1984 1985/1985/1985 
f 1984/1984/1984 1986/1986/1986 1985/1985/1985 
f 1985/1985/1985 1986/1986/1986 1986/1986/1986 
f 1986/1986/1986 1984/1984/1984 1986/1986/1986 
f 1986/1986/1986 1984/1984/1984 1987/1987/1987 
f 1984/1984/1984 1988/1988/1988 1987/1987/1987 
f 1987/1987/1987 1988/1988/1988 1989/1989/1989 
f 1988/1988/1988 1990/1990/1990 1989/1989/1989 
f 1989/1989/1989 1990/1990/1990 1991/1991/1991 
f 1990/1990/1990 1991/1991/1991 1991/1991/1991 
f 1991/1991/1991 1991/1991/1991 1989/1989/1989 
f 1991/1991/1991 1989/1989/1989 1989/1989/1989 
f 1989/1989/1989 1989/1989/1989 1989/1989/1989 
f 1989/1989/1989 1991/1991/1991 1989/1989/1989 
f 1989/1989/1989 1991/1991/1991 1992/1992/1992 
f 1991/1991/1991 1993/1993/1993 1992/1992/1992 
f 1992/1992/1992 1993/1993/1993 1994/1994/1994 
f 1993/1993/1993 1995/1995/1995 1994/1994/1994 
f 1994/1994/1994 1995/1995/1995 1996/1996/1996 
f 1995/1995/1995 1997/1997/1997 1996/1996/1996 
f 1996/1996/1996 1997/1997/1997 1997/1997/1997 
f 1997/1997/1997 1995/1995/1995 1997/1997/1997 
f 1997/1997/1997 1995/1995/1995 1998/1998/1998 
f 1995/1995/1995 1999/1999/1999 1998/1998/1998 
f 1998/1998/1998 1999/1999/1999 2000/2000/2000 
f 1999/1999/1999 2001/2001/2001 2000/2000/2000 
f 2000/2000/2000 2001/2001/2001 2002/2002/2002 
f 2001/2001/2001 2003/2003/2003 2002/2002/2002 
f 2002/2002/2002 2003/2003/2003 2004/2004/2004 
f 2003/2003/2003 2005/2005/2005 2004/2004/2004 
f 2004/2004/2004 2005/2005/2005 2006/2006/2006 
f 2005/2005/2005 2007/2007/2007 2006/2006/2006 
f 2006/2006/2006 2007/2007/2007 2007/2007/2007 
f 2007/2007/2007 2005/2005/2005 2007/2007/2007 
f 2007/2007/2007 2005/2005/2005 2005/2005/2005 
f 2005/2005/2005 2008/2008/2008 2005/2005/2005 
f 2005/2005/2005 2008/2008/2008 2007/2007/2007 
f 2008/2008/2008 2009/2009/2009 2007/2007/2007 
f 2007/2007/2007 2009/2009/2009 2010/2010/2010 
f 2009/2009/2009 2011/2011/2011 2010/2010/2010 
f 2010/2010/2010 2011/2011/2011 2012/2012/2012 
f 2011/2011/2011 2013/2013/2013 2012/2012/2012 
f 2012/2012/2012 2013/2013/2013 2014/2014/2014 
f 2013/2013/2013 2015/2015/2015 2014/2014/2014 
f 2014/2014/2014 2015/2015/2015 2015/2015/2015 
f 2015/2015/2015 2013/2013/2013 2015/2015/2015 
f 2015/2015/2015 2013/2013/2013 2013/2013/2013 
f 2013/2013/2013 2016/2016/2016 2013/2013/2013 
f 2013/2013/2013 2016/2016/2016 2015/2015/2015 
f 2016/2016/2016 1982/1982/1982 2015/2015/2015 
f 2015/2015/2015 1982/1982/1982 1982/1982/1982 
f 1982/1982/1982 2016/2016/2016 1982/1982/1982 
f 1982/1982/1982 2016/2016/2016 2016/2016/2016 
f 2016/2016/2016 2017/2017/2017 2016/2016/2016 
f 2016/2016/2016 2017/2017/2017 1982/1982/1982 
f 2017/2017/2017 1980/1980/1980 1982/1982/1982 
f 1982/1982/1982 1980/1980/1980 1980/1980/1980 
f 1980/1980/1980 2018/2018/2018 1980/1980/1980 
f 1980/1980/1980 2018/2018/2018 2018/2018/2018 
f 2018/2018/2018 2019/2019/2019 2018/2018/2018 
f 2018/2018/2018 2019/2019/2019 2020/2020/2020 
f 2019/2019/2019 2021/2021/2021 2020/2020/2020 
f 2020/2020/2020 2021/2021/2021 2022/2022/2022 
f 2021/2021/2021 2023/2023/2023 2022/2022/2022 
f 2022/2022/2022 2023/2023/2023 2024/2024/2024 
f 2023/2023/2023 2025/2025/2025 2024/2024/2024 
f 2024/2024/2024 2025/2025/2025 2018/2018/2018 
f 2025/2025/2025 2019/2019/2019 2018/2018/2018 
f 2018/2018/2018 2019/2019/2019 2019/2019/2019 
f 2019/2019/2019 2026/2026/2026 2019/2019/2019 
f 2019/2019/2019 2026/2026/2026 2026/2026/2026 
f 2026/2026/2026 2027/2027/2027 2026/2026/2026 
f 2026/2026/2026 2027/2027/2027 2028/2028/2028 
f 2027/2027/2027 2029/2029/2029 2028/2028/2028 
f 2028/2028/2028 2029/2029/2029 2030/2030/2030 
f 2029/2029/2029 2031/2031/2031 2030/2030/2030 
f 2030/2030/2030 2031/2031/2031 2032/2032/2032 
f 2031/2031/2031 2033/2033/2033 2032/2032/2032 
f 2032/2032/2032 2033/2033/2033 2034/2034/2034 
f 2033/2033/2033 2035/2035/2035 2034/2034/2034 
f 2034/2034/2034 2035/2035/2035 2036/2036/2036 
f 2035/2035/2035 2037/2037/2037 2036/2036/2036 
f 2036/2036/2036 2037/2037/2037 2038/2038/2038 
f 2037/2037/2037 2039/2039/2039 2038/2038/2038 
f 2038/2038/2038 2039/2039/2039 2040/2040/2040 
f 2039/2039/2039 2041/2041/2041 2040/2040/2040 
f 2040/2040/2040 2041/2041/2041 2042/2042/2042 
f 2041/2041/2041 2043/2043/2043 2042/2042/2042 
f 2042/2042/2042 2043/2043/2043 2044/2044/2044 
f 2043/2043/2043 2045/2045/2045 2044/2044/2044 
f 2044/2044/2044 2045/2045/2045 2046/2046/2046 
f 2045/2045/2045 2047/2047/2047 2046/2046/2046 
f 2046/2046/2046 2047/2047/2047 2048/2048/2048 
f 2047/2047/2047 2049/2049/2049 2048/2048/2048 
f 2048/2048/2048 2049/2049/2049 2050/2050/2050 
f 2049/2049/2049 2051/2051/2051 2050/2050/2050 
f 2050/2050/2050 2051/2051/2051 2052/2052/2052 
f 2051/2051/2051 2053/2053/2053 2052/2052/2052 
f 2052/2052/2052 2053/2053/2053 2054/2054/2054 
f 2053/2053/2053 2055/2055/2055 2054/2054/2054 
f 2054/2054/2054 2055/2055/2055 2056/2056/2056 
f 2055/2055/2055 2057/2057/2057 2056/2056/2056 
f 2056/2056/2056 2057/2057/2057 2058/2058/2058 
f 2057/2057/2057 2059/2059/2059 2058/2058/2058 
f 2058/2058/2058 2059/2059/2059 2060/2060/2060 
f 2059/2059/2059 2061/2061/2061 2060/2060/2060 
f 2060/2060/2060 2061/2061/2061 2062/2062/2062 
f 2061/2061/2061 2063/2063/2063 2062/2062/2062 
f 2062/2062/2062 2063/2063/2063 2064/2064/2064 
f 2063/2063/2063 2065/2065/2065 2064/2064/2064 
f 2064/2064/2064 2065/2065/2065 2066/2066/2066 
f 2065/2065/2065 2067/2067/2067 2066/2066/2066 
f 2066/2066/2066 2067/2067/2067 2068/2068/2068 
f 2067/2067/2067 2069/2069/2069 2068/2068/2068 
f 2068/2068/2068 2069/2069/2069 2026/2026/2026 
f 2069/2069/2069 2027/2027/2027 2026/2026/2026 
f 2026/2026/2026 2027/2027/2027 2027/2027/2027 
f 2027/2027/2027 2069/2069/2069 2027/2027/2027 
f 2027/2027/2027 2069/2069/2069 2069/2069/2069 
f 2069/2069/2069 2070/2070/2070 2069/2069/2069 
f 2069/2069/2069 2070/2070/2070 2027/2027/2027 
f 2070/2070/2070 2071/2071/2071 2027/2027/2027 
f 2027/2027/2027 2071/2071/2071 2029/2029/2029 
f 2071/2071/2071 2072/2072/2072 2029/2029/2029 
f 2029/2029/2029 2072/2072/2072 2031/2031/2031 
f 2072/2072/2072 2073/2073/2073 2031/2031/2031 
f 2031/2031/2031 2073/2073/2073 2033/2033/2033 
f 2073/2073/2073 2074/2074/2074 2033/2033/2033 
f 2033/2033/2033 2074/2074/2074 2035/2035/2035 
f 2074/2074/2074 2075/2075/2075 2035/2035/2035 
f 2035/2035/2035 2075/2075/2075 2037/2037/2037 
f 2075/2075/2075 2076/2076/2076 2037/2037/2037 
f 2037/2037/2037 2076/2076/2076 2039/2039/2039 
f 2076/2076/2076 2077/2077/2077 2039/2039/2039 
f 2039/2039/2039 2077/2077/2077 2041/2041/2041 
f 2077/2077/2077 2078/2078/2078 2041/2041/2041 
f 2041/2041/2041 2078/2078/2078 2043/2043/2043 
f 2078/2078/2078 2079/2079/2079 2043/2043/2043 
f 2043/2043/2043 2079/2079/2079 2045/2045/2045 
f 2079/2079/2079 2080/2080/2080 2045/2045/2045 
f 2045/2045/2045 2080/2080/2080 2047/2047/2047 
f 2080/2080/2080 2081/2081/2081 2047/2047/2047 
f 2047/2047/2047 2081/2081/2081 2049/2049/2049 
f 2081/2081/2081 2082/2082/2082 2049/2049/2049 
f 2049/2049/2049 2082/2082/2082 2051/2051/2051 
f 2082/2082/2082 2083/2083/2083 2051/2051/2051 
f 2051/2051/2051 2083/2083/2083 2053/2053/2053 
f 2083/2083/2083 2084/2084/2084 2053/2053/2053 
f 2053/2053/2053 2084/2084/2084 2055/2055/2055 
f 2084/2084/2084 2085/2085/2085 2055/2055/2055 
f 2055/2055/2055 2085/2085/2085 2057/2057/2057 
f 2085/2085/2085 2086/2086/2086 2057/2057/2057 
f 2057/2057/2057 2086/2086/2086 2059/2059/2059 
f 2086/2086/2086 2087/2087/2087 2059/2059/2059 
f 2059/2059/2059 2087/2087/2087 2061/2061/2061 
f 2087/2087/2087 2088/2088/2088 2061/2061/2061 
f 2061/2061/2061 2088/2088/2088 2063/2063/2063 
f 2088/2088/2088 2089/2089/2089 2063/2063/2063 
f 2063/2063/2063 2089/2089/2089 2065/2065/2065 
f 2089/2089/2089 2090/2090/2090 2065/2065/2065 
f 2065/2065/2065 2090/2090/2090 2067/2067/2067 
f 2090/2090/2090 2091/2091/2091 2067/2067/2067 
f 2067/2067/2067 2091/2091/2091 2069/2069/2069 
f 2091/2091/2091 2070/2070/2070 2069/2069/2069 
f 2069/2069/2069 2070/2070/2070 2070/2070/2070 
f 2070/2070/2070 2091/2091/2091 2070/2070/2070 
f 2070/2070/2070 2091/2091/2091 2091/2091/2091 
f 2091/2091/2091 2092/2092/2092 2091/2091/2091 
f 2091/2091/2091 2092/2092/2092 2070/2070/2070 
f 2092/2092/2092 2093/2093/2093 2070/2070/2070 
f 2070/2070/2070 2093/2093/2093 2071/2071/2071 
f 2093/2093/2093 2094/2094/2094 2071/2071/2071 
f 2071/2071/2071 2094/2094/2094 2072/2072/2072 
f 2094/2094/2094 2095/2095/2095 2072/2072/2072 
f 2072/2072/2072 2095/2095/2095 2073/2073/2073 
f 2095/2095/2095 2096/2096/2096 2073/2073/2073 
f 2073/2073/2073 2096/2096/2096 2074/2074/2074 
f 2096/2096/2096 2097/2097/2097 2074/2074/2074 
f 2074/2074/2074 2097/2097/2097 2075/2075/2075 
f 2097/2097/2097 2098/2098/2098 2075/2075/2075 
f 2075/2075/2075 2098/2098/2098 2076/2076/2076 
f 2098/2098/2098 2099/2099/2099 2076/2076/2076 
f 2076/2076/2076 2099/2099/2099 2077/2077/2077 
f 2099/2099/2099 2100/2100/2100 2077/2077/2077 
f 2077/2077/2077 2100/2100/2100 2078/2078/2078 
f 2100/2100/2100 2101/2101/2101 2078/2078/2078 
f 2078/2078/2078 2101/2101/2101 2079/2079/2079 
f 2101/2101/2101 2102/2102/2102 2079/2079/2079 
f 2079/2079/2079 2102/2102/2102 2080/2080/2080 
f 2102/2102/2102 2103/2103/2103 2080/2080/2080 
f 2080/2080/2080 2103/2103/2103 2081/2081/2081 
f 2103/2103/2103 2104/2104/2104 2081/2081/2081 
f 2081/2081/2081 2104/2104/2104 2082/2082/2082 
f 2104/2104/2104 2105/2105/2105 2082/2082/2082 
f 2082/2082/2082 2105/2105/2105 2083/2083/2083 
f 2105/2105/2105 2106/2106/2106 2083/2083/2083 
f 2083/2083/2083 2106/2106/2106 2084/2084/2084 
f 2106/2106/2106 2107/2107/2107 2084/2084/2084 
f 2084/2084/2084 2107/2107/2107 2085/2085/2085 
f 2107/2107/2107 2108/2108/2108 2085/2085/2085 
f 2085/2085/2085 2108/2108/2108 2086/2086/2086 
f 2108/2108/2108 2109/2109/2109 2086/2086/2086 
f 2086/2086/2086 2109/2109/2109 2087/2087/2087 
f 2109/2109/2109 2110/2110/2110 2087/2087/2087 
f 2087/2087/2087 2110/2110/2110 2088/2088/2088 
f 2110/2110/2110 2111/2111/2111 2088/2088/2088 
f 2088/2088/2088 2111/2111/2111 2089/2089/2089 
f 2111/2111/2111 2112/2112/2112 2089/2089/2089 
f 2089/2089/2089 2112/2112/2112 2090/2090/2090 
f 2112/2112/2112 2113/2113/2113 2090/2090/2090 
f 2090/2090/2090 2113/2113/2113 2091/2091/2091 
f 2113/2113/2113 2092/2092/2092 2091/2091/2091 
f 2091/2091/2091 2092/2092/2092 2092/2092/2092 
f 2092/2092/2092 2113/2113/2113 2092/2092/2092 
f 2092/2092/2092 2113/2113/2113 2113/2113/2113 
f 2113/2113/2113 2114/2114/2114 2113/2113/2113 
f 2113/2113/2113 2114/2114/2114 2092/2092/2092 
f 2114/2114/2114 2115/2115/2115 2092/2092/2092 
f 2092/2092/2092 2115/2115/2115 2093/2093/2093 
f 2115/2115/2115 2116/2116/2116 2093/2093/2093 
f 2093/2093/2093 2116/2116/2116 2094/2094/2094 
f 2116/2116/2116 2117/2117/2117 2094/2094/2094 
f 2094/2094/2094 2117/2117/2117 2095/2095/2095 
f 2117/2117/2117 2118/2118/2118 2095/2095/2095 
f 2095/2095/2095 2118/2118/2118 2096/2096/2096 
f 2118/2118/2118 2119/2119/2119 2096/2096/2096 
f 2096/2096/2096 2119/2119/2119 2097/2097/2097 
f 2119/2119/2119 2120/2120/2120 2097/2097/2097 
f 2097/2097/2097 2120/2120/2120 2098/2098/2098 
f 2120/2120/2120 2121/2121/2121 2098/2098/2098 
f 2098/2098/2098 2121/2121/2121 2099/2099/2099 
f 2121/2121/2121 2122/2122/2122 2099/2099/2099 
f 2099/2099/2099 2122/2122/2122 2100/2100/2100 
f 2122/2122/2122 2123/2123/2123 2100/2100/2100 
f 2100/2100/2100 2123/2123/2123 2101/2101/2101 
f 2123/2123/2123 2124/2124/2124 2101/2101/2101 
f 2101/2101/2101 2124/2124/2124 2102/2102/2102 
f 2124/2124/2124 2125/2125/2125 2102/2102/2102 
f 2102/2102/2102 2125/2125/2125 2103/2103/2103 
f 2125/2125/2125 2126/2126/2126 2103/2103/2103 
f 2103/2103/2103 2126/2126/2126 2104/2104/2104 
f 2126/2126/2126 2127/2127/2127 2104/2104/2104 
f 2104/2104/2104 2127/2127/2127 2105/2105/2105 
f 2127/2127/2127 2128/2128/2128 2105/2105/2105 
f 2105/2105/2105 2128/2128/2128 2106/2106/2106 
f 2128/2128/2128 2129/2129/2129 2106/2106/2106 
f 2106/2106/2106 2129/2129/2129 2107/2107/2107 
f 2129/2129/2129 2130/2130/2130 2107/2107/2107 
f 2107/2107/2107 2130/2130/2130 2108/2108/2108 
f 2130/2130/2130 2131/2131/2131 2108/2108/2108 
f 2108/2108/2108 2131/2131/2131 2109/2109/2109 
f 2131/2131/2131 2132/2132/2132 2109/2109/2109 
f 2109/2109/2109 2132/2132/2132 2110/2110/2110 
f 2132/2132/2132 2133/2133/2133 2110/2110/2110 
f 2110/2110/2110 2133/2133/2133 2111/2111/2111 
f 2133/2133/2133 2134/2134/2134 2111/2111/2111 
f 2111/2111/2111 2134/2134/2134 2112/2112/2112 
f 2134/2134/2134 2135/2135/2135 2112/2112/2112 
f 2112/2112/2112 2135/2135/2135 2113/2113/2113 
f 2135/2135/2135 2114/2114/2114 2113/2113/2113 
f 2113/2113/2113 2114/2114/2114 2114/2114/2114 
f 2114/2114/2114 2135/2135/2135 2114/2114/2114 
f 2114/2114/2114 2135/2135/2135 2135/2135/2135 
f 2135/2135/2135 2136/2136/2136 2135/2135/2135 
f 2135/2135/2135 2136/2136/2136 2114/2114/2114 
f 2136/2136/2136 2137/2137/2137 2114/2114/2114 
f 2114/2114/2114 2137/2137/2137 2115/2115/2115 
f 2137/2137/2137 2138/2138/2138 2115/2115/2115 
f 2115/2115/2115 2138/2138/2138 2116/2116/2116 
f 2138/2138/2138 2139/2139/2139 2116/2116/2116 
f 2116/2116/2116 2139/2139/2139 2117/2117/2117 
f 2139/2139/2139 2140/2140/2140 2117/2117/2117 
f 2117/2117/2117 2140/2140/2140 2118/2118/2118 
f 2140/2140/2140 2141/2141/2141 2118/2118/2118 
f 2118/2118/2118 2141/2141/2141 2119/2119/2119 
f 2141/2141/2141 2142/2142/2142 2119/2119/2119 
f 2119/2119/2119 2142/2142/2142 2120/2120/2120 
f 2142/2142/2142 2143/2143/2143 2120/2120/2120 
f 2120/2120/2120 2143/2143/2143 2121/2121/2121 
f 2143/2143/2143 2144/2144/2144 2121/2121/2121 
f 2121/2121/2121 2144/2144/2144 2122/2122/2122 
f 2144/2144/2144 2145/2145/2145 2122/2122/2122 
f 2122/2122/2122 2145/2145/2145 2123/2123/2123 
f 2145/2145/2145 2146/2146/2146 2123/2123/2123 
f 2123/2123/2123 2146/2146/2146 2124/2124/2124 
f 2146/2146/2146 2147/2147/2147 2124/2124/2124 
f 2124/2124/2124 2147/2147/2147 2125/2125/2125 
f 2147/2147/2147 2148/2148/2148 2125/2125/2125 
f 2125/2125/2125 2148/2148/2148 2126/2126/2126 
f 2148/2148/2148 2149/2149/2149 2126/2126/2126 
f 2126/2126/2126 2149/2149/2149 2127/2127/2127 
f 2149/2149/2149 2150/2150/2150 2127/2127/2127 
f 2127/2127/2127 2150/2150/2150 2128/2128/2128 
f 2150/2150/2150 2151/2151/2151 2128/2128/2128 
f 2128/2128/2128 2151/2151/2151 2129/2129/2129 
f 2151/2151/2151 2152/2152/2152 2129/2129/2129 
f 2129/2129/2129 2152/2152/2152 2130/2130/2130 
f 2152/2152/2152 2153/2153/2153 2130/2130/2130 
f 2130/2130/2130 2153/2153/2153 2131/2131/2131 
f 2153/2153/2153 2154/2154/2154 2131/2131/2131 
f 2131/2131/2131 2154/2154/2154 2132/2132/2132 
f 2154/2154/2154 2155/2155/2155 2132/2132/2132 
f 2132/2132/2132 2155/2155/2155 2133/2133/2133 
f 2155/2155/2155 2156/2156/2156 2133/2133/2133 
f 2133/2133/2133 2156/2156/2156 2134/2134/2134 
f 2156/2156/2156 2157/2157/2157 2134/2134/2134 
f 2134/2134/2134 2157/2157/2157 2135/2135/2135 
f 2157/2157/2157 2136/2136/2136 2135/2135/2135 
f 2135/2135/2135 2136/2136/2136 2136/2136/2136 
f 2136/2136/2136 2158/2158/2158 2136/2136/2136 
f 2136/2136/2136 2158/2158/2158 2158/2158/2158 
f 2158/2158/2158 2159/2159/2159 2158/2158/2158 
f 2158/2158/2158 2159/2159/2159 2160/2160/2160 
f 2159/2159/2159 2161/2161/2161 2160/2160/2160 
f 2160/2160/2160 2161/2161/2161 2162/2162/2162 
f 2161/2161/2161 2162/2162/2162 2162/2162/2162 
f 2162/2162/2162 2162/2162/2162 2162/2162/2162 
f 2162/2162/2162 2163/2163/2163 2162/2162/2162 
f 2162/2162/2162 2163/2163/2163 2160/2160/2160 
f 2163/2163/2163 2164/2164/2164 2160/2160/2160 
f 2160/2160/2160 2164/2164/2164 2165/2165/2165 
f 2164/2164/2164 2165/2165/2165 2165/2165/2165 
f 2165/2165/2165 2165/2165/2165 2165/2165/2165 
f 2165/2165/2165 2166/2166/2166 2165/2165/2165 
f 2165/2165/2165 2166/2166/2166 2160/2160/2160 
f 2166/2166/2166 2167/2167/2167 2160/2160/2160 
f 2160/2160/2160 2167/2167/2167 2168/2168/2168 
f 2167/2167/2167 2168/2168/2168 2168/2168/2168 
f 2168/2168/2168 2168/2168/2168 2168/2168/2168 
f 2168/2168/2168 2169/2169/2169 2168/2168/2168 
f 2168/2168/2168 2169/2169/2169 2160/2160/2160 
f 2169/2169/2169 2170/2170/2170 2160/2160/2160 
f 2160/2160/2160 2170/2170/2170 2171/2171/2171 
f 2170/2170/2170 2171/2171/2171 2171/2171/2171 
f 2171/2171/2171 2171/2171/2171 2171/2171/2171 
f 2171/2171/2171 2172/2172/2172 2171/2171/2171 
f 2171/2171/2171 2172/2172/2172 2160/2160/2160 
f 2172/2172/2172 2173/2173/2173 2160/2160/2160 
f 2160/2160/2160 2173/2173/2173 2174/2174/2174 
f 2173/2173/2173 2174/2174/2174 2174/2174/2174 
f 2174/2174/2174 2174/2174/2174 2174/2174/2174 
f 2174/2174/2174 2175/2175/2175 2174/2174/2174 
f 2174/2174/2174 2175/2175/2175 2160/2160/2160 
f 2175/2175/2175 2176/2176/2176 2160/2160/2160 
f 2160/2160/2160 2176/2176/2176 2158/2158/2158 
f 2176/2176/2176 2158/2158/2158 2158/2158/2158 
f 2158/2158/2158 2158/2158/2158 2177/2177/2177 
f 2158/2158/2158 2177/2177/2177 2177/2177/2177 
f 2177/2177/2177 2177/2177/2177 2177/2177/2177 
f 2177/2177/2177 2178/2178/2178 2177/2177/2177 
f 2177/2177/2177 2178/2178/2178 2179/2179/2179 
f 2178/2178/2178 2180/2180/2180 2179/2179/2179 
f 2179/2179/2179 2180/2180/2180 2181/2181/2181 
f 2180/2180/2180 2182/2182/2182 2181/2181/2181 
f 2181/2181/2181 2182/2182/2182 2183/2183/2183 
f 2182/2182/2182 2184/2184/2184 2183/2183/2183 
f 2183/2183/2183 2184/2184/2184 2185/2185/2185 
f 2184/2184/2184 2186/2186/2186 2185/2185/2185 
f 2185/2185/2185 2186/2186/2186 2187/2187/2187 
f 2186/2186/2186 2188/2188/2188 2187/2187/2187 
f 2187/2187/2187 2188/2188/2188 2189/2189/2189 
f 2188/2188/2188 2190/2190/2190 2189/2189/2189 
f 2189/2189/2189 2190/2190/2190 2191/2191/2191 
f 2190/2190/2190 2192/2192/2192 2191/2191/2191 
f 2191/2191/2191 2192/2192/2192 2193/2193/2193 
f 2192/2192/2192 2194/2194/2194 2193/2193/2193 
f 2193/2193/2193 2194/2194/2194 2195/2195/2195 
f 2194/2194/2194 2196/2196/2196 2195/2195/2195 
f 2195/2195/2195 2196/2196/2196 2197/2197/2197 
f 2196/2196/2196 2198/2198/2198 2197/2197/2197 
f 2197/2197/2197 2198/2198/2198 2199/2199/2199 
f 2198/2198/2198 2200/2200/2200 2199/2199/2199 
f 2199/2199/2199 2200/2200/2200 2201/2201/2201 
f 2200/2200/2200 2202/2202/2202 2201/2201/2201 
f 2201/2201/2201 2202/2202/2202 2203/2203/2203 
f 2202/2202/2202 2204/2204/2204 2203/2203/2203 
f 2203/2203/2203 2204/2204/2204 2205/2205/2205 
f 2204/2204/2204 2206/2206/2206 2205/2205/2205 
f 2205/2205/2205 2206/2206/2206 2207/2207/2207 
f 2206/2206/2206 2208/2208/2208 2207/2207/2207 
f 2207/2207/2207 2208/2208/2208 2209/2209/2209 
f 2208/2208/2208 2210/2210/2210 2209/2209/2209 
f 2209/2209/2209 2210/2210/2210 2211/2211/2211 
f 2210/2210/2210 2212/2212/2212 2211/2211/2211 
f 2211/2211/2211 2212/2212/2212 2177/2177/2177 
f 2212/2212/2212 2178/2178/2178 2177/2177/2177 
f 2177/2177/2177 2178/2178/2178 2178/2178/2178 
f 2178/2178/2178 2212/2212/2212 2178/2178/2178 
f 2178/2178/2178 2212/2212/2212 2213/2213/2213 
f 2212/2212/2212 2210/2210/2210 2213/2213/2213 
f 2213/2213/2213 2210/2210/2210 2208/2208/2208 
f 2210/2210/2210 2208/2208/2208 2208/2208/2208 
f 2208/2208/2208 2208/2208/2208 2208/2208/2208 
f 2208/2208/2208 2206/2206/2206 2208/2208/2208 
f 2208/2208/2208 2206/2206/2206 2213/2213/2213 
f 2206/2206/2206 2204/2204/2204 2213/2213/2213 
f 2213/2213/2213 2204/2204/2204 2202/2202/2202 
f 2204/2204/2204 2202/2202/2202 2202/2202/2202 
f 2202/2202/2202 2202/2202/2202 2202/2202/2202 
f 2202/2202/2202 2200/2200/2200 2202/2202/2202 
f 2202/2202/2202 2200/2200/2200 2213/2213/2213 
f 2200/2200/2200 2198/2198/2198 2213/2213/2213 
f 2213/2213/2213 2198/2198/2198 2196/2196/2196 
f 2198/2198/2198 2196/2196/2196 2196/2196/2196 
f 2196/2196/2196 2196/2196/2196 2196/2196/2196 
f 2196/2196/2196 2194/2194/2194 2196/2196/2196 
f 2196/2196/2196 2194/2194/2194 2213/2213/2213 
f 2194/2194/2194 2192/2192/2192 2213/2213/2213 
f 2213/2213/2213 2192/2192/2192 2190/2190/2190 
f 2192/2192/2192 2190/2190/2190 2190/2190/2190 
f 2190/2190/2190 2190/2190/2190 2190/2190/2190 
f 2190/2190/2190 2188/2188/2188 2190/2190/2190 
f 2190/2190/2190 2188/2188/2188 2213/2213/2213 
f 2188/2188/2188 2186/2186/2186 2213/2213/2213 
f 2213/2213/2213 2186/2186/2186 2184/2184/2184 
f 2186/2186/2186 2184/2184/2184 2184/2184/2184 
f 2184/2184/2184 2184/2184/2184 2184/2184/2184 
f 2184/2184/2184 2182/2182/2182 2184/2184/2184 
f 2184/2184/2184 2182/2182/2182 2213/2213/2213 
f 2182/2182/2182 2180/2180/2180 2213/2213/2213 
f 2213/2213/2213 2180/2180/2180 2178/2178/2178 
f 2180/2180/2180 2178/2178/2178 2178/2178/2178 
f 2178/2178/2178 2178/2178/2178 2214/2214/2214 
f 2178/2178/2178 2214/2214/2214 2214/2214/2214 
f 2214/2214/2214 2214/2214/2214 2214/2214/2214 
f 2214/2214/2214 2215/2215/2215 2214/2214/2214 
f 2214/2214/2214 2215/2215/2215 2216/2216/2216 
f 2215/2215/2215 2217/2217/2217 2216/2216/2216 
f 2216/2216/2216 2217/2217/2217 2218/2218/2218 
f 2217/2217/2217 2219/2219/2219 2218/2218/2218 
f 2218/2218/2218 2219/2219/2219 2220/2220/2220 
f 2219/2219/2219 2221/2221/2221 2220/2220/2220 
f 2220/2220/2220 2221/2221/2221 2222/2222/2222 
f 2221/2221/2221 2223/2223/2223 2222/2222/2222 
f 2222/2222/2222 2223/2223/2223 2224/2224/2224 
f 2223/2223/2223 2225/2225/2225 2224/2224/2224 
f 2224/2224/2224 2225/2225/2225 2226/2226/2226 
f 2225/2225/2225 2227/2227/2227 2226/2226/2226 
f 2226/2226/2226 2227/2227/2227 2227/2227/2227 
f 2227/2227/2227 2215/2215/2215 2227/2227/2227 
f 2227/2227/2227 2215/2215/2215 2215/2215/2215 
f 2215/2215/2215 2228/2228/2228 2215/2215/2215 
f 2215/2215/2215 2228/2228/2228 2217/2217/2217 
f 2228/2228/2228 2229/2229/2229 2217/2217/2217 
f 2217/2217/2217 2229/2229/2229 2219/2219/2219 
f 2229/2229/2229 2230/2230/2230 2219/2219/2219 
f 2219/2219/2219 2230/2230/2230 2221/2221/2221 
f 2230/2230/2230 2231/2231/2231 2221/2221/2221 
f 2221/2221/2221 2231/2231/2231 2223/2223/2223 
f 2231/2231/2231 2232/2232/2232 2223/2223/2223 
f 2223/2223/2223 2232/2232/2232 2225/2225/2225 
f 2232/2232/2232 2233/2233/2233 2225/2225/2225 
f 2225/2225/2225 2233/2233/2233 2234/2234/2234 
f 2233/2233/2233 2235/2235/2235 2234/2234/2234 
f 2234/2234/2234 2235/2235/2235 2235/2235/2235 
f 2235/2235/2235 2229/2229/2229 2235/2235/2235 
f 2235/2235/2235 2229/2229/2229 2229/2229/2229 
f 2229/2229/2229 2236/2236/2236 2229/2229/2229 
f 2229/2229/2229 2236/2236/2236 2230/2230/2230 
f 2236/2236/2236 2237/2237/2237 2230/2230/2230 
f 2230/2230/2230 2237/2237/2237 2231/2231/2231 
f 2237/2237/2237 2238/2238/2238 2231/2231/2231 
f 2231/2231/2231 2238/2238/2238 2232/2232/2232 
f 2238/2238/2238 2239/2239/2239 2232/2232/2232 
f 2232/2232/2232 2239/2239/2239 2233/2233/2233 
f 2239/2239/2239 2240/2240/2240 2233/2233/2233 
f 2233/2233/2233 2240/2240/2240 2235/2235/2235 
f 2240/2240/2240 2235/2235/2235 2235/2235/2235 
f 2235/2235/2235 2235/2235/2235 2236/2236/2236 
f 2235/2235/2235 2236/2236/2236 2236/2236/2236 
f 2236/2236/2236 2236/2236/2236 2236/2236/2236 
f 2236/2236/2236 2241/2241/2241 2236/2236/2236 
f 2236/2236/2236 2241/2241/2241 2237/2237/2237 
f 2241/2241/2241 2242/2242/2242 2237/2237/2237 
f 2237/2237/2237 2242/2242/2242 2238/2238/2238 
f 2242/2242/2242 2243/2243/2243 2238/2238/2238 
f 2238/2238/2238 2243/2243/2243 2239/2239/2239 
f 2243/2243/2243 2244/2244/2244 2239/2239/2239 
f 2239/2239/2239 2244/2244/2244 2240/2240/2240 
f 2244/2244/2244 2240/2240/2240 2240/2240/2240 
f 2240/2240/2240 2240/2240/2240 2241/2241/2241 
f 2240/2240/2240 2241/2241/2241 2241/2241/2241 
f 2241/2241/2241 2241/2241/2241 2241/2241/2241 
f 2241/2241/2241 2245/2245/2245 2241/2241/2241 
f 2241/2241/2241 2245/2245/2245 2242/2242/2242 
f 2245/2245/2245 2246/2246/2246 2242/2242/2242 
f 2242/2242/2242 2246/2246/2246 2243/2243/2243 
f 2246/2246/2246 2247/2247/2247 2243/2243/2243 
f 2243/2243/2243 2247/2247/2247 2244/2244/2244 
f 2247/2247/2247 2244/2244/2244 2244/2244/2244 
f 2244/2244/2244 2244/2244/2244 2245/2245/2245 
f 2244/2244/2244 2245/2245/2245 2245/2245/2245 
f 2245/2245/2245 2245/2245/2245 2245/2245/2245 
f 2245/2245/2245 2241/2241/2241 2245/2245/2245 
f 2245/2245/2245 2241/2241/2241 2248/2248/2248 
f 2241/2241/2241 2249/2249/2249 2248/2248/2248 
f 2248/2248/2248 2249/2249/2249 2249/2249/2249 
f 2249/2249/2249 2241/2241/2241 2249/2249/2249 
f 2249/2249/2249 2241/2241/2241 2241/2241/2241 
f 2241/2241/2241 2236/2236/2236 2241/2241/2241 
f 2241/2241/2241 2236/2236/2236 2249/2249/2249 
f 2236/2236/2236 2250/2250/2250 2249/2249/2249 
f 2249/2249/2249 2250/2250/2250 2250/2250/2250 
f 2250/2250/2250 2236/2236/2236 2250/2250/2250 
f 2250/2250/2250 2236/2236/2236 2251/2251/2251 
f 2236/2236/2236 2229/2229/2229 2251/2251/2251 
f 2251/2251/2251 2229/2229/2229 2252/2252/2252 
f 2229/2229/2229 2228/2228/2228 2252/2252/2252 
f 2252/2252/2252 2228/2228/2228 2228/2228/2228 
f 2228/2228/2228 2214/2214/2214 2228/2228/2228 
f 2228/2228/2228 2214/2214/2214 2214/2214/2214 
f 2214/2214/2214 2216/2216/2216 2214/2214/2214 
f 2214/2214/2214 2216/2216/2216 2253/2253/2253 
f 2216/2216/2216 2254/2254/2254 2253/2253/2253 
f 2253/2253/2253 2254/2254/2254 2254/2254/2254 
f 2254/2254/2254 2216/2216/2216 2254/2254/2254 
f 2254/2254/2254 2216/2216/2216 2216/2216/2216 
f 2216/2216/2216 2218/2218/2218 2216/2216/2216 
f 2216/2216/2216 2218/2218/2218 2254/2254/2254 
f 2218/2218/2218 2255/2255/2255 2254/2254/2254 
f 2254/2254/2254 2255/2255/2255 2255/2255/2255 
f 2255/2255/2255 2218/2218/2218 2255/2255/2255 
f 2255/2255/2255 2218/2218/2218 2218/2218/2218 
f 2218/2218/2218 2220/2220/2220 2218/2218/2218 
f 2218/2218/2218 2220/2220/2220 2255/2255/2255 
f 2220/2220/2220 2256/2256/2256 2255/2255/2255 
f 2255/2255/2255 2256/2256/2256 2257/2257/2257 
f 2256/2256/2256 2258/2258/2258 2257/2257/2257 
f 2257/2257/2257 2258/2258/2258 2259/2259/2259 
f 2258/2258/2258 2260/2260/2260 2259/2259/2259 
f 2259/2259/2259 2260/2260/2260 2260/2260/2260 
f 2260/2260/2260 2220/2220/2220 2260/2260/2260 
f 2260/2260/2260 2220/2220/2220 2220/2220/2220 
f 2220/2220/2220 2222/2222/2222 2220/2220/2220 
f 2220/2220/2220 2222/2222/2222 2256/2256/2256 
f 2222/2222/2222 2261/2261/2261 2256/2256/2256 
f 2256/2256/2256 2261/2261/2261 2258/2258/2258 
f 2261/2261/2261 2262/2262/2262 2258/2258/2258 
f 2258/2258/2258 2262/2262/2262 2260/2260/2260 
f 2262/2262/2262 2260/2260/2260 2260/2260/2260 
f 2260/2260/2260 2260/2260/2260 2262/2262/2262 
f 2260/2260/2260 2262/2262/2262 2262/2262/2262 
f 2262/2262/2262 2262/2262/2262 2262/2262/2262 
f 2262/2262/2262 2261/2261/2261 2262/2262/2262 
f 2262/2262/2262 2261/2261/2261 2263/2263/2263 
f 2261/2261/2261 2224/2224/2224 2263/2263/2263 
f 2263/2263/2263 2224/2224/2224 2264/2264/2264 
f 2224/2224/2224 2226/2226/2226 2264/2264/2264 
f 2264/2264/2264 2226/2226/2226 2226/2226/2226 
f 2226/2226/2226 2265/2265/2265 2226/2226/2226 
f 2226/2226/2226 2265/2265/2265 2265/2265/2265 
f 2265/2265/2265 2266/2266/2266 2265/2265/2265 
f 2265/2265/2265 2266/2266/2266 2267/2267/2267 
f 2266/2266/2266 2268/2268/2268 2267/2267/2267 
f 2267/2267/2267 2268/2268/2268 2269/2269/2269 
f 2268/2268/2268 2269/2269/2269 2269/2269/2269 
f 2269/2269/2269 2269/2269/2269 2269/2269/2269 
f 2269/2269/2269 2270/2270/2270 2269/2269/2269 
f 2269/2269/2269 2270/2270/2270 2267/2267/2267 
f 2270/2270/2270 2271/2271/2271 2267/2267/2267 
f 2267/2267/2267 2271/2271/2271 2272/2272/2272 
f 2271/2271/2271 2272/2272/2272 2272/2272/2272 
f 2272/2272/2272 2272/2272/2272 2272/2272/2272 
f 2272/2272/2272 2273/2273/2273 2272/2272/2272 
f 2272/2272/2272 2273/2273/2273 2267/2267/2267 
f 2273/2273/2273 2274/2274/2274 2267/2267/2267 
f 2267/2267/2267 2274/2274/2274 2275/2275/2275 
f 2274/2274/2274 2275/2275/2275 2275/2275/2275 
f 2275/2275/2275 2275/2275/2275 2275/2275/2275 
f 2275/2275/2275 2276/2276/2276 2275/2275/2275 
f 2275/2275/2275 2276/2276/2276 2267/2267/2267 
f 2276/2276/2276 2277/2277/2277 2267/2267/2267 
f 2267/2267/2267 2277/2277/2277 2278/2278/2278 
f 2277/2277/2277 2278/2278/2278 2278/2278/2278 
f 2278/2278/2278 2278/2278/2278 2278/2278/2278 
f 2278/2278/2278 2279/2279/2279 2278/2278/2278 
f 2278/2278/2278 2279/2279/2279 2267/2267/2267 
f 2279/2279/2279 2280/2280/2280 2267/2267/2267 
f 2267/2267/2267 2280/2280/2280 2281/2281/2281 
f 2280/2280/2280 2281/2281/2281 2281/2281/2281 
f 2281/2281/2281 2281/2281/2281 2281/2281/2281 
f 2281/2281/2281 2282/2282/2282 2281/2281/2281 
f 2281/2281/2281 2282/2282/2282 2267/2267/2267 
f 2282/2282/2282 2283/2283/2283 2267/2267/2267 
f 2267/2267/2267 2283/2283/2283 2265/2265/2265 
f 2283/2283/2283 2265/2265/2265 2265/2265/2265 
f 2265/2265/2265 2265/2265/2265 2284/2284/2284 
f 2265/2265/2265 2284/2284/2284 2284/2284/2284 
f 2284/2284/2284 2284/2284/2284 2284/2284/2284 
f 2284/2284/2284 2285/2285/2285 2284/2284/2284 
f 2284/2284/2284 2285/2285/2285 2286/2286/2286 
f 2285/2285/2285 2287/2287/2287 2286/2286/2286 
f 2286/2286/2286 2287/2287/2287 2288/2288/2288 
f 2287/2287/2287 2289/2289/2289 2288/2288/2288 
f 2288/2288/2288 2289/2289/2289 2290/2290/2290 
f 2289/2289/2289 2291/2291/2291 2290/2290/2290 
f 2290/2290/2290 2291/2291/2291 2292/2292/2292 
f 2291/2291/2291 2293/2293/2293 2292/2292/2292 
f 2292/2292/2292 2293/2293/2293 2294/2294/2294 
f 2293/2293/2293 2295/2295/2295 2294/2294/2294 
f 2294/2294/2294 2295/2295/2295 2296/2296/2296 
f 2295/2295/2295 2297/2297/2297 2296/2296/2296 
f 2296/2296/2296 2297/2297/2297 2298/2298/2298 
f 2297/2297/2297 2299/2299/2299 2298/2298/2298 
f 2298/2298/2298 2299/2299/2299 2300/2300/2300 
f 2299/2299/2299 2301/2301/2301 2300/2300/2300 
f 2300/2300/2300 2301/2301/2301 2302/2302/2302 
f 2301/2301/2301 2303/2303/2303 2302/2302/2302 
f 2302/2302/2302 2303/2303/2303 2304/2304/2304 
f 2303/2303/2303 2305/2305/2305 2304/2304/2304 
f 2304/2304/2304 2305/2305/2305 2306/2306/2306 
f 2305/2305/2305 2307/2307/2307 2306/2306/2306 
f 2306/2306/2306 2307/2307/2307 2308/2308/2308 
f 2307/2307/2307 2309/2309/2309 2308/2308/2308 
f 2308/2308/2308 2309/2309/2309 2310/2310/2310 
f 2309/2309/2309 2311/2311/2311 2310/2310/2310 
f 2310/2310/2310 2311/2311/2311 2312/2312/2312 
f 2311/2311/2311 2313/2313/2313 2312/2312/2312 
f 2312/2312/2312 2313/2313/2313 2314/2314/2314 
f 2313/2313/2313 2315/2315/2315 2314/2314/2314 
f 2314/2314/2314 2315/2315/2315 2316/2316/2316 
f 2315/2315/2315 2317/2317/2317 2316/2316/2316 
f 2316/2316/2316 2317/2317/2317 2318/2318/2318 
f 2317/2317/2317 2319/2319/2319 2318/2318/2318 
f 2318/2318/2318 2319/2319/2319 2284/2284/2284 
f 2319/2319/2319 2285/2285/2285 2284/2284/2284 
f 2284/2284/2284 2285/2285/2285 2285/2285/2285 
f 2285/2285/2285 2319/2319/2319 2285/2285/2285 
f 2285/2285/2285 2319/2319/2319 2320/2320/2320 
f 2319/2319/2319 2317/2317/2317 2320/2320/2320 
f 2320/2320/2320 2317/2317/2317 2315/2315/2315 
f 2317/2317/2317 2315/2315/2315 2315/2315/2315 
f 2315/2315/2315 2315/2315/2315 2315/2315/2315 
f 2315/2315/2315 2313/2313/2313 2315/2315/2315 
f 2315/2315/2315 2313/2313/2313 2320/2320/2320 
f 2313/2313/2313 2311/2311/2311 2320/2320/2320 
f 2320/2320/2320 2311/2311/2311 2309/2309/2309 
f 2311/2311/2311 2309/2309/2309 2309/2309/2309 
f 2309/2309/2309 2309/2309/2309 2309/2309/2309 
f 2309/2309/2309 2307/2307/2307 2309/2309/2309 
f 2309/2309/2309 2307/2307/2307 2320/2320/2320 
f 2307/2307/2307 2305/2305/2305 2320/2320/2320 
f 2320/2320/2320 2305/2305/2305 2303/2303/2303 
f 2305/2305/2305 2303/2303/2303 2303/2303/2303 
f 2303/2303/2303 2303/2303/2303 2303/2303/2303 
f 2303/2303/2303 2301/2301/2301 2303/2303/2303 
f 2303/2303/2303 2301/2301/2301 2320/2320/2320 
f 2301/2301/2301 2299/2299/2299 2320/2320/2320 
f 2320/2320/2320 2299/2299/2299 2297/2297/2297 
f 2299/2299/2299 2297/2297/2297 2297/2297/2297 
f 2297/2297/2297 2297/2297/2297 2297/2297/2297 
f 2297/2297/2297 2295/2295/2295 2297/2297/2297 
f 2297/2297/2297 2295/2295/2295 2320/2320/2320 
f 2295/2295/2295 2293/2293/2293 2320/2320/2320 
f 2320/2320/2320 2293/2293/2293 2291/2291/2291 
f 2293/2293/2293 2291/2291/2291 2291/2291/2291 
f 2291/2291/2291 2291/2291/2291 2291/2291/2291 
f 2291/2291/2291 2289/2289/2289 2291/2291/2291 
f 2291/2291/2291 2289/2289/2289 2320/2320/2320 
f 2289/2289/2289 2287/2287/2287 2320/2320/2320 
f 2320/2320/2320 2287/2287/2287 2285/2285/2285 
f 2287/2287/2287 2285/2285/2285 2285/2285/2285 
f 2285/2285/2285 2285/2285/2285 2321/2321/2321 
f 2285/2285/2285 2321/2321/2321 2321/2321/2321 
f 2321/2321/2321 2321/2321/2321 2321/2321/2321 
f 2321/2321/2321 2322/2322/2322 2321/2321/2321 
f 2321/2321/2321 2322/2322/2322 2323/2323/2323 
f 2322/2322/2322 2324/2324/2324 2323/2323/2323 
f 2323/2323/2323 2324/2324/2324 2325/2325/2325 
f 2324/2324/2324 2326/2326/2326 2325/2325/2325 
f 2325/2325/2325 2326/2326/2326 2327/2327/2327 
f 2326/2326/2326 2328/2328/2328 2327/2327/2327 
f 2327/2327/2327 2328/2328/2328 2329/2329/2329 
f 2328/2328/2328 2330/2330/2330 2329/2329/2329 
f 2329/2329/2329 2330/2330/2330 2331/2331/2331 
f 2330/2330/2330 2332/2332/2332 2331/2331/2331 
f 2331/2331/2331 2332/2332/2332 2333/2333/2333 
f 2332/2332/2332 2334/2334/2334 2333/2333/2333 
f 2333/2333/2333 2334/2334/2334 2335/2335/2335 
f 2334/2334/2334 2336/2336/2336 2335/2335/2335 
f 2335/2335/2335 2336/2336/2336 2337/2337/2337 
f 2336/2336/2336 2338/2338/2338 2337/2337/2337 
f 2337/2337/2337 2338/2338/2338 2339/2339/2339 
f 2338/2338/2338 2340/2340/2340 2339/2339/2339 
f 2339/2339/2339 2340/2340/2340 2341/2341/2341 
f 2340/2340/2340 2342/2342/2342 2341/2341/2341 
f 2341/2341/2341 2342/2342/2342 2343/2343/2343 
f 2342/2342/2342 2344/2344/2344 2343/2343/2343 
f 2343/2343/2343 2344/2344/2344 2345/2345/2345 
f 2344/2344/2344 2346/2346/2346 2345/2345/2345 
f 2345/2345/2345 2346/2346/2346 2347/2347/2347 
f 2346/2346/2346 2348/2348/2348 2347/2347/2347 
f 2347/2347/2347 2348/2348/2348 2349/2349/2349 
f 2348/2348/2348 2350/2350/2350 2349/2349/2349 
f 2349/2349/2349 2350/2350/2350 2351/2351/2351 
f 2350/2350/2350 2352/2352/2352 2351/2351/2351 
f 2351/2351/2351 2352/2352/2352 2353/2353/2353 
f 2352/2352/2352 2354/2354/2354 2353/2353/2353 
f 2353/2353/2353 2354/2354/2354 2355/2355/2355 
f 2354/2354/2354 2356/2356/2356 2355/2355/2355 
f 2355/2355/2355 2356/2356/2356 2321/2321/2321 
f 2356/2356/2356 2322/2322/2322 2321/2321/2321 
f 2321/2321/2321 2322/2322/2322 2322/2322/2322 
f 2322/2322/2322 2356/2356/2356 2322/2322/2322 
f 2322/2322/2322 2356/2356/2356 2357/2357/2357 
f 2356/2356/2356 2354/2354/2354 2357/2357/2357 
f 2357/2357/2357 2354/2354/2354 2352/2352/2352 
f 2354/2354/2354 2352/2352/2352 2352/2352/2352 
f 2352/2352/2352 2352/2352/2352 2352/2352/2352 
f 2352/2352/2352 2350/2350/2350 2352/2352/2352 
f 2352/2352/2352 2350/2350/2350 2357/2357/2357 
f 2350/2350/2350 2348/2348/2348 2357/2357/2357 
f 2357/2357/2357 2348/2348/2348 2346/2346/2346 
f 2348/2348/2348 2346/2346/2346 2346/2346/2346 
f 2346/2346/2346 2346/2346/2346 2346/2346/2346 
f 2346/2346/2346 2344/2344/2344 2346/2346/2346 
f 2346/2346/2346 2344/2344/2344 2357/2357/2357 
f 2344/2344/2344 2342/2342/2342 2357/2357/2357 
f 2357/2357/2357 2342/2342/2342 2340/2340/2340 
f 2342/2342/2342 2340/2340/2340 2340/2340/2340 
f 2340/2340/2340 2340/2340/2340 2340/2340/2340 
f 2340/2340/2340 2338/2338/2338 2340/2340/2340 
f 2340/2340/2340 2338/2338/2338 2357/2357/2357 
f 2338/2338/2338 2336/2336/2336 2357/2357/2357 
f 2357/2357/2357 2336/2336/2336 2334/2334/2334 
f 2336/2336/2336 2334/2334/2334 2334/2334/2334 
f 2334/2334/2334 2334/2334/2334 2334/2334/2334 
f 2334/2334/2334 2332/2332/2332 2334/2334/2334 
f 2334/2334/2334 2332/2332/2332 2357/2357/2357 
f 2332/2332/2332 2330/2330/2330 2357/2357/2357 
f 2357/2357/2357 2330/2330/2330 2328/2328/2328 
f 2330/2330/2330 2328/2328/2328 2328/2328/2328 
f 2328/2328/2328 2328/2328/2328 2328/2328/2328 
f 2328/2328/2328 2326/2326/2326 2328/2328/2328 
f 2328/2328/2328 2326/2326/2326 2357/2357/2357 
f 2326/2326/2326 2324/2324/2324 2357/2357/2357 
f 2357/2357/2357 2324/2324/2324 2322/2322/2322 
f 2324/2324/2324 2322/2322/2322 2322/2322/2322 
f 2322/2322/2322 2322/2322/2322 2358/2358/2358 
f 2322/2322/2322 2358/2358/2358 2358/2358/2358 
f 2358/2358/2358 2358/2358/2358 2358/2358/2358 
f 2358/2358/2358 2359/2359/2359 2358/2358/2358 
f 2358/2358/2358 2359/2359/2359 2360/2360/2360 
f 2359/2359/2359 2361/2361/2361 2360/2360/2360 
f 2360/2360/2360 2361/2361/2361 2362/2362/2362 
f 2361/2361/2361 2363/2363/2363 2362/2362/2362 
f 2362/2362/2362 2363/2363/2363 2364/2364/2364 
f 2363/2363/2363 2365/2365/2365 2364/2364/2364 
f 2364/2364/2364 2365/2365/2365 2366/2366/2366 
f 2365/2365/2365 2367/2367/2367 2366/2366/2366 
f 2366/2366/2366 2367/2367/2367 2368/2368/2368 
f 2367/2367/2367 2369/2369/2369 2368/2368/2368 
f 2368/2368/2368 2369/2369/2369 2370/2370/2370 
f 2369/2369/2369 2371/2371/2371 2370/2370/2370 
f 2370/2370/2370 2371/2371/2371 2372/2372/2372 
f 2371/2371/2371 2373/2373/2373 2372/2372/2372 
f 2372/2372/2372 2373/2373/2373 2374/2374/2374 
f 2373/2373/2373 2375/2375/2375 2374/2374/2374 
f 2374/2374/2374 2375/2375/2375 2376/2376/2376 
f 2375/2375/2375 2377/2377/2377 2376/2376/2376 
f 2376/2376/2376 2377/2377/2377 2378/2378/2378 
f 2377/2377/2377 2379/2379/2379 2378/2378/2378 
f 2378/2378/2378 2379/2379/2379 2380/2380/2380 
f 2379/2379/2379 2381/2381/2381 2380/2380/2380 
f 2380/2380/2380 2381/2381/2381 2382/2382/2382 
f 2381/2381/2381 2383/2383/2383 2382/2382/2382 
f 2382/2382/2382 2383/2383/2383 2384/2384/2384 
f 2383/2383/2383 2385/2385/2385 2384/2384/2384 
f 2384/2384/2384 2385/2385/2385 2386/2386/2386 
f 2385/2385/2385 2387/2387/2387 2386/2386/2386 
f 2386/2386/2386 2387/2387/2387 2388/2388/2388 
f 2387/2387/2387 2389/2389/2389 2388/2388/2388 
f 2388/2388/2388 2389/2389/2389 2390/2390/2390 
f 2389/2389/2389 2391/2391/2391 2390/2390/2390 
f 2390/2390/2390 2391/2391/2391 2392/2392/2392 
f 2391/2391/2391 2393/2393/2393 2392/2392/2392 
f 2392/2392/2392 2393/2393/2393 2394/2394/2394 
f 2393/2393/2393 2395/2395/2395 2394/2394/2394 
f 2394/2394/2394 2395/2395/2395 2396/2396/2396 
f 2395/2395/2395 2397/2397/2397 2396/2396/2396 
f 2396/2396/2396 2397/2397/2397 2398/2398/2398 
f 2397/2397/2397 2399/2399/2399 2398/2398/2398 
f 2398/2398/2398 2399/2399/2399 2400/2400/2400 
f 2399/2399/2399 2401/2401/2401 2400/2400/2400 
f 2400/2400/2400 2401/2401/2401 2358/2358/2358 
f 2401/2401/2401 2359/2359/2359 2358/2358/2358 
f 2358/2358/2358 2359/2359/2359 2359/2359/2359 
f 2359/2359/2359 2401/2401/2401 2359/2359/2359 
f 2359/2359/2359 2401/2401/2401 2401/2401/2401 
f 2401/2401/2401 2402/2402/2402 2401/2401/2401 
f 2401/2401/2401 2402/2402/2402 2359/2359/2359 
f 2402/2402/2402 2403/2403/2403 2359/2359/2359 
f 2359/2359/2359 2403/2403/2403 2361/2361/2361 
f 2403/2403/2403 2404/2404/2404 2361/2361/2361 
f 2361/2361/2361 2404/2404/2404 2363/2363/2363 
f 2404/2404/2404 2405/2405/2405 2363/2363/2363 
f 2363/2363/2363 2405/2405/2405 2365/2365/2365 
f 2405/2405/2405 2406/2406/2406 2365/2365/2365 
f 2365/2365/2365 2406/2406/2406 2367/2367/2367 
f 2406/2406/2406 2407/2407/2407 2367/2367/2367 
f 2367/2367/2367 2407/2407/2407 2369/2369/2369 
f 2407/2407/2407 2408/2408/2408 2369/2369/2369 
f 2369/2369/2369 2408/2408/2408 2371/2371/2371 
f 2408/2408/2408 2409/2409/2409 2371/2371/2371 
f 2371/2371/2371 2409/2409/2409 2373/2373/2373 
f 2409/2409/2409 2410/2410/2410 2373/2373/2373 
f 2373/2373/2373 2410/2410/2410 2375/2375/2375 
f 2410/2410/2410 2411/2411/2411 2375/2375/2375 
f 2375/2375/2375 2411/2411/2411 2377/2377/2377 
f 2411/2411/2411 2412/2412/2412 2377/2377/2377 
f 2377/2377/2377 2412/2412/2412 2379/2379/2379 
f 2412/2412/2412 2413/2413/2413 2379/2379/2379 
f 2379/2379/2379 2413/2413/2413 2381/2381/2381 
f 2413/2413/2413 2414/2414/2414 2381/2381/2381 
f 2381/2381/2381 2414/2414/2414 2383/2383/2383 
f 2414/2414/2414 2415/2415/2415 2383/2383/2383 
f 2383/2383/2383 2415/2415/2415 2385/2385/2385 
f 2415/2415/2415 2416/2416/2416 2385/2385/2385 
f 2385/2385/2385 2416/2416/2416 2387/2387/2387 
f 2416/2416/2416 2417/2417/2417 2387/2387/2387 
f 2387/2387/2387 2417/2417/2417 2389/2389/2389 
f 2417/2417/2417 2418/2418/2418 2389/2389/2389 
f 2389/2389/2389 2418/2418/2418 2391/2391/2391 
f 2418/2418/2418 2419/2419/2419 2391/2391/2391 
f 2391/2391/2391 2419/2419/2419 2393/2393/2393 
f 2419/2419/2419 2420/2420/2420 2393/2393/2393 
f 2393/2393/2393 2420/2420/2420 2395/2395/2395 
f 2420/2420/2420 2421/2421/2421 2395/2395/2395 
f 2395/2395/2395 2421/2421/2421 2397/2397/2397 
f 2421/2421/2421 2422/2422/2422 2397/2397/2397 
f 2397/2397/2397 2422/2422/2422 2399/2399/2399 
f 2422/2422/2422 2423/2423/2423 2399/2399/2399 
f 2399/2399/2399 2423/2423/2423 2401/2401/2401 
f 2423/2423/2423 2402/2402/2402 2401/2401/2401 
f 2401/2401/2401 2402/2402/2402 2402/2402/2402 
f 2402/2402/2402 2423/2423/2423 2402/2402/2402 
f 2402/2402/2402 2423/2423/2423 2423/2423/2423 
f 2423/2423/2423 2424/2424/2424 2423/2423/2423 
f 2423/2423/2423 2424/2424/2424 2402/2402/2402 
f 2424/2424/2424 2425/2425/2425 2402/2402/2402 
f 2402/2402/2402 2425/2425/2425 2403/2403/2403 
f 2425/2425/2425 2426/2426/2426 2403/2403/2403 
f 2403/2403/2403 2426/2426/2426 2404/2404/2404 
f 2426/2426/2426 2427/2427/2427 2404/2404/2404 
f 2404/2404/2404 2427/2427/2427 2405/2405/2405 
f 2427/2427/2427 2428/2428/2428 2405/2405/2405 
f 2405/2405/2405 2428/2428/2428 2406/2406/2406 
f 2428/2428/2428 2429/2429/2429 2406/2406/2406 
f 2406/2406/2406 2429/2429/2429 2407/2407/2407 
f 2429/2429/2429 2430/2430/2430 2407/2407/2407 
f 2407/2407/2407 2430/2430/2430 2408/2408/2408 
f 2430/2430/2430 2431/2431/2431 2408/2408/2408 
f 2408/2408/2408 2431/2431/2431 2409/2409/2409 
f 2431/2431/2431 2432/2432/2432 2409/2409/2409 
f 2409/2409/2409 2432/2432/2432 2410/2410/2410 
f 2432/2432/2432 2433/2433/2433 2410/2410/2410 
f 2410/2410/2410 2433/2433/2433 2411/2411/2411 
f 2433/2433/2433 2434/2434/2434 2411/2411/2411 
f 2411/2411/2411 2434/2434/2434 2412/2412/2412 
f 2434/2434/2434 2435/2435/2435 2412/2412/2412 
f 2412/2412/2412 2435/2435/2435 2413/2413/2413 
f 2435/2435/2435 2436/2436/2436 2413/2413/2413 
f 2413/2413/2413 2436/2436/2436 2414/2414/2414 
f 2436/2436/2436 2437/2437/2437 2414/2414/2414 
f 2414/2414/2414 2437/2437/2437 2415/2415/2415 
f 2437/2437/2437 2438/2438/2438 2415/2415/2415 
f 2415/2415/2415 2438/2438/2438 2416/2416/2416 
f 2438/2438/2438 2439/2439/2439 2416/2416/2416 
f 2416/2416/2416 2439/2439/2439 2417/2417/2417 
f 2439/2439/2439 2440/2440/2440 2417/2417/2417 
f 2417/2417/2417 2440/2440/2440 2418/2418/2418 
f 2440/2440/2440 2441/2441/2441 2418/2418/2418 
f 2418/2418/2418 2441/2441/2441 2419/2419/2419 
f 2441/2441/2441 2442/2442/2442 2419/2419/2419 
f 2419/2419/2419 2442/2442/2442 2420/2420/2420 
f 2442/2442/2442 2443/2443/2443 2420/2420/2420 
f 2420/2420/2420 2443/2443/2443 2421/2421/2421 
f 2443/2443/2443 2444/2444/2444 2421/2421/2421 
f 2421/2421/2421 2444/2444/2444 2422/2422/2422 
f 2444/2444/2444 2445/2445/2445 2422/2422/2422 
f 2422/2422/2422 2445/2445/2445 2423/2423/2423 
f 2445/2445/2445 2424/2424/2424 2423/2423/2423 
f 2423/2423/2423 2424/2424/2424 2424/2424/2424 
f 2424/2424/2424 2445/2445/2445 2424/2424/2424 
f 2424/2424/2424 2445/2445/2445 2446/2446/2446 
f 2445/2445/2445 2444/2444/2444 2446/2446/2446 
f 2446/2446/2446 2444/2444/2444 2443/2443/2443 
f 2444/2444/2444 2443/2443/2443 2443/2443/2443 
f 2443/2443/2443 2443/2443/2443 2443/2443/2443 
f 2443/2443/2443 2442/2442/2442 2443/2443/2443 
f 2443/2443/2443 2442/2442/2442 2446/2446/2446 
f 2442/2442/2442 2441/2441/2441 2446/2446/2446 
f 2446/2446/2446 2441/2441/2441 2440/2440/2440 
f 2441/2441/2441 2440/2440/2440 2440/2440/2440 
f 2440/2440/2440 2440/2440/2440 2440/2440/2440 
f 2440/2440/2440 2439/2439/2439 2440/2440/2440 
f 2440/2440/2440 2439/2439/2439 2446/2446/2446 
f 2439/2439/2439 2438/2438/2438 2446/2446/2446 
f 2446/2446/2446 2438/2438/2438 2437/2437/2437 
f 2438/2438/2438 2437/2437/2437 2437/2437/2437 
f 2437/2437/2437 2437/2437/2437 2437/2437/2437 
f 2437/2437/2437 2436/2436/2436 2437/2437/2437 
f 2437/2437/2437 2436/2436/2436 2446/2446/2446 
f 2436/2436/2436 2435/2435/2435 2446/2446/2446 
f 2446/2446/2446 2435/2435/2435 2434/2434/2434 
f 2435/2435/2435 2434/2434/2434 2434/2434/2434 
f 2434/2434/2434 2434/2434/2434 2434/2434/2434 
f 2434/2434/2434 2433/2433/2433 2434/2434/2434 
f 2434/2434/2434 2433/2433/2433 2446/2446/2446 
f 2433/2433/2433 2432/2432/2432 2446/2446/2446 
f 2446/2446/2446 2432/2432/2432 2431/2431/2431 
f 2432/2432/2432 2431/2431/2431 2431/2431/2431 
f 2431/2431/2431 2431/2431/2431 2431/2431/2431 
f 2431/2431/2431 2430/2430/2430 2431/2431/2431 
f 2431/2431/2431 2430/2430/2430 2446/2446/2446 
f 2430/2430/2430 2429/2429/2429 2446/2446/2446 
f 2446/2446/2446 2429/2429/2429 2428/2428/2428 
f 2429/2429/2429 2428/2428/2428 2428/2428/2428 
f 2428/2428/2428 2428/2428/2428 2428/2428/2428 
f 2428/2428/2428 2427/2427/2427 2428/2428/2428 
f 2428/2428/2428 2427/2427/2427 2446/2446/2446 
f 2427/2427/2427 2426/2426/2426 2446/2446/2446 
f 2446/2446/2446 2426/2426/2426 2425/2425/2425 
f 2426/2426/2426 2425/2425/2425 2425/2425/2425 
f 2425/2425/2425 2425/2425/2425 2447/2447/2447 
f 2425/2425/2425 2447/2447/2447 2447/2447/2447 
f 2447/2447/2447 2447/2447/2447 2447/2447/2447 
f 2447/2447/2447 2448/2448/2448 2447/2447/2447 
f 2447/2447/2447 2448/2448/2448 2449/2449/2449 
f 2448/2448/2448 2450/2450/2450 2449/2449/2449 
f 2449/2449/2449 2450/2450/2450 2451/2451/2451 
f 2450/2450/2450 2451/2451/2451 2451/2451/2451 
f 2451/2451/2451 2451/2451/2451 2451/2451/2451 
f 2451/2451/2451 2452/2452/2452 2451/2451/2451 
f 2451/2451/2451 2452/2452/2452 2449/2449/2449 
f 2452/2452/2452 2453/2453/2453 2449/2449/2449 
f 2449/2449/2449 2453/2453/2453 2454/2454/2454 
f 2453/2453/2453 2454/2454/2454 2454/2454/2454 
f 2454/2454/2454 2454/2454/2454 2454/2454/2454 
f 2454/2454/2454 2455/2455/2455 2454/2454/2454 
f 2454/2454/2454 2455/2455/2455 2449/2449/2449 
f 2455/2455/2455 2456/2456/2456 2449/2449/2449 
f 2449/2449/2449 2456/2456/2456 2457/2457/2457 
f 2456/2456/2456 2457/2457/2457 2457/2457/2457 
f 2457/2457/2457 2457/2457/2457 2457/2457/2457 
f 2457/2457/2457 2458/2458/2458 2457/2457/2457 
f 2457/2457/2457 2458/2458/2458 2449/2449/2449 
f 2458/2458/2458 2459/2459/2459 2449/2449/2449 
f 2449/2449/2449 2459/2459/2459 2447/2447/2447 
f 2459/2459/2459 2447/2447/2447 2447/2447/2447 
f 2447/2447/2447 2447/2447/2447 2460/2460/2460 
f 2447/2447/2447 2460/2460/2460 2460/2460/2460 
f 2460/2460/2460 2460/2460/2460 2460/2460/2460 
f 2460/2460/2460 2461/2461/2461 2460/2460/2460 
f 2460/2460/2460 2461/2461/2461 2462/2462/2462 
f 2461/2461/2461 2463/2463/2463 2462/2462/2462 
f 2462/2462/2462 2463/2463/2463 2464/2464/2464 
f 2463/2463/2463 2465/2465/2465 2464/2464/2464 
f 2464/2464/2464 2465/2465/2465 2466/2466/2466 
f 2465/2465/2465 2467/2467/2467 2466/2466/2466 
f 2466/2466/2466 2467/2467/2467 2468/2468/2468 
f 2467/2467/2467 2469/2469/2469 2468/2468/2468 
f 2468/2468/2468 2469/2469/2469 2470/2470/2470 
f 2469/2469/2469 2471/2471/2471 2470/2470/2470 
f 2470/2470/2470 2471/2471/2471 2472/2472/2472 
f 2471/2471/2471 2473/2473/2473 2472/2472/2472 
f 2472/2472/2472 2473/2473/2473 2474/2474/2474 
f 2473/2473/2473 2475/2475/2475 2474/2474/2474 
f 2474/2474/2474 2475/2475/2475 2476/2476/2476 
f 2475/2475/2475 2477/2477/2477 2476/2476/2476 
f 2476/2476/2476 2477/2477/2477 2478/2478/2478 
f 2477/2477/2477 2479/2479/2479 2478/2478/2478 
f 2478/2478/2478 2479/2479/2479 2480/2480/2480 
f 2479/2479/2479 2481/2481/2481 2480/2480/2480 
f 2480/2480/2480 2481/2481/2481 2482/2482/2482 
f 2481/2481/2481 2483/2483/2483 2482/2482/2482 
f 2482/2482/2482 2483/2483/2483 2484/2484/2484 
f 2483/2483/2483 2485/2485/2485 2484/2484/2484 
f 2484/2484/2484 2485/2485/2485 2486/2486/2486 
f 2485/2485/2485 2487/2487/2487 2486/2486/2486 
f 2486/2486/2486 2487/2487/2487 2488/2488/2488 
f 2487/2487/2487 2489/2489/2489 2488/2488/2488 
f 2488/2488/2488 2489/2489/2489 2490/2490/2490 
f 2489/2489/2489 2491/2491/2491 2490/2490/2490 
f 2490/2490/2490 2491/2491/2491 2492/2492/2492 
f 2491/2491/2491 2493/2493/2493 2492/2492/2492 
f 2492/2492/2492 2493/2493/2493 2494/2494/2494 
f 2493/2493/2493 2495/2495/2495 2494/2494/2494 
f 2494/2494/2494 2495/2495/2495 2460/2460/2460 
f 2495/2495/2495 2461/2461/2461 2460/2460/2460 
f 2460/2460/2460 2461/2461/2461 2461/2461/2461 
f 2461/2461/2461 2495/2495/2495 2461/2461/2461 
f 2461/2461/2461 2495/2495/2495 2496/2496/2496 
f 2495/2495/2495 2493/2493/2493 2496/2496/2496 
f 2496/2496/2496 2493/2493/2493 2491/2491/2491 
f 2493/2493/2493 2491/2491/2491 2491/2491/2491 
f 2491/2491/2491 2491/2491/2491 2491/2491/2491 
f 2491/2491/2491 2489/2489/2489 2491/2491/2491 
f 2491/2491/2491 2489/2489/2489 2496/2496/2496 
f 2489/2489/2489 2487/2487/2487 2496/2496/2496 
f 2496/2496/2496 2487/2487/2487 2485/2485/2485 
f 2487/2487/2487 2485/2485/2485 2485/2485/2485 
f 2485/2485/2485 2485/2485/2485 2485/2485/2485 
f 2485/2485/2485 2483/2483/2483 2485/2485/2485 
f 2485/2485/2485 2483/2483/2483 2496/2496/2496 
f 2483/2483/2483 2481/2481/2481 2496/2496/2496 
f 2496/2496/2496 2481/2481/2481 2479/2479/2479 
f 2481/2481/2481 2479/2479/2479 2479/2479/2479 
f 2479/2479/2479 2479/2479/2479 2479/2479/2479 
f 2479/2479/2479 2477/2477/2477 2479/2479/2479 
f 2479/2479/2479 2477/2477/2477 2496/2496/2496 
f 2477/2477/2477 2475/2475/2475 2496/2496/2496 
f 2496/2496/2496 2475/2475/2475 2473/2473/2473 
f 2475/2475/2475 2473/2473/2473 2473/2473/2473 
f 2473/2473/2473 2473/2473/2473 2473/2473/2473 
f 2473/2473/2473 2471/2471/2471 2473/2473/2473 
f 2473/2473/2473 2471/2471/2471 2496/2496/2496 
f 2471/2471/2471 2469/2469/2469 2496/2496/2496 
f 2496/2496/2496 2469/2469/2469 2467/2467/2467 
f 2469/2469/2469 2467/2467/2467 2467/2467/2467 
f 2467/2467/2467 2467/2467/2467 2467/2467/2467 
f 2467/2467/2467 2465/2465/2465 2467/2467/2467 
f 2467/2467/2467 2465/2465/2465 2496/2496/2496 
f 2465/2465/2465 2463/2463/2463 2496/2496/2496 
f 2496/2496/2496 2463/2463/2463 2461/2461/2461 
f 2463/2463/2463 2461/2461/2461 2461/2461/2461 
f 2461/2461/2461 2461/2461/2461 2497/2497/2497 
f 2461/2461/2461 2497/2497/2497 2497/2497/2497 
f 2497/2497/2497 2497/2497/2497 2497/2497/2497 
f 2497/2497/2497 2498/2498/2498 2497/2497/2497 
f 2497/2497/2497 2498/2498/2498 2499/2499/2499 
f 2498/2498/2498 2500/2500/2500 2499/2499/2499 
f 2499/2499/2499 2500/2500/2500 2501/2501/2501 
f 2500/2500/2500 2502/2502/2502 2501/2501/2501 
f 2501/2501/2501 2502/2502/2502 2503/2503/2503 
f 2502/2502/2502 2504/2504/2504 2503/2503/2503 
f 2503/2503/2503 2504/2504/2504 2505/2505/2505 
f 2504/2504/2504 2506/2506/2506 2505/2505/2505 
f 2505/2505/2505 2506/2506/2506 2507/2507/2507 
f 2506/2506/2506 2508/2508/2508 2507/2507/2507 
f 2507/2507/2507 2508/2508/2508 2509/2509/2509 
f 2508/2508/2508 2510/2510/2510 2509/2509/2509 
f 2509/2509/2509 2510/2510/2510 2511/2511/2511 
f 2510/2510/2510 2512/2512/2512 2511/2511/2511 
f 2511/2511/2511 2512/2512/2512 2513/2513/2513 
f 2512/2512/2512 2514/2514/2514 2513/2513/2513 
f 2513/2513/2513 2514/2514/2514 2515/2515/2515 
f 2514/2514/2514 2516/2516/2516 2515/2515/2515 
f 2515/2515/2515 2516/2516/2516 2517/2517/2517 
f 2516/2516/2516 2518/2518/2518 2517/2517/2517 
f 2517/2517/2517 2518/2518/2518 2519/2519/2519 
f 2518/2518/2518 2520/2520/2520 2519/2519/2519 
f 2519/2519/2519 2520/2520/2520 2521/2521/2521 
f 2520/2520/2520 2522/2522/2522 2521/2521/2521 
f 2521/2521/2521 2522/2522/2522 2523/2523/2523 
f 2522/2522/2522 2524/2524/2524 2523/2523/2523 
f 2523/2523/2523 2524/2524/2524 2525/2525/2525 
f 2524/2524/2524 2526/2526/2526 2525/2525/2525 
f 2525/2525/2525 2526/2526/2526 2527/2527/2527 
f 2526/2526/2526 2528/2528/2528 2527/2527/2527 
f 2527/2527/2527 2528/2528/2528 2529/2529/2529 
f 2528/2528/2528 2530/2530/2530 2529/2529/2529 
f 2529/2529/2529 2530/2530/2530 2531/2531/2531 
f 2530/2530/2530 2532/2532/2532 2531/2531/2531 
f 2531/2531/2531 2532/2532/2532 2497/2497/2497 
f 2532/2532/2532 2498/2498/2498 2497/2497/2497 
f 2497/2497/2497 2498/2498/2498 2498/2498/2498 
f 2498/2498/2498 2532/2532/2532 2498/2498/2498 
f 2498/2498/2498 2532/2532/2532 2533/2533/2533 
f 2532/2532/2532 2530/2530/2530 2533/2533/2533 
f 2533/2533/2533 2530/2530/2530 2528/2528/2528 
f 2530/2530/2530 2528/2528/2528 2528/2528/2528 
f 2528/2528/2528 2528/2528/2528 2528/2528/2528 
f 2528/2528/2528 2526/2526/2526 2528/2528/2528 
f 2528/2528/2528 2526/2526/2526 2533/2533/2533 
f 2526/2526/2526 2524/2524/2524 2533/2533/2533 
f 2533/2533/2533 2524/2524/2524 2522/2522/2522 
f 2524/2524/2524 2522/2522/2522 2522/2522/2522 
f 2522/2522/2522 2522/2522/2522 2522/2522/2522 
f 2522/2522/2522 2520/2520/2520 2522/2522/2522 
f 2522/2522/2522 2520/2520/2520 2533/2533/2533 
f 2520/2520/2520 2518/2518/2518 2533/2533/2533 
f 2533/2533/2533 2518/2518/2518 2516/2516/2516 
f 2518/2518/2518 2516/2516/2516 2516/2516/2516 
f 2516/2516/2516 2516/2516/2516 2516/2516/2516 
f 2516/2516/2516 2514/2514/2514 2516/2516/2516 
f 2516/2516/2516 2514/2514/2514 2533/2533/2533 
f 2514/2514/2514 2512/2512/2512 2533/2533/2533 
f 2533/2533/2533 2512/2512/2512 2510/2510/2510 
f 2512/2512/2512 2510/2510/2510 2510/2510/2510 
f 2510/2510/2510 2510/2510/2510 2510/2510/2510 
f 2510/2510/2510 2508/2508/2508 2510/2510/2510 
f 2510/2510/2510 2508/2508/2508 2533/2533/2533 
f 2508/2508/2508 2506/2506/2506 2533/2533/2533 
f 2533/2533/2533 2506/2506/2506 2504/2504/2504 
f 2506/2506/2506 2504/2504/2504 2504/2504/2504 
f 2504/2504/2504 2504/2504/2504 2504/2504/2504 
f 2504/2504/2504 2502/2502/2502 2504/2504/2504 
f 2504/2504/2504 2502/2502/2502 2533/2533/2533 
f 2502/2502/2502 2500/2500/2500 2533/2533/2533 
f 2533/2533/2533 2500/2500/2500 2498/2498/2498 
f 2500/2500/2500 2498/2498/2498 2498/2498/2498 
f 2498/2498/2498 2498/2498/2498 2534/2534/2534 
f 2498/2498/2498 2534/2534/2534 2534/2534/2534 
f 2534/2534/2534 2534/2534/2534 2534/2534/2534 
f 2534/2534/2534 2535/2535/2535 2534/2534/2534 
f 2534/2534/2534 2535/2535/2535 2536/2536/2536 
f 2535/2535/2535 2537/2537/2537 2536/2536/2536 
f 2536/2536/2536 2537/2537/2537 2538/2538/2538 
f 2537/2537/2537 2539/2539/2539 2538/2538/2538 
f 2538/2538/2538 2539/2539/2539 2540/2540/2540 
f 2539/2539/2539 2541/2541/2541 2540/2540/2540 
f 2540/2540/2540 2541/2541/2541 2542/2542/2542 
f 2541/2541/2541 2543/2543/2543 2542/2542/2542 
f 2542/2542/2542 2543/2543/2543 2544/2544/2544 
f 2543/2543/2543 2545/2545/2545 2544/2544/2544 
f 2544/2544/2544 2545/2545/2545 2546/2546/2546 
f 2545/2545/2545 2547/2547/2547 2546/2546/2546 
f 2546/2546/2546 2547/2547/2547 2548/2548/2548 
f 2547/2547/2547 2549/2549/2549 2548/2548/2548 
f 2548/2548/2548 2549/2549/2549 2550/2550/2550 
f 2549/2549/2549 2551/2551/2551 2550/2550/2550 
f 2550/2550/2550 2551/2551/2551 2552/2552/2552 
f 2551/2551/2551 2553/2553/2553 2552/2552/2552 
f 2552/2552/2552 2553/2553/2553 2554/2554/2554 
f 2553/2553/2553 2555/2555/2555 2554/2554/2554 
f 2554/2554/2554 2555/2555/2555 2556/2556/2556 
f 2555/2555/2555 2557/2557/2557 2556/2556/2556 
f 2556/2556/2556 2557/2557/2557 2558/2558/2558 
f 2557/2557/2557 2559/2559/2559 2558/2558/2558 
f 2558/2558/2558 2559/2559/2559 2560/2560/2560 
f 2559/2559/2559 2561/2561/2561 2560/2560/2560 
f 2560/2560/2560 2561/2561/2561 2562/2562/2562 
f 2561/2561/2561 2563/2563/2563 2562/2562/2562 
f 2562/2562/2562 2563/2563/2563 2564/2564/2564 
f 2563/2563/2563 2565/2565/2565 2564/2564/2564 
f 2564/2564/2564 2565/2565/2565 2566/2566/2566 
f 2565/2565/2565 2567/2567/2567 2566/2566/2566 
f 2566/2566/2566 2567/2567/2567 2568/2568/2568 
f 2567/2567/2567 2569/2569/2569 2568/2568/2568 
f 2568/2568/2568 2569/2569/2569 2534/2534/2534 
f 2569/2569/2569 2535/2535/2535 2534/2534/2534 
f 2534/2534/2534 2535/2535/2535 2535/2535/2535 
f 2535/2535/2535 2569/2569/2569 2535/2535/2535 
f 2535/2535/2535 2569/2569/2569 2570/2570/2570 
f 2569/2569/2569 2567/2567/2567 2570/2570/2570 
f 2570/2570/2570 2567/2567/2567 2565/2565/2565 
f 2567/2567/2567 2565/2565/2565 2565/2565/2565 
f 2565/2565/2565 2565/2565/2565 2565/2565/2565 
f 2565/2565/2565 2563/2563/2563 2565/2565/2565 
f 2565/2565/2565 2563/2563/2563 2570/2570/2570 
f 2563/2563/2563 2561/2561/2561 2570/2570/2570 
f 2570/2570/2570 2561/2561/2561 2559/2559/2559 
f 2561/2561/2561 2559/2559/2559 2559/2559/2559 
f 2559/2559/2559 2559/2559/2559 2559/2559/2559 
f 2559/2559/2559 2557/2557/2557 2559/2559/2559 
f 2559/2559/2559 2557/2557/2557 2570/2570/2570 
f 2557/2557/2557 2555/2555/2555 2570/2570/2570 
f 2570/2570/2570 2555/2555/2555 2553/2553/2553 
f 2555/2555/2555 2553/2553/2553 2553/2553/2553 
f 2553/2553/2553 2553/2553/2553 2553/2553/2553 
f 2553/2553/2553 2551/2551/2551 2553/2553/2553 
f 2553/2553/2553 2551/2551/2551 2570/2570/2570 
f 2551/2551/2551 2549/2549/2549 2570/2570/2570 
f 2570/2570/2570 2549/2549/2549 2547/2547/2547 
f 2549/2549/2549 2547/2547/2547 2547/2547/2547 
f 2547/2547/2547 2547/2547/2547 2547/2547/2547 
f 2547/2547/2547 2545/2545/2545 2547/2547/2547 
f 2547/2547/2547 2545/2545/2545 2570/2570/2570 
f 2545/2545/2545 2543/2543/2543 2570/2570/2570 
f 2570/2570/2570 2543/2543/2543 2541/2541/2541 
f 2543/2543/2543 2541/2541/2541 2541/2541/2541 
f 2541/2541/2541 2541/2541/2541 2541/2541/2541 
f 2541/2541/2541 2539/2539/2539 2541/2541/2541 
f 2541/2541/2541 2539/2539/2539 2570/2570/2570 
f 2539/2539/2539 2537/2537/2537 2570/2570/2570 
f 2570/2570/2570 2537/2537/2537 2535/2535/2535 
f 2537/2537/2537 2535/2535/2535 2535/2535/2535 
f 2535/2535/2535 2535/2535/2535 2571/2571/2571 
f 2535/2535/2535 2571/2571/2571 2571/2571/2571 
f 2571/2571/2571 2571/2571/2571 2571/2571/2571 
f 2571/2571/2571 2572/2572/2572 2571/2571/2571 
f 2571/2571/2571 2572/2572/2572 2573/2573/2573 
f 2572/2572/2572 2574/2574/2574 2573/2573/2573 
f 2573/2573/2573 2574/2574/2574 2575/2575/2575 
f 2574/2574/2574 2576/2576/2576 2575/2575/2575 
f 2575/2575/2575 2576/2576/2576 2577/2577/2577 
f 2576/2576/2576 2578/2578/2578 2577/2577/2577 
f 2577/2577/2577 2578/2578/2578 2579/2579/2579 
f 2578/2578/2578 2580/2580/2580 2579/2579/2579 
f 2579/2579/2579 2580/2580/2580 2581/2581/2581 
f 2580/2580/2580 2582/2582/2582 2581/2581/2581 
f 2581/2581/2581 2582/2582/2582 2583/2583/2583 
f 2582/2582/2582 2584/2584/2584 2583/2583/2583 
f 2583/2583/2583 2584/2584/2584 2585/2585/2585 
f 2584/2584/2584 2586/2586/2586 2585/2585/2585 
f 2585/2585/2585 2586/2586/2586 2587/2587/2587 
f 2586/2586/2586 2588/2588/2588 2587/2587/2587 
f 2587/2587/2587 2588/2588/2588 2589/2589/2589 
f 2588/2588/2588 2590/2590/2590 2589/2589/2589 
f 2589/2589/2589 2590/2590/2590 2591/2591/2591 
f 2590/2590/2590 2592/2592/2592 2591/2591/2591 
f 2591/2591/2591 2592/2592/2592 2593/2593/2593 
f 2592/2592/2592 2594/2594/2594 2593/2593/2593 
f 2593/2593/2593 2594/2594/2594 2595/2595/2595 
f 2594/2594/2594 2596/2596/2596 2595/2595/2595 
f 2595/2595/2595 2596/2596/2596 2597/2597/2597 
f 2596/2596/2596 2598/2598/2598 2597/2597/2597 
f 2597/2597/2597 2598/2598/2598 2599/2599/2599 
f 2598/2598/2598 2600/2600/2600 2599/2599/2599 
f 2599/2599/2599 2600/2600/2600 2601/2601/2601 
f 2600/2600/2600 2602/2602/2602 2601/2601/2601 
f 2601/2601/2601 2602/2602/2602 2603/2603/2603 
f 2602/2602/2602 2604/2604/2604 2603/2603/2603 
f 2603/2603/2603 2604/2604/2604 2605/2605/2605 
f 2604/2604/2604 2606/2606/2606 2605/2605/2605 
f 2605/2605/2605 2606/2606/2606 2571/2571/2571 
f 2606/2606/2606 2572/2572/2572 2571/2571/2571 
f 2571/2571/2571 2572/2572/2572 2572/2572/2572 
f 2572/2572/2572 2606/2606/2606 2572/2572/2572 
f 2572/2572/2572 2606/2606/2606 2607/2607/2607 
f 2606/2606/2606 2604/2604/2604 2607/2607/2607 
f 2607/2607/2607 2604/2604/2604 2602/2602/2602 
f 2604/2604/2604 2602/2602/2602 2602/2602/2602 
f 2602/2602/2602 2602/2602/2602 2602/2602/2602 
f 2602/2602/2602 2600/2600/2600 2602/2602/2602 
f 2602/2602/2602 2600/2600/2600 2607/2607/2607 
f 2600/2600/2600 2598/2598/2598 2607/2607/2607 
f 2607/2607/2607 2598/2598/2598 2596/2596/2596 
f 2598/2598/2598 2596/2596/2596 2596/2596/2596 
f 2596/2596/2596 2596/2596/2596 2596/2596/2596 
f 2596/2596/2596 2594/2594/2594 2596/2596/2596 
f 2596/2596/2596 2594/2594/2594 2607/2607/2607 
f 2594/2594/2594 2592/2592/2592 2607/2607/2607 
f 2607/2607/2607 2592/2592/2592 2590/2590/2590 
f 2592/2592/2592 2590/2590/2590 2590/2590/2590 
f 2590/2590/2590 2590/2590/2590 2590/2590/2590 
f 2590/2590/2590 2588/2588/2588 2590/2590/2590 
f 2590/2590/2590 2588/2588/2588 2607/2607/2607 
f 2588/2588/2588 2586/2586/2586 2607/2607/2607 
f 2607/2607/2607 2586/2586/2586 2584/2584/2584 
f 2586/2586/2586 2584/2584/2584 2584/2584/2584 
f 2584/2584/2584 2584/2584/2584 2584/2584/2584 
f 2584/2584/2584 2582/2582/2582 2584/2584/2584 
f 2584/2584/2584 2582/2582/2582 2607/2607/2607 
f 2582/2582/2582 2580/2580/2580 2607/2607/2607 
f 2607/2607/2607 2580/2580/2580 2578/2578/2578 
f 2580/2580/2580 2578/2578/2578 2578/2578/2578 
f 2578/2578/2578 2578/2578/2578 2578/2578/2578 
f 2578/2578/2578 2576/2576/2576 2578/2578/2578 
f 2578/2578/2578 2576/2576/2576 2607/2607/2607 
f 2576/2576/2576 2574/2574/2574 2607/2607/2607 
f 2607/2607/2607 2574/2574/2574 2572/2572/2572 
f 2574/2574/2574 2572/2572/2572 2572/2572/2572 
f 2572/2572/2572 2572/2572/2572 2608/2608/2608 
f 2572/2572/2572 2608/2608/2608 2608/2608/2608 
f 2608/2608/2608 2608/2608/2608 2608/2608/2608 
f 2608/2608/2608 2609/2609/2609 2608/2608/2608 
f 2608/2608/2608 2609/2609/2609 2610/2610/2610 
f 2609/2609/2609 2611/2611/2611 2610/2610/2610 
f 2610/2610/2610 2611/2611/2611 2612/2612/2612 
f 2611/2611/2611 2613/2613/2613 2612/2612/2612 
f 2612/2612/2612 2613/2613/2613 2614/2614/2614 
f 2613/2613/2613 2615/2615/2615 2614/2614/2614 
f 2614/2614/2614 2615/2615/2615 2616/2616/2616 
f 2615/2615/2615 2617/2617/2617 2616/2616/2616 
f 2616/2616/2616 2617/2617/2617 2618/2618/2618 
f 2617/2617/2617 2619/2619/2619 2618/2618/2618 
f 2618/2618/2618 2619/2619/2619 2620/2620/2620 
f 2619/2619/2619 2621/2621/2621 2620/2620/2620 
f 2620/2620/2620 2621/2621/2621 2622/2622/2622 
f 2621/2621/2621 2623/2623/2623 2622/2622/2622 
f 2622/2622/2622 2623/2623/2623 2624/2624/2624 
f 2623/2623/2623 2625/2625/2625 2624/2624/2624 
f 2624/2624/2624 2625/2625/2625 2626/2626/2626 
f 2625/2625/2625 2627/2627/2627 2626/2626/2626 
f 2626/2626/2626 2627/2627/2627 2628/2628/2628 
f 2627/2627/2627 2629/2629/2629 2628/2628/2628 
f 2628/2628/2628 2629/2629/2629 2630/2630/2630 
f 2629/2629/2629 2631/2631/2631 2630/2630/2630 
f 2630/2630/2630 2631/2631/2631 2632/2632/2632 
f 2631/2631/2631 2633/2633/2633 2632/2632/2632 
f 2632/2632/2632 2633/2633/2633 2634/2634/2634 
f 2633/2633/2633 2635/2635/2635 2634/2634/2634 
f 2634/2634/2634 2635/2635/2635 2636/2636/2636 
f 2635/2635/2635 2637/2637/2637 2636/2636/2636 
f 2636/2636/2636 2637/2637/2637 2638/2638/2638 
f 2637/2637/2637 2639/2639/2639 2638/2638/2638 
f 2638/2638/2638 2639/2639/2639 2640/2640/2640 
f 2639/2639/2639 2641/2641/2641 2640/2640/2640 
f 2640/2640/2640 2641/2641/2641 2642/2642/2642 
f 2641/2641/2641 2643/2643/2643 2642/2642/2642 
f 2642/2642/2642 2643/2643/2643 2608/2608/2608 
f 2643/2643/2643 2609/2609/2609 2608/2608/2608 
f 2608/2608/2608 2609/2609/2609 2609/2609/2609 
f 2609/2609/2609 2643/2643/2643 2609/2609/2609 
f 2609/2609/2609 2643/2643/2643 2644/2644/2644 
f 2643/2643/2643 2641/2641/2641 2644/2644/2644 
f 2644/2644/2644 2641/2641/2641 2639/2639/2639 
f 2641/2641/2641 2639/2639/2639 2639/2639/2639 
f 2639/2639/2639 2639/2639/2639 2639/2639/2639 
f 2639/2639/2639 2637/2637/2637 2639/2639/2639 
f 2639/2639/2639 2637/2637/2637 2644/2644/2644 
f 2637/2637/2637 2635/2635/2635 2644/2644/2644 
f 2644/2644/2644 2635/2635/2635 2633/2633/2633 
f 2635/2635/2635 2633/2633/2633 2633/2633/2633 
f 2633/2633/2633 2633/2633/2633 2633/2633/2633 
f 2633/2633/2633 2631/2631/2631 2633/2633/2633 
f 2633/2633/2633 2631/2631/2631 2644/2644/2644 
f 2631/2631/2631 2629/2629/2629 2644/2644/2644 
f 2644/2644/2644 2629/2629/2629 2627/2627/2627 
f 2629/2629/2629 2627/2627/2627 2627/2627/2627 
f 2627/2627/2627 2627/2627/2627 2627/2627/2627 
f 2627/2627/2627 2625/2625/2625 2627/2627/2627 
f 2627/2627/2627 2625/2625/2625 2644/2644/2644 
f 2625/2625/2625 2623/2623/2623 2644/2644/2644 
f 2644/2644/2644 2623/2623/2623 2621/2621/2621 
f 2623/2623/2623 2621/2621/2621 2621/2621/2621 
f 2621/2621/2621 2621/2621/2621 2621/2621/2621 
f 2621/2621/2621 2619/2619/2619 2621/2621/2621 
f 2621/2621/2621 2619/2619/2619 2644/2644/2644 
f 2619/2619/2619 2617/2617/2617 2644/2644/2644 
f 2644/2644/2644 2617/2617/2617 2615/2615/2615 
f 2617/2617/2617 2615/2615/2615 2615/2615/2615 
f 2615/2615/2615 2615/2615/2615 2615/2615/2615 
f 2615/2615/2615 2613/2613/2613 2615/2615/2615 
f 2615/2615/2615 2613/2613/2613 2644/2644/2644 
f 2613/2613/2613 2611/2611/2611 2644/2644/2644 
f 2644/2644/2644 2611/2611/2611 2609/2609/2609 
f 2611/2611/2611 2609/2609/2609 2609/2609/2609 
f 2609/2609/2609 2609/2609/2609 2645/2645/2645 
f 2609/2609/2609 2645/2645/2645 2645/2645/2645 
f 2645/2645/2645 2645/2645/2645 2645/2645/2645 
f 2645/2645/2645 2646/2646/2646 2645/2645/2645 
f 2645/2645/2645 2646/2646/2646 2647/2647/2647 
f 2646/2646/2646 2648/2648/2648 2647/2647/2647 
f 2647/2647/2647 2648/2648/2648 2649/2649/2649 
f 2648/2648/2648 2650/2650/2650 2649/2649/2649 
f 2649/2649/2649 2650/2650/2650 2651/2651/2651 
f 2650/2650/2650 2652/2652/2652 2651/2651/2651 
f 2651/2651/2651 2652/2652/2652 2645/2645/2645 
f 2652/2652/2652 2646/2646/2646 2645/2645/2645 
f 2645/2645/2645 2646/2646/2646 2646/2646/2646 
f 2646/2646/2646 2653/2653/2653 2646/2646/2646 
f 2646/2646/2646 2653/2653/2653 2653/2653/2653 
f 2653/2653/2653 2654/2654/2654 2653/2653/2653 
f 2653/2653/2653 2654/2654/2654 2655/2655/2655 
f 2654/2654/2654 2656/2656/2656 2655/2655/2655 
f 2655/2655/2655 2656/2656/2656 2657/2657/2657 
f 2656/2656/2656 2658/2658/2658 2657/2657/2657 
f 2657/2657/2657 2658/2658/2658 2659/2659/2659 
f 2658/2658/2658 2660/2660/2660 2659/2659/2659 
f 2659/2659/2659 2660/2660/2660 2653/2653/2653 
f 2660/2660/2660 2654/2654/2654 2653/2653/2653 
f 2653/2653/2653 2654/2654/2654 2654/2654/2654 
f 2654/2654/2654 2661/2661/2661 2654/2654/2654 
f 2654/2654/2654 2661/2661/2661 2661/2661/2661 
f 2661/2661/2661 2662/2662/2662 2661/2661/2661 
f 2661/2661/2661 2662/2662/2662 2663/2663/2663 
f 2662/2662/2662 2664/2664/2664 2663/2663/2663 
f 2663/2663/2663 2664/2664/2664 2665/2665/2665 
f 2664/2664/2664 2666/2666/2666 2665/2665/2665 
f 2665/2665/2665 2666/2666/2666 2667/2667/2667 
f 2666/2666/2666 2668/2668/2668 2667/2667/2667 
f 2667/2667/2667 2668/2668/2668 2669/2669/2669 
f 2668/2668/2668 2670/2670/2670 2669/2669/2669 
f 2669/2669/2669 2670/2670/2670 2671/2671/2671 
f 2670/2670/2670 2672/2672/2672 2671/2671/2671 
f 2671/2671/2671 2672/2672/2672 2673/2673/2673 
f 2672/2672/2672 2674/2674/2674 2673/2673/2673 
f 2673/2673/2673 2674/2674/2674 2675/2675/2675 
f 2674/2674/2674 2676/2676/2676 2675/2675/2675 
f 2675/2675/2675 2676/2676/2676 2677/2677/2677 
f 2676/2676/2676 2678/2678/2678 2677/2677/2677 
f 2677/2677/2677 2678/2678/2678 2679/2679/2679 
f 2678/2678/2678 2680/2680/2680 2679/2679/2679 
f 2679/2679/2679 2680/2680/2680 2681/2681/2681 
f 2680/2680/2680 2682/2682/2682 2681/2681/2681 
f 2681/2681/2681 2682/2682/2682 2683/2683/2683 
f 2682/2682/2682 2684/2684/2684 2683/2683/2683 
f 2683/2683/2683 2684/2684/2684 2685/2685/2685 
f 2684/2684/2684 2686/2686/2686 2685/2685/2685 
f 2685/2685/2685 2686/2686/2686 2687/2687/2687 
f 2686/2686/2686 2688/2688/2688 2687/2687/2687 
f 2687/2687/2687 2688/2688/2688 2689/2689/2689 
f 2688/2688/2688 2690/2690/2690 2689/2689/2689 
f 2689/2689/2689 2690/2690/2690 2691/2691/2691 
f 2690/2690/2690 2692/2692/2692 2691/2691/2691 
f 2691/2691/2691 2692/2692/2692 2693/2693/2693 
f 2692/2692/2692 2694/2694/2694 2693/2693/2693 
f 2693/2693/2693 2694/2694/2694 2695/2695/2695 
f 2694/2694/2694 2696/2696/2696 2695/2695/2695 
f 2695/2695/2695 2696/2696/2696 2661/2661/2661 
f 2696/2696/2696 2662/2662/2662 2661/2661/2661 
f 2661/2661/2661 2662/2662/2662 2662/2662/2662 
f 2662/2662/2662 2696/2696/2696 2662/2662/2662 
f 2662/2662/2662 2696/2696/2696 2696/2696/2696 
f 2696/2696/2696 2697/2697/2697 2696/2696/2696 
f 2696/2696/2696 2697/2697/2697 2662/2662/2662 
f 2697/2697/2697 2698/2698/2698 2662/2662/2662 
f 2662/2662/2662 2698/2698/2698 2664/2664/2664 
f 2698/2698/2698 2699/2699/2699 2664/2664/2664 
f 2664/2664/2664 2699/2699/2699 2666/2666/2666 
f 2699/2699/2699 2700/2700/2700 2666/2666/2666 
f 2666/2666/2666 2700/2700/2700 2668/2668/2668 
f 2700/2700/2700 2701/2701/2701 2668/2668/2668 
f 2668/2668/2668 2701/2701/2701 2670/2670/2670 
f 2701/2701/2701 2702/2702/2702 2670/2670/2670 
f 2670/2670/2670 2702/2702/2702 2672/2672/2672 
f 2702/2702/2702 2703/2703/2703 2672/2672/2672 
f 2672/2672/2672 2703/2703/2703 2674/2674/2674 
f 2703/2703/2703 2704/2704/2704 2674/2674/2674 
f 2674/2674/2674 2704/2704/2704 2676/2676/2676 
f 2704/2704/2704 2705/2705/2705 2676/2676/2676 
f 2676/2676/2676 2705/2705/2705 2678/2678/2678 
f 2705/2705/2705 2706/2706/2706 2678/2678/2678 
f 2678/2678/2678 2706/2706/2706 2680/2680/2680 
f 2706/2706/2706 2707/2707/2707 2680/2680/2680 
f 2680/2680/2680 2707/2707/2707 2682/2682/2682 
f 2707/2707/2707 2708/2708/2708 2682/2682/2682 
f 2682/2682/2682 2708/2708/2708 2684/2684/2684 
f 2708/2708/2708 2709/2709/2709 2684/2684/2684 
f 2684/2684/2684 2709/2709/2709 2686/2686/2686 
f 2709/2709/2709 2710/2710/2710 2686/2686/2686 
f 2686/2686/2686 2710/2710/2710 2688/2688/2688 
f 2710/2710/2710 2711/2711/2711 2688/2688/2688 
f 2688/2688/2688 2711/2711/2711 2690/2690/2690 
f 2711/2711/2711 2712/2712/2712 2690/2690/2690 
f 2690/2690/2690 2712/2712/2712 2692/2692/2692 
f 2712/2712/2712 2713/2713/2713 2692/2692/2692 
f 2692/2692/2692 2713/2713/2713 2694/2694/2694 
f 2713/2713/2713 2714/2714/2714 2694/2694/2694 
f 2694/2694/2694 2714/2714/2714 2696/2696/2696 
f 2714/2714/2714 2697/2697/2697 2696/2696/2696 
f 2696/2696/2696 2697/2697/2697 2697/2697/2697 
f 2697/2697/2697 2715/2715/2715 2697/2697/2697 
f 2697/2697/2697 2715/2715/2715 2715/2715/2715 
f 2715/2715/2715 2716/2716/2716 2715/2715/2715 
f 2715/2715/2715 2716/2716/2716 2717/2717/2717 
f 2716/2716/2716 2718/2718/2718 2717/2717/2717 
f 2717/2717/2717 2718/2718/2718 2719/2719/2719 
f 2718/2718/2718 2719/2719/2719 2719/2719/2719 
f 2719/2719/2719 2719/2719/2719 2719/2719/2719 
f 2719/2719/2719 2720/2720/2720 2719/2719/2719 
f 2719/2719/2719 2720/2720/2720 2717/2717/2717 
f 2720/2720/2720 2721/2721/2721 2717/2717/2717 
f 2717/2717/2717 2721/2721/2721 2722/2722/2722 
f 2721/2721/2721 2722/2722/2722 2722/2722/2722 
f 2722/2722/2722 2722/2722/2722 2722/2722/2722 
f 2722/2722/2722 2723/2723/2723 2722/2722/2722 
f 2722/2722/2722 2723/2723/2723 2717/2717/2717 
f 2723/2723/2723 2724/2724/2724 2717/2717/2717 
f 2717/2717/2717 2724/2724/2724 2725/2725/2725 
f 2724/2724/2724 2725/2725/2725 2725/2725/2725 
f 2725/2725/2725 2725/2725/2725 2725/2725/2725 
f 2725/2725/2725 2726/2726/2726 2725/2725/2725 
f 2725/2725/2725 2726/2726/2726 2717/2717/2717 
f 2726/2726/2726 2727/2727/2727 2717/2717/2717 
f 2717/2717/2717 2727/2727/2727 2728/2728/2728 
f 2727/2727/2727 2728/2728/2728 2728/2728/2728 
f 2728/2728/2728 2728/2728/2728 2728/2728/2728 
f 2728/2728/2728 2729/2729/2729 2728/2728/2728 
f 2728/2728/2728 2729/2729/2729 2717/2717/2717 
f 2729/2729/2729 2730/2730/2730 2717/2717/2717 
f 2717/2717/2717 2730/2730/2730 2731/2731/2731 
f 2730/2730/2730 2731/2731/2731 2731/2731/2731 
f 2731/2731/2731 2731/2731/2731 2731/2731/2731 
f 2731/2731/2731 2732/2732/2732 2731/2731/2731 
f 2731/2731/2731 2732/2732/2732 2717/2717/2717 
f 2732/2732/2732 2733/2733/2733 2717/2717/2717 
f 2717/2717/2717 2733/2733/2733 2715/2715/2715 
f 2733/2733/2733 2715/2715/2715 2715/2715/2715 
f 2715/2715/2715 2715/2715/2715 2734/2734/2734 
f 2715/2715/2715 2734/2734/2734 2734/2734/2734 
f 2734/2734/2734 2734/2734/2734 2734/2734/2734 
f 2734/2734/2734 2735/2735/2735 2734/2734/2734 
f 2734/2734/2734 2735/2735/2735 2736/2736/2736 
f 2735/2735/2735 2737/2737/2737 2736/2736/2736 
f 2736/2736/2736 2737/2737/2737 2738/2738/2738 
f 2737/2737/2737 2739/2739/2739 2738/2738/2738 
f 2738/2738/2738 2739/2739/2739 2740/2740/2740 
f 2739/2739/2739 2741/2741/2741 2740/2740/2740 
f 2740/2740/2740 2741/2741/2741 2742/2742/2742 
f 2741/2741/2741 2743/2743/2743 2742/2742/2742 
f 2742/2742/2742 2743/2743/2743 2744/2744/2744 
f 2743/2743/2743 2745/2745/2745 2744/2744/2744 
f 2744/2744/2744 2745/2745/2745 2746/2746/2746 
f 2745/2745/2745 2747/2747/2747 2746/2746/2746 
f 2746/2746/2746 2747/2747/2747 2748/2748/2748 
f 2747/2747/2747 2749/2749/2749 2748/2748/2748 
f 2748/2748/2748 2749/2749/2749 2750/2750/2750 
f 2749/2749/2749 2751/2751/2751 2750/2750/2750 
f 2750/2750/2750 2751/2751/2751 2752/2752/2752 
f 2751/2751/2751 2753/2753/2753 2752/2752/2752 
f 2752/2752/2752 2753/2753/2753 2754/2754/2754 
f 2753/2753/2753 2755/2755/2755 2754/2754/2754 
f 2754/2754/2754 2755/2755/2755 2756/2756/2756 
f 2755/2755/2755 2757/2757/2757 2756/2756/2756 
f 2756/2756/2756 2757/2757/2757 2758/2758/2758 
f 2757/2757/2757 2759/2759/2759 2758/2758/2758 
f 2758/2758/2758 2759/2759/2759 2760/2760/2760 
f 2759/2759/2759 2761/2761/2761 2760/2760/2760 
f 2760/2760/2760 2761/2761/2761 2762/2762/2762 
f 2761/2761/2761 2763/2763/2763 2762/2762/2762 
f 2762/2762/2762 2763/2763/2763 2764/2764/2764 
f 2763/2763/2763 2765/2765/2765 2764/2764/2764 
f 2764/2764/2764 2765/2765/2765 2766/2766/2766 
f 2765/2765/2765 2767/2767/2767 2766/2766/2766 
f 2766/2766/2766 2767/2767/2767 2768/2768/2768 
f 2767/2767/2767 2769/2769/2769 2768/2768/2768 
f 2768/2768/2768 2769/2769/2769 2734/2734/2734 
f 2769/2769/2769 2735/2735/2735 2734/2734/2734 
f 2734/2734/2734 2735/2735/2735 2735/2735/2735 
f 2735/2735/2735 2769/2769/2769 2735/2735/2735 
f 2735/2735/2735 2769/2769/2769 2770/2770/2770 
f 2769/2769/2769 2767/2767/2767 2770/2770/2770 
f 2770/2770/2770 2767/2767/2767 2765/2765/2765 
f 2767/2767/2767 2765/2765/2765 2765/2765/2765 
f 2765/2765/2765 2765/2765/2765 2765/2765/2765 
f 2765/2765/2765 2763/2763/2763 2765/2765/2765 
f 2765/2765/2765 2763/2763/2763 2770/2770/2770 
f 2763/2763/2763 2761/2761/2761 2770/2770/2770 
f 2770/2770/2770 2761/2761/2761 2759/2759/2759 
f 2761/2761/2761 2759/2759/2759 2759/2759/2759 
f 2759/2759/2759 2759/2759/2759 2759/2759/2759 
f 2759/2759/2759 2757/2757/2757 2759/2759/2759 
f 2759/2759/2759 2757/2757/2757 2770/2770/2770 
f 2757/2757/2757 2755/2755/2755 2770/2770/2770 
f 2770/2770/2770 2755/2755/2755 2753/2753/2753 
f 2755/2755/2755 2753/2753/2753 2753/2753/2753 
f 2753/2753/2753 2753/2753/2753 2753/2753/2753 
f 2753/2753/2753 2751/2751/2751 2753/2753/2753 
f 2753/2753/2753 2751/2751/2751 2770/2770/2770 
f 2751/2751/2751 2749/2749/2749 2770/2770/2770 
f 2770/2770/2770 2749/2749/2749 2747/2747/2747 
f 2749/2749/2749 2747/2747/2747 2747/2747/2747 
f 2747/2747/2747 2747/2747/2747 2747/2747/2747 
f 2747/2747/2747 2745/2745/2745 2747/2747/2747 
f 2747/2747/2747 2745/2745/2745 2770/2770/2770 
f 2745/2745/2745 2743/2743/2743 2770/2770/2770 
f 2770/2770/2770 2743/2743/2743 2741/2741/2741 
f 2743/2743/2743 2741/2741/2741 2741/2741/2741 
f 2741/2741/2741 2741/2741/2741 2741/2741/2741 
f 2741/2741/2741 2739/2739/2739 2741/2741/2741 
f 2741/2741/2741 2739/2739/2739 2770/2770/2770 
f 2739/2739/2739 2737/2737/2737 2770/2770/2770 
f 2770/2770/2770 2737/2737/2737 2735/2735/2735 
f 2737/2737/2737 2735/2735/2735 2735/2735/2735 
f 2735/2735/2735 2735/2735/2735 2771/2771/2771 
f 2735/2735/2735 2771/2771/2771 2771/2771/2771 
f 2771/2771/2771 2771/2771/2771 2771/2771/2771 
f 2771/2771/2771 2772/2772/2772 2771/2771/2771 
f 2771/2771/2771 2772/2772/2772 2773/2773/2773 
f 2772/2772/2772 2774/2774/2774 2773/2773/2773 
f 2773/2773/2773 2774/2774/2774 2775/2775/2775 
f 2774/2774/2774 2776/2776/2776 2775/2775/2775 
f 2775/2775/2775 2776/2776/2776 2777/2777/2777 
f 2776/2776/2776 2778/2778/2778 2777/2777/2777 
f 2777/2777/2777 2778/2778/2778 2779/2779/2779 
f 2778/2778/2778 2780/2780/2780 2779/2779/2779 
f 2779/2779/2779 2780/2780/2780 2781/2781/2781 
f 2780/2780/2780 2782/2782/2782 2781/2781/2781 
f 2781/2781/2781 2782/2782/2782 2783/2783/2783 
f 2782/2782/2782 2784/2784/2784 2783/2783/2783 
f 2783/2783/2783 2784/2784/2784 2785/2785/2785 
f 2784/2784/2784 2786/2786/2786 2785/2785/2785 
f 2785/2785/2785 2786/2786/2786 2787/2787/2787 
f 2786/2786/2786 2788/2788/2788 2787/2787/2787 
f 2787/2787/2787 2788/2788/2788 2789/2789/2789 
f 2788/2788/2788 2790/2790/2790 2789/2789/2789 
f 2789/2789/2789 2790/2790/2790 2791/2791/2791 
f 2790/2790/2790 2792/2792/2792 2791/2791/2791 
f 2791/2791/2791 2792/2792/2792 2793/2793/2793 
f 2792/2792/2792 2794/2794/2794 2793/2793/2793 
f 2793/2793/2793 2794/2794/2794 2795/2795/2795 
f 2794/2794/2794 2796/2796/2796 2795/2795/2795 
f 2795/2795/2795 2796/2796/2796 2797/2797/2797 
f 2796/2796/2796 2798/2798/2798 2797/2797/2797 
f 2797/2797/2797 2798/2798/2798 2799/2799/2799 
f 2798/2798/2798 2800/2800/2800 2799/2799/2799 
f 2799/2799/2799 2800/2800/2800 2801/2801/2801 
f 2800/2800/2800 2802/2802/2802 2801/2801/2801 
f 2801/2801/2801 2802/2802/2802 2803/2803/2803 
f 2802/2802/2802 2804/2804/2804 2803/2803/2803 
f 2803/2803/2803 2804/2804/2804 2805/2805/2805 
f 2804/2804/2804 2806/2806/2806 2805/2805/2805 
f 2805/2805/2805 2806/2806/2806 2771/2771/2771 
f 2806/2806/2806 2772/2772/2772 2771/2771/2771 
f 2771/2771/2771 2772/2772/2772 2772/2772/2772 
f 2772/2772/2772 2806/2806/2806 2772/2772/2772 
f 2772/2772/2772 2806/2806/2806 2807/2807/2807 
f 2806/2806/2806 2804/2804/2804 2807/2807/2807 
f 2807/2807/2807 2804/2804/2804 2802/2802/2802 
f 2804/2804/2804 2802/2802/2802 2802/2802/2802 
f 2802/2802/2802 2802/2802/2802 2802/2802/2802 
f 2802/2802/2802 2800/2800/2800 2802/2802/2802 
f 2802/2802/2802 2800/2800/2800 2807/2807/2807 
f 2800/2800/2800 2798/2798/2798 2807/2807/2807 
f 2807/2807/2807 2798/2798/2798 2796/2796/2796 
f 2798/2798/2798 2796/2796/2796 2796/2796/2796 
f 2796/2796/2796 2796/2796/2796 2796/2796/2796 
f 2796/2796/2796 2794/2794/2794 2796/2796/2796 
f 2796/2796/2796 2794/2794/2794 2807/2807/2807 
f 2794/2794/2794 2792/2792/2792 2807/2807/2807 
f 2807/2807/2807 2792/2792/2792 2790/2790/2790 
f 2792/2792/2792 2790/2790/2790 2790/2790/2790 
f 2790/2790/2790 2790/2790/2790 2790/2790/2790 
f 2790/2790/2790 2788/2788/2788 2790/2790/2790 
f 2790/2790/2790 2788/2788/2788 2807/2807/2807 
f 2788/2788/2788 2786/2786/2786 2807/2807/2807 
f 2807/2807/2807 2786/2786/2786 2784/2784/2784 
f 2786/2786/2786 2784/2784/2784 2784/2784/2784 
f 2784/2784/2784 2784/2784/2784 2784/2784/2784 
f 2784/2784/2784 2782/2782/2782 2784/2784/2784 
f 2784/2784/2784 2782/2782/2782 2807/2807/2807 
f 2782/2782/2782 2780/2780/2780 2807/2807/2807 
f 2807/2807/2807 2780/2780/2780 2778/2778/2778 
f 2780/2780/2780 2778/2778/2778 2778/2778/2778 
f 2778/2778/2778 2778/2778/2778 2778/2778/2778 
f 2778/2778/2778 2776/2776/2776 2778/2778/2778 
f 2778/2778/2778 2776/2776/2776 2807/2807/2807 
f 2776/2776/2776 2774/2774/2774 2807/2807/2807 
f 2807/2807/2807 2774/2774/2774 2772/2772/2772 
f 2774/2774/2774 2772/2772/2772 2772/2772/2772 
f 2772/2772/2772 2772/2772/2772 2808/2808/2808 
f 2772/2772/2772 2808/2808/2808 2808/2808/2808 
f 2808/2808/2808 2808/2808/2808 2808/2808/2808 
f 2808/2808/2808 2809/2809/2809 2808/2808/2808 
f 2808/2808/2808 2809/2809/2809 2810/2810/2810 
f 2809/2809/2809 2811/2811/2811 2810/2810/2810 
f 2810/2810/2810 2811/2811/2811 2812/2812/2812 
f 2811/2811/2811 2813/2813/2813 2812/2812/2812 
f 2812/2812/2812 2813/2813/2813 2814/2814/2814 
f 2813/2813/2813 2815/2815/2815 2814/2814/2814 
f 2814/2814/2814 2815/2815/2815 2816/2816/2816 
f 2815/2815/2815 2817/2817/2817 2816/2816/2816 
f 2816/2816/2816 2817/2817/2817 2818/2818/2818 
f 2817/2817/2817 2819/2819/2819 2818/2818/2818 
f 2818/2818/2818 2819/2819/2819 2820/2820/2820 
f 2819/2819/2819 2821/2821/2821 2820/2820/2820 
f 2820/2820/2820 2821/2821/2821 2822/2822/2822 
f 2821/2821/2821 2823/2823/2823 2822/2822/2822 
f 2822/2822/2822 2823/2823/2823 2824/2824/2824 
f 2823/2823/2823 2825/2825/2825 2824/2824/2824 
f 2824/2824/2824 2825/2825/2825 2826/2826/2826 
f 2825/2825/2825 2827/2827/2827 2826/2826/2826 
f 2826/2826/2826 2827/2827/2827 2828/2828/2828 
f 2827/2827/2827 2829/2829/2829 2828/2828/2828 
f 2828/2828/2828 2829/2829/2829 2830/2830/2830 
f 2829/2829/2829 2831/2831/2831 2830/2830/2830 
f 2830/2830/2830 2831/2831/2831 2832/2832/2832 
f 2831/2831/2831 2833/2833/2833 2832/2832/2832 
f 2832/2832/2832 2833/2833/2833 2834/2834/2834 
f 2833/2833/2833 2835/2835/2835 2834/2834/2834 
f 2834/2834/2834 2835/2835/2835 2836/2836/2836 
f 2835/2835/2835 2837/2837/2837 2836/2836/2836 
f 2836/2836/2836 2837/2837/2837 2838/2838/2838 
f 2837/2837/2837 2839/2839/2839 2838/2838/2838 
f 2838/2838/2838 2839/2839/2839 2840/2840/2840 
f 2839/2839/2839 2841/2841/2841 2840/2840/2840 
f 2840/2840/2840 2841/2841/2841 2842/2842/2842 
f 2841/2841/2841 2843/2843/2843 2842/2842/2842 
f 2842/2842/2842 2843/2843/2843 2808/2808/2808 
f 2843/2843/2843 2809/2809/2809 2808/2808/2808 
f 2808/2808/2808 2809/2809/2809 2809/2809/2809 
f 2809/2809/2809 2843/2843/2843 2809/2809/2809 
f 2809/2809/2809 2843/2843/2843 2844/2844/2844 
f 2843/2843/2843 2841/2841/2841 2844/2844/2844 
f 2844/2844/2844 2841/2841/2841 2839/2839/2839 
f 2841/2841/2841 2839/2839/2839 2839/2839/2839 
f 2839/2839/2839 2839/2839/2839 2839/2839/2839 
f 2839/2839/2839 2837/2837/2837 2839/2839/2839 
f 2839/2839/2839 2837/2837/2837 2844/2844/2844 
f 2837/2837/2837 2835/2835/2835 2844/2844/2844 
f 2844/2844/2844 2835/2835/2835 2833/2833/2833 
f 2835/2835/2835 2833/2833/2833 2833/2833/2833 
f 2833/2833/2833 2833/2833/2833 2833/2833/2833 
f 2833/2833/2833 2831/2831/2831 2833/2833/2833 
f 2833/2833/2833 2831/2831/2831 2844/2844/2844 
f 2831/2831/2831 2829/2829/2829 2844/2844/2844 
f 2844/2844/2844 2829/2829/2829 2827/2827/2827 
f 2829/2829/2829 2827/2827/2827 2827/2827/2827 
f 2827/2827/2827 2827/2827/2827 2827/2827/2827 
f 2827/2827/2827 2825/2825/2825 2827/2827/2827 
f 2827/2827/2827 2825/2825/2825 2844/2844/2844 
f 2825/2825/2825 2823/2823/2823 2844/2844/2844 
f 2844/2844/2844 2823/2823/2823 2821/2821/2821 
f 2823/2823/2823 2821/2821/2821 2821/2821/2821 
f 2821/2821/2821 2821/2821/2821 2821/2821/2821 
f 2821/2821/2821 2819/2819/2819 2821/2821/2821 
f 2821/2821/2821 2819/2819/2819 2844/2844/2844 
f 2819/2819/2819 2817/2817/2817 2844/2844/2844 
f 2844/2844/2844 2817/2817/2817 2815/2815/2815 
f 2817/2817/2817 2815/2815/2815 2815/2815/2815 
f 2815/2815/2815 2815/2815/2815 2815/2815/2815 
f 2815/2815/2815 2813/2813/2813 2815/2815/2815 
f 2815/2815/2815 2813/2813/2813 2844/2844/2844 
f 2813/2813/2813 2811/2811/2811 2844/2844/2844 
f 2844/2844/2844 2811/2811/2811 2809/2809/2809 
f 2811/2811/2811 2809/2809/2809 2809/2809/2809 
f 2809/2809/2809 2809/2809/2809 2845/2845/2845 
f 2809/2809/2809 2845/2845/2845 2845/2845/2845 
f 2845/2845/2845 2845/2845/2845 2845/2845/2845 
f 2845/2845/2845 2846/2846/2846 2845/2845/2845 
f 2845/2845/2845 2846/2846/2846 2847/2847/2847 
f 2846/2846/2846 2848/2848/2848 2847/2847/2847 
f 2847/2847/2847 2848/2848/2848 2849/2849/2849 
f 2848/2848/2848 2850/2850/2850 2849/2849/2849 
f 2849/2849/2849 2850/2850/2850 2851/2851/2851 
f 2850/2850/2850 2852/2852/2852 2851/2851/2851 
f 2851/2851/2851 2852/2852/2852 2853/2853/2853 
f 2852/2852/2852 2854/2854/2854 2853/2853/2853 
f 2853/2853/2853 2854/2854/2854 2855/2855/2855 
f 2854/2854/2854 2856/2856/2856 2855/2855/2855 
f 2855/2855/2855 2856/2856/2856 2857/2857/2857 
f 2856/2856/2856 2858/2858/2858 2857/2857/2857 
f 2857/2857/2857 2858/2858/2858 2858/2858/2858 
f 2858/2858/2858 2847/2847/2847 2858/2858/2858 
f 2858/2858/2858 2847/2847/2847 2847/2847/2847 
f 2847/2847/2847 2849/2849/2849 2847/2847/2847 
f 2847/2847/2847 2849/2849/2849 2859/2859/2859 
f 2849/2849/2849 2860/2860/2860 2859/2859/2859 
f 2859/2859/2859 2860/2860/2860 2861/2861/2861 
f 2860/2860/2860 2862/2862/2862 2861/2861/2861 
f 2861/2861/2861 2862/2862/2862 2863/2863/2863 
f 2862/2862/2862 2864/2864/2864 2863/2863/2863 
f 2863/2863/2863 2864/2864/2864 2865/2865/2865 
f 2864/2864/2864 2853/2853/2853 2865/2865/2865 
f 2865/2865/2865 2853/2853/2853 2866/2866/2866 
f 2853/2853/2853 2855/2855/2855 2866/2866/2866 
f 2866/2866/2866 2855/2855/2855 2857/2857/2857 
f 2855/2855/2855 2857/2857/2857 2857/2857/2857 
f 2857/2857/2857 2857/2857/2857 2853/2853/2853 
f 2857/2857/2857 2853/2853/2853 2853/2853/2853 
f 2853/2853/2853 2853/2853/2853 2853/2853/2853 
f 2853/2853/2853 2864/2864/2864 2853/2853/2853 
f 2853/2853/2853 2864/2864/2864 2851/2851/2851 
f 2864/2864/2864 2860/2860/2860 2851/2851/2851 
f 2851/2851/2851 2860/2860/2860 2849/2849/2849 
f 2860/2860/2860 2849/2849/2849 2849/2849/2849 
f 2849/2849/2849 2849/2849/2849 2848/2848/2848 
f 2849/2849/2849 2848/2848/2848 2848/2848/2848 
f 2848/2848/2848 2848/2848/2848 2848/2848/2848 
f 2848/2848/2848 2867/2867/2867 2848/2848/2848 
f 2848/2848/2848 2867/2867/2867 2850/2850/2850 
f 2867/2867/2867 2868/2868/2868 2850/2850/2850 
f 2850/2850/2850 2868/2868/2868 2852/2852/2852 
f 2868/2868/2868 2854/2854/2854 2852/2852/2852 
f 2852/2852/2852 2854/2854/2854 2854/2854/2854 
f 2854/2854/2854 2848/2848/2848 2854/2854/2854 
f 2854/2854/2854 2848/2848/2848 2848/2848/2848 
f 2848/2848/2848 2869/2869/2869 2848/2848/2848 
f 2848/2848/2848 2869/2869/2869 2867/2867/2867 
f 2869/2869/2869 2870/2870/2870 2867/2867/2867 
f 2867/2867/2867 2870/2870/2870 2871/2871/2871 
f 2870/2870/2870 2872/2872/2872 2871/2871/2871 
f 2871/2871/2871 2872/2872/2872 2868/2868/2868 
f 2872/2872/2872 2873/2873/2873 2868/2868/2868 
f 2868/2868/2868 2873/2873/2873 2854/2854/2854 
f 2873/2873/2873 2874/2874/2874 2854/2854/2854 
f 2854/2854/2854 2874/2874/2874 2875/2875/2875 
f 2874/2874/2874 2876/2876/2876 2875/2875/2875 
f 2875/2875/2875 2876/2876/2876 2877/2877/2877 
f 2876/2876/2876 2878/2878/2878 2877/2877/2877 
f 2877/2877/2877 2878/2878/2878 2879/2879/2879 
f 2878/2878/2878 2880/2880/2880 2879/2879/2879 
f 2879/2879/2879 2880/2880/2880 2881/2881/2881 
f 2880/2880/2880 2881/2881/2881 2881/2881/2881 
f 2881/2881/2881 2881/2881/2881 2879/2879/2879 
f 2881/2881/2881 2879/2879/2879 2879/2879/2879 
f 2879/2879/2879 2879/2879/2879 2879/2879/2879 
f 2879/2879/2879 2881/2881/2881 2879/2879/2879 
f 2879/2879/2879 2881/2881/2881 2877/2877/2877 
f 2881/2881/2881 2882/2882/2882 2877/2877/2877 
f 2877/2877/2877 2882/2882/2882 2875/2875/2875 
f 2882/2882/2882 2858/2858/2858 2875/2875/2875 
f 2875/2875/2875 2858/2858/2858 2856/2856/2856 
f 2858/2858/2858 2856/2856/2856 2856/2856/2856 
f 2856/2856/2856 2856/2856/2856 2848/2848/2848 
f 2856/2856/2856 2848/2848/2848 2848/2848/2848 
f 2848/2848/2848 2848/2848/2848 2848/2848/2848 
f 2848/2848/2848 2846/2846/2846 2848/2848/2848 
f 2848/2848/2848 2846/2846/2846 2869/2869/2869 
f 2846/2846/2846 2883/2883/2883 2869/2869/2869 
f 2869/2869/2869 2883/2883/2883 2884/2884/2884 
f 2883/2883/2883 2885/2885/2885 2884/2884/2884 
f 2884/2884/2884 2885/2885/2885 2886/2886/2886 
f 2885/2885/2885 2887/2887/2887 2886/2886/2886 
f 2886/2886/2886 2887/2887/2887 2888/2888/2888 
f 2887/2887/2887 2889/2889/2889 2888/2888/2888 
f 2888/2888/2888 2889/2889/2889 2890/2890/2890 
f 2889/2889/2889 2890/2890/2890 2890/2890/2890 
f 2890/2890/2890 2890/2890/2890 2884/2884/2884 
f 2890/2890/2890 2884/2884/2884 2884/2884/2884 
f 2884/2884/2884 2884/2884/2884 2884/2884/2884 
f 2884/2884/2884 2886/2886/2886 2884/2884/2884 
f 2884/2884/2884 2886/2886/2886 2870/2870/2870 
f 2886/2886/2886 2891/2891/2891 2870/2870/2870 
f 2870/2870/2870 2891/2891/2891 2872/2872/2872 
f 2891/2891/2891 2892/2892/2892 2872/2872/2872 
f 2872/2872/2872 2892/2892/2892 2893/2893/2893 
f 2892/2892/2892 2894/2894/2894 2893/2893/2893 
f 2893/2893/2893 2894/2894/2894 2895/2895/2895 
f 2894/2894/2894 2896/2896/2896 2895/2895/2895 
f 2895/2895/2895 2896/2896/2896 2897/2897/2897 
f 2896/2896/2896 2898/2898/2898 2897/2897/2897 
f 2897/2897/2897 2898/2898/2898 2878/2878/2878 
f 2898/2898/2898 2899/2899/2899 2878/2878/2878 
f 2878/2878/2878 2899/2899/2899 2880/2880/2880 
f 2899/2899/2899 2880/2880/2880 2880/2880/2880 
f 2880/2880/2880 2880/2880/2880 2892/2892/2892 
f 2880/2880/2880 2892/2892/2892 2892/2892/2892 
f 2892/2892/2892 2892/2892/2892 2892/2892/2892 
f 2892/2892/2892 2891/2891/2891 2892/2892/2892 
f 2892/2892/2892 2891/2891/2891 2900/2900/2900 
f 2891/2891/2891 2886/2886/2886 2900/2900/2900 
f 2900/2900/2900 2886/2886/2886 2901/2901/2901 
f 2886/2886/2886 2888/2888/2888 2901/2901/2901 
f 2901/2901/2901 2888/2888/2888 2890/2890/2890 
f 2888/2888/2888 2890/2890/2890 2890/2890/2890 
f 2890/2890/2890 2890/2890/2890 2890/2890/2890 
f 2890/2890/2890 2902/2902/2902 2890/2890/2890 
f 2890/2890/2890 2902/2902/2902 2901/2901/2901 
f 2902/2902/2902 2903/2903/2903 2901/2901/2901 
f 2901/2901/2901 2903/2903/2903 2904/2904/2904 
f 2903/2903/2903 2905/2905/2905 2904/2904/2904 
f 2904/2904/2904 2905/2905/2905 2894/2894/2894 
f 2905/2905/2905 2906/2906/2906 2894/2894/2894 
f 2894/2894/2894 2906/2906/2906 2896/2896/2896 
f 2906/2906/2906 2907/2907/2907 2896/2896/2896 
f 2896/2896/2896 2907/2907/2907 2908/2908/2908 
f 2907/2907/2907 2908/2908/2908 2908/2908/2908 
f 2908/2908/2908 2908/2908/2908 2907/2907/2907 
f 2908/2908/2908 2907/2907/2907 2907/2907/2907 
f 2907/2907/2907 2907/2907/2907 2907/2907/2907 
f 2907/2907/2907 2906/2906/2906 2907/2907/2907 
f 2907/2907/2907 2906/2906/2906 2909/2909/2909 
f 2906/2906/2906 2905/2905/2905 2909/2909/2909 
f 2909/2909/2909 2905/2905/2905 2910/2910/2910 
f 2905/2905/2905 2911/2911/2911 2910/2910/2910 
f 2910/2910/2910 2911/2911/2911 2912/2912/2912 
f 2911/2911/2911 2903/2903/2903 2912/2912/2912 
f 2912/2912/2912 2903/2903/2903 2902/2902/2902 
f 2903/2903/2903 2902/2902/2902 2902/2902/2902 
f 2902/2902/2902 2902/2902/2902 2878/2878/2878 
f 2902/2902/2902 2878/2878/2878 2878/2878/2878 
f 2878/2878/2878 2878/2878/2878 2878/2878/2878 
f 2878/2878/2878 2876/2876/2876 2878/2878/2878 
f 2878/2878/2878 2876/2876/2876 2897/2897/2897 
f 2876/2876/2876 2913/2913/2913 2897/2897/2897 
f 2897/2897/2897 2913/2913/2913 2893/2893/2893 
f 2913/2913/2913 2872/2872/2872 2893/2893/2893 
f 2893/2893/2893 2872/2872/2872 2872/2872/2872 
f 2872/2872/2872 2876/2876/2876 2872/2872/2872 
f 2872/2872/2872 2876/2876/2876 2876/2876/2876 
f 2876/2876/2876 2874/2874/2874 2876/2876/2876 
f 2876/2876/2876 2874/2874/2874 2913/2913/2913 
f 2874/2874/2874 2873/2873/2873 2913/2913/2913 
f 2913/2913/2913 2873/2873/2873 2872/2872/2872 
f 2873/2873/2873 2872/2872/2872 2872/2872/2872 
f 2872/2872/2872 2872/2872/2872 2894/2894/2894 
f 2872/2872/2872 2894/2894/2894 2894/2894/2894 
f 2894/2894/2894 2894/2894/2894 2894/2894/2894 
f 2894/2894/2894 2892/2892/2892 2894/2894/2894 
f 2894/2894/2894 2892/2892/2892 2904/2904/2904 
f 2892/2892/2892 2900/2900/2900 2904/2904/2904 
f 2904/2904/2904 2900/2900/2900 2901/2901/2901 
f 2900/2900/2900 2901/2901/2901 2901/2901/2901 
f 2901/2901/2901 2901/2901/2901 2889/2889/2889 
f 2901/2901/2901 2889/2889/2889 2889/2889/2889 
f 2889/2889/2889 2889/2889/2889 2889/2889/2889 
f 2889/2889/2889 2887/2887/2887 2889/2889/2889 
f 2889/2889/2889 2887/2887/2887 2914/2914/2914 
f 2887/2887/2887 2885/2885/2885 2914/2914/2914 
f 2914/2914/2914 2885/2885/2885 2915/2915/2915 
f 2885/2885/2885 2916/2916/2916 2915/2915/2915 
f 2915/2915/2915 2916/2916/2916 2917/2917/2917 
f 2916/2916/2916 2918/2918/2918 2917/2917/2917 
f 2917/2917/2917 2918/2918/2918 2919/2919/2919 
f 2918/2918/2918 2920/2920/2920 2919/2919/2919 
f 2919/2919/2919 2920/2920/2920 2845/2845/2845 
f 2920/2920/2920 2846/2846/2846 2845/2845/2845 
f 2845/2845/2845 2846/2846/2846 2846/2846/2846 
f 2846/2846/2846 2920/2920/2920 2846/2846/2846 
f 2846/2846/2846 2920/2920/2920 2883/2883/2883 
f 2920/2920/2920 2916/2916/2916 2883/2883/2883 
f 2883/2883/2883 2916/2916/2916 2885/2885/2885 
f 2916/2916/2916 2885/2885/2885 2885/2885/2885 
f 2885/2885/2885 2885/2885/2885 2899/2899/2899 
f 2885/2885/2885 2899/2899/2899 2899/2899/2899 
f 2899/2899/2899 2899/2899/2899 2899/2899/2899 
f 2899/2899/2899 2898/2898/2898 2899/2899/2899 
f 2899/2899/2899 2898/2898/2898 2921/2921/2921 
f 2898/2898/2898 2896/2896/2896 2921/2921/2921 
f 2921/2921/2921 2896/2896/2896 2908/2908/2908 
f 2896/2896/2896 2908/2908/2908 2908/2908/2908 
f 2908/2908/2908 2908/2908/2908 2922/2922/2922 
f 2908/2908/2908 2922/2922/2922 2922/2922/2922 
f 2922/2922/2922 2922/2922/2922 2922/2922/2922 
f 2922/2922/2922 2923/2923/2923 2922/2922/2922 
f 2922/2922/2922 2923/2923/2923 2924/2924/2924 
f 2923/2923/2923 2925/2925/2925 2924/2924/2924 
f 2924/2924/2924 2925/2925/2925 2926/2926/2926 
f 2925/2925/2925 2927/2927/2927 2926/2926/2926 
f 2926/2926/2926 2927/2927/2927 2928/2928/2928 
f 2927/2927/2927 2929/2929/2929 2928/2928/2928 
f 2928/2928/2928 2929/2929/2929 2930/2930/2930 
f 2929/2929/2929 2931/2931/2931 2930/2930/2930 
f 2930/2930/2930 2931/2931/2931 2932/2932/2932 
f 2931/2931/2931 2933/2933/2933 2932/2932/2932 
f 2932/2932/2932 2933/2933/2933 2934/2934/2934 
f 2933/2933/2933 2935/2935/2935 2934/2934/2934 
f 2934/2934/2934 2935/2935/2935 2936/2936/2936 
f 2935/2935/2935 2937/2937/2937 2936/2936/2936 
f 2936/2936/2936 2937/2937/2937 2938/2938/2938 
f 2937/2937/2937 2939/2939/2939 2938/2938/2938 
f 2938/2938/2938 2939/2939/2939 2940/2940/2940 
f 2939/2939/2939 2941/2941/2941 2940/2940/2940 
f 2940/2940/2940 2941/2941/2941 2942/2942/2942 
f 2941/2941/2941 2943/2943/2943 2942/2942/2942 
f 2942/2942/2942 2943/2943/2943 2944/2944/2944 
f 2943/2943/2943 2945/2945/2945 2944/2944/2944 
f 2944/2944/2944 2945/2945/2945 2946/2946/2946 
f 2945/2945/2945 2947/2947/2947 2946/2946/2946 
f 2946/2946/2946 2947/2947/2947 2948/2948/2948 
f 2947/2947/2947 2949/2949/2949 2948/2948/2948 
f 2948/2948/2948 2949/2949/2949 2950/2950/2950 
f 2949/2949/2949 2951/2951/2951 2950/2950/2950 
f 2950/2950/2950 2951/2951/2951 2952/2952/2952 
f 2951/2951/2951 2953/2953/2953 2952/2952/2952 
f 2952/2952/2952 2953/2953/2953 2954/2954/2954 
f 2953/2953/2953 2955/2955/2955 2954/2954/2954 
f 2954/2954/2954 2955/2955/2955 2956/2956/2956 
f 2955/2955/2955 2957/2957/2957 2956/2956/2956 
f 2956/2956/2956 2957/2957/2957 2922/2922/2922 
f 2957/2957/2957 2923/2923/2923 2922/2922/2922 
f 2922/2922/2922 2923/2923/2923 2923/2923/2923 
f 2923/2923/2923 2957/2957/2957 2923/2923/2923 
f 2923/2923/2923 2957/2957/2957 2958/2958/2958 
f 2957/2957/2957 2955/2955/2955 2958/2958/2958 
f 2958/2958/2958 2955/2955/2955 2953/2953/2953 
f 2955/2955/2955 2953/2953/2953 2953/2953/2953 
f 2953/2953/2953 2953/2953/2953 2953/2953/2953 
f 2953/2953/2953 2951/2951/2951 2953/2953/2953 
f 2953/2953/2953 2951/2951/2951 2958/2958/2958 
f 2951/2951/2951 2949/2949/2949 2958/2958/2958 
f 2958/2958/2958 2949/2949/2949 2947/2947/2947 
f 2949/2949/2949 2947/2947/2947 2947/2947/2947 
f 2947/2947/2947 2947/2947/2947 2947/2947/2947 
f 2947/2947/2947 2945/2945/2945 2947/2947/2947 
f 2947/2947/2947 2945/2945/2945 2958/2958/2958 
f 2945/2945/2945 2943/2943/2943 2958/2958/2958 
f 2958/2958/2958 2943/2943/2943 2941/2941/2941 
f 2943/2943/2943 2941/2941/2941 2941/2941/2941 
f 2941/2941/2941 2941/2941/2941 2941/2941/2941 
f 2941/2941/2941 2939/2939/2939 2941/2941/2941 
f 2941/2941/2941 2939/2939/2939 2958/2958/2958 
f 2939/2939/2939 2937/2937/2937 2958/2958/2958 
f 2958/2958/2958 2937/2937/2937 2935/2935/2935 
f 2937/2937/2937 2935/2935/2935 2935/2935/2935 
f 2935/2935/2935 2935/2935/2935 2935/2935/2935 
f 2935/2935/2935 2933/2933/2933 2935/2935/2935 
f 2935/2935/2935 2933/2933/2933 2958/2958/2958 
f 2933/2933/2933 2931/2931/2931 2958/2958/2958 
f 2958/2958/2958 2931/2931/2931 2929/2929/2929 
f 2931/2931/2931 2929/2929/2929 2929/2929/2929 
f 2929/2929/2929 2929/2929/2929 2929/2929/2929 
f 2929/2929/2929 2927/2927/2927 2929/2929/2929 
f 2929/2929/2929 2927/2927/2927 2958/2958/2958 
f 2927/2927/2927 2925/2925/2925 2958/2958/2958 
f 2958/2958/2958 2925/2925/2925 2923/2923/2923 
f 2925/2925/2925 2923/2923/2923 2923/2923/2923 
f 2923/2923/2923 2923/2923/2923 2959/2959/2959 
f 2923/2923/2923 2959/2959/2959 2959/2959/2959 
f 2959/2959/2959 2959/2959/2959 2959/2959/2959 
f 2959/2959/2959 2960/2960/2960 2959/2959/2959 
f 2959/2959/2959 2960/2960/2960 2961/2961/2961 
f 2960/2960/2960 2962/2962/2962 2961/2961/2961 
f 2961/2961/2961 2962/2962/2962 2963/2963/2963 
f 2962/2962/2962 2964/2964/2964 2963/2963/2963 
f 2963/2963/2963 2964/2964/2964 2965/2965/2965 
f 2964/2964/2964 2966/2966/2966 2965/2965/2965 
f 2965/2965/2965 2966/2966/2966 2967/2967/2967 
f 2966/2966/2966 2968/2968/2968 2967/2967/2967 
f 2967/2967/2967 2968/2968/2968 2969/2969/2969 
f 2968/2968/2968 2970/2970/2970 2969/2969/2969 
f 2969/2969/2969 2970/2970/2970 2971/2971/2971 
f 2970/2970/2970 2972/2972/2972 2971/2971/2971 
f 2971/2971/2971 2972/2972/2972 2973/2973/2973 
f 2972/2972/2972 2974/2974/2974 2973/2973/2973 
f 2973/2973/2973 2974/2974/2974 2975/2975/2975 
f 2974/2974/2974 2976/2976/2976 2975/2975/2975 
f 2975/2975/2975 2976/2976/2976 2977/2977/2977 
f 2976/2976/2976 2978/2978/2978 2977/2977/2977 
f 2977/2977/2977 2978/2978/2978 2979/2979/2979 
f 2978/2978/2978 2980/2980/2980 2979/2979/2979 
f 2979/2979/2979 2980/2980/2980 2981/2981/2981 
f 2980/2980/2980 2982/2982/2982 2981/2981/2981 
f 2981/2981/2981 2982/2982/2982 2983/2983/2983 
f 2982/2982/2982 2984/2984/2984 2983/2983/2983 
f 2983/2983/2983 2984/2984/2984 2985/2985/2985 
f 2984/2984/2984 2986/2986/2986 2985/2985/2985 
f 2985/2985/2985 2986/2986/2986 2987/2987/2987 
f 2986/2986/2986 2988/2988/2988 2987/2987/2987 
f 2987/2987/2987 2988/2988/2988 2989/2989/2989 
f 2988/2988/2988 2990/2990/2990 2989/2989/2989 
f 2989/2989/2989 2990/2990/2990 2991/2991/2991 
f 2990/2990/2990 2992/2992/2992 2991/2991/2991 
f 2991/2991/2991 2992/2992/2992 2993/2993/2993 
f 2992/2992/2992 2994/2994/2994 2993/2993/2993 
f 2993/2993/2993 2994/2994/2994 2959/2959/2959 
f 2994/2994/2994 2960/2960/2960 2959/2959/2959 
f 2959/2959/2959 2960/2960/2960 2960/2960/2960 
f 2960/2960/2960 2994/2994/2994 2960/2960/2960 
f 2960/2960/2960 2994/2994/2994 2995/2995/2995 
f 2994/2994/2994 2992/2992/2992 2995/2995/2995 
f 2995/2995/2995 2992/2992/2992 2990/2990/2990 
f 2992/2992/2992 2990/2990/2990 2990/2990/2990 
f 2990/2990/2990 2990/2990/2990 2990/2990/2990 
f 2990/2990/2990 2988/2988/2988 2990/2990/2990 
f 2990/2990/2990 2988/2988/2988 2995/2995/2995 
f 2988/2988/2988 2986/2986/2986 2995/2995/2995 
f 2995/2995/2995 2986/2986/2986 2984/2984/2984 
f 2986/2986/2986 2984/2984/2984 2984/2984/2984 
f 2984/2984/2984 2984/2984/2984 2984/2984/2984 
f 2984/2984/2984 2982/2982/2982 2984/2984/2984 
f 2984/2984/2984 2982/2982/2982 2995/2995/2995 
f 2982/2982/2982 2980/2980/2980 2995/2995/2995 
f 2995/2995/2995 2980/2980/2980 2978/2978/2978 
f 2980/2980/2980 2978/2978/2978 2978/2978/2978 
f 2978/2978/2978 2978/2978/2978 2978/2978/2978 
f 2978/2978/2978 2976/2976/2976 2978/2978/2978 
f 2978/2978/2978 2976/2976/2976 2995/2995/2995 
f 2976/2976/2976 2974/2974/2974 2995/2995/2995 
f 2995/2995/2995 2974/2974/2974 2972/2972/2972 
f 2974/2974/2974 2972/2972/2972 2972/2972/2972 
f 2972/2972/2972 2972/2972/2972 2972/2972/2972 
f 2972/2972/2972 2970/2970/2970 2972/2972/2972 
f 2972/2972/2972 2970/2970/2970 2995/2995/2995 
f 2970/2970/2970 2968/2968/2968 2995/2995/2995 
f 2995/2995/2995 2968/2968/2968 2966/2966/2966 
f 2968/2968/2968 2966/2966/2966 2966/2966/2966 
f 2966/2966/2966 2966/2966/2966 2966/2966/2966 
f 2966/2966/2966 2964/2964/2964 2966/2966/2966 
f 2966/2966/2966 2964/2964/2964 2995/2995/2995 
f 2964/2964/2964 2962/2962/2962 2995/2995/2995 
f 2995/2995/2995 2962/2962/2962 2960/2960/2960 
f 2962/2962/2962 2960/2960/2960 2960/2960/2960 
f 2960/2960/2960 2960/2960/2960 2996/2996/2996 
f 2960/2960/2960 2996/2996/2996 2996/2996/2996 
f 2996/2996/2996 2996/2996/2996 2996/2996/2996 
f 2996/2996/2996 2997/2997/2997 2996/2996/2996 
f 2996/2996/2996 2997/2997/2997 2998/2998/2998 
f 2997/2997/2997 2999/2999/2999 2998/2998/2998 
f 2998/2998/2998 2999/2999/2999 3000/3000/3000 
f 2999/2999/2999 3000/3000/3000 3000/3000/3000 
f 3000/3000/3000 3000/3000/3000 3000/3000/3000 
f 3000/3000/3000 3001/3001/3001 3000/3000/3000 
f 3000/3000/3000 3001/3001/3001 2998/2998/2998 
f 3001/3001/3001 3002/3002/3002 2998/2998/2998 
f 2998/2998/2998 3002/3002/3002 3003/3003/3003 
f 3002/3002/3002 3003/3003/3003 3003/3003/3003 
f 3003/3003/3003 3003/3003/3003 3003/3003/3003 
f 3003/3003/3003 3004/3004/3004 3003/3003/3003 
f 3003/3003/3003 3004/3004/3004 2998/2998/2998 
f 3004/3004/3004 3005/3005/3005 2998/2998/2998 
f 2998/2998/2998 3005/3005/3005 3006/3006/3006 
f 3005/3005/3005 3006/3006/3006 3006/3006/3006 
f 3006/3006/3006 3006/3006/3006 3006/3006/3006 
f 3006/3006/3006 3007/3007/3007 3006/3006/3006 
f 3006/3006/3006 3007/3007/3007 2998/2998/2998 
f 3007/3007/3007 3008/3008/3008 2998/2998/2998 
f 2998/2998/2998 3008/3008/3008 2996/2996/2996 
f 3008/3008/3008 2996/2996/2996 2996/2996/2996 
f 2996/2996/2996 2996/2996/2996 3009/3009/3009 
f 2996/2996/2996 3009/3009/3009 3009/3009/3009 
f 3009/3009/3009 3009/3009/3009 3009/3009/3009 
f 3009/3009/3009 3010/3010/3010 3009/3009/3009 
f 3009/3009/3009 3010/3010/3010 3011/3011/3011 
f 3010/3010/3010 3012/3012/3012 3011/3011/3011 
f 3011/3011/3011 3012/3012/3012 3013/3013/3013 
f 3012/3012/3012 3014/3014/3014 3013/3013/3013 
f 3013/3013/3013 3014/3014/3014 3015/3015/3015 
f 3014/3014/3014 3016/3016/3016 3015/3015/3015 
f 3015/3015/3015 3016/3016/3016 3009/3009/3009 
f 3016/3016/3016 3010/3010/3010 3009/3009/3009 
f 3009/3009/3009 3010/3010/3010 3010/3010/3010 
f 3010/3010/3010 3016/3016/3016 3010/3010/3010 
f 3010/3010/3010 3016/3016/3016 3016/3016/3016 
f 3016/3016/3016 3017/3017/3017 3016/3016/3016 
f 3016/3016/3016 3017/3017/3017 3010/3010/3010 
f 3017/3017/3017 3018/3018/3018 3010/3010/3010 
f 3010/3010/3010 3018/3018/3018 3012/3012/3012 
f 3018/3018/3018 3019/3019/3019 3012/3012/3012 
f 3012/3012/3012 3019/3019/3019 3014/3014/3014 
f 3019/3019/3019 3020/3020/3020 3014/3014/3014 
f 3014/3014/3014 3020/3020/3020 3016/3016/3016 
f 3020/3020/3020 3017/3017/3017 3016/3016/3016 
f 3016/3016/3016 3017/3017/3017 3017/3017/3017 
f 3017/3017/3017 3020/3020/3020 3017/3017/3017 
f 3017/3017/3017 3020/3020/3020 3020/3020/3020 
f 3020/3020/3020 3019/3019/3019 3020/3020/3020 
f 3020/3020/3020 3019/3019/3019 3017/3017/3017 
f 3019/3019/3019 3018/3018/3018 3017/3017/3017 
f 3017/3017/3017 3018/3018/3018 3018/3018/3018 
f 3018/3018/3018 3021/3021/3021 3018/3018/3018 
f 3018/3018/3018 3021/3021/3021 3021/3021/3021 
f 3021/3021/3021 3022/3022/3022 3021/3021/3021 
f 3021/3021/3021 3022/3022/3022 3023/3023/3023 
f 3022/3022/3022 3024/3024/3024 3023/3023/3023 
f 3023/3023/3023 3024/3024/3024 3025/3025/3025 
f 3024/3024/3024 3025/3025/3025 3025/3025/3025 
f 3025/3025/3025 3025/3025/3025 3025/3025/3025 
f 3025/3025/3025 3026/3026/3026 3025/3025/3025 
f 3025/3025/3025 3026/3026/3026 3023/3023/3023 
f 3026/3026/3026 3027/3027/3027 3023/3023/3023 
f 3023/3023/3023 3027/3027/3027 3028/3028/3028 
f 3027/3027/3027 3028/3028/3028 3028/3028/3028 
f 3028/3028/3028 3028/3028/3028 3028/3028/3028 
f 3028/3028/3028 3029/3029/3029 3028/3028/3028 
f 3028/3028/3028 3029/3029/3029 3023/3023/3023 
f 3029/3029/3029 3030/3030/3030 3023/3023/3023 
f 3023/3023/3023 3030/3030/3030 3031/3031/3031 
f 3030/3030/3030 3031/3031/3031 3031/3031/3031 
f 3031/3031/3031 3031/3031/3031 3031/3031/3031 
f 3031/3031/3031 3032/3032/3032 3031/3031/3031 
f 3031/3031/3031 3032/3032/3032 3023/3023/3023 
f 3032/3032/3032 3033/3033/3033 3023/3023/3023 
f 3023/3023/3023 3033/3033/3033 3034/3034/3034 
f 3033/3033/3033 3034/3034/3034 3034/3034/3034 
f 3034/3034/3034 3034/3034/3034 3034/3034/3034 
f 3034/3034/3034 3035/3035/3035 3034/3034/3034 
f 3034/3034/3034 3035/3035/3035 3023/3023/3023 
f 3035/3035/3035 3036/3036/3036 3023/3023/3023 
f 3023/3023/3023 3036/3036/3036 3037/3037/3037 
f 3036/3036/3036 3037/3037/3037 3037/3037/3037 
f 3037/3037/3037 3037/3037/3037 3037/3037/3037 
f 3037/3037/3037 3038/3038/3038 3037/3037/3037 
f 3037/3037/3037 3038/3038/3038 3023/3023/3023 
f 3038/3038/3038 3039/3039/3039 3023/3023/3023 
f 3023/3023/3023 3039/3039/3039 3021/3021/3021 
f 3039/3039/3039 3021/3021/3021 3021/3021/3021 
f 3021/3021/3021 3021/3021/3021 3040/3040/3040 
f 3021/3021/3021 3040/3040/3040 3040/3040/3040 
f 3040/3040/3040 3040/3040/3040 3040/3040/3040 
f 3040/3040/3040 3041/3041/3041 3040/3040/3040 
f 3040/3040/3040 3041/3041/3041 3042/3042/3042 
f 3041/3041/3041 3043/3043/3043 3042/3042/3042 
f 3042/3042/3042 3043/3043/3043 3044/3044/3044 
f 3043/3043/3043 3045/3045/3045 3044/3044/3044 
f 3044/3044/3044 3045/3045/3045 3046/3046/3046 
f 3045/3045/3045 3047/3047/3047 3046/3046/3046 
f 3046/3046/3046 3047/3047/3047 3040/3040/3040 
f 3047/3047/3047 3041/3041/3041 3040/3040/3040 
f 3040/3040/3040 3041/3041/3041 3041/3041/3041 
f 3041/3041/3041 3047/3047/3047 3041/3041/3041 
f 3041/3041/3041 3047/3047/3047 3047/3047/3047 
f 3047/3047/3047 3048/3048/3048 3047/3047/3047 
f 3047/3047/3047 3048/3048/3048 3041/3041/3041 
f 3048/3048/3048 3049/3049/3049 3041/3041/3041 
f 3041/3041/3041 3049/3049/3049 3043/3043/3043 
f 3049/3049/3049 3050/3050/3050 3043/3043/3043 
f 3043/3043/3043 3050/3050/3050 3045/3045/3045 
f 3050/3050/3050 3051/3051/3051 3045/3045/3045 
f 3045/3045/3045 3051/3051/3051 3047/3047/3047 
f 3051/3051/3051 3048/3048/3048 3047/3047/3047 
f 3047/3047/3047 3048/3048/3048 3048/3048/3048 
f 3048/3048/3048 3051/3051/3051 3048/3048/3048 
f 3048/3048/3048 3051/3051/3051 3051/3051/3051 
f 3051/3051/3051 3050/3050/3050 3051/3051/3051 
f 3051/3051/3051 3050/3050/3050 3048/3048/3048 
f 3050/3050/3050 3049/3049/3049 3048/3048/3048 
f 3048/3048/3048 3049/3049/3049 3049/3049/3049 
f 3049/3049/3049 3052/3052/3052 3049/3049/3049 
f 3049/3049/3049 3052/3052/3052 3052/3052/3052 
f 3052/3052/3052 3053/3053/3053 3052/3052/3052 
f 3052/3052/3052 3053/3053/3053 3054/3054/3054 
f 3053/3053/3053 3055/3055/3055 3054/3054/3054 
f 3054/3054/3054 3055/3055/3055 3056/3056/3056 
f 3055/3055/3055 3057/3057/3057 3056/3056/3056 
f 3056/3056/3056 3057/3057/3057 3058/3058/3058 
f 3057/3057/3057 3059/3059/3059 3058/3058/3058 
f 3058/3058/3058 3059/3059/3059 3060/3060/3060 
f 3059/3059/3059 3061/3061/3061 3060/3060/3060 
f 3060/3060/3060 3061/3061/3061 3062/3062/3062 
f 3061/3061/3061 3063/3063/3063 3062/3062/3062 
f 3062/3062/3062 3063/3063/3063 3064/3064/3064 
f 3063/3063/3063 3065/3065/3065 3064/3064/3064 
f 3064/3064/3064 3065/3065/3065 3066/3066/3066 
f 3065/3065/3065 3067/3067/3067 3066/3066/3066 
f 3066/3066/3066 3067/3067/3067 3068/3068/3068 
f 3067/3067/3067 3069/3069/3069 3068/3068/3068 
f 3068/3068/3068 3069/3069/3069 3070/3070/3070 
f 3069/3069/3069 3071/3071/3071 3070/3070/3070 
f 3070/3070/3070 3071/3071/3071 3072/3072/3072 
f 3071/3071/3071 3073/3073/3073 3072/3072/3072 
f 3072/3072/3072 3073/3073/3073 3074/3074/3074 
f 3073/3073/3073 3075/3075/3075 3074/3074/3074 
f 3074/3074/3074 3075/3075/3075 3076/3076/3076 
f 3075/3075/3075 3077/3077/3077 3076/3076/3076 
f 3076/3076/3076 3077/3077/3077 3078/3078/3078 
f 3077/3077/3077 3079/3079/3079 3078/3078/3078 
f 3078/3078/3078 3079/3079/3079 3080/3080/3080 
f 3079/3079/3079 3081/3081/3081 3080/3080/3080 
f 3080/3080/3080 3081/3081/3081 3082/3082/3082 
f 3081/3081/3081 3083/3083/3083 3082/3082/3082 
f 3082/3082/3082 3083/3083/3083 3084/3084/3084 
f 3083/3083/3083 3085/3085/3085 3084/3084/3084 
f 3084/3084/3084 3085/3085/3085 3086/3086/3086 
f 3085/3085/3085 3087/3087/3087 3086/3086/3086 
f 3086/3086/3086 3087/3087/3087 3052/3052/3052 
f 3087/3087/3087 3053/3053/3053 3052/3052/3052 
f 3052/3052/3052 3053/3053/3053 3053/3053/3053 
f 3053/3053/3053 3087/3087/3087 3053/3053/3053 
f 3053/3053/3053 3087/3087/3087 3088/3088/3088 
f 3087/3087/3087 3085/3085/3085 3088/3088/3088 
f 3088/3088/3088 3085/3085/3085 3083/3083/3083 
f 3085/3085/3085 3083/3083/3083 3083/3083/3083 
f 3083/3083/3083 3083/3083/3083 3083/3083/3083 
f 3083/3083/3083 3081/3081/3081 3083/3083/3083 
f 3083/3083/3083 3081/3081/3081 3088/3088/3088 
f 3081/3081/3081 3079/3079/3079 3088/3088/3088 
f 3088/3088/3088 3079/3079/3079 3077/3077/3077 
f 3079/3079/3079 3077/3077/3077 3077/3077/3077 
f 3077/3077/3077 3077/3077/3077 3077/3077/3077 
f 3077/3077/3077 3075/3075/3075 3077/3077/3077 
f 3077/3077/3077 3075/3075/3075 3088/3088/3088 
f 3075/3075/3075 3073/3073/3073 3088/3088/3088 
f 3088/3088/3088 3073/3073/3073 3071/3071/3071 
f 3073/3073/3073 3071/3071/3071 3071/3071/3071 
f 3071/3071/3071 3071/3071/3071 3071/3071/3071 
f 3071/3071/3071 3069/3069/3069 3071/3071/3071 
f 3071/3071/3071 3069/3069/3069 3088/3088/3088 
f 3069/3069/3069 3067/3067/3067 3088/3088/3088 
f 3088/3088/3088 3067/3067/3067 3065/3065/3065 
f 3067/3067/3067 3065/3065/3065 3065/3065/3065 
f 3065/3065/3065 3065/3065/3065 3065/3065/3065 
f 3065/3065/3065 3063/3063/3063 3065/3065/3065 
f 3065/3065/3065 3063/3063/3063 3088/3088/3088 
f 3063/3063/3063 3061/3061/3061 3088/3088/3088 
f 3088/3088/3088 3061/3061/3061 3059/3059/3059 
f 3061/3061/3061 3059/3059/3059 3059/3059/3059 
f 3059/3059/3059 3059/3059/3059 3059/3059/3059 
f 3059/3059/3059 3057/3057/3057 3059/3059/3059 
f 3059/3059/3059 3057/3057/3057 3088/3088/3088 
f 3057/3057/3057 3055/3055/3055 3088/3088/3088 
f 3088/3088/3088 3055/3055/3055 3053/3053/3053 
f 3055/3055/3055 3053/3053/3053 3053/3053/3053 
f 3053/3053/3053 3053/3053/3053 3089/3089/3089 
f 3053/3053/3053 3089/3089/3089 3089/3089/3089 
f 3089/3089/3089 3089/3089/3089 3089/3089/3089 
f 3089/3089/3089 3090/3090/3090 3089/3089/3089 
f 3089/3089/3089 3090/3090/3090 3091/3091/3091 
f 3090/3090/3090 3092/3092/3092 3091/3091/3091 
f 3091/3091/3091 3092/3092/3092 3093/3093/3093 
f 3092/3092/3092 3094/3094/3094 3093/3093/3093 
f 3093/3093/3093 3094/3094/3094 3095/3095/3095 
f 3094/3094/3094 3096/3096/3096 3095/3095/3095 
f 3095/3095/3095 3096/3096/3096 3089/3089/3089 
f 3096/3096/3096 3090/3090/3090 3089/3089/3089 
f 3089/3089/3089 3090/3090/3090 3090/3090/3090 
f 3090/3090/3090 3096/3096/3096 3090/3090/3090 
f 3090/3090/3090 3096/3096/3096 3092/3092/3092 
f 3096/3096/3096 3094/3094/3094 3092/3092/3092 
f 3092/3092/3092 3094/3094/3094 3094/3094/3094 
f 3094/3094/3094 3097/3097/3097 3094/3094/3094 
f 3094/3094/3094 3097/3097/3097 3097/3097/3097 
f 3097/3097/3097 3098/3098/3098 3097/3097/3097 
f 3097/3097/3097 3098/3098/3098 3099/3099/3099 
f 3098/3098/3098 3100/3100/3100 3099/3099/3099 
f 3099/3099/3099 3100/3100/3100 3101/3101/3101 
f 3100/3100/3100 3102/3102/3102 3101/3101/3101 
f 3101/3101/3101 3102/3102/3102 3103/3103/3103 
f 3102/3102/3102 3104/3104/3104 3103/3103/3103 
f 3103/3103/3103 3104/3104/3104 3097/3097/3097 
f 3104/3104/3104 3098/3098/3098 3097/3097/3097 
f 3097/3097/3097 3098/3098/3098 3098/3098/3098 
f 3098/3098/3098 3105/3105/3105 3098/3098/3098 
f 3098/3098/3098 3105/3105/3105 3105/3105/3105 
f 3105/3105/3105 3106/3106/3106 3105/3105/3105 
f 3105/3105/3105 3106/3106/3106 3107/3107/3107 
f 3106/3106/3106 3108/3108/3108 3107/3107/3107 
f 3107/3107/3107 3108/3108/3108 3109/3109/3109 
f 3108/3108/3108 3110/3110/3110 3109/3109/3109 
f 3109/3109/3109 3110/3110/3110 3111/3111/3111 
f 3110/3110/3110 3112/3112/3112 3111/3111/3111 
f 3111/3111/3111 3112/3112/3112 3105/3105/3105 
f 3112/3112/3112 3106/3106/3106 3105/3105/3105 
f 3105/3105/3105 3106/3106/3106 3106/3106/3106 
f 3106/3106/3106 3112/3112/3112 3106/3106/3106 
f 3106/3106/3106 3112/3112/3112 3112/3112/3112 
f 3112/3112/3112 3113/3113/3113 3112/3112/3112 
f 3112/3112/3112 3113/3113/3113 3106/3106/3106 
f 3113/3113/3113 3114/3114/3114 3106/3106/3106 
f 3106/3106/3106 3114/3114/3114 3108/3108/3108 
f 3114/3114/3114 3115/3115/3115 3108/3108/3108 
f 3108/3108/3108 3115/3115/3115 3110/3110/3110 
f 3115/3115/3115 3116/3116/3116 3110/3110/3110 
f 3110/3110/3110 3116/3116/3116 3112/3112/3112 
f 3116/3116/3116 3113/3113/3113 3112/3112/3112 
f 3112/3112/3112 3113/3113/3113 3113/3113/3113 
f 3113/3113/3113 3116/3116/3116 3113/3113/3113 
f 3113/3113/3113 3116/3116/3116 3114/3114/3114 
f 3116/3116/3116 3115/3115/3115 3114/3114/3114 
f 3114/3114/3114 3115/3115/3115 3115/3115/3115 
f 3115/3115/3115 3117/3117/3117 3115/3115/3115 
f 3115/3115/3115 3117/3117/3117 3117/3117/3117 
f 3117/3117/3117 3118/3118/3118 3117/3117/3117 
f 3117/3117/3117 3118/3118/3118 3119/3119/3119 
f 3118/3118/3118 3120/3120/3120 3119/3119/3119 
f 3119/3119/3119 3120/3120/3120 3121/3121/3121 
f 3120/3120/3120 3122/3122/3122 3121/3121/3121 
f 3121/3121/3121 3122/3122/3122 3123/3123/3123 
f 3122/3122/3122 3124/3124/3124 3123/3123/3123 
f 3123/3123/3123 3124/3124/3124 3117/3117/3117 
f 3124/3124/3124 3118/3118/3118 3117/3117/3117 
f 3117/3117/3117 3118/3118/3118 3118/3118/3118 
f 3118/3118/3118 3124/3124/3124 3118/3118/3118 
f 3118/3118/3118 3124/3124/3124 3124/3124/3124 
f 3124/3124/3124 3125/3125/3125 3124/3124/3124 
f 3124/3124/3124 3125/3125/3125 3118/3118/3118 
f 3125/3125/3125 3126/3126/3126 3118/3118/3118 
f 3118/3118/3118 3126/3126/3126 3120/3120/3120 
f 3126/3126/3126 3127/3127/3127 3120/3120/3120 
f 3120/3120/3120 3127/3127/3127 3122/3122/3122 
f 3127/3127/3127 3128/3128/3128 3122/3122/3122 
f 3122/3122/3122 3128/3128/3128 3124/3124/3124 
f 3128/3128/3128 3125/3125/3125 3124/3124/3124 
f 3124/3124/3124 3125/3125/3125 3125/3125/3125 
f 3125/3125/3125 3128/3128/3128 3125/3125/3125 
f 3125/3125/3125 3128/3128/3128 3128/3128/3128 
f 3128/3128/3128 3127/3127/3127 3128/3128/3128 
f 3128/3128/3128 3127/3127/3127 3125/3125/3125 
f 3127/3127/3127 3126/3126/3126 3125/3125/3125 
f 12/12/12 10/10/10 17/17/17 
f 1662/1662/1662 1650/1650/1650 1685/1685/1685 
f 56/56/56 44/44/44 79/79/79 
f 2425/2425/2425 2424/2424/2424 2446/2446/2446 
f 1704/1704/1704 1708/1708/1708 1705/1705/1705 
f 944/944/944 942/942/942 940/940/940 
f 876/876/876 874/874/874 872/872/872 
f 886/886/886 884/884/884 882/882/882 
f 899/899/899 897/897/897 895/895/895 
f 905/905/905 903/903/903 901/901/901 
f 938/938/938 936/936/936 934/934/934 
f 1026/1026/1026 1021/1021/1021 1023/1023/1023 
f 5/5/5 3129/3129/3129 3/3/3 
f 943/943/943 3130/3130/3130 941/941/941 
f 875/875/875 3131/3131/3131 873/873/873 
f 885/885/885 3132/3132/3132 883/883/883 
f 898/898/898 3133/3133/3133 896/896/896 
f 904/904/904 3134/3134/3134 902/902/902 
f 937/937/937 3135/3135/3135 935/935/935 
f 1177/1177/1177 3136/3136/3136 1175/1175/1175 
f 2222/2222/2222 2224/2224/2224 2261/2261/2261 
f 2864/2864/2864 2862/2862/2862 2860/2860/2860 
f 2225/2225/2225 2234/2234/2234 2227/2227/2227 
f 2895/2895/2895 2897/2897/2897 2893/2893/2893 
f 2871/2871/2871 2868/2868/2868 2867/2867/2867 
f 2869/2869/2869 2884/2884/2884 2870/2870/2870 
f 2905/2905/2905 2903/2903/2903 2911/2911/2911 
f 2916/2916/2916 2920/2920/2920 2918/2918/2918 
f 3137/3137/3137 1749/1749/1749 1747/1747/1747 
f 3138/3138/3138 1845/1845/1845 1843/1843/1843 
f 484/484/484 483/483/483 3139/3139/3139 
f 558/558/558 557/557/557 3140/3140/3140 
f 1220/1220/1220 1218/1218/1218 3141/3141/3141 
f 294/294/294 292/292/292 3142/3142/3142 
f 802/802/802 3143/3143/3143 800/800/800 
f 846/846/846 3144/3144/3144 845/845/845 
f 799/799/799 3145/3145/3145 801/801/801 
f 1238/1238/1238 1710/1710/1710 1236/1236/1236 
f 893/893/893 3146/3146/3146 891/891/891 
f 658/658/658 3147/3147/3147 656/656/656 
f 646/646/646 3148/3148/3148 644/644/644 
f 665/665/665 3149/3149/3149 663/663/663 
f 653/653/653 3150/3150/3150 651/651/651 
f 672/672/672 3151/3151/3151 670/670/670 
f 1726/1726/1726 3152/3152/3152 1724/1724/1724 
f 679/679/679 3153/3153/3153 677/677/677 
f 756/756/756 747/747/747 745/745/745 
f 105/105/105 3154/3154/3154 103/103/103 
f 128/128/128 3155/3155/3155 126/126/126 
f 136/136/136 3156/3156/3156 138/138/138 
f 151/151/151 3157/3157/3157 152/152/152 
f 160/160/160 3158/3158/3158 162/162/162 
f 197/197/197 3159/3159/3159 195/195/195 
f 139/139/139 3160/3160/3160 140/140/140 
f 163/163/163 3161/3161/3161 164/164/164 
f 148/148/148 3162/3162/3162 150/150/150 
f 1293/1293/1293 3163/3163/3163 1295/1295/1295 
f 1304/1304/1304 3164/3164/3164 1306/1306/1306 
f 337/337/337 3165/3165/3165 339/339/339 
f 2875/2875/2875 2856/2856/2856 2854/2854/2854 
f 270/270/270 272/272/272 3166/3166/3166 
f 361/361/361 3167/3167/3167 362/362/362 
f 3168/3168/3168 434/434/434 436/436/436 
f 528/528/528 530/530/530 3169/3169/3169 
f 1354/1354/1354 1353/1353/1353 3170/3170/3170 
f 1478/1478/1478 3171/3171/3171 1476/1476/1476 
f 369/369/369 3172/3172/3172 410/410/410 
f 1623/1623/1623 3173/3173/3173 1621/1621/1621 

