mtllib model_1.mtl
o model_1
v 109.59052276611328 44.55320739746094 49.47031021118164 
v 103.21895599365234 40.75607681274414 45.53086471557617 
v 169.7891387939453 82.7204360961914 -84.68168640136719 
v 163.41758728027344 78.92330169677734 -88.62113189697266 
v 89.69251251220703 47.50379180908203 12.010917663574219 
v 94.04789733886719 40.29548263549805 11.914518356323242 
v 74.56944274902344 37.915443420410156 45.71251678466797 
v 82.30182647705078 32.84822082519531 38.090518951416016 
v 234.84609985351562 102.10565948486328 -37.80567169189453 
v 232.1504364013672 100.49917602539062 -39.47235870361328 
v 196.8181915283203 77.9951400756836 46.93913269042969 
v 194.12252807617188 76.38866424560547 45.27244186401367 
v 183.31021118164062 69.4307861328125 77.0415267944336 
v 180.6145477294922 67.82431030273438 75.37483978271484 
v 95.17872619628906 -12.019004821777344 35.71908950805664 
v 109.71525573730469 -7.392868518829346 43.558284759521484 
v 97.50098419189453 -12.501489639282227 32.428184509277344 
v 111.95211029052734 -7.73401403427124 40.26926803588867 
v 100.1139144897461 -15.145503997802734 30.75060272216797 
v 114.65043640136719 -10.519368171691895 38.58979797363281 
v 101.34397888183594 -18.86176300048828 32.34312438964844 
v 115.88050842285156 -14.235627174377441 40.18231964111328 
v 100.7297134399414 -21.206066131591797 35.59622573852539 
v 115.18084716796875 -16.43859100341797 43.437313079833984 
v 98.40746307373047 -20.72357940673828 38.88712692260742 
v 112.94398498535156 -16.097442626953125 46.726322174072266 
v 95.85596466064453 -17.845136642456055 40.23939895629883 
v 110.39248657226562 -13.218999862670898 48.07859420776367 
v 94.56446838378906 -14.363306999206543 38.97218322753906 
v 109.01559448242188 -9.595829963684082 46.813270568847656 
v 95.17872619628906 -12.019004821777344 35.71908950805664 
v 109.71525573730469 -7.392868518829346 43.558284759521484 
v 160.71908569335938 21.328651428222656 70.4211654663086 
v 163.41741943359375 18.543296813964844 68.74169921875 
v 164.64749145507812 14.827038764953613 70.33422088623047 
v 163.94781494140625 12.624074935913086 73.5892105102539 
v 161.71096801757812 12.965222358703613 76.87821960449219 
v 159.1594696044922 15.84366512298584 78.2304916381836 
v 157.78257751464844 19.466835021972656 76.96517181396484 
v 158.48223876953125 21.669797897338867 73.7101821899414 
v 208.99594116210938 50.09922790527344 100.27003479003906 
v 211.69427490234375 47.313873291015625 98.59056091308594 
v 212.92434692382812 43.59761428833008 100.1830825805664 
v 212.22467041015625 41.3946533203125 103.43807983398438 
v 209.98782348632812 41.73579788208008 106.72708892822266 
v 207.4363250732422 44.61424255371094 108.07936096191406 
v 206.05943298339844 48.23741149902344 106.81403350830078 
v 206.75909423828125 50.44037628173828 103.55905151367188 
v 223.08319091796875 56.57218933105469 108.43305206298828 
v 225.78152465820312 53.786834716796875 106.75358581542969 
v 227.0115966796875 50.07057571411133 108.34610748291016 
v 226.3119354248047 47.867610931396484 111.6010971069336 
v 224.0750732421875 48.20875930786133 114.89010620117188 
v 221.52357482910156 51.08720016479492 116.24237823486328 
v 220.1466827392578 54.71037292480469 114.97705841064453 
v 220.84634399414062 56.913333892822266 111.7220687866211 
v 220.84634399414062 56.913333892822266 111.7220687866211 
v 206.75909423828125 50.44037628173828 103.55905151367188 
v 158.48223876953125 21.669797897338867 73.7101821899414 
v 258.9659729003906 56.11860275268555 -40.06587600708008 
v 232.1504364013672 100.49917602539062 -39.47235870361328 
v 261.6616516113281 57.72508239746094 -38.39918518066406 
v 234.84609985351562 102.10565948486328 -37.80567169189453 
v 153.86390686035156 66.94509887695312 -43.03058624267578 
v 154.78982543945312 64.4043960571289 -42.079227447509766 
v 138.9152374267578 58.03644561767578 -52.273128509521484 
v 139.84115600585938 55.49574279785156 -51.32176971435547 
v 135.1441650390625 50.582008361816406 -54.82745361328125 
v 187.92276000976562 95.79298400878906 103.3943862915039 
v 134.98976135253906 64.2475814819336 70.66669464111328 
v 199.66883850097656 103.24024963378906 77.2183837890625 
v 146.73583984375 71.6948471069336 44.490692138671875 
v 94.04789733886719 40.29548263549805 11.914518356323242 
v 82.30182647705078 32.84822082519531 38.090518951416016 
v 121.31263732910156 40.77734375 38.97119140625 
v 97.786865234375 26.75716209411621 24.42555046081543 
v 118.18731689453125 44.26939010620117 40.66011428833008 
v 94.66153717041016 30.24921226501465 26.114473342895508 
v 115.48600769042969 44.707035064697266 44.6073112487793 
v 91.9602279663086 30.686853408813477 30.061670303344727 
v 303.7960205078125 56.26893997192383 -45.919742584228516 
v 285.6912536621094 86.23289489746094 -45.51902389526367 
v 296.29583740234375 61.28791046142578 -38.6268310546875 
v 282.4610595703125 84.18489837646484 -38.320621490478516 
v -284.7477722167969 51.85560989379883 -175.75347900390625 
v -281.9059143066406 52.76350784301758 -172.9612274169922 
v -254.66668701171875 88.17564392089844 -219.47267150878906 
v -251.82484436035156 89.08354187011719 -216.68043518066406 
v 180.1903839111328 100.8602066040039 111.0163803100586 
v 200.60093688964844 67.08009338378906 110.56462860107422 
v 187.92276000976562 95.79298400878906 103.3943862915039 
v 203.97793579101562 69.22117614746094 103.03903198242188 
v 154.78982543945312 64.4043960571289 -42.079227447509766 
v 154.35984802246094 62.763389587402344 -39.802059173583984 
v 139.84115600585938 55.49574279785156 -51.32176971435547 
v 139.4111785888672 53.854732513427734 -49.04460144042969 
v 134.7141876220703 48.94099807739258 -52.55028533935547 
v 133.08860778808594 49.27873611450195 -50.24665451049805 
v 152.73426818847656 63.10112762451172 -37.49842834472656 
v 137.7855987548828 54.19247055053711 -46.740970611572266 
v 296.6175231933594 64.50721740722656 -19.52503204345703 
v 283.69097900390625 58.61201477050781 -32.876808166503906 
v 297.2557678222656 66.47574615478516 -22.4547119140625 
v 284.1824035644531 60.487457275390625 -35.47929382324219 
v 296.13507080078125 69.67489624023438 -23.7257080078125 
v 283.06170654296875 63.68661117553711 -36.75028610229492 
v 293.8397521972656 72.12932586669922 -22.379104614257812 
v 280.76641845703125 66.14103698730469 -35.4036865234375 
v 265.5565490722656 47.80479431152344 -44.089073181152344 
v 266.0479431152344 49.68023681640625 -46.69155502319336 
v 264.92724609375 52.87938690185547 -47.96255111694336 
v 262.6319580078125 55.33381271362305 -46.61594772338867 
v 171.13046264648438 64.13433837890625 -77.20011138916016 
v 133.1025390625 40.02381896972656 7.544689178466797 
v 174.07118225097656 65.88685607910156 -75.38190460205078 
v 136.04327392578125 41.776344299316406 9.362894058227539 
v 119.59455871582031 31.4594669342041 37.64708709716797 
v 122.53528594970703 33.21199035644531 39.465293884277344 
v 164.86912536621094 48.44654083251953 -110.48643493652344 
v 217.55706787109375 79.84590148925781 -77.91026306152344 
v 161.6389617919922 46.39854431152344 -103.28803253173828 
v 214.326904296875 77.79790496826172 -70.71186065673828 
v 267.2598876953125 109.34330749511719 -37.98417282104492 
v 270.4900817871094 111.39131164550781 -45.18257141113281 
v 282.4610595703125 84.18489837646484 -38.320621490478516 
v 229.528076171875 52.63949203491211 -71.04830932617188 
v 296.29583740234375 61.28791046142578 -38.6268310546875 
v 243.3628387451172 29.742507934570312 -71.35452270507812 
v 190.67489624023438 -1.6568549871444702 -103.93069458007812 
v 176.8401336669922 21.240129470825195 -103.6244888305664 
v 130.87120056152344 55.30126953125 -52.46522903442383 
v 132.411376953125 55.1048698425293 -54.7669677734375 
v 130.35581970214844 53.80160140991211 -50.1861686706543 
v 133.08860778808594 49.27873611450195 -50.24665451049805 
v 131.28173828125 51.260894775390625 -49.23480987548828 
v 135.1441650390625 50.582008361816406 -54.82745361328125 
v 134.7141876220703 48.94099807739258 -52.55028533935547 
v 288.3792724609375 46.49440383911133 -11.563738822937012 
v 284.1092834472656 53.56137466430664 -11.469230651855469 
v 235.4462890625 14.949000358581543 -44.29142761230469 
v 231.17630004882812 22.015972137451172 -44.19691848754883 
v 178.4883575439453 -9.383391380310059 -76.7730941772461 
v 296.29583740234375 61.28791046142578 -38.6268310546875 
v 284.1092834472656 53.56137466430664 -11.469230651855469 
v 288.3792724609375 46.49440383911133 -11.563738822937012 
v 215.80210876464844 41.92167663574219 110.22817993164062 
v 219.17910766601562 44.06276321411133 102.70257568359375 
v 162.86911010742188 10.37627124786377 77.50048828125 
v 166.24610900878906 12.517359733581543 69.97489166259766 
v 113.55815887451172 -18.882003784179688 37.39871597290039 
v 287.3404235839844 75.82799530029297 -15.432295799255371 
v 271.8533630371094 60.639251708984375 -26.703157424926758 
v 285.48260498046875 76.21398162841797 -12.799572944641113 
v 269.99554443359375 61.025238037109375 -24.0704345703125 
v 257.6398620605469 52.168724060058594 -35.491146087646484 
v 255.78207397460938 52.55471420288086 -32.85842514038086 
v 195.31344604492188 110.44856262207031 77.31478118896484 
v 199.66883850097656 103.24024963378906 77.2183837890625 
v 142.3804473876953 78.90316009521484 44.587093353271484 
v 146.73583984375 71.6948471069336 44.490692138671875 
v 94.04789733886719 40.29548263549805 11.914518356323242 
v 288.2603759765625 68.59187316894531 -9.945503234863281 
v 272.7733154296875 53.40312957763672 -21.21636390686035 
v 290.2650146484375 68.29898071289062 -12.905423164367676 
v 274.7779541015625 53.110233306884766 -24.176284790039062 
v 258.559814453125 44.9326057434082 -30.00435447692871 
v 260.564453125 44.639705657958984 -32.96427536010742 
v 187.92276000976562 95.79298400878906 103.3943862915039 
v 199.66883850097656 103.24024963378906 77.2183837890625 
v 195.31344604492188 110.44856262207031 77.31478118896484 
v 203.97793579101562 69.22117614746094 103.03903198242188 
v 151.04493713378906 37.67577362060547 70.31134033203125 
v 187.92276000976562 95.79298400878906 103.3943862915039 
v 134.98976135253906 64.2475814819336 70.66669464111328 
v 82.30182647705078 32.84822082519531 38.090518951416016 
v 98.35699462890625 6.2764105796813965 37.73516845703125 
v 237.51992797851562 106.21027374267578 6.9385905265808105 
v 222.02914428710938 108.12808227539062 0.5329856276512146 
v 235.89434814453125 106.54801177978516 9.24222183227539 
v 220.403564453125 108.46582794189453 2.8366167545318604 
v 209.401123046875 103.10144805908203 -6.563745498657227 
v 207.86093139648438 103.2978515625 -4.262004375457764 
v 239.32679748535156 104.22811126708984 5.926748275756836 
v 223.83602905273438 106.14592742919922 -0.4788564443588257 
v 237.51992797851562 106.21027374267578 6.9385905265808105 
v 222.02914428710938 108.12808227539062 0.5329856276512146 
v 211.20799255371094 101.11929321289062 -7.575587272644043 
v 209.401123046875 103.10144805908203 -6.563745498657227 
v 240.25271606445312 101.68740844726562 6.8781046867370605 
v 224.76194763183594 103.605224609375 0.4725000858306885 
v 239.32679748535156 104.22811126708984 5.926748275756836 
v 223.83602905273438 106.14592742919922 -0.4788564443588257 
v 212.1339111328125 98.5785903930664 -6.624230861663818 
v 211.20799255371094 101.11929321289062 -7.575587272644043 
v 164.86912536621094 48.44654083251953 -110.48643493652344 
v 161.6389617919922 46.39854431152344 -103.28803253173828 
v 144.4585723876953 82.2266616821289 -110.03468322753906 
v 145.58380126953125 72.97035217285156 -102.93267822265625 
v 115.48600769042969 44.707035064697266 44.6073112487793 
v 91.9602279663086 30.686853408813477 30.061670303344727 
v 114.66349029541016 42.035213470458984 48.51291275024414 
v 91.1377182006836 28.015031814575195 33.9672737121582 
v 244.75994873046875 28.6130428314209 76.22036743164062 
v 233.0138702392578 21.16577911376953 102.39636993408203 
v 249.02993774414062 21.546072006225586 76.12586212158203 
v 233.90687561035156 11.957719802856445 109.82746124267578 
v 204.4095001220703 11.080384254455566 -89.52841186523438 
v 210.78106689453125 14.877516746520996 -85.5889663696289 
v 163.41758728027344 78.92330169677734 -88.62113189697266 
v 169.7891387939453 82.7204360961914 -84.68168640136719 
v 103.21895599365234 40.75607681274414 45.53086471557617 
v 99.70110321044922 43.21731185913086 48.84823226928711 
v 163.41758728027344 78.92330169677734 -88.62113189697266 
v 162.98306274414062 83.33944702148438 -92.17496490478516 
v 270.4900817871094 111.39131164550781 -45.18257141113281 
v 250.0795135498047 145.1714324951172 -44.7308235168457 
v 267.2598876953125 109.34330749511719 -37.98417282104492 
v 251.20474243164062 135.9151153564453 -37.62881851196289 
v 204.4095001220703 11.080384254455566 -89.52841186523438 
v 208.0741729736328 8.712237358093262 -93.17298126220703 
v 144.21087646484375 -27.086841583251953 44.62358093261719 
v 144.79220581054688 -31.409894943237305 47.850223541259766 
v 218.9713897705078 88.74549865722656 -1.318752646446228 
v 215.9569854736328 83.3155746459961 8.790423393249512 
v 234.41018676757812 97.94624328613281 8.226824760437012 
v 231.39578247070312 92.51631927490234 18.336000442504883 
v 216.9353790283203 73.96617126464844 16.21962547302246 
v 232.37417602539062 83.16691589355469 25.765201568603516 
v 221.73875427246094 63.32769012451172 18.704912185668945 
v 237.17755126953125 72.52843475341797 28.250490188598633 
v 228.8059539794922 54.31999588012695 15.956891059875488 
v 244.2447509765625 63.5207405090332 25.50246810913086 
v 236.53834533691406 49.25277328491211 8.334892272949219 
v 251.97714233398438 58.45351791381836 17.880468368530273 
v 242.71253967285156 49.45314025878906 -1.8442208766937256 
v 258.1513366699219 58.65388488769531 7.701356410980225 
v 245.6415557861328 55.0244026184082 -11.951506614685059 
v 261.0803527832031 64.22515106201172 -2.4059298038482666 
v 244.51632690429688 64.28070831298828 -19.053508758544922 
v 259.9551086425781 73.48145294189453 -9.507932662963867 
v 239.94517517089844 74.8709487915039 -21.86788558959961 
v 255.38397216796875 84.07169342041016 -12.322308540344238 
v 232.645751953125 83.92688751220703 -18.790775299072266 
v 248.0845489501953 93.12763214111328 -9.245198249816895 
v 225.06019592285156 89.08720397949219 -11.495975494384766 
v 240.4989776611328 98.28794860839844 -1.9503979682922363 
v 218.9713897705078 88.74549865722656 -1.318752646446228 
v 234.41018676757812 97.94624328613281 8.226824760437012 
v 200.88671875 21.506284713745117 -75.97542572021484 
v 197.9459991455078 19.75376319885254 -77.79362487792969 
v 174.07118225097656 65.88685607910156 -75.38190460205078 
v 171.13046264648438 64.13433837890625 -77.20011138916016 
v 145.58380126953125 72.97035217285156 -102.93267822265625 
v 129.04185485839844 72.4521255493164 -75.67868041992188 
v 133.39724731445312 65.24382019042969 -75.77507781982422 
v 122.1471939086914 33.682559967041016 44.459877014160156 
v 98.62141418457031 19.662382125854492 29.914236068725586 
v 122.88430786132812 36.495723724365234 40.55615234375 
v 99.35852813720703 22.47554588317871 26.010513305664062 
v 121.31263732910156 40.77734375 38.97119140625 
v 97.786865234375 26.75716209411621 24.42555046081543 
v 186.97158813476562 -7.952298641204834 -74.65707397460938 
v 145.2730255126953 -34.39008331298828 18.267723083496094 
v 194.56845092773438 -3.4249489307403564 -69.96004486083984 
v 152.86988830566406 -29.862733840942383 22.964752197265625 
v 200.8646240234375 159.61199951171875 -375.70648193359375 
v 248.19781494140625 108.79332733154297 -381.9314270019531 
v 172.9210662841797 133.43557739257812 -373.4557800292969 
v 220.00921630859375 82.47087097167969 -379.8322448730469 
v 262.79296875 73.93231201171875 -59.293846130371094 
v 259.122314453125 71.60503387451172 -51.11384201049805 
v 232.1604461669922 55.67686462402344 -78.23348236083984 
v 228.4897918701172 53.34959411621094 -70.05347442626953 
v 197.85726928710938 35.09415054321289 -88.99311065673828 
v 139.13900756835938 -34.33172607421875 10.91650676727295 
v 143.40899658203125 -41.39869689941406 10.821998596191406 
v 127.39293670654297 -41.778987884521484 37.09251022338867 
v 128.2859344482422 -50.98704528808594 44.523597717285156 
v 204.58132934570312 52.57793045043945 422.48321533203125 
v 205.3424072265625 55.01531982421875 418.9029235839844 
v 202.25906372070312 53.0604133605957 425.7741394042969 
v 201.49942016601562 61.37559509277344 418.9880065917969 
v 198.41607666015625 59.420684814453125 425.85919189453125 
v 199.03033447265625 61.764991760253906 422.6060791015625 
v 146.8102264404297 -36.9341926574707 18.233699798583984 
v 188.50877380371094 -10.496406555175781 -74.69110107421875 
v 154.40708923339844 -32.40684127807617 22.930728912353516 
v 196.10565185546875 -5.969057083129883 -69.99407196044922 
v 95.83470916748047 20.241365432739258 33.86331558227539 
v 119.36048126220703 34.26154708862305 48.40895462036133 
v 92.7947769165039 23.59207534790039 35.55035400390625 
v 116.320556640625 37.61225509643555 50.09599304199219 
v 91.1377182006836 28.015031814575195 33.9672737121582 
v 114.66349029541016 42.035213470458984 48.51291275024414 
v 138.4187469482422 28.806804656982422 33.17189025878906 
v 115.13802337646484 14.932666778564453 18.777767181396484 
v 140.7215576171875 22.64293098449707 35.388572692871094 
v 117.44084167480469 8.768795013427734 20.994447708129883 
v 144.99453735351562 17.923669815063477 33.026344299316406 
v 121.71381378173828 4.049532413482666 18.63222312927246 
v 148.85696411132812 17.244783401489258 27.433700561523438 
v 125.57625579833984 3.370645761489868 13.03957748413086 
v 97.786865234375 26.75716209411621 24.42555046081543 
v 99.35852813720703 22.47554588317871 26.010513305664062 
v 94.66153717041016 30.24921226501465 26.114473342895508 
v 95.83470916748047 20.241365432739258 33.86331558227539 
v 91.1377182006836 28.015031814575195 33.9672737121582 
v 92.7947769165039 23.59207534790039 35.55035400390625 
v 208.0741729736328 8.712237358093262 -93.17298126220703 
v 204.4095001220703 11.080384254455566 -89.52841186523438 
v 162.98306274414062 83.33944702148438 -92.17496490478516 
v 163.41758728027344 78.92330169677734 -88.62113189697266 
v 238.99288940429688 60.59213638305664 7.208032608032227 
v 242.57516479492188 60.713035583496094 1.2976417541503906 
v 234.60755920410156 63.48080062866211 11.516448020935059 
v 243.56393432617188 69.15933990478516 -8.442750930786133 
v 228.9111785888672 83.32733917236328 1.600069522857666 
v 236.73194885253906 80.46649169921875 -8.291537284851074 
v 232.26123046875 83.49649047851562 -3.9812331199645996 
v 227.77557373046875 74.78794860839844 11.667661666870117 
v 227.122314453125 80.23831176757812 7.470767021179199 
v 109.25291442871094 -4.233005523681641 363.5430908203125 
v 106.93064880371094 -3.7505245208740234 366.833984375 
v 110.01399993896484 -1.7956165075302124 359.9627990722656 
v 106.17100524902344 4.564656734466553 360.0478515625 
v 108.7225112915039 1.6862173080444336 358.695556640625 
v 103.08766174316406 2.609748601913452 366.9190673828125 
v 104.46456146240234 -1.0134166479110718 368.1843566894531 
v -222.82467651367188 118.08154296875 -266.74395751953125 
v -213.47930908203125 126.78036499023438 -278.53662109375 
v -219.2415771484375 116.56446075439453 -265.5677490234375 
v -209.89620971679688 125.2632827758789 -277.36041259765625 
v 105.04598999023438 49.28733825683594 24.02324867248535 
v 146.7445526123047 75.7251205444336 -68.90155029296875 
v 103.5087890625 51.831443786621094 24.05727195739746 
v 145.2073516845703 78.26923370361328 -68.8675308227539 
v 181.36988830566406 91.46326446533203 58.94326400756836 
v 215.43348693847656 113.0603256225586 -16.967138290405273 
v 176.84368896484375 98.95425415039062 59.04344177246094 
v 210.9073028564453 120.55131530761719 -16.866958618164062 
v 180.764892578125 102.58795928955078 -35.503562927246094 
v 210.9073028564453 120.55131530761719 -16.866958618164062 
v 185.2910919189453 95.09696960449219 -35.60374069213867 
v 215.43348693847656 113.0603256225586 -16.967138290405273 
v 146.7445526123047 75.7251205444336 -68.90155029296875 
v 105.04598999023438 49.28733825683594 24.02324867248535 
v 139.14767456054688 71.19776916503906 -73.59857940673828 
v 97.4491195678711 44.759986877441406 19.32621955871582 
v 137.61048889160156 73.74188232421875 -73.56455993652344 
v 95.91192626953125 47.30409622192383 19.36024284362793 
v 145.2073516845703 78.26923370361328 -68.8675308227539 
v 103.5087890625 51.831443786621094 24.05727195739746 
v 82.30182647705078 32.84822082519531 38.090518951416016 
v 94.97999572753906 4.135322570800781 45.260765075683594 
v 98.35699462890625 6.2764105796813965 37.73516845703125 
v 139.14767456054688 71.19776916503906 -73.59857940673828 
v 97.4491195678711 44.759986877441406 19.32621955871582 
v 137.61048889160156 73.74188232421875 -73.56455993652344 
v 95.91192626953125 47.30409622192383 19.36024284362793 
v 146.70127868652344 80.99089813232422 40.40684127807617 
v 180.764892578125 102.58795928955078 -35.503562927246094 
v 151.22747802734375 73.49990844726562 40.306663513183594 
v 185.2910919189453 95.09696960449219 -35.60374069213867 
v 176.84368896484375 98.95425415039062 59.04344177246094 
v 146.70127868652344 80.99089813232422 40.40684127807617 
v 181.36988830566406 91.46326446533203 58.94326400756836 
v 151.22747802734375 73.49990844726562 40.306663513183594 
v 204.05091857910156 58.497154235839844 417.6357116699219 
v 205.3424072265625 55.01531982421875 418.9029235839844 
v 156.50924682617188 30.164705276489258 388.24139404296875 
v 157.8007354736328 26.682870864868164 389.50860595703125 
v 186.21707153320312 20.011037826538086 94.49479675292969 
v 168.79550170898438 48.844276428222656 94.88038635253906 
v 190.55445861816406 17.873912811279297 89.53954315185547 
v 169.03369140625 53.4914436340332 90.01586151123047 
v 154.40708923339844 -32.40684127807617 22.930728912353516 
v 196.10565185546875 -5.969057083129883 -69.99407196044922 
v 152.86988830566406 -29.862733840942383 22.964752197265625 
v 194.56845092773438 -3.4249489307403564 -69.96004486083984 
v 190.67489624023438 -1.6568549871444702 -103.93069458007812 
v 178.4883575439453 -9.383391380310059 -76.7730941772461 
v 243.3628387451172 29.742507934570312 -71.35452270507812 
v 231.17630004882812 22.015972137451172 -44.19691848754883 
v 284.1092834472656 53.56137466430664 -11.469230651855469 
v 139.6337890625 32.509437561035156 27.637840270996094 
v 116.35307312011719 18.63530158996582 13.2437162399292 
v 138.4187469482422 28.806804656982422 33.17189025878906 
v 115.13802337646484 14.932666778564453 18.777767181396484 
v 258.559814453125 44.9326057434082 -30.00435447692871 
v 272.7733154296875 53.40312957763672 -21.21636390686035 
v 256.2645263671875 47.38703155517578 -28.657752990722656 
v 270.47802734375 55.8575553894043 -19.869762420654297 
v 255.14382934570312 50.586181640625 -29.928747177124023 
v 269.3573303222656 59.056705474853516 -21.140758514404297 
v 288.2603759765625 68.59187316894531 -9.945503234863281 
v 285.965087890625 71.04630279541016 -8.59890079498291 
v 284.8443908691406 74.24545288085938 -9.86989688873291 
v 290.2650146484375 68.29898071289062 -12.905423164367676 
v 290.75640869140625 70.1744155883789 -15.507903099060059 
v 288.2603759765625 68.59187316894531 -9.945503234863281 
v 287.3404235839844 75.82799530029297 -15.432295799255371 
v 284.8443908691406 74.24545288085938 -9.86989688873291 
v 285.48260498046875 76.21398162841797 -12.799572944641113 
v 178.8429718017578 54.832061767578125 101.09259033203125 
v 168.79550170898438 48.844276428222656 94.88038635253906 
v 196.26454162597656 25.998823165893555 100.70699310302734 
v 186.21707153320312 20.011037826538086 94.49479675292969 
v 120.13011169433594 18.097755432128906 7.652964115142822 
v 143.41082763671875 31.971891403198242 22.047086715698242 
v 124.48847961425781 13.237152099609375 5.288849353790283 
v 147.76919555664062 27.111289978027344 19.682971954345703 
v 126.70589447021484 7.2146196365356445 7.507421016693115 
v 149.9866180419922 21.088756561279297 21.90154457092285 
v 125.57625579833984 3.370645761489868 13.03957748413086 
v 148.85696411132812 17.244783401489258 27.433700561523438 
v 255.14382934570312 50.586181640625 -29.928747177124023 
v 269.3573303222656 59.056705474853516 -21.140758514404297 
v 255.78207397460938 52.55471420288086 -32.85842514038086 
v 269.99554443359375 61.025238037109375 -24.0704345703125 
v 284.8443908691406 74.24545288085938 -9.86989688873291 
v 285.48260498046875 76.21398162841797 -12.799572944641113 
v 218.10147094726562 69.02578735351562 63.16837692260742 
v 213.74310302734375 73.88639068603516 65.5324935913086 
v 220.3188934326172 63.00325393676758 65.38694763183594 
v 215.32681274414062 59.838165283203125 76.51174926757812 
v 219.18923950195312 59.159278869628906 70.91910552978516 
v 208.7510223388672 70.72129821777344 76.65729522705078 
v 209.966064453125 74.42393493652344 71.12324523925781 
v 131.3445281982422 33.14640426635742 38.36479568481445 
v 141.3286895751953 39.47657775878906 16.11519432067871 
v 153.377685546875 -3.3191640377044678 37.87712860107422 
v 163.36184692382812 3.01101016998291 15.62752914428711 
v 209.966064453125 74.42393493652344 71.12324523925781 
v 213.74310302734375 73.88639068603516 65.5324935913086 
v 186.6853485107422 60.54979705810547 56.72911834716797 
v 190.46238708496094 60.01225280761719 51.13836669921875 
v 116.35307312011719 18.63530158996582 13.2437162399292 
v 120.13011169433594 18.097755432128906 7.652964115142822 
v 115.13802337646484 14.932666778564453 18.777767181396484 
v 121.71381378173828 4.049532413482666 18.63222312927246 
v 117.44084167480469 8.768795013427734 20.994447708129883 
v 126.70589447021484 7.2146196365356445 7.507421016693115 
v 125.57625579833984 3.370645761489868 13.03957748413086 
v 257.4458312988281 85.21102142333984 -4.359803199768066 
v 252.12408447265625 92.00212860107422 -2.2983157634735107 
v 240.882080078125 75.27836608886719 -10.003146171569824 
v 236.73194885253906 80.46649169921875 -8.291537284851074 
v 246.3828582763672 95.79048156738281 3.335911989212036 
v 232.26123046875 83.49649047851562 -3.9812331199645996 
v 241.8102569580078 95.62814331054688 10.88797378540039 
v 228.9111785888672 83.32733917236328 1.600069522857666 
v 239.48204040527344 91.41521453857422 18.714311599731445 
v 227.122314453125 80.23831176757812 7.470767021179199 
v 240.3780059814453 84.55486297607422 23.877685546875 
v 227.77557373046875 74.78794860839844 11.667661666870117 
v 243.791015625 76.55357360839844 26.069795608520508 
v 230.4574432373047 68.6689224243164 13.228055953979492 
v 249.2595977783203 69.85556030273438 23.681106567382812 
v 234.60755920410156 63.48080062866211 11.516448020935059 
v 254.85400390625 65.97412109375 18.37407875061035 
v 238.99288940429688 60.59213638305664 7.208032608032227 
v 259.488037109375 66.37088775634766 10.496707916259766 
v 242.57516479492188 60.713035583496094 1.2976417541503906 
v 261.75482177734375 70.3493881225586 2.995680809020996 
v 244.13180541992188 63.85031509399414 -4.243967533111572 
v 261.00567626953125 77.30282592773438 -2.494893789291382 
v 243.56393432617188 69.15933990478516 -8.442750930786133 
v 257.4458312988281 85.21102142333984 -4.359803199768066 
v 240.882080078125 75.27836608886719 -10.003146171569824 
v 204.48670959472656 52.546356201171875 103.13851928710938 
v 205.10098266601562 54.89065933227539 99.88542175292969 
v 202.16445922851562 53.02884292602539 106.4294204711914 
v 201.2579803466797 61.25093078613281 99.97047424316406 
v 198.32147216796875 59.38911437988281 106.51448059082031 
v 198.93572998046875 61.73341751098633 103.26138305664062 
v 231.04409790039062 16.725156784057617 71.29869842529297 
v 238.64096069335938 21.252506256103516 75.99573516845703 
v 272.7426452636719 43.162940979003906 -21.626096725463867 
v 280.3395080566406 47.69029235839844 -16.929067611694336 
v 200.0763397216797 80.1244125366211 92.6423110961914 
v 197.2896270751953 80.7033920288086 96.59139251708984 
v 176.55055236816406 66.10423278808594 78.09667205810547 
v 173.76385498046875 66.68321228027344 82.04574584960938 
v 199.2417755126953 87.21919250488281 87.15362548828125 
v 200.81344604492188 82.93757629394531 88.73858642578125 
v 175.71600341796875 73.19901275634766 72.60798645019531 
v 177.2876739501953 68.91739654541016 74.19294738769531 
v 200.0763397216797 80.1244125366211 92.6423110961914 
v 176.55055236816406 66.10423278808594 78.09667205810547 
v 197.79974365234375 16.4119930267334 -65.38374328613281 
v 198.43798828125 18.380523681640625 -68.31342315673828 
v 178.44000244140625 4.874553203582764 -77.35359191894531 
v 179.07823181152344 6.84308385848999 -80.28327178955078 
v 168.48123168945312 -4.8547282218933105 -88.3666000366211 
v 240.17816162109375 18.708398818969727 75.96170806884766 
v 232.58128356933594 14.181048393249512 71.26467895507812 
v 281.876708984375 45.146183013916016 -16.963090896606445 
v 274.27984619140625 40.61883544921875 -21.660120010375977 
v 99.70110321044922 43.21731185913086 48.84823226928711 
v 103.21895599365234 40.75607681274414 45.53086471557617 
v 144.79220581054688 -31.409894943237305 47.850223541259766 
v 144.21087646484375 -27.086841583251953 44.62358093261719 
v 155.745849609375 24.602951049804688 -67.23939514160156 
v 168.83438110351562 32.34156799316406 -54.54916763305664 
v 150.42410278320312 31.39405632019043 -65.17790222167969 
v 164.68426513671875 37.52968978881836 -52.83755874633789 
v 144.68287658691406 35.182411193847656 -59.543678283691406 
v 160.21353149414062 40.559688568115234 -48.52725601196289 
v 140.1102752685547 35.02007293701172 -51.991615295410156 
v 156.86349487304688 40.390541076660156 -42.945953369140625 
v 137.7820587158203 30.80714225769043 -44.165279388427734 
v 155.07461547851562 37.301513671875 -37.07525634765625 
v 138.67803955078125 23.946792602539062 -39.00190353393555 
v 155.72787475585938 31.851150512695312 -32.878360748291016 
v 142.09104919433594 15.945508003234863 -36.809791564941406 
v 158.4097442626953 25.732118606567383 -31.317968368530273 
v 147.5596160888672 9.247493743896484 -39.198482513427734 
v 162.5598602294922 20.543996810913086 -33.02957534790039 
v 153.15402221679688 5.366048812866211 -44.50550842285156 
v 166.9451904296875 17.65533447265625 -37.337989807128906 
v 157.7880401611328 5.762814998626709 -52.38288116455078 
v 170.5274658203125 17.776235580444336 -43.248382568359375 
v 160.05484008789062 9.741315841674805 -59.883907318115234 
v 172.0841064453125 20.91351318359375 -48.78998947143555 
v 159.30569458007812 16.69475746154785 -65.37448120117188 
v 171.51625061035156 26.2225341796875 -52.988773345947266 
v 155.745849609375 24.602951049804688 -67.23939514160156 
v 168.83438110351562 32.34156799316406 -54.54916763305664 
v 198.43798828125 18.380523681640625 -68.31342315673828 
v 200.29579162597656 17.994535446166992 -70.9461441040039 
v 179.07823181152344 6.84308385848999 -80.28327178955078 
v 180.93603515625 6.457096576690674 -82.9159927368164 
v 170.3390350341797 -5.240715503692627 -90.99932861328125 
v 200.29579162597656 17.994535446166992 -70.9461441040039 
v 202.59109497070312 15.54011058807373 -72.2927474975586 
v 180.93603515625 6.457096576690674 -82.9159927368164 
v 183.23133850097656 4.002670764923096 -84.2625961303711 
v 172.63433837890625 -7.695140838623047 -92.34593200683594 
v 173.75503540039062 -10.894292831420898 -91.07493591308594 
v 203.71177673339844 12.340958595275879 -71.0217514038086 
v 184.35203552246094 0.8035193681716919 -82.9916000366211 
v 173.2636260986328 -12.769736289978027 -88.47245025634766 
v 203.22036743164062 10.4655179977417 -68.41927337646484 
v 183.86062622070312 -1.071921467781067 -80.38912200927734 
v 197.2661895751953 74.5649642944336 49.52082061767578 
v 186.10740661621094 67.49006652832031 74.38801574707031 
v 189.85061645507812 68.39319610595703 46.115577697753906 
v 179.866455078125 62.063026428222656 68.36518096923828 
v 232.64015197753906 101.61026763916016 -42.71262741088867 
v 233.5240936279297 104.51651763916016 -46.943546295166016 
v 254.69557189941406 114.75418853759766 -29.07608985900879 
v 255.5795135498047 117.66043853759766 -33.3070068359375 
v 231.95242309570312 108.79814147949219 -48.52851104736328 
v 254.00784301757812 121.94205474853516 -34.89197540283203 
v 238.35736083984375 120.62063598632812 -8.3056058883667 
v 238.87274169921875 122.12030792236328 -10.584667205810547 
v 216.30194091796875 107.47671508789062 -21.9421443939209 
v 216.81732177734375 108.97638702392578 -24.22120475769043 
v 189.85061645507812 68.39319610595703 46.115577697753906 
v 211.88377380371094 31.92763328552246 45.62791442871094 
v 197.2661895751953 74.5649642944336 49.52082061767578 
v 220.83653259277344 35.55529022216797 48.99913024902344 
v 248.8689422607422 118.68387603759766 -23.439973831176758 
v 247.2118682861328 123.1068344116211 -25.02305030822754 
v 226.8135223388672 105.53996276855469 -37.07651138305664 
v 225.1564483642578 109.9629135131836 -38.65958786010742 
v 254.69557189941406 114.75418853759766 -29.07608985900879 
v 251.9088592529297 115.33316802978516 -25.127010345458984 
v 232.64015197753906 101.61026763916016 -42.71262741088867 
v 229.8534393310547 102.18924713134766 -38.7635498046875 
v 248.8689422607422 118.68387603759766 -23.439973831176758 
v 226.8135223388672 105.53996276855469 -37.07651138305664 
v 247.2118682861328 123.1068344116211 -25.02305030822754 
v 248.03439331054688 125.77865600585938 -28.92865562438965 
v 225.1564483642578 109.9629135131836 -38.65958786010742 
v 225.97897338867188 112.63473510742188 -42.56519317626953 
v 248.03439331054688 125.77865600585938 -28.92865562438965 
v 250.8825225830078 125.4341049194336 -33.20304870605469 
v 225.97897338867188 112.63473510742188 -42.56519317626953 
v 228.8271026611328 112.2901840209961 -46.83958435058594 
v 254.00784301757812 121.94205474853516 -34.89197540283203 
v 231.95242309570312 108.79814147949219 -48.52851104736328 
v 209.67776489257812 28.480388641357422 73.8663330078125 
v 220.83653259277344 35.55529022216797 48.99913024902344 
v 201.89959716796875 25.597457885742188 67.87751007080078 
v 211.88377380371094 31.92763328552246 45.62791442871094 
v 201.2157440185547 10.758415222167969 -65.4593505859375 
v 198.92044067382812 13.212841033935547 -64.11274719238281 
v 181.85598754882812 -0.7790239453315735 -77.42919921875 
v 179.56068420410156 1.6754016876220703 -76.08259582519531 
v 168.96368408203125 -10.02241039276123 -84.16593170166016 
v 167.84300231933594 -6.823258876800537 -85.43692779541016 
v 197.79974365234375 16.4119930267334 -65.38374328613281 
v 178.44000244140625 4.874553203582764 -77.35359191894531 
v 203.22036743164062 10.4655179977417 -68.41927337646484 
v 201.2157440185547 10.758415222167969 -65.4593505859375 
v 183.86062622070312 -1.071921467781067 -80.38912200927734 
v 181.85598754882812 -0.7790239453315735 -77.42919921875 
v 171.2589874267578 -12.476835250854492 -85.51253509521484 
v 240.5597381591797 122.01699829101562 -13.213605880737305 
v 242.21978759765625 119.9417495727539 -13.898248672485352 
v 218.5043182373047 108.87307739257812 -26.850143432617188 
v 220.16436767578125 106.7978286743164 -27.534786224365234 
v 173.2636260986328 -12.769736289978027 -88.47245025634766 
v 171.2589874267578 -12.476835250854492 -85.51253509521484 
v 173.75503540039062 -10.894292831420898 -91.07493591308594 
v 170.3390350341797 -5.240715503692627 -90.99932861328125 
v 172.63433837890625 -7.695140838623047 -92.34593200683594 
v 167.84300231933594 -6.823258876800537 -85.43692779541016 
v 168.96368408203125 -10.02241039276123 -84.16593170166016 
v 254.69557189941406 114.75418853759766 -29.07608985900879 
v 255.5795135498047 117.66043853759766 -33.3070068359375 
v 251.9088592529297 115.33316802978516 -25.127010345458984 
v 250.8825225830078 125.4341049194336 -33.20304870605469 
v 247.2118682861328 123.1068344116211 -25.02305030822754 
v 248.03439331054688 125.77865600585938 -28.92865562438965 
v 239.2832794189453 118.0799331665039 -7.354249954223633 
v 238.35736083984375 120.62063598632812 -8.3056058883667 
v 217.2278594970703 104.9360122680664 -20.990787506103516 
v 216.30194091796875 107.47671508789062 -21.9421443939209 
v 203.9125213623047 16.377927780151367 -75.237548828125 
v 202.7918243408203 19.57707977294922 -76.508544921875 
v 181.3669891357422 2.9419212341308594 -89.17711639404297 
v 180.2462921142578 6.1410746574401855 -90.4481201171875 
v 167.71109008789062 4.82219123840332 -96.44831848144531 
v 168.3493194580078 6.790722370147705 -99.37799072265625 
v 203.43006896972656 21.545610427856445 -79.43822479248047 
v 180.884521484375 8.109603881835938 -93.37779235839844 
v 218.5043182373047 108.87307739257812 -26.850143432617188 
v 216.81732177734375 108.97638702392578 -24.22120475769043 
v 240.5597381591797 122.01699829101562 -13.213605880737305 
v 238.87274169921875 122.12030792236328 -10.584667205810547 
v 203.43006896972656 21.545610427856445 -79.43822479248047 
v 205.28787231445312 21.159624099731445 -82.0709457397461 
v 180.884521484375 8.109603881835938 -93.37779235839844 
v 182.74234008789062 7.723618030548096 -96.0105209350586 
v 170.20713806152344 6.4047346115112305 -102.0107192993164 
v 152.73426818847656 63.10112762451172 -37.49842834472656 
v 150.92739868164062 65.08328247070312 -36.4865837097168 
v 137.7855987548828 54.19247055053711 -46.740970611572266 
v 135.9787139892578 56.17462921142578 -45.7291259765625 
v 131.28173828125 51.260894775390625 -49.23480987548828 
v 130.35581970214844 53.80160140991211 -50.1861686706543 
v 150.00146484375 67.62399291992188 -37.43794250488281 
v 135.05279541015625 58.71533203125 -46.680484771728516 
v 130.87120056152344 55.30126953125 -52.46522903442383 
v 150.51686096191406 69.12366485595703 -39.717002868652344 
v 135.56817626953125 60.21500778198242 -48.95954513549805 
v 217.2278594970703 104.9360122680664 -20.990787506103516 
v 219.03472900390625 102.953857421875 -22.00263023376465 
v 239.2832794189453 118.0799331665039 -7.354249954223633 
v 241.09014892578125 116.09777069091797 -8.36609172821045 
v 220.66030883789062 102.61611938476562 -24.306262969970703 
v 242.71572875976562 115.7600326538086 -10.669724464416504 
v 221.23712158203125 104.3502197265625 -26.910629272460938 
v 243.29254150390625 117.49413299560547 -13.274091720581055 
v 220.16436767578125 106.7978286743164 -27.534786224365234 
v 242.21978759765625 119.9417495727539 -13.898248672485352 
v 242.21978759765625 119.9417495727539 -13.898248672485352 
v 240.5597381591797 122.01699829101562 -13.213605880737305 
v 243.29254150390625 117.49413299560547 -13.274091720581055 
v 241.09014892578125 116.09777069091797 -8.36609172821045 
v 242.71572875976562 115.7600326538086 -10.669724464416504 
v 238.35736083984375 120.62063598632812 -8.3056058883667 
v 238.87274169921875 122.12030792236328 -10.584667205810547 
v 145.58380126953125 72.97035217285156 -102.93267822265625 
v 161.6389617919922 46.39854431152344 -103.28803253173828 
v 198.271728515625 104.36971282958984 -70.35650634765625 
v 214.326904296875 77.79790496826172 -70.71186065673828 
v 267.2598876953125 109.34330749511719 -37.98417282104492 
v 197.9459991455078 19.75376319885254 -77.79362487792969 
v 159.9180908203125 -4.356753826141357 6.951174736022949 
v 171.13046264648438 64.13433837890625 -77.20011138916016 
v 133.1025390625 40.02381896972656 7.544689178466797 
v 157.12088012695312 -2.416032314300537 9.604689598083496 
v 133.550537109375 36.59364318847656 10.12637710571289 
v 119.59455871582031 31.4594669342041 37.64708709716797 
v 122.39176177978516 29.51874351501465 34.99357604980469 
v 146.4101104736328 -12.921106338500977 37.05357360839844 
v 145.9621124267578 -9.49093246459961 34.47188949584961 
v 208.2124481201172 13.63060474395752 -79.5440673828125 
v 206.20782470703125 13.923502922058105 -76.58415222167969 
v 185.6669158935547 0.19459907710552216 -93.483642578125 
v 183.66229248046875 0.48749759793281555 -90.52372741699219 
v 171.04168701171875 -0.6900442242622375 -96.52203369140625 
v 168.831787109375 1.6230393648147583 -95.17731475830078 
v 203.9125213623047 16.377927780151367 -75.237548828125 
v 181.3669891357422 2.9419212341308594 -89.17711639404297 
v 144.21087646484375 -27.086841583251953 44.62358093261719 
v 150.5824432373047 -23.289709091186523 48.563026428222656 
v 204.4095001220703 11.080384254455566 -89.52841186523438 
v 210.78106689453125 14.877516746520996 -85.5889663696289 
v 168.3493194580078 6.790722370147705 -99.37799072265625 
v 170.20713806152344 6.4047346115112305 -102.0107192993164 
v 167.71109008789062 4.82219123840332 -96.44831848144531 
v 171.04168701171875 -0.6900442242622375 -96.52203369140625 
v 168.831787109375 1.6230393648147583 -95.17731475830078 
v 173.5377197265625 0.8924991488456726 -102.08443450927734 
v 173.1317138671875 -1.1242843866348267 -99.48384094238281 
v 212.1339111328125 98.5785903930664 -6.624230861663818 
v 224.76194763183594 103.605224609375 0.4725000858306885 
v 211.7039337158203 96.93757629394531 -4.347062110900879 
v 224.24655151367188 102.10555267333984 2.751559019088745 
v 222.7063751220703 102.30194854736328 5.053299903869629 
v 238.19715881347656 100.38414001464844 11.458905220031738 
v 240.25271606445312 101.68740844726562 6.8781046867370605 
v 239.73733520507812 100.18773651123047 9.157163619995117 
v 200.88671875 21.506284713745117 -75.97542572021484 
v 162.8588104248047 -2.604231119155884 8.769379615783691 
v 197.9459991455078 19.75376319885254 -77.79362487792969 
v 159.9180908203125 -4.356753826141357 6.951174736022949 
v 149.350830078125 -11.168583869934082 38.87177658081055 
v 146.4101104736328 -12.921106338500977 37.05357360839844 
v 235.89434814453125 106.54801177978516 9.24222183227539 
v 235.46435546875 104.90699768066406 11.519390106201172 
v 237.51992797851562 106.21027374267578 6.9385905265808105 
v 238.19715881347656 100.38414001464844 11.458905220031738 
v 240.25271606445312 101.68740844726562 6.8781046867370605 
v 239.73733520507812 100.18773651123047 9.157163619995117 
v 143.27044677734375 78.9462890625 38.28560256958008 
v 177.3340606689453 100.54335021972656 -37.62480163574219 
v 113.37310028076172 61.128971099853516 19.800518035888672 
v 147.43670654296875 82.72603607177734 -56.109886169433594 
v 156.72610473632812 51.65043640136719 -39.80409240722656 
v 141.2873077392578 42.44969177246094 -49.349666595458984 
v 153.71170043945312 46.22051239013672 -29.694913864135742 
v 138.2729034423828 37.019771575927734 -39.24049377441406 
v 154.69009399414062 36.871116638183594 -22.26571273803711 
v 139.2512969970703 27.67037010192871 -31.811290740966797 
v 159.49346923828125 26.232629776000977 -19.780426025390625 
v 144.0546875 17.031885147094727 -29.32600212097168 
v 166.5606689453125 17.224937438964844 -22.5284481048584 
v 151.1218719482422 8.024192810058594 -32.07402420043945 
v 174.29306030273438 12.15771484375 -30.15044593811035 
v 158.85426330566406 2.9569711685180664 -39.696022033691406 
v 180.46725463867188 12.358080863952637 -40.329559326171875 
v 165.02845764160156 3.157337188720703 -49.87513732910156 
v 183.39625549316406 17.929344177246094 -50.43684387207031 
v 167.9574737548828 8.72860050201416 -59.982421875 
v 182.2710418701172 27.185651779174805 -57.538848876953125 
v 166.83224487304688 17.984909057617188 -67.08442687988281 
v 177.69989013671875 37.77588653564453 -60.35322189331055 
v 162.26109313964844 28.575143814086914 -69.8988037109375 
v 170.4004669189453 46.83182907104492 -57.27611541748047 
v 154.961669921875 37.63108444213867 -66.82169342041016 
v 162.81491088867188 51.99214172363281 -49.9813117980957 
v 147.37611389160156 42.79139709472656 -59.52688980102539 
v 156.72610473632812 51.65043640136719 -39.80409240722656 
v 141.2873077392578 42.44969177246094 -49.349666595458984 
v 169.88937377929688 77.12870025634766 78.24410247802734 
v 169.06686401367188 74.45687866210938 82.14971160888672 
v 193.41514587402344 91.14888000488281 92.78974151611328 
v 192.59263610839844 88.47705841064453 96.69535064697266 
v 113.37310028076172 61.128971099853516 19.800518035888672 
v 117.8992919921875 53.63798141479492 19.70033836364746 
v 143.27044677734375 78.9462890625 38.28560256958008 
v 147.796630859375 71.4552993774414 38.185420989990234 
v 175.71600341796875 73.19901275634766 72.60798645019531 
v 172.59068298339844 76.6910629272461 74.29690551757812 
v 199.2417755126953 87.21919250488281 87.15362548828125 
v 196.116455078125 90.71124267578125 88.84254455566406 
v 169.88937377929688 77.12870025634766 78.24410247802734 
v 193.41514587402344 91.14888000488281 92.78974151611328 
v 143.27044677734375 78.9462890625 38.28560256958008 
v 147.796630859375 71.4552993774414 38.185420989990234 
v 177.3340606689453 100.54335021972656 -37.62480163574219 
v 181.86024475097656 93.05236053466797 -37.724979400634766 
v 177.3340606689453 100.54335021972656 -37.62480163574219 
v 181.86024475097656 93.05236053466797 -37.724979400634766 
v 147.43670654296875 82.72603607177734 -56.109886169433594 
v 151.96290588378906 75.23504638671875 -56.21006393432617 
v 117.8992919921875 53.63798141479492 19.70033836364746 
v 113.37310028076172 61.128971099853516 19.800518035888672 
v 151.96290588378906 75.23504638671875 -56.21006393432617 
v 147.43670654296875 82.72603607177734 -56.109886169433594 
v 200.0763397216797 80.1244125366211 92.6423110961914 
v 200.81344604492188 82.93757629394531 88.73858642578125 
v 197.2896270751953 80.7033920288086 96.59139251708984 
v 196.116455078125 90.71124267578125 88.84254455566406 
v 192.59263610839844 88.47705841064453 96.69535064697266 
v 193.41514587402344 91.14888000488281 92.78974151611328 
v 238.19715881347656 100.38414001464844 11.458905220031738 
v 236.39027404785156 102.36629486083984 12.470748901367188 
v 222.7063751220703 102.30194854736328 5.053299903869629 
v 220.89950561523438 104.28411102294922 6.065144062042236 
v 210.07835388183594 97.27531433105469 -2.043430805206299 
v 208.27146911621094 99.25747680664062 -1.0315871238708496 
v 235.46435546875 104.90699768066406 11.519390106201172 
v 219.9735870361328 106.82481384277344 5.113785743713379 
v 207.34555053710938 101.79817962646484 -1.9829453229904175 
v 235.89434814453125 106.54801177978516 9.24222183227539 
v 220.403564453125 108.46582794189453 2.8366167545318604 
v 207.86093139648438 103.2978515625 -4.262004375457764 
v 135.96304321289062 61.713340759277344 -71.01288604736328 
v 144.9894256591797 64.97804260253906 -66.03361511230469 
v 136.47842407226562 63.2130126953125 -73.29194641113281 
v 145.5048065185547 66.47772216796875 -68.31267547607422 
v 159.47323608398438 74.80220031738281 -59.67620086669922 
v 158.95785522460938 73.30252838134766 -57.39714050292969 
v 132.411376953125 55.1048698425293 -54.7669677734375 
v 137.10836791992188 60.01860427856445 -51.26128387451172 
v 134.21824645996094 53.122711181640625 -55.778812408447266 
v 138.9152374267578 58.03644561767578 -52.273128509521484 
v 153.86390686035156 66.94509887695312 -43.03058624267578 
v 152.05703735351562 68.92726135253906 -42.018741607666016 
v 167.66978454589844 79.16552734375 85.3798599243164 
v 227.868408203125 117.33275604248047 -48.77214050292969 
v 173.79629516601562 82.81661987304688 89.16778564453125 
v 233.9949188232422 120.98384094238281 -44.98421096801758 
v 268.8603210449219 49.48983383178711 -49.67942428588867 
v 208.6616973876953 11.322609901428223 84.47257232666016 
v 274.98681640625 53.14092254638672 -45.89149475097656 
v 214.7882080078125 14.973699569702148 88.260498046875 
v 173.79629516601562 82.81661987304688 89.16778564453125 
v 233.9949188232422 120.98384094238281 -44.98421096801758 
v 170.2784423828125 85.2778549194336 92.48515319824219 
v 233.56040954589844 125.39998626708984 -48.538047790527344 
v 214.7882080078125 14.973699569702148 88.260498046875 
v 173.79629516601562 82.81661987304688 89.16778564453125 
v 215.36953735351562 10.650644302368164 91.48714447021484 
v 170.2784423828125 85.2778549194336 92.48515319824219 
v 278.6515197753906 50.77277755737305 -49.53606033325195 
v 233.56040954589844 125.39998626708984 -48.538047790527344 
v 274.98681640625 53.14092254638672 -45.89149475097656 
v 233.9949188232422 120.98384094238281 -44.98421096801758 
v 274.98681640625 53.14092254638672 -45.89149475097656 
v 214.7882080078125 14.973699569702148 88.260498046875 
v 278.6515197753906 50.77277755737305 -49.53606033325195 
v 215.36953735351562 10.650644302368164 91.48714447021484 
v 282.4610595703125 84.18489837646484 -38.320621490478516 
v 285.6912536621094 86.23289489746094 -45.51902389526367 
v 229.528076171875 52.63949203491211 -71.04830932617188 
v 232.75823974609375 54.6874885559082 -78.24671173095703 
v 180.07029724121094 23.288127899169922 -110.82288360595703 
v 208.6616973876953 11.322609901428223 84.47257232666016 
v 167.66978454589844 79.16552734375 85.3798599243164 
v 214.7882080078125 14.973699569702148 88.260498046875 
v 173.79629516601562 82.81661987304688 89.16778564453125 
v 200.60093688964844 67.08009338378906 110.56462860107422 
v 180.1903839111328 100.8602066040039 111.0163803100586 
v 147.66793823242188 35.53468704223633 77.8369369506836 
v 127.25738525390625 69.31480407714844 78.28868865966797 
v 74.56944274902344 37.915443420410156 45.71251678466797 
v 250.0795135498047 145.1714324951172 -44.7308235168457 
v 270.4900817871094 111.39131164550781 -45.18257141113281 
v 197.14651489257812 113.62602233886719 -77.45851135253906 
v 217.55706787109375 79.84590148925781 -77.91026306152344 
v 164.86912536621094 48.44654083251953 -110.48643493652344 
v 233.56040954589844 125.39998626708984 -48.538047790527344 
v 278.6515197753906 50.77277755737305 -49.53606033325195 
v 198.271728515625 104.36971282958984 -70.35650634765625 
v 243.3628387451172 29.742507934570312 -71.35452270507812 
v 208.0741729736328 8.712237358093262 -93.17298126220703 
v 215.36953735351562 10.650644302368164 91.48714447021484 
v 170.2784423828125 85.2778549194336 92.48515319824219 
v 180.08087158203125 -10.37962532043457 69.66868591308594 
v 134.98976135253906 64.2475814819336 70.66669464111328 
v 99.70110321044922 43.21731185913086 48.84823226928711 
v 245.1167449951172 94.78469848632812 -50.80385208129883 
v 248.7873992919922 97.11196899414062 -58.983856201171875 
v 214.48422241210938 76.52925872802734 -69.74349212646484 
v 218.15487670898438 78.85652923583984 -77.92349243164062 
v 187.52235412597656 60.6010856628418 -96.86312866210938 
v 179.08116149902344 59.47922897338867 96.22806549072266 
v 169.03369140625 53.4914436340332 90.01586151123047 
v 178.8429718017578 54.832061767578125 101.09259033203125 
v 168.79550170898438 48.844276428222656 94.88038635253906 
v 221.52357482910156 51.08720016479492 116.24237823486328 
v 224.0750732421875 48.20875930786133 114.89010620117188 
v 220.1466827392578 54.71037292480469 114.97705841064453 
v 223.08319091796875 56.57218933105469 108.43305206298828 
v 220.84634399414062 56.913333892822266 111.7220687866211 
v 227.0115966796875 50.07057571411133 108.34610748291016 
v 225.78152465820312 53.786834716796875 106.75358581542969 
v 187.52235412597656 60.6010856628418 -96.86312866210938 
v 218.15487670898438 78.85652923583984 -77.92349243164062 
v 201.52792358398438 37.42142105102539 -97.1731185913086 
v 232.1604461669922 55.67686462402344 -78.23348236083984 
v 262.79296875 73.93231201171875 -59.293846130371094 
v 248.7873992919922 97.11196899414062 -58.983856201171875 
v 146.5794677734375 65.3166275024414 -91.65673065185547 
v 149.42759704589844 64.97207641601562 -95.93112182617188 
v 145.7569580078125 62.64480972290039 -87.7511215209961 
v 150.45394897460938 54.87113952636719 -87.85508728027344 
v 147.4140167236328 58.22185134887695 -86.16804504394531 
v 154.1245880126953 57.19841003417969 -96.03507995605469 
v 153.2406463623047 54.29215621948242 -91.80416107177734 
v 134.92579650878906 -15.277971267700195 55.14516067504883 
v 130.58840942382812 -13.140848159790039 60.10041427612305 
v 113.40503692626953 20.33955955505371 55.62148666381836 
v 113.16683959960938 15.692390441894531 60.48601150512695 
v 210.12576293945312 25.050214767456055 76.44801330566406 
v 183.31021118164062 69.4307861328125 77.0415267944336 
v 207.4300994873047 23.443735122680664 74.78132629394531 
v 180.6145477294922 67.82431030273438 75.37483978271484 
v 113.16683959960938 15.692390441894531 60.48601150512695 
v 130.58840942382812 -13.140848159790039 60.10041427612305 
v 123.21430969238281 21.68017578125 66.69821166992188 
v 140.63587951660156 -7.153062343597412 66.31261444091797 
v 95.85596466064453 -17.845136642456055 40.23939895629883 
v 94.56446838378906 -14.363306999206543 38.97218322753906 
v 98.40746307373047 -20.72357940673828 38.88712692260742 
v 97.50098419189453 -12.501489639282227 32.428184509277344 
v 101.34397888183594 -18.86176300048828 32.34312438964844 
v 100.1139144897461 -15.145503997802734 30.75060272216797 
v 146.70127868652344 80.99089813232422 40.40684127807617 
v 176.84368896484375 98.95425415039062 59.04344177246094 
v 180.764892578125 102.58795928955078 -35.503562927246094 
v 210.9073028564453 120.55131530761719 -16.866958618164062 
v 291.83514404296875 72.42222595214844 -19.41918182373047 
v 291.3437194824219 70.54678344726562 -16.816701889038086 
v 293.8397521972656 72.12932586669922 -22.379104614257812 
v 294.75970458984375 64.89320373535156 -16.892309188842773 
v 297.2557678222656 66.47574615478516 -22.4547119140625 
v 296.6175231933594 64.50721740722656 -19.52503204345703 
v 145.7569580078125 62.64480972290039 -87.7511215209961 
v 167.8123779296875 75.78872680664062 -74.11458587646484 
v 146.5794677734375 65.3166275024414 -91.65673065185547 
v 168.6348876953125 78.4605484008789 -78.02019500732422 
v 233.90687561035156 11.957719802856445 109.82746124267578 
v 215.80210876464844 41.92167663574219 110.22817993164062 
v 180.973876953125 -19.587684631347656 77.09976959228516 
v 162.86911010742188 10.37627124786377 77.50048828125 
v 110.18116760253906 -21.023090362548828 44.924312591552734 
v 147.4140167236328 58.22185134887695 -86.16804504394531 
v 169.4694366455078 71.36576843261719 -72.53150939941406 
v 145.7569580078125 62.64480972290039 -87.7511215209961 
v 167.8123779296875 75.78872680664062 -74.11458587646484 
v 145.9621124267578 -9.49093246459961 34.47188949584961 
v 153.377685546875 -3.3191640377044678 37.87712860107422 
v 157.12088012695312 -2.416032314300537 9.604689598083496 
v 163.36184692382812 3.01101016998291 15.62752914428711 
v 257.6398620605469 52.168724060058594 -35.491146087646484 
v 271.8533630371094 60.639251708984375 -26.703157424926758 
v 259.9351806640625 49.714298248291016 -36.83774948120117 
v 274.1486511230469 58.1848258972168 -28.049758911132812 
v 261.0558776855469 46.5151481628418 -35.56675338745117 
v 275.26934814453125 54.98567199707031 -26.778764724731445 
v 260.564453125 44.639705657958984 -32.96427536010742 
v 274.7779541015625 53.110233306884766 -24.176284790039062 
v 287.3404235839844 75.82799530029297 -15.432295799255371 
v 289.6357116699219 73.37357330322266 -16.778898239135742 
v 290.75640869140625 70.1744155883789 -15.507903099060059 
v 290.2650146484375 68.29898071289062 -12.905423164367676 
v 265.5565490722656 47.80479431152344 -44.089073181152344 
v 283.69097900390625 58.61201477050781 -32.876808166503906 
v 263.5519104003906 48.097694396972656 -41.12915802001953 
v 281.6863708496094 58.90491485595703 -29.916893005371094 
v 261.256591796875 50.55211639404297 -39.78254699707031 
v 279.39105224609375 61.359336853027344 -28.570283889770508 
v 296.6175231933594 64.50721740722656 -19.52503204345703 
v 294.75970458984375 64.89320373535156 -16.892309188842773 
v 292.46441650390625 67.3476333618164 -15.545706748962402 
v 109.40335845947266 -4.118541717529297 44.349891662597656 
v 107.08110046386719 -3.636054754257202 47.64079284667969 
v 110.01762390136719 -1.7742383480072021 41.0967903137207 
v 106.17462921142578 4.586034774780273 41.181846618652344 
v 108.87295532226562 1.800681233406067 39.502376556396484 
v 103.23811340332031 2.7242183685302734 47.72584915161133 
v 104.61500549316406 -0.8989508152008057 48.991172790527344 
v 195.9085235595703 45.28514099121094 56.52497863769531 
v 197.0381622314453 49.12911605834961 50.99282455444336 
v 219.18923950195312 59.159278869628906 70.91910552978516 
v 220.3188934326172 63.00325393676758 65.38694763183594 
v 194.8207550048828 55.151649475097656 48.774253845214844 
v 218.10147094726562 69.02578735351562 63.16837692260742 
v 190.46238708496094 60.01225280761719 51.13836669921875 
v 213.74310302734375 73.88639068603516 65.5324935913086 
v 208.7510223388672 70.72129821777344 76.65729522705078 
v 209.966064453125 74.42393493652344 71.12324523925781 
v 185.47030639648438 56.847164154052734 62.26316833496094 
v 186.6853485107422 60.54979705810547 56.72911834716797 
v 180.1903839111328 100.8602066040039 111.0163803100586 
v 195.31344604492188 110.44856262207031 77.31478118896484 
v 127.25738525390625 69.31480407714844 78.28868865966797 
v 142.3804473876953 78.90316009521484 44.587093353271484 
v 89.69251251220703 47.50379180908203 12.010917663574219 
v 208.0741729736328 8.712237358093262 -93.17298126220703 
v 243.3628387451172 29.742507934570312 -71.35452270507812 
v 144.79220581054688 -31.409894943237305 47.850223541259766 
v 180.08087158203125 -10.37962532043457 69.66868591308594 
v 215.36953735351562 10.650644302368164 91.48714447021484 
v 278.6515197753906 50.77277755737305 -49.53606033325195 
v 239.0181884765625 128.18858337402344 -10.471219062805176 
v 234.6627960205078 135.3968963623047 -10.3748197555542 
v 186.08518981933594 96.64318084716797 -43.19890594482422 
v 181.72979736328125 103.85148620605469 -43.102508544921875 
v 129.04185485839844 72.4521255493164 -75.67868041992188 
v 113.40503692626953 20.33955955505371 55.62148666381836 
v 113.16683959960938 15.692390441894531 60.48601150512695 
v 123.45249938964844 26.32734489440918 61.83368682861328 
v 123.21430969238281 21.68017578125 66.69821166992188 
v 168.83438110351562 32.34156799316406 -54.54916763305664 
v 171.51625061035156 26.2225341796875 -52.988773345947266 
v 164.68426513671875 37.52968978881836 -52.83755874633789 
v 156.86349487304688 40.390541076660156 -42.945953369140625 
v 160.21353149414062 40.559688568115234 -48.52725601196289 
v 162.5598602294922 20.543996810913086 -33.02957534790039 
v 170.5274658203125 17.776235580444336 -43.248382568359375 
v 166.9451904296875 17.65533447265625 -37.337989807128906 
v 155.72787475585938 31.851150512695312 -32.878360748291016 
v 158.4097442626953 25.732118606567383 -31.317968368530273 
v 281.876708984375 45.146183013916016 -16.963090896606445 
v 280.3395080566406 47.69029235839844 -16.929067611694336 
v 240.17816162109375 18.708398818969727 75.96170806884766 
v 238.64096069335938 21.252506256103516 75.99573516845703 
v 122.39176177978516 29.51874351501465 34.99357604980469 
v 131.3445281982422 33.14640426635742 38.36479568481445 
v 145.9621124267578 -9.49093246459961 34.47188949584961 
v 153.377685546875 -3.3191640377044678 37.87712860107422 
v 133.550537109375 36.59364318847656 10.12637710571289 
v 141.3286895751953 39.47657775878906 16.11519432067871 
v 122.39176177978516 29.51874351501465 34.99357604980469 
v 131.3445281982422 33.14640426635742 38.36479568481445 
v 185.47030639648438 56.847164154052734 62.26316833496094 
v 187.7731170654297 50.683292388916016 64.47985076904297 
v 208.7510223388672 70.72129821777344 76.65729522705078 
v 211.0538330078125 64.55742645263672 78.87397003173828 
v 192.04608154296875 45.964027404785156 62.11762619018555 
v 215.32681274414062 59.838165283203125 76.51174926757812 
v 195.9085235595703 45.28514099121094 56.52497863769531 
v 219.18923950195312 59.159278869628906 70.91910552978516 
v 178.8429718017578 54.832061767578125 101.09259033203125 
v 196.26454162597656 25.998823165893555 100.70699310302734 
v 179.08116149902344 59.47922897338867 96.22806549072266 
v 200.6019287109375 23.861698150634766 95.75173950195312 
v 157.12088012695312 -2.416032314300537 9.604689598083496 
v 163.36184692382812 3.01101016998291 15.62752914428711 
v 133.550537109375 36.59364318847656 10.12637710571289 
v 141.3286895751953 39.47657775878906 16.11519432067871 
v 116.35307312011719 18.63530158996582 13.2437162399292 
v 139.6337890625 32.509437561035156 27.637840270996094 
v 120.13011169433594 18.097755432128906 7.652964115142822 
v 143.41082763671875 31.971891403198242 22.047086715698242 
v 272.7426452636719 43.162940979003906 -21.626096725463867 
v 274.27984619140625 40.61883544921875 -21.660120010375977 
v 231.04409790039062 16.725156784057617 71.29869842529297 
v 232.58128356933594 14.181048393249512 71.26467895507812 
v 230.97840881347656 129.3844757080078 -15.8365478515625 
v 223.3815460205078 124.85712432861328 -20.53357696533203 
v 189.2798614501953 102.94668579101562 77.08824920654297 
v 181.68299865722656 98.4193344116211 72.39122009277344 
v 196.26454162597656 25.998823165893555 100.70699310302734 
v 186.21707153320312 20.011037826538086 94.49479675292969 
v 200.6019287109375 23.861698150634766 95.75173950195312 
v 190.55445861816406 17.873912811279297 89.53954315185547 
v 139.13900756835938 -34.33172607421875 10.91650676727295 
v 127.39293670654297 -41.778987884521484 37.09251022338867 
v 191.8269500732422 -2.932361602783203 43.492679595947266 
v 180.08087158203125 -10.37962532043457 69.66868591308594 
v 233.0138702392578 21.16577911376953 102.39636993408203 
v 144.97325134277344 -9.290185928344727 61.35736083984375 
v 140.63587951660156 -7.153062343597412 66.31261444091797 
v 134.92579650878906 -15.277971267700195 55.14516067504883 
v 130.58840942382812 -13.140848159790039 60.10041427612305 
v 261.256591796875 50.55211639404297 -39.78254699707031 
v 279.39105224609375 61.359336853027344 -28.570283889770508 
v 260.13592529296875 53.75127029418945 -41.053550720214844 
v 278.2703552246094 64.5584945678711 -29.841285705566406 
v 260.7741394042969 55.71979904174805 -43.98322296142578 
v 278.9085998535156 66.52702331542969 -32.770957946777344 
v 292.46441650390625 67.3476333618164 -15.545706748962402 
v 291.3437194824219 70.54678344726562 -16.816701889038086 
v 291.83514404296875 72.42222595214844 -19.41918182373047 
v 103.21895599365234 40.75607681274414 45.53086471557617 
v 109.59052276611328 44.55320739746094 49.47031021118164 
v 144.21087646484375 -27.086841583251953 44.62358093261719 
v 150.5824432373047 -23.289709091186523 48.563026428222656 
v 146.5794677734375 65.3166275024414 -91.65673065185547 
v 168.6348876953125 78.4605484008789 -78.02019500732422 
v 149.42759704589844 64.97207641601562 -95.93112182617188 
v 171.48301696777344 78.11599731445312 -82.29458618164062 
v 152.5529327392578 61.48003005981445 -97.62004852294922 
v 174.60833740234375 74.62394714355469 -83.98351287841797 
v 176.8401336669922 21.240129470825195 -103.6244888305664 
v 180.07029724121094 23.288127899169922 -110.82288360595703 
v 190.67489624023438 -1.6568549871444702 -103.93069458007812 
v 198.17506408691406 -6.675828456878662 -111.22360229492188 
v 224.9187469482422 122.3130111694336 -20.56760025024414 
v 232.51560974121094 126.84036254882812 -15.87057113647461 
v 183.22018432617188 95.87522888183594 72.3572006225586 
v 190.81704711914062 100.40258026123047 77.05422973632812 
v 175.2960662841797 67.43607330322266 -78.1676254272461 
v 153.2406463623047 54.29215621948242 -91.80416107177734 
v 176.1800079345703 70.34233093261719 -82.39854431152344 
v 154.1245880126953 57.19841003417969 -96.03507995605469 
v 174.60833740234375 74.62394714355469 -83.98351287841797 
v 152.5529327392578 61.48003005981445 -97.62004852294922 
v 249.02993774414062 21.546072006225586 76.12586212158203 
v 233.90687561035156 11.957719802856445 109.82746124267578 
v 196.09693908691406 -9.999332427978516 43.398170471191406 
v 180.973876953125 -19.587684631347656 77.09976959228516 
v 128.2859344482422 -50.98704528808594 44.523597717285156 
v 123.45249938964844 26.32734489440918 61.83368682861328 
v 123.21430969238281 21.68017578125 66.69821166992188 
v 144.97325134277344 -9.290185928344727 61.35736083984375 
v 140.63587951660156 -7.153062343597412 66.31261444091797 
v 136.8889617919922 59.172637939453125 -70.06153106689453 
v 135.96304321289062 61.713340759277344 -71.01288604736328 
v 138.69583129882812 57.19048309326172 -71.07337188720703 
v 138.16542053222656 63.109703063964844 -75.92089080810547 
v 140.89822387695312 58.58684158325195 -75.98137664794922 
v 139.82546997070312 61.034454345703125 -76.60552978515625 
v 198.17506408691406 -6.675828456878662 -111.22360229492188 
v 250.86300659179688 24.723533630371094 -78.64743041992188 
v 182.7583465576172 -16.450363159179688 -76.86759948730469 
v 235.4462890625 14.949000358581543 -44.29142761230469 
v 288.3792724609375 46.49440383911133 -11.563738822937012 
v 303.7960205078125 56.26893997192383 -45.919742584228516 
v 98.62141418457031 19.662382125854492 29.914236068725586 
v 122.1471939086914 33.682559967041016 44.459877014160156 
v 95.83470916748047 20.241365432739258 33.86331558227539 
v 119.36048126220703 34.26154708862305 48.40895462036133 
v 183.22018432617188 95.87522888183594 72.3572006225586 
v 181.68299865722656 98.4193344116211 72.39122009277344 
v 224.9187469482422 122.3130111694336 -20.56760025024414 
v 223.3815460205078 124.85712432861328 -20.53357696533203 
v 261.6616516113281 57.72508239746094 -38.39918518066406 
v 234.84609985351562 102.10565948486328 -37.80567169189453 
v 223.6337432861328 33.614566802978516 46.34561538696289 
v 196.8181915283203 77.9951400756836 46.93913269042969 
v 220.83653259277344 35.55529022216797 48.99913024902344 
v 197.2661895751953 74.5649642944336 49.52082061767578 
v 183.31021118164062 69.4307861328125 77.0415267944336 
v 186.10740661621094 67.49006652832031 74.38801574707031 
v 210.12576293945312 25.050214767456055 76.44801330566406 
v 209.67776489257812 28.480388641357422 73.8663330078125 
v 189.2798614501953 102.94668579101562 77.08824920654297 
v 190.81704711914062 100.40258026123047 77.05422973632812 
v 230.97840881347656 129.3844757080078 -15.8365478515625 
v 232.51560974121094 126.84036254882812 -15.87057113647461 
v 190.67489624023438 -1.6568549871444702 -103.93069458007812 
v 178.4883575439453 -9.383391380310059 -76.7730941772461 
v 182.7583465576172 -16.450363159179688 -76.86759948730469 
v 170.2784423828125 85.2778549194336 92.48515319824219 
v 233.56040954589844 125.39998626708984 -48.538047790527344 
v 134.98976135253906 64.2475814819336 70.66669464111328 
v 198.271728515625 104.36971282958984 -70.35650634765625 
v 162.98306274414062 83.33944702148438 -92.17496490478516 
v 234.6627960205078 135.3968963623047 -10.3748197555542 
v 250.0795135498047 145.1714324951172 -44.7308235168457 
v 181.72979736328125 103.85148620605469 -43.102508544921875 
v 197.14651489257812 113.62602233886719 -77.45851135253906 
v 144.4585723876953 82.2266616821289 -110.03468322753906 
v 150.51686096191406 69.12366485595703 -39.717002868652344 
v 152.05703735351562 68.92726135253906 -42.018741607666016 
v 135.56817626953125 60.21500778198242 -48.95954513549805 
v 137.10836791992188 60.01860427856445 -51.26128387451172 
v 132.411376953125 55.1048698425293 -54.7669677734375 
v 139.82546997070312 61.034454345703125 -76.60552978515625 
v 148.8518524169922 64.29915618896484 -71.62625885009766 
v 140.89822387695312 58.58684158325195 -75.98137664794922 
v 149.9246063232422 61.85154342651367 -71.0020980834961 
v 140.2360076904297 56.99407958984375 -73.37511444091797 
v 149.34779357910156 60.11744689941406 -68.39773559570312 
v 138.69583129882812 57.19048309326172 -71.07337188720703 
v 147.7222137451172 60.45518493652344 -66.09410095214844 
v 136.8889617919922 59.172637939453125 -70.06153106689453 
v 145.91534423828125 62.43734359741211 -65.08226013183594 
v 163.89303588867188 70.176025390625 -62.36562728881836 
v 163.31622314453125 68.44192504882812 -59.761260986328125 
v 161.69064331054688 68.7796630859375 -57.45762634277344 
v 159.88377380371094 70.76182556152344 -56.44578552246094 
v 127.39293670654297 -41.778987884521484 37.09251022338867 
v 113.55815887451172 -18.882003784179688 37.39871597290039 
v 180.08087158203125 -10.37962532043457 69.66868591308594 
v 166.24610900878906 12.517359733581543 69.97489166259766 
v 219.17910766601562 44.06276321411133 102.70257568359375 
v 188.50877380371094 -10.496406555175781 -74.69110107421875 
v 146.8102264404297 -36.9341926574707 18.233699798583984 
v 186.97158813476562 -7.952298641204834 -74.65707397460938 
v 145.2730255126953 -34.39008331298828 18.267723083496094 
v 139.13900756835938 -34.33172607421875 10.91650676727295 
v 191.8269500732422 -2.932361602783203 43.492679595947266 
v 143.40899658203125 -41.39869689941406 10.821998596191406 
v 196.09693908691406 -9.999332427978516 43.398170471191406 
v 249.02993774414062 21.546072006225586 76.12586212158203 
v 244.75994873046875 28.6130428314209 76.22036743164062 
v 98.35699462890625 6.2764105796813965 37.73516845703125 
v 151.04493713378906 37.67577362060547 70.31134033203125 
v 94.97999572753906 4.135322570800781 45.260765075683594 
v 147.66793823242188 35.53468704223633 77.8369369506836 
v 200.60093688964844 67.08009338378906 110.56462860107422 
v 203.97793579101562 69.22117614746094 103.03903198242188 
v 259.122314453125 71.60503387451172 -51.11384201049805 
v 262.79296875 73.93231201171875 -59.293846130371094 
v 245.1167449951172 94.78469848632812 -50.80385208129883 
v 248.7873992919922 97.11196899414062 -58.983856201171875 
v 258.9659729003906 56.11860275268555 -40.06587600708008 
v 261.6616516113281 57.72508239746094 -38.39918518066406 
v 220.93807983398438 32.008087158203125 44.67892837524414 
v 223.6337432861328 33.614566802978516 46.34561538696289 
v 207.4300994873047 23.443735122680664 74.78132629394531 
v 210.12576293945312 25.050214767456055 76.44801330566406 
v 197.2896270751953 80.7033920288086 96.59139251708984 
v 194.24969482421875 84.0541000366211 98.27842712402344 
v 173.76385498046875 66.68321228027344 82.04574584960938 
v 170.7239227294922 70.03392028808594 83.7327880859375 
v 192.59263610839844 88.47705841064453 96.69535064697266 
v 169.06686401367188 74.45687866210938 82.14971160888672 
v 234.6627960205078 135.3968963623047 -10.3748197555542 
v 251.20474243164062 135.9151153564453 -37.62881851196289 
v 239.0181884765625 128.18858337402344 -10.471219062805176 
v 146.4101104736328 -12.921106338500977 37.05357360839844 
v 149.350830078125 -11.168583869934082 38.87177658081055 
v 119.59455871582031 31.4594669342041 37.64708709716797 
v 122.53528594970703 33.21199035644531 39.465293884277344 
v 136.8889617919922 59.172637939453125 -70.06153106689453 
v 145.91534423828125 62.43734359741211 -65.08226013183594 
v 135.96304321289062 61.713340759277344 -71.01288604736328 
v 144.9894256591797 64.97804260253906 -66.03361511230469 
v 158.95785522460938 73.30252838134766 -57.39714050292969 
v 159.88377380371094 70.76182556152344 -56.44578552246094 
v 159.47323608398438 74.80220031738281 -59.67620086669922 
v 161.1602325439453 74.69889068603516 -62.30514144897461 
v 145.5048065185547 66.47772216796875 -68.31267547607422 
v 147.19180297851562 66.37440490722656 -70.94161224365234 
v 138.16542053222656 63.109703063964844 -75.92089080810547 
v 201.89959716796875 25.597457885742188 67.87751007080078 
v 179.866455078125 62.063026428222656 68.36518096923828 
v 209.67776489257812 28.480388641357422 73.8663330078125 
v 186.10740661621094 67.49006652832031 74.38801574707031 
v 161.1602325439453 74.69889068603516 -62.30514144897461 
v 162.82028198242188 72.62364196777344 -62.989784240722656 
v 147.19180297851562 66.37440490722656 -70.94161224365234 
v 148.8518524169922 64.29915618896484 -71.62625885009766 
v 139.82546997070312 61.034454345703125 -76.60552978515625 
v 127.39293670654297 -41.778987884521484 37.09251022338867 
v 113.55815887451172 -18.882003784179688 37.39871597290039 
v 110.18116760253906 -21.023090362548828 44.924312591552734 
v 103.85237121582031 5.0685200691223145 44.47275161743164 
v 151.39404296875 33.40096664428711 73.8670654296875 
v 106.17462921142578 4.586034774780273 41.181846618652344 
v 153.71630859375 32.91848373413086 70.57616424560547 
v 108.87295532226562 1.800681233406067 39.502376556396484 
v 156.4146270751953 30.133129119873047 68.89669036865234 
v 110.01762390136719 -1.7742383480072021 41.0967903137207 
v 157.55929565429688 26.558210372924805 70.49110412597656 
v 109.40335845947266 -4.118541717529297 44.349891662597656 
v 156.94503784179688 24.21390724182129 73.74420928955078 
v 107.08110046386719 -3.636054754257202 47.64079284667969 
v 154.62277221679688 24.696393966674805 77.03510284423828 
v 104.61500549316406 -0.8989508152008057 48.991172790527344 
v 152.15667724609375 27.433496475219727 78.38549041748047 
v 103.23811340332031 2.7242183685302734 47.72584915161133 
v 150.77978515625 31.056665420532227 77.12016296386719 
v 103.85237121582031 5.0685200691223145 44.47275161743164 
v 151.39404296875 33.40096664428711 73.8670654296875 
v 201.2579803466797 61.25093078613281 99.97047424316406 
v 203.95631408691406 58.465576171875 98.29100799560547 
v 205.10098266601562 54.89065933227539 99.88542175292969 
v 204.48670959472656 52.546356201171875 103.13851928710938 
v 202.16445922851562 53.02884292602539 106.4294204711914 
v 199.6983642578125 55.76594543457031 107.77980041503906 
v 198.32147216796875 59.38911437988281 106.51448059082031 
v 198.93572998046875 61.73341751098633 103.26138305664062 
v 179.866455078125 62.063026428222656 68.36518096923828 
v 201.89959716796875 25.597457885742188 67.87751007080078 
v 189.85061645507812 68.39319610595703 46.115577697753906 
v 211.88377380371094 31.92763328552246 45.62791442871094 
v 170.20713806152344 6.4047346115112305 -102.0107192993164 
v 182.74234008789062 7.723618030548096 -96.0105209350586 
v 172.50242614746094 3.950310468673706 -103.3573226928711 
v 185.03762817382812 5.269192218780518 -97.35712432861328 
v 173.5377197265625 0.8924991488456726 -102.08443450927734 
v 186.1583251953125 2.0700409412384033 -96.08612823486328 
v 173.1317138671875 -1.1242843866348267 -99.48384094238281 
v 185.6669158935547 0.19459907710552216 -93.483642578125 
v 207.5831756591797 18.705198287963867 -83.41754913330078 
v 208.703857421875 15.506046295166016 -82.14655303955078 
v 208.2124481201172 13.63060474395752 -79.5440673828125 
v 285.6912536621094 86.23289489746094 -45.51902389526367 
v 303.7960205078125 56.26893997192383 -45.919742584228516 
v 232.75823974609375 54.6874885559082 -78.24671173095703 
v 250.86300659179688 24.723533630371094 -78.64743041992188 
v 198.17506408691406 -6.675828456878662 -111.22360229492188 
v 215.80210876464844 41.92167663574219 110.22817993164062 
v 219.17910766601562 44.06276321411133 102.70257568359375 
v 233.0138702392578 21.16577911376953 102.39636993408203 
v 169.4694366455078 71.36576843261719 -72.53150939941406 
v 147.4140167236328 58.22185134887695 -86.16804504394531 
v 172.5093536376953 68.01506042480469 -74.21854400634766 
v 150.45394897460938 54.87113952636719 -87.85508728027344 
v 175.2960662841797 67.43607330322266 -78.1676254272461 
v 153.2406463623047 54.29215621948242 -91.80416107177734 
v 197.85726928710938 35.09415054321289 -88.99311065673828 
v 183.85169982910156 58.2738151550293 -88.6831283569336 
v 201.52792358398438 37.42142105102539 -97.1731185913086 
v 187.52235412597656 60.6010856628418 -96.86312866210938 
v 133.39724731445312 65.24382019042969 -75.77507781982422 
v 145.58380126953125 72.97035217285156 -102.93267822265625 
v 186.08518981933594 96.64318084716797 -43.19890594482422 
v 198.271728515625 104.36971282958984 -70.35650634765625 
v 251.20474243164062 135.9151153564453 -37.62881851196289 
v 227.868408203125 117.33275604248047 -48.77214050292969 
v 268.8603210449219 49.48983383178711 -49.67942428588867 
v 233.9949188232422 120.98384094238281 -44.98421096801758 
v 274.98681640625 53.14092254638672 -45.89149475097656 
v 293.8397521972656 72.12932586669922 -22.379104614257812 
v 280.76641845703125 66.14103698730469 -35.4036865234375 
v 291.83514404296875 72.42222595214844 -19.41918182373047 
v 278.9085998535156 66.52702331542969 -32.770957946777344 
v 262.6319580078125 55.33381271362305 -46.61594772338867 
v 260.7741394042969 55.71979904174805 -43.98322296142578 
v 160.78443908691406 16.263925552368164 -67.35091400146484 
v 159.30569458007812 16.69475746154785 -65.37448120117188 
v 156.7736358642578 25.254587173461914 -69.52979278564453 
v 155.745849609375 24.602951049804688 -67.23939514160156 
v 150.6218719482422 33.083316802978516 -67.12598419189453 
v 150.42410278320312 31.39405632019043 -65.17790222167969 
v 143.92774963378906 37.440433502197266 -60.49881362915039 
v 144.68287658691406 35.182411193847656 -59.543678283691406 
v 138.82928466796875 37.14016342163086 -51.963260650634766 
v 140.1102752685547 35.02007293701172 -51.991615295410156 
v 136.14598083496094 32.506622314453125 -43.1572151184082 
v 137.7820587158203 30.80714225769043 -44.165279388427734 
v 137.11387634277344 24.518962860107422 -37.023582458496094 
v 138.67803955078125 23.946792602539062 -39.00190353393555 
v 141.06326293945312 15.293871879577637 -34.51939392089844 
v 142.09104919433594 15.945508003234863 -36.809791564941406 
v 147.27645874023438 7.699573516845703 -37.248512268066406 
v 147.5596160888672 9.247493743896484 -39.198482513427734 
v 153.82374572753906 3.249363899230957 -43.54848098754883 
v 153.15402221679688 5.366048812866211 -44.50550842285156 
v 159.15444946289062 3.50138521194458 -52.413124084472656 
v 157.7880401611328 5.762814998626709 -52.38288116455078 
v 161.6055145263672 8.183176040649414 -60.890079498291016 
v 160.05484008789062 9.741315841674805 -59.883907318115234 
v 162.8588104248047 -2.604231119155884 8.769379615783691 
v 200.88671875 21.506284713745117 -75.97542572021484 
v 210.78106689453125 14.877516746520996 -85.5889663696289 
v 169.7891387939453 82.7204360961914 -84.68168640136719 
v 149.350830078125 -11.168583869934082 38.87177658081055 
v 150.5824432373047 -23.289709091186523 48.563026428222656 
v 122.53528594970703 33.21199035644531 39.465293884277344 
v 109.59052276611328 44.55320739746094 49.47031021118164 
v 136.04327392578125 41.776344299316406 9.362894058227539 
v 174.07118225097656 65.88685607910156 -75.38190460205078 
v 154.961669921875 37.63108444213867 -66.82169342041016 
v 150.6218719482422 33.083316802978516 -67.12598419189453 
v 147.37611389160156 42.79139709472656 -59.52688980102539 
v 143.92774963378906 37.440433502197266 -60.49881362915039 
v 141.2873077392578 42.44969177246094 -49.349666595458984 
v 138.82928466796875 37.14016342163086 -51.963260650634766 
v 138.2729034423828 37.019771575927734 -39.24049377441406 
v 136.14598083496094 32.506622314453125 -43.1572151184082 
v 139.2512969970703 27.67037010192871 -31.811290740966797 
v 137.11387634277344 24.518962860107422 -37.023582458496094 
v 144.0546875 17.031885147094727 -29.32600212097168 
v 141.06326293945312 15.293871879577637 -34.51939392089844 
v 151.1218719482422 8.024192810058594 -32.07402420043945 
v 147.27645874023438 7.699573516845703 -37.248512268066406 
v 158.85426330566406 2.9569711685180664 -39.696022033691406 
v 153.82374572753906 3.249363899230957 -43.54848098754883 
v 165.02845764160156 3.157337188720703 -49.87513732910156 
v 159.15444946289062 3.50138521194458 -52.413124084472656 
v 167.9574737548828 8.72860050201416 -59.982421875 
v 161.6055145263672 8.183176040649414 -60.890079498291016 
v 166.83224487304688 17.984909057617188 -67.08442687988281 
v 160.78443908691406 16.263925552368164 -67.35091400146484 
v 162.26109313964844 28.575143814086914 -69.8988037109375 
v 156.7736358642578 25.254587173461914 -69.52979278564453 
v 257.4458312988281 85.21102142333984 -4.359803199768066 
v 252.32183837890625 93.6913833618164 -4.246392726898193 
v 252.12408447265625 92.00212860107422 -2.2983157634735107 
v 245.6277313232422 98.04850006103516 2.3807733058929443 
v 246.3828582763672 95.79048156738281 3.335911989212036 
v 240.52926635742188 97.74823760986328 10.916326522827148 
v 241.8102569580078 95.62814331054688 10.88797378540039 
v 237.84596252441406 93.11469268798828 19.722373962402344 
v 239.48204040527344 91.41521453857422 18.714311599731445 
v 238.81385803222656 85.12702941894531 25.856006622314453 
v 240.3780059814453 84.55486297607422 23.877685546875 
v 242.76324462890625 75.90193939208984 28.36019515991211 
v 243.791015625 76.55357360839844 26.069795608520508 
v 248.9764404296875 68.3076400756836 25.631074905395508 
v 249.2595977783203 69.85556030273438 23.681106567382812 
v 255.5237274169922 63.8574333190918 19.33110809326172 
v 254.85400390625 65.97412109375 18.37407875061035 
v 260.85443115234375 64.10945129394531 10.46646499633789 
v 259.488037109375 66.37088775634766 10.496707916259766 
v 263.3055114746094 68.79124450683594 1.9895074367523193 
v 261.75482177734375 70.3493881225586 2.995680809020996 
v 262.48443603515625 76.87199401855469 -4.471323490142822 
v 261.00567626953125 77.30282592773438 -2.494893789291382 
v 258.4736022949219 85.86265563964844 -6.650205135345459 
v 237.84596252441406 93.11469268798828 19.722373962402344 
v 232.37417602539062 83.16691589355469 25.765201568603516 
v 238.81385803222656 85.12702941894531 25.856006622314453 
v 237.17755126953125 72.52843475341797 28.250490188598633 
v 242.76324462890625 75.90193939208984 28.36019515991211 
v 244.2447509765625 63.5207405090332 25.50246810913086 
v 248.9764404296875 68.3076400756836 25.631074905395508 
v 251.97714233398438 58.45351791381836 17.880468368530273 
v 255.5237274169922 63.8574333190918 19.33110809326172 
v 258.1513366699219 58.65388488769531 7.701356410980225 
v 260.85443115234375 64.10945129394531 10.46646499633789 
v 261.0803527832031 64.22515106201172 -2.4059298038482666 
v 263.3055114746094 68.79124450683594 1.9895074367523193 
v 259.9551086425781 73.48145294189453 -9.507932662963867 
v 262.48443603515625 76.87199401855469 -4.471323490142822 
v 255.38397216796875 84.07169342041016 -12.322308540344238 
v 258.4736022949219 85.86265563964844 -6.650205135345459 
v 248.0845489501953 93.12763214111328 -9.245198249816895 
v 252.32183837890625 93.6913833618164 -4.246392726898193 
v 240.4989776611328 98.28794860839844 -1.9503979682922363 
v 245.6277313232422 98.04850006103516 2.3807733058929443 
v 234.41018676757812 97.94624328613281 8.226824760437012 
v 240.52926635742188 97.74823760986328 10.916326522827148 
v 231.39578247070312 92.51631927490234 18.336000442504883 
v 180.6145477294922 67.82431030273438 75.37483978271484 
v 194.12252807617188 76.38866424560547 45.27244186401367 
v 167.66978454589844 79.16552734375 85.3798599243164 
v 232.1504364013672 100.49917602539062 -39.47235870361328 
v 227.868408203125 117.33275604248047 -48.77214050292969 
v 258.9659729003906 56.11860275268555 -40.06587600708008 
v 268.8603210449219 49.48983383178711 -49.67942428588867 
v 220.93807983398438 32.008087158203125 44.67892837524414 
v 207.4300994873047 23.443735122680664 74.78132629394531 
v 208.6616973876953 11.322609901428223 84.47257232666016 
v 182.7583465576172 -16.450363159179688 -76.86759948730469 
v 110.18116760253906 -21.023090362548828 44.924312591552734 
v 89.69251251220703 47.50379180908203 12.010917663574219 
v 155.07461547851562 37.301513671875 -37.07525634765625 
v 172.0841064453125 20.91351318359375 -48.78998947143555 
v 152.5529327392578 61.48003005981445 -97.62004852294922 
v 162.82028198242188 72.62364196777344 -62.989784240722656 
v 136.47842407226562 63.2130126953125 -73.29194641113281 
v 140.2360076904297 56.99407958984375 -73.37511444091797 
v 134.21824645996094 53.122711181640625 -55.778812408447266 
v 91.9602279663086 30.686853408813477 30.061670303344727 
v 98.62141418457031 19.662382125854492 29.914236068725586 
v 124.48847961425781 13.237152099609375 5.288849353790283 
v 168.48123168945312 -4.8547282218933105 -88.3666000366211 
v 205.28787231445312 21.159624099731445 -82.0709457397461 
v 172.50242614746094 3.950310468673706 -103.3573226928711 
v 103.85237121582031 5.0685200691223145 44.47275161743164 
v 95.17872619628906 -12.019004821777344 35.71908950805664 
v 100.7297134399414 -21.206066131591797 35.59622573852539 
v 201.52792358398438 37.42142105102539 -97.1731185913086 
v 183.85169982910156 58.2738151550293 -88.6831283569336 
v 144.79220581054688 -31.409894943237305 47.850223541259766 
v 99.70110321044922 43.21731185913086 48.84823226928711 
v 162.98306274414062 83.33944702148438 -92.17496490478516 
v 128.2859344482422 -50.98704528808594 44.523597717285156 
v 74.56944274902344 37.915443420410156 45.71251678466797 
v 144.4585723876953 82.2266616821289 -110.03468322753906 
v 129.04185485839844 72.4521255493164 -75.67868041992188 
v 143.40899658203125 -41.39869689941406 10.821998596191406 
v 94.97999572753906 4.135322570800781 45.260765075683594 
v 180.07029724121094 23.288127899169922 -110.82288360595703 
v 133.39724731445312 65.24382019042969 -75.77507781982422 
v 176.8401336669922 21.240129470825195 -103.6244888305664 
v 296.29583740234375 61.28791046142578 -38.6268310546875 
v 233.0138702392578 21.16577911376953 102.39636993408203 
v 251.20474243164062 135.9151153564453 -37.62881851196289 
v 239.0181884765625 128.18858337402344 -10.471219062805176 
v 244.75994873046875 28.6130428314209 76.22036743164062 
v 244.13180541992188 63.85031509399414 -4.243967533111572 
v 240.882080078125 75.27836608886719 -10.003146171569824 
v 230.4574432373047 68.6689224243164 13.228055953979492 
v 254.00784301757812 121.94205474853516 -34.89197540283203 
v 248.8689422607422 118.68387603759766 -23.439973831176758 
v 239.2832794189453 118.0799331665039 -7.354249954223633 
v 210.07835388183594 97.27531433105469 -2.043430805206299 
v 239.32679748535156 104.22811126708984 5.926748275756836 
v 236.39027404785156 102.36629486083984 12.470748901367188 
v 199.2417755126953 87.21919250488281 87.15362548828125 
v 194.24969482421875 84.0541000366211 98.27842712402344 
v 211.0538330078125 64.55742645263672 78.87397003173828 
v 289.6357116699219 73.37357330322266 -16.778898239135742 
v 285.965087890625 71.04630279541016 -8.59890079498291 
v 296.13507080078125 69.67489624023438 -23.7257080078125 
v 292.46441650390625 67.3476333618164 -15.545706748962402 
v 198.93572998046875 61.73341751098633 103.26138305664062 
v 203.95631408691406 58.465576171875 98.29100799560547 
v 199.6983642578125 55.76594543457031 107.77980041503906 
v 226.3119354248047 47.867610931396484 111.6010971069336 
v 167.84300231933594 -6.823258876800537 -85.43692779541016 
v 168.48123168945312 -4.8547282218933105 -88.3666000366211 
v 170.3390350341797 -5.240715503692627 -90.99932861328125 
v 173.2636260986328 -12.769736289978027 -88.47245025634766 
v 171.2589874267578 -12.476835250854492 -85.51253509521484 
v 168.831787109375 1.6230393648147583 -95.17731475830078 
v 168.3493194580078 6.790722370147705 -99.37799072265625 
v 173.1317138671875 -1.1242843866348267 -99.48384094238281 
v 130.87120056152344 55.30126953125 -52.46522903442383 
v 134.21824645996094 53.122711181640625 -55.778812408447266 
v 135.1441650390625 50.582008361816406 -54.82745361328125 
v 133.08860778808594 49.27873611450195 -50.24665451049805 
v 136.47842407226562 63.2130126953125 -73.29194641113281 
v 138.16542053222656 63.109703063964844 -75.92089080810547 
v -251.82484436035156 89.08354187011719 -216.68043518066406 
v -281.9059143066406 52.76350784301758 -172.9612274169922 
v -278.3228454589844 51.246395111083984 -171.78500366210938 
v -278.3228454589844 51.246395111083984 -171.78500366210938 
v -248.2417755126953 87.56644439697266 -215.50421142578125 
v -251.82484436035156 89.08354187011719 -216.68043518066406 
v -255.00393676757812 85.113525390625 -222.17349243164062 
v -285.08502197265625 48.79349136352539 -178.45428466796875 
v -284.7477722167969 51.85560989379883 -175.75347900390625 
v -284.7477722167969 51.85560989379883 -175.75347900390625 
v -254.66668701171875 88.17564392089844 -219.47267150878906 
v -255.00393676757812 85.113525390625 -222.17349243164062 
v -252.84432983398438 81.99594116210938 -223.35008239746094 
v -282.9254150390625 45.6759033203125 -179.63087463378906 
v -285.08502197265625 48.79349136352539 -178.45428466796875 
v -285.08502197265625 48.79349136352539 -178.45428466796875 
v -255.00393676757812 85.113525390625 -222.17349243164062 
v -252.84432983398438 81.99594116210938 -223.35008239746094 
v -249.26123046875 80.47885131835938 -222.17384338378906 
v -279.3423156738281 44.15882110595703 -178.45465087890625 
v -282.9254150390625 45.6759033203125 -179.63087463378906 
v -282.9254150390625 45.6759033203125 -179.63087463378906 
v -252.84432983398438 81.99594116210938 -223.35008239746094 
v -249.26123046875 80.47885131835938 -222.17384338378906 
v -246.41940307617188 81.38672637939453 -219.38162231445312 
v -276.5004577636719 45.06671905517578 -175.6623992919922 
v -279.3423156738281 44.15882110595703 -178.45465087890625 
v -279.3423156738281 44.15882110595703 -178.45465087890625 
v -249.26123046875 80.47885131835938 -222.17384338378906 
v -246.41940307617188 81.38672637939453 -219.38162231445312 
v -246.08216857910156 84.44886016845703 -216.68080139160156 
v -276.1632385253906 48.128822326660156 -172.96160888671875 
v -276.5004577636719 45.06671905517578 -175.6623992919922 
v -276.5004577636719 45.06671905517578 -175.6623992919922 
v -246.41940307617188 81.38672637939453 -219.38162231445312 
v -246.08216857910156 84.44886016845703 -216.68080139160156 
v -248.2417755126953 87.56644439697266 -215.50421142578125 
v -278.3228454589844 51.246395111083984 -171.78500366210938 
v -276.1632385253906 48.128822326660156 -172.96160888671875 
v -276.1632385253906 48.128822326660156 -172.96160888671875 
v -246.08216857910156 84.44886016845703 -216.68080139160156 
v -248.2417755126953 87.56644439697266 -215.50421142578125 
v -292.2889404296875 45.566463470458984 -161.62649536132812 
v -295.1307678222656 44.658565521240234 -164.4187469482422 
v -295.468017578125 41.5964469909668 -167.1195526123047 
v -295.468017578125 41.5964469909668 -167.1195526123047 
v -293.3083801269531 38.47887420654297 -168.296142578125 
v -289.6399230957031 36.8204345703125 -167.12181091308594 
v -289.6399230957031 36.8204345703125 -167.12181091308594 
v -286.8834533691406 37.869659423828125 -164.32766723632812 
v -286.4608154296875 40.790443420410156 -161.62875366210938 
v -295.468017578125 41.5964469909668 -167.1195526123047 
v -289.6399230957031 36.8204345703125 -167.12181091308594 
v -286.4608154296875 40.790443420410156 -161.62875366210938 
v -292.2889404296875 45.566463470458984 -161.62649536132812 
v -295.468017578125 41.5964469909668 -167.1195526123047 
v -286.4608154296875 40.790443420410156 -161.62875366210938 
v -288.7058410644531 44.04935073852539 -160.45028686523438 
v -292.2889404296875 45.566463470458984 -161.62649536132812 
v -286.4608154296875 40.790443420410156 -161.62875366210938 
v -218.46717834472656 123.50598907470703 -259.04962158203125 
v -221.89059448242188 125.31048583984375 -260.0724182128906 
v -251.82484436035156 89.08354187011719 -216.68043518066406 
v -251.82484436035156 89.08354187011719 -216.68043518066406 
v -248.2417755126953 87.56644439697266 -215.50421142578125 
v -218.46717834472656 123.50598907470703 -259.04962158203125 
v -221.89059448242188 125.31048583984375 -260.0724182128906 
v -224.64703369140625 124.26123809814453 -262.8665771484375 
v -254.66668701171875 88.17564392089844 -219.47267150878906 
v -254.66668701171875 88.17564392089844 -219.47267150878906 
v -251.82484436035156 89.08354187011719 -216.68043518066406 
v -221.89059448242188 125.31048583984375 -260.0724182128906 
v -224.64703369140625 124.26123809814453 -262.8665771484375 
v -225.3147430419922 121.19441986083984 -265.7170104980469 
v -255.00393676757812 85.113525390625 -222.17349243164062 
v -255.00393676757812 85.113525390625 -222.17349243164062 
v -254.66668701171875 88.17564392089844 -219.47267150878906 
v -224.64703369140625 124.26123809814453 -262.8665771484375 
v -225.3147430419922 121.19441986083984 -265.7170104980469 
v -222.82467651367188 118.08154296875 -266.74395751953125 
v -252.84432983398438 81.99594116210938 -223.35008239746094 
v -252.84432983398438 81.99594116210938 -223.35008239746094 
v -255.00393676757812 85.113525390625 -222.17349243164062 
v -225.3147430419922 121.19441986083984 -265.7170104980469 
v -222.82467651367188 118.08154296875 -266.74395751953125 
v -219.2415771484375 116.56446075439453 -265.5677490234375 
v -249.26123046875 80.47885131835938 -222.17384338378906 
v -249.26123046875 80.47885131835938 -222.17384338378906 
v -252.84432983398438 81.99594116210938 -223.35008239746094 
v -222.82467651367188 118.08154296875 -266.74395751953125 
v -219.2415771484375 116.56446075439453 -265.5677490234375 
v -216.39974975585938 117.47234344482422 -262.7755126953125 
v -246.41940307617188 81.38672637939453 -219.38162231445312 
v -246.41940307617188 81.38672637939453 -219.38162231445312 
v -249.26123046875 80.47885131835938 -222.17384338378906 
v -219.2415771484375 116.56446075439453 -265.5677490234375 
v -216.39974975585938 117.47234344482422 -262.7755126953125 
v -216.06251525878906 120.53446197509766 -260.07470703125 
v -246.08216857910156 84.44886016845703 -216.68080139160156 
v -246.08216857910156 84.44886016845703 -216.68080139160156 
v -246.41940307617188 81.38672637939453 -219.38162231445312 
v -216.39974975585938 117.47234344482422 -262.7755126953125 
v -216.06251525878906 120.53446197509766 -260.07470703125 
v -218.46717834472656 123.50598907470703 -259.04962158203125 
v -248.2417755126953 87.56644439697266 -215.50421142578125 
v -248.2417755126953 87.56644439697266 -215.50421142578125 
v -246.08216857910156 84.44886016845703 -216.68080139160156 
v -216.06251525878906 120.53446197509766 -260.07470703125 
v -206.71714782714844 129.23329162597656 -271.86737060546875 
v -207.0543670654297 126.17118072509766 -274.5681457519531 
v -209.89620971679688 125.2632827758789 -277.36041259765625 
v -209.89620971679688 125.2632827758789 -277.36041259765625 
v -213.47930908203125 126.78036499023438 -278.53662109375 
v -215.7243194580078 130.03929138183594 -277.358154296875 
v -206.71714782714844 129.23329162597656 -271.86737060546875 
v -209.89620971679688 125.2632827758789 -277.36041259765625 
v -215.7243194580078 130.03929138183594 -277.358154296875 
v -215.7243194580078 130.03929138183594 -277.358154296875 
v -215.30166625976562 132.96005249023438 -274.65924072265625 
v -212.54522705078125 134.00930786132812 -271.8650817871094 
v -206.71714782714844 129.23329162597656 -271.86737060546875 
v -215.7243194580078 130.03929138183594 -277.358154296875 
v -212.54522705078125 134.00930786132812 -271.8650817871094 
v -208.8767547607422 132.35086059570312 -270.6907653808594 
v -206.71714782714844 129.23329162597656 -271.86737060546875 
v -212.54522705078125 134.00930786132812 -271.8650817871094 
v -292.2889404296875 45.566463470458984 -161.62649536132812 
v -288.7058410644531 44.04935073852539 -160.45028686523438 
v -278.3228454589844 51.246395111083984 -171.78500366210938 
v -278.3228454589844 51.246395111083984 -171.78500366210938 
v -281.9059143066406 52.76350784301758 -172.9612274169922 
v -292.2889404296875 45.566463470458984 -161.62649536132812 
v -295.1307678222656 44.658565521240234 -164.4187469482422 
v -292.2889404296875 45.566463470458984 -161.62649536132812 
v -281.9059143066406 52.76350784301758 -172.9612274169922 
v -281.9059143066406 52.76350784301758 -172.9612274169922 
v -284.7477722167969 51.85560989379883 -175.75347900390625 
v -295.1307678222656 44.658565521240234 -164.4187469482422 
v -295.468017578125 41.5964469909668 -167.1195526123047 
v -295.1307678222656 44.658565521240234 -164.4187469482422 
v -284.7477722167969 51.85560989379883 -175.75347900390625 
v -284.7477722167969 51.85560989379883 -175.75347900390625 
v -285.08502197265625 48.79349136352539 -178.45428466796875 
v -295.468017578125 41.5964469909668 -167.1195526123047 
v -293.3083801269531 38.47887420654297 -168.296142578125 
v -295.468017578125 41.5964469909668 -167.1195526123047 
v -285.08502197265625 48.79349136352539 -178.45428466796875 
v -285.08502197265625 48.79349136352539 -178.45428466796875 
v -282.9254150390625 45.6759033203125 -179.63087463378906 
v -293.3083801269531 38.47887420654297 -168.296142578125 
v -289.6399230957031 36.8204345703125 -167.12181091308594 
v -293.3083801269531 38.47887420654297 -168.296142578125 
v -282.9254150390625 45.6759033203125 -179.63087463378906 
v -282.9254150390625 45.6759033203125 -179.63087463378906 
v -279.3423156738281 44.15882110595703 -178.45465087890625 
v -289.6399230957031 36.8204345703125 -167.12181091308594 
v -286.8834533691406 37.869659423828125 -164.32766723632812 
v -289.6399230957031 36.8204345703125 -167.12181091308594 
v -279.3423156738281 44.15882110595703 -178.45465087890625 
v -279.3423156738281 44.15882110595703 -178.45465087890625 
v -276.5004577636719 45.06671905517578 -175.6623992919922 
v -286.8834533691406 37.869659423828125 -164.32766723632812 
v -286.4608154296875 40.790443420410156 -161.62875366210938 
v -286.8834533691406 37.869659423828125 -164.32766723632812 
v -276.5004577636719 45.06671905517578 -175.6623992919922 
v -276.5004577636719 45.06671905517578 -175.6623992919922 
v -276.1632385253906 48.128822326660156 -172.96160888671875 
v -286.4608154296875 40.790443420410156 -161.62875366210938 
v -288.7058410644531 44.04935073852539 -160.45028686523438 
v -286.4608154296875 40.790443420410156 -161.62875366210938 
v -276.1632385253906 48.128822326660156 -172.96160888671875 
v -276.1632385253906 48.128822326660156 -172.96160888671875 
v -278.3228454589844 51.246395111083984 -171.78500366210938 
v -288.7058410644531 44.04935073852539 -160.45028686523438 
v -208.8767547607422 132.35086059570312 -270.6907653808594 
v -212.54522705078125 134.00930786132812 -271.8650817871094 
v -221.89059448242188 125.31048583984375 -260.0724182128906 
v -221.89059448242188 125.31048583984375 -260.0724182128906 
v -218.46717834472656 123.50598907470703 -259.04962158203125 
v -208.8767547607422 132.35086059570312 -270.6907653808594 
v -212.54522705078125 134.00930786132812 -271.8650817871094 
v -215.30166625976562 132.96005249023438 -274.65924072265625 
v -224.64703369140625 124.26123809814453 -262.8665771484375 
v -224.64703369140625 124.26123809814453 -262.8665771484375 
v -221.89059448242188 125.31048583984375 -260.0724182128906 
v -212.54522705078125 134.00930786132812 -271.8650817871094 
v -215.30166625976562 132.96005249023438 -274.65924072265625 
v -215.7243194580078 130.03929138183594 -277.358154296875 
v -225.3147430419922 121.19441986083984 -265.7170104980469 
v -225.3147430419922 121.19441986083984 -265.7170104980469 
v -224.64703369140625 124.26123809814453 -262.8665771484375 
v -215.30166625976562 132.96005249023438 -274.65924072265625 
v -215.7243194580078 130.03929138183594 -277.358154296875 
v -213.47930908203125 126.78036499023438 -278.53662109375 
v -222.82467651367188 118.08154296875 -266.74395751953125 
v -222.82467651367188 118.08154296875 -266.74395751953125 
v -225.3147430419922 121.19441986083984 -265.7170104980469 
v -215.7243194580078 130.03929138183594 -277.358154296875 
v -209.89620971679688 125.2632827758789 -277.36041259765625 
v -207.0543670654297 126.17118072509766 -274.5681457519531 
v -216.39974975585938 117.47234344482422 -262.7755126953125 
v -216.39974975585938 117.47234344482422 -262.7755126953125 
v -219.2415771484375 116.56446075439453 -265.5677490234375 
v -209.89620971679688 125.2632827758789 -277.36041259765625 
v -207.0543670654297 126.17118072509766 -274.5681457519531 
v -206.71714782714844 129.23329162597656 -271.86737060546875 
v -216.06251525878906 120.53446197509766 -260.07470703125 
v -216.06251525878906 120.53446197509766 -260.07470703125 
v -216.39974975585938 117.47234344482422 -262.7755126953125 
v -207.0543670654297 126.17118072509766 -274.5681457519531 
v -206.71714782714844 129.23329162597656 -271.86737060546875 
v -208.8767547607422 132.35086059570312 -270.6907653808594 
v -218.46717834472656 123.50598907470703 -259.04962158203125 
v -218.46717834472656 123.50598907470703 -259.04962158203125 
v -216.06251525878906 120.53446197509766 -260.07470703125 
v -206.71714782714844 129.23329162597656 -271.86737060546875 
v 152.2512969970703 27.465070724487305 397.7301940917969 
v 150.8743896484375 31.08823585510254 396.4648742675781 
v 103.08766174316406 2.609748601913452 366.9190673828125 
v 103.08766174316406 2.609748601913452 366.9190673828125 
v 104.46456146240234 -1.0134166479110718 368.1843566894531 
v 152.2512969970703 27.465070724487305 397.7301940917969 
v 150.8743896484375 31.08823585510254 396.4648742675781 
v 151.48866271972656 33.43254470825195 393.2117614746094 
v 103.7019271850586 4.9540557861328125 363.6659240722656 
v 103.7019271850586 4.9540557861328125 363.6659240722656 
v 103.08766174316406 2.609748601913452 366.9190673828125 
v 150.8743896484375 31.08823585510254 396.4648742675781 
v 151.48866271972656 33.43254470825195 393.2117614746094 
v 153.95773315429688 33.04314422607422 389.59368896484375 
v 106.17100524902344 4.564656734466553 360.0478515625 
v 106.17100524902344 4.564656734466553 360.0478515625 
v 103.7019271850586 4.9540557861328125 363.6659240722656 
v 151.48866271972656 33.43254470825195 393.2117614746094 
v 153.95773315429688 33.04314422607422 389.59368896484375 
v 156.50924682617188 30.164705276489258 388.24139404296875 
v 108.7225112915039 1.6862173080444336 358.695556640625 
v 108.7225112915039 1.6862173080444336 358.695556640625 
v 106.17100524902344 4.564656734466553 360.0478515625 
v 153.95773315429688 33.04314422607422 389.59368896484375 
v 156.50924682617188 30.164705276489258 388.24139404296875 
v 157.8007354736328 26.682870864868164 389.50860595703125 
v 110.01399993896484 -1.7956165075302124 359.9627990722656 
v 110.01399993896484 -1.7956165075302124 359.9627990722656 
v 108.7225112915039 1.6862173080444336 358.695556640625 
v 156.50924682617188 30.164705276489258 388.24139404296875 
v 157.8007354736328 26.682870864868164 389.50860595703125 
v 157.03964233398438 24.245481491088867 393.0888977050781 
v 109.25291442871094 -4.233005523681641 363.5430908203125 
v 109.25291442871094 -4.233005523681641 363.5430908203125 
v 110.01399993896484 -1.7956165075302124 359.9627990722656 
v 157.8007354736328 26.682870864868164 389.50860595703125 
v 157.03964233398438 24.245481491088867 393.0888977050781 
v 154.71737670898438 24.727962493896484 396.37982177734375 
v 106.93064880371094 -3.7505245208740234 366.833984375 
v 106.93064880371094 -3.7505245208740234 366.833984375 
v 109.25291442871094 -4.233005523681641 363.5430908203125 
v 157.03964233398438 24.245481491088867 393.0888977050781 
v 154.71737670898438 24.727962493896484 396.37982177734375 
v 152.2512969970703 27.465070724487305 397.7301940917969 
v 104.46456146240234 -1.0134166479110718 368.1843566894531 
v 104.46456146240234 -1.0134166479110718 368.1843566894531 
v 106.93064880371094 -3.7505245208740234 366.833984375 
v 154.71737670898438 24.727962493896484 396.37982177734375 
v 103.7019271850586 4.9540557861328125 363.6659240722656 
v 152.2512969970703 27.465070724487305 397.7301940917969 
v 199.79296875 55.79751968383789 427.12451171875 
v 198.41607666015625 59.420684814453125 425.85919189453125 
v 198.41607666015625 59.420684814453125 425.85919189453125 
v 150.8743896484375 31.08823585510254 396.4648742675781 
v 152.2512969970703 27.465070724487305 397.7301940917969 
v 150.8743896484375 31.08823585510254 396.4648742675781 
v 198.41607666015625 59.420684814453125 425.85919189453125 
v 199.03033447265625 61.764991760253906 422.6060791015625 
v 199.03033447265625 61.764991760253906 422.6060791015625 
v 151.48866271972656 33.43254470825195 393.2117614746094 
v 150.8743896484375 31.08823585510254 396.4648742675781 
v 151.48866271972656 33.43254470825195 393.2117614746094 
v 199.03033447265625 61.764991760253906 422.6060791015625 
v 201.49942016601562 61.37559509277344 418.9880065917969 
v 201.49942016601562 61.37559509277344 418.9880065917969 
v 153.95773315429688 33.04314422607422 389.59368896484375 
v 151.48866271972656 33.43254470825195 393.2117614746094 
v 153.95773315429688 33.04314422607422 389.59368896484375 
v 201.49942016601562 61.37559509277344 418.9880065917969 
v 204.05091857910156 58.497154235839844 417.6357116699219 
v 204.05091857910156 58.497154235839844 417.6357116699219 
v 156.50924682617188 30.164705276489258 388.24139404296875 
v 153.95773315429688 33.04314422607422 389.59368896484375 
v 157.8007354736328 26.682870864868164 389.50860595703125 
v 205.3424072265625 55.01531982421875 418.9029235839844 
v 204.58132934570312 52.57793045043945 422.48321533203125 
v 204.58132934570312 52.57793045043945 422.48321533203125 
v 157.03964233398438 24.245481491088867 393.0888977050781 
v 157.8007354736328 26.682870864868164 389.50860595703125 
v 157.03964233398438 24.245481491088867 393.0888977050781 
v 204.58132934570312 52.57793045043945 422.48321533203125 
v 202.25906372070312 53.0604133605957 425.7741394042969 
v 202.25906372070312 53.0604133605957 425.7741394042969 
v 154.71737670898438 24.727962493896484 396.37982177734375 
v 154.71737670898438 24.727962493896484 396.37982177734375 
v 202.25906372070312 53.0604133605957 425.7741394042969 
v 199.79296875 55.79751968383789 427.12451171875 
v 199.79296875 55.79751968383789 427.12451171875 
v 152.2512969970703 27.465070724487305 397.7301940917969 
v 154.71737670898438 24.727962493896484 396.37982177734375 
v 204.05091857910156 58.497154235839844 417.6357116699219 
v 199.79296875 55.79751968383789 427.12451171875 
v 173.81842041015625 133.28746032714844 -365.1234436035156 
v 220.90655517578125 82.3227310180664 -371.4998779296875 
v 242.88133239746094 102.76041412353516 -373.0268249511719 
v 242.88133239746094 102.76041412353516 -373.0268249511719 
v 195.79318237304688 153.72512817382812 -366.6503601074219 
v 173.81842041015625 133.28746032714844 -365.1234436035156 
v 195.79318237304688 153.72512817382812 -366.6503601074219 
v 242.88133239746094 102.76041412353516 -373.0268249511719 
v 246.06495666503906 101.76177215576172 -342.0928039550781 
v 246.06495666503906 101.76177215576172 -342.0928039550781 
v 198.97682189941406 152.7264862060547 -335.71636962890625 
v 195.79318237304688 153.72512817382812 -366.6503601074219 
v 220.00921630859375 82.47087097167969 -379.8322448730469 
v 220.90655517578125 82.3227310180664 -371.4998779296875 
v 173.81842041015625 133.28746032714844 -365.1234436035156 
v 173.81842041015625 133.28746032714844 -365.1234436035156 
v 172.9210662841797 133.43557739257812 -373.4557800292969 
v 220.00921630859375 82.47087097167969 -379.8322448730469 
v 173.81842041015625 133.28746032714844 -365.1234436035156 
v 195.79318237304688 153.72512817382812 -366.6503601074219 
v 200.8646240234375 159.61199951171875 -375.70648193359375 
v 200.8646240234375 159.61199951171875 -375.70648193359375 
v 172.9210662841797 133.43557739257812 -373.4557800292969 
v 173.81842041015625 133.28746032714844 -365.1234436035156 
v 195.79318237304688 153.72512817382812 -366.6503601074219 
v 198.97682189941406 152.7264862060547 -335.71636962890625 
v 204.94558715820312 158.46522521972656 -336.4400939941406 
v 204.94558715820312 158.46522521972656 -336.4400939941406 
v 200.8646240234375 159.61199951171875 -375.70648193359375 
v 195.79318237304688 153.72512817382812 -366.6503601074219 
v 200.8646240234375 159.61199951171875 -375.70648193359375 
v 204.94558715820312 158.46522521972656 -336.4400939941406 
v 252.27879333496094 107.64655303955078 -342.6650390625 
v 252.27879333496094 107.64655303955078 -342.6650390625 
v 248.19781494140625 108.79332733154297 -381.9314270019531 
v 200.8646240234375 159.61199951171875 -375.70648193359375 
v 204.94558715820312 158.46522521972656 -336.4400939941406 
v 198.97682189941406 152.7264862060547 -335.71636962890625 
v 246.06495666503906 101.76177215576172 -342.0928039550781 
v 246.06495666503906 101.76177215576172 -342.0928039550781 
v 252.27879333496094 107.64655303955078 -342.6650390625 
v 267.99468994140625 31.358016967773438 -377.8763122558594 
v 289.9694519042969 51.79570007324219 -379.40325927734375 
v 242.88133239746094 102.76041412353516 -373.0268249511719 
v 242.88133239746094 102.76041412353516 -373.0268249511719 
v 220.90655517578125 82.3227310180664 -371.4998779296875 
v 267.99468994140625 31.358016967773438 -377.8763122558594 
v 289.9694519042969 51.79570007324219 -379.40325927734375 
v 293.2145080566406 51.03148651123047 -348.7945556640625 
v 246.06495666503906 101.76177215576172 -342.0928039550781 
v 246.06495666503906 101.76177215576172 -342.0928039550781 
v 242.88133239746094 102.76041412353516 -373.0268249511719 
v 289.9694519042969 51.79570007324219 -379.40325927734375 
v 267.3424072265625 31.65219497680664 -386.0571594238281 
v 267.99468994140625 31.358016967773438 -377.8763122558594 
v 267.99468994140625 31.358016967773438 -377.8763122558594 
v 220.90655517578125 82.3227310180664 -371.4998779296875 
v 220.00921630859375 82.47087097167969 -379.8322448730469 
v 267.99468994140625 31.358016967773438 -377.8763122558594 
v 267.3424072265625 31.65219497680664 -386.0571594238281 
v 295.28594970703125 57.82861328125 -388.307861328125 
v 295.28594970703125 57.82861328125 -388.307861328125 
v 289.9694519042969 51.79570007324219 -379.40325927734375 
v 267.99468994140625 31.358016967773438 -377.8763122558594 
v 289.9694519042969 51.79570007324219 -379.40325927734375 
v 295.28594970703125 57.82861328125 -388.307861328125 
v 299.3669128417969 56.68184280395508 -349.0414733886719 
v 299.3669128417969 56.68184280395508 -349.0414733886719 
v 293.2145080566406 51.03148651123047 -348.7945556640625 
v 289.9694519042969 51.79570007324219 -379.40325927734375 
v 267.3424072265625 31.65219497680664 -386.0571594238281 
v 248.19781494140625 108.79332733154297 -381.9314270019531 
v 248.19781494140625 108.79332733154297 -381.9314270019531 
v 295.28594970703125 57.82861328125 -388.307861328125 
v 267.3424072265625 31.65219497680664 -386.0571594238281 
v 295.28594970703125 57.82861328125 -388.307861328125 
v 248.19781494140625 108.79332733154297 -381.9314270019531 
v 252.27879333496094 107.64655303955078 -342.6650390625 
v 252.27879333496094 107.64655303955078 -342.6650390625 
v 299.3669128417969 56.68184280395508 -349.0414733886719 
v 295.28594970703125 57.82861328125 -388.307861328125 
v 299.3669128417969 56.68184280395508 -349.0414733886719 
v 246.06495666503906 101.76177215576172 -342.0928039550781 
v 246.06495666503906 101.76177215576172 -342.0928039550781 
v 293.2145080566406 51.03148651123047 -348.7945556640625 
v 299.3669128417969 56.68184280395508 -349.0414733886719 
vn 0.5154555439949036 -0.856825590133667 -0.012470481917262077 
vn 0.5154555439949036 -0.856825590133667 -0.012470481917262077 
vn 0.5154555439949036 -0.856825590133667 -0.012470481917262077 
vn 0.5154555439949036 -0.856825590133667 -0.012470481917262077 
vn -0.7586576342582703 -0.45212167501449585 -0.4690677225589752 
vn -0.7586576342582703 -0.45212167501449585 -0.4690677225589752 
vn -0.7586576342582703 -0.45212167501449585 -0.4690677225589752 
vn -0.7586576342582703 -0.45212167501449585 -0.4690677225589752 
vn -0.5187704563140869 0.8548500537872314 0.010420942679047585 
vn -0.5187704563140869 0.8548500537872314 0.010420942679047585 
vn -0.5187704563140869 0.8548500537872314 0.010420942679047585 
vn -0.5187704563140869 0.8548500537872314 0.010420942679047585 
vn -0.5187704563140869 0.8548500537872314 0.010420942679047585 
vn -0.5187704563140869 0.8548500537872314 0.010420942679047585 
vn -0.3570934534072876 0.9282763600349426 0.10386130213737488 
vn -0.43662789463996887 0.8976747989654541 0.05946506932377815 
vn 0.003613406093791127 0.8548465371131897 -0.5188677906990051 
vn -0.017150696367025375 0.8043152689933777 -0.5939548015594482 
vn 0.38070645928382874 0.2946738004684448 -0.8764872550964355 
vn 0.4029034376144409 0.22882355749607086 -0.8861764073371887 
vn 0.5322867631912231 -0.45793211460113525 -0.7120179533958435 
vn 0.5908936262130737 -0.47220712900161743 -0.6541144251823425 
vn 0.3570934534072876 -0.9282763600349426 -0.10386130213737488 
vn 0.44015270471572876 -0.8960843682289124 -0.05743088573217392 
vn -0.044477466493844986 -0.8203401565551758 0.5701431035995483 
vn 0.04153798520565033 -0.8205097913742065 0.5701208710670471 
vn -0.41097596287727356 -0.20726899802684784 0.8877716064453125 
vn -0.389419287443161 -0.2735251784324646 0.8795092701911926 
vn -0.5306475162506104 0.5130606293678284 0.6746721863746643 
vn -0.587621808052063 0.4426249563694 0.6773361563682556 
vn -0.3570934534072876 0.9282763600349426 0.10386130213737488 
vn -0.43662789463996887 0.8976747989654541 0.05946506932377815 
vn -0.0871059000492096 0.7818370461463928 -0.6173677444458008 
vn 0.3946131765842438 0.25025591254234314 -0.8841111063957214 
vn 0.647517204284668 -0.42652490735054016 -0.6315048933029175 
vn 0.5154555439949036 -0.856825590133667 -0.012470481917262077 
vn 0.08379102498292923 -0.7838125824928284 0.615318238735199 
vn -0.39792805910110474 -0.2522313892841339 0.8820616006851196 
vn -0.647517204284668 0.42652490735054016 0.6315048933029175 
vn -0.5154555439949036 0.856825590133667 0.012470481917262077 
vn -0.06541807949542999 0.8004243969917297 -0.5958529710769653 
vn 0.390072762966156 0.26512864232063293 -0.8817879557609558 
vn 0.619994044303894 -0.4361768960952759 -0.6521943807601929 
vn 0.4791037142276764 -0.8769924640655518 -0.03665821999311447 
vn 0.05566843971610069 -0.7939708232879639 0.6054013967514038 
vn -0.40237805247306824 -0.2373013198375702 0.8841832280158997 
vn -0.6212839484214783 0.4479941129684448 0.6428903341293335 
vn -0.48102694749832153 0.8761476278305054 0.03127880394458771 
vn -0.025367749854922295 0.8059098720550537 -0.5914940237998962 
vn 0.4062260389328003 0.2308034598827362 -0.8841437697410583 
vn 0.5943979620933533 -0.47037097811698914 -0.6522597074508667 
vn 0.44292065501213074 -0.8949493765830994 -0.05372968688607216 
vn 0.04487418383359909 -0.818780243396759 0.5723502039909363 
vn -0.3861117959022522 -0.2715548872947693 0.8815756440162659 
vn -0.5918534994125366 0.4467464089393616 0.6709154844284058 
vn -0.44441577792167664 0.8940014243125916 0.05706149339675903 
vn -0.44441577792167664 0.8940014243125916 0.05706149339675903 
vn -0.48102694749832153 0.8761476278305054 0.03127880394458771 
vn -0.5154555439949036 0.856825590133667 0.012470481917262077 
vn 0.39792805910110474 0.2522313892841339 -0.8820616006851196 
vn 0.39792805910110474 0.2522313892841339 -0.8820616006851196 
vn 0.39792805910110474 0.2522313892841339 -0.8820616006851196 
vn 0.39792805910110474 0.2522313892841339 -0.8820616006851196 
vn 0.5623394846916199 -0.09638385474681854 -0.821270227432251 
vn 0.5623394846916199 -0.09638385474681854 -0.821270227432251 
vn 0.5949946641921997 -0.07655230164527893 -0.8000758290290833 
vn 0.6003109216690063 -0.06963685154914856 -0.7967293858528137 
vn 0.6319057941436768 -0.05047345906496048 -0.773400068283081 
vn 0.5187704563140869 -0.8548500537872314 -0.010420942679047585 
vn 0.5154555439949036 -0.856825590133667 -0.012470481917262077 
vn 0.5187704563140869 -0.8548500537872314 -0.010420942679047585 
vn 0.5154555439949036 -0.856825590133667 -0.012470481917262077 
vn 0.5154555439949036 -0.856825590133667 -0.012470481917262077 
vn 0.5154555439949036 -0.856825590133667 -0.012470481917262077 
vn 0.16655829548835754 0.5586460828781128 -0.812510073184967 
vn 0.16655829548835754 0.5586460828781128 -0.812510073184967 
vn -0.0871059000492096 0.7818370461463928 -0.6173677444458008 
vn -0.0871059000492096 0.7818370461463928 -0.6173677444458008 
vn -0.5154555439949036 0.856825590133667 0.012470481917262077 
vn -0.5154555439949036 0.856825590133667 0.012470481917262077 
vn 0.7586576342582703 0.45212167501449585 0.4690677225589752 
vn 0.7586576342582703 0.45212167501449585 0.4690677225589752 
vn 0.7586576342582703 0.45212167501449585 0.4690677225589752 
vn 0.7586576342582703 0.45212167501449585 0.4690677225589752 
vn -0.5510441064834595 0.7872697114944458 0.27668941020965576 
vn -0.5510441064834595 0.7872697114944458 0.27668941020965576 
vn -0.5510441064834595 0.7872697114944458 0.27668941020965576 
vn -0.5510441064834595 0.7872697114944458 0.27668941020965576 
vn 0.7586576342582703 0.45212167501449585 0.4690677225589752 
vn 0.7586576342582703 0.45212167501449585 0.4690677225589752 
vn 0.7586576342582703 0.45212167501449585 0.4690677225589752 
vn 0.7586576342582703 0.45212167501449585 0.4690677225589752 
vn 0.627738893032074 -0.695531964302063 -0.3495417535305023 
vn 0.5154555439949036 -0.856825590133667 -0.012470481917262077 
vn 0.7062948346138 -0.6441084742546082 -0.293721079826355 
vn 0.6088315844535828 -0.792102038860321 0.04357132315635681 
vn 0.6841611862182617 -0.7222296595573425 0.10152706503868103 
vn 0.4868957996368408 -0.7635548710823059 0.42416542768478394 
vn 0.3244464695453644 -0.8878255486488342 0.326343297958374 
vn 0.4050309658050537 -0.833410918712616 0.37599998712539673 
vn 0.6506878137588501 -0.6814268231391907 -0.33505702018737793 
vn 0.6409258246421814 -0.6875507235527039 -0.3413039445877075 
vn 0.7331987023353577 -0.4195784330368042 -0.5351391434669495 
vn 0.6930424571037292 -0.37359604239463806 -0.6165375113487244 
vn 0.5840446352958679 0.3363046944141388 -0.738776445388794 
vn 0.48351845145225525 0.31190747022628784 -0.8178774118423462 
vn 0.35910898447036743 0.6599632501602173 -0.659915566444397 
vn 0.2678261399269104 0.61441969871521 -0.7421301603317261 
vn 0.6310537457466125 -0.6935564875602722 -0.3474922180175781 
vn 0.647517204284668 -0.42652490735054016 -0.6315048933029175 
vn 0.3946131765842438 0.25025591254234314 -0.8841111063957214 
vn 0.16655829548835754 0.5586460828781128 -0.812510073184967 
vn -0.5187704563140869 0.8548500537872314 0.010420942679047585 
vn -0.5187704563140869 0.8548500537872314 0.010420942679047585 
vn -0.5187704563140869 0.8548500537872314 0.010420942679047585 
vn -0.5187704563140869 0.8548500537872314 0.010420942679047585 
vn -0.5187704563140869 0.8548500537872314 0.010420942679047585 
vn -0.5187704563140869 0.8548500537872314 0.010420942679047585 
vn 0.5154555439949036 -0.856825590133667 -0.012470481917262077 
vn 0.5154555439949036 -0.856825590133667 -0.012470481917262077 
vn 0.5154555439949036 -0.856825590133667 -0.012470481917262077 
vn 0.5154555439949036 -0.856825590133667 -0.012470481917262077 
vn 0.5187704563140869 -0.8548500537872314 -0.010420942679047585 
vn 0.5187704563140869 -0.8548500537872314 -0.010420942679047585 
vn -0.39792805910110474 -0.2522313892841339 0.8820616006851196 
vn -0.39792805910110474 -0.2522313892841339 0.8820616006851196 
vn -0.39792805910110474 -0.2522313892841339 0.8820616006851196 
vn 0.08379102498292923 -0.7838125824928284 0.615318238735199 
vn -0.39792805910110474 -0.2522313892841339 0.8820616006851196 
vn -0.39792805910110474 -0.2522313892841339 0.8820616006851196 
vn -0.7586576342582703 -0.45212167501449585 -0.4690677225589752 
vn -0.7586576342582703 -0.45212167501449585 -0.4690677225589752 
vn -0.7586576342582703 -0.45212167501449585 -0.4690677225589752 
vn -0.7586576342582703 -0.45212167501449585 -0.4690677225589752 
vn -0.7586576342582703 -0.45212167501449585 -0.4690677225589752 
vn -0.7586576342582703 -0.45212167501449585 -0.4690677225589752 
vn -0.7586576342582703 -0.45212167501449585 -0.4690677225589752 
vn -0.39792805910110474 -0.2522313892841339 0.8820616006851196 
vn -0.39792805910110474 -0.2522313892841339 0.8820616006851196 
vn -0.39792805910110474 -0.2522313892841339 0.8820616006851196 
vn -0.39792805910110474 -0.2522313892841339 0.8820616006851196 
vn -0.3946131765842438 -0.25025591254234314 0.8841111063957214 
vn 0.7586576342582703 0.45212167501449585 0.4690677225589752 
vn 0.7586576342582703 0.45212167501449585 0.4690677225589752 
vn 0.7586576342582703 0.45212167501449585 0.4690677225589752 
vn -0.5187704563140869 0.8548500537872314 0.010420942679047585 
vn -0.5187704563140869 0.8548500537872314 0.010420942679047585 
vn -0.5187704563140869 0.8548500537872314 0.010420942679047585 
vn -0.5187704563140869 0.8548500537872314 0.010420942679047585 
vn -0.5187704563140869 0.8548500537872314 0.010420942679047585 
vn -0.4678727984428406 0.7829943895339966 -0.4098959267139435 
vn -0.39609771966934204 0.8405637741088867 -0.369538813829422 
vn -0.6636180281639099 0.7425402402877808 -0.09080275893211365 
vn -0.5952134132385254 0.8026334643363953 -0.03873767331242561 
vn -0.32776132225990295 0.8858500719070435 -0.3283928334712982 
vn -0.5187704563140869 0.8548500537872314 0.010420942679047585 
vn 0.39792805910110474 0.2522313892841339 -0.8820616006851196 
vn 0.39792805910110474 0.2522313892841339 -0.8820616006851196 
vn 0.3946131765842438 0.25025591254234314 -0.8841111063957214 
vn 0.3946131765842438 0.25025591254234314 -0.8841111063957214 
vn 0.3946131765842438 0.25025591254234314 -0.8841111063957214 
vn 0.4665438234806061 -0.7827720046043396 0.41183099150657654 
vn 0.39792922139167786 -0.8379989266395569 0.3733764886856079 
vn 0.4665438234806061 -0.7827720046043396 0.41183099150657654 
vn 0.39396804571151733 -0.8401990532875061 0.3726317882537842 
vn 0.3244464695453644 -0.8878255486488342 0.326343297958374 
vn 0.3244464695453644 -0.8878255486488342 0.326343297958374 
vn 0.7586576342582703 0.45212167501449585 0.4690677225589752 
vn 0.7586576342582703 0.45212167501449585 0.4690677225589752 
vn 0.7586576342582703 0.45212167501449585 0.4690677225589752 
vn 0.3946131765842438 0.25025591254234314 -0.8841111063957214 
vn 0.3946131765842438 0.25025591254234314 -0.8841111063957214 
vn 0.3946131765842438 0.25025591254234314 -0.8841111063957214 
vn 0.3946131765842438 0.25025591254234314 -0.8841111063957214 
vn 0.3946131765842438 0.25025591254234314 -0.8841111063957214 
vn 0.3946131765842438 0.25025591254234314 -0.8841111063957214 
vn 0.1298583447933197 0.99127596616745 -0.02254229597747326 
vn -0.033149175345897675 0.9896502494812012 -0.13961753249168396 
vn 0.1298583447933197 0.99127596616745 -0.02254229597747326 
vn -0.06742418557405472 0.9850348234176636 -0.15861868858337402 
vn -0.22508221864700317 0.9374628663063049 -0.2655201554298401 
vn -0.22508221864700317 0.9374628663063049 -0.2655201554298401 
vn 0.35367459058761597 0.6567473411560059 -0.6660304665565491 
vn 0.2971928119659424 0.6276543140411377 -0.719531774520874 
vn 0.35367459058761597 0.6567473411560059 -0.6660304665565491 
vn 0.26463595032691956 0.6127805709838867 -0.7446256279945374 
vn 0.21145859360694885 0.5811849236488342 -0.7858173847198486 
vn 0.21145859360694885 0.5811849236488342 -0.7858173847198486 
vn 0.3543195128440857 -0.2078646421432495 -0.9117294549942017 
vn 0.42471417784690857 -0.16995055973529816 -0.8892329335212708 
vn 0.3543195128440857 -0.2078646421432495 -0.9117294549942017 
vn 0.46164730191230774 -0.15230220556259155 -0.8738915324211121 
vn 0.5206617116928101 -0.11700575798749924 -0.8457076549530029 
vn 0.5206617116928101 -0.11700575798749924 -0.8457076549530029 
vn -0.7586576342582703 -0.45212167501449585 -0.4690677225589752 
vn -0.7586576342582703 -0.45212167501449585 -0.4690677225589752 
vn -0.7586576342582703 -0.45212167501449585 -0.4690677225589752 
vn -0.7586576342582703 -0.45212167501449585 -0.4690677225589752 
vn -0.5154555439949036 0.856825590133667 0.012470481917262077 
vn -0.5154555439949036 0.856825590133667 0.012470481917262077 
vn -0.627738893032074 0.695531964302063 0.3495417535305023 
vn -0.627738893032074 0.695531964302063 0.3495417535305023 
vn 0.7586576342582703 0.45212167501449585 0.4690677225589752 
vn 0.7586576342582703 0.45212167501449585 0.4690677225589752 
vn 0.7586576342582703 0.45212167501449585 0.4690677225589752 
vn 0.7586576342582703 0.45212167501449585 0.4690677225589752 
vn -0.39792805910110474 -0.2522313892841339 0.8820616006851196 
vn -0.39792805910110474 -0.2522313892841339 0.8820616006851196 
vn -0.39792805910110474 -0.2522313892841339 0.8820616006851196 
vn -0.39792805910110474 -0.2522313892841339 0.8820616006851196 
vn -0.7586576342582703 -0.45212167501449585 -0.4690677225589752 
vn -0.7586576342582703 -0.45212167501449585 -0.4690677225589752 
vn -0.7586576342582703 -0.45212167501449585 -0.4690677225589752 
vn -0.7586576342582703 -0.45212167501449585 -0.4690677225589752 
vn 0.7586576342582703 0.45212167501449585 0.4690677225589752 
vn 0.7586576342582703 0.45212167501449585 0.4690677225589752 
vn 0.7586576342582703 0.45212167501449585 0.4690677225589752 
vn 0.7586576342582703 0.45212167501449585 0.4690677225589752 
vn -0.7586576342582703 -0.45212167501449585 -0.4690677225589752 
vn -0.7586576342582703 -0.45212167501449585 -0.4690677225589752 
vn -0.7586576342582703 -0.45212167501449585 -0.4690677225589752 
vn -0.7586576342582703 -0.45212167501449585 -0.4690677225589752 
vn -0.5187704563140869 0.8548500537872314 0.010420942679047585 
vn -0.644095778465271 0.6181662082672119 0.4505680203437805 
vn -0.31077325344085693 0.9423127174377441 0.12436501681804657 
vn -0.4372941851615906 0.7070045471191406 0.5558046698570251 
vn -0.5994490385055542 0.2091406285762787 0.7726069092750549 
vn -0.3939257264137268 0.31504130363464355 0.8634652495384216 
vn -0.39792805910110474 -0.2522313892841339 0.8820616006851196 
vn -0.1952243149280548 -0.13095659017562866 0.9719764590263367 
vn -0.08790718764066696 -0.6449384689331055 0.7591615915298462 
vn 0.10582605004310608 -0.5120631456375122 0.8524037599563599 
vn 0.2528690695762634 -0.8663380742073059 0.4307147264480591 
vn 0.42894986271858215 -0.7266558408737183 0.5366313457489014 
vn 0.5187704563140869 -0.8548500537872314 -0.010420942679047585 
vn 0.6909778714179993 -0.7156160473823547 0.10219238698482513 
vn 0.644095778465271 -0.6181662082672119 -0.4505680203437805 
vn 0.8145067095756531 -0.48220494389533997 -0.3225793242454529 
vn 0.6027638912200928 -0.20716512203216553 -0.7705574035644531 
vn 0.7711382508277893 -0.0902416855096817 -0.6302398443222046 
vn 0.39792805910110474 0.2522313892841339 -0.8820616006851196 
vn 0.5724368095397949 0.3557562232017517 -0.7387510538101196 
vn 0.08790718764066696 0.6449384689331055 -0.7591615915298462 
vn 0.2713864743709564 0.7368627786636353 -0.6191784143447876 
vn -0.2528690695762634 0.8663380742073059 -0.4307147264480591 
vn -0.05173736438155174 0.9514554142951965 -0.3034059703350067 
vn -0.5187704563140869 0.8548500537872314 0.010420942679047585 
vn -0.31077325344085693 0.9423127174377441 0.12436501681804657 
vn 0.3946131765842438 0.25025591254234314 -0.8841111063957214 
vn 0.3946131765842438 0.25025591254234314 -0.8841111063957214 
vn 0.3946131765842438 0.25025591254234314 -0.8841111063957214 
vn 0.3946131765842438 0.25025591254234314 -0.8841111063957214 
vn -0.7586576342582703 -0.45212167501449585 -0.4690677225589752 
vn -0.7586576342582703 -0.45212167501449585 -0.4690677225589752 
vn -0.7586576342582703 -0.45212167501449585 -0.4690677225589752 
vn 0.627738893032074 -0.695531964302063 -0.3495417535305023 
vn 0.627738893032074 -0.695531964302063 -0.3495417535305023 
vn 0.6442023515701294 -0.42850038409233093 -0.6335544586181641 
vn 0.6442023515701294 -0.42850038409233093 -0.6335544586181641 
vn 0.5623394846916199 -0.09638385474681854 -0.821270227432251 
vn 0.5623394846916199 -0.09638385474681854 -0.821270227432251 
vn -0.5187704563140869 0.8548500537872314 0.010420942679047585 
vn -0.5187704563140869 0.8548500537872314 0.010420942679047585 
vn -0.5187704563140869 0.8548500537872314 0.010420942679047585 
vn -0.5187704563140869 0.8548500537872314 0.010420942679047585 
vn -0.10258686542510986 0.026167433708906174 -0.9943801164627075 
vn -0.10258686542510986 0.026167433708906174 -0.9943801164627075 
vn -0.10258686542510986 0.026167433708906174 -0.9943801164627075 
vn -0.10258686542510986 0.026167433708906174 -0.9943801164627075 
vn 0.5154555439949036 -0.856825590133667 -0.012470481917262077 
vn 0.5154555439949036 -0.856825590133667 -0.012470481917262077 
vn 0.5154555439949036 -0.856825590133667 -0.012470481917262077 
vn 0.5154555439949036 -0.856825590133667 -0.012470481917262077 
vn 0.5154555439949036 -0.856825590133667 -0.012470481917262077 
vn -0.7586576342582703 -0.45212167501449585 -0.4690677225589752 
vn -0.7586576342582703 -0.45212167501449585 -0.4690677225589752 
vn -0.7586576342582703 -0.45212167501449585 -0.4690677225589752 
vn -0.7586576342582703 -0.45212167501449585 -0.4690677225589752 
vn 0.7586576342582703 0.45212167501449585 0.4690677225589752 
vn 0.7586576342582703 0.45212167501449585 0.4690677225589752 
vn 0.7586576342582703 0.45212167501449585 0.4690677225589752 
vn 0.7586576342582703 0.45212167501449585 0.4690677225589752 
vn 0.7586576342582703 0.45212167501449585 0.4690677225589752 
vn 0.7586576342582703 0.45212167501449585 0.4690677225589752 
vn 0.5154555439949036 -0.856825590133667 -0.012470481917262077 
vn 0.5154555439949036 -0.856825590133667 -0.012470481917262077 
vn 0.5154555439949036 -0.856825590133667 -0.012470481917262077 
vn 0.5154555439949036 -0.856825590133667 -0.012470481917262077 
vn -0.16655829548835754 -0.5586460828781128 0.812510073184967 
vn -0.16655829548835754 -0.5586460828781128 0.812510073184967 
vn -0.3946131765842438 -0.25025591254234314 0.8841111063957214 
vn -0.3946131765842438 -0.25025591254234314 0.8841111063957214 
vn -0.5623394846916199 0.09638385474681854 0.821270227432251 
vn -0.5623394846916199 0.09638385474681854 0.821270227432251 
vn -0.5656543374061584 0.09440836310386658 0.8192206621170044 
vn -0.5656543374061584 0.09440836310386658 0.8192206621170044 
vn -0.39792805910110474 -0.2522313892841339 0.8820616006851196 
vn -0.39792805910110474 -0.2522313892841339 0.8820616006851196 
vn 0.08379102498292923 -0.7838125824928284 0.615318238735199 
vn 0.08379102498292923 -0.7838125824928284 0.615318238735199 
vn 0.3244464695453644 -0.8878255486488342 0.326343297958374 
vn 0.3244464695453644 -0.8878255486488342 0.326343297958374 
vn -0.7586576342582703 -0.45212167501449585 -0.4690677225589752 
vn -0.7586576342582703 -0.45212167501449585 -0.4690677225589752 
vn -0.7586576342582703 -0.45212167501449585 -0.4690677225589752 
vn -0.7586576342582703 -0.45212167501449585 -0.4690677225589752 
vn -0.7586576342582703 -0.45212167501449585 -0.4690677225589752 
vn -0.7586576342582703 -0.45212167501449585 -0.4690677225589752 
vn -0.7586576342582703 -0.45212167501449585 -0.4690677225589752 
vn -0.7586576342582703 -0.45212167501449585 -0.4690677225589752 
vn -0.7586576342582703 -0.45212167501449585 -0.4690677225589752 
vn -0.7586576342582703 -0.45212167501449585 -0.4690677225589752 
vn 0.7586576342582703 0.45212167501449585 0.4690677225589752 
vn 0.7586576342582703 0.45212167501449585 0.4690677225589752 
vn 0.7586576342582703 0.45212167501449585 0.4690677225589752 
vn 0.7586576342582703 0.45212167501449585 0.4690677225589752 
vn 0.7586576342582703 0.45212167501449585 0.4690677225589752 
vn 0.7586576342582703 0.45212167501449585 0.4690677225589752 
vn 0.7586576342582703 0.45212167501449585 0.4690677225589752 
vn 0.7586576342582703 0.45212167501449585 0.4690677225589752 
vn 0.7586576342582703 0.45212167501449585 0.4690677225589752 
vn -0.7586576342582703 -0.45212167501449585 -0.4690677225589752 
vn -0.7586576342582703 -0.45212167501449585 -0.4690677225589752 
vn -0.7586576342582703 -0.45212167501449585 -0.4690677225589752 
vn -0.7586576342582703 -0.45212167501449585 -0.4690677225589752 
vn -0.7586576342582703 -0.45212167501449585 -0.4690677225589752 
vn -0.7586576342582703 -0.45212167501449585 -0.4690677225589752 
vn -0.7586576342582703 -0.45212167501449585 -0.4690677225589752 
vn -0.11370071023702621 -0.7538503408432007 -0.6471338868141174 
vn -0.11370071023702621 -0.7538503408432007 -0.6471338868141174 
vn -0.11370071023702621 -0.7538503408432007 -0.6471338868141174 
vn -0.11370071023702621 -0.7538503408432007 -0.6471338868141174 
vn 0.7586576342582703 0.45212167501449585 0.4690677225589752 
vn 0.7586576342582703 0.45212167501449585 0.4690677225589752 
vn 0.7586576342582703 0.45212167501449585 0.4690677225589752 
vn 0.7586576342582703 0.45212167501449585 0.4690677225589752 
vn 0.7586576342582703 0.45212167501449585 0.4690677225589752 
vn 0.7586576342582703 0.45212167501449585 0.4690677225589752 
vn 0.7586576342582703 0.45212167501449585 0.4690677225589752 
vn 0.7586576342582703 0.45212167501449585 0.4690677225589752 
vn 0.39792805910110474 0.2522313892841339 -0.8820616006851196 
vn 0.39792805910110474 0.2522313892841339 -0.8820616006851196 
vn 0.39792805910110474 0.2522313892841339 -0.8820616006851196 
vn 0.39792805910110474 0.2522313892841339 -0.8820616006851196 
vn 0.5154555439949036 -0.856825590133667 -0.012470481917262077 
vn 0.5154555439949036 -0.856825590133667 -0.012470481917262077 
vn 0.5154555439949036 -0.856825590133667 -0.012470481917262077 
vn 0.5154555439949036 -0.856825590133667 -0.012470481917262077 
vn -0.5187704563140869 0.8548500537872314 0.010420942679047585 
vn -0.5187704563140869 0.8548500537872314 0.010420942679047585 
vn -0.5187704563140869 0.8548500537872314 0.010420942679047585 
vn -0.5187704563140869 0.8548500537872314 0.010420942679047585 
vn -0.7586576342582703 -0.45212167501449585 -0.4690677225589752 
vn -0.7586576342582703 -0.45212167501449585 -0.4690677225589752 
vn -0.7586576342582703 -0.45212167501449585 -0.4690677225589752 
vn -0.7586576342582703 -0.45212167501449585 -0.4690677225589752 
vn -0.7586576342582703 -0.45212167501449585 -0.4690677225589752 
vn -0.7586576342582703 -0.45212167501449585 -0.4690677225589752 
vn -0.7586576342582703 -0.45212167501449585 -0.4690677225589752 
vn -0.7586576342582703 -0.45212167501449585 -0.4690677225589752 
vn -0.7586576342582703 -0.45212167501449585 -0.4690677225589752 
vn -0.7586576342582703 -0.45212167501449585 -0.4690677225589752 
vn -0.7586576342582703 -0.45212167501449585 -0.4690677225589752 
vn -0.39792805910110474 -0.2522313892841339 0.8820616006851196 
vn -0.39792805910110474 -0.2522313892841339 0.8820616006851196 
vn -0.39792805910110474 -0.2522313892841339 0.8820616006851196 
vn -0.39792805910110474 -0.2522313892841339 0.8820616006851196 
vn 0.5656543374061584 -0.09440836310386658 -0.8192206621170044 
vn 0.5656543374061584 -0.09440836310386658 -0.8192206621170044 
vn 0.5656543374061584 -0.09440836310386658 -0.8192206621170044 
vn 0.5656543374061584 -0.09440836310386658 -0.8192206621170044 
vn -0.7586576342582703 -0.45212167501449585 -0.4690677225589752 
vn -0.7586576342582703 -0.45212167501449585 -0.4690677225589752 
vn -0.7586576342582703 -0.45212167501449585 -0.4690677225589752 
vn -0.7586576342582703 -0.45212167501449585 -0.4690677225589752 
vn 0.7586576342582703 0.45212167501449585 0.4690677225589752 
vn 0.7586576342582703 0.45212167501449585 0.4690677225589752 
vn 0.7586576342582703 0.45212167501449585 0.4690677225589752 
vn 0.7586576342582703 0.45212167501449585 0.4690677225589752 
vn -0.5187704563140869 0.8548500537872314 0.010420942679047585 
vn -0.5187704563140869 0.8548500537872314 0.010420942679047585 
vn -0.5187704563140869 0.8548500537872314 0.010420942679047585 
vn -0.5187704563140869 0.8548500537872314 0.010420942679047585 
vn -0.5187704563140869 0.8548500537872314 0.010420942679047585 
vn -0.5187704563140869 0.8548500537872314 0.010420942679047585 
vn -0.5187704563140869 0.8548500537872314 0.010420942679047585 
vn -0.6310537457466125 0.6935564875602722 0.3474922180175781 
vn -0.6310537457466125 0.6935564875602722 0.3474922180175781 
vn -0.16655829548835754 -0.5586460828781128 0.812510073184967 
vn -0.13993021845817566 -0.5424613952636719 0.8283447623252869 
vn -0.39792805910110474 -0.2522313892841339 0.8820616006851196 
vn -0.3794747591018677 -0.2675987482070923 0.8856578469276428 
vn -0.5656543374061584 0.09440836310386658 0.8192206621170044 
vn -0.5949946641921997 0.07655230164527893 0.8000758290290833 
vn -0.10551681369543076 -0.5222841501235962 0.8462182879447937 
vn -0.4313034415245056 -0.2105981707572937 0.8772832155227661 
vn -0.6237223148345947 0.0594143308699131 0.7793847322463989 
vn 0.7586576342582703 0.45212167501449585 0.4690677225589752 
vn 0.7586576342582703 0.45212167501449585 0.4690677225589752 
vn 0.7586576342582703 0.45212167501449585 0.4690677225589752 
vn 0.7586576342582703 0.45212167501449585 0.4690677225589752 
vn 0.7586576342582703 0.45212167501449585 0.4690677225589752 
vn 0.7586576342582703 0.45212167501449585 0.4690677225589752 
vn -0.39792805910110474 -0.2522313892841339 0.8820616006851196 
vn -0.39792805910110474 -0.2522313892841339 0.8820616006851196 
vn -0.39792805910110474 -0.2522313892841339 0.8820616006851196 
vn -0.39792805910110474 -0.2522313892841339 0.8820616006851196 
vn 0.1698731631040573 0.5606215596199036 -0.8104605078697205 
vn 0.1698731631040573 0.5606215596199036 -0.8104605078697205 
vn 0.39792805910110474 0.2522313892841339 -0.8820616006851196 
vn 0.39792805910110474 0.2522313892841339 -0.8820616006851196 
vn 0.647517204284668 -0.42652490735054016 -0.6315048933029175 
vn 0.647517204284668 -0.42652490735054016 -0.6315048933029175 
vn 0.6310537457466125 -0.6935564875602722 -0.3474922180175781 
vn 0.6310537457466125 -0.6935564875602722 -0.3474922180175781 
vn -0.6310537457466125 0.6935564875602722 0.3474922180175781 
vn -0.6983394622802734 0.6472213864326477 0.3056577742099762 
vn -0.5187704563140869 0.8548500537872314 0.010420942679047585 
vn -0.5952134132385254 0.8026334643363953 -0.03873767331242561 
vn -0.764359176158905 0.5933089852333069 0.25246724486351013 
vn -0.6636180281639099 0.7425402402877808 -0.09080275893211365 
vn 0.7586576342582703 0.45212167501449585 0.4690677225589752 
vn 0.7586576342582703 0.45212167501449585 0.4690677225589752 
vn 0.7586576342582703 0.45212167501449585 0.4690677225589752 
vn 0.7586576342582703 0.45212167501449585 0.4690677225589752 
vn 0.7586576342582703 0.45212167501449585 0.4690677225589752 
vn 0.7586576342582703 0.45212167501449585 0.4690677225589752 
vn 0.7586576342582703 0.45212167501449585 0.4690677225589752 
vn -0.7586576342582703 -0.45212167501449585 -0.4690677225589752 
vn -0.7586576342582703 -0.45212167501449585 -0.4690677225589752 
vn -0.7586576342582703 -0.45212167501449585 -0.4690677225589752 
vn -0.7586576342582703 -0.45212167501449585 -0.4690677225589752 
vn -0.5154555439949036 0.856825590133667 0.012470481917262077 
vn -0.32776132225990295 0.8858500719070435 -0.3283928334712982 
vn -0.5154555439949036 0.856825590133667 0.012470481917262077 
vn -0.32776132225990295 0.8858500719070435 -0.3283928334712982 
vn -0.7586576342582703 -0.45212167501449585 -0.4690677225589752 
vn -0.7586576342582703 -0.45212167501449585 -0.4690677225589752 
vn -0.7586576342582703 -0.45212167501449585 -0.4690677225589752 
vn -0.7586576342582703 -0.45212167501449585 -0.4690677225589752 
vn -0.7586576342582703 -0.45212167501449585 -0.4690677225589752 
vn -0.7586576342582703 -0.45212167501449585 -0.4690677225589752 
vn -0.7586576342582703 -0.45212167501449585 -0.4690677225589752 
vn -0.24222029745578766 -0.15915317833423615 0.9570788741111755 
vn 0.06355457007884979 -0.5459834933280945 0.8353818655014038 
vn -0.24222029745578766 -0.15915317833423615 0.9570788741111755 
vn 0.06355457007884979 -0.5459834933280945 0.8353818655014038 
vn 0.39157718420028687 -0.7631108164787292 0.5141294002532959 
vn 0.39157718420028687 -0.7631108164787292 0.5141294002532959 
vn 0.653954029083252 -0.7523560523986816 0.07940089702606201 
vn 0.653954029083252 -0.7523560523986816 0.07940089702606201 
vn 0.7803815603256226 -0.5166009664535522 -0.35231849551200867 
vn 0.7803815603256226 -0.5166009664535522 -0.35231849551200867 
vn 0.7369835376739502 -0.11901581287384033 -0.6653499603271484 
vn 0.7369835376739502 -0.11901581287384033 -0.6653499603271484 
vn 0.5353884696960449 0.3338666260242462 -0.7758169174194336 
vn 0.5353884696960449 0.3338666260242462 -0.7758169174194336 
vn 0.22961361706256866 0.7206969857215881 -0.6541199088096619 
vn 0.22961361706256866 0.7206969857215881 -0.6541199088096619 
vn -0.09840898960828781 0.9378243088722229 -0.33286747336387634 
vn -0.09840898960828781 0.9378243088722229 -0.33286747336387634 
vn -0.3607858419418335 0.9270694851875305 0.10186102241277695 
vn -0.3607858419418335 0.9270694851875305 0.10186102241277695 
vn -0.4872133731842041 0.6913143992424011 0.5335804224014282 
vn -0.4872133731842041 0.6913143992424011 0.5335804224014282 
vn -0.4438153803348541 0.2937292754650116 0.8466119170188904 
vn -0.4438153803348541 0.2937292754650116 0.8466119170188904 
vn -0.24222029745578766 -0.15915317833423615 0.9570788741111755 
vn -0.24222029745578766 -0.15915317833423615 0.9570788741111755 
vn 0.7586576342582703 0.45212167501449585 0.4690677225589752 
vn 0.7586576342582703 0.45212167501449585 0.4690677225589752 
vn 0.7586576342582703 0.45212167501449585 0.4690677225589752 
vn 0.7586576342582703 0.45212167501449585 0.4690677225589752 
vn 0.7586576342582703 0.45212167501449585 0.4690677225589752 
vn 0.7586576342582703 0.45212167501449585 0.4690677225589752 
vn -0.5187704563140869 0.8548500537872314 0.010420942679047585 
vn -0.5187704563140869 0.8548500537872314 0.010420942679047585 
vn -0.5187704563140869 0.8548500537872314 0.010420942679047585 
vn -0.5187704563140869 0.8548500537872314 0.010420942679047585 
vn 0.3244464695453644 -0.8878255486488342 0.326343297958374 
vn 0.3244464695453644 -0.8878255486488342 0.326343297958374 
vn 0.3244464695453644 -0.8878255486488342 0.326343297958374 
vn 0.3244464695453644 -0.8878255486488342 0.326343297958374 
vn 0.5656543374061584 -0.09440836310386658 -0.8192206621170044 
vn 0.647517204284668 -0.42652490735054016 -0.6315048933029175 
vn 0.5656543374061584 -0.09440836310386658 -0.8192206621170044 
vn 0.6442023515701294 -0.42850038409233093 -0.6335544586181641 
vn 0.627738893032074 -0.695531964302063 -0.3495417535305023 
vn 0.627738893032074 -0.695531964302063 -0.3495417535305023 
vn -0.627738893032074 0.695531964302063 0.3495417535305023 
vn -0.5154555439949036 0.856825590133667 0.012470481917262077 
vn -0.7185949087142944 0.6335391402244568 0.28679218888282776 
vn -0.6058405637741089 0.7939983606338501 -0.05023673549294472 
vn -0.6955037117004395 0.7103819251060486 -0.10785223543643951 
vn 0.5154555439949036 -0.856825590133667 -0.012470481917262077 
vn 0.5154555439949036 -0.856825590133667 -0.012470481917262077 
vn 0.5154555439949036 -0.856825590133667 -0.012470481917262077 
vn 0.5154555439949036 -0.856825590133667 -0.012470481917262077 
vn -0.7586576342582703 -0.45212167501449585 -0.4690677225589752 
vn -0.7586576342582703 -0.45212167501449585 -0.4690677225589752 
vn -0.7586576342582703 -0.45212167501449585 -0.4690677225589752 
vn -0.7586576342582703 -0.45212167501449585 -0.4690677225589752 
vn -0.5353884696960449 -0.3338666260242462 0.7758169174194336 
vn -0.5353884696960449 -0.3338666260242462 0.7758169174194336 
vn -0.23001977801322937 -0.7203097343444824 0.6544036269187927 
vn -0.23001977801322937 -0.7203097343444824 0.6544036269187927 
vn 0.09765200316905975 -0.9375590682029724 0.3338361382484436 
vn 0.09765200316905975 -0.9375590682029724 0.3338361382484436 
vn 0.3600373864173889 -0.9275419116020203 -0.10019513219594955 
vn 0.3600373864173889 -0.9275419116020203 -0.10019513219594955 
vn 0.48699843883514404 -0.6929359436035156 -0.5316697955131531 
vn 0.48699843883514404 -0.6929359436035156 -0.5316697955131531 
vn 0.44459739327430725 -0.29645344614982605 -0.8452509641647339 
vn 0.44459739327430725 -0.29645344614982605 -0.8452509641647339 
vn 0.24416841566562653 0.15592244267463684 -0.957115650177002 
vn 0.24416841566562653 0.15592244267463684 -0.957115650177002 
vn -0.06558594852685928 0.5479155778884888 -0.833958625793457 
vn -0.06558594852685928 0.5479155778884888 -0.833958625793457 
vn -0.3930898606777191 0.7636370658874512 -0.512190043926239 
vn -0.3930898606777191 0.7636370658874512 -0.512190043926239 
vn -0.6547006368637085 0.7518805861473083 -0.0777350515127182 
vn -0.6547006368637085 0.7518805861473083 -0.0777350515127182 
vn -0.7804874777793884 0.5157886147499084 0.3532727360725403 
vn -0.7804874777793884 0.5157886147499084 0.3532727360725403 
vn -0.7368264198303223 0.11847072839736938 0.6656212210655212 
vn -0.7368264198303223 0.11847072839736938 0.6656212210655212 
vn -0.5353884696960449 -0.3338666260242462 0.7758169174194336 
vn -0.5353884696960449 -0.3338666260242462 0.7758169174194336 
vn -0.5154555439949036 0.856825590133667 0.012470481917262077 
vn -0.32776132225990295 0.8858500719070435 -0.3283928334712982 
vn -0.6058405637741089 0.7939983606338501 -0.05023673549294472 
vn -0.41834133863449097 0.8239060044288635 -0.3823208510875702 
vn -0.4966094195842743 0.7519561648368835 -0.4335215389728546 
vn 0.16655829548835754 0.5586460828781128 -0.812510073184967 
vn 0.3946131765842438 0.25025591254234314 -0.8841111063957214 
vn 0.13532409071922302 0.5360127091407776 -0.8332932591438293 
vn 0.3754919171333313 0.2740094065666199 -0.8853952288627625 
vn 0.43832287192344666 0.20600223541259766 -0.8748921155929565 
vn 0.7830324172973633 -0.36135372519493103 -0.5062448978424072 
vn 0.6442023515701294 -0.42850038409233093 -0.6335544586181641 
vn 0.7089401483535767 -0.36677148938179016 -0.602397620677948 
vn 0.7937896847724915 -0.5635377764701843 -0.22874267399311066 
vn 0.627738893032074 -0.695531964302063 -0.3495417535305023 
vn 0.7185949087142944 -0.6335391402244568 -0.28679218888282776 
vn 0.6259272694587708 -0.7777618765830994 0.05745937302708626 
vn 0.6259272694587708 -0.7777618765830994 0.05745937302708626 
vn 0.6259272694587708 -0.7777618765830994 0.05745937302708626 
vn 0.6259272694587708 -0.7777618765830994 0.05745937302708626 
vn 0.627738893032074 -0.695531964302063 -0.3495417535305023 
vn 0.6442023515701294 -0.42850038409233093 -0.6335544586181641 
vn 0.627738893032074 -0.695531964302063 -0.3495417535305023 
vn 0.6442023515701294 -0.42850038409233093 -0.6335544586181641 
vn 0.5623394846916199 -0.09638385474681854 -0.821270227432251 
vn 0.5623394846916199 -0.09638385474681854 -0.821270227432251 
vn -0.6310537457466125 0.6935564875602722 0.3474922180175781 
vn -0.6310537457466125 0.6935564875602722 0.3474922180175781 
vn -0.6310537457466125 0.6935564875602722 0.3474922180175781 
vn -0.6310537457466125 0.6935564875602722 0.3474922180175781 
vn -0.2778472304344177 -0.18049824237823486 0.9435155391693115 
vn -0.2778472304344177 -0.18049824237823486 0.9435155391693115 
vn -0.2778472304344177 -0.18049824237823486 0.9435155391693115 
vn -0.2778472304344177 -0.18049824237823486 0.9435155391693115 
vn -0.5656543374061584 0.09440836310386658 0.8192206621170044 
vn -0.5656543374061584 0.09440836310386658 0.8192206621170044 
vn -0.5656543374061584 0.09440836310386658 0.8192206621170044 
vn -0.5656543374061584 0.09440836310386658 0.8192206621170044 
vn 0.3244464695453644 -0.8878255486488342 0.326343297958374 
vn 0.08379102498292923 -0.7838125824928284 0.615318238735199 
vn 0.3244464695453644 -0.8878255486488342 0.326343297958374 
vn 0.08379102498292923 -0.7838125824928284 0.615318238735199 
vn -0.1698731631040573 -0.5606215596199036 0.8104605078697205 
vn -0.1698731631040573 -0.5606215596199036 0.8104605078697205 
vn -0.6310537457466125 0.6935564875602722 0.3474922180175781 
vn -0.6310537457466125 0.6935564875602722 0.3474922180175781 
vn -0.6310537457466125 0.6935564875602722 0.3474922180175781 
vn -0.6310537457466125 0.6935564875602722 0.3474922180175781 
vn -0.32776132225990295 0.8858500719070435 -0.3283928334712982 
vn -0.08379102498292923 0.7838125824928284 -0.615318238735199 
vn -0.3244464695453644 0.8878255486488342 -0.326343297958374 
vn -0.08379102498292923 0.7838125824928284 -0.615318238735199 
vn 0.1698731631040573 0.5606215596199036 -0.8104605078697205 
vn 0.16655829548835754 0.5586460828781128 -0.812510073184967 
vn -0.3965708315372467 0.9145036935806274 0.0800912156701088 
vn -0.3965708315372467 0.9145036935806274 0.0800912156701088 
vn -0.3965708315372467 0.9145036935806274 0.0800912156701088 
vn -0.3965708315372467 0.9145036935806274 0.0800912156701088 
vn -0.16655829548835754 -0.5586460828781128 0.812510073184967 
vn -0.3946131765842438 -0.25025591254234314 0.8841111063957214 
vn -0.12625299394130707 -0.5344468951225281 0.8357191681861877 
vn -0.41667264699935913 -0.2282390594482422 0.879938006401062 
vn -0.35268181562423706 -0.295510858297348 0.8878563642501831 
vn -0.6394047141075134 0.050224605947732925 0.7672283053398132 
vn -0.5623394846916199 0.09638385474681854 0.821270227432251 
vn -0.5983526110649109 0.07497912645339966 0.7977170944213867 
vn 0.32776132225990295 -0.8858500719070435 0.3283928334712982 
vn 0.32776132225990295 -0.8858500719070435 0.3283928334712982 
vn 0.41834133863449097 -0.8239060044288635 0.3823208510875702 
vn 0.41130298376083374 -0.8286227583885193 0.3797551691532135 
vn 0.4966094195842743 -0.7519561648368835 0.4335215389728546 
vn 0.16655829548835754 0.5586460828781128 -0.812510073184967 
vn 0.16655829548835754 0.5586460828781128 -0.812510073184967 
vn 0.16655829548835754 0.5586460828781128 -0.812510073184967 
vn 0.16655829548835754 0.5586460828781128 -0.812510073184967 
vn -0.7586576342582703 -0.45212167501449585 -0.4690677225589752 
vn -0.7586576342582703 -0.45212167501449585 -0.4690677225589752 
vn -0.7586576342582703 -0.45212167501449585 -0.4690677225589752 
vn -0.7586576342582703 -0.45212167501449585 -0.4690677225589752 
vn -0.7586576342582703 -0.45212167501449585 -0.4690677225589752 
vn -0.7586576342582703 -0.45212167501449585 -0.4690677225589752 
vn -0.7586576342582703 -0.45212167501449585 -0.4690677225589752 
vn 0.7586576342582703 0.45212167501449585 0.4690677225589752 
vn 0.7586576342582703 0.45212167501449585 0.4690677225589752 
vn 0.7586576342582703 0.45212167501449585 0.4690677225589752 
vn 0.7586576342582703 0.45212167501449585 0.4690677225589752 
vn 0.7586576342582703 0.45212167501449585 0.4690677225589752 
vn 0.7586576342582703 0.45212167501449585 0.4690677225589752 
vn -0.5656543374061584 0.09440836310386658 0.8192206621170044 
vn -0.5656543374061584 0.09440836310386658 0.8192206621170044 
vn -0.5656543374061584 0.09440836310386658 0.8192206621170044 
vn -0.5656543374061584 0.09440836310386658 0.8192206621170044 
vn -0.5656543374061584 0.09440836310386658 0.8192206621170044 
vn -0.6442023515701294 0.42850038409233093 0.6335544586181641 
vn -0.5116716623306274 0.1266116350889206 0.8498011827468872 
vn -0.5319731831550598 0.4556381106376648 0.7137219309806824 
vn -0.3932895362377167 0.5881662964820862 0.706671416759491 
vn -0.3138279318809509 0.8087858557701111 0.49737104773521423 
vn -0.627738893032074 0.695531964302063 0.3495417535305023 
vn -0.47095364332199097 0.7688149213790894 0.43258145451545715 
vn -0.32776132225990295 0.8858500719070435 -0.3283928334712982 
vn -0.32776132225990295 0.8858500719070435 -0.3283928334712982 
vn -0.32776132225990295 0.8858500719070435 -0.3283928334712982 
vn -0.32776132225990295 0.8858500719070435 -0.3283928334712982 
vn -0.3244464695453644 0.8878255486488342 -0.326343297958374 
vn -0.3244464695453644 0.8878255486488342 -0.326343297958374 
vn -0.17337562143802643 0.9574854373931885 -0.23056907951831818 
vn -0.18719305098056793 0.9525360465049744 -0.2400696873664856 
vn -0.03246992081403732 0.9905930757522583 -0.13293032348155975 
vn -0.16655829548835754 -0.5586460828781128 0.812510073184967 
vn -0.3946131765842438 -0.25025591254234314 0.8841111063957214 
vn -0.12960176169872284 -0.5365478992462158 0.8338582515716553 
vn -0.41667264699935913 -0.2282390594482422 0.879938006401062 
vn -0.35268181562423706 -0.295510858297348 0.8878563642501831 
vn -0.7567446231842041 0.3144087791442871 0.573136031627655 
vn -0.6442023515701294 0.42850038409233093 0.6335544586181641 
vn -0.7095084190368652 0.4014577567577362 0.5791630148887634 
vn -0.7831248641014099 0.575097382068634 0.23659802973270416 
vn -0.627738893032074 0.695531964302063 0.3495417535305023 
vn -0.7071704268455505 0.6412059664726257 0.297934889793396 
vn -0.1698731631040573 -0.5606215596199036 0.8104605078697205 
vn 0.08379102498292923 -0.7838125824928284 0.615318238735199 
vn -0.1698731631040573 -0.5606215596199036 0.8104605078697205 
vn 0.08379102498292923 -0.7838125824928284 0.615318238735199 
vn 0.5187704563140869 -0.8548500537872314 -0.010420942679047585 
vn 0.5187704563140869 -0.8548500537872314 -0.010420942679047585 
vn 0.647517204284668 -0.42652490735054016 -0.6315048933029175 
vn 0.647517204284668 -0.42652490735054016 -0.6315048933029175 
vn 0.5656543374061584 -0.09440836310386658 -0.8192206621170044 
vn 0.5656543374061584 -0.09440836310386658 -0.8192206621170044 
vn 0.7586576342582703 0.45212167501449585 0.4690677225589752 
vn 0.7586576342582703 0.45212167501449585 0.4690677225589752 
vn 0.7586576342582703 0.45212167501449585 0.4690677225589752 
vn 0.7586576342582703 0.45212167501449585 0.4690677225589752 
vn 0.7586576342582703 0.45212167501449585 0.4690677225589752 
vn 0.7586576342582703 0.45212167501449585 0.4690677225589752 
vn 0.7586576342582703 0.45212167501449585 0.4690677225589752 
vn -0.39792805910110474 -0.2522313892841339 0.8820616006851196 
vn -0.39792805910110474 -0.2522313892841339 0.8820616006851196 
vn -0.39792805910110474 -0.2522313892841339 0.8820616006851196 
vn -0.39792805910110474 -0.2522313892841339 0.8820616006851196 
vn -0.39792805910110474 -0.2522313892841339 0.8820616006851196 
vn -0.7586576342582703 -0.45212167501449585 -0.4690677225589752 
vn -0.7586576342582703 -0.45212167501449585 -0.4690677225589752 
vn -0.7586576342582703 -0.45212167501449585 -0.4690677225589752 
vn -0.7586576342582703 -0.45212167501449585 -0.4690677225589752 
vn -0.7586576342582703 -0.45212167501449585 -0.4690677225589752 
vn -0.7586576342582703 -0.45212167501449585 -0.4690677225589752 
vn -0.7586576342582703 -0.45212167501449585 -0.4690677225589752 
vn -0.7586576342582703 -0.45212167501449585 -0.4690677225589752 
vn -0.7586576342582703 -0.45212167501449585 -0.4690677225589752 
vn -0.7586576342582703 -0.45212167501449585 -0.4690677225589752 
vn 0.3244464695453644 -0.8878255486488342 0.326343297958374 
vn 0.0871059000492096 -0.7818370461463928 0.6173677444458008 
vn 0.18932092189788818 -0.9528914093971252 0.2369706630706787 
vn -0.006670864298939705 -0.852936327457428 0.5219717025756836 
vn -0.16489601135253906 -0.8425310850143433 0.5127865076065063 
vn -0.28834253549575806 -0.6223656535148621 0.7276806235313416 
vn -0.16655829548835754 -0.5586460828781128 0.812510073184967 
vn -0.23451478779315948 -0.5988176465034485 0.765780508518219 
vn -0.5187704563140869 0.8548500537872314 0.010420942679047585 
vn -0.5187704563140869 0.8548500537872314 0.010420942679047585 
vn -0.5187704563140869 0.8548500537872314 0.010420942679047585 
vn -0.5187704563140869 0.8548500537872314 0.010420942679047585 
vn -0.7586576342582703 -0.45212167501449585 -0.4690677225589752 
vn -0.7586576342582703 -0.45212167501449585 -0.4690677225589752 
vn -0.7586576342582703 -0.45212167501449585 -0.4690677225589752 
vn -0.7586576342582703 -0.45212167501449585 -0.4690677225589752 
vn -0.7586576342582703 -0.45212167501449585 -0.4690677225589752 
vn -0.7586576342582703 -0.45212167501449585 -0.4690677225589752 
vn -0.7586576342582703 -0.45212167501449585 -0.4690677225589752 
vn 0.5268959403038025 -0.7461068630218506 -0.407069593667984 
vn 0.3542768359184265 -0.8008092641830444 -0.482900470495224 
vn 0.40738654136657715 -0.9102504849433899 -0.0740288719534874 
vn 0.18739929795265198 -0.9645044207572937 -0.18604470789432526 
vn 0.06662549823522568 -0.9849011898040771 0.15978167951107025 
vn -0.13065728545188904 -0.9911438226699829 0.023707101121544838 
vn 0.12496179342269897 -0.827364981174469 -0.5475875735282898 
vn -0.0015578143065795302 -0.9610791206359863 -0.2762688398361206 
vn 0.5154555439949036 -0.856825590133667 -0.012470481917262077 
vn 0.5154555439949036 -0.856825590133667 -0.012470481917262077 
vn 0.5154555439949036 -0.856825590133667 -0.012470481917262077 
vn 0.5154555439949036 -0.856825590133667 -0.012470481917262077 
vn 0.5154555439949036 -0.856825590133667 -0.012470481917262077 
vn 0.5154555439949036 -0.856825590133667 -0.012470481917262077 
vn 0.7586576342582703 0.45212167501449585 0.4690677225589752 
vn 0.7586576342582703 0.45212167501449585 0.4690677225589752 
vn 0.7586576342582703 0.45212167501449585 0.4690677225589752 
vn 0.7586576342582703 0.45212167501449585 0.4690677225589752 
vn 0.7586576342582703 0.45212167501449585 0.4690677225589752 
vn 0.7586576342582703 0.45212167501449585 0.4690677225589752 
vn -0.5154555439949036 0.856825590133667 0.012470481917262077 
vn -0.5154555439949036 0.856825590133667 0.012470481917262077 
vn -0.5154555439949036 0.856825590133667 0.012470481917262077 
vn -0.5154555439949036 0.856825590133667 0.012470481917262077 
vn -0.5187704563140869 0.8548500537872314 0.010420942679047585 
vn -0.6879857778549194 0.7175130844116211 -0.10886036604642868 
vn -0.6474106907844543 0.6161906719207764 0.4485184848308563 
vn -0.8145067095756531 0.48220494389533997 0.3225793242454529 
vn -0.6027638912200928 0.20716512203216553 0.7705574035644531 
vn -0.7711382508277893 0.0902416855096817 0.6302398443222046 
vn -0.3946131765842438 -0.25025591254234314 0.8841111063957214 
vn -0.5724368095397949 -0.3557562232017517 0.7387510538101196 
vn -0.0845923125743866 -0.6429629921913147 0.7612111568450928 
vn -0.2713864743709564 -0.7368627786636353 0.6191784143447876 
vn 0.24955420196056366 -0.8683136105537415 0.4286651909351349 
vn 0.05173736438155174 -0.9514554142951965 0.3034059703350067 
vn 0.5154555439949036 -0.856825590133667 -0.012470481917262077 
vn 0.31376537680625916 -0.940415620803833 -0.1310330033302307 
vn 0.644095778465271 -0.6181662082672119 -0.4505680203437805 
vn 0.4372941851615906 -0.7070045471191406 -0.5558046698570251 
vn 0.5994490385055542 -0.2091406285762787 -0.7726069092750549 
vn 0.3939257264137268 -0.31504130363464355 -0.8634652495384216 
vn 0.3946131765842438 0.25025591254234314 -0.8841111063957214 
vn 0.1952243149280548 0.13095659017562866 -0.9719764590263367 
vn 0.0845923125743866 0.6429629921913147 -0.7612111568450928 
vn -0.10582605004310608 0.5120631456375122 -0.8524037599563599 
vn -0.2528690695762634 0.8663380742073059 -0.4307147264480591 
vn -0.42894986271858215 0.7266558408737183 -0.5366313457489014 
vn -0.5187704563140869 0.8548500537872314 0.010420942679047585 
vn -0.6879857778549194 0.7175130844116211 -0.10886036604642868 
vn -0.5187704563140869 0.8548500537872314 0.010420942679047585 
vn -0.6310537457466125 0.6935564875602722 0.3474922180175781 
vn -0.5187704563140869 0.8548500537872314 0.010420942679047585 
vn -0.6310537457466125 0.6935564875602722 0.3474922180175781 
vn -0.3946131765842438 -0.25025591254234314 0.8841111063957214 
vn -0.3946131765842438 -0.25025591254234314 0.8841111063957214 
vn -0.3946131765842438 -0.25025591254234314 0.8841111063957214 
vn -0.3946131765842438 -0.25025591254234314 0.8841111063957214 
vn 0.1698731631040573 0.5606215596199036 -0.8104605078697205 
vn -0.08379102498292923 0.7838125824928284 -0.615318238735199 
vn 0.1698731631040573 0.5606215596199036 -0.8104605078697205 
vn -0.08379102498292923 0.7838125824928284 -0.615318238735199 
vn -0.5187704563140869 0.8548500537872314 0.010420942679047585 
vn -0.5187704563140869 0.8548500537872314 0.010420942679047585 
vn 0.7586576342582703 0.45212167501449585 0.4690677225589752 
vn 0.7586576342582703 0.45212167501449585 0.4690677225589752 
vn 0.7586576342582703 0.45212167501449585 0.4690677225589752 
vn 0.7586576342582703 0.45212167501449585 0.4690677225589752 
vn 0.3946131765842438 0.25025591254234314 -0.8841111063957214 
vn 0.3946131765842438 0.25025591254234314 -0.8841111063957214 
vn 0.3946131765842438 0.25025591254234314 -0.8841111063957214 
vn 0.3946131765842438 0.25025591254234314 -0.8841111063957214 
vn -0.7586576342582703 -0.45212167501449585 -0.4690677225589752 
vn -0.7586576342582703 -0.45212167501449585 -0.4690677225589752 
vn -0.7586576342582703 -0.45212167501449585 -0.4690677225589752 
vn -0.7586576342582703 -0.45212167501449585 -0.4690677225589752 
vn 0.7586576342582703 0.45212167501449585 0.4690677225589752 
vn 0.7586576342582703 0.45212167501449585 0.4690677225589752 
vn 0.7586576342582703 0.45212167501449585 0.4690677225589752 
vn 0.7586576342582703 0.45212167501449585 0.4690677225589752 
vn 0.7586576342582703 0.45212167501449585 0.4690677225589752 
vn 0.7586576342582703 0.45212167501449585 0.4690677225589752 
vn -0.3560507595539093 -0.654123842716217 0.6673449277877808 
vn -0.3907904326915741 -0.4141875207424164 0.8220287561416626 
vn -0.2971928119659424 -0.6276543140411377 0.719531774520874 
vn -0.3878340423107147 -0.184664785861969 0.903041422367096 
vn -0.20908360183238983 -0.5838097333908081 0.7845061421394348 
vn -0.4067280888557434 -0.22231261432170868 0.8860865831375122 
vn -0.2857843339443207 0.4798707365989685 0.8294891119003296 
vn -0.4151201844215393 0.5526279807090759 0.7226881980895996 
vn -0.5703096985816956 0.4903649687767029 0.6590065956115723 
vn -0.12408769130706787 0.8302690386772156 0.5433746576309204 
vn -0.35340625047683716 0.8037163615226746 0.47869035601615906 
vn -0.5262595415115356 0.7482190132141113 0.4040044844150543 
vn -0.5010882616043091 0.757003903388977 0.41935181617736816 
vn -0.5666368007659912 0.7269315123558044 0.38793516159057617 
vn -0.5010882616043091 0.757003903388977 0.41935181617736816 
vn -0.5666368007659912 0.7269315123558044 0.38793516159057617 
vn -0.627738893032074 0.695531964302063 0.3495417535305023 
vn -0.627738893032074 0.695531964302063 0.3495417535305023 
vn 0.09779314696788788 0.5131174921989441 -0.8527290225028992 
vn 0.13658900558948517 0.5403912663459778 -0.8302533030509949 
vn 0.09779314696788788 0.5131174921989441 -0.8527290225028992 
vn 0.13197727501392365 0.5339224934577942 -0.835169792175293 
vn 0.16655829548835754 0.5586460828781128 -0.812510073184967 
vn 0.16655829548835754 0.5586460828781128 -0.812510073184967 
vn 0.5154555439949036 -0.856825590133667 -0.012470481917262077 
vn 0.5154555439949036 -0.856825590133667 -0.012470481917262077 
vn 0.5154555439949036 -0.856825590133667 -0.012470481917262077 
vn 0.5154555439949036 -0.856825590133667 -0.012470481917262077 
vn -0.5187704563140869 0.8548500537872314 0.010420942679047585 
vn -0.5187704563140869 0.8548500537872314 0.010420942679047585 
vn -0.5187704563140869 0.8548500537872314 0.010420942679047585 
vn -0.5187704563140869 0.8548500537872314 0.010420942679047585 
vn 0.7586576342582703 0.45212167501449585 0.4690677225589752 
vn 0.7586576342582703 0.45212167501449585 0.4690677225589752 
vn 0.7586576342582703 0.45212167501449585 0.4690677225589752 
vn 0.7586576342582703 0.45212167501449585 0.4690677225589752 
vn 0.7586576342582703 0.45212167501449585 0.4690677225589752 
vn 0.7586576342582703 0.45212167501449585 0.4690677225589752 
vn 0.7586576342582703 0.45212167501449585 0.4690677225589752 
vn 0.7586576342582703 0.45212167501449585 0.4690677225589752 
vn 0.7586576342582703 0.45212167501449585 0.4690677225589752 
vn 0.7586576342582703 0.45212167501449585 0.4690677225589752 
vn 0.7586576342582703 0.45212167501449585 0.4690677225589752 
vn 0.7586576342582703 0.45212167501449585 0.4690677225589752 
vn 0.7586576342582703 0.45212167501449585 0.4690677225589752 
vn 0.7586576342582703 0.45212167501449585 0.4690677225589752 
vn 0.7586576342582703 0.45212167501449585 0.4690677225589752 
vn 0.7586576342582703 0.45212167501449585 0.4690677225589752 
vn -0.5187704563140869 0.8548500537872314 0.010420942679047585 
vn -0.5187704563140869 0.8548500537872314 0.010420942679047585 
vn -0.5187704563140869 0.8548500537872314 0.010420942679047585 
vn -0.5187704563140869 0.8548500537872314 0.010420942679047585 
vn -0.5187704563140869 0.8548500537872314 0.010420942679047585 
vn 0.3946131765842438 0.25025591254234314 -0.8841111063957214 
vn 0.3946131765842438 0.25025591254234314 -0.8841111063957214 
vn 0.3946131765842438 0.25025591254234314 -0.8841111063957214 
vn 0.3946131765842438 0.25025591254234314 -0.8841111063957214 
vn -0.39792805910110474 -0.2522313892841339 0.8820616006851196 
vn -0.39792805910110474 -0.2522313892841339 0.8820616006851196 
vn -0.39792805910110474 -0.2522313892841339 0.8820616006851196 
vn -0.39792805910110474 -0.2522313892841339 0.8820616006851196 
vn -0.39792805910110474 -0.2522313892841339 0.8820616006851196 
vn 0.39792805910110474 0.2522313892841339 -0.8820616006851196 
vn 0.39792805910110474 0.2522313892841339 -0.8820616006851196 
vn 0.3946131765842438 0.25025591254234314 -0.8841111063957214 
vn 0.3946131765842438 0.25025591254234314 -0.8841111063957214 
vn 0.3946131765842438 0.25025591254234314 -0.8841111063957214 
vn 0.39792805910110474 0.2522313892841339 -0.8820616006851196 
vn 0.39792805910110474 0.2522313892841339 -0.8820616006851196 
vn 0.3946131765842438 0.25025591254234314 -0.8841111063957214 
vn 0.3946131765842438 0.25025591254234314 -0.8841111063957214 
vn 0.3946131765842438 0.25025591254234314 -0.8841111063957214 
vn -0.39792805910110474 -0.2522313892841339 0.8820616006851196 
vn -0.39792805910110474 -0.2522313892841339 0.8820616006851196 
vn -0.39792805910110474 -0.2522313892841339 0.8820616006851196 
vn -0.39792805910110474 -0.2522313892841339 0.8820616006851196 
vn -0.3946131765842438 -0.25025591254234314 0.8841111063957214 
vn -0.5187704563140869 0.8548500537872314 0.010420942679047585 
vn -0.5187704563140869 0.8548500537872314 0.010420942679047585 
vn -0.5187704563140869 0.8548500537872314 0.010420942679047585 
vn -0.5187704563140869 0.8548500537872314 0.010420942679047585 
vn -0.5187704563140869 0.8548500537872314 0.010420942679047585 
vn -0.6527551412582397 0.5501006245613098 0.5208651423454285 
vn -0.6527551412582397 0.5501006245613098 0.5208651423454285 
vn -0.6527551412582397 0.5501006245613098 0.5208651423454285 
vn -0.6527551412582397 0.5501006245613098 0.5208651423454285 
vn 0.7586576342582703 0.45212167501449585 0.4690677225589752 
vn 0.7586576342582703 0.45212167501449585 0.4690677225589752 
vn 0.7586576342582703 0.45212167501449585 0.4690677225589752 
vn 0.7586576342582703 0.45212167501449585 0.4690677225589752 
vn 0.7586576342582703 0.45212167501449585 0.4690677225589752 
vn 0.7586576342582703 0.45212167501449585 0.4690677225589752 
vn 0.7586576342582703 0.45212167501449585 0.4690677225589752 
vn 0.3946131765842438 0.25025591254234314 -0.8841111063957214 
vn 0.3946131765842438 0.25025591254234314 -0.8841111063957214 
vn 0.3946131765842438 0.25025591254234314 -0.8841111063957214 
vn 0.3946131765842438 0.25025591254234314 -0.8841111063957214 
vn 0.3946131765842438 0.25025591254234314 -0.8841111063957214 
vn 0.3946131765842438 0.25025591254234314 -0.8841111063957214 
vn -0.7586576342582703 -0.45212167501449585 -0.4690677225589752 
vn -0.7586576342582703 -0.45212167501449585 -0.4690677225589752 
vn -0.7586576342582703 -0.45212167501449585 -0.4690677225589752 
vn -0.7586576342582703 -0.45212167501449585 -0.4690677225589752 
vn -0.7586576342582703 -0.45212167501449585 -0.4690677225589752 
vn -0.7586576342582703 -0.45212167501449585 -0.4690677225589752 
vn -0.7586576342582703 -0.45212167501449585 -0.4690677225589752 
vn -0.7586576342582703 -0.45212167501449585 -0.4690677225589752 
vn -0.7586576342582703 -0.45212167501449585 -0.4690677225589752 
vn -0.7586576342582703 -0.45212167501449585 -0.4690677225589752 
vn -0.7586576342582703 -0.45212167501449585 -0.4690677225589752 
vn -0.39792805910110474 -0.2522313892841339 0.8820616006851196 
vn -0.39792805910110474 -0.2522313892841339 0.8820616006851196 
vn -0.39792805910110474 -0.2522313892841339 0.8820616006851196 
vn -0.39792805910110474 -0.2522313892841339 0.8820616006851196 
vn -0.39792805910110474 -0.2522313892841339 0.8820616006851196 
vn -0.39792805910110474 -0.2522313892841339 0.8820616006851196 
vn -0.39792805910110474 -0.2522313892841339 0.8820616006851196 
vn -0.39792805910110474 -0.2522313892841339 0.8820616006851196 
vn -0.7586576342582703 -0.45212167501449585 -0.4690677225589752 
vn -0.7586576342582703 -0.45212167501449585 -0.4690677225589752 
vn -0.7586576342582703 -0.45212167501449585 -0.4690677225589752 
vn -0.7586576342582703 -0.45212167501449585 -0.4690677225589752 
vn -0.7586576342582703 -0.45212167501449585 -0.4690677225589752 
vn -0.7586576342582703 -0.45212167501449585 -0.4690677225589752 
vn -0.5187704563140869 0.8548500537872314 0.010420942679047585 
vn -0.5187704563140869 0.8548500537872314 0.010420942679047585 
vn -0.5187704563140869 0.8548500537872314 0.010420942679047585 
vn -0.5187704563140869 0.8548500537872314 0.010420942679047585 
vn 0.7586576342582703 0.45212167501449585 0.4690677225589752 
vn 0.7586576342582703 0.45212167501449585 0.4690677225589752 
vn 0.7586576342582703 0.45212167501449585 0.4690677225589752 
vn 0.7586576342582703 0.45212167501449585 0.4690677225589752 
vn 0.7586576342582703 0.45212167501449585 0.4690677225589752 
vn 0.7586576342582703 0.45212167501449585 0.4690677225589752 
vn -0.6310537457466125 0.6935564875602722 0.3474922180175781 
vn -0.627738893032074 0.695531964302063 0.3495417535305023 
vn -0.627738893032074 0.695531964302063 0.3495417535305023 
vn -0.627738893032074 0.695531964302063 0.3495417535305023 
vn -0.39792805910110474 -0.2522313892841339 0.8820616006851196 
vn -0.39792805910110474 -0.2522313892841339 0.8820616006851196 
vn -0.39792805910110474 -0.2522313892841339 0.8820616006851196 
vn -0.39792805910110474 -0.2522313892841339 0.8820616006851196 
vn -0.3946131765842438 -0.25025591254234314 0.8841111063957214 
vn -0.5623394846916199 0.09638385474681854 0.821270227432251 
vn -0.5623394846916199 0.09638385474681854 0.821270227432251 
vn -0.5623394846916199 0.09638385474681854 0.821270227432251 
vn -0.5656543374061584 0.09440836310386658 0.8192206621170044 
vn -0.6244317293167114 0.7787100672721863 -0.06079210713505745 
vn -0.6244317293167114 0.7787100672721863 -0.06079210713505745 
vn -0.6244317293167114 0.7787100672721863 -0.06079210713505745 
vn -0.6244317293167114 0.7787100672721863 -0.06079210713505745 
vn 0.1698731631040573 0.5606215596199036 -0.8104605078697205 
vn 0.13658900558948517 0.5403912663459778 -0.8302533030509949 
vn 0.39792805910110474 0.2522313892841339 -0.8820616006851196 
vn 0.41284796595573425 0.23475000262260437 -0.8800278306007385 
vn 0.647517204284668 -0.42652490735054016 -0.6315048933029175 
vn 0.7032855153083801 -0.40495920181274414 -0.5842925906181335 
vn 0.6310537457466125 -0.6935564875602722 -0.3474922180175781 
vn 0.6977081894874573 -0.649336576461792 -0.3025979995727539 
vn 0.10581478476524353 0.5219557285308838 -0.8463836908340454 
vn 0.3600853681564331 0.2911584675312042 -0.8863212466239929 
vn 0.7456009387969971 -0.3248717188835144 -0.5818400979042053 
vn 0.7641218304634094 -0.5941014885902405 -0.2513195276260376 
vn 0.3244464695453644 -0.8878255486488342 0.326343297958374 
vn 0.26879316568374634 -0.9190526008605957 0.2882572114467621 
vn 0.08379102498292923 -0.7838125824928284 0.615318238735199 
vn 0.0024205937515944242 -0.8369587063789368 0.5472601652145386 
vn -0.16655829548835754 -0.5586460828781128 0.812510073184967 
vn -0.26544973254203796 -0.6170380115509033 0.7408103942871094 
vn 0.19474583864212036 -0.9500647187232971 0.24382521212100983 
vn -0.11606747657060623 -0.8536875247955322 0.5076861381530762 
vn -0.36178165674209595 -0.6570146679878235 0.6613962650299072 
vn -0.7586576342582703 -0.45212167501449585 -0.4690677225589752 
vn -0.7586576342582703 -0.45212167501449585 -0.4690677225589752 
vn -0.7586576342582703 -0.45212167501449585 -0.4690677225589752 
vn -0.7586576342582703 -0.45212167501449585 -0.4690677225589752 
vn -0.7586576342582703 -0.45212167501449585 -0.4690677225589752 
vn -0.7586576342582703 -0.45212167501449585 -0.4690677225589752 
vn -0.7586576342582703 -0.45212167501449585 -0.4690677225589752 
vn 0.627738893032074 -0.695531964302063 -0.3495417535305023 
vn 0.6442023515701294 -0.42850038409233093 -0.6335544586181641 
vn 0.627738893032074 -0.695531964302063 -0.3495417535305023 
vn 0.6442023515701294 -0.42850038409233093 -0.6335544586181641 
vn 0.3946131765842438 0.25025591254234314 -0.8841111063957214 
vn 0.3946131765842438 0.25025591254234314 -0.8841111063957214 
vn 0.16655829548835754 0.5586460828781128 -0.812510073184967 
vn 0.16655829548835754 0.5586460828781128 -0.812510073184967 
vn -0.627738893032074 0.695531964302063 0.3495417535305023 
vn -0.5154555439949036 0.856825590133667 0.012470481917262077 
vn -0.627738893032074 0.695531964302063 0.3495417535305023 
vn -0.5154555439949036 0.856825590133667 0.012470481917262077 
vn -0.5187704563140869 0.8548500537872314 0.010420942679047585 
vn -0.5187704563140869 0.8548500537872314 0.010420942679047585 
vn -0.5187704563140869 0.8548500537872314 0.010420942679047585 
vn -0.5187704563140869 0.8548500537872314 0.010420942679047585 
vn -0.5154555439949036 0.856825590133667 0.012470481917262077 
vn 0.5187704563140869 -0.8548500537872314 -0.010420942679047585 
vn 0.08379102498292923 -0.7838125824928284 0.615318238735199 
vn 0.5187704563140869 -0.8548500537872314 -0.010420942679047585 
vn -0.014360722154378891 -0.7105749249458313 0.7034746408462524 
vn 0.5154555439949036 -0.856825590133667 -0.012470481917262077 
vn 0.5154555439949036 -0.856825590133667 -0.012470481917262077 
vn -0.39792805910110474 -0.2522313892841339 0.8820616006851196 
vn -0.39792805910110474 -0.2522313892841339 0.8820616006851196 
vn -0.39792805910110474 -0.2522313892841339 0.8820616006851196 
vn -0.39792805910110474 -0.2522313892841339 0.8820616006851196 
vn -0.3946131765842438 -0.25025591254234314 0.8841111063957214 
vn -0.6494402885437012 0.5520761013031006 0.5229146480560303 
vn -0.6494402885437012 0.5520761013031006 0.5229146480560303 
vn -0.6494402885437012 0.5520761013031006 0.5229146480560303 
vn -0.6527551412582397 0.5501006245613098 0.5208651423454285 
vn -0.7586576342582703 -0.45212167501449585 -0.4690677225589752 
vn -0.7586576342582703 -0.45212167501449585 -0.4690677225589752 
vn -0.7586576342582703 -0.45212167501449585 -0.4690677225589752 
vn -0.7586576342582703 -0.45212167501449585 -0.4690677225589752 
vn -0.7586576342582703 -0.45212167501449585 -0.4690677225589752 
vn -0.7586576342582703 -0.45212167501449585 -0.4690677225589752 
vn -0.7586576342582703 -0.45212167501449585 -0.4690677225589752 
vn -0.7586576342582703 -0.45212167501449585 -0.4690677225589752 
vn -0.7586576342582703 -0.45212167501449585 -0.4690677225589752 
vn -0.7586576342582703 -0.45212167501449585 -0.4690677225589752 
vn 0.7586576342582703 0.45212167501449585 0.4690677225589752 
vn 0.7586576342582703 0.45212167501449585 0.4690677225589752 
vn 0.7586576342582703 0.45212167501449585 0.4690677225589752 
vn 0.7586576342582703 0.45212167501449585 0.4690677225589752 
vn 0.27589282393455505 0.18372632563114166 -0.9434660077095032 
vn 0.27979594469070435 0.17726652324199677 -0.9435523748397827 
vn 0.27979594469070435 0.17726652324199677 -0.9435523748397827 
vn 0.27979594469070435 0.17726652324199677 -0.9435523748397827 
vn 0.39806634187698364 -0.9135555028915405 -0.08342394977807999 
vn 0.39806634187698364 -0.9135555028915405 -0.08342394977807999 
vn 0.39806634187698364 -0.9135555028915405 -0.08342394977807999 
vn 0.39806634187698364 -0.9135555028915405 -0.08342394977807999 
vn -0.5623394846916199 0.09638385474681854 0.821270227432251 
vn -0.3946131765842438 -0.25025591254234314 0.8841111063957214 
vn -0.5623394846916199 0.09638385474681854 0.821270227432251 
vn -0.3946131765842438 -0.25025591254234314 0.8841111063957214 
vn 0.0871059000492096 -0.7818370461463928 0.6173677444458008 
vn 0.0871059000492096 -0.7818370461463928 0.6173677444458008 
vn 0.32776132225990295 -0.8858500719070435 0.3283928334712982 
vn 0.32776132225990295 -0.8858500719070435 0.3283928334712982 
vn 0.7586576342582703 0.45212167501449585 0.4690677225589752 
vn 0.7586576342582703 0.45212167501449585 0.4690677225589752 
vn 0.7586576342582703 0.45212167501449585 0.4690677225589752 
vn 0.7586576342582703 0.45212167501449585 0.4690677225589752 
vn -0.5057081580162048 -0.31629183888435364 0.802632212638855 
vn -0.5057081580162048 -0.31629183888435364 0.802632212638855 
vn -0.5057081580162048 -0.31629183888435364 0.802632212638855 
vn -0.5057081580162048 -0.31629183888435364 0.802632212638855 
vn -0.5187704563140869 0.8548500537872314 0.010420942679047585 
vn -0.5187704563140869 0.8548500537872314 0.010420942679047585 
vn -0.3244464695453644 0.8878255486488342 -0.326343297958374 
vn -0.3244464695453644 0.8878255486488342 -0.326343297958374 
vn -0.7586576342582703 -0.45212167501449585 -0.4690677225589752 
vn -0.7586576342582703 -0.45212167501449585 -0.4690677225589752 
vn -0.7586576342582703 -0.45212167501449585 -0.4690677225589752 
vn -0.7586576342582703 -0.45212167501449585 -0.4690677225589752 
vn -0.5187704563140869 0.8548500537872314 0.010420942679047585 
vn -0.5187704563140869 0.8548500537872314 0.010420942679047585 
vn -0.5187704563140869 0.8548500537872314 0.010420942679047585 
vn -0.5187704563140869 0.8548500537872314 0.010420942679047585 
vn 0.16101780533790588 -0.8296358585357666 0.5345813632011414 
vn 0.16101780533790588 -0.8296358585357666 0.5345813632011414 
vn 0.16101780533790588 -0.8296358585357666 0.5345813632011414 
vn 0.16101780533790588 -0.8296358585357666 0.5345813632011414 
vn -0.5187704563140869 0.8548500537872314 0.010420942679047585 
vn -0.5154555439949036 0.856825590133667 0.012470481917262077 
vn -0.5187704563140869 0.8548500537872314 0.010420942679047585 
vn -0.014360722154378891 -0.7105749249458313 0.7034746408462524 
vn -0.5187704563140869 0.8548500537872314 0.010420942679047585 
vn 0.16433268785476685 -0.8276603817939758 0.5366309285163879 
vn 0.16433268785476685 -0.8276603817939758 0.5366309285163879 
vn 0.16433268785476685 -0.8276603817939758 0.5366309285163879 
vn 0.16101780533790588 -0.8296358585357666 0.5345813632011414 
vn -0.5656543374061584 0.09440836310386658 0.8192206621170044 
vn -0.6424431800842285 0.04821557551622391 0.7648152112960815 
vn -0.647517204284668 0.42652490735054016 0.6315048933029175 
vn -0.6918092966079712 0.4242780804634094 0.5842845439910889 
vn -0.6310537457466125 0.6935564875602722 0.3474922180175781 
vn -0.637647271156311 0.6895658373832703 0.34337326884269714 
vn -0.7083767056465149 0.000603331602178514 0.7058343291282654 
vn -0.741308331489563 0.31727519631385803 0.591437816619873 
vn -0.6506878137588501 0.6814268231391907 0.33505702018737793 
vn 0.3946131765842438 0.25025591254234314 -0.8841111063957214 
vn 0.3946131765842438 0.25025591254234314 -0.8841111063957214 
vn 0.3946131765842438 0.25025591254234314 -0.8841111063957214 
vn 0.3946131765842438 0.25025591254234314 -0.8841111063957214 
vn -0.3244464695453644 0.8878255486488342 -0.326343297958374 
vn -0.32776132225990295 0.8858500719070435 -0.3283928334712982 
vn -0.0871059000492096 0.7818370461463928 -0.6173677444458008 
vn -0.0871059000492096 0.7818370461463928 -0.6173677444458008 
vn 0.16655829548835754 0.5586460828781128 -0.812510073184967 
vn 0.16655829548835754 0.5586460828781128 -0.812510073184967 
vn -0.7586576342582703 -0.45212167501449585 -0.4690677225589752 
vn -0.7586576342582703 -0.45212167501449585 -0.4690677225589752 
vn -0.7586576342582703 -0.45212167501449585 -0.4690677225589752 
vn -0.7586576342582703 -0.45212167501449585 -0.4690677225589752 
vn 0.5154555439949036 -0.856825590133667 -0.012470481917262077 
vn 0.5154555439949036 -0.856825590133667 -0.012470481917262077 
vn 0.5154555439949036 -0.856825590133667 -0.012470481917262077 
vn 0.5154555439949036 -0.856825590133667 -0.012470481917262077 
vn 0.627738893032074 -0.695531964302063 -0.3495417535305023 
vn 0.627738893032074 -0.695531964302063 -0.3495417535305023 
vn 0.6442023515701294 -0.42850038409233093 -0.6335544586181641 
vn 0.6442023515701294 -0.42850038409233093 -0.6335544586181641 
vn 0.5623394846916199 -0.09638385474681854 -0.821270227432251 
vn 0.5623394846916199 -0.09638385474681854 -0.821270227432251 
vn 0.5154555439949036 -0.856825590133667 -0.012470481917262077 
vn 0.5154555439949036 -0.856825590133667 -0.012470481917262077 
vn 0.5154555439949036 -0.856825590133667 -0.012470481917262077 
vn 0.5154555439949036 -0.856825590133667 -0.012470481917262077 
vn 0.5154555439949036 -0.856825590133667 -0.012470481917262077 
vn 0.7586576342582703 0.45212167501449585 0.4690677225589752 
vn 0.7586576342582703 0.45212167501449585 0.4690677225589752 
vn 0.7586576342582703 0.45212167501449585 0.4690677225589752 
vn 0.7586576342582703 0.45212167501449585 0.4690677225589752 
vn -0.7586576342582703 -0.45212167501449585 -0.4690677225589752 
vn -0.7586576342582703 -0.45212167501449585 -0.4690677225589752 
vn -0.7586576342582703 -0.45212167501449585 -0.4690677225589752 
vn -0.7586576342582703 -0.45212167501449585 -0.4690677225589752 
vn -0.7586576342582703 -0.45212167501449585 -0.4690677225589752 
vn -0.7586576342582703 -0.45212167501449585 -0.4690677225589752 
vn 0.5154555439949036 -0.856825590133667 -0.012470481917262077 
vn 0.5154555439949036 -0.856825590133667 -0.012470481917262077 
vn 0.5154555439949036 -0.856825590133667 -0.012470481917262077 
vn 0.5154555439949036 -0.856825590133667 -0.012470481917262077 
vn 0.5187704563140869 -0.8548500537872314 -0.010420942679047585 
vn 0.5187704563140869 -0.8548500537872314 -0.010420942679047585 
vn 0.3244464695453644 -0.8878255486488342 0.326343297958374 
vn 0.32776132225990295 -0.8858500719070435 0.3283928334712982 
vn 0.32776132225990295 -0.8858500719070435 0.3283928334712982 
vn 0.32776132225990295 -0.8858500719070435 0.3283928334712982 
vn -0.7586576342582703 -0.45212167501449585 -0.4690677225589752 
vn -0.7586576342582703 -0.45212167501449585 -0.4690677225589752 
vn -0.7586576342582703 -0.45212167501449585 -0.4690677225589752 
vn -0.7586576342582703 -0.45212167501449585 -0.4690677225589752 
vn 0.7586576342582703 0.45212167501449585 0.4690677225589752 
vn 0.7586576342582703 0.45212167501449585 0.4690677225589752 
vn 0.7586576342582703 0.45212167501449585 0.4690677225589752 
vn 0.7586576342582703 0.45212167501449585 0.4690677225589752 
vn 0.7586576342582703 0.45212167501449585 0.4690677225589752 
vn 0.7586576342582703 0.45212167501449585 0.4690677225589752 
vn 0.7586576342582703 0.45212167501449585 0.4690677225589752 
vn 0.7586576342582703 0.45212167501449585 0.4690677225589752 
vn 0.7586576342582703 0.45212167501449585 0.4690677225589752 
vn 0.7586576342582703 0.45212167501449585 0.4690677225589752 
vn 0.7586576342582703 0.45212167501449585 0.4690677225589752 
vn 0.7586576342582703 0.45212167501449585 0.4690677225589752 
vn 0.7586576342582703 0.45212167501449585 0.4690677225589752 
vn 0.7586576342582703 0.45212167501449585 0.4690677225589752 
vn -0.7586576342582703 -0.45212167501449585 -0.4690677225589752 
vn -0.7586576342582703 -0.45212167501449585 -0.4690677225589752 
vn -0.7586576342582703 -0.45212167501449585 -0.4690677225589752 
vn -0.5187704563140869 0.8548500537872314 0.010420942679047585 
vn -0.5187704563140869 0.8548500537872314 0.010420942679047585 
vn -0.5187704563140869 0.8548500537872314 0.010420942679047585 
vn 0.09685071557760239 -0.7882046103477478 0.6077442169189453 
vn -0.5154555439949036 0.856825590133667 0.012470481917262077 
vn -0.5187704563140869 0.8548500537872314 0.010420942679047585 
vn -0.5187704563140869 0.8548500537872314 0.010420942679047585 
vn -0.5187704563140869 0.8548500537872314 0.010420942679047585 
vn -0.5187704563140869 0.8548500537872314 0.010420942679047585 
vn -0.5154555439949036 0.856825590133667 0.012470481917262077 
vn -0.3244464695453644 0.8878255486488342 -0.326343297958374 
vn -0.3244464695453644 0.8878255486488342 -0.326343297958374 
vn -0.40423285961151123 0.8332745432853699 -0.37715932726860046 
vn -0.4134293794631958 0.8289780020713806 -0.3766583204269409 
vn -0.48609793186187744 0.7634184956550598 -0.4253244400024414 
vn 0.5116716623306274 -0.1266116350889206 -0.8498011827468872 
vn 0.5354393720626831 -0.11211837828159332 -0.8370988965034485 
vn 0.5471875667572021 -0.45328396558761597 -0.7036476731300354 
vn 0.5975310802459717 -0.46484801173210144 -0.6533555388450623 
vn 0.3791431486606598 -0.9207700490951538 -0.09183122962713242 
vn 0.4499274790287018 -0.8916836380958557 -0.04965468868613243 
vn -0.026877259835600853 -0.8172527551651001 0.5756518244743347 
vn 0.04758857563138008 -0.8166356086730957 0.5751878619194031 
vn -0.21857747435569763 -0.5896044373512268 0.777553915977478 
vn -0.19627009332180023 -0.5760371088981628 0.7935105562210083 
vn 0.6442023515701294 -0.42850038409233093 -0.6335544586181641 
vn 0.5154555439949036 -0.856825590133667 -0.012470481917262077 
vn 0.0871059000492096 -0.7818370461463928 0.6173677444458008 
vn -0.16655829548835754 -0.5586460828781128 0.812510073184967 
vn 0.3946131765842438 0.25025591254234314 -0.8841111063957214 
vn 0.3946131765842438 0.25025591254234314 -0.8841111063957214 
vn 0.3946131765842438 0.25025591254234314 -0.8841111063957214 
vn 0.3946131765842438 0.25025591254234314 -0.8841111063957214 
vn 0.3946131765842438 0.25025591254234314 -0.8841111063957214 
vn -0.7586576342582703 -0.45212167501449585 -0.4690677225589752 
vn -0.7586576342582703 -0.45212167501449585 -0.4690677225589752 
vn -0.7586576342582703 -0.45212167501449585 -0.4690677225589752 
vn -0.7586576342582703 -0.45212167501449585 -0.4690677225589752 
vn 0.3946131765842438 0.25025591254234314 -0.8841111063957214 
vn 0.3946131765842438 0.25025591254234314 -0.8841111063957214 
vn 0.3946131765842438 0.25025591254234314 -0.8841111063957214 
vn 0.3946131765842438 0.25025591254234314 -0.8841111063957214 
vn 0.39792805910110474 0.2522313892841339 -0.8820616006851196 
vn 0.39792805910110474 0.2522313892841339 -0.8820616006851196 
vn 0.5154555439949036 -0.856825590133667 -0.012470481917262077 
vn 0.5154555439949036 -0.856825590133667 -0.012470481917262077 
vn 0.5154555439949036 -0.856825590133667 -0.012470481917262077 
vn 0.5154555439949036 -0.856825590133667 -0.012470481917262077 
vn 0.5187704563140869 -0.8548500537872314 -0.010420942679047585 
vn 0.5187704563140869 -0.8548500537872314 -0.010420942679047585 
vn 0.7586576342582703 0.45212167501449585 0.4690677225589752 
vn 0.7586576342582703 0.45212167501449585 0.4690677225589752 
vn 0.7586576342582703 0.45212167501449585 0.4690677225589752 
vn 0.7586576342582703 0.45212167501449585 0.4690677225589752 
vn 0.5154555439949036 -0.856825590133667 -0.012470481917262077 
vn 0.5154555439949036 -0.856825590133667 -0.012470481917262077 
vn 0.5154555439949036 -0.856825590133667 -0.012470481917262077 
vn 0.5154555439949036 -0.856825590133667 -0.012470481917262077 
vn 0.5154555439949036 -0.856825590133667 -0.012470481917262077 
vn 0.5154555439949036 -0.856825590133667 -0.012470481917262077 
vn -0.1698731631040573 -0.5606215596199036 0.8104605078697205 
vn -0.39792805910110474 -0.2522313892841339 0.8820616006851196 
vn -0.1698731631040573 -0.5606215596199036 0.8104605078697205 
vn -0.39792805910110474 -0.2522313892841339 0.8820616006851196 
vn -0.5656543374061584 0.09440836310386658 0.8192206621170044 
vn -0.5656543374061584 0.09440836310386658 0.8192206621170044 
vn 0.7586576342582703 0.45212167501449585 0.4690677225589752 
vn 0.7586576342582703 0.45212167501449585 0.4690677225589752 
vn 0.7586576342582703 0.45212167501449585 0.4690677225589752 
vn -0.39792805910110474 -0.2522313892841339 0.8820616006851196 
vn -0.39792805910110474 -0.2522313892841339 0.8820616006851196 
vn -0.39792805910110474 -0.2522313892841339 0.8820616006851196 
vn -0.39792805910110474 -0.2522313892841339 0.8820616006851196 
vn -0.5116716623306274 0.1266116350889206 0.8498011827468872 
vn -0.5388383269309998 0.11015868186950684 0.8351758122444153 
vn -0.5116716623306274 0.1266116350889206 0.8498011827468872 
vn -0.5354393720626831 0.11211837828159332 0.8370988965034485 
vn -0.5623394846916199 0.09638385474681854 0.821270227432251 
vn -0.5623394846916199 0.09638385474681854 0.821270227432251 
vn -0.3244464695453644 0.8878255486488342 -0.326343297958374 
vn -0.3244464695453644 0.8878255486488342 -0.326343297958374 
vn -0.2640477418899536 0.9204959869384766 -0.28803732991218567 
vn -0.2640477418899536 0.9204959869384766 -0.28803732991218567 
vn -0.20095348358154297 0.9472954869270325 -0.2494964897632599 
vn 0.5076568722724915 0.31306013464927673 -0.8026690483093262 
vn 0.5076568722724915 0.31306013464927673 -0.8026690483093262 
vn 0.5076568722724915 0.31306013464927673 -0.8026690483093262 
vn 0.5037537217140198 0.31951993703842163 -0.8025826811790466 
vn 0.16655829548835754 0.5586460828781128 -0.812510073184967 
vn 0.16655829548835754 0.5586460828781128 -0.812510073184967 
vn 0.19627009332180023 0.5760371088981628 -0.7935105562210083 
vn 0.19298291206359863 0.5741482377052307 -0.7956827282905579 
vn 0.21857747435569763 0.5896044373512268 -0.777553915977478 
vn -0.7586576342582703 -0.45212167501449585 -0.4690677225589752 
vn -0.7586576342582703 -0.45212167501449585 -0.4690677225589752 
vn -0.7586576342582703 -0.45212167501449585 -0.4690677225589752 
vn -0.5187704563140869 0.8548500537872314 0.010420942679047585 
vn -0.5187704563140869 0.8548500537872314 0.010420942679047585 
vn -0.0871059000492096 0.7818370461463928 -0.6173677444458008 
vn -0.0871059000492096 0.7818370461463928 -0.6173677444458008 
vn 0.3946131765842438 0.25025591254234314 -0.8841111063957214 
vn 0.3946131765842438 0.25025591254234314 -0.8841111063957214 
vn 0.6442023515701294 -0.42850038409233093 -0.6335544586181641 
vn 0.6442023515701294 -0.42850038409233093 -0.6335544586181641 
vn 0.5154555439949036 -0.856825590133667 -0.012470481917262077 
vn 0.5154555439949036 -0.856825590133667 -0.012470481917262077 
vn 0.08379102498292923 -0.7838125824928284 0.615318238735199 
vn 0.08379102498292923 -0.7838125824928284 0.615318238735199 
vn -0.39792805910110474 -0.2522313892841339 0.8820616006851196 
vn -0.39792805910110474 -0.2522313892841339 0.8820616006851196 
vn -0.647517204284668 0.42652490735054016 0.6315048933029175 
vn -0.647517204284668 0.42652490735054016 0.6315048933029175 
vn -0.5187704563140869 0.8548500537872314 0.010420942679047585 
vn -0.5187704563140869 0.8548500537872314 0.010420942679047585 
vn -0.0871059000492096 0.7818370461463928 -0.6173677444458008 
vn 0.3946131765842438 0.25025591254234314 -0.8841111063957214 
vn 0.6442023515701294 -0.42850038409233093 -0.6335544586181641 
vn 0.5154555439949036 -0.856825590133667 -0.012470481917262077 
vn 0.08379102498292923 -0.7838125824928284 0.615318238735199 
vn -0.39792805910110474 -0.2522313892841339 0.8820616006851196 
vn -0.647517204284668 0.42652490735054016 0.6315048933029175 
vn -0.5187704563140869 0.8548500537872314 0.010420942679047585 
vn 0.7586576342582703 0.45212167501449585 0.4690677225589752 
vn 0.7586576342582703 0.45212167501449585 0.4690677225589752 
vn 0.7586576342582703 0.45212167501449585 0.4690677225589752 
vn 0.7586576342582703 0.45212167501449585 0.4690677225589752 
vn 0.28834253549575806 0.6223656535148621 -0.7276806235313416 
vn 0.23689010739326477 0.5961951613426208 -0.7670944929122925 
vn 0.37486356496810913 0.35239559412002563 -0.8574931621551514 
vn 0.4042910039424896 0.20329011976718903 -0.8917521834373474 
vn 0.41304561495780945 -0.47271856665611267 -0.7784157991409302 
vn 0.530583381652832 -0.5123062133789062 -0.6752956509590149 
vn 0.31343480944633484 -0.8101119995117188 -0.4954569637775421 
vn 0.4860953092575073 -0.7630258798599243 -0.4260319173336029 
vn 0.3946131765842438 0.25025591254234314 -0.8841111063957214 
vn 0.6442023515701294 -0.42850038409233093 -0.6335544586181641 
vn 0.627738893032074 -0.695531964302063 -0.3495417535305023 
vn 0.39792805910110474 0.2522313892841339 -0.8820616006851196 
vn 0.39792805910110474 0.2522313892841339 -0.8820616006851196 
vn 0.3946131765842438 0.25025591254234314 -0.8841111063957214 
vn 0.3946131765842438 0.25025591254234314 -0.8841111063957214 
vn 0.3946131765842438 0.25025591254234314 -0.8841111063957214 
vn 0.7586576342582703 0.45212167501449585 0.4690677225589752 
vn 0.7586576342582703 0.45212167501449585 0.4690677225589752 
vn 0.7586576342582703 0.45212167501449585 0.4690677225589752 
vn -0.16655829548835754 -0.5586460828781128 0.812510073184967 
vn -0.16655829548835754 -0.5586460828781128 0.812510073184967 
vn 0.0871059000492096 -0.7818370461463928 0.6173677444458008 
vn 0.0871059000492096 -0.7818370461463928 0.6173677444458008 
vn 0.32776132225990295 -0.8858500719070435 0.3283928334712982 
vn 0.3244464695453644 -0.8878255486488342 0.326343297958374 
vn -0.7586576342582703 -0.45212167501449585 -0.4690677225589752 
vn -0.7586576342582703 -0.45212167501449585 -0.4690677225589752 
vn -0.7586576342582703 -0.45212167501449585 -0.4690677225589752 
vn -0.7586576342582703 -0.45212167501449585 -0.4690677225589752 
vn 0.5154555439949036 -0.856825590133667 -0.012470481917262077 
vn 0.5154555439949036 -0.856825590133667 -0.012470481917262077 
vn 0.5154555439949036 -0.856825590133667 -0.012470481917262077 
vn 0.09685071557760239 -0.7882046103477478 0.6077442169189453 
vn 0.5187704563140869 -0.8548500537872314 -0.010420942679047585 
vn -0.39792805910110474 -0.2522313892841339 0.8820616006851196 
vn -0.39792805910110474 -0.2522313892841339 0.8820616006851196 
vn -0.39792805910110474 -0.2522313892841339 0.8820616006851196 
vn -0.39792805910110474 -0.2522313892841339 0.8820616006851196 
vn -0.19554446637630463 0.9501983523368835 -0.24266235530376434 
vn -0.26879316568374634 0.9190526008605957 -0.2882572114467621 
vn -0.19554446637630463 0.9501983523368835 -0.24266235530376434 
vn -0.25719937682151794 0.9237731099128723 -0.28370997309684753 
vn -0.32776132225990295 0.8858500719070435 -0.3283928334712982 
vn -0.32776132225990295 0.8858500719070435 -0.3283928334712982 
vn -0.7586576342582703 -0.45212167501449585 -0.4690677225589752 
vn -0.7586576342582703 -0.45212167501449585 -0.4690677225589752 
vn -0.7586576342582703 -0.45212167501449585 -0.4690677225589752 
vn -0.7586576342582703 -0.45212167501449585 -0.4690677225589752 
vn -0.7586576342582703 -0.45212167501449585 -0.4690677225589752 
vn -0.7586576342582703 -0.45212167501449585 -0.4690677225589752 
vn -0.7586576342582703 -0.45212167501449585 -0.4690677225589752 
vn -0.7586576342582703 -0.45212167501449585 -0.4690677225589752 
vn -0.7586576342582703 -0.45212167501449585 -0.4690677225589752 
vn -0.7586576342582703 -0.45212167501449585 -0.4690677225589752 
vn -0.7586576342582703 -0.45212167501449585 -0.4690677225589752 
vn -0.7586576342582703 -0.45212167501449585 -0.4690677225589752 
vn -0.7586576342582703 -0.45212167501449585 -0.4690677225589752 
vn -0.7586576342582703 -0.45212167501449585 -0.4690677225589752 
vn -0.7586576342582703 -0.45212167501449585 -0.4690677225589752 
vn -0.7586576342582703 -0.45212167501449585 -0.4690677225589752 
vn -0.7586576342582703 -0.45212167501449585 -0.4690677225589752 
vn -0.7586576342582703 -0.45212167501449585 -0.4690677225589752 
vn -0.7586576342582703 -0.45212167501449585 -0.4690677225589752 
vn -0.7586576342582703 -0.45212167501449585 -0.4690677225589752 
vn -0.7586576342582703 -0.45212167501449585 -0.4690677225589752 
vn -0.7586576342582703 -0.45212167501449585 -0.4690677225589752 
vn -0.7586576342582703 -0.45212167501449585 -0.4690677225589752 
vn -0.7586576342582703 -0.45212167501449585 -0.4690677225589752 
vn -0.7586576342582703 -0.45212167501449585 -0.4690677225589752 
vn -0.7586576342582703 -0.45212167501449585 -0.4690677225589752 
vn -0.7586576342582703 -0.45212167501449585 -0.4690677225589752 
vn -0.7586576342582703 -0.45212167501449585 -0.4690677225589752 
vn -0.7586576342582703 -0.45212167501449585 -0.4690677225589752 
vn -0.7586576342582703 -0.45212167501449585 -0.4690677225589752 
vn -0.7586576342582703 -0.45212167501449585 -0.4690677225589752 
vn -0.7586576342582703 -0.45212167501449585 -0.4690677225589752 
vn -0.7586576342582703 -0.45212167501449585 -0.4690677225589752 
vn -0.7586576342582703 -0.45212167501449585 -0.4690677225589752 
vn -0.10582605004310608 0.5120631456375122 -0.8524037599563599 
vn -0.30033937096595764 0.33556801080703735 -0.8928554058074951 
vn -0.42894986271858215 0.7266558408737183 -0.5366313457489014 
vn -0.5939750671386719 0.5299336910247803 -0.6052801609039307 
vn -0.6879857778549194 0.7175130844116211 -0.10886036604642868 
vn -0.8248274922370911 0.5198835730552673 -0.22221781313419342 
vn -0.8145067095756531 0.48220494389533997 0.3225793242454529 
vn -0.936578094959259 0.31271639466285706 0.15820832550525665 
vn -0.7711382508277893 0.0902416855096817 0.6302398443222046 
vn -0.8977295756340027 -0.04318953678011894 0.4384244382381439 
vn -0.5724368095397949 -0.3557562232017517 0.7387510538101196 
vn -0.7198244333267212 -0.44208794832229614 0.5351731181144714 
vn -0.2713864743709564 -0.7368627786636353 0.6191784143447876 
vn -0.45065003633499146 -0.783119797706604 0.4285288453102112 
vn 0.05173736438155174 -0.9514554142951965 0.3034059703350067 
vn -0.15701432526111603 -0.9774854779243469 0.14095357060432434 
vn 0.31376537680625916 -0.940415620803833 -0.1310330033302307 
vn 0.07383805513381958 -0.967435359954834 -0.2421087622642517 
vn 0.4372941851615906 -0.7070045471191406 -0.5558046698570251 
vn 0.18558870255947113 -0.7602682113647461 -0.6225349307060242 
vn 0.3939257264137268 -0.31504130363464355 -0.8634652495384216 
vn 0.1467401385307312 -0.4043622612953186 -0.9027510285377502 
vn 0.1952243149280548 0.13095659017562866 -0.9719764590263367 
vn -0.03116498701274395 -0.005463845562189817 -0.9994996786117554 
vn 0.7586576342582703 0.45212167501449585 0.4690677225589752 
vn 0.7586576342582703 0.45212167501449585 0.4690677225589752 
vn 0.7586576342582703 0.45212167501449585 0.4690677225589752 
vn 0.7586576342582703 0.45212167501449585 0.4690677225589752 
vn 0.7586576342582703 0.45212167501449585 0.4690677225589752 
vn 0.7586576342582703 0.45212167501449585 0.4690677225589752 
vn 0.7586576342582703 0.45212167501449585 0.4690677225589752 
vn 0.7586576342582703 0.45212167501449585 0.4690677225589752 
vn 0.7586576342582703 0.45212167501449585 0.4690677225589752 
vn 0.7586576342582703 0.45212167501449585 0.4690677225589752 
vn 0.7586576342582703 0.45212167501449585 0.4690677225589752 
vn 0.7586576342582703 0.45212167501449585 0.4690677225589752 
vn 0.7586576342582703 0.45212167501449585 0.4690677225589752 
vn 0.7586576342582703 0.45212167501449585 0.4690677225589752 
vn 0.7586576342582703 0.45212167501449585 0.4690677225589752 
vn 0.7586576342582703 0.45212167501449585 0.4690677225589752 
vn 0.7586576342582703 0.45212167501449585 0.4690677225589752 
vn 0.7586576342582703 0.45212167501449585 0.4690677225589752 
vn 0.7586576342582703 0.45212167501449585 0.4690677225589752 
vn 0.7586576342582703 0.45212167501449585 0.4690677225589752 
vn 0.7586576342582703 0.45212167501449585 0.4690677225589752 
vn 0.7586576342582703 0.45212167501449585 0.4690677225589752 
vn 0.7586576342582703 0.45212167501449585 0.4690677225589752 
vn 0.7586576342582703 0.45212167501449585 0.4690677225589752 
vn -0.18547894060611725 0.7610800266265869 0.621574878692627 
vn -0.3939257264137268 0.31504130363464355 0.8634652495384216 
vn -0.1468973308801651 0.4049050211906433 0.9024820923805237 
vn -0.1952243149280548 -0.13095659017562866 0.9719764590263367 
vn 0.03116498701274395 0.005463845562189817 0.9994996786117554 
vn 0.10582605004310608 -0.5120631456375122 0.8524037599563599 
vn 0.3007434904575348 -0.3359542191028595 0.8925740718841553 
vn 0.42894986271858215 -0.7266558408737183 0.5366313457489014 
vn 0.5947333574295044 -0.5301951766014099 0.6043058037757874 
vn 0.6909778714179993 -0.7156160473823547 0.10219238698482513 
vn 0.825574517250061 -0.5194075107574463 0.22055071592330933 
vn 0.8145067095756531 -0.48220494389533997 -0.3225793242454529 
vn 0.9367931485176086 -0.31109607219696045 -0.16011793911457062 
vn 0.7711382508277893 -0.0902416855096817 -0.6302398443222046 
vn 0.8988295197486877 0.039374031126499176 -0.4365258812904358 
vn 0.5724368095397949 0.3557562232017517 -0.7387510538101196 
vn 0.721773624420166 0.43885454535484314 -0.5352091193199158 
vn 0.2713864743709564 0.7368627786636353 -0.6191784143447876 
vn 0.4478069841861725 0.7858301997184753 -0.4265429973602295 
vn -0.05173736438155174 0.9514554142951965 -0.3034059703350067 
vn 0.1585259586572647 0.9769599437713623 -0.14289186894893646 
vn -0.31077325344085693 0.9423127174377441 0.12436501681804657 
vn -0.07308891415596008 0.9679079055786133 0.24044162034988403 
vn -0.4372941851615906 0.7070045471191406 0.5558046698570251 
vn 0.7586576342582703 0.45212167501449585 0.4690677225589752 
vn 0.7586576342582703 0.45212167501449585 0.4690677225589752 
vn 0.7586576342582703 0.45212167501449585 0.4690677225589752 
vn 0.7586576342582703 0.45212167501449585 0.4690677225589752 
vn 0.7586576342582703 0.45212167501449585 0.4690677225589752 
vn 0.7586576342582703 0.45212167501449585 0.4690677225589752 
vn 0.7586576342582703 0.45212167501449585 0.4690677225589752 
vn 0.7586576342582703 0.45212167501449585 0.4690677225589752 
vn 0.7586576342582703 0.45212167501449585 0.4690677225589752 
vn 0.7586576342582703 0.45212167501449585 0.4690677225589752 
vn -0.39792805910110474 -0.2522313892841339 0.8820616006851196 
vn -0.5187704563140869 0.8548500537872314 0.010420942679047585 
vn 0.3946131765842438 0.25025591254234314 -0.8841111063957214 
vn -0.7586576342582703 -0.45212167501449585 -0.4690677225589752 
vn -0.7586576342582703 -0.45212167501449585 -0.4690677225589752 
vn -0.7586576342582703 -0.45212167501449585 -0.4690677225589752 
vn 0.5623394846916199 -0.09638385474681854 -0.821270227432251 
vn -0.7586576342582703 -0.45212167501449585 -0.4690677225589752 
vn -0.7586576342582703 -0.45212167501449585 -0.4690677225589752 
vn -0.7586576342582703 -0.45212167501449585 -0.4690677225589752 
vn -0.7586576342582703 -0.45212167501449585 -0.4690677225589752 
vn -0.7586576342582703 -0.45212167501449585 -0.4690677225589752 
vn -0.7586576342582703 -0.45212167501449585 -0.4690677225589752 
vn -0.7586576342582703 -0.45212167501449585 -0.4690677225589752 
vn 0.1698731631040573 0.5606215596199036 -0.8104605078697205 
vn -0.7586576342582703 -0.45212167501449585 -0.4690677225589752 
vn -0.7586576342582703 -0.45212167501449585 -0.4690677225589752 
vn -0.7586576342582703 -0.45212167501449585 -0.4690677225589752 
vn -0.7586576342582703 -0.45212167501449585 -0.4690677225589752 
vn 0.5154555439949036 -0.856825590133667 -0.012470481917262077 
vn -0.5187704563140869 0.8548500537872314 0.010420942679047585 
vn -0.3946131765842438 -0.25025591254234314 0.8841111063957214 
vn -0.5154555439949036 0.856825590133667 0.012470481917262077 
vn 0.3946131765842438 0.25025591254234314 -0.8841111063957214 
vn -0.3946131765842438 -0.25025591254234314 0.8841111063957214 
vn -0.5154555439949036 0.856825590133667 0.012470481917262077 
vn 0.3946131765842438 0.25025591254234314 -0.8841111063957214 
vn -0.5154555439949036 0.856825590133667 0.012470481917262077 
vn 0.5154555439949036 -0.856825590133667 -0.012470481917262077 
vn -0.39792805910110474 -0.2522313892841339 0.8820616006851196 
vn 0.3946131765842438 0.25025591254234314 -0.8841111063957214 
vn -0.3946131765842438 -0.25025591254234314 0.8841111063957214 
vn -0.5187704563140869 0.8548500537872314 0.010420942679047585 
vn -0.5187704563140869 0.8548500537872314 0.010420942679047585 
vn 0.3946131765842438 0.25025591254234314 -0.8841111063957214 
vn -0.39792805910110474 -0.2522313892841339 0.8820616006851196 
vn 0.5154555439949036 -0.856825590133667 -0.012470481917262077 
vn -0.5187704563140869 0.8548500537872314 0.010420942679047585 
vn 0.7586576342582703 0.45212167501449585 0.4690677225589752 
vn 0.7586576342582703 0.45212167501449585 0.4690677225589752 
vn 0.7586576342582703 0.45212167501449585 0.4690677225589752 
vn 0.7586576342582703 0.45212167501449585 0.4690677225589752 
vn 0.7586576342582703 0.45212167501449585 0.4690677225589752 
vn 0.7586576342582703 0.45212167501449585 0.4690677225589752 
vn 0.22721150517463684 -0.9378215670585632 0.26242199540138245 
vn 0.7586576342582703 0.45212167501449585 0.4690677225589752 
vn 0.7586576342582703 0.45212167501449585 0.4690677225589752 
vn 0.7586576342582703 0.45212167501449585 0.4690677225589752 
vn 0.7586576342582703 0.45212167501449585 0.4690677225589752 
vn 0.7586576342582703 0.45212167501449585 0.4690677225589752 
vn 0.7586576342582703 0.45212167501449585 0.4690677225589752 
vn 0.7586576342582703 0.45212167501449585 0.4690677225589752 
vn 0.7586576342582703 0.45212167501449585 0.4690677225589752 
vn 0.7586576342582703 0.45212167501449585 0.4690677225589752 
vn -0.5187704563140869 0.8548500537872314 0.010420942679047585 
vn 0.7586576342582703 0.45212167501449585 0.4690677225589752 
vn 0.7586576342582703 0.45212167501449585 0.4690677225589752 
vn 0.7586576342582703 0.45212167501449585 0.4690677225589752 
vn -0.7925199270248413 0.5677623152732849 0.2226170152425766 
vn -0.6955037117004395 0.7103819251060486 -0.10785223543643951 
vn 0.08837942034006119 0.5116545557975769 -0.8546335697174072 
vn 0.5008668899536133 -0.7526763081550598 0.42732974886894226 
vn -0.08837942034006119 -0.5116545557975769 0.8546335697174072 
vn -0.43543508648872375 0.1634758710861206 0.8852527737617493 
vn -0.03246992081403732 0.9905930757522583 -0.13293032348155975 
vn 0.031671203672885895 -0.9904618859291077 0.1340956836938858 
vn -0.48609793186187744 0.7634184956550598 -0.4253244400024414 
vn 0.6319057941436768 -0.05047345906496048 -0.773400068283081 
vn 0.7822494506835938 -0.5779991149902344 -0.2323852926492691 
vn -0.095418781042099 -0.5157389044761658 0.8514155745506287 
vn -0.20095348358154297 0.9472954869270325 -0.2494964897632599 
vn 0.21857747435569763 0.5896044373512268 -0.777553915977478 
vn 0.09814777970314026 0.7325040698051453 0.6736507415771484 
vn 0.09814777970314026 0.7325040698051453 0.6736507415771484 
vn 0.09814777970314026 0.7325040698051453 0.6736507415771484 
vn 0.09814777970314026 0.7325040698051453 0.6736507415771484 
vn 0.09814777970314026 0.7325040698051453 0.6736507415771484 
vn 0.09814777970314026 0.7325040698051453 0.6736507415771484 
vn -0.878984272480011 0.3816846013069153 -0.28583845496177673 
vn -0.878984272480011 0.3816846013069153 -0.28583845496177673 
vn -0.878984272480011 0.3816846013069153 -0.28583845496177673 
vn -0.878984272480011 0.3816846013069153 -0.28583845496177673 
vn -0.878984272480011 0.3816846013069153 -0.28583845496177673 
vn -0.878984272480011 0.3816846013069153 -0.28583845496177673 
vn -0.6912357211112976 -0.24793893098831177 -0.6787633895874023 
vn -0.6912357211112976 -0.24793893098831177 -0.6787633895874023 
vn -0.6912357211112976 -0.24793893098831177 -0.6787633895874023 
vn -0.6912357211112976 -0.24793893098831177 -0.6787633895874023 
vn -0.6912357211112976 -0.24793893098831177 -0.6787633895874023 
vn -0.6912357211112976 -0.24793893098831177 -0.6787633895874023 
vn -0.09787905961275101 -0.7291528582572937 -0.6773155331611633 
vn -0.09787905961275101 -0.7291528582572937 -0.6773155331611633 
vn -0.09787905961275101 -0.7291528582572937 -0.6773155331611633 
vn -0.09787905961275101 -0.7291528582572937 -0.6773155331611633 
vn -0.09787905961275101 -0.7291528582572937 -0.6773155331611633 
vn -0.09787905961275101 -0.7291528582572937 -0.6773155331611633 
vn 0.5510441064834595 -0.7872697114944458 -0.27668941020965576 
vn 0.5510441064834595 -0.7872697114944458 -0.27668941020965576 
vn 0.5510441064834595 -0.7872697114944458 -0.27668941020965576 
vn 0.5510441064834595 -0.7872697114944458 -0.27668941020965576 
vn 0.5510441064834595 -0.7872697114944458 -0.27668941020965576 
vn 0.5510441064834595 -0.7872697114944458 -0.27668941020965576 
vn 0.8797314763069153 -0.3812080919742584 0.28417062759399414 
vn 0.8797314763069153 -0.3812080919742584 0.28417062759399414 
vn 0.8797314763069153 -0.3812080919742584 0.28417062759399414 
vn 0.8797314763069153 -0.3812080919742584 0.28417062759399414 
vn 0.8797314763069153 -0.3812080919742584 0.28417062759399414 
vn 0.8797314763069153 -0.3812080919742584 0.28417062759399414 
vn 0.6916072368621826 0.24756760895252228 0.6785205006599426 
vn 0.6916072368621826 0.24756760895252228 0.6785205006599426 
vn 0.6916072368621826 0.24756760895252228 0.6785205006599426 
vn 0.6916072368621826 0.24756760895252228 0.6785205006599426 
vn 0.6916072368621826 0.24756760895252228 0.6785205006599426 
vn 0.6916072368621826 0.24756760895252228 0.6785205006599426 
vn -0.4686978757381439 -0.5628149509429932 0.6808531880378723 
vn -0.4686978757381439 -0.5628149509429932 0.6808531880378723 
vn -0.4686978757381439 -0.5628149509429932 0.6808531880378723 
vn -0.4686978757381439 -0.5628149509429932 0.6808531880378723 
vn -0.4686978757381439 -0.5628149509429932 0.6808531880378723 
vn -0.4686978757381439 -0.5628149509429932 0.6808531880378723 
vn -0.4686978757381439 -0.5628149509429932 0.6808531880378723 
vn -0.4686978757381439 -0.5628149509429932 0.6808531880378723 
vn -0.4686978757381439 -0.5628149509429932 0.6808531880378723 
vn -0.4686978757381439 -0.5628149509429932 0.6808531880378723 
vn -0.4686978757381439 -0.5628149509429932 0.6808531880378723 
vn -0.4686978757381439 -0.5628149509429932 0.6808531880378723 
vn -0.4686978757381439 -0.5628149509429932 0.6808531880378723 
vn -0.4686978757381439 -0.5628149509429932 0.6808531880378723 
vn -0.4686978757381439 -0.5628149509429932 0.6808531880378723 
vn -0.4686978757381439 -0.5628149509429932 0.6808531880378723 
vn -0.4686978757381439 -0.5628149509429932 0.6808531880378723 
vn -0.4686978757381439 -0.5628149509429932 0.6808531880378723 
vn 0.09814777970314026 0.7325040698051453 0.6736507415771484 
vn 0.09814777970314026 0.7325040698051453 0.6736507415771484 
vn 0.09814777970314026 0.7325040698051453 0.6736507415771484 
vn 0.09814777970314026 0.7325040698051453 0.6736507415771484 
vn 0.09814777970314026 0.7325040698051453 0.6736507415771484 
vn 0.09814777970314026 0.7325040698051453 0.6736507415771484 
vn -0.5510441064834595 0.7872697114944458 0.27668941020965576 
vn -0.5510441064834595 0.7872697114944458 0.27668941020965576 
vn -0.5510441064834595 0.7872697114944458 0.27668941020965576 
vn -0.5510441064834595 0.7872697114944458 0.27668941020965576 
vn -0.5510441064834595 0.7872697114944458 0.27668941020965576 
vn -0.5510441064834595 0.7872697114944458 0.27668941020965576 
vn -0.878984272480011 0.3816846013069153 -0.28583845496177673 
vn -0.878984272480011 0.3816846013069153 -0.28583845496177673 
vn -0.878984272480011 0.3816846013069153 -0.28583845496177673 
vn -0.878984272480011 0.3816846013069153 -0.28583845496177673 
vn -0.878984272480011 0.3816846013069153 -0.28583845496177673 
vn -0.878984272480011 0.3816846013069153 -0.28583845496177673 
vn -0.6912357211112976 -0.24793893098831177 -0.6787633895874023 
vn -0.6912357211112976 -0.24793893098831177 -0.6787633895874023 
vn -0.6912357211112976 -0.24793893098831177 -0.6787633895874023 
vn -0.6912357211112976 -0.24793893098831177 -0.6787633895874023 
vn -0.6912357211112976 -0.24793893098831177 -0.6787633895874023 
vn -0.6912357211112976 -0.24793893098831177 -0.6787633895874023 
vn -0.09787905961275101 -0.7291528582572937 -0.6773155331611633 
vn -0.09787905961275101 -0.7291528582572937 -0.6773155331611633 
vn -0.09787905961275101 -0.7291528582572937 -0.6773155331611633 
vn -0.09787905961275101 -0.7291528582572937 -0.6773155331611633 
vn -0.09787905961275101 -0.7291528582572937 -0.6773155331611633 
vn -0.09787905961275101 -0.7291528582572937 -0.6773155331611633 
vn 0.5510441064834595 -0.7872697114944458 -0.27668941020965576 
vn 0.5510441064834595 -0.7872697114944458 -0.27668941020965576 
vn 0.5510441064834595 -0.7872697114944458 -0.27668941020965576 
vn 0.5510441064834595 -0.7872697114944458 -0.27668941020965576 
vn 0.5510441064834595 -0.7872697114944458 -0.27668941020965576 
vn 0.5510441064834595 -0.7872697114944458 -0.27668941020965576 
vn 0.8797314763069153 -0.3812080919742584 0.28417062759399414 
vn 0.8797314763069153 -0.3812080919742584 0.28417062759399414 
vn 0.8797314763069153 -0.3812080919742584 0.28417062759399414 
vn 0.8797314763069153 -0.3812080919742584 0.28417062759399414 
vn 0.8797314763069153 -0.3812080919742584 0.28417062759399414 
vn 0.8797314763069153 -0.3812080919742584 0.28417062759399414 
vn 0.6916072368621826 0.24756760895252228 0.6785205006599426 
vn 0.6916072368621826 0.24756760895252228 0.6785205006599426 
vn 0.6916072368621826 0.24756760895252228 0.6785205006599426 
vn 0.6916072368621826 0.24756760895252228 0.6785205006599426 
vn 0.6916072368621826 0.24756760895252228 0.6785205006599426 
vn 0.6916072368621826 0.24756760895252228 0.6785205006599426 
vn 0.4685222804546356 0.5630410313606262 -0.6807870864868164 
vn 0.4685222804546356 0.5630410313606262 -0.6807870864868164 
vn 0.4685222804546356 0.5630410313606262 -0.6807870864868164 
vn 0.4685222804546356 0.5630410313606262 -0.6807870864868164 
vn 0.4685222804546356 0.5630410313606262 -0.6807870864868164 
vn 0.4685222804546356 0.5630410313606262 -0.6807870864868164 
vn 0.4685222804546356 0.5630410313606262 -0.6807870864868164 
vn 0.4685222804546356 0.5630410313606262 -0.6807870864868164 
vn 0.4685222804546356 0.5630410313606262 -0.6807870864868164 
vn 0.4685222804546356 0.5630410313606262 -0.6807870864868164 
vn 0.4685222804546356 0.5630410313606262 -0.6807870864868164 
vn 0.4685222804546356 0.5630410313606262 -0.6807870864868164 
vn 0.4685222804546356 0.5630410313606262 -0.6807870864868164 
vn 0.4685222804546356 0.5630410313606262 -0.6807870864868164 
vn 0.4685222804546356 0.5630410313606262 -0.6807870864868164 
vn 0.4685222804546356 0.5630410313606262 -0.6807870864868164 
vn 0.4685222804546356 0.5630410313606262 -0.6807870864868164 
vn 0.4685222804546356 0.5630410313606262 -0.6807870864868164 
vn 0.13458400964736938 0.7725250720977783 0.6205582618713379 
vn 0.13458400964736938 0.7725250720977783 0.6205582618713379 
vn 0.13458400964736938 0.7725250720977783 0.6205582618713379 
vn 0.13458400964736938 0.7725250720977783 0.6205582618713379 
vn 0.13458400964736938 0.7725250720977783 0.6205582618713379 
vn 0.13458400964736938 0.7725250720977783 0.6205582618713379 
vn -0.45485398173332214 0.8788236379623413 0.14414241909980774 
vn -0.45485398173332214 0.8788236379623413 0.14414241909980774 
vn -0.45485398173332214 0.8788236379623413 0.14414241909980774 
vn -0.45485398173332214 0.8788236379623413 0.14414241909980774 
vn -0.45485398173332214 0.8788236379623413 0.14414241909980774 
vn -0.45485398173332214 0.8788236379623413 0.14414241909980774 
vn -0.7772564888000488 0.4817618131637573 -0.40469497442245483 
vn -0.7772564888000488 0.4817618131637573 -0.40469497442245483 
vn -0.7772564888000488 0.4817618131637573 -0.40469497442245483 
vn -0.7772564888000488 0.4817618131637573 -0.40469497442245483 
vn -0.7772564888000488 0.4817618131637573 -0.40469497442245483 
vn -0.7772564888000488 0.4817618131637573 -0.40469497442245483 
vn -0.6498079299926758 -0.20382124185562134 -0.7322615385055542 
vn -0.6498079299926758 -0.20382124185562134 -0.7322615385055542 
vn -0.6498079299926758 -0.20382124185562134 -0.7322615385055542 
vn -0.6498079299926758 -0.20382124185562134 -0.7322615385055542 
vn -0.6498079299926758 -0.20382124185562134 -0.7322615385055542 
vn -0.6498079299926758 -0.20382124185562134 -0.7322615385055542 
vn -0.13442280888557434 -0.7717165350914001 -0.6215983033180237 
vn -0.13442280888557434 -0.7717165350914001 -0.6215983033180237 
vn -0.13442280888557434 -0.7717165350914001 -0.6215983033180237 
vn -0.13442280888557434 -0.7717165350914001 -0.6215983033180237 
vn -0.13442280888557434 -0.7717165350914001 -0.6215983033180237 
vn -0.13442280888557434 -0.7717165350914001 -0.6215983033180237 
vn 0.45485398173332214 -0.8788236379623413 -0.14414241909980774 
vn 0.45485398173332214 -0.8788236379623413 -0.14414241909980774 
vn 0.45485398173332214 -0.8788236379623413 -0.14414241909980774 
vn 0.45485398173332214 -0.8788236379623413 -0.14414241909980774 
vn 0.45485398173332214 -0.8788236379623413 -0.14414241909980774 
vn 0.45485398173332214 -0.8788236379623413 -0.14414241909980774 
vn 0.7761982679367065 -0.4819081127643585 0.406547486782074 
vn 0.7761982679367065 -0.4819081127643585 0.406547486782074 
vn 0.7761982679367065 -0.4819081127643585 0.406547486782074 
vn 0.7761982679367065 -0.4819081127643585 0.406547486782074 
vn 0.7761982679367065 -0.4819081127643585 0.406547486782074 
vn 0.7761982679367065 -0.4819081127643585 0.406547486782074 
vn 0.6504589319229126 0.20312906801700592 0.7318758368492126 
vn 0.6504589319229126 0.20312906801700592 0.7318758368492126 
vn 0.6504589319229126 0.20312906801700592 0.7318758368492126 
vn 0.6504589319229126 0.20312906801700592 0.7318758368492126 
vn 0.6504589319229126 0.20312906801700592 0.7318758368492126 
vn 0.6504589319229126 0.20312906801700592 0.7318758368492126 
vn 0.11347946524620056 0.7522395253181458 0.6490443348884583 
vn 0.11347946524620056 0.7522395253181458 0.6490443348884583 
vn 0.11347946524620056 0.7522395253181458 0.6490443348884583 
vn 0.11347946524620056 0.7522395253181458 0.6490443348884583 
vn 0.11347946524620056 0.7522395253181458 0.6490443348884583 
vn 0.11347946524620056 0.7522395253181458 0.6490443348884583 
vn -0.5071023106575012 0.8344097137451172 0.21588826179504395 
vn -0.5071023106575012 0.8344097137451172 0.21588826179504395 
vn -0.5071023106575012 0.8344097137451172 0.21588826179504395 
vn -0.5071023106575012 0.8344097137451172 0.21588826179504395 
vn -0.5071023106575012 0.8344097137451172 0.21588826179504395 
vn -0.5071023106575012 0.8344097137451172 0.21588826179504395 
vn -0.8324453830718994 0.4302625358104706 -0.34915444254875183 
vn -0.8324453830718994 0.4302625358104706 -0.34915444254875183 
vn -0.8324453830718994 0.4302625358104706 -0.34915444254875183 
vn -0.8324453830718994 0.4302625358104706 -0.34915444254875183 
vn -0.8324453830718994 0.4302625358104706 -0.34915444254875183 
vn -0.8324453830718994 0.4302625358104706 -0.34915444254875183 
vn -0.6734271049499512 -0.2235034555196762 -0.7046577334403992 
vn -0.6734271049499512 -0.2235034555196762 -0.7046577334403992 
vn -0.6734271049499512 -0.2235034555196762 -0.7046577334403992 
vn -0.6734271049499512 -0.2235034555196762 -0.7046577334403992 
vn -0.6734271049499512 -0.2235034555196762 -0.7046577334403992 
vn -0.6734271049499512 -0.2235034555196762 -0.7046577334403992 
vn 0.5059848427772522 -0.8359261751174927 -0.21261923015117645 
vn 0.5059848427772522 -0.8359261751174927 -0.21261923015117645 
vn 0.5059848427772522 -0.8359261751174927 -0.21261923015117645 
vn 0.5059848427772522 -0.8359261751174927 -0.21261923015117645 
vn 0.5059848427772522 -0.8359261751174927 -0.21261923015117645 
vn 0.5059848427772522 -0.8359261751174927 -0.21261923015117645 
vn 0.8332354426383972 -0.4299847185611725 0.34760889410972595 
vn 0.8332354426383972 -0.4299847185611725 0.34760889410972595 
vn 0.8332354426383972 -0.4299847185611725 0.34760889410972595 
vn 0.8332354426383972 -0.4299847185611725 0.34760889410972595 
vn 0.8332354426383972 -0.4299847185611725 0.34760889410972595 
vn 0.8332354426383972 -0.4299847185611725 0.34760889410972595 
vn 0.6713684797286987 0.22562122344970703 0.7059460282325745 
vn 0.6713684797286987 0.22562122344970703 0.7059460282325745 
vn 0.6713684797286987 0.22562122344970703 0.7059460282325745 
vn 0.6713684797286987 0.22562122344970703 0.7059460282325745 
vn 0.6713684797286987 0.22562122344970703 0.7059460282325745 
vn 0.6713684797286987 0.22562122344970703 0.7059460282325745 
vn -0.5656543374061584 0.09440836310386658 0.8192206621170044 
vn -0.5656543374061584 0.09440836310386658 0.8192206621170044 
vn -0.5656543374061584 0.09440836310386658 0.8192206621170044 
vn -0.5656543374061584 0.09440836310386658 0.8192206621170044 
vn -0.5656543374061584 0.09440836310386658 0.8192206621170044 
vn -0.5656543374061584 0.09440836310386658 0.8192206621170044 
vn -0.6310537457466125 0.6935564875602722 0.3474922180175781 
vn -0.6310537457466125 0.6935564875602722 0.3474922180175781 
vn -0.6310537457466125 0.6935564875602722 0.3474922180175781 
vn -0.6310537457466125 0.6935564875602722 0.3474922180175781 
vn -0.6310537457466125 0.6935564875602722 0.3474922180175781 
vn -0.6310537457466125 0.6935564875602722 0.3474922180175781 
vn -0.32776132225990295 0.8858500719070435 -0.3283928334712982 
vn -0.32776132225990295 0.8858500719070435 -0.3283928334712982 
vn -0.32776132225990295 0.8858500719070435 -0.3283928334712982 
vn -0.32776132225990295 0.8858500719070435 -0.3283928334712982 
vn -0.32776132225990295 0.8858500719070435 -0.3283928334712982 
vn -0.32776132225990295 0.8858500719070435 -0.3283928334712982 
vn 0.16655829548835754 0.5586460828781128 -0.812510073184967 
vn 0.16655829548835754 0.5586460828781128 -0.812510073184967 
vn 0.16655829548835754 0.5586460828781128 -0.812510073184967 
vn 0.16655829548835754 0.5586460828781128 -0.812510073184967 
vn 0.16655829548835754 0.5586460828781128 -0.812510073184967 
vn 0.16655829548835754 0.5586460828781128 -0.812510073184967 
vn 0.5656543374061584 -0.09440836310386658 -0.8192206621170044 
vn 0.5656543374061584 -0.09440836310386658 -0.8192206621170044 
vn 0.5656543374061584 -0.09440836310386658 -0.8192206621170044 
vn 0.5656543374061584 -0.09440836310386658 -0.8192206621170044 
vn 0.5656543374061584 -0.09440836310386658 -0.8192206621170044 
vn 0.5656543374061584 -0.09440836310386658 -0.8192206621170044 
vn 0.6310537457466125 -0.6935564875602722 -0.3474922180175781 
vn 0.6310537457466125 -0.6935564875602722 -0.3474922180175781 
vn 0.6310537457466125 -0.6935564875602722 -0.3474922180175781 
vn 0.6310537457466125 -0.6935564875602722 -0.3474922180175781 
vn 0.6310537457466125 -0.6935564875602722 -0.3474922180175781 
vn 0.6310537457466125 -0.6935564875602722 -0.3474922180175781 
vn 0.32776132225990295 -0.8858500719070435 0.3283928334712982 
vn 0.32776132225990295 -0.8858500719070435 0.3283928334712982 
vn 0.32776132225990295 -0.8858500719070435 0.3283928334712982 
vn 0.32776132225990295 -0.8858500719070435 0.3283928334712982 
vn 0.32776132225990295 -0.8858500719070435 0.3283928334712982 
vn 0.32776132225990295 -0.8858500719070435 0.3283928334712982 
vn -0.16655829548835754 -0.5586460828781128 0.812510073184967 
vn -0.16655829548835754 -0.5586460828781128 0.812510073184967 
vn -0.16655829548835754 -0.5586460828781128 0.812510073184967 
vn -0.16655829548835754 -0.5586460828781128 0.812510073184967 
vn -0.16655829548835754 -0.5586460828781128 0.812510073184967 
vn -0.16655829548835754 -0.5586460828781128 0.812510073184967 
vn -0.7586576342582703 -0.45212167501449585 -0.4690677225589752 
vn -0.5656543374061584 0.09440836310386658 0.8192206621170044 
vn -0.5656543374061584 0.09440836310386658 0.8192206621170044 
vn -0.5656543374061584 0.09440836310386658 0.8192206621170044 
vn -0.5656543374061584 0.09440836310386658 0.8192206621170044 
vn -0.5656543374061584 0.09440836310386658 0.8192206621170044 
vn -0.5656543374061584 0.09440836310386658 0.8192206621170044 
vn -0.6310537457466125 0.6935564875602722 0.3474922180175781 
vn -0.6310537457466125 0.6935564875602722 0.3474922180175781 
vn -0.6310537457466125 0.6935564875602722 0.3474922180175781 
vn -0.6310537457466125 0.6935564875602722 0.3474922180175781 
vn -0.6310537457466125 0.6935564875602722 0.3474922180175781 
vn -0.6310537457466125 0.6935564875602722 0.3474922180175781 
vn -0.32776132225990295 0.8858500719070435 -0.3283928334712982 
vn -0.32776132225990295 0.8858500719070435 -0.3283928334712982 
vn -0.32776132225990295 0.8858500719070435 -0.3283928334712982 
vn -0.32776132225990295 0.8858500719070435 -0.3283928334712982 
vn -0.32776132225990295 0.8858500719070435 -0.3283928334712982 
vn -0.32776132225990295 0.8858500719070435 -0.3283928334712982 
vn 0.16655829548835754 0.5586460828781128 -0.812510073184967 
vn 0.16655829548835754 0.5586460828781128 -0.812510073184967 
vn 0.16655829548835754 0.5586460828781128 -0.812510073184967 
vn 0.16655829548835754 0.5586460828781128 -0.812510073184967 
vn 0.16655829548835754 0.5586460828781128 -0.812510073184967 
vn 0.16655829548835754 0.5586460828781128 -0.812510073184967 
vn 0.6310537457466125 -0.6935564875602722 -0.3474922180175781 
vn 0.6310537457466125 -0.6935564875602722 -0.3474922180175781 
vn 0.6310537457466125 -0.6935564875602722 -0.3474922180175781 
vn 0.6310537457466125 -0.6935564875602722 -0.3474922180175781 
vn 0.6310537457466125 -0.6935564875602722 -0.3474922180175781 
vn 0.6310537457466125 -0.6935564875602722 -0.3474922180175781 
vn 0.32776132225990295 -0.8858500719070435 0.3283928334712982 
vn 0.32776132225990295 -0.8858500719070435 0.3283928334712982 
vn 0.32776132225990295 -0.8858500719070435 0.3283928334712982 
vn 0.32776132225990295 -0.8858500719070435 0.3283928334712982 
vn 0.32776132225990295 -0.8858500719070435 0.3283928334712982 
vn -0.16655829548835754 -0.5586460828781128 0.812510073184967 
vn -0.16655829548835754 -0.5586460828781128 0.812510073184967 
vn -0.16655829548835754 -0.5586460828781128 0.812510073184967 
vn -0.16655829548835754 -0.5586460828781128 0.812510073184967 
vn -0.16655829548835754 -0.5586460828781128 0.812510073184967 
vn -0.16655829548835754 -0.5586460828781128 0.812510073184967 
vn 0.7586576342582703 0.45212167501449585 0.4690677225589752 
vn 0.7586576342582703 0.45212167501449585 0.4690677225589752 
vn 0.10470070689916611 -0.029392387717962265 0.9940696954727173 
vn 0.10470070689916611 -0.029392387717962265 0.9940696954727173 
vn 0.10470070689916611 -0.029392387717962265 0.9940696954727173 
vn 0.10470070689916611 -0.029392387717962265 0.9940696954727173 
vn 0.10470070689916611 -0.029392387717962265 0.9940696954727173 
vn 0.10470070689916611 -0.029392387717962265 0.9940696954727173 
vn -0.7294232845306396 -0.6818442344665527 0.0550374910235405 
vn -0.7294232845306396 -0.6818442344665527 0.0550374910235405 
vn -0.7294232845306396 -0.6818442344665527 0.0550374910235405 
vn -0.7294232845306396 -0.6818442344665527 0.0550374910235405 
vn -0.7294232845306396 -0.6818442344665527 0.0550374910235405 
vn -0.7294232845306396 -0.6818442344665527 0.0550374910235405 
vn -0.7294232845306396 -0.6818442344665527 0.0550374910235405 
vn -0.7294232845306396 -0.6818442344665527 0.0550374910235405 
vn -0.7294232845306396 -0.6818442344665527 0.0550374910235405 
vn -0.7294232845306396 -0.6818442344665527 0.0550374910235405 
vn -0.7294232845306396 -0.6818442344665527 0.0550374910235405 
vn -0.7294232845306396 -0.6818442344665527 0.0550374910235405 
vn -0.6775937080383301 0.7298160195350647 0.09074945747852325 
vn -0.6775937080383301 0.7298160195350647 0.09074945747852325 
vn -0.6775937080383301 0.7298160195350647 0.09074945747852325 
vn -0.6775937080383301 0.7298160195350647 0.09074945747852325 
vn -0.6775937080383301 0.7298160195350647 0.09074945747852325 
vn -0.6775937080383301 0.7298160195350647 0.09074945747852325 
vn -0.6775937080383301 0.7298160195350647 0.09074945747852325 
vn -0.6775937080383301 0.7298160195350647 0.09074945747852325 
vn -0.6775937080383301 0.7298160195350647 0.09074945747852325 
vn -0.6775937080383301 0.7298160195350647 0.09074945747852325 
vn -0.6775937080383301 0.7298160195350647 0.09074945747852325 
vn -0.6775937080383301 0.7298160195350647 0.09074945747852325 
vn 0.7288423776626587 0.6824905872344971 -0.05472096800804138 
vn 0.7288423776626587 0.6824905872344971 -0.05472096800804138 
vn 0.7288423776626587 0.6824905872344971 -0.05472096800804138 
vn 0.7288423776626587 0.6824905872344971 -0.05472096800804138 
vn 0.7288423776626587 0.6824905872344971 -0.05472096800804138 
vn 0.7288423776626587 0.6824905872344971 -0.05472096800804138 
vn 0.10470070689916611 -0.029392387717962265 0.9940696954727173 
vn 0.10470070689916611 -0.029392387717962265 0.9940696954727173 
vn 0.10470070689916611 -0.029392387717962265 0.9940696954727173 
vn 0.10470070689916611 -0.029392387717962265 0.9940696954727173 
vn 0.10470070689916611 -0.029392387717962265 0.9940696954727173 
vn 0.10470070689916611 -0.029392387717962265 0.9940696954727173 
vn 0.10470070689916611 -0.029392387717962265 0.9940696954727173 
vn 0.10470070689916611 -0.029392387717962265 0.9940696954727173 
vn 0.10470070689916611 -0.029392387717962265 0.9940696954727173 
vn 0.10470070689916611 -0.029392387717962265 0.9940696954727173 
vn 0.10470070689916611 -0.029392387717962265 0.9940696954727173 
vn -0.7294232845306396 -0.6818442344665527 0.0550374910235405 
vn -0.7294232845306396 -0.6818442344665527 0.0550374910235405 
vn -0.7294232845306396 -0.6818442344665527 0.0550374910235405 
vn -0.7294232845306396 -0.6818442344665527 0.0550374910235405 
vn -0.7294232845306396 -0.6818442344665527 0.0550374910235405 
vn -0.7294232845306396 -0.6818442344665527 0.0550374910235405 
vn -0.7294232845306396 -0.6818442344665527 0.0550374910235405 
vn -0.7294232845306396 -0.6818442344665527 0.0550374910235405 
vn -0.7294232845306396 -0.6818442344665527 0.0550374910235405 
vn -0.7294232845306396 -0.6818442344665527 0.0550374910235405 
vn -0.7294232845306396 -0.6818442344665527 0.0550374910235405 
vn 0.6775937080383301 -0.7298160195350647 -0.09074945747852325 
vn 0.6775937080383301 -0.7298160195350647 -0.09074945747852325 
vn 0.6775937080383301 -0.7298160195350647 -0.09074945747852325 
vn 0.6775937080383301 -0.7298160195350647 -0.09074945747852325 
vn 0.6775937080383301 -0.7298160195350647 -0.09074945747852325 
vn 0.6775937080383301 -0.7298160195350647 -0.09074945747852325 
vn 0.6775937080383301 -0.7298160195350647 -0.09074945747852325 
vn 0.6775937080383301 -0.7298160195350647 -0.09074945747852325 
vn 0.6775937080383301 -0.7298160195350647 -0.09074945747852325 
vn 0.6775937080383301 -0.7298160195350647 -0.09074945747852325 
vn 0.6775937080383301 -0.7298160195350647 -0.09074945747852325 
vn 0.6775937080383301 -0.7298160195350647 -0.09074945747852325 
vn -0.10258686542510986 0.026167433708906174 -0.9943801164627075 
vn -0.10258686542510986 0.026167433708906174 -0.9943801164627075 
vn -0.10258686542510986 0.026167433708906174 -0.9943801164627075 
vn -0.10258686542510986 0.026167433708906174 -0.9943801164627075 
vn -0.10258686542510986 0.026167433708906174 -0.9943801164627075 
vn 0.7288423776626587 0.6824905872344971 -0.05472096800804138 
vn 0.7288423776626587 0.6824905872344971 -0.05472096800804138 
vn 0.7288423776626587 0.6824905872344971 -0.05472096800804138 
vn 0.7288423776626587 0.6824905872344971 -0.05472096800804138 
vn 0.7288423776626587 0.6824905872344971 -0.05472096800804138 
vn 0.7288423776626587 0.6824905872344971 -0.05472096800804138 
vn 0.10470070689916611 -0.029392387717962265 0.9940696954727173 
vn 0.10470070689916611 -0.029392387717962265 0.9940696954727173 
vn 0.10470070689916611 -0.029392387717962265 0.9940696954727173 
vn 0.10470070689916611 -0.029392387717962265 0.9940696954727173 
vn 0.10470070689916611 -0.029392387717962265 0.9940696954727173 
vt 0.2259427160024643 0.0223237331956625 
vt 0.24675479531288147 0.0223237331956625 
vt 0.2259427160024643 0.40263310074806213 
vt 0.24675479531288147 0.40263310074806213 
vt 0.5585706830024719 0.26365286111831665 
vt 0.5801129937171936 0.26365286111831665 
vt 0.5585706830024719 0.35979506373405457 
vt 0.5801129937171936 0.33874112367630005 
vt 0.011980055831372738 0.43390974402427673 
vt 0.0027302480302751064 0.4337880611419678 
vt 0.01149322371929884 0.6739001870155334 
vt 0.002243415918201208 0.6739001870155334 
vt 0.01124980766326189 0.7598196864128113 
vt 0.0020000000949949026 0.7598196864128113 
vt 0.9154185652732849 0.20511563122272491 
vt 0.9154185652732849 0.16325117647647858 
vt 0.925763726234436 0.20511563122272491 
vt 0.925763726234436 0.16325117647647858 
vt 0.9362305998802185 0.20511563122272491 
vt 0.9362305998802185 0.16325117647647858 
vt 0.946697473526001 0.20511563122272491 
vt 0.946697473526001 0.16325117647647858 
vt 0.9571644067764282 0.20511563122272491 
vt 0.9571644067764282 0.16325117647647858 
vt 0.9676312804222107 0.20511563122272491 
vt 0.9676312804222107 0.16325117647647858 
vt 0.9779764413833618 0.20511563122272491 
vt 0.9779764413833618 0.16325117647647858 
vt 0.9884433150291443 0.20511563122272491 
vt 0.9884433150291443 0.16325117647647858 
vt 0.9989102482795715 0.20511563122272491 
vt 0.9989102482795715 0.16325117647647858 
vt 0.925763726234436 0.0020000000949949026 
vt 0.9362305998802185 0.0020000000949949026 
vt 0.946697473526001 0.0020000000949949026 
vt 0.9571644067764282 0.0020000000949949026 
vt 0.9676312804222107 0.0020000000949949026 
vt 0.9779764413833618 0.0020000000949949026 
vt 0.9884433150291443 0.0020000000949949026 
vt 0.9989102482795715 0.0020000000949949026 
vt 0.925763726234436 0.16166909039020538 
vt 0.9362305998802185 0.16166909039020538 
vt 0.946697473526001 0.16166909039020538 
vt 0.9571644067764282 0.16166909039020538 
vt 0.9676312804222107 0.16166909039020538 
vt 0.9779764413833618 0.16166909039020538 
vt 0.9884433150291443 0.16166909039020538 
vt 0.9989102482795715 0.16166909039020538 
vt 0.925763726234436 0.20511563122272491 
vt 0.9362305998802185 0.20511563122272491 
vt 0.946697473526001 0.20511563122272491 
vt 0.9571644067764282 0.20511563122272491 
vt 0.9676312804222107 0.20511563122272491 
vt 0.9779764413833618 0.20511563122272491 
vt 0.9884433150291443 0.20511563122272491 
vt 0.9989102482795715 0.20511563122272491 
vt 0.9154185652732849 0.20511563122272491 
vt 0.9154185652732849 0.16166909039020538 
vt 0.9154185652732849 0.0020000000949949026 
vt 0.14500689506530762 0.4251474142074585 
vt 0.011980055831372738 0.42478233575820923 
vt 0.14500689506530762 0.43415313959121704 
vt 0.011980055831372738 0.43390974402427673 
vt 0.09644541144371033 0.6986050605773926 
vt 0.09644541144371033 0.70578533411026 
vt 0.04618000239133835 0.6986050605773926 
vt 0.04618000239133835 0.70578533411026 
vt 0.02208182029426098 0.70578533411026 
vt 0.6616573333740234 0.46275240182876587 
vt 0.6616573333740234 0.6372687816619873 
vt 0.7384551167488098 0.46275240182876587 
vt 0.7384551167488098 0.6372687816619873 
vt 0.7384551167488098 0.46275240182876587 
vt 0.6616573333740234 0.46275240182876587 
vt 0.8515218496322632 0.7133306264877319 
vt 0.9306320548057556 0.7133306264877319 
vt 0.8515218496322632 0.7256222367286682 
vt 0.9306320548057556 0.7256222367286682 
vt 0.8515218496322632 0.7380355596542358 
vt 0.9306320548057556 0.7380355596542358 
vt 0.180789053440094 0.8899158835411072 
vt 0.180789053440094 0.9777826070785522 
vt 0.20233136415481567 0.9109698534011841 
vt 0.20233136415481567 0.9777826070785522 
vt 0.9989102482795715 0.16325117647647858 
vt 0.9884433150291443 0.16325117647647858 
vt 0.9989102482795715 0.0020000000949949026 
vt 0.9884433150291443 0.0020000000949949026 
vt 0.5585706830024719 0.35979506373405457 
vt 0.5585706830024719 0.45861464738845825 
vt 0.5801129937171936 0.3808489739894867 
vt 0.5801129937171936 0.45861464738845825 
vt 0.09644541144371033 0.70578533411026 
vt 0.09644541144371033 0.7128438353538513 
vt 0.04618000239133835 0.70578533411026 
vt 0.04618000239133835 0.7128438353538513 
vt 0.02208182029426098 0.7128438353538513 
vt 0.02208182029426098 0.7199023962020874 
vt 0.09644541144371033 0.7199023962020874 
vt 0.04618000239133835 0.7199023962020874 
vt 0.8876690864562988 0.8467127680778503 
vt 0.8876690864562988 0.7996152639389038 
vt 0.8786627054214478 0.8467127680778503 
vt 0.8786627054214478 0.7996152639389038 
vt 0.8696563243865967 0.8467127680778503 
vt 0.8696563243865967 0.7996152639389038 
vt 0.8605282306671143 0.8467127680778503 
vt 0.8605282306671143 0.7996152639389038 
vt 0.8876690864562988 0.739861011505127 
vt 0.8786627054214478 0.739861011505127 
vt 0.8696563243865967 0.739861011505127 
vt 0.8605282306671143 0.739861011505127 
vt 0.011980055831372738 0.43390974402427673 
vt 0.01149322371929884 0.6739001870155334 
vt 0.0027302480302751064 0.4337880611419678 
vt 0.002243415918201208 0.6739001870155334 
vt 0.01124980766326189 0.7598196864128113 
vt 0.0020000000949949026 0.7598196864128113 
vt 0.5585706830024719 0.023053927347064018 
vt 0.3799033463001251 0.023053927347064018 
vt 0.5585706830024719 0.0020000000949949026 
vt 0.3799033463001251 0.0020000000949949026 
vt 0.5585706830024719 0.0020000000949949026 
vt 0.5585706830024719 0.023053927347064018 
vt 0.8604065179824829 0.41723698377609253 
vt 0.8604065179824829 0.24259892106056213 
vt 0.7918848991394043 0.41723698377609253 
vt 0.7918848991394043 0.24259892106056213 
vt 0.7918848991394043 0.41723698377609253 
vt 0.8604065179824829 0.41723698377609253 
vt 0.9638583064079285 0.24259892106056213 
vt 0.9711608290672302 0.2432074248790741 
vt 0.9582597613334656 0.24722348153591156 
vt 0.9623978137969971 0.25975847244262695 
vt 0.9576511979103088 0.25428202748298645 
vt 0.9751771688461304 0.2557424008846283 
vt 0.9695786237716675 0.2603669762611389 
vt 0.180789053440094 0.7919481992721558 
vt 0.180789053440094 0.7708942890167236 
vt 0.0020000000949949026 0.7919481992721558 
vt 0.0020000000949949026 0.7708942890167236 
vt 0.180789053440094 0.7708942890167236 
vt 0.20233136415481567 0.868861973285675 
vt 0.20233136415481567 0.7919481992721558 
vt 0.180789053440094 0.7919481992721558 
vt 0.7607276439666748 0.023053927347064018 
vt 0.7607276439666748 0.0020000000949949026 
vt 0.5820603370666504 0.023053927347064018 
vt 0.5820603370666504 0.0020000000949949026 
vt 0.7607276439666748 0.0020000000949949026 
vt 0.8752549290657043 0.6355649828910828 
vt 0.8752549290657043 0.575567364692688 
vt 0.8662484884262085 0.6355649828910828 
vt 0.8662484884262085 0.575567364692688 
vt 0.8752549290657043 0.5287132859230042 
vt 0.8662484884262085 0.5287132859230042 
vt 0.5585706830024719 0.26365286111831665 
vt 0.5585706830024719 0.24259892106056213 
vt 0.3799033463001251 0.26365286111831665 
vt 0.3799033463001251 0.24259892106056213 
vt 0.5585706830024719 0.24259892106056213 
vt 0.91140216588974 0.6355649828910828 
vt 0.91140216588974 0.575567364692688 
vt 0.9023957848548889 0.6355649828910828 
vt 0.9023957848548889 0.575567364692688 
vt 0.91140216588974 0.5287132859230042 
vt 0.9023957848548889 0.5287132859230042 
vt 0.5801129937171936 0.33874112367630005 
vt 0.5801129937171936 0.26365286111831665 
vt 0.5585706830024719 0.26365286111831665 
vt 0.5820603370666504 0.46275240182876587 
vt 0.5820603370666504 0.6372687816619873 
vt 0.6616573333740234 0.46275240182876587 
vt 0.6616573333740234 0.6372687816619873 
vt 0.6616573333740234 0.46275240182876587 
vt 0.5820603370666504 0.46275240182876587 
vt 0.02208182029426098 0.6915465593338013 
vt 0.05798567831516266 0.6915465593338013 
vt 0.02208182029426098 0.6843662858009338 
vt 0.05798567831516266 0.6843662858009338 
vt 0.09644541144371033 0.6915465593338013 
vt 0.09644541144371033 0.6843662858009338 
vt 0.02208182029426098 0.6986050605773926 
vt 0.05798567831516266 0.6986050605773926 
vt 0.02208182029426098 0.6915465593338013 
vt 0.05798567831516266 0.6915465593338013 
vt 0.09644541144371033 0.6986050605773926 
vt 0.09644541144371033 0.6915465593338013 
vt 0.02208182029426098 0.70578533411026 
vt 0.05798567831516266 0.70578533411026 
vt 0.02208182029426098 0.6986050605773926 
vt 0.05798567831516266 0.6986050605773926 
vt 0.09644541144371033 0.70578533411026 
vt 0.09644541144371033 0.6986050605773926 
vt 0.5585706830024719 0.023053927347064018 
vt 0.5801129937171936 0.023053927347064018 
vt 0.5585706830024719 0.12187351286411285 
vt 0.5801129937171936 0.10081958770751953 
vt 0.8515218496322632 0.6392159461975098 
vt 0.9306320548057556 0.6392159461975098 
vt 0.8515218496322632 0.651507556438446 
vt 0.9306320548057556 0.651507556438446 
vt 0.7822700142860413 0.20706281065940857 
vt 0.7822700142860413 0.13197453320026398 
vt 0.7607276439666748 0.20706281065940857 
vt 0.7607276439666748 0.11092060804367065 
vt 0.022812068462371826 0.4229568541049957 
vt 0.022812068462371826 0.40263310074806213 
vt 0.2259427160024643 0.4229568541049957 
vt 0.2259427160024643 0.40263310074806213 
vt 0.24870210886001587 0.4139511287212372 
vt 0.25892558693885803 0.403971791267395 
vt 0.24870210886001587 0.7942605018615723 
vt 0.25892558693885803 0.804239809513092 
vt 0.5585706830024719 0.023053927347064018 
vt 0.5585706830024719 0.12187351286411285 
vt 0.5801129937171936 0.023053927347064018 
vt 0.5801129937171936 0.10081958770751953 
vt 0.37795600295066833 0.3922886848449707 
vt 0.3678542375564575 0.4021463096141815 
vt 0.37795600295066833 0.011979318223893642 
vt 0.3678542375564575 0.0020000000949949026 
vt 0.729205310344696 0.6392159461975098 
vt 0.729205310344696 0.6689105033874512 
vt 0.7811746001243591 0.6392159461975098 
vt 0.7811746001243591 0.6689105033874512 
vt 0.729205310344696 0.6987267732620239 
vt 0.7811746001243591 0.6987267732620239 
vt 0.729205310344696 0.7285430431365967 
vt 0.7811746001243591 0.7285430431365967 
vt 0.729205310344696 0.7582376003265381 
vt 0.7811746001243591 0.7582376003265381 
vt 0.729205310344696 0.7880538702011108 
vt 0.7811746001243591 0.7880538702011108 
vt 0.729205310344696 0.8178700804710388 
vt 0.7811746001243591 0.8178700804710388 
vt 0.729205310344696 0.8476863503456116 
vt 0.7811746001243591 0.8476863503456116 
vt 0.729205310344696 0.877380907535553 
vt 0.7811746001243591 0.877380907535553 
vt 0.729205310344696 0.9071971774101257 
vt 0.7811746001243591 0.9071971774101257 
vt 0.729205310344696 0.9370133876800537 
vt 0.7811746001243591 0.9370133876800537 
vt 0.729205310344696 0.9668296575546265 
vt 0.7811746001243591 0.9668296575546265 
vt 0.729205310344696 0.9965242147445679 
vt 0.7811746001243591 0.9965242147445679 
vt 0.14500689506530762 0.4251474142074585 
vt 0.14500689506530762 0.43415313959121704 
vt 0.011980055831372738 0.42478233575820923 
vt 0.011980055831372738 0.43390974402427673 
vt 0.5801129937171936 0.14292743802070618 
vt 0.5585706830024719 0.2197195142507553 
vt 0.5801129937171936 0.2197195142507553 
vt 0.8515218496322632 0.6886257529258728 
vt 0.9306320548057556 0.6886257529258728 
vt 0.8515218496322632 0.7009173631668091 
vt 0.9306320548057556 0.7009173631668091 
vt 0.8515218496322632 0.7133306264877319 
vt 0.9306320548057556 0.7133306264877319 
vt 0.15608233213424683 0.6885040402412415 
vt 0.15608233213424683 0.42478233575820923 
vt 0.1817627102136612 0.6885040402412415 
vt 0.1817627102136612 0.42478233575820923 
vt 0.5585706830024719 0.35979506373405457 
vt 0.3799033463001251 0.35979506373405457 
vt 0.5585706830024719 0.26365286111831665 
vt 0.3799033463001251 0.26365286111831665 
vt 0.8854783773422241 0.2653566300868988 
vt 0.8622321486473083 0.2653566300868988 
vt 0.8854783773422241 0.36661019921302795 
vt 0.8622321486473083 0.36661019921302795 
vt 0.8622321486473083 0.2653566300868988 
vt 0.7822700142860413 0.20706281065940857 
vt 0.7607276439666748 0.20706281065940857 
vt 0.7822700142860413 0.13197453320026398 
vt 0.7607276439666748 0.11092060804367065 
vt 0.09839273244142532 0.7337760925292969 
vt 0.10508667677640915 0.7415648102760315 
vt 0.09924469143152237 0.7235533595085144 
vt 0.12346458435058594 0.7358449697494507 
vt 0.11762259900569916 0.7179552316665649 
vt 0.12443824857473373 0.7257439494132996 
vt 0.21511070430278778 0.42478233575820923 
vt 0.21511070430278778 0.6885040402412415 
vt 0.1894303262233734 0.42478233575820923 
vt 0.1894303262233734 0.6885040402412415 
vt 0.9306320548057556 0.67621248960495 
vt 0.8515218496322632 0.67621248960495 
vt 0.9306320548057556 0.6639208793640137 
vt 0.8515218496322632 0.6639208793640137 
vt 0.9306320548057556 0.651507556438446 
vt 0.8515218496322632 0.651507556438446 
vt 0.5820603370666504 0.8325956463813782 
vt 0.6608054041862488 0.8325956463813782 
vt 0.5820603370666504 0.8497552275657654 
vt 0.6608054041862488 0.8497552275657654 
vt 0.5820603370666504 0.8667930960655212 
vt 0.6608054041862488 0.8667930960655212 
vt 0.5820603370666504 0.8839526772499084 
vt 0.6608054041862488 0.8839526772499084 
vt 0.11908309906721115 0.7151561379432678 
vt 0.10654716938734055 0.7141825556755066 
vt 0.12881973385810852 0.7072457075119019 
vt 0.09948810935020447 0.6923984289169312 
vt 0.12176067382097244 0.6854615807533264 
vt 0.10910303890705109 0.6843662858009338 
vt 0.701212465763092 0.24259892106056213 
vt 0.7113142013549805 0.2525782287120819 
vt 0.701212465763092 0.46092692017555237 
vt 0.7113142013549805 0.4509476125240326 
vt 0.4038798213005066 0.9192453622817993 
vt 0.3886663019657135 0.9277642965316772 
vt 0.4215274751186371 0.9192453622817993 
vt 0.3799033463001251 0.9597711563110352 
vt 0.43661928176879883 0.9747400879859924 
vt 0.4038798213005066 0.9832590222358704 
vt 0.42140576243400574 0.9832590222358704 
vt 0.44550395011901855 0.9427332878112793 
vt 0.44550395011901855 0.9598928093910217 
vt 0.09839273244142532 0.7337760925292969 
vt 0.09924469143152237 0.7235533595085144 
vt 0.10508667677640915 0.7415648102760315 
vt 0.12346458435058594 0.7358449697494507 
vt 0.11555356532335281 0.7424167394638062 
vt 0.11762259900569916 0.7179552316665649 
vt 0.10727742314338684 0.7169816493988037 
vt 0.9362305998802185 0.16166909039020538 
vt 0.9362305998802185 0.20511563122272491 
vt 0.946697473526001 0.16166909039020538 
vt 0.946697473526001 0.20511563122272491 
vt 0.8163482546806335 0.6392159461975098 
vt 0.8163482546806335 0.9028159976005554 
vt 0.8085589408874512 0.6392159461975098 
vt 0.8085589408874512 0.9028159976005554 
vt 0.5264397859573364 0.7189288139343262 
vt 0.5264397859573364 0.5035215616226196 
vt 0.5038020610809326 0.7189288139343262 
vt 0.5038020610809326 0.5035215616226196 
vt 0.4024193286895752 0.5035215616226196 
vt 0.5038020610809326 0.5035215616226196 
vt 0.4024193286895752 0.48149406909942627 
vt 0.5038020610809326 0.48149406909942627 
vt 0.8163482546806335 0.9028159976005554 
vt 0.8163482546806335 0.6392159461975098 
vt 0.8419069051742554 0.9028159976005554 
vt 0.8419069051742554 0.6392159461975098 
vt 0.7830002307891846 0.9028159976005554 
vt 0.7830002307891846 0.6392159461975098 
vt 0.8085589408874512 0.9028159976005554 
vt 0.8085589408874512 0.6392159461975098 
vt 0.5801129937171936 0.3808489739894867 
vt 0.5585706830024719 0.45861464738845825 
vt 0.5801129937171936 0.45861464738845825 
vt 0.8419069051742554 0.9028159976005554 
vt 0.8419069051742554 0.6392159461975098 
vt 0.8496962189674377 0.9028159976005554 
vt 0.8496962189674377 0.6392159461975098 
vt 0.4024193286895752 0.7189288139343262 
vt 0.4024193286895752 0.5035215616226196 
vt 0.3799033463001251 0.7189288139343262 
vt 0.3799033463001251 0.5035215616226196 
vt 0.5038020610809326 0.7189288139343262 
vt 0.4024193286895752 0.7189288139343262 
vt 0.5038020610809326 0.7409563064575195 
vt 0.4024193286895752 0.7409563064575195 
vt 0.0919422134757042 0.2776482403278351 
vt 0.10240910202264786 0.2776482403278351 
vt 0.0919422134757042 0.12041312456130981 
vt 0.10240910202264786 0.12041312456130981 
vt 0.6777228116989136 0.9168114066123962 
vt 0.6767491698265076 0.8327173590660095 
vt 0.6638481020927429 0.9276425838470459 
vt 0.6627527475357056 0.823103129863739 
vt 0.1894303262233734 0.42478233575820923 
vt 0.1894303262233734 0.6885040402412415 
vt 0.1817627102136612 0.42478233575820923 
vt 0.1817627102136612 0.6885040402412415 
vt 0.7918848991394043 0.41723698377609253 
vt 0.7132615447044373 0.41723698377609253 
vt 0.7918848991394043 0.24259892106056213 
vt 0.7132615447044373 0.24259892106056213 
vt 0.7132615447044373 0.41723698377609253 
vt 0.5820603370666504 0.8155578374862671 
vt 0.6608054041862488 0.8155578374862671 
vt 0.5820603370666504 0.8325956463813782 
vt 0.6608054041862488 0.8325956463813782 
vt 0.91140216588974 0.5287132859230042 
vt 0.91140216588974 0.575567364692688 
vt 0.9204085469245911 0.5287132859230042 
vt 0.9204085469245911 0.575567364692688 
vt 0.9294149875640869 0.5287132859230042 
vt 0.9294149875640869 0.575567364692688 
vt 0.91140216588974 0.6355649828910828 
vt 0.9204085469245911 0.6355649828910828 
vt 0.9294149875640869 0.6355649828910828 
vt 0.17129582166671753 0.1423189491033554 
vt 0.17823319137096405 0.13672079145908356 
vt 0.16228944063186646 0.1415887475013733 
vt 0.17312145233154297 0.12114331871271133 
vt 0.15729941427707672 0.12601128220558167 
vt 0.16423676908016205 0.12041312456130981 
vt 0.7108274102210999 0.8323522806167603 
vt 0.6767491698265076 0.8327173590660095 
vt 0.7116793394088745 0.9164462685585022 
vt 0.6777228116989136 0.9168114066123962 
vt 0.6608054041862488 0.9351879358291626 
vt 0.5820603370666504 0.9351879358291626 
vt 0.6608054041862488 0.9181500673294067 
vt 0.5820603370666504 0.9181500673294067 
vt 0.6608054041862488 0.9009904861450195 
vt 0.5820603370666504 0.9009904861450195 
vt 0.6608054041862488 0.8839526772499084 
vt 0.5820603370666504 0.8839526772499084 
vt 0.9294149875640869 0.5287132859230042 
vt 0.9294149875640869 0.575567364692688 
vt 0.938421368598938 0.5287132859230042 
vt 0.938421368598938 0.575567364692688 
vt 0.9294149875640869 0.6355649828910828 
vt 0.938421368598938 0.6355649828910828 
vt 0.11470160633325577 0.32523253560066223 
vt 0.10338276624679565 0.31208905577659607 
vt 0.11311940103769302 0.3422704041004181 
vt 0.08232727646827698 0.35176292061805725 
vt 0.09973152726888657 0.3532233238220215 
vt 0.07259064167737961 0.3217032849788666 
vt 0.08597852289676666 0.31062865257263184 
vt 0.33876603841781616 0.9381086826324463 
vt 0.27438250184059143 0.9381086826324463 
vt 0.33876603841781616 0.8311352729797363 
vt 0.27438250184059143 0.8311352729797363 
vt 0.6608054041862488 0.9523475170135498 
vt 0.6608054041862488 0.9351879358291626 
vt 0.5820603370666504 0.9523475170135498 
vt 0.5820603370666504 0.9351879358291626 
vt 0.08597852289676666 0.31062865257263184 
vt 0.10338276624679565 0.31208905577659607 
vt 0.07259064167737961 0.3217032849788666 
vt 0.08232727646827698 0.35176292061805725 
vt 0.07113014161586761 0.33874112367630005 
vt 0.11311940103769302 0.3422704041004181 
vt 0.09973152726888657 0.3532233238220215 
vt 0.5791393518447876 0.7184420228004456 
vt 0.5791393518447876 0.6962928175926208 
vt 0.5282654166221619 0.7184420228004456 
vt 0.5282654166221619 0.6962928175926208 
vt 0.5791393518447876 0.6766992807388306 
vt 0.5282654166221619 0.6766992807388306 
vt 0.5791393518447876 0.6571057438850403 
vt 0.5282654166221619 0.6571057438850403 
vt 0.5791393518447876 0.63751220703125 
vt 0.5282654166221619 0.63751220703125 
vt 0.5791393518447876 0.6179186105728149 
vt 0.5282654166221619 0.6179186105728149 
vt 0.5791393518447876 0.5983250737190247 
vt 0.5282654166221619 0.5983250737190247 
vt 0.5791393518447876 0.5787315368652344 
vt 0.5282654166221619 0.5787315368652344 
vt 0.5791393518447876 0.5591380000114441 
vt 0.5282654166221619 0.5591380000114441 
vt 0.5791393518447876 0.5394228100776672 
vt 0.5282654166221619 0.5394228100776672 
vt 0.5791393518447876 0.519829273223877 
vt 0.5282654166221619 0.519829273223877 
vt 0.5791393518447876 0.5002356767654419 
vt 0.5282654166221619 0.5002356767654419 
vt 0.5791393518447876 0.48149406909942627 
vt 0.5282654166221619 0.48149406909942627 
vt 0.09839273244142532 0.7337760925292969 
vt 0.10508667677640915 0.7415648102760315 
vt 0.09924469143152237 0.7235533595085144 
vt 0.12346458435058594 0.7358449697494507 
vt 0.11762259900569916 0.7179552316665649 
vt 0.12443824857473373 0.7257439494132996 
vt 0.1817627102136612 0.42478233575820923 
vt 0.15608233213424683 0.42478233575820923 
vt 0.1817627102136612 0.6885040402412415 
vt 0.15608233213424683 0.6885040402412415 
vt 0.9306320548057556 0.6886257529258728 
vt 0.9306320548057556 0.67621248960495 
vt 0.8515218496322632 0.6886257529258728 
vt 0.8515218496322632 0.67621248960495 
vt 0.9306320548057556 0.7133306264877319 
vt 0.9306320548057556 0.7009173631668091 
vt 0.8515218496322632 0.7133306264877319 
vt 0.8515218496322632 0.7009173631668091 
vt 0.9306320548057556 0.6886257529258728 
vt 0.8515218496322632 0.6886257529258728 
vt 0.9294149875640869 0.5287132859230042 
vt 0.938421368598938 0.5287132859230042 
vt 0.9294149875640869 0.5927269458770752 
vt 0.938421368598938 0.5927269458770752 
vt 0.938421368598938 0.6355649828910828 
vt 0.21511070430278778 0.42478233575820923 
vt 0.1894303262233734 0.42478233575820923 
vt 0.21511070430278778 0.6885040402412415 
vt 0.1894303262233734 0.6885040402412415 
vt 0.7943190932273865 0.22032800316810608 
vt 0.7842172980308533 0.2103486806154251 
vt 0.7943190932273865 0.0020000000949949026 
vt 0.7842172980308533 0.011979318223893642 
vt 0.5791393518447876 0.7184420228004456 
vt 0.5282654166221619 0.7184420228004456 
vt 0.5791393518447876 0.6962928175926208 
vt 0.5282654166221619 0.6962928175926208 
vt 0.5791393518447876 0.6766992807388306 
vt 0.5282654166221619 0.6766992807388306 
vt 0.5791393518447876 0.6571057438850403 
vt 0.5282654166221619 0.6571057438850403 
vt 0.5791393518447876 0.63751220703125 
vt 0.5282654166221619 0.63751220703125 
vt 0.5791393518447876 0.6179186105728149 
vt 0.5282654166221619 0.6179186105728149 
vt 0.5791393518447876 0.5983250737190247 
vt 0.5282654166221619 0.5983250737190247 
vt 0.5791393518447876 0.5787315368652344 
vt 0.5282654166221619 0.5787315368652344 
vt 0.5791393518447876 0.5591380000114441 
vt 0.5282654166221619 0.5591380000114441 
vt 0.5791393518447876 0.5394228100776672 
vt 0.5282654166221619 0.5394228100776672 
vt 0.5791393518447876 0.519829273223877 
vt 0.5282654166221619 0.519829273223877 
vt 0.5791393518447876 0.5002356767654419 
vt 0.5282654166221619 0.5002356767654419 
vt 0.5791393518447876 0.48149406909942627 
vt 0.5282654166221619 0.48149406909942627 
vt 0.8662484884262085 0.5287132859230042 
vt 0.8752549290657043 0.5287132859230042 
vt 0.8662484884262085 0.5927269458770752 
vt 0.8752549290657043 0.5927269458770752 
vt 0.8752549290657043 0.6355649828910828 
vt 0.8752549290657043 0.5287132859230042 
vt 0.8842613101005554 0.5287132859230042 
vt 0.8752549290657043 0.5927269458770752 
vt 0.8842613101005554 0.5927269458770752 
vt 0.8842613101005554 0.6355649828910828 
vt 0.8932676911354065 0.6355649828910828 
vt 0.8932676911354065 0.5287132859230042 
vt 0.8932676911354065 0.5927269458770752 
vt 0.9023957848548889 0.6355649828910828 
vt 0.9023957848548889 0.5287132859230042 
vt 0.9023957848548889 0.5927269458770752 
vt 0.2706095576286316 0.9631786942481995 
vt 0.342538982629776 0.9631786942481995 
vt 0.27438250184059143 0.9381086826324463 
vt 0.33876603841781616 0.9381086826324463 
vt 0.8661267757415771 0.4199143648147583 
vt 0.8661267757415771 0.43232765793800354 
vt 0.9406120777130127 0.4199143648147583 
vt 0.9406120777130127 0.43232765793800354 
vt 0.8661267757415771 0.4446192681789398 
vt 0.9406120777130127 0.4446192681789398 
vt 0.12821120023727417 0.05980702489614487 
vt 0.12821120023727417 0.052748482674360275 
vt 0.05384760722517967 0.05980702489614487 
vt 0.05384760722517967 0.052748482674360275 
vt 0.27438250184059143 0.9381086826324463 
vt 0.27438250184059143 0.8311352729797363 
vt 0.24870210886001587 0.9418813586235046 
vt 0.24870210886001587 0.8274843096733093 
vt 0.9406120777130127 0.3952094614505768 
vt 0.9406120777130127 0.3829178810119629 
vt 0.8661267757415771 0.3952094614505768 
vt 0.8661267757415771 0.3829178810119629 
vt 0.9406120777130127 0.4199143648147583 
vt 0.9406120777130127 0.407622754573822 
vt 0.8661267757415771 0.4199143648147583 
vt 0.8661267757415771 0.407622754573822 
vt 0.9406120777130127 0.3952094614505768 
vt 0.8661267757415771 0.3952094614505768 
vt 0.9406120777130127 0.3829178810119629 
vt 0.9406120777130127 0.37050455808639526 
vt 0.8661267757415771 0.3829178810119629 
vt 0.8661267757415771 0.37050455808639526 
vt 0.9406120777130127 0.46932417154312134 
vt 0.9406120777130127 0.45703256130218506 
vt 0.8661267757415771 0.46932417154312134 
vt 0.8661267757415771 0.45703256130218506 
vt 0.9406120777130127 0.4446192681789398 
vt 0.8661267757415771 0.4446192681789398 
vt 0.342538982629776 0.8060653209686279 
vt 0.2706095576286316 0.8060653209686279 
vt 0.33876603841781616 0.8311352729797363 
vt 0.27438250184059143 0.8311352729797363 
vt 0.91140216588974 0.5287132859230042 
vt 0.9204085469245911 0.5287132859230042 
vt 0.91140216588974 0.5927269458770752 
vt 0.9204085469245911 0.5927269458770752 
vt 0.9204085469245911 0.6355649828910828 
vt 0.9294149875640869 0.6355649828910828 
vt 0.9294149875640869 0.5287132859230042 
vt 0.9294149875640869 0.5927269458770752 
vt 0.9023957848548889 0.5287132859230042 
vt 0.91140216588974 0.5287132859230042 
vt 0.9023957848548889 0.5927269458770752 
vt 0.91140216588974 0.5927269458770752 
vt 0.91140216588974 0.6355649828910828 
vt 0.12821120023727417 0.10252337157726288 
vt 0.12821120023727417 0.09534313529729843 
vt 0.05384760722517967 0.10252337157726288 
vt 0.05384760722517967 0.09534313529729843 
vt 0.17129582166671753 0.1423189491033554 
vt 0.16228944063186646 0.1415887475013733 
vt 0.17823319137096405 0.13672079145908356 
vt 0.17312145233154297 0.12114331871271133 
vt 0.17896343767642975 0.12795846164226532 
vt 0.15729941427707672 0.12601128220558167 
vt 0.15644745528697968 0.13489530980587006 
vt 0.8022301197052002 0.5367454290390015 
vt 0.8118450045585632 0.5287132859230042 
vt 0.7895724773406982 0.5356501340866089 
vt 0.804785966873169 0.5069291591644287 
vt 0.7825133800506592 0.5138660073280334 
vt 0.7922500371932983 0.5059555768966675 
vt 0.12821120023727417 0.06698726862668991 
vt 0.12821120023727417 0.05980702489614487 
vt 0.05384760722517967 0.06698726862668991 
vt 0.05384760722517967 0.05980702489614487 
vt 0.9058036208152771 0.739861011505127 
vt 0.9148100018501282 0.739861011505127 
vt 0.9058036208152771 0.8145841956138611 
vt 0.9148100018501282 0.8145841956138611 
vt 0.9148100018501282 0.8467127680778503 
vt 0.9238163828849792 0.8467127680778503 
vt 0.9238163828849792 0.739861011505127 
vt 0.9238163828849792 0.8145841956138611 
vt 0.05384760722517967 0.10252337157726288 
vt 0.05384760722517967 0.10958191752433777 
vt 0.12821120023727417 0.10252337157726288 
vt 0.12821120023727417 0.10958191752433777 
vt 0.8515218496322632 0.739861011505127 
vt 0.8605282306671143 0.739861011505127 
vt 0.8515218496322632 0.8145841956138611 
vt 0.8605282306671143 0.8145841956138611 
vt 0.8605282306671143 0.8467127680778503 
vt 0.09644541144371033 0.7199023962020874 
vt 0.09644541144371033 0.7270826697349548 
vt 0.04618000239133835 0.7199023962020874 
vt 0.04618000239133835 0.7270826697349548 
vt 0.02208182029426098 0.7270826697349548 
vt 0.02208182029426098 0.7341411709785461 
vt 0.09644541144371033 0.7341411709785461 
vt 0.04618000239133835 0.7341411709785461 
vt 0.02208182029426098 0.7413214445114136 
vt 0.09644541144371033 0.7413214445114136 
vt 0.04618000239133835 0.7413214445114136 
vt 0.05384760722517967 0.06698726862668991 
vt 0.05384760722517967 0.0740458071231842 
vt 0.12821120023727417 0.06698726862668991 
vt 0.12821120023727417 0.0740458071231842 
vt 0.05384760722517967 0.08122605085372925 
vt 0.12821120023727417 0.08122605085372925 
vt 0.05384760722517967 0.08828458935022354 
vt 0.12821120023727417 0.08828458935022354 
vt 0.05384760722517967 0.09534313529729843 
vt 0.12821120023727417 0.09534313529729843 
vt 0.8803666234016418 0.2486838698387146 
vt 0.875741720199585 0.2432074248790741 
vt 0.8797581195831299 0.2557424008846283 
vt 0.8668570518493652 0.25975847244262695 
vt 0.8741595149040222 0.2603669762611389 
vt 0.8628407120704651 0.24722348153591156 
vt 0.868439257144928 0.24259892106056213 
vt 0.45950037240982056 0.9174198508262634 
vt 0.3799033463001251 0.9174198508262634 
vt 0.45950037240982056 0.7429035305976868 
vt 0.3799033463001251 0.7429035305976868 
vt 0.3799033463001251 0.9174198508262634 
vt 0.14500689506530762 0.43415313959121704 
vt 0.14452007412910461 0.6741435527801514 
vt 0.011980055831372738 0.43390974402427673 
vt 0.01149322371929884 0.6739001870155334 
vt 0.13648733496665955 0.6819323301315308 
vt 0.019404243677854538 0.6816889047622681 
vt 0.01124980766326189 0.7598196864128113 
vt 0.019282536581158638 0.7520309090614319 
vt 0.14427664875984192 0.7600630521774292 
vt 0.1363656371831894 0.7522743344306946 
vt 0.8876690864562988 0.739861011505127 
vt 0.8966755270957947 0.739861011505127 
vt 0.8876690864562988 0.8145841956138611 
vt 0.8966755270957947 0.8145841956138611 
vt 0.8966755270957947 0.8467127680778503 
vt 0.9058036208152771 0.8467127680778503 
vt 0.9058036208152771 0.739861011505127 
vt 0.9058036208152771 0.8145841956138611 
vt 0.0020000000949949026 0.0223237331956625 
vt 0.022812068462371826 0.0223237331956625 
vt 0.0020000000949949026 0.40263310074806213 
vt 0.022812068462371826 0.40263310074806213 
vt 0.1378261297941208 0.052748482674360275 
vt 0.14683252573013306 0.053478676825761795 
vt 0.13088877499103546 0.05846833437681198 
vt 0.13600051403045654 0.07392410933971405 
vt 0.13015852868556976 0.06723066419363022 
vt 0.1518225520849228 0.06905614584684372 
vt 0.14500689506530762 0.07477600127458572 
vt 0.09644541144371033 0.70578533411026 
vt 0.05798567831516266 0.70578533411026 
vt 0.09644541144371033 0.7128438353538513 
vt 0.05798567831516266 0.7128438353538513 
vt 0.05798567831516266 0.7199023962020874 
vt 0.02208182029426098 0.7199023962020874 
vt 0.02208182029426098 0.70578533411026 
vt 0.02208182029426098 0.7128438353538513 
vt 0.1542567014694214 0.43415313959121704 
vt 0.15376988053321838 0.6742652654647827 
vt 0.14500689506530762 0.43415313959121704 
vt 0.14452007412910461 0.6741435527801514 
vt 0.1535264551639557 0.7600630521774292 
vt 0.14427664875984192 0.7600630521774292 
vt 0.9638583064079285 0.24259892106056213 
vt 0.9582597613334656 0.24722348153591156 
vt 0.9711608290672302 0.2432074248790741 
vt 0.9623978137969971 0.25975847244262695 
vt 0.9751771688461304 0.2557424008846283 
vt 0.9695786237716675 0.2603669762611389 
vt 0.4024193286895752 0.7189288139343262 
vt 0.4024193286895752 0.5035215616226196 
vt 0.5038020610809326 0.7189288139343262 
vt 0.5038020610809326 0.5035215616226196 
vt 0.729205310344696 0.6392159461975098 
vt 0.7811746001243591 0.6392159461975098 
vt 0.729205310344696 0.6689105033874512 
vt 0.7811746001243591 0.6689105033874512 
vt 0.729205310344696 0.6987267732620239 
vt 0.7811746001243591 0.6987267732620239 
vt 0.729205310344696 0.7285430431365967 
vt 0.7811746001243591 0.7285430431365967 
vt 0.729205310344696 0.7582376003265381 
vt 0.7811746001243591 0.7582376003265381 
vt 0.729205310344696 0.7880538702011108 
vt 0.7811746001243591 0.7880538702011108 
vt 0.729205310344696 0.8178700804710388 
vt 0.7811746001243591 0.8178700804710388 
vt 0.729205310344696 0.8476863503456116 
vt 0.7811746001243591 0.8476863503456116 
vt 0.729205310344696 0.877380907535553 
vt 0.7811746001243591 0.877380907535553 
vt 0.729205310344696 0.9071971774101257 
vt 0.7811746001243591 0.9071971774101257 
vt 0.729205310344696 0.9370133876800537 
vt 0.7811746001243591 0.9370133876800537 
vt 0.729205310344696 0.9668296575546265 
vt 0.7811746001243591 0.9668296575546265 
vt 0.729205310344696 0.9965242147445679 
vt 0.7811746001243591 0.9965242147445679 
vt 0.8515218496322632 0.6392159461975098 
vt 0.8515218496322632 0.651507556438446 
vt 0.9306320548057556 0.6392159461975098 
vt 0.9306320548057556 0.651507556438446 
vt 0.5038020610809326 0.7189288139343262 
vt 0.5038020610809326 0.7409563064575195 
vt 0.4024193286895752 0.7189288139343262 
vt 0.4024193286895752 0.7409563064575195 
vt 0.8515218496322632 0.7133306264877319 
vt 0.8515218496322632 0.7256222367286682 
vt 0.9306320548057556 0.7133306264877319 
vt 0.9306320548057556 0.7256222367286682 
vt 0.8515218496322632 0.7380355596542358 
vt 0.9306320548057556 0.7380355596542358 
vt 0.4024193286895752 0.7189288139343262 
vt 0.3799033463001251 0.7189288139343262 
vt 0.4024193286895752 0.5035215616226196 
vt 0.3799033463001251 0.5035215616226196 
vt 0.4024193286895752 0.5035215616226196 
vt 0.4024193286895752 0.48149406909942627 
vt 0.5038020610809326 0.5035215616226196 
vt 0.5038020610809326 0.48149406909942627 
vt 0.5264397859573364 0.7189288139343262 
vt 0.5038020610809326 0.7189288139343262 
vt 0.5264397859573364 0.5035215616226196 
vt 0.5038020610809326 0.5035215616226196 
vt 0.09839273244142532 0.7046900391578674 
vt 0.10654716938734055 0.7141825556755066 
vt 0.09948810935020447 0.6923984289169312 
vt 0.12881973385810852 0.7072457075119019 
vt 0.12176067382097244 0.6854615807533264 
vt 0.12991510331630707 0.6949540972709656 
vt 0.02208182029426098 0.7199023962020874 
vt 0.02208182029426098 0.7270826697349548 
vt 0.05798567831516266 0.7199023962020874 
vt 0.05798567831516266 0.7270826697349548 
vt 0.09644541144371033 0.7199023962020874 
vt 0.09644541144371033 0.7270826697349548 
vt 0.02208182029426098 0.7341411709785461 
vt 0.05798567831516266 0.7341411709785461 
vt 0.09644541144371033 0.7341411709785461 
vt 0.02208182029426098 0.7413214445114136 
vt 0.05798567831516266 0.7413214445114136 
vt 0.09644541144371033 0.7413214445114136 
vt 0.12821120023727417 0.05980702489614487 
vt 0.10143543779850006 0.05980702489614487 
vt 0.12821120023727417 0.052748482674360275 
vt 0.10143543779850006 0.052748482674360275 
vt 0.05384760722517967 0.052748482674360275 
vt 0.05384760722517967 0.05980702489614487 
vt 0.02208182029426098 0.6915465593338013 
vt 0.04618000239133835 0.6915465593338013 
vt 0.02208182029426098 0.6986050605773926 
vt 0.04618000239133835 0.6986050605773926 
vt 0.09644541144371033 0.6986050605773926 
vt 0.09644541144371033 0.6915465593338013 
vt 0.2259427160024643 0.0223237331956625 
vt 0.2259427160024643 0.40263310074806213 
vt 0.24675479531288147 0.0223237331956625 
vt 0.24675479531288147 0.40263310074806213 
vt 0.022812068462371826 0.40263310074806213 
vt 0.022812068462371826 0.0223237331956625 
vt 0.0020000000949949026 0.40263310074806213 
vt 0.0020000000949949026 0.0223237331956625 
vt 0.24870210886001587 0.4139511287212372 
vt 0.24870210886001587 0.7942605018615723 
vt 0.25892558693885803 0.403971791267395 
vt 0.25892558693885803 0.804239809513092 
vt 0.7842172980308533 0.011979318223893642 
vt 0.7842172980308533 0.2103486806154251 
vt 0.7943190932273865 0.0020000000949949026 
vt 0.7943190932273865 0.22032800316810608 
vt 0.701212465763092 0.24259892106056213 
vt 0.701212465763092 0.46092692017555237 
vt 0.7113142013549805 0.2525782287120819 
vt 0.7113142013549805 0.4509476125240326 
vt 0.37795600295066833 0.3922886848449707 
vt 0.37795600295066833 0.011979318223893642 
vt 0.3678542375564575 0.4021463096141815 
vt 0.3678542375564575 0.0020000000949949026 
vt 0.180789053440094 0.9988365173339844 
vt 0.180789053440094 0.9777826070785522 
vt 0.0020000000949949026 0.9988365173339844 
vt 0.0020000000949949026 0.9777826070785522 
vt 0.180789053440094 0.9777826070785522 
vt 0.022812068462371826 0.0223237331956625 
vt 0.2259427160024643 0.0223237331956625 
vt 0.022812068462371826 0.0020000000949949026 
vt 0.2259427160024643 0.0020000000949949026 
vt 0.5585706830024719 0.45861464738845825 
vt 0.5585706830024719 0.35979506373405457 
vt 0.3799033463001251 0.45861464738845825 
vt 0.3799033463001251 0.35979506373405457 
vt 0.5585706830024719 0.35979506373405457 
vt 0.5585706830024719 0.12187351286411285 
vt 0.5585706830024719 0.023053927347064018 
vt 0.3799033463001251 0.12187351286411285 
vt 0.3799033463001251 0.023053927347064018 
vt 0.5585706830024719 0.023053927347064018 
vt 0.701212465763092 0.46092692017555237 
vt 0.701212465763092 0.24259892106056213 
vt 0.5820603370666504 0.46092692017555237 
vt 0.5820603370666504 0.24259892106056213 
vt 0.701212465763092 0.24259892106056213 
vt 0.7943190932273865 0.0020000000949949026 
vt 0.7943190932273865 0.22032800316810608 
vt 0.9134712219238281 0.0020000000949949026 
vt 0.9134712219238281 0.22032800316810608 
vt 0.7943190932273865 0.22032800316810608 
vt 0.9782198667526245 0.2653566300868988 
vt 0.9548519253730774 0.2653566300868988 
vt 0.9782198667526245 0.36661019921302795 
vt 0.9548519253730774 0.36661019921302795 
vt 0.9548519253730774 0.2653566300868988 
vt 0.7105839848518372 0.8155578374862671 
vt 0.6766274571418762 0.8159229159355164 
vt 0.7108274102210999 0.8323522806167603 
vt 0.6767491698265076 0.8327173590660095 
vt 0.11652722954750061 0.3274231255054474 
vt 0.12322116643190384 0.3352118730545044 
vt 0.11750089377164841 0.3172004222869873 
vt 0.1358788013458252 0.3114805519580841 
vt 0.12541191279888153 0.31062865257263184 
vt 0.14172078669071198 0.3294920027256012 
vt 0.14257274568080902 0.3193909823894501 
vt 0.9548519253730774 0.2653566300868988 
vt 0.9548519253730774 0.36661019921302795 
vt 0.8854783773422241 0.2653566300868988 
vt 0.8854783773422241 0.36661019921302795 
vt 0.8854783773422241 0.2653566300868988 
vt 0.9548519253730774 0.2653566300868988 
vt 0.7922500371932983 0.5059555768966675 
vt 0.804785966873169 0.5069291591644287 
vt 0.7825133800506592 0.5138660073280334 
vt 0.7895724773406982 0.5356501340866089 
vt 0.7814180254936218 0.5261576175689697 
vt 0.8118450045585632 0.5287132859230042 
vt 0.8022301197052002 0.5367454290390015 
vt 0.7257974743843079 0.9270340800285339 
vt 0.7116793394088745 0.9164462685585022 
vt 0.7245804071426392 0.8223729729652405 
vt 0.7108274102210999 0.8323522806167603 
vt 0.14427664875984192 0.7600630521774292 
vt 0.01124980766326189 0.7598196864128113 
vt 0.14427664875984192 0.7690687775611877 
vt 0.01124980766326189 0.7688254117965698 
vt 0.7108274102210999 0.8323522806167603 
vt 0.7116793394088745 0.9164462685585022 
vt 0.6767491698265076 0.8327173590660095 
vt 0.6777228116989136 0.9168114066123962 
vt 0.11652722954750061 0.3274231255054474 
vt 0.11750089377164841 0.3172004222869873 
vt 0.12322116643190384 0.3352118730545044 
vt 0.1358788013458252 0.3114805519580841 
vt 0.14172078669071198 0.3294920027256012 
vt 0.14257274568080902 0.3193909823894501 
vt 0.4024193286895752 0.7189288139343262 
vt 0.5038020610809326 0.7189288139343262 
vt 0.4024193286895752 0.5035215616226196 
vt 0.5038020610809326 0.5035215616226196 
vt 0.1378261297941208 0.052748482674360275 
vt 0.13088877499103546 0.05846833437681198 
vt 0.14683252573013306 0.053478676825761795 
vt 0.13600051403045654 0.07392410933971405 
vt 0.1518225520849228 0.06905614584684372 
vt 0.14500689506530762 0.07477600127458572 
vt 0.9406120777130127 0.3829178810119629 
vt 0.8661267757415771 0.3829178810119629 
vt 0.9406120777130127 0.37050455808639526 
vt 0.8661267757415771 0.37050455808639526 
vt 0.7607276439666748 0.11092060804367065 
vt 0.7607276439666748 0.023053927347064018 
vt 0.5820603370666504 0.11092060804367065 
vt 0.5820603370666504 0.023053927347064018 
vt 0.7607276439666748 0.023053927347064018 
vt 0.9406120777130127 0.3952094614505768 
vt 0.8661267757415771 0.3952094614505768 
vt 0.9406120777130127 0.3829178810119629 
vt 0.8661267757415771 0.3829178810119629 
vt 0.342538982629776 0.8060653209686279 
vt 0.33876603841781616 0.8311352729797363 
vt 0.2706095576286316 0.8060653209686279 
vt 0.27438250184059143 0.8311352729797363 
vt 0.8752549290657043 0.5287132859230042 
vt 0.8752549290657043 0.575567364692688 
vt 0.8842613101005554 0.5287132859230042 
vt 0.8842613101005554 0.575567364692688 
vt 0.8932676911354065 0.5287132859230042 
vt 0.8932676911354065 0.575567364692688 
vt 0.9023957848548889 0.5287132859230042 
vt 0.9023957848548889 0.575567364692688 
vt 0.8752549290657043 0.6355649828910828 
vt 0.8842613101005554 0.6355649828910828 
vt 0.8932676911354065 0.6355649828910828 
vt 0.9023957848548889 0.6355649828910828 
vt 0.8876690864562988 0.739861011505127 
vt 0.8876690864562988 0.7996152639389038 
vt 0.8966755270957947 0.739861011505127 
vt 0.8966755270957947 0.7996152639389038 
vt 0.9058036208152771 0.739861011505127 
vt 0.9058036208152771 0.7996152639389038 
vt 0.8876690864562988 0.8467127680778503 
vt 0.8966755270957947 0.8467127680778503 
vt 0.9058036208152771 0.8467127680778503 
vt 0.09839273244142532 0.7337760925292969 
vt 0.09924469143152237 0.7235533595085144 
vt 0.10508667677640915 0.7415648102760315 
vt 0.12346458435058594 0.7358449697494507 
vt 0.11555356532335281 0.7424167394638062 
vt 0.11762259900569916 0.7179552316665649 
vt 0.10727742314338684 0.7169816493988037 
vt 0.5820603370666504 0.8839526772499084 
vt 0.5820603370666504 0.9009904861450195 
vt 0.6608054041862488 0.8839526772499084 
vt 0.6608054041862488 0.9009904861450195 
vt 0.5820603370666504 0.9181500673294067 
vt 0.6608054041862488 0.9181500673294067 
vt 0.5820603370666504 0.9351879358291626 
vt 0.6608054041862488 0.9351879358291626 
vt 0.6608054041862488 0.8325956463813782 
vt 0.6608054041862488 0.8155578374862671 
vt 0.5820603370666504 0.8325956463813782 
vt 0.5820603370666504 0.8155578374862671 
vt 0.5585706830024719 0.35979506373405457 
vt 0.5585706830024719 0.26365286111831665 
vt 0.3799033463001251 0.35979506373405457 
vt 0.3799033463001251 0.26365286111831665 
vt 0.5585706830024719 0.26365286111831665 
vt 0.3678542375564575 0.4021463096141815 
vt 0.24870210886001587 0.4021463096141815 
vt 0.3678542375564575 0.0020000000949949026 
vt 0.24870210886001587 0.0020000000949949026 
vt 0.3678542375564575 0.0020000000949949026 
vt 0.3678542375564575 0.4021463096141815 
vt 0.5585706830024719 0.24077343940734863 
vt 0.5585706830024719 0.2197195142507553 
vt 0.3799033463001251 0.24077343940734863 
vt 0.3799033463001251 0.2197195142507553 
vt 0.5585706830024719 0.2197195142507553 
vt 0.7105839848518372 0.8155578374862671 
vt 0.7108274102210999 0.8323522806167603 
vt 0.6766274571418762 0.8159229159355164 
vt 0.6767491698265076 0.8327173590660095 
vt 0.3886663019657135 0.9747400879859924 
vt 0.3799033463001251 0.9597711563110352 
vt 0.4038798213005066 0.9832590222358704 
vt 0.43661928176879883 0.9747400879859924 
vt 0.42140576243400574 0.9832590222358704 
vt 0.4215274751186371 0.9192453622817993 
vt 0.3886663019657135 0.9277642965316772 
vt 0.4038798213005066 0.9192453622817993 
vt 0.44550395011901855 0.9427332878112793 
vt 0.4367409646511078 0.9278860092163086 
vt 0.21511070430278778 0.6885040402412415 
vt 0.2227783054113388 0.6885040402412415 
vt 0.21511070430278778 0.42478233575820923 
vt 0.2227783054113388 0.42478233575820923 
vt 0.3644464313983917 0.9418813586235046 
vt 0.33876603841781616 0.9381086826324463 
vt 0.3644464313983917 0.8274843096733093 
vt 0.33876603841781616 0.8311352729797363 
vt 0.2706095576286316 0.9631786942481995 
vt 0.27438250184059143 0.9381086826324463 
vt 0.342538982629776 0.9631786942481995 
vt 0.33876603841781616 0.9381086826324463 
vt 0.5820603370666504 0.8325956463813782 
vt 0.5820603370666504 0.8497552275657654 
vt 0.6608054041862488 0.8325956463813782 
vt 0.6608054041862488 0.8497552275657654 
vt 0.5820603370666504 0.8667930960655212 
vt 0.6608054041862488 0.8667930960655212 
vt 0.5820603370666504 0.8839526772499084 
vt 0.6608054041862488 0.8839526772499084 
vt 0.7108274102210999 0.8323522806167603 
vt 0.7116793394088745 0.9164462685585022 
vt 0.7245804071426392 0.8223729729652405 
vt 0.7257974743843079 0.9270340800285339 
vt 0.24870210886001587 0.8274843096733093 
vt 0.27438250184059143 0.8311352729797363 
vt 0.24870210886001587 0.9418813586235046 
vt 0.27438250184059143 0.9381086826324463 
vt 0.6608054041862488 0.9523475170135498 
vt 0.5820603370666504 0.9523475170135498 
vt 0.6608054041862488 0.9351879358291626 
vt 0.5820603370666504 0.9351879358291626 
vt 0.1817627102136612 0.6885040402412415 
vt 0.1894303262233734 0.6885040402412415 
vt 0.1817627102136612 0.42478233575820923 
vt 0.1894303262233734 0.42478233575820923 
vt 0.7830002307891846 0.9028159976005554 
vt 0.8085589408874512 0.9028159976005554 
vt 0.7830002307891846 0.6392159461975098 
vt 0.8085589408874512 0.6392159461975098 
vt 0.7116793394088745 0.9164462685585022 
vt 0.6777228116989136 0.9168114066123962 
vt 0.7119227647781372 0.9338492155075073 
vt 0.6779662370681763 0.9342143535614014 
vt 0.5820603370666504 0.6392159461975098 
vt 0.658858060836792 0.6392159461975098 
vt 0.5820603370666504 0.8137323260307312 
vt 0.658858060836792 0.8137323260307312 
vt 0.658858060836792 0.6392159461975098 
vt 0.6779662370681763 0.9342143535614014 
vt 0.6777228116989136 0.9168114066123962 
vt 0.7119227647781372 0.9338492155075073 
vt 0.7116793394088745 0.9164462685585022 
vt 0.9058036208152771 0.739861011505127 
vt 0.9058036208152771 0.7996152639389038 
vt 0.9148100018501282 0.739861011505127 
vt 0.9148100018501282 0.7996152639389038 
vt 0.9238163828849792 0.739861011505127 
vt 0.9238163828849792 0.7996152639389038 
vt 0.9058036208152771 0.8467127680778503 
vt 0.9148100018501282 0.8467127680778503 
vt 0.9238163828849792 0.8467127680778503 
vt 0.2259427160024643 0.0020000000949949026 
vt 0.2259427160024643 0.0223237331956625 
vt 0.022812068462371826 0.0020000000949949026 
vt 0.022812068462371826 0.0223237331956625 
vt 0.9406120777130127 0.46932417154312134 
vt 0.8661267757415771 0.46932417154312134 
vt 0.9406120777130127 0.45703256130218506 
vt 0.8661267757415771 0.45703256130218506 
vt 0.9406120777130127 0.4446192681789398 
vt 0.8661267757415771 0.4446192681789398 
vt 0.20233136415481567 0.9777826070785522 
vt 0.180789053440094 0.9777826070785522 
vt 0.20233136415481567 0.9109698534011841 
vt 0.180789053440094 0.8899158835411072 
vt 0.8163482546806335 0.9028159976005554 
vt 0.8419069051742554 0.9028159976005554 
vt 0.8163482546806335 0.6392159461975098 
vt 0.8419069051742554 0.6392159461975098 
vt 0.8661267757415771 0.4199143648147583 
vt 0.9406120777130127 0.4199143648147583 
vt 0.8661267757415771 0.43232765793800354 
vt 0.9406120777130127 0.43232765793800354 
vt 0.8661267757415771 0.4446192681789398 
vt 0.9406120777130127 0.4446192681789398 
vt 0.7607276439666748 0.20706281065940857 
vt 0.7607276439666748 0.11092060804367065 
vt 0.5820603370666504 0.20706281065940857 
vt 0.5820603370666504 0.11092060804367065 
vt 0.7607276439666748 0.11092060804367065 
vt 0.6627527475357056 0.823103129863739 
vt 0.6767491698265076 0.8327173590660095 
vt 0.6638481020927429 0.9276425838470459 
vt 0.6777228116989136 0.9168114066123962 
vt 0.8622321486473083 0.25428202748298645 
vt 0.8628407120704651 0.24722348153591156 
vt 0.8668570518493652 0.25975847244262695 
vt 0.875741720199585 0.2432074248790741 
vt 0.8797581195831299 0.2557424008846283 
vt 0.8803666234016418 0.2486838698387146 
vt 0.180789053440094 0.8899158835411072 
vt 0.0020000000949949026 0.8899158835411072 
vt 0.180789053440094 0.7919481992721558 
vt 0.0020000000949949026 0.7919481992721558 
vt 0.180789053440094 0.7919481992721558 
vt 0.180789053440094 0.8899158835411072 
vt 0.9306320548057556 0.6886257529258728 
vt 0.8515218496322632 0.6886257529258728 
vt 0.9306320548057556 0.67621248960495 
vt 0.8515218496322632 0.67621248960495 
vt 0.8163482546806335 0.6392159461975098 
vt 0.8085589408874512 0.6392159461975098 
vt 0.8163482546806335 0.9028159976005554 
vt 0.8085589408874512 0.9028159976005554 
vt 0.14500689506530762 0.43415313959121704 
vt 0.011980055831372738 0.43390974402427673 
vt 0.14452007412910461 0.6741435527801514 
vt 0.01149322371929884 0.6739001870155334 
vt 0.13648733496665955 0.6819323301315308 
vt 0.019404243677854538 0.6816889047622681 
vt 0.01124980766326189 0.7598196864128113 
vt 0.019282536581158638 0.7520309090614319 
vt 0.14427664875984192 0.7600630521774292 
vt 0.1363656371831894 0.7522743344306946 
vt 0.8496962189674377 0.6392159461975098 
vt 0.8419069051742554 0.6392159461975098 
vt 0.8496962189674377 0.9028159976005554 
vt 0.8419069051742554 0.9028159976005554 
vt 0.20233136415481567 0.868861973285675 
vt 0.20233136415481567 0.7919481992721558 
vt 0.180789053440094 0.7919481992721558 
vt 0.25892558693885803 0.403971791267395 
vt 0.25892558693885803 0.804239809513092 
vt 0.37795600295066833 0.403971791267395 
vt 0.37795600295066833 0.804239809513092 
vt 0.25892558693885803 0.804239809513092 
vt 0.5585706830024719 0.2197195142507553 
vt 0.5585706830024719 0.12187351286411285 
vt 0.3799033463001251 0.2197195142507553 
vt 0.3799033463001251 0.12187351286411285 
vt 0.5585706830024719 0.12187351286411285 
vt 0.09644541144371033 0.6843662858009338 
vt 0.09644541144371033 0.6915465593338013 
vt 0.04618000239133835 0.6843662858009338 
vt 0.04618000239133835 0.6915465593338013 
vt 0.02208182029426098 0.6915465593338013 
vt 0.12821120023727417 0.09534313529729843 
vt 0.10143543779850006 0.09534313529729843 
vt 0.12821120023727417 0.08828458935022354 
vt 0.10143543779850006 0.08828458935022354 
vt 0.12821120023727417 0.08122605085372925 
vt 0.10143543779850006 0.08122605085372925 
vt 0.12821120023727417 0.0740458071231842 
vt 0.10143543779850006 0.0740458071231842 
vt 0.12821120023727417 0.06698726862668991 
vt 0.10143543779850006 0.06698726862668991 
vt 0.05384760722517967 0.08828458935022354 
vt 0.05384760722517967 0.08122605085372925 
vt 0.05384760722517967 0.0740458071231842 
vt 0.05384760722517967 0.06698726862668991 
vt 0.658858060836792 0.6392159461975098 
vt 0.7272579669952393 0.6392159461975098 
vt 0.658858060836792 0.8137323260307312 
vt 0.7272579669952393 0.8137323260307312 
vt 0.7272579669952393 0.6392159461975098 
vt 0.21511070430278778 0.6885040402412415 
vt 0.21511070430278778 0.42478233575820923 
vt 0.2227783054113388 0.6885040402412415 
vt 0.2227783054113388 0.42478233575820923 
vt 0.7607276439666748 0.2281167358160019 
vt 0.5820603370666504 0.2281167358160019 
vt 0.7607276439666748 0.20706281065940857 
vt 0.5820603370666504 0.20706281065940857 
vt 0.7607276439666748 0.20706281065940857 
vt 0.7607276439666748 0.2281167358160019 
vt 0.5585706830024719 0.47966858744621277 
vt 0.3799033463001251 0.47966858744621277 
vt 0.5585706830024719 0.45861464738845825 
vt 0.3799033463001251 0.45861464738845825 
vt 0.5585706830024719 0.45861464738845825 
vt 0.5585706830024719 0.47966858744621277 
vt 0.8854783773422241 0.24259892106056213 
vt 0.8854783773422241 0.2653566300868988 
vt 0.9548519253730774 0.24259892106056213 
vt 0.9548519253730774 0.2653566300868988 
vt 0.1542567014694214 0.43415313959121704 
vt 0.14500689506530762 0.43415313959121704 
vt 0.15376988053321838 0.6742652654647827 
vt 0.14452007412910461 0.6741435527801514 
vt 0.1535264551639557 0.7600630521774292 
vt 0.14427664875984192 0.7600630521774292 
vt 0.9306320548057556 0.67621248960495 
vt 0.9306320548057556 0.6639208793640137 
vt 0.8515218496322632 0.67621248960495 
vt 0.8515218496322632 0.6639208793640137 
vt 0.9306320548057556 0.651507556438446 
vt 0.8515218496322632 0.651507556438446 
vt 0.5585706830024719 0.2197195142507553 
vt 0.5801129937171936 0.14292743802070618 
vt 0.5801129937171936 0.2197195142507553 
vt 0.14427664875984192 0.7600630521774292 
vt 0.14427664875984192 0.7690687775611877 
vt 0.01124980766326189 0.7598196864128113 
vt 0.01124980766326189 0.7688254117965698 
vt 0.12821120023727417 0.06698726862668991 
vt 0.10143543779850006 0.06698726862668991 
vt 0.12821120023727417 0.05980702489614487 
vt 0.10143543779850006 0.05980702489614487 
vt 0.05384760722517967 0.05980702489614487 
vt 0.05384760722517967 0.06698726862668991 
vt 0.05384760722517967 0.10958191752433777 
vt 0.05384760722517967 0.10252337157726288 
vt 0.10143543779850006 0.10958191752433777 
vt 0.10143543779850006 0.10252337157726288 
vt 0.12821120023727417 0.10252337157726288 
vt 0.33876603841781616 0.8311352729797363 
vt 0.33876603841781616 0.9381086826324463 
vt 0.3644464313983917 0.8274843096733093 
vt 0.3644464313983917 0.9418813586235046 
vt 0.05384760722517967 0.10252337157726288 
vt 0.05384760722517967 0.09534313529729843 
vt 0.10143543779850006 0.10252337157726288 
vt 0.10143543779850006 0.09534313529729843 
vt 0.12821120023727417 0.09534313529729843 
vt 0.7822700142860413 0.08986667543649673 
vt 0.7822700142860413 0.023053927347064018 
vt 0.7607276439666748 0.023053927347064018 
vt 0.07113014161586761 0.2776482403278351 
vt 0.07113014161586761 0.12041312456130981 
vt 0.08147532492876053 0.2776482403278351 
vt 0.08147532492876053 0.12041312456130981 
vt 0.0919422134757042 0.2776482403278351 
vt 0.0919422134757042 0.12041312456130981 
vt 0.10240910202264786 0.2776482403278351 
vt 0.10240910202264786 0.12041312456130981 
vt 0.11287599056959152 0.2776482403278351 
vt 0.11287599056959152 0.12041312456130981 
vt 0.12322116643190384 0.2776482403278351 
vt 0.12322116643190384 0.12041312456130981 
vt 0.1336880624294281 0.2776482403278351 
vt 0.1336880624294281 0.12041312456130981 
vt 0.14415495097637177 0.2776482403278351 
vt 0.14415495097637177 0.12041312456130981 
vt 0.15462182462215424 0.2776482403278351 
vt 0.15462182462215424 0.12041312456130981 
vt 0.08147532492876053 0.2776482403278351 
vt 0.0919422134757042 0.2776482403278351 
vt 0.10240910202264786 0.2776482403278351 
vt 0.11287599056959152 0.2776482403278351 
vt 0.12322116643190384 0.2776482403278351 
vt 0.1336880624294281 0.2776482403278351 
vt 0.14415495097637177 0.2776482403278351 
vt 0.15462182462215424 0.2776482403278351 
vt 0.33876603841781616 0.9381086826324463 
vt 0.33876603841781616 0.8311352729797363 
vt 0.27438250184059143 0.9381086826324463 
vt 0.27438250184059143 0.8311352729797363 
vt 0.8605282306671143 0.8467127680778503 
vt 0.8605282306671143 0.8145841956138611 
vt 0.8696563243865967 0.8467127680778503 
vt 0.8696563243865967 0.8145841956138611 
vt 0.8786627054214478 0.8467127680778503 
vt 0.8786627054214478 0.8145841956138611 
vt 0.8876690864562988 0.8467127680778503 
vt 0.8876690864562988 0.8145841956138611 
vt 0.8696563243865967 0.739861011505127 
vt 0.8786627054214478 0.739861011505127 
vt 0.8876690864562988 0.739861011505127 
vt 0.180789053440094 0.9777826070785522 
vt 0.180789053440094 0.8899158835411072 
vt 0.0020000000949949026 0.9777826070785522 
vt 0.0020000000949949026 0.8899158835411072 
vt 0.180789053440094 0.8899158835411072 
vt 0.7607276439666748 0.023053927347064018 
vt 0.7822700142860413 0.023053927347064018 
vt 0.7822700142860413 0.08986667543649673 
vt 0.8661267757415771 0.3952094614505768 
vt 0.9406120777130127 0.3952094614505768 
vt 0.8661267757415771 0.407622754573822 
vt 0.9406120777130127 0.407622754573822 
vt 0.8661267757415771 0.4199143648147583 
vt 0.9406120777130127 0.4199143648147583 
vt 0.8854783773422241 0.24259892106056213 
vt 0.9548519253730774 0.24259892106056213 
vt 0.8854783773422241 0.2653566300868988 
vt 0.9548519253730774 0.2653566300868988 
vt 0.538245439529419 0.9174198508262634 
vt 0.45950037240982056 0.9174198508262634 
vt 0.538245439529419 0.7429035305976868 
vt 0.45950037240982056 0.7429035305976868 
vt 0.45950037240982056 0.9174198508262634 
vt 0.2259427160024643 0.40263310074806213 
vt 0.022812068462371826 0.40263310074806213 
vt 0.2259427160024643 0.4229568541049957 
vt 0.022812068462371826 0.4229568541049957 
vt 0.8605282306671143 0.8467127680778503 
vt 0.8605282306671143 0.7996152639389038 
vt 0.8515218496322632 0.8467127680778503 
vt 0.8515218496322632 0.7996152639389038 
vt 0.8605282306671143 0.739861011505127 
vt 0.8515218496322632 0.739861011505127 
vt 0.7576849460601807 0.5144745111465454 
vt 0.764135479927063 0.5153263807296753 
vt 0.7598757147789001 0.5400312542915344 
vt 0.7662045359611511 0.538084089756012 
vt 0.7730202078819275 0.5621805191040039 
vt 0.777766764163971 0.5577993392944336 
vt 0.7939539551734924 0.5754457116127014 
vt 0.7957795858383179 0.5698475241661072 
vt 0.8172001838684082 0.5760541558265686 
vt 0.8154962658882141 0.5706994533538818 
vt 0.8361866474151611 0.5625455975532532 
vt 0.8313183188438416 0.5588946342468262 
vt 0.8455581665039062 0.5399096012115479 
vt 0.8391076326370239 0.5390576720237732 
vt 0.8433673977851868 0.5144745111465454 
vt 0.8370385766029358 0.5162999629974365 
vt 0.8303446769714355 0.49220356345176697 
vt 0.8255980610847473 0.4965847432613373 
vt 0.8094108700752258 0.47893837094306946 
vt 0.8075852394104004 0.4845365285873413 
vt 0.7860429286956787 0.4783298969268799 
vt 0.7878685593605042 0.4838063418865204 
vt 0.7671781778335571 0.4918384850025177 
vt 0.7720465064048767 0.4954894483089447 
vt 0.05068320035934448 0.13538210093975067 
vt 0.05068320035934448 0.37549424171447754 
vt 0.022812068462371826 0.40263310074806213 
vt 0.2259427160024643 0.40263310074806213 
vt 0.05068320035934448 0.04958431050181389 
vt 0.022812068462371826 0.0223237331956625 
vt 0.1837100386619568 0.04958431050181389 
vt 0.2259427160024643 0.0223237331956625 
vt 0.1837100386619568 0.13538210093975067 
vt 0.1837100386619568 0.37549424171447754 
vt 0.7606059908866882 0.5742287039756775 
vt 0.7730202078819275 0.5621805191040039 
vt 0.7893290519714355 0.5913882851600647 
vt 0.7939539551734924 0.5754457116127014 
vt 0.8225553631782532 0.5916316509246826 
vt 0.8172001838684082 0.5760541558265686 
vt 0.849452793598175 0.5727683305740356 
vt 0.8361866474151611 0.5625455975532532 
vt 0.8629623651504517 0.5425869822502136 
vt 0.8455581665039062 0.5399096012115479 
vt 0.8604065179824829 0.5089980363845825 
vt 0.8433673977851868 0.5144745111465454 
vt 0.84275883436203 0.4801553785800934 
vt 0.8303446769714355 0.49220356345176697 
vt 0.8139140605926514 0.4631175100803375 
vt 0.8094108700752258 0.47893837094306946 
vt 0.7808095216751099 0.46275240182876587 
vt 0.7860429286956787 0.4783298969268799 
vt 0.7537903189659119 0.48161575198173523 
vt 0.7671781778335571 0.4918384850025177 
vt 0.7404024600982666 0.5117971301078796 
vt 0.7576849460601807 0.5144745111465454 
vt 0.742836594581604 0.545386016368866 
vt 0.7598757147789001 0.5400312542915344 
vt 0.7662045359611511 0.538084089756012 
vt 0.7730202078819275 0.5621805191040039 
vt 0.777766764163971 0.5577993392944336 
vt 0.7939539551734924 0.5754457116127014 
vt 0.7957795858383179 0.5698475241661072 
vt 0.8172001838684082 0.5760541558265686 
vt 0.8154962658882141 0.5706994533538818 
vt 0.8361866474151611 0.5625455975532532 
vt 0.8313183188438416 0.5588946342468262 
vt 0.8455581665039062 0.5399096012115479 
vt 0.8391076326370239 0.5390576720237732 
vt 0.8433673977851868 0.5144745111465454 
vt 0.8370385766029358 0.5162999629974365 
vt 0.8303446769714355 0.49220356345176697 
vt 0.8255980610847473 0.4965847432613373 
vt 0.8094108700752258 0.47893837094306946 
vt 0.8075852394104004 0.4845365285873413 
vt 0.7860429286956787 0.4783298969268799 
vt 0.7878685593605042 0.4838063418865204 
vt 0.7671781778335571 0.4918384850025177 
vt 0.7720465064048767 0.4954894483089447 
vt 0.7576849460601807 0.5144745111465454 
vt 0.764135479927063 0.5153263807296753 
vt 0.7598757147789001 0.5400312542915344 
vt 0.8361866474151611 0.5625455975532532 
vt 0.8629623651504517 0.5425869822502136 
vt 0.8455581665039062 0.5399096012115479 
vt 0.8604065179824829 0.5089980363845825 
vt 0.8433673977851868 0.5144745111465454 
vt 0.84275883436203 0.4801553785800934 
vt 0.8303446769714355 0.49220356345176697 
vt 0.8139140605926514 0.4631175100803375 
vt 0.8094108700752258 0.47893837094306946 
vt 0.7808095216751099 0.46275240182876587 
vt 0.7860429286956787 0.4783298969268799 
vt 0.7537903189659119 0.48161575198173523 
vt 0.7671781778335571 0.4918384850025177 
vt 0.7404024600982666 0.5117971301078796 
vt 0.7576849460601807 0.5144745111465454 
vt 0.742836594581604 0.545386016368866 
vt 0.7598757147789001 0.5400312542915344 
vt 0.7606059908866882 0.5742287039756775 
vt 0.7730202078819275 0.5621805191040039 
vt 0.7893290519714355 0.5913882851600647 
vt 0.7939539551734924 0.5754457116127014 
vt 0.8225553631782532 0.5916316509246826 
vt 0.8172001838684082 0.5760541558265686 
vt 0.849452793598175 0.5727683305740356 
vt 0.1837100386619568 0.04958431050181389 
vt 0.1837100386619568 0.13538210093975067 
vt 0.2259427160024643 0.0223237331956625 
vt 0.1837100386619568 0.37549424171447754 
vt 0.2259427160024643 0.40263310074806213 
vt 0.05068320035934448 0.37549424171447754 
vt 0.022812068462371826 0.40263310074806213 
vt 0.05068320035934448 0.13538210093975067 
vt 0.05068320035934448 0.04958431050181389 
vt 0.022812068462371826 0.0223237331956625 
vt 0.180789053440094 0.7919481992721558 
vt 0.7607276439666748 0.023053927347064018 
vt 0.5585706830024719 0.26365286111831665 
vt 0.44550395011901855 0.9598928093910217 
vt 0.3799033463001251 0.942611575126648 
vt 0.8129404187202454 0.5164216756820679 
vt 0.05384760722517967 0.09534313529729843 
vt 0.868439257144928 0.24259892106056213 
vt 0.8741595149040222 0.2603669762611389 
vt 0.9757857322692871 0.2486838698387146 
vt 0.12991510331630707 0.6949540972709656 
vt 0.09839273244142532 0.7046900391578674 
vt 0.11470160633325577 0.32523253560066223 
vt 0.16423676908016205 0.12041312456130981 
vt 0.8605282306671143 0.739861011505127 
vt 0.15267451107501984 0.06029381975531578 
vt 0.12443824857473373 0.7257439494132996 
vt 0.12541191279888153 0.31062865257263184 
vt 0.1336880624294281 0.3360637426376343 
vt 0.8854783773422241 0.2653566300868988 
vt 0.9782198667526245 0.2653566300868988 
vt 0.7943190932273865 0.0020000000949949026 
vt 0.25892558693885803 0.403971791267395 
vt 0.701212465763092 0.46092692017555237 
vt 0.7607276439666748 0.11092060804367065 
vt 0.5585706830024719 0.35979506373405457 
vt 0.5585706830024719 0.12187351286411285 
vt 0.5585706830024719 0.2197195142507553 
vt 0.7607276439666748 0.20706281065940857 
vt 0.5585706830024719 0.45861464738845825 
vt 0.180789053440094 0.9777826070785522 
vt 0.5585706830024719 0.24077343940734863 
vt 0.180789053440094 0.9988365173339844 
vt 0.7918848991394043 0.41723698377609253 
vt 0.658858060836792 0.6392159461975098 
vt 0.45950037240982056 0.9174198508262634 
vt 0.538245439529419 0.9174198508262634 
vt 0.5820603370666504 0.6392159461975098 
vt 0.3799033463001251 0.942611575126648 
vt 0.3886663019657135 0.9747400879859924 
vt 0.4367409646511078 0.9278860092163086 
vt 0.8129404187202454 0.5164216756820679 
vt 0.7814180254936218 0.5261576175689697 
vt 0.8622321486473083 0.25428202748298645 
vt 0.09644541144371033 0.7199023962020874 
vt 0.9757857322692871 0.2486838698387146 
vt 0.9576511979103088 0.25428202748298645 
vt 0.11908309906721115 0.7151561379432678 
vt 0.10910303890705109 0.6843662858009338 
vt 0.07113014161586761 0.33874112367630005 
vt 0.17896343767642975 0.12795846164226532 
vt 0.15644745528697968 0.13489530980587006 
vt 0.15267451107501984 0.06029381975531578 
vt 0.13015852868556976 0.06723066419363022 
vt 0.07113014161586761 0.2776482403278351 
vt 0.11555356532335281 0.7424167394638062 
vt 0.10727742314338684 0.7169816493988037 
vt 0.1336880624294281 0.3360637426376343 
vt 0.9294149875640869 0.6355649828910828 
vt 0.8662484884262085 0.6355649828910828 
vt 0.8752549290657043 0.6355649828910828 
vt 0.9023957848548889 0.6355649828910828 
vt 0.91140216588974 0.6355649828910828 
vt 0.9058036208152771 0.8467127680778503 
vt 0.8515218496322632 0.8467127680778503 
vt 0.8876690864562988 0.8467127680778503 
vt 0.02208182029426098 0.6843662858009338 
vt 0.02208182029426098 0.6986050605773926 
vt 0.02208182029426098 0.70578533411026 
vt 0.02208182029426098 0.7199023962020874 
vt 0.12821120023727417 0.10958191752433777 
vt 0.12821120023727417 0.10252337157726288 
vt 0.9884433150291443 0.0020000000949949026 
vt 0.9884433150291443 0.16325117647647858 
vt 0.9779764413833618 0.16325117647647858 
vt 0.9779764413833618 0.16325117647647858 
vt 0.9779764413833618 0.0020000000949949026 
vt 0.9884433150291443 0.0020000000949949026 
vt 0.925763726234436 0.0020000000949949026 
vt 0.925763726234436 0.16325117647647858 
vt 0.9154185652732849 0.16325117647647858 
vt 0.9154185652732849 0.16325117647647858 
vt 0.9154185652732849 0.0020000000949949026 
vt 0.925763726234436 0.0020000000949949026 
vt 0.9362305998802185 0.0020000000949949026 
vt 0.9362305998802185 0.16325117647647858 
vt 0.925763726234436 0.16325117647647858 
vt 0.925763726234436 0.16325117647647858 
vt 0.925763726234436 0.0020000000949949026 
vt 0.9362305998802185 0.0020000000949949026 
vt 0.946697473526001 0.0020000000949949026 
vt 0.946697473526001 0.16325117647647858 
vt 0.9362305998802185 0.16325117647647858 
vt 0.9362305998802185 0.16325117647647858 
vt 0.9362305998802185 0.0020000000949949026 
vt 0.946697473526001 0.0020000000949949026 
vt 0.9571644067764282 0.0020000000949949026 
vt 0.9571644067764282 0.16325117647647858 
vt 0.946697473526001 0.16325117647647858 
vt 0.946697473526001 0.16325117647647858 
vt 0.946697473526001 0.0020000000949949026 
vt 0.9571644067764282 0.0020000000949949026 
vt 0.9676312804222107 0.0020000000949949026 
vt 0.9676312804222107 0.16325117647647858 
vt 0.9571644067764282 0.16325117647647858 
vt 0.9571644067764282 0.16325117647647858 
vt 0.9571644067764282 0.0020000000949949026 
vt 0.9676312804222107 0.0020000000949949026 
vt 0.9779764413833618 0.0020000000949949026 
vt 0.9779764413833618 0.16325117647647858 
vt 0.9676312804222107 0.16325117647647858 
vt 0.9676312804222107 0.16325117647647858 
vt 0.9676312804222107 0.0020000000949949026 
vt 0.9779764413833618 0.0020000000949949026 
vt 0.11750089377164841 0.3172004222869873 
vt 0.12541191279888153 0.31062865257263184 
vt 0.1358788013458252 0.3114805519580841 
vt 0.1358788013458252 0.3114805519580841 
vt 0.14257274568080902 0.3193909823894501 
vt 0.14172078669071198 0.3294920027256012 
vt 0.14172078669071198 0.3294920027256012 
vt 0.1336880624294281 0.3360637426376343 
vt 0.12322116643190384 0.3352118730545044 
vt 0.1358788013458252 0.3114805519580841 
vt 0.14172078669071198 0.3294920027256012 
vt 0.12322116643190384 0.3352118730545044 
vt 0.11750089377164841 0.3172004222869873 
vt 0.1358788013458252 0.3114805519580841 
vt 0.12322116643190384 0.3352118730545044 
vt 0.11652722954750061 0.3274231255054474 
vt 0.11750089377164841 0.3172004222869873 
vt 0.12322116643190384 0.3352118730545044 
vt 0.9779764413833618 0.16166909039020538 
vt 0.9884433150291443 0.16166909039020538 
vt 0.9884433150291443 0.0020000000949949026 
vt 0.9884433150291443 0.0020000000949949026 
vt 0.9779764413833618 0.0020000000949949026 
vt 0.9779764413833618 0.16166909039020538 
vt 0.9884433150291443 0.16166909039020538 
vt 0.9989102482795715 0.16166909039020538 
vt 0.9989102482795715 0.0020000000949949026 
vt 0.9989102482795715 0.0020000000949949026 
vt 0.9884433150291443 0.0020000000949949026 
vt 0.9884433150291443 0.16166909039020538 
vt 0.9154185652732849 0.16166909039020538 
vt 0.925763726234436 0.16166909039020538 
vt 0.925763726234436 0.0020000000949949026 
vt 0.925763726234436 0.0020000000949949026 
vt 0.9154185652732849 0.0020000000949949026 
vt 0.9154185652732849 0.16166909039020538 
vt 0.925763726234436 0.16166909039020538 
vt 0.9362305998802185 0.16166909039020538 
vt 0.9362305998802185 0.0020000000949949026 
vt 0.9362305998802185 0.0020000000949949026 
vt 0.925763726234436 0.0020000000949949026 
vt 0.925763726234436 0.16166909039020538 
vt 0.9362305998802185 0.16166909039020538 
vt 0.946697473526001 0.16166909039020538 
vt 0.946697473526001 0.0020000000949949026 
vt 0.946697473526001 0.0020000000949949026 
vt 0.9362305998802185 0.0020000000949949026 
vt 0.9362305998802185 0.16166909039020538 
vt 0.946697473526001 0.16166909039020538 
vt 0.9571644067764282 0.16166909039020538 
vt 0.9571644067764282 0.0020000000949949026 
vt 0.9571644067764282 0.0020000000949949026 
vt 0.946697473526001 0.0020000000949949026 
vt 0.946697473526001 0.16166909039020538 
vt 0.9571644067764282 0.16166909039020538 
vt 0.9676312804222107 0.16166909039020538 
vt 0.9676312804222107 0.0020000000949949026 
vt 0.9676312804222107 0.0020000000949949026 
vt 0.9571644067764282 0.0020000000949949026 
vt 0.9571644067764282 0.16166909039020538 
vt 0.9676312804222107 0.16166909039020538 
vt 0.9779764413833618 0.16166909039020538 
vt 0.9779764413833618 0.0020000000949949026 
vt 0.9779764413833618 0.0020000000949949026 
vt 0.9676312804222107 0.0020000000949949026 
vt 0.9676312804222107 0.16166909039020538 
vt 0.12322116643190384 0.3352118730545044 
vt 0.1336880624294281 0.3360637426376343 
vt 0.14172078669071198 0.3294920027256012 
vt 0.14172078669071198 0.3294920027256012 
vt 0.14257274568080902 0.3193909823894501 
vt 0.1358788013458252 0.3114805519580841 
vt 0.12322116643190384 0.3352118730545044 
vt 0.14172078669071198 0.3294920027256012 
vt 0.1358788013458252 0.3114805519580841 
vt 0.1358788013458252 0.3114805519580841 
vt 0.12541191279888153 0.31062865257263184 
vt 0.11750089377164841 0.3172004222869873 
vt 0.12322116643190384 0.3352118730545044 
vt 0.1358788013458252 0.3114805519580841 
vt 0.11750089377164841 0.3172004222869873 
vt 0.11652722954750061 0.3274231255054474 
vt 0.12322116643190384 0.3352118730545044 
vt 0.11750089377164841 0.3172004222869873 
vt 0.9884433150291443 0.20511563122272491 
vt 0.9779764413833618 0.20511563122272491 
vt 0.9779764413833618 0.16325117647647858 
vt 0.9779764413833618 0.16325117647647858 
vt 0.9884433150291443 0.16325117647647858 
vt 0.9884433150291443 0.20511563122272491 
vt 0.9989102482795715 0.20511563122272491 
vt 0.9884433150291443 0.20511563122272491 
vt 0.9884433150291443 0.16325117647647858 
vt 0.9884433150291443 0.16325117647647858 
vt 0.9989102482795715 0.16325117647647858 
vt 0.9989102482795715 0.20511563122272491 
vt 0.925763726234436 0.20511563122272491 
vt 0.9154185652732849 0.20511563122272491 
vt 0.9154185652732849 0.16325117647647858 
vt 0.9154185652732849 0.16325117647647858 
vt 0.925763726234436 0.16325117647647858 
vt 0.925763726234436 0.20511563122272491 
vt 0.9362305998802185 0.20511563122272491 
vt 0.925763726234436 0.20511563122272491 
vt 0.925763726234436 0.16325117647647858 
vt 0.925763726234436 0.16325117647647858 
vt 0.9362305998802185 0.16325117647647858 
vt 0.9362305998802185 0.20511563122272491 
vt 0.946697473526001 0.20511563122272491 
vt 0.9362305998802185 0.20511563122272491 
vt 0.9362305998802185 0.16325117647647858 
vt 0.9362305998802185 0.16325117647647858 
vt 0.946697473526001 0.16325117647647858 
vt 0.946697473526001 0.20511563122272491 
vt 0.9571644067764282 0.20511563122272491 
vt 0.946697473526001 0.20511563122272491 
vt 0.946697473526001 0.16325117647647858 
vt 0.946697473526001 0.16325117647647858 
vt 0.9571644067764282 0.16325117647647858 
vt 0.9571644067764282 0.20511563122272491 
vt 0.9676312804222107 0.20511563122272491 
vt 0.9571644067764282 0.20511563122272491 
vt 0.9571644067764282 0.16325117647647858 
vt 0.9571644067764282 0.16325117647647858 
vt 0.9676312804222107 0.16325117647647858 
vt 0.9676312804222107 0.20511563122272491 
vt 0.9779764413833618 0.20511563122272491 
vt 0.9676312804222107 0.20511563122272491 
vt 0.9676312804222107 0.16325117647647858 
vt 0.9676312804222107 0.16325117647647858 
vt 0.9779764413833618 0.16325117647647858 
vt 0.9779764413833618 0.20511563122272491 
vt 0.9779764413833618 0.20511563122272491 
vt 0.9884433150291443 0.20511563122272491 
vt 0.9884433150291443 0.16166909039020538 
vt 0.9884433150291443 0.16166909039020538 
vt 0.9779764413833618 0.16166909039020538 
vt 0.9779764413833618 0.20511563122272491 
vt 0.9884433150291443 0.20511563122272491 
vt 0.9989102482795715 0.20511563122272491 
vt 0.9989102482795715 0.16166909039020538 
vt 0.9989102482795715 0.16166909039020538 
vt 0.9884433150291443 0.16166909039020538 
vt 0.9884433150291443 0.20511563122272491 
vt 0.9154185652732849 0.20511563122272491 
vt 0.925763726234436 0.20511563122272491 
vt 0.925763726234436 0.16166909039020538 
vt 0.925763726234436 0.16166909039020538 
vt 0.9154185652732849 0.16166909039020538 
vt 0.9154185652732849 0.20511563122272491 
vt 0.925763726234436 0.20511563122272491 
vt 0.9362305998802185 0.20511563122272491 
vt 0.9362305998802185 0.16166909039020538 
vt 0.9362305998802185 0.16166909039020538 
vt 0.925763726234436 0.16166909039020538 
vt 0.925763726234436 0.20511563122272491 
vt 0.946697473526001 0.20511563122272491 
vt 0.9571644067764282 0.20511563122272491 
vt 0.9571644067764282 0.16166909039020538 
vt 0.9571644067764282 0.16166909039020538 
vt 0.946697473526001 0.16166909039020538 
vt 0.946697473526001 0.20511563122272491 
vt 0.9571644067764282 0.20511563122272491 
vt 0.9676312804222107 0.20511563122272491 
vt 0.9676312804222107 0.16166909039020538 
vt 0.9676312804222107 0.16166909039020538 
vt 0.9571644067764282 0.16166909039020538 
vt 0.9571644067764282 0.20511563122272491 
vt 0.9676312804222107 0.20511563122272491 
vt 0.9779764413833618 0.20511563122272491 
vt 0.9779764413833618 0.16166909039020538 
vt 0.9779764413833618 0.16166909039020538 
vt 0.9676312804222107 0.16166909039020538 
vt 0.9676312804222107 0.20511563122272491 
vt 0.1336880624294281 0.12041312456130981 
vt 0.14415495097637177 0.12041312456130981 
vt 0.14415495097637177 0.2776482403278351 
vt 0.14415495097637177 0.2776482403278351 
vt 0.1336880624294281 0.2776482403278351 
vt 0.1336880624294281 0.12041312456130981 
vt 0.14415495097637177 0.12041312456130981 
vt 0.15462182462215424 0.12041312456130981 
vt 0.15462182462215424 0.2776482403278351 
vt 0.15462182462215424 0.2776482403278351 
vt 0.14415495097637177 0.2776482403278351 
vt 0.14415495097637177 0.12041312456130981 
vt 0.07113014161586761 0.12041312456130981 
vt 0.08147532492876053 0.12041312456130981 
vt 0.08147532492876053 0.2776482403278351 
vt 0.08147532492876053 0.2776482403278351 
vt 0.07113014161586761 0.2776482403278351 
vt 0.07113014161586761 0.12041312456130981 
vt 0.08147532492876053 0.12041312456130981 
vt 0.0919422134757042 0.12041312456130981 
vt 0.0919422134757042 0.2776482403278351 
vt 0.0919422134757042 0.2776482403278351 
vt 0.08147532492876053 0.2776482403278351 
vt 0.08147532492876053 0.12041312456130981 
vt 0.0919422134757042 0.12041312456130981 
vt 0.10240910202264786 0.12041312456130981 
vt 0.10240910202264786 0.2776482403278351 
vt 0.10240910202264786 0.2776482403278351 
vt 0.0919422134757042 0.2776482403278351 
vt 0.0919422134757042 0.12041312456130981 
vt 0.10240910202264786 0.12041312456130981 
vt 0.11287599056959152 0.12041312456130981 
vt 0.11287599056959152 0.2776482403278351 
vt 0.11287599056959152 0.2776482403278351 
vt 0.10240910202264786 0.2776482403278351 
vt 0.10240910202264786 0.12041312456130981 
vt 0.11287599056959152 0.12041312456130981 
vt 0.12322116643190384 0.12041312456130981 
vt 0.12322116643190384 0.2776482403278351 
vt 0.12322116643190384 0.2776482403278351 
vt 0.11287599056959152 0.2776482403278351 
vt 0.11287599056959152 0.12041312456130981 
vt 0.12322116643190384 0.12041312456130981 
vt 0.1336880624294281 0.12041312456130981 
vt 0.1336880624294281 0.2776482403278351 
vt 0.1336880624294281 0.2776482403278351 
vt 0.12322116643190384 0.2776482403278351 
vt 0.12322116643190384 0.12041312456130981 
vt 0.12443824857473373 0.7257439494132996 
vt 0.1336880624294281 0.12041312456130981 
vt 0.1336880624294281 0.2776482403278351 
vt 0.14415495097637177 0.2776482403278351 
vt 0.14415495097637177 0.2776482403278351 
vt 0.14415495097637177 0.12041312456130981 
vt 0.1336880624294281 0.12041312456130981 
vt 0.14415495097637177 0.12041312456130981 
vt 0.14415495097637177 0.2776482403278351 
vt 0.15462182462215424 0.2776482403278351 
vt 0.15462182462215424 0.2776482403278351 
vt 0.15462182462215424 0.12041312456130981 
vt 0.14415495097637177 0.12041312456130981 
vt 0.07113014161586761 0.12041312456130981 
vt 0.07113014161586761 0.2776482403278351 
vt 0.08147532492876053 0.2776482403278351 
vt 0.08147532492876053 0.2776482403278351 
vt 0.08147532492876053 0.12041312456130981 
vt 0.07113014161586761 0.12041312456130981 
vt 0.08147532492876053 0.12041312456130981 
vt 0.08147532492876053 0.2776482403278351 
vt 0.0919422134757042 0.2776482403278351 
vt 0.0919422134757042 0.2776482403278351 
vt 0.0919422134757042 0.12041312456130981 
vt 0.08147532492876053 0.12041312456130981 
vt 0.10240910202264786 0.12041312456130981 
vt 0.10240910202264786 0.2776482403278351 
vt 0.11287599056959152 0.2776482403278351 
vt 0.11287599056959152 0.2776482403278351 
vt 0.11287599056959152 0.12041312456130981 
vt 0.10240910202264786 0.12041312456130981 
vt 0.11287599056959152 0.12041312456130981 
vt 0.11287599056959152 0.2776482403278351 
vt 0.12322116643190384 0.2776482403278351 
vt 0.12322116643190384 0.2776482403278351 
vt 0.12322116643190384 0.12041312456130981 
vt 0.12322116643190384 0.12041312456130981 
vt 0.12322116643190384 0.2776482403278351 
vt 0.1336880624294281 0.2776482403278351 
vt 0.1336880624294281 0.2776482403278351 
vt 0.1336880624294281 0.12041312456130981 
vt 0.12322116643190384 0.12041312456130981 
vt 0.11555356532335281 0.7424167394638062 
vt 0.10727742314338684 0.7169816493988037 
vt 0.7384551167488098 0.46275240182876587 
vt 0.7384551167488098 0.6372687816619873 
vt 0.6616573333740234 0.6372687816619873 
vt 0.6616573333740234 0.6372687816619873 
vt 0.6616573333740234 0.46275240182876587 
vt 0.7384551167488098 0.46275240182876587 
vt 0.6616573333740234 0.46275240182876587 
vt 0.6616573333740234 0.6372687816619873 
vt 0.5820603370666504 0.6372687816619873 
vt 0.5820603370666504 0.6372687816619873 
vt 0.5820603370666504 0.46275240182876587 
vt 0.6616573333740234 0.46275240182876587 
vt 0.3799033463001251 0.26365286111831665 
vt 0.3799033463001251 0.24259892106056213 
vt 0.5585706830024719 0.24259892106056213 
vt 0.5585706830024719 0.24259892106056213 
vt 0.5585706830024719 0.26365286111831665 
vt 0.3799033463001251 0.26365286111831665 
vt 0.5801129937171936 0.26365286111831665 
vt 0.5801129937171936 0.33874112367630005 
vt 0.5585706830024719 0.35979506373405457 
vt 0.5585706830024719 0.35979506373405457 
vt 0.5585706830024719 0.26365286111831665 
vt 0.5801129937171936 0.26365286111831665 
vt 0.5801129937171936 0.3808489739894867 
vt 0.5801129937171936 0.45861464738845825 
vt 0.5585706830024719 0.45861464738845825 
vt 0.5585706830024719 0.45861464738845825 
vt 0.5585706830024719 0.35979506373405457 
vt 0.5801129937171936 0.3808489739894867 
vt 0.5585706830024719 0.35979506373405457 
vt 0.5585706830024719 0.45861464738845825 
vt 0.3799033463001251 0.45861464738845825 
vt 0.3799033463001251 0.45861464738845825 
vt 0.3799033463001251 0.35979506373405457 
vt 0.5585706830024719 0.35979506373405457 
vt 0.5585706830024719 0.45861464738845825 
vt 0.5585706830024719 0.47966858744621277 
vt 0.3799033463001251 0.47966858744621277 
vt 0.3799033463001251 0.47966858744621277 
vt 0.3799033463001251 0.45861464738845825 
vt 0.7384551167488098 0.46275240182876587 
vt 0.6616573333740234 0.46275240182876587 
vt 0.6616573333740234 0.6372687816619873 
vt 0.6616573333740234 0.6372687816619873 
vt 0.7384551167488098 0.6372687816619873 
vt 0.7384551167488098 0.46275240182876587 
vt 0.6616573333740234 0.46275240182876587 
vt 0.5820603370666504 0.46275240182876587 
vt 0.5820603370666504 0.6372687816619873 
vt 0.5820603370666504 0.6372687816619873 
vt 0.6616573333740234 0.6372687816619873 
vt 0.6616573333740234 0.46275240182876587 
vt 0.5585706830024719 0.26365286111831665 
vt 0.5585706830024719 0.24259892106056213 
vt 0.5585706830024719 0.24259892106056213 
vt 0.3799033463001251 0.24259892106056213 
vt 0.3799033463001251 0.26365286111831665 
vt 0.5801129937171936 0.26365286111831665 
vt 0.5585706830024719 0.26365286111831665 
vt 0.5585706830024719 0.35979506373405457 
vt 0.5585706830024719 0.35979506373405457 
vt 0.5801129937171936 0.33874112367630005 
vt 0.5801129937171936 0.26365286111831665 
vt 0.5801129937171936 0.3808489739894867 
vt 0.5585706830024719 0.35979506373405457 
vt 0.5585706830024719 0.45861464738845825 
vt 0.5585706830024719 0.45861464738845825 
vt 0.5801129937171936 0.45861464738845825 
vt 0.5801129937171936 0.3808489739894867 
vt 0.5585706830024719 0.26365286111831665 
vt 0.3799033463001251 0.35979506373405457 
vt 0.3799033463001251 0.35979506373405457 
vt 0.5585706830024719 0.35979506373405457 
vt 0.5585706830024719 0.26365286111831665 
vt 0.5585706830024719 0.35979506373405457 
vt 0.3799033463001251 0.35979506373405457 
vt 0.3799033463001251 0.45861464738845825 
vt 0.3799033463001251 0.45861464738845825 
vt 0.5585706830024719 0.45861464738845825 
vt 0.5585706830024719 0.35979506373405457 
vt 0.5585706830024719 0.45861464738845825 
vt 0.3799033463001251 0.47966858744621277 
vt 0.3799033463001251 0.47966858744621277 
vt 0.5585706830024719 0.47966858744621277 
vt 0.5585706830024719 0.45861464738845825 
s on 
f 1/1/1 2/2/2 3/3/3 
f 2/2/2 4/4/4 3/3/3 
f 3/3/3 4/4/4 4/4/4 
f 4/4/4 5/5/5 4/4/4 
f 4/4/4 5/5/5 5/5/5 
f 5/5/5 6/6/6 5/5/5 
f 5/5/5 6/6/6 7/7/7 
f 6/6/6 8/8/8 7/7/7 
f 7/7/7 8/8/8 8/8/8 
f 8/8/8 9/9/9 8/8/8 
f 8/8/8 9/9/9 9/9/9 
f 9/9/9 10/10/10 9/9/9 
f 9/9/9 10/10/10 11/11/11 
f 10/10/10 12/12/12 11/11/11 
f 11/11/11 12/12/12 13/13/13 
f 12/12/12 14/14/14 13/13/13 
f 13/13/13 14/14/14 14/14/14 
f 14/14/14 15/15/15 14/14/14 
f 14/14/14 15/15/15 15/15/15 
f 15/15/15 16/16/16 15/15/15 
f 15/15/15 16/16/16 17/17/17 
f 16/16/16 18/18/18 17/17/17 
f 17/17/17 18/18/18 19/19/19 
f 18/18/18 20/20/20 19/19/19 
f 19/19/19 20/20/20 21/21/21 
f 20/20/20 22/22/22 21/21/21 
f 21/21/21 22/22/22 23/23/23 
f 22/22/22 24/24/24 23/23/23 
f 23/23/23 24/24/24 25/25/25 
f 24/24/24 26/26/26 25/25/25 
f 25/25/25 26/26/26 27/27/27 
f 26/26/26 28/28/28 27/27/27 
f 27/27/27 28/28/28 29/29/29 
f 28/28/28 30/30/30 29/29/29 
f 29/29/29 30/30/30 31/31/31 
f 30/30/30 32/32/32 31/31/31 
f 31/31/31 32/32/32 32/32/32 
f 32/32/32 16/16/16 32/32/32 
f 32/32/32 16/16/16 16/16/16 
f 16/16/16 33/33/33 16/16/16 
f 16/16/16 33/33/33 18/18/18 
f 33/33/33 34/34/34 18/18/18 
f 18/18/18 34/34/34 20/20/20 
f 34/34/34 35/35/35 20/20/20 
f 20/20/20 35/35/35 22/22/22 
f 35/35/35 36/36/36 22/22/22 
f 22/22/22 36/36/36 24/24/24 
f 36/36/36 37/37/37 24/24/24 
f 24/24/24 37/37/37 26/26/26 
f 37/37/37 38/38/38 26/26/26 
f 26/26/26 38/38/38 28/28/28 
f 38/38/38 39/39/39 28/28/28 
f 28/28/28 39/39/39 30/30/30 
f 39/39/39 40/40/40 30/30/30 
f 30/30/30 40/40/40 32/32/32 
f 40/40/40 32/32/32 32/32/32 
f 32/32/32 32/32/32 33/33/33 
f 32/32/32 33/33/33 33/33/33 
f 33/33/33 33/33/33 33/33/33 
f 33/33/33 41/41/41 33/33/33 
f 33/33/33 41/41/41 34/34/34 
f 41/41/41 42/42/42 34/34/34 
f 34/34/34 42/42/42 35/35/35 
f 42/42/42 43/43/43 35/35/35 
f 35/35/35 43/43/43 36/36/36 
f 43/43/43 44/44/44 36/36/36 
f 36/36/36 44/44/44 37/37/37 
f 44/44/44 45/45/45 37/37/37 
f 37/37/37 45/45/45 38/38/38 
f 45/45/45 46/46/46 38/38/38 
f 38/38/38 46/46/46 39/39/39 
f 46/46/46 47/47/47 39/39/39 
f 39/39/39 47/47/47 40/40/40 
f 47/47/47 48/48/48 40/40/40 
f 40/40/40 48/48/48 48/48/48 
f 48/48/48 41/41/41 48/48/48 
f 48/48/48 41/41/41 41/41/41 
f 41/41/41 49/49/49 41/41/41 
f 41/41/41 49/49/49 42/42/42 
f 49/49/49 50/50/50 42/42/42 
f 42/42/42 50/50/50 43/43/43 
f 50/50/50 51/51/51 43/43/43 
f 43/43/43 51/51/51 44/44/44 
f 51/51/51 52/52/52 44/44/44 
f 44/44/44 52/52/52 45/45/45 
f 52/52/52 53/53/53 45/45/45 
f 45/45/45 53/53/53 46/46/46 
f 53/53/53 54/54/54 46/46/46 
f 46/46/46 54/54/54 47/47/47 
f 54/54/54 55/55/55 47/47/47 
f 47/47/47 55/55/55 48/48/48 
f 55/55/55 56/56/56 48/48/48 
f 48/48/48 56/56/56 56/56/56 
f 56/56/56 49/49/49 56/56/56 
f 56/56/56 49/49/49 49/49/49 
f 49/49/49 41/41/41 49/49/49 
f 49/49/49 41/41/41 57/57/57 
f 41/41/41 58/58/58 57/57/57 
f 57/57/57 58/58/58 58/58/58 
f 58/58/58 41/41/41 58/58/58 
f 58/58/58 41/41/41 41/41/41 
f 41/41/41 33/33/33 41/41/41 
f 41/41/41 33/33/33 58/58/58 
f 33/33/33 59/59/59 58/58/58 
f 58/58/58 59/59/59 59/59/59 
f 59/59/59 60/60/60 59/59/59 
f 59/59/59 60/60/60 60/60/60 
f 60/60/60 61/61/61 60/60/60 
f 60/60/60 61/61/61 62/62/62 
f 61/61/61 63/63/63 62/62/62 
f 62/62/62 63/63/63 63/63/63 
f 63/63/63 64/64/64 63/63/63 
f 63/63/63 64/64/64 64/64/64 
f 64/64/64 65/65/65 64/64/64 
f 64/64/64 65/65/65 66/66/66 
f 65/65/65 67/67/67 66/66/66 
f 66/66/66 67/67/67 68/68/68 
f 67/67/67 68/68/68 68/68/68 
f 68/68/68 68/68/68 69/69/69 
f 68/68/68 69/69/69 69/69/69 
f 69/69/69 69/69/69 69/69/69 
f 69/69/69 70/70/70 69/69/69 
f 69/69/69 70/70/70 71/71/71 
f 70/70/70 72/72/72 71/71/71 
f 71/71/71 72/72/72 72/72/72 
f 72/72/72 70/70/70 72/72/72 
f 72/72/72 70/70/70 73/73/73 
f 70/70/70 74/74/74 73/73/73 
f 73/73/73 74/74/74 74/74/74 
f 74/74/74 75/75/75 74/74/74 
f 74/74/74 75/75/75 75/75/75 
f 75/75/75 76/76/76 75/75/75 
f 75/75/75 76/76/76 77/77/77 
f 76/76/76 78/78/78 77/77/77 
f 77/77/77 78/78/78 79/79/79 
f 78/78/78 80/80/80 79/79/79 
f 79/79/79 80/80/80 80/80/80 
f 80/80/80 81/81/81 80/80/80 
f 80/80/80 81/81/81 81/81/81 
f 81/81/81 82/82/82 81/81/81 
f 81/81/81 82/82/82 83/83/83 
f 82/82/82 84/84/84 83/83/83 
f 83/83/83 84/84/84 84/84/84 
f 84/84/84 85/85/85 84/84/84 
f 84/84/84 85/85/85 85/85/85 
f 85/85/85 86/86/86 85/85/85 
f 85/85/85 86/86/86 87/87/87 
f 86/86/86 88/88/88 87/87/87 
f 87/87/87 88/88/88 88/88/88 
f 88/88/88 89/89/89 88/88/88 
f 88/88/88 89/89/89 89/89/89 
f 89/89/89 90/90/90 89/89/89 
f 89/89/89 90/90/90 91/91/91 
f 90/90/90 92/92/92 91/91/91 
f 91/91/91 92/92/92 92/92/92 
f 92/92/92 93/93/93 92/92/92 
f 92/92/92 93/93/93 93/93/93 
f 93/93/93 94/94/94 93/93/93 
f 93/93/93 94/94/94 95/95/95 
f 94/94/94 96/96/96 95/95/95 
f 95/95/95 96/96/96 97/97/97 
f 96/96/96 98/98/98 97/97/97 
f 97/97/97 98/98/98 98/98/98 
f 98/98/98 94/94/94 98/98/98 
f 98/98/98 94/94/94 94/94/94 
f 94/94/94 99/99/99 94/94/94 
f 94/94/94 99/99/99 96/96/96 
f 99/99/99 100/100/100 96/96/96 
f 96/96/96 100/100/100 98/98/98 
f 100/100/100 98/98/98 98/98/98 
f 98/98/98 98/98/98 101/101/101 
f 98/98/98 101/101/101 101/101/101 
f 101/101/101 101/101/101 101/101/101 
f 101/101/101 102/102/102 101/101/101 
f 101/101/101 102/102/102 103/103/103 
f 102/102/102 104/104/104 103/103/103 
f 103/103/103 104/104/104 105/105/105 
f 104/104/104 106/106/106 105/105/105 
f 105/105/105 106/106/106 107/107/107 
f 106/106/106 108/108/108 107/107/107 
f 107/107/107 108/108/108 108/108/108 
f 108/108/108 102/102/102 108/108/108 
f 108/108/108 102/102/102 102/102/102 
f 102/102/102 109/109/109 102/102/102 
f 102/102/102 109/109/109 104/104/104 
f 109/109/109 110/110/110 104/104/104 
f 104/104/104 110/110/110 106/106/106 
f 110/110/110 111/111/111 106/106/106 
f 106/106/106 111/111/111 108/108/108 
f 111/111/111 112/112/112 108/108/108 
f 108/108/108 112/112/112 112/112/112 
f 112/112/112 113/113/113 112/112/112 
f 112/112/112 113/113/113 113/113/113 
f 113/113/113 114/114/114 113/113/113 
f 113/113/113 114/114/114 115/115/115 
f 114/114/114 116/116/116 115/115/115 
f 115/115/115 116/116/116 116/116/116 
f 116/116/116 114/114/114 116/116/116 
f 116/116/116 114/114/114 114/114/114 
f 114/114/114 117/117/117 114/114/114 
f 114/114/114 117/117/117 116/116/116 
f 117/117/117 118/118/118 116/116/116 
f 116/116/116 118/118/118 118/118/118 
f 118/118/118 119/119/119 118/118/118 
f 118/118/118 119/119/119 119/119/119 
f 119/119/119 120/120/120 119/119/119 
f 119/119/119 120/120/120 121/121/121 
f 120/120/120 122/122/122 121/121/121 
f 121/121/121 122/122/122 122/122/122 
f 122/122/122 120/120/120 122/122/122 
f 122/122/122 120/120/120 123/123/123 
f 120/120/120 124/124/124 123/123/123 
f 123/123/123 124/124/124 124/124/124 
f 124/124/124 125/125/125 124/124/124 
f 124/124/124 125/125/125 125/125/125 
f 125/125/125 126/126/126 125/125/125 
f 125/125/125 126/126/126 127/127/127 
f 126/126/126 128/128/128 127/127/127 
f 127/127/127 128/128/128 128/128/128 
f 128/128/128 126/126/126 128/128/128 
f 128/128/128 126/126/126 129/129/129 
f 126/126/126 130/130/130 129/129/129 
f 129/129/129 130/130/130 130/130/130 
f 130/130/130 131/131/131 130/130/130 
f 130/130/130 131/131/131 131/131/131 
f 131/131/131 132/132/132 131/131/131 
f 131/131/131 132/132/132 133/133/133 
f 132/132/132 134/134/134 133/133/133 
f 133/133/133 134/134/134 135/135/135 
f 134/134/134 135/135/135 135/135/135 
f 135/135/135 135/135/135 132/132/132 
f 135/135/135 132/132/132 132/132/132 
f 132/132/132 132/132/132 132/132/132 
f 132/132/132 136/136/136 132/132/132 
f 132/132/132 136/136/136 134/134/134 
f 136/136/136 137/137/137 134/134/134 
f 134/134/134 137/137/137 137/137/137 
f 137/137/137 138/138/138 137/137/137 
f 137/137/137 138/138/138 138/138/138 
f 138/138/138 139/139/139 138/138/138 
f 138/138/138 139/139/139 140/140/140 
f 139/139/139 141/141/141 140/140/140 
f 140/140/140 141/141/141 142/142/142 
f 141/141/141 142/142/142 142/142/142 
f 142/142/142 142/142/142 143/143/143 
f 142/142/142 143/143/143 143/143/143 
f 143/143/143 143/143/143 143/143/143 
f 143/143/143 144/144/144 143/143/143 
f 143/143/143 144/144/144 81/81/81 
f 144/144/144 145/145/145 81/81/81 
f 81/81/81 145/145/145 145/145/145 
f 145/145/145 146/146/146 145/145/145 
f 145/145/145 146/146/146 146/146/146 
f 146/146/146 147/147/147 146/146/146 
f 146/146/146 147/147/147 148/148/148 
f 147/147/147 149/149/149 148/148/148 
f 148/148/148 149/149/149 150/150/150 
f 149/149/149 150/150/150 150/150/150 
f 150/150/150 150/150/150 151/151/151 
f 150/150/150 151/151/151 151/151/151 
f 151/151/151 151/151/151 151/151/151 
f 151/151/151 152/152/152 151/151/151 
f 151/151/151 152/152/152 153/153/153 
f 152/152/152 154/154/154 153/153/153 
f 153/153/153 154/154/154 154/154/154 
f 154/154/154 152/152/152 154/154/154 
f 154/154/154 152/152/152 152/152/152 
f 152/152/152 155/155/155 152/152/152 
f 152/152/152 155/155/155 154/154/154 
f 155/155/155 156/156/156 154/154/154 
f 154/154/154 156/156/156 156/156/156 
f 156/156/156 157/157/157 156/156/156 
f 156/156/156 157/157/157 157/157/157 
f 157/157/157 158/158/158 157/157/157 
f 157/157/157 158/158/158 159/159/159 
f 158/158/158 160/160/160 159/159/159 
f 159/159/159 160/160/160 161/161/161 
f 160/160/160 161/161/161 161/161/161 
f 161/161/161 161/161/161 162/162/162 
f 161/161/161 162/162/162 162/162/162 
f 162/162/162 162/162/162 162/162/162 
f 162/162/162 163/163/163 162/162/162 
f 162/162/162 163/163/163 164/164/164 
f 163/163/163 165/165/165 164/164/164 
f 164/164/164 165/165/165 165/165/165 
f 165/165/165 163/163/163 165/165/165 
f 165/165/165 163/163/163 163/163/163 
f 163/163/163 166/166/166 163/163/163 
f 163/163/163 166/166/166 165/165/165 
f 166/166/166 167/167/167 165/165/165 
f 165/165/165 167/167/167 167/167/167 
f 167/167/167 168/168/168 167/167/167 
f 167/167/167 168/168/168 168/168/168 
f 168/168/168 169/169/169 168/168/168 
f 168/168/168 169/169/169 89/89/89 
f 169/169/169 170/170/170 89/89/89 
f 89/89/89 170/170/170 170/170/170 
f 170/170/170 171/171/171 170/170/170 
f 170/170/170 171/171/171 171/171/171 
f 171/171/171 172/172/172 171/171/171 
f 171/171/171 172/172/172 173/173/173 
f 172/172/172 174/174/174 173/173/173 
f 173/173/173 174/174/174 174/174/174 
f 174/174/174 172/172/172 174/174/174 
f 174/174/174 172/172/172 175/175/175 
f 172/172/172 176/176/176 175/175/175 
f 175/175/175 176/176/176 176/176/176 
f 176/176/176 177/177/177 176/176/176 
f 176/176/176 177/177/177 177/177/177 
f 177/177/177 178/178/178 177/177/177 
f 177/177/177 178/178/178 179/179/179 
f 178/178/178 180/180/180 179/179/179 
f 179/179/179 180/180/180 180/180/180 
f 180/180/180 178/178/178 180/180/180 
f 180/180/180 178/178/178 178/178/178 
f 178/178/178 181/181/181 178/178/178 
f 178/178/178 181/181/181 180/180/180 
f 181/181/181 182/182/182 180/180/180 
f 180/180/180 182/182/182 182/182/182 
f 182/182/182 183/183/183 182/182/182 
f 182/182/182 183/183/183 183/183/183 
f 183/183/183 184/184/184 183/183/183 
f 183/183/183 184/184/184 185/185/185 
f 184/184/184 186/186/186 185/185/185 
f 185/185/185 186/186/186 186/186/186 
f 186/186/186 184/184/184 186/186/186 
f 186/186/186 184/184/184 184/184/184 
f 184/184/184 187/187/187 184/184/184 
f 184/184/184 187/187/187 186/186/186 
f 187/187/187 188/188/188 186/186/186 
f 186/186/186 188/188/188 188/188/188 
f 188/188/188 189/189/189 188/188/188 
f 188/188/188 189/189/189 189/189/189 
f 189/189/189 190/190/190 189/189/189 
f 189/189/189 190/190/190 191/191/191 
f 190/190/190 192/192/192 191/191/191 
f 191/191/191 192/192/192 192/192/192 
f 192/192/192 190/190/190 192/192/192 
f 192/192/192 190/190/190 190/190/190 
f 190/190/190 193/193/193 190/190/190 
f 190/190/190 193/193/193 192/192/192 
f 193/193/193 194/194/194 192/192/192 
f 192/192/192 194/194/194 194/194/194 
f 194/194/194 195/195/195 194/194/194 
f 194/194/194 195/195/195 195/195/195 
f 195/195/195 196/196/196 195/195/195 
f 195/195/195 196/196/196 197/197/197 
f 196/196/196 198/198/198 197/197/197 
f 197/197/197 198/198/198 198/198/198 
f 198/198/198 199/199/199 198/198/198 
f 198/198/198 199/199/199 199/199/199 
f 199/199/199 200/200/200 199/199/199 
f 199/199/199 200/200/200 201/201/201 
f 200/200/200 202/202/202 201/201/201 
f 201/201/201 202/202/202 202/202/202 
f 202/202/202 203/203/203 202/202/202 
f 202/202/202 203/203/203 203/203/203 
f 203/203/203 204/204/204 203/203/203 
f 203/203/203 204/204/204 205/205/205 
f 204/204/204 206/206/206 205/205/205 
f 205/205/205 206/206/206 206/206/206 
f 206/206/206 207/207/207 206/206/206 
f 206/206/206 207/207/207 207/207/207 
f 207/207/207 208/208/208 207/207/207 
f 207/207/207 208/208/208 209/209/209 
f 208/208/208 210/210/210 209/209/209 
f 209/209/209 210/210/210 210/210/210 
f 210/210/210 211/211/211 210/210/210 
f 210/210/210 211/211/211 211/211/211 
f 211/211/211 212/212/212 211/211/211 
f 211/211/211 212/212/212 213/213/213 
f 212/212/212 214/214/214 213/213/213 
f 213/213/213 214/214/214 214/214/214 
f 214/214/214 215/215/215 214/214/214 
f 214/214/214 215/215/215 215/215/215 
f 215/215/215 216/216/216 215/215/215 
f 215/215/215 216/216/216 217/217/217 
f 216/216/216 218/218/218 217/217/217 
f 217/217/217 218/218/218 218/218/218 
f 218/218/218 219/219/219 218/218/218 
f 218/218/218 219/219/219 219/219/219 
f 219/219/219 220/220/220 219/219/219 
f 219/219/219 220/220/220 221/221/221 
f 220/220/220 222/222/222 221/221/221 
f 221/221/221 222/222/222 222/222/222 
f 222/222/222 223/223/223 222/222/222 
f 222/222/222 223/223/223 223/223/223 
f 223/223/223 224/224/224 223/223/223 
f 223/223/223 224/224/224 225/225/225 
f 224/224/224 226/226/226 225/225/225 
f 225/225/225 226/226/226 226/226/226 
f 226/226/226 224/224/224 226/226/226 
f 226/226/226 224/224/224 224/224/224 
f 224/224/224 227/227/227 224/224/224 
f 224/224/224 227/227/227 226/226/226 
f 227/227/227 228/228/228 226/226/226 
f 226/226/226 228/228/228 228/228/228 
f 228/228/228 227/227/227 228/228/228 
f 228/228/228 227/227/227 227/227/227 
f 227/227/227 229/229/229 227/227/227 
f 227/227/227 229/229/229 228/228/228 
f 229/229/229 230/230/230 228/228/228 
f 228/228/228 230/230/230 230/230/230 
f 230/230/230 229/229/229 230/230/230 
f 230/230/230 229/229/229 229/229/229 
f 229/229/229 231/231/231 229/229/229 
f 229/229/229 231/231/231 230/230/230 
f 231/231/231 232/232/232 230/230/230 
f 230/230/230 232/232/232 232/232/232 
f 232/232/232 231/231/231 232/232/232 
f 232/232/232 231/231/231 231/231/231 
f 231/231/231 233/233/233 231/231/231 
f 231/231/231 233/233/233 232/232/232 
f 233/233/233 234/234/234 232/232/232 
f 232/232/232 234/234/234 234/234/234 
f 234/234/234 233/233/233 234/234/234 
f 234/234/234 233/233/233 233/233/233 
f 233/233/233 235/235/235 233/233/233 
f 233/233/233 235/235/235 234/234/234 
f 235/235/235 236/236/236 234/234/234 
f 234/234/234 236/236/236 236/236/236 
f 236/236/236 235/235/235 236/236/236 
f 236/236/236 235/235/235 235/235/235 
f 235/235/235 237/237/237 235/235/235 
f 235/235/235 237/237/237 236/236/236 
f 237/237/237 238/238/238 236/236/236 
f 236/236/236 238/238/238 238/238/238 
f 238/238/238 237/237/237 238/238/238 
f 238/238/238 237/237/237 237/237/237 
f 237/237/237 239/239/239 237/237/237 
f 237/237/237 239/239/239 238/238/238 
f 239/239/239 240/240/240 238/238/238 
f 238/238/238 240/240/240 240/240/240 
f 240/240/240 239/239/239 240/240/240 
f 240/240/240 239/239/239 239/239/239 
f 239/239/239 241/241/241 239/239/239 
f 239/239/239 241/241/241 240/240/240 
f 241/241/241 242/242/242 240/240/240 
f 240/240/240 242/242/242 242/242/242 
f 242/242/242 241/241/241 242/242/242 
f 242/242/242 241/241/241 241/241/241 
f 241/241/241 243/243/243 241/241/241 
f 241/241/241 243/243/243 242/242/242 
f 243/243/243 244/244/244 242/242/242 
f 242/242/242 244/244/244 244/244/244 
f 244/244/244 243/243/243 244/244/244 
f 244/244/244 243/243/243 243/243/243 
f 243/243/243 245/245/245 243/243/243 
f 243/243/243 245/245/245 244/244/244 
f 245/245/245 246/246/246 244/244/244 
f 244/244/244 246/246/246 246/246/246 
f 246/246/246 245/245/245 246/246/246 
f 246/246/246 245/245/245 245/245/245 
f 245/245/245 247/247/247 245/245/245 
f 245/245/245 247/247/247 246/246/246 
f 247/247/247 248/248/248 246/246/246 
f 246/246/246 248/248/248 248/248/248 
f 248/248/248 249/249/249 248/248/248 
f 248/248/248 249/249/249 249/249/249 
f 249/249/249 250/250/250 249/249/249 
f 249/249/249 250/250/250 251/251/251 
f 250/250/250 252/252/252 251/251/251 
f 251/251/251 252/252/252 252/252/252 
f 252/252/252 197/197/197 252/252/252 
f 252/252/252 197/197/197 197/197/197 
f 197/197/197 253/253/253 197/197/197 
f 197/197/197 253/253/253 254/254/254 
f 253/253/253 255/255/255 254/254/254 
f 254/254/254 255/255/255 255/255/255 
f 255/255/255 256/256/256 255/255/255 
f 255/255/255 256/256/256 256/256/256 
f 256/256/256 257/257/257 256/256/256 
f 256/256/256 257/257/257 258/258/258 
f 257/257/257 259/259/259 258/258/258 
f 258/258/258 259/259/259 260/260/260 
f 259/259/259 261/261/261 260/260/260 
f 260/260/260 261/261/261 261/261/261 
f 261/261/261 262/262/262 261/261/261 
f 261/261/261 262/262/262 262/262/262 
f 262/262/262 263/263/263 262/262/262 
f 262/262/262 263/263/263 264/264/264 
f 263/263/263 265/265/265 264/264/264 
f 264/264/264 265/265/265 265/265/265 
f 265/265/265 266/266/266 265/265/265 
f 265/265/265 266/266/266 266/266/266 
f 266/266/266 267/267/267 266/266/266 
f 266/266/266 267/267/267 268/268/268 
f 267/267/267 269/269/269 268/268/268 
f 268/268/268 269/269/269 269/269/269 
f 269/269/269 270/270/270 269/269/269 
f 269/269/269 270/270/270 270/270/270 
f 270/270/270 271/271/271 270/270/270 
f 270/270/270 271/271/271 272/272/272 
f 271/271/271 273/273/273 272/272/272 
f 272/272/272 273/273/273 274/274/274 
f 273/273/273 274/274/274 274/274/274 
f 274/274/274 274/274/274 275/275/275 
f 274/274/274 275/275/275 275/275/275 
f 275/275/275 275/275/275 275/275/275 
f 275/275/275 276/276/276 275/275/275 
f 275/275/275 276/276/276 277/277/277 
f 276/276/276 278/278/278 277/277/277 
f 277/277/277 278/278/278 278/278/278 
f 278/278/278 279/279/279 278/278/278 
f 278/278/278 279/279/279 279/279/279 
f 279/279/279 280/280/280 279/279/279 
f 279/279/279 280/280/280 281/281/281 
f 280/280/280 282/282/282 281/281/281 
f 281/281/281 282/282/282 283/283/283 
f 282/282/282 284/284/284 283/283/283 
f 283/283/283 284/284/284 284/284/284 
f 284/284/284 285/285/285 284/284/284 
f 284/284/284 285/285/285 285/285/285 
f 285/285/285 286/286/286 285/285/285 
f 285/285/285 286/286/286 287/287/287 
f 286/286/286 288/288/288 287/287/287 
f 287/287/287 288/288/288 288/288/288 
f 288/288/288 289/289/289 288/288/288 
f 288/288/288 289/289/289 289/289/289 
f 289/289/289 290/290/290 289/289/289 
f 289/289/289 290/290/290 291/291/291 
f 290/290/290 292/292/292 291/291/291 
f 291/291/291 292/292/292 293/293/293 
f 292/292/292 294/294/294 293/293/293 
f 293/293/293 294/294/294 294/294/294 
f 294/294/294 295/295/295 294/294/294 
f 294/294/294 295/295/295 295/295/295 
f 295/295/295 296/296/296 295/295/295 
f 295/295/295 296/296/296 297/297/297 
f 296/296/296 298/298/298 297/297/297 
f 297/297/297 298/298/298 299/299/299 
f 298/298/298 300/300/300 299/299/299 
f 299/299/299 300/300/300 301/301/301 
f 300/300/300 302/302/302 301/301/301 
f 301/301/301 302/302/302 302/302/302 
f 302/302/302 303/303/303 302/302/302 
f 302/302/302 303/303/303 303/303/303 
f 303/303/303 304/304/304 303/303/303 
f 303/303/303 304/304/304 305/305/305 
f 304/304/304 306/306/306 305/305/305 
f 305/305/305 306/306/306 307/307/307 
f 306/306/306 308/308/308 307/307/307 
f 307/307/307 308/308/308 308/308/308 
f 308/308/308 309/309/309 308/308/308 
f 308/308/308 309/309/309 309/309/309 
f 309/309/309 310/310/310 309/309/309 
f 309/309/309 310/310/310 311/311/311 
f 310/310/310 312/312/312 311/311/311 
f 311/311/311 312/312/312 312/312/312 
f 312/312/312 313/313/313 312/312/312 
f 312/312/312 313/313/313 313/313/313 
f 313/313/313 314/314/314 313/313/313 
f 313/313/313 314/314/314 315/315/315 
f 314/314/314 316/316/316 315/315/315 
f 315/315/315 316/316/316 317/317/317 
f 316/316/316 318/318/318 317/317/317 
f 317/317/317 318/318/318 319/319/319 
f 318/318/318 319/319/319 319/319/319 
f 319/319/319 319/319/319 315/315/315 
f 319/319/319 315/315/315 315/315/315 
f 315/315/315 315/315/315 315/315/315 
f 315/315/315 317/317/317 315/315/315 
f 315/315/315 317/317/317 320/320/320 
f 317/317/317 321/321/321 320/320/320 
f 320/320/320 321/321/321 321/321/321 
f 321/321/321 322/322/322 321/321/321 
f 321/321/321 322/322/322 322/322/322 
f 322/322/322 323/323/323 322/322/322 
f 322/322/322 323/323/323 324/324/324 
f 323/323/323 325/325/325 324/324/324 
f 324/324/324 325/325/325 326/326/326 
f 325/325/325 326/326/326 326/326/326 
f 326/326/326 326/326/326 325/325/325 
f 326/326/326 325/325/325 325/325/325 
f 325/325/325 325/325/325 325/325/325 
f 325/325/325 323/323/323 325/325/325 
f 325/325/325 323/323/323 327/327/327 
f 323/323/323 328/328/328 327/327/327 
f 327/327/327 328/328/328 328/328/328 
f 328/328/328 329/329/329 328/328/328 
f 328/328/328 329/329/329 329/329/329 
f 329/329/329 330/330/330 329/329/329 
f 329/329/329 330/330/330 331/331/331 
f 330/330/330 332/332/332 331/331/331 
f 331/331/331 332/332/332 332/332/332 
f 332/332/332 333/333/333 332/332/332 
f 332/332/332 333/333/333 333/333/333 
f 333/333/333 334/334/334 333/333/333 
f 333/333/333 334/334/334 335/335/335 
f 334/334/334 336/336/336 335/335/335 
f 335/335/335 336/336/336 336/336/336 
f 336/336/336 337/337/337 336/336/336 
f 336/336/336 337/337/337 337/337/337 
f 337/337/337 338/338/338 337/337/337 
f 337/337/337 338/338/338 339/339/339 
f 338/338/338 340/340/340 339/339/339 
f 339/339/339 340/340/340 340/340/340 
f 340/340/340 341/341/341 340/340/340 
f 340/340/340 341/341/341 341/341/341 
f 341/341/341 342/342/342 341/341/341 
f 341/341/341 342/342/342 343/343/343 
f 342/342/342 344/344/344 343/343/343 
f 343/343/343 344/344/344 344/344/344 
f 344/344/344 345/345/345 344/344/344 
f 344/344/344 345/345/345 345/345/345 
f 345/345/345 346/346/346 345/345/345 
f 345/345/345 346/346/346 347/347/347 
f 346/346/346 348/348/348 347/347/347 
f 347/347/347 348/348/348 348/348/348 
f 348/348/348 349/349/349 348/348/348 
f 348/348/348 349/349/349 349/349/349 
f 349/349/349 350/350/350 349/349/349 
f 349/349/349 350/350/350 351/351/351 
f 350/350/350 352/352/352 351/351/351 
f 351/351/351 352/352/352 352/352/352 
f 352/352/352 7/7/7 352/352/352 
f 352/352/352 7/7/7 7/7/7 
f 7/7/7 353/353/353 7/7/7 
f 7/7/7 353/353/353 354/354/354 
f 353/353/353 355/355/355 354/354/354 
f 354/354/354 355/355/355 355/355/355 
f 355/355/355 356/356/356 355/355/355 
f 355/355/355 356/356/356 356/356/356 
f 356/356/356 357/357/357 356/356/356 
f 356/356/356 357/357/357 358/358/358 
f 357/357/357 359/359/359 358/358/358 
f 358/358/358 359/359/359 359/359/359 
f 359/359/359 360/360/360 359/359/359 
f 359/359/359 360/360/360 360/360/360 
f 360/360/360 361/361/361 360/360/360 
f 360/360/360 361/361/361 362/362/362 
f 361/361/361 363/363/363 362/362/362 
f 362/362/362 363/363/363 363/363/363 
f 363/363/363 364/364/364 363/363/363 
f 363/363/363 364/364/364 364/364/364 
f 364/364/364 365/365/365 364/364/364 
f 364/364/364 365/365/365 366/366/366 
f 365/365/365 367/367/367 366/366/366 
f 366/366/366 367/367/367 367/367/367 
f 367/367/367 368/368/368 367/367/367 
f 367/367/367 368/368/368 368/368/368 
f 368/368/368 369/369/369 368/368/368 
f 368/368/368 369/369/369 370/370/370 
f 369/369/369 371/371/371 370/370/370 
f 370/370/370 371/371/371 371/371/371 
f 371/371/371 372/372/372 371/371/371 
f 371/371/371 372/372/372 372/372/372 
f 372/372/372 373/373/373 372/372/372 
f 372/372/372 373/373/373 374/374/374 
f 373/373/373 375/375/375 374/374/374 
f 374/374/374 375/375/375 375/375/375 
f 375/375/375 376/376/376 375/375/375 
f 375/375/375 376/376/376 376/376/376 
f 376/376/376 377/377/377 376/376/376 
f 376/376/376 377/377/377 378/378/378 
f 377/377/377 379/379/379 378/378/378 
f 378/378/378 379/379/379 379/379/379 
f 379/379/379 380/380/380 379/379/379 
f 379/379/379 380/380/380 380/380/380 
f 380/380/380 381/381/381 380/380/380 
f 380/380/380 381/381/381 382/382/382 
f 381/381/381 383/383/383 382/382/382 
f 382/382/382 383/383/383 384/384/384 
f 383/383/383 384/384/384 384/384/384 
f 384/384/384 384/384/384 385/385/385 
f 384/384/384 385/385/385 385/385/385 
f 385/385/385 385/385/385 385/385/385 
f 385/385/385 386/386/386 385/385/385 
f 385/385/385 386/386/386 387/387/387 
f 386/386/386 388/388/388 387/387/387 
f 387/387/387 388/388/388 388/388/388 
f 388/388/388 389/389/389 388/388/388 
f 388/388/388 389/389/389 389/389/389 
f 389/389/389 390/390/390 389/389/389 
f 389/389/389 390/390/390 391/391/391 
f 390/390/390 392/392/392 391/391/391 
f 391/391/391 392/392/392 393/393/393 
f 392/392/392 394/394/394 393/393/393 
f 393/393/393 394/394/394 394/394/394 
f 394/394/394 390/390/390 394/394/394 
f 394/394/394 390/390/390 390/390/390 
f 390/390/390 395/395/395 390/390/390 
f 390/390/390 395/395/395 392/392/392 
f 395/395/395 396/396/396 392/392/392 
f 392/392/392 396/396/396 394/394/394 
f 396/396/396 397/397/397 394/394/394 
f 394/394/394 397/397/397 397/397/397 
f 397/397/397 398/398/398 397/397/397 
f 397/397/397 398/398/398 398/398/398 
f 398/398/398 399/399/399 398/398/398 
f 398/398/398 399/399/399 400/400/400 
f 399/399/399 401/401/401 400/400/400 
f 400/400/400 401/401/401 402/402/402 
f 401/401/401 403/403/403 402/402/402 
f 402/402/402 403/403/403 403/403/403 
f 403/403/403 404/404/404 403/403/403 
f 403/403/403 404/404/404 404/404/404 
f 404/404/404 405/405/405 404/404/404 
f 404/404/404 405/405/405 406/406/406 
f 405/405/405 407/407/407 406/406/406 
f 406/406/406 407/407/407 407/407/407 
f 407/407/407 408/408/408 407/407/407 
f 407/407/407 408/408/408 408/408/408 
f 408/408/408 409/409/409 408/408/408 
f 408/408/408 409/409/409 410/410/410 
f 409/409/409 411/411/411 410/410/410 
f 410/410/410 411/411/411 412/412/412 
f 411/411/411 413/413/413 412/412/412 
f 412/412/412 413/413/413 414/414/414 
f 413/413/413 415/415/415 414/414/414 
f 414/414/414 415/415/415 415/415/415 
f 415/415/415 416/416/416 415/415/415 
f 415/415/415 416/416/416 416/416/416 
f 416/416/416 417/417/417 416/416/416 
f 416/416/416 417/417/417 418/418/418 
f 417/417/417 419/419/419 418/418/418 
f 418/418/418 419/419/419 419/419/419 
f 419/419/419 417/417/417 419/419/419 
f 419/419/419 417/417/417 417/417/417 
f 417/417/417 420/420/420 417/417/417 
f 417/417/417 420/420/420 419/419/419 
f 420/420/420 421/421/421 419/419/419 
f 419/419/419 421/421/421 421/421/421 
f 421/421/421 422/422/422 421/421/421 
f 421/421/421 422/422/422 422/422/422 
f 422/422/422 423/423/423 422/422/422 
f 422/422/422 423/423/423 424/424/424 
f 423/423/423 425/425/425 424/424/424 
f 424/424/424 425/425/425 426/426/426 
f 425/425/425 426/426/426 426/426/426 
f 426/426/426 426/426/426 425/425/425 
f 426/426/426 425/425/425 425/425/425 
f 425/425/425 425/425/425 425/425/425 
f 425/425/425 423/423/423 425/425/425 
f 425/425/425 423/423/423 427/427/427 
f 423/423/423 428/428/428 427/427/427 
f 427/427/427 428/428/428 428/428/428 
f 428/428/428 429/429/429 428/428/428 
f 428/428/428 429/429/429 429/429/429 
f 429/429/429 430/430/430 429/429/429 
f 429/429/429 430/430/430 431/431/431 
f 430/430/430 432/432/432 431/431/431 
f 431/431/431 432/432/432 432/432/432 
f 432/432/432 433/433/433 432/432/432 
f 432/432/432 433/433/433 433/433/433 
f 433/433/433 434/434/434 433/433/433 
f 433/433/433 434/434/434 435/435/435 
f 434/434/434 436/436/436 435/435/435 
f 435/435/435 436/436/436 436/436/436 
f 436/436/436 437/437/437 436/436/436 
f 436/436/436 437/437/437 437/437/437 
f 437/437/437 438/438/438 437/437/437 
f 437/437/437 438/438/438 439/439/439 
f 438/438/438 440/440/440 439/439/439 
f 439/439/439 440/440/440 441/441/441 
f 440/440/440 441/441/441 441/441/441 
f 441/441/441 441/441/441 438/438/438 
f 441/441/441 438/438/438 438/438/438 
f 438/438/438 438/438/438 438/438/438 
f 438/438/438 442/442/442 438/438/438 
f 438/438/438 442/442/442 440/440/440 
f 442/442/442 443/443/443 440/440/440 
f 440/440/440 443/443/443 443/443/443 
f 443/443/443 444/444/444 443/443/443 
f 443/443/443 444/444/444 444/444/444 
f 444/444/444 445/445/445 444/444/444 
f 444/444/444 445/445/445 446/446/446 
f 445/445/445 447/447/447 446/446/446 
f 446/446/446 447/447/447 447/447/447 
f 447/447/447 445/445/445 447/447/447 
f 447/447/447 445/445/445 445/445/445 
f 445/445/445 448/448/448 445/445/445 
f 445/445/445 448/448/448 447/447/447 
f 448/448/448 449/449/449 447/447/447 
f 447/447/447 449/449/449 449/449/449 
f 449/449/449 448/448/448 449/449/449 
f 449/449/449 448/448/448 448/448/448 
f 448/448/448 450/450/450 448/448/448 
f 448/448/448 450/450/450 449/449/449 
f 450/450/450 451/451/451 449/449/449 
f 449/449/449 451/451/451 451/451/451 
f 451/451/451 450/450/450 451/451/451 
f 451/451/451 450/450/450 450/450/450 
f 450/450/450 452/452/452 450/450/450 
f 450/450/450 452/452/452 451/451/451 
f 452/452/452 453/453/453 451/451/451 
f 451/451/451 453/453/453 453/453/453 
f 453/453/453 452/452/452 453/453/453 
f 453/453/453 452/452/452 452/452/452 
f 452/452/452 454/454/454 452/452/452 
f 452/452/452 454/454/454 453/453/453 
f 454/454/454 455/455/455 453/453/453 
f 453/453/453 455/455/455 455/455/455 
f 455/455/455 454/454/454 455/455/455 
f 455/455/455 454/454/454 454/454/454 
f 454/454/454 456/456/456 454/454/454 
f 454/454/454 456/456/456 455/455/455 
f 456/456/456 457/457/457 455/455/455 
f 455/455/455 457/457/457 457/457/457 
f 457/457/457 456/456/456 457/457/457 
f 457/457/457 456/456/456 456/456/456 
f 456/456/456 458/458/458 456/456/456 
f 456/456/456 458/458/458 457/457/457 
f 458/458/458 459/459/459 457/457/457 
f 457/457/457 459/459/459 459/459/459 
f 459/459/459 458/458/458 459/459/459 
f 459/459/459 458/458/458 458/458/458 
f 458/458/458 460/460/460 458/458/458 
f 458/458/458 460/460/460 459/459/459 
f 460/460/460 461/461/461 459/459/459 
f 459/459/459 461/461/461 461/461/461 
f 461/461/461 460/460/460 461/461/461 
f 461/461/461 460/460/460 460/460/460 
f 460/460/460 462/462/462 460/460/460 
f 460/460/460 462/462/462 461/461/461 
f 462/462/462 463/463/463 461/461/461 
f 461/461/461 463/463/463 463/463/463 
f 463/463/463 462/462/462 463/463/463 
f 463/463/463 462/462/462 462/462/462 
f 462/462/462 464/464/464 462/462/462 
f 462/462/462 464/464/464 463/463/463 
f 464/464/464 465/465/465 463/463/463 
f 463/463/463 465/465/465 465/465/465 
f 465/465/465 464/464/464 465/465/465 
f 465/465/465 464/464/464 464/464/464 
f 464/464/464 466/466/466 464/464/464 
f 464/464/464 466/466/466 465/465/465 
f 466/466/466 467/467/467 465/465/465 
f 465/465/465 467/467/467 467/467/467 
f 467/467/467 466/466/466 467/467/467 
f 467/467/467 466/466/466 466/466/466 
f 466/466/466 468/468/468 466/466/466 
f 466/466/466 468/468/468 467/467/467 
f 468/468/468 469/469/469 467/467/467 
f 467/467/467 469/469/469 469/469/469 
f 469/469/469 470/470/470 469/469/469 
f 469/469/469 470/470/470 470/470/470 
f 470/470/470 471/471/471 470/470/470 
f 470/470/470 471/471/471 472/472/472 
f 471/471/471 473/473/473 472/472/472 
f 472/472/472 473/473/473 474/474/474 
f 473/473/473 475/475/475 474/474/474 
f 474/474/474 475/475/475 475/475/475 
f 475/475/475 476/476/476 475/475/475 
f 475/475/475 476/476/476 476/476/476 
f 476/476/476 477/477/477 476/476/476 
f 476/476/476 477/477/477 478/478/478 
f 477/477/477 479/479/479 478/478/478 
f 478/478/478 479/479/479 479/479/479 
f 479/479/479 480/480/480 479/479/479 
f 479/479/479 480/480/480 480/480/480 
f 480/480/480 481/481/481 480/480/480 
f 480/480/480 481/481/481 482/482/482 
f 481/481/481 483/483/483 482/482/482 
f 482/482/482 483/483/483 483/483/483 
f 483/483/483 484/484/484 483/483/483 
f 483/483/483 484/484/484 484/484/484 
f 484/484/484 485/485/485 484/484/484 
f 484/484/484 485/485/485 486/486/486 
f 485/485/485 487/487/487 486/486/486 
f 486/486/486 487/487/487 487/487/487 
f 487/487/487 485/485/485 487/487/487 
f 487/487/487 485/485/485 485/485/485 
f 485/485/485 488/488/488 485/485/485 
f 485/485/485 488/488/488 487/487/487 
f 488/488/488 489/489/489 487/487/487 
f 487/487/487 489/489/489 489/489/489 
f 489/489/489 490/490/490 489/489/489 
f 489/489/489 490/490/490 490/490/490 
f 490/490/490 491/491/491 490/490/490 
f 490/490/490 491/491/491 492/492/492 
f 491/491/491 493/493/493 492/492/492 
f 492/492/492 493/493/493 494/494/494 
f 493/493/493 494/494/494 494/494/494 
f 494/494/494 494/494/494 495/495/495 
f 494/494/494 495/495/495 495/495/495 
f 495/495/495 495/495/495 495/495/495 
f 495/495/495 496/496/496 495/495/495 
f 495/495/495 496/496/496 497/497/497 
f 496/496/496 498/498/498 497/497/497 
f 497/497/497 498/498/498 498/498/498 
f 498/498/498 499/499/499 498/498/498 
f 498/498/498 499/499/499 499/499/499 
f 499/499/499 500/500/500 499/499/499 
f 499/499/499 500/500/500 501/501/501 
f 500/500/500 502/502/502 501/501/501 
f 501/501/501 502/502/502 502/502/502 
f 502/502/502 503/503/503 502/502/502 
f 502/502/502 503/503/503 503/503/503 
f 503/503/503 504/504/504 503/503/503 
f 503/503/503 504/504/504 505/505/505 
f 504/504/504 506/506/506 505/505/505 
f 505/505/505 506/506/506 507/507/507 
f 506/506/506 508/508/508 507/507/507 
f 507/507/507 508/508/508 509/509/509 
f 508/508/508 510/510/510 509/509/509 
f 509/509/509 510/510/510 511/511/511 
f 510/510/510 512/512/512 511/511/511 
f 511/511/511 512/512/512 513/513/513 
f 512/512/512 514/514/514 513/513/513 
f 513/513/513 514/514/514 515/515/515 
f 514/514/514 516/516/516 515/515/515 
f 515/515/515 516/516/516 517/517/517 
f 516/516/516 518/518/518 517/517/517 
f 517/517/517 518/518/518 519/519/519 
f 518/518/518 520/520/520 519/519/519 
f 519/519/519 520/520/520 521/521/521 
f 520/520/520 522/522/522 521/521/521 
f 521/521/521 522/522/522 523/523/523 
f 522/522/522 524/524/524 523/523/523 
f 523/523/523 524/524/524 525/525/525 
f 524/524/524 526/526/526 525/525/525 
f 525/525/525 526/526/526 527/527/527 
f 526/526/526 528/528/528 527/527/527 
f 527/527/527 528/528/528 528/528/528 
f 528/528/528 529/529/529 528/528/528 
f 528/528/528 529/529/529 529/529/529 
f 529/529/529 530/530/530 529/529/529 
f 529/529/529 530/530/530 531/531/531 
f 530/530/530 532/532/532 531/531/531 
f 531/531/531 532/532/532 533/533/533 
f 532/532/532 533/533/533 533/533/533 
f 533/533/533 533/533/533 534/534/534 
f 533/533/533 534/534/534 534/534/534 
f 534/534/534 534/534/534 534/534/534 
f 534/534/534 535/535/535 534/534/534 
f 534/534/534 535/535/535 536/536/536 
f 535/535/535 537/537/537 536/536/536 
f 536/536/536 537/537/537 538/538/538 
f 537/537/537 539/539/539 538/538/538 
f 538/538/538 539/539/539 539/539/539 
f 539/539/539 535/535/535 539/539/539 
f 539/539/539 535/535/535 535/535/535 
f 535/535/535 540/540/540 535/535/535 
f 535/535/535 540/540/540 537/537/537 
f 540/540/540 541/541/541 537/537/537 
f 537/537/537 541/541/541 539/539/539 
f 541/541/541 542/542/542 539/539/539 
f 539/539/539 542/542/542 542/542/542 
f 542/542/542 540/540/540 542/542/542 
f 542/542/542 540/540/540 540/540/540 
f 540/540/540 543/543/543 540/540/540 
f 540/540/540 543/543/543 541/541/541 
f 543/543/543 544/544/544 541/541/541 
f 541/541/541 544/544/544 542/542/542 
f 544/544/544 542/542/542 542/542/542 
f 542/542/542 542/542/542 545/545/545 
f 542/542/542 545/545/545 545/545/545 
f 545/545/545 545/545/545 545/545/545 
f 545/545/545 546/546/546 545/545/545 
f 545/545/545 546/546/546 547/547/547 
f 546/546/546 548/548/548 547/547/547 
f 547/547/547 548/548/548 548/548/548 
f 548/548/548 549/549/549 548/548/548 
f 548/548/548 549/549/549 549/549/549 
f 549/549/549 550/550/550 549/549/549 
f 549/549/549 550/550/550 551/551/551 
f 550/550/550 552/552/552 551/551/551 
f 551/551/551 552/552/552 552/552/552 
f 552/552/552 550/550/550 552/552/552 
f 552/552/552 550/550/550 550/550/550 
f 550/550/550 553/553/553 550/550/550 
f 550/550/550 553/553/553 552/552/552 
f 553/553/553 554/554/554 552/552/552 
f 552/552/552 554/554/554 554/554/554 
f 554/554/554 555/555/555 554/554/554 
f 554/554/554 555/555/555 555/555/555 
f 555/555/555 556/556/556 555/555/555 
f 555/555/555 556/556/556 557/557/557 
f 556/556/556 558/558/558 557/557/557 
f 557/557/557 558/558/558 558/558/558 
f 558/558/558 559/559/559 558/558/558 
f 558/558/558 559/559/559 559/559/559 
f 559/559/559 560/560/560 559/559/559 
f 559/559/559 560/560/560 561/561/561 
f 560/560/560 562/562/562 561/561/561 
f 561/561/561 562/562/562 562/562/562 
f 562/562/562 563/563/563 562/562/562 
f 562/562/562 563/563/563 563/563/563 
f 563/563/563 564/564/564 563/563/563 
f 563/563/563 564/564/564 565/565/565 
f 564/564/564 566/566/566 565/565/565 
f 565/565/565 566/566/566 566/566/566 
f 566/566/566 567/567/567 566/566/566 
f 566/566/566 567/567/567 567/567/567 
f 567/567/567 568/568/568 567/567/567 
f 567/567/567 568/568/568 569/569/569 
f 568/568/568 570/570/570 569/569/569 
f 569/569/569 570/570/570 570/570/570 
f 570/570/570 568/568/568 570/570/570 
f 570/570/570 568/568/568 568/568/568 
f 568/568/568 571/571/571 568/568/568 
f 568/568/568 571/571/571 570/570/570 
f 571/571/571 572/572/572 570/570/570 
f 570/570/570 572/572/572 572/572/572 
f 572/572/572 573/573/573 572/572/572 
f 572/572/572 573/573/573 573/573/573 
f 573/573/573 574/574/574 573/573/573 
f 573/573/573 574/574/574 575/575/575 
f 574/574/574 576/576/576 575/575/575 
f 575/575/575 576/576/576 576/576/576 
f 576/576/576 577/577/577 576/576/576 
f 576/576/576 577/577/577 577/577/577 
f 577/577/577 578/578/578 577/577/577 
f 577/577/577 578/578/578 579/579/579 
f 578/578/578 580/580/580 579/579/579 
f 579/579/579 580/580/580 580/580/580 
f 580/580/580 578/578/578 580/580/580 
f 580/580/580 578/578/578 578/578/578 
f 578/578/578 581/581/581 578/578/578 
f 578/578/578 581/581/581 580/580/580 
f 581/581/581 582/582/582 580/580/580 
f 580/580/580 582/582/582 582/582/582 
f 582/582/582 583/583/583 582/582/582 
f 582/582/582 583/583/583 583/583/583 
f 583/583/583 584/584/584 583/583/583 
f 583/583/583 584/584/584 585/585/585 
f 584/584/584 586/586/586 585/585/585 
f 585/585/585 586/586/586 586/586/586 
f 586/586/586 587/587/587 586/586/586 
f 586/586/586 587/587/587 587/587/587 
f 587/587/587 588/588/588 587/587/587 
f 587/587/587 588/588/588 589/589/589 
f 588/588/588 590/590/590 589/589/589 
f 589/589/589 590/590/590 591/591/591 
f 590/590/590 592/592/592 591/591/591 
f 591/591/591 592/592/592 592/592/592 
f 592/592/592 588/588/588 592/592/592 
f 592/592/592 588/588/588 588/588/588 
f 588/588/588 593/593/593 588/588/588 
f 588/588/588 593/593/593 590/590/590 
f 593/593/593 594/594/594 590/590/590 
f 590/590/590 594/594/594 592/592/592 
f 594/594/594 592/592/592 592/592/592 
f 592/592/592 592/592/592 595/595/595 
f 592/592/592 595/595/595 595/595/595 
f 595/595/595 595/595/595 595/595/595 
f 595/595/595 596/596/596 595/595/595 
f 595/595/595 596/596/596 597/597/597 
f 596/596/596 598/598/598 597/597/597 
f 597/597/597 598/598/598 599/599/599 
f 598/598/598 599/599/599 599/599/599 
f 599/599/599 599/599/599 600/600/600 
f 599/599/599 600/600/600 600/600/600 
f 600/600/600 600/600/600 600/600/600 
f 600/600/600 601/601/601 600/600/600 
f 600/600/600 601/601/601 602/602/602 
f 601/601/601 603/603/603 602/602/602 
f 602/602/602 603/603/603 603/603/603 
f 603/603/603 604/604/604 603/603/603 
f 603/603/603 604/604/604 604/604/604 
f 604/604/604 605/605/605 604/604/604 
f 604/604/604 605/605/605 606/606/606 
f 605/605/605 607/607/607 606/606/606 
f 606/606/606 607/607/607 608/608/608 
f 607/607/607 608/608/608 608/608/608 
f 608/608/608 608/608/608 607/607/607 
f 608/608/608 607/607/607 607/607/607 
f 607/607/607 607/607/607 607/607/607 
f 607/607/607 605/605/605 607/607/607 
f 607/607/607 605/605/605 609/609/609 
f 605/605/605 610/610/610 609/609/609 
f 609/609/609 610/610/610 610/610/610 
f 610/610/610 611/611/611 610/610/610 
f 610/610/610 611/611/611 611/611/611 
f 611/611/611 612/612/612 611/611/611 
f 611/611/611 612/612/612 613/613/613 
f 612/612/612 614/614/614 613/613/613 
f 613/613/613 614/614/614 615/615/615 
f 614/614/614 616/616/616 615/615/615 
f 615/615/615 616/616/616 616/616/616 
f 616/616/616 617/617/617 616/616/616 
f 616/616/616 617/617/617 617/617/617 
f 617/617/617 618/618/618 617/617/617 
f 617/617/617 618/618/618 619/619/619 
f 618/618/618 620/620/620 619/619/619 
f 619/619/619 620/620/620 620/620/620 
f 620/620/620 621/621/621 620/620/620 
f 620/620/620 621/621/621 621/621/621 
f 621/621/621 622/622/622 621/621/621 
f 621/621/621 622/622/622 623/623/623 
f 622/622/622 624/624/624 623/623/623 
f 623/623/623 624/624/624 625/625/625 
f 624/624/624 626/626/626 625/625/625 
f 625/625/625 626/626/626 626/626/626 
f 626/626/626 622/622/622 626/626/626 
f 626/626/626 622/622/622 622/622/622 
f 622/622/622 627/627/627 622/622/622 
f 622/622/622 627/627/627 624/624/624 
f 627/627/627 628/628/628 624/624/624 
f 624/624/624 628/628/628 626/626/626 
f 628/628/628 626/626/626 626/626/626 
f 626/626/626 626/626/626 629/629/629 
f 626/626/626 629/629/629 629/629/629 
f 629/629/629 629/629/629 629/629/629 
f 629/629/629 630/630/630 629/629/629 
f 629/629/629 630/630/630 631/631/631 
f 630/630/630 632/632/632 631/631/631 
f 631/631/631 632/632/632 632/632/632 
f 632/632/632 633/633/633 632/632/632 
f 632/632/632 633/633/633 633/633/633 
f 633/633/633 634/634/634 633/633/633 
f 633/633/633 634/634/634 635/635/635 
f 634/634/634 636/636/636 635/635/635 
f 635/635/635 636/636/636 637/637/637 
f 636/636/636 637/637/637 637/637/637 
f 637/637/637 637/637/637 638/638/638 
f 637/637/637 638/638/638 638/638/638 
f 638/638/638 638/638/638 638/638/638 
f 638/638/638 639/639/639 638/638/638 
f 638/638/638 639/639/639 640/640/640 
f 639/639/639 641/641/641 640/640/640 
f 640/640/640 641/641/641 642/642/642 
f 641/641/641 643/643/643 642/642/642 
f 642/642/642 643/643/643 643/643/643 
f 643/643/643 639/639/639 643/643/643 
f 643/643/643 639/639/639 639/639/639 
f 639/639/639 644/644/644 639/639/639 
f 639/639/639 644/644/644 641/641/641 
f 644/644/644 645/645/645 641/641/641 
f 641/641/641 645/645/645 643/643/643 
f 645/645/645 646/646/646 643/643/643 
f 643/643/643 646/646/646 646/646/646 
f 646/646/646 644/644/644 646/646/646 
f 646/646/646 644/644/644 644/644/644 
f 644/644/644 647/647/647 644/644/644 
f 644/644/644 647/647/647 645/645/645 
f 647/647/647 648/648/648 645/645/645 
f 645/645/645 648/648/648 646/646/646 
f 648/648/648 646/646/646 646/646/646 
f 646/646/646 646/646/646 649/649/649 
f 646/646/646 649/649/649 649/649/649 
f 649/649/649 649/649/649 649/649/649 
f 649/649/649 650/650/650 649/649/649 
f 649/649/649 650/650/650 651/651/651 
f 650/650/650 652/652/652 651/651/651 
f 651/651/651 652/652/652 652/652/652 
f 652/652/652 650/650/650 652/652/652 
f 652/652/652 650/650/650 650/650/650 
f 650/650/650 653/653/653 650/650/650 
f 650/650/650 653/653/653 652/652/652 
f 653/653/653 654/654/654 652/652/652 
f 652/652/652 654/654/654 654/654/654 
f 654/654/654 653/653/653 654/654/654 
f 654/654/654 653/653/653 653/653/653 
f 653/653/653 655/655/655 653/653/653 
f 653/653/653 655/655/655 654/654/654 
f 655/655/655 656/656/656 654/654/654 
f 654/654/654 656/656/656 656/656/656 
f 656/656/656 655/655/655 656/656/656 
f 656/656/656 655/655/655 655/655/655 
f 655/655/655 657/657/657 655/655/655 
f 655/655/655 657/657/657 656/656/656 
f 657/657/657 658/658/658 656/656/656 
f 656/656/656 658/658/658 658/658/658 
f 658/658/658 659/659/659 658/658/658 
f 658/658/658 659/659/659 659/659/659 
f 659/659/659 660/660/660 659/659/659 
f 659/659/659 660/660/660 661/661/661 
f 660/660/660 662/662/662 661/661/661 
f 661/661/661 662/662/662 663/663/663 
f 662/662/662 663/663/663 663/663/663 
f 663/663/663 663/663/663 662/662/662 
f 663/663/663 662/662/662 662/662/662 
f 662/662/662 662/662/662 662/662/662 
f 662/662/662 660/660/660 662/662/662 
f 662/662/662 660/660/660 664/664/664 
f 660/660/660 665/665/665 664/664/664 
f 664/664/664 665/665/665 665/665/665 
f 665/665/665 666/666/666 665/665/665 
f 665/665/665 666/666/666 666/666/666 
f 666/666/666 667/667/667 666/666/666 
f 666/666/666 667/667/667 668/668/668 
f 667/667/667 669/669/669 668/668/668 
f 668/668/668 669/669/669 670/670/670 
f 669/669/669 670/670/670 670/670/670 
f 670/670/670 670/670/670 671/671/671 
f 670/670/670 671/671/671 671/671/671 
f 671/671/671 671/671/671 671/671/671 
f 671/671/671 672/672/672 671/671/671 
f 671/671/671 672/672/672 673/673/673 
f 672/672/672 674/674/674 673/673/673 
f 673/673/673 674/674/674 674/674/674 
f 674/674/674 672/672/672 674/674/674 
f 674/674/674 672/672/672 672/672/672 
f 672/672/672 675/675/675 672/672/672 
f 672/672/672 675/675/675 674/674/674 
f 675/675/675 676/676/676 674/674/674 
f 674/674/674 676/676/676 677/677/677 
f 676/676/676 678/678/678 677/677/677 
f 677/677/677 678/678/678 679/679/679 
f 678/678/678 680/680/680 679/679/679 
f 679/679/679 680/680/680 672/672/672 
f 680/680/680 675/675/675 672/672/672 
f 672/672/672 675/675/675 675/675/675 
f 675/675/675 681/681/681 675/675/675 
f 675/675/675 681/681/681 681/681/681 
f 681/681/681 682/682/682 681/681/681 
f 681/681/681 682/682/682 683/683/683 
f 682/682/682 684/684/684 683/683/683 
f 683/683/683 684/684/684 685/685/685 
f 684/684/684 686/686/686 685/685/685 
f 685/685/685 686/686/686 686/686/686 
f 686/686/686 682/682/682 686/686/686 
f 686/686/686 682/682/682 682/682/682 
f 682/682/682 687/687/687 682/682/682 
f 682/682/682 687/687/687 684/684/684 
f 687/687/687 688/688/688 684/684/684 
f 684/684/684 688/688/688 686/686/686 
f 688/688/688 686/686/686 686/686/686 
f 686/686/686 686/686/686 689/689/689 
f 686/686/686 689/689/689 689/689/689 
f 689/689/689 689/689/689 689/689/689 
f 689/689/689 690/690/690 689/689/689 
f 689/689/689 690/690/690 691/691/691 
f 690/690/690 692/692/692 691/691/691 
f 691/691/691 692/692/692 692/692/692 
f 692/692/692 693/693/693 692/692/692 
f 692/692/692 693/693/693 693/693/693 
f 693/693/693 694/694/694 693/693/693 
f 693/693/693 694/694/694 695/695/695 
f 694/694/694 696/696/696 695/695/695 
f 695/695/695 696/696/696 697/697/697 
f 696/696/696 697/697/697 697/697/697 
f 697/697/697 697/697/697 694/694/694 
f 697/697/697 694/694/694 694/694/694 
f 694/694/694 694/694/694 694/694/694 
f 694/694/694 698/698/698 694/694/694 
f 694/694/694 698/698/698 696/696/696 
f 698/698/698 699/699/699 696/696/696 
f 696/696/696 699/699/699 699/699/699 
f 699/699/699 700/700/700 699/699/699 
f 699/699/699 700/700/700 700/700/700 
f 700/700/700 701/701/701 700/700/700 
f 700/700/700 701/701/701 702/702/702 
f 701/701/701 703/703/703 702/702/702 
f 702/702/702 703/703/703 704/704/704 
f 703/703/703 705/705/705 704/704/704 
f 704/704/704 705/705/705 705/705/705 
f 705/705/705 701/701/701 705/705/705 
f 705/705/705 701/701/701 701/701/701 
f 701/701/701 706/706/706 701/701/701 
f 701/701/701 706/706/706 703/703/703 
f 706/706/706 707/707/707 703/703/703 
f 703/703/703 707/707/707 705/705/705 
f 707/707/707 705/705/705 705/705/705 
f 705/705/705 705/705/705 708/708/708 
f 705/705/705 708/708/708 708/708/708 
f 708/708/708 708/708/708 708/708/708 
f 708/708/708 709/709/709 708/708/708 
f 708/708/708 709/709/709 710/710/710 
f 709/709/709 711/711/711 710/710/710 
f 710/710/710 711/711/711 711/711/711 
f 711/711/711 709/709/709 711/711/711 
f 711/711/711 709/709/709 709/709/709 
f 709/709/709 712/712/712 709/709/709 
f 709/709/709 712/712/712 711/711/711 
f 712/712/712 713/713/713 711/711/711 
f 711/711/711 713/713/713 713/713/713 
f 713/713/713 714/714/714 713/713/713 
f 713/713/713 714/714/714 714/714/714 
f 714/714/714 715/715/715 714/714/714 
f 714/714/714 715/715/715 716/716/716 
f 715/715/715 717/717/717 716/716/716 
f 716/716/716 717/717/717 718/718/718 
f 717/717/717 719/719/719 718/718/718 
f 718/718/718 719/719/719 719/719/719 
f 719/719/719 720/720/720 719/719/719 
f 719/719/719 720/720/720 720/720/720 
f 720/720/720 721/721/721 720/720/720 
f 720/720/720 721/721/721 722/722/722 
f 721/721/721 723/723/723 722/722/722 
f 722/722/722 723/723/723 723/723/723 
f 723/723/723 724/724/724 723/723/723 
f 723/723/723 724/724/724 724/724/724 
f 724/724/724 725/725/725 724/724/724 
f 724/724/724 725/725/725 726/726/726 
f 725/725/725 727/727/727 726/726/726 
f 726/726/726 727/727/727 728/728/728 
f 727/727/727 729/729/729 728/728/728 
f 728/728/728 729/729/729 730/730/730 
f 729/729/729 731/731/731 730/730/730 
f 730/730/730 731/731/731 732/732/732 
f 731/731/731 733/733/733 732/732/732 
f 732/732/732 733/733/733 734/734/734 
f 733/733/733 735/735/735 734/734/734 
f 734/734/734 735/735/735 736/736/736 
f 735/735/735 737/737/737 736/736/736 
f 736/736/736 737/737/737 738/738/738 
f 737/737/737 739/739/739 738/738/738 
f 738/738/738 739/739/739 740/740/740 
f 739/739/739 741/741/741 740/740/740 
f 740/740/740 741/741/741 742/742/742 
f 741/741/741 743/743/743 742/742/742 
f 742/742/742 743/743/743 744/744/744 
f 743/743/743 745/745/745 744/744/744 
f 744/744/744 745/745/745 746/746/746 
f 745/745/745 747/747/747 746/746/746 
f 746/746/746 747/747/747 748/748/748 
f 747/747/747 749/749/749 748/748/748 
f 748/748/748 749/749/749 749/749/749 
f 749/749/749 750/750/750 749/749/749 
f 749/749/749 750/750/750 750/750/750 
f 750/750/750 751/751/751 750/750/750 
f 750/750/750 751/751/751 752/752/752 
f 751/751/751 753/753/753 752/752/752 
f 752/752/752 753/753/753 753/753/753 
f 753/753/753 754/754/754 753/753/753 
f 753/753/753 754/754/754 754/754/754 
f 754/754/754 755/755/755 754/754/754 
f 754/754/754 755/755/755 756/756/756 
f 755/755/755 757/757/757 756/756/756 
f 756/756/756 757/757/757 757/757/757 
f 757/757/757 758/758/758 757/757/757 
f 757/757/757 758/758/758 758/758/758 
f 758/758/758 759/759/759 758/758/758 
f 758/758/758 759/759/759 760/760/760 
f 759/759/759 761/761/761 760/760/760 
f 760/760/760 761/761/761 761/761/761 
f 761/761/761 759/759/759 761/761/761 
f 761/761/761 759/759/759 759/759/759 
f 759/759/759 762/762/762 759/759/759 
f 759/759/759 762/762/762 761/761/761 
f 762/762/762 763/763/763 761/761/761 
f 761/761/761 763/763/763 763/763/763 
f 763/763/763 764/764/764 763/763/763 
f 763/763/763 764/764/764 764/764/764 
f 764/764/764 765/765/765 764/764/764 
f 764/764/764 765/765/765 766/766/766 
f 765/765/765 767/767/767 766/766/766 
f 766/766/766 767/767/767 767/767/767 
f 767/767/767 768/768/768 767/767/767 
f 767/767/767 768/768/768 768/768/768 
f 768/768/768 769/769/769 768/768/768 
f 768/768/768 769/769/769 770/770/770 
f 769/769/769 771/771/771 770/770/770 
f 770/770/770 771/771/771 771/771/771 
f 771/771/771 772/772/772 771/771/771 
f 771/771/771 772/772/772 772/772/772 
f 772/772/772 773/773/773 772/772/772 
f 772/772/772 773/773/773 774/774/774 
f 773/773/773 775/775/775 774/774/774 
f 774/774/774 775/775/775 775/775/775 
f 775/775/775 776/776/776 775/775/775 
f 775/775/775 776/776/776 776/776/776 
f 776/776/776 777/777/777 776/776/776 
f 776/776/776 777/777/777 778/778/778 
f 777/777/777 779/779/779 778/778/778 
f 778/778/778 779/779/779 780/780/780 
f 779/779/779 781/781/781 780/780/780 
f 780/780/780 781/781/781 781/781/781 
f 781/781/781 782/782/782 781/781/781 
f 781/781/781 782/782/782 782/782/782 
f 782/782/782 783/783/783 782/782/782 
f 782/782/782 783/783/783 784/784/784 
f 783/783/783 785/785/785 784/784/784 
f 784/784/784 785/785/785 786/786/786 
f 785/785/785 787/787/787 786/786/786 
f 786/786/786 787/787/787 787/787/787 
f 787/787/787 783/783/783 787/787/787 
f 787/787/787 783/783/783 783/783/783 
f 783/783/783 788/788/788 783/783/783 
f 783/783/783 788/788/788 785/785/785 
f 788/788/788 789/789/789 785/785/785 
f 785/785/785 789/789/789 787/787/787 
f 789/789/789 790/790/790 787/787/787 
f 787/787/787 790/790/790 790/790/790 
f 790/790/790 788/788/788 790/790/790 
f 790/790/790 788/788/788 788/788/788 
f 788/788/788 791/791/791 788/788/788 
f 788/788/788 791/791/791 789/789/789 
f 791/791/791 792/792/792 789/789/789 
f 789/789/789 792/792/792 790/790/790 
f 792/792/792 793/793/793 790/790/790 
f 790/790/790 793/793/793 793/793/793 
f 793/793/793 794/794/794 793/793/793 
f 793/793/793 794/794/794 794/794/794 
f 794/794/794 795/795/795 794/794/794 
f 794/794/794 795/795/795 796/796/796 
f 795/795/795 797/797/797 796/796/796 
f 796/796/796 797/797/797 797/797/797 
f 797/797/797 795/795/795 797/797/797 
f 797/797/797 795/795/795 798/798/798 
f 795/795/795 799/799/799 798/798/798 
f 798/798/798 799/799/799 799/799/799 
f 799/799/799 800/800/800 799/799/799 
f 799/799/799 800/800/800 800/800/800 
f 800/800/800 801/801/801 800/800/800 
f 800/800/800 801/801/801 802/802/802 
f 801/801/801 803/803/803 802/802/802 
f 802/802/802 803/803/803 803/803/803 
f 803/803/803 801/801/801 803/803/803 
f 803/803/803 801/801/801 804/804/804 
f 801/801/801 805/805/805 804/804/804 
f 804/804/804 805/805/805 805/805/805 
f 805/805/805 806/806/806 805/805/805 
f 805/805/805 806/806/806 806/806/806 
f 806/806/806 807/807/807 806/806/806 
f 806/806/806 807/807/807 808/808/808 
f 807/807/807 809/809/809 808/808/808 
f 808/808/808 809/809/809 809/809/809 
f 809/809/809 810/810/810 809/809/809 
f 809/809/809 810/810/810 810/810/810 
f 810/810/810 811/811/811 810/810/810 
f 810/810/810 811/811/811 812/812/812 
f 811/811/811 813/813/813 812/812/812 
f 812/812/812 813/813/813 813/813/813 
f 813/813/813 814/814/814 813/813/813 
f 813/813/813 814/814/814 814/814/814 
f 814/814/814 815/815/815 814/814/814 
f 814/814/814 815/815/815 816/816/816 
f 815/815/815 817/817/817 816/816/816 
f 816/816/816 817/817/817 817/817/817 
f 817/817/817 818/818/818 817/817/817 
f 817/817/817 818/818/818 818/818/818 
f 818/818/818 819/819/819 818/818/818 
f 818/818/818 819/819/819 820/820/820 
f 819/819/819 821/821/821 820/820/820 
f 820/820/820 821/821/821 821/821/821 
f 821/821/821 822/822/822 821/821/821 
f 821/821/821 822/822/822 822/822/822 
f 822/822/822 823/823/823 822/822/822 
f 822/822/822 823/823/823 824/824/824 
f 823/823/823 825/825/825 824/824/824 
f 824/824/824 825/825/825 825/825/825 
f 825/825/825 826/826/826 825/825/825 
f 825/825/825 826/826/826 826/826/826 
f 826/826/826 827/827/827 826/826/826 
f 826/826/826 827/827/827 828/828/828 
f 827/827/827 829/829/829 828/828/828 
f 828/828/828 829/829/829 829/829/829 
f 829/829/829 830/830/830 829/829/829 
f 829/829/829 830/830/830 830/830/830 
f 830/830/830 831/831/831 830/830/830 
f 830/830/830 831/831/831 832/832/832 
f 831/831/831 833/833/833 832/832/832 
f 832/832/832 833/833/833 834/834/834 
f 833/833/833 834/834/834 834/834/834 
f 834/834/834 834/834/834 835/835/835 
f 834/834/834 835/835/835 835/835/835 
f 835/835/835 835/835/835 835/835/835 
f 835/835/835 836/836/836 835/835/835 
f 835/835/835 836/836/836 837/837/837 
f 836/836/836 838/838/838 837/837/837 
f 837/837/837 838/838/838 838/838/838 
f 838/838/838 839/839/839 838/838/838 
f 838/838/838 839/839/839 839/839/839 
f 839/839/839 840/840/840 839/839/839 
f 839/839/839 840/840/840 841/841/841 
f 840/840/840 842/842/842 841/841/841 
f 841/841/841 842/842/842 843/843/843 
f 842/842/842 843/843/843 843/843/843 
f 843/843/843 843/843/843 844/844/844 
f 843/843/843 844/844/844 844/844/844 
f 844/844/844 844/844/844 844/844/844 
f 844/844/844 845/845/845 844/844/844 
f 844/844/844 845/845/845 846/846/846 
f 845/845/845 847/847/847 846/846/846 
f 846/846/846 847/847/847 848/848/848 
f 847/847/847 848/848/848 848/848/848 
f 848/848/848 848/848/848 849/849/849 
f 848/848/848 849/849/849 849/849/849 
f 849/849/849 849/849/849 849/849/849 
f 849/849/849 850/850/850 849/849/849 
f 849/849/849 850/850/850 851/851/851 
f 850/850/850 852/852/852 851/851/851 
f 851/851/851 852/852/852 853/853/853 
f 852/852/852 853/853/853 853/853/853 
f 853/853/853 853/853/853 854/854/854 
f 853/853/853 854/854/854 854/854/854 
f 854/854/854 854/854/854 854/854/854 
f 854/854/854 855/855/855 854/854/854 
f 854/854/854 855/855/855 856/856/856 
f 855/855/855 857/857/857 856/856/856 
f 856/856/856 857/857/857 858/858/858 
f 857/857/857 858/858/858 858/858/858 
f 858/858/858 858/858/858 859/859/859 
f 858/858/858 859/859/859 859/859/859 
f 859/859/859 859/859/859 859/859/859 
f 859/859/859 860/860/860 859/859/859 
f 859/859/859 860/860/860 861/861/861 
f 860/860/860 862/862/862 861/861/861 
f 861/861/861 862/862/862 863/863/863 
f 862/862/862 863/863/863 863/863/863 
f 863/863/863 863/863/863 864/864/864 
f 863/863/863 864/864/864 864/864/864 
f 864/864/864 864/864/864 864/864/864 
f 864/864/864 865/865/865 864/864/864 
f 864/864/864 865/865/865 866/866/866 
f 865/865/865 867/867/867 866/866/866 
f 866/866/866 867/867/867 867/867/867 
f 867/867/867 868/868/868 867/867/867 
f 867/867/867 868/868/868 868/868/868 
f 868/868/868 869/869/869 868/868/868 
f 868/868/868 869/869/869 870/870/870 
f 869/869/869 871/871/871 870/870/870 
f 870/870/870 871/871/871 872/872/872 
f 871/871/871 872/872/872 872/872/872 
f 872/872/872 872/872/872 869/869/869 
f 872/872/872 869/869/869 869/869/869 
f 869/869/869 869/869/869 869/869/869 
f 869/869/869 873/873/873 869/869/869 
f 869/869/869 873/873/873 871/871/871 
f 873/873/873 874/874/874 871/871/871 
f 871/871/871 874/874/874 874/874/874 
f 874/874/874 875/875/875 874/874/874 
f 874/874/874 875/875/875 875/875/875 
f 875/875/875 876/876/876 875/875/875 
f 875/875/875 876/876/876 877/877/877 
f 876/876/876 878/878/878 877/877/877 
f 877/877/877 878/878/878 878/878/878 
f 878/878/878 876/876/876 878/878/878 
f 878/878/878 876/876/876 879/879/879 
f 876/876/876 880/880/880 879/879/879 
f 879/879/879 880/880/880 880/880/880 
f 880/880/880 881/881/881 880/880/880 
f 880/880/880 881/881/881 881/881/881 
f 881/881/881 882/882/882 881/881/881 
f 881/881/881 882/882/882 883/883/883 
f 882/882/882 884/884/884 883/883/883 
f 883/883/883 884/884/884 885/885/885 
f 884/884/884 885/885/885 885/885/885 
f 885/885/885 885/885/885 882/882/882 
f 885/885/885 882/882/882 882/882/882 
f 882/882/882 882/882/882 882/882/882 
f 882/882/882 886/886/886 882/882/882 
f 882/882/882 886/886/886 884/884/884 
f 886/886/886 887/887/887 884/884/884 
f 884/884/884 887/887/887 887/887/887 
f 887/887/887 888/888/888 887/887/887 
f 887/887/887 888/888/888 888/888/888 
f 888/888/888 889/889/889 888/888/888 
f 888/888/888 889/889/889 890/890/890 
f 889/889/889 891/891/891 890/890/890 
f 890/890/890 891/891/891 891/891/891 
f 891/891/891 892/892/892 891/891/891 
f 891/891/891 892/892/892 892/892/892 
f 892/892/892 893/893/893 892/892/892 
f 892/892/892 893/893/893 894/894/894 
f 893/893/893 895/895/895 894/894/894 
f 894/894/894 895/895/895 895/895/895 
f 895/895/895 896/896/896 895/895/895 
f 895/895/895 896/896/896 896/896/896 
f 896/896/896 897/897/897 896/896/896 
f 896/896/896 897/897/897 898/898/898 
f 897/897/897 899/899/899 898/898/898 
f 898/898/898 899/899/899 899/899/899 
f 899/899/899 900/900/900 899/899/899 
f 899/899/899 900/900/900 900/900/900 
f 900/900/900 901/901/901 900/900/900 
f 900/900/900 901/901/901 902/902/902 
f 901/901/901 903/903/903 902/902/902 
f 902/902/902 903/903/903 904/904/904 
f 903/903/903 905/905/905 904/904/904 
f 904/904/904 905/905/905 905/905/905 
f 905/905/905 906/906/906 905/905/905 
f 905/905/905 906/906/906 906/906/906 
f 906/906/906 907/907/907 906/906/906 
f 906/906/906 907/907/907 908/908/908 
f 907/907/907 909/909/909 908/908/908 
f 908/908/908 909/909/909 909/909/909 
f 909/909/909 910/910/910 909/909/909 
f 909/909/909 910/910/910 910/910/910 
f 910/910/910 911/911/911 910/910/910 
f 910/910/910 911/911/911 912/912/912 
f 911/911/911 913/913/913 912/912/912 
f 912/912/912 913/913/913 914/914/914 
f 913/913/913 915/915/915 914/914/914 
f 914/914/914 915/915/915 915/915/915 
f 915/915/915 916/916/916 915/915/915 
f 915/915/915 916/916/916 916/916/916 
f 916/916/916 917/917/917 916/916/916 
f 916/916/916 917/917/917 918/918/918 
f 917/917/917 919/919/919 918/918/918 
f 918/918/918 919/919/919 919/919/919 
f 919/919/919 920/920/920 919/919/919 
f 919/919/919 920/920/920 920/920/920 
f 920/920/920 921/921/921 920/920/920 
f 920/920/920 921/921/921 922/922/922 
f 921/921/921 923/923/923 922/922/922 
f 922/922/922 923/923/923 924/924/924 
f 923/923/923 924/924/924 924/924/924 
f 924/924/924 924/924/924 925/925/925 
f 924/924/924 925/925/925 925/925/925 
f 925/925/925 925/925/925 925/925/925 
f 925/925/925 926/926/926 925/925/925 
f 925/925/925 926/926/926 927/927/927 
f 926/926/926 928/928/928 927/927/927 
f 927/927/927 928/928/928 928/928/928 
f 928/928/928 929/929/929 928/928/928 
f 928/928/928 929/929/929 929/929/929 
f 929/929/929 930/930/930 929/929/929 
f 929/929/929 930/930/930 931/931/931 
f 930/930/930 932/932/932 931/931/931 
f 931/931/931 932/932/932 932/932/932 
f 932/932/932 933/933/933 932/932/932 
f 932/932/932 933/933/933 933/933/933 
f 933/933/933 934/934/934 933/933/933 
f 933/933/933 934/934/934 935/935/935 
f 934/934/934 936/936/936 935/935/935 
f 935/935/935 936/936/936 937/937/937 
f 936/936/936 938/938/938 937/937/937 
f 937/937/937 938/938/938 939/939/939 
f 938/938/938 940/940/940 939/939/939 
f 939/939/939 940/940/940 940/940/940 
f 940/940/940 934/934/934 940/940/940 
f 940/940/940 934/934/934 934/934/934 
f 934/934/934 941/941/941 934/934/934 
f 934/934/934 941/941/941 936/936/936 
f 941/941/941 942/942/942 936/936/936 
f 936/936/936 942/942/942 938/938/938 
f 942/942/942 943/943/943 938/938/938 
f 938/938/938 943/943/943 940/940/940 
f 943/943/943 944/944/944 940/940/940 
f 940/940/940 944/944/944 944/944/944 
f 944/944/944 945/945/945 944/944/944 
f 944/944/944 945/945/945 945/945/945 
f 945/945/945 946/946/946 945/945/945 
f 945/945/945 946/946/946 947/947/947 
f 946/946/946 948/948/948 947/947/947 
f 947/947/947 948/948/948 949/949/949 
f 948/948/948 950/950/950 949/949/949 
f 949/949/949 950/950/950 950/950/950 
f 950/950/950 946/946/946 950/950/950 
f 950/950/950 946/946/946 946/946/946 
f 946/946/946 951/951/951 946/946/946 
f 946/946/946 951/951/951 948/948/948 
f 951/951/951 952/952/952 948/948/948 
f 948/948/948 952/952/952 950/950/950 
f 952/952/952 953/953/953 950/950/950 
f 950/950/950 953/953/953 953/953/953 
f 953/953/953 954/954/954 953/953/953 
f 953/953/953 954/954/954 954/954/954 
f 954/954/954 955/955/955 954/954/954 
f 954/954/954 955/955/955 956/956/956 
f 955/955/955 957/957/957 956/956/956 
f 956/956/956 957/957/957 958/958/958 
f 957/957/957 958/958/958 958/958/958 
f 958/958/958 958/958/958 957/957/957 
f 958/958/958 957/957/957 957/957/957 
f 957/957/957 957/957/957 957/957/957 
f 957/957/957 955/955/955 957/957/957 
f 957/957/957 955/955/955 959/959/959 
f 955/955/955 960/960/960 959/959/959 
f 959/959/959 960/960/960 960/960/960 
f 960/960/960 961/961/961 960/960/960 
f 960/960/960 961/961/961 961/961/961 
f 961/961/961 962/962/962 961/961/961 
f 961/961/961 962/962/962 963/963/963 
f 962/962/962 964/964/964 963/963/963 
f 963/963/963 964/964/964 964/964/964 
f 964/964/964 962/962/962 964/964/964 
f 964/964/964 962/962/962 962/962/962 
f 962/962/962 965/965/965 962/962/962 
f 962/962/962 965/965/965 964/964/964 
f 965/965/965 966/966/966 964/964/964 
f 964/964/964 966/966/966 966/966/966 
f 966/966/966 965/965/965 966/966/966 
f 966/966/966 965/965/965 965/965/965 
f 965/965/965 967/967/967 965/965/965 
f 965/965/965 967/967/967 966/966/966 
f 967/967/967 968/968/968 966/966/966 
f 966/966/966 968/968/968 968/968/968 
f 968/968/968 969/969/969 968/968/968 
f 968/968/968 969/969/969 969/969/969 
f 969/969/969 970/970/970 969/969/969 
f 969/969/969 970/970/970 971/971/971 
f 970/970/970 972/972/972 971/971/971 
f 971/971/971 972/972/972 972/972/972 
f 972/972/972 973/973/973 972/972/972 
f 972/972/972 973/973/973 973/973/973 
f 973/973/973 974/974/974 973/973/973 
f 973/973/973 974/974/974 975/975/975 
f 974/974/974 976/976/976 975/975/975 
f 975/975/975 976/976/976 977/977/977 
f 976/976/976 977/977/977 977/977/977 
f 977/977/977 977/977/977 978/978/978 
f 977/977/977 978/978/978 978/978/978 
f 978/978/978 978/978/978 978/978/978 
f 978/978/978 979/979/979 978/978/978 
f 978/978/978 979/979/979 980/980/980 
f 979/979/979 981/981/981 980/980/980 
f 980/980/980 981/981/981 981/981/981 
f 981/981/981 979/979/979 981/981/981 
f 981/981/981 979/979/979 982/982/982 
f 979/979/979 983/983/983 982/982/982 
f 982/982/982 983/983/983 983/983/983 
f 983/983/983 984/984/984 983/983/983 
f 983/983/983 984/984/984 984/984/984 
f 984/984/984 985/985/985 984/984/984 
f 984/984/984 985/985/985 986/986/986 
f 985/985/985 987/987/987 986/986/986 
f 986/986/986 987/987/987 988/988/988 
f 987/987/987 988/988/988 988/988/988 
f 988/988/988 988/988/988 989/989/989 
f 988/988/988 989/989/989 989/989/989 
f 989/989/989 989/989/989 989/989/989 
f 989/989/989 990/990/990 989/989/989 
f 989/989/989 990/990/990 991/991/991 
f 990/990/990 992/992/992 991/991/991 
f 991/991/991 992/992/992 992/992/992 
f 992/992/992 993/993/993 992/992/992 
f 992/992/992 993/993/993 993/993/993 
f 993/993/993 994/994/994 993/993/993 
f 993/993/993 994/994/994 995/995/995 
f 994/994/994 996/996/996 995/995/995 
f 995/995/995 996/996/996 997/997/997 
f 996/996/996 997/997/997 997/997/997 
f 997/997/997 997/997/997 996/996/996 
f 997/997/997 996/996/996 996/996/996 
f 996/996/996 996/996/996 996/996/996 
f 996/996/996 994/994/994 996/996/996 
f 996/996/996 994/994/994 998/998/998 
f 994/994/994 999/999/999 998/998/998 
f 998/998/998 999/999/999 1000/1000/1000 
f 999/999/999 1000/1000/1000 1000/1000/1000 
f 1000/1000/1000 1000/1000/1000 996/996/996 
f 1000/1000/1000 996/996/996 996/996/996 
f 996/996/996 996/996/996 996/996/996 
f 996/996/996 998/998/998 996/996/996 
f 996/996/996 998/998/998 1001/1001/1001 
f 998/998/998 1002/1002/1002 1001/1001/1001 
f 1001/1001/1001 1002/1002/1002 1002/1002/1002 
f 1002/1002/1002 1003/1003/1003 1002/1002/1002 
f 1002/1002/1002 1003/1003/1003 1003/1003/1003 
f 1003/1003/1003 1004/1004/1004 1003/1003/1003 
f 1003/1003/1003 1004/1004/1004 1005/1005/1005 
f 1004/1004/1004 1006/1006/1006 1005/1005/1005 
f 1005/1005/1005 1006/1006/1006 1006/1006/1006 
f 1006/1006/1006 1007/1007/1007 1006/1006/1006 
f 1006/1006/1006 1007/1007/1007 1007/1007/1007 
f 1007/1007/1007 1008/1008/1008 1007/1007/1007 
f 1007/1007/1007 1008/1008/1008 1009/1009/1009 
f 1008/1008/1008 1010/1010/1010 1009/1009/1009 
f 1009/1009/1009 1010/1010/1010 1010/1010/1010 
f 1010/1010/1010 1011/1011/1011 1010/1010/1010 
f 1010/1010/1010 1011/1011/1011 1011/1011/1011 
f 1011/1011/1011 1012/1012/1012 1011/1011/1011 
f 1011/1011/1011 1012/1012/1012 1013/1013/1013 
f 1012/1012/1012 1014/1014/1014 1013/1013/1013 
f 1013/1013/1013 1014/1014/1014 1014/1014/1014 
f 1014/1014/1014 1015/1015/1015 1014/1014/1014 
f 1014/1014/1014 1015/1015/1015 1015/1015/1015 
f 1015/1015/1015 1016/1016/1016 1015/1015/1015 
f 1015/1015/1015 1016/1016/1016 1017/1017/1017 
f 1016/1016/1016 1018/1018/1018 1017/1017/1017 
f 1017/1017/1017 1018/1018/1018 1018/1018/1018 
f 1018/1018/1018 1016/1016/1016 1018/1018/1018 
f 1018/1018/1018 1016/1016/1016 1016/1016/1016 
f 1016/1016/1016 1019/1019/1019 1016/1016/1016 
f 1016/1016/1016 1019/1019/1019 1018/1018/1018 
f 1019/1019/1019 1020/1020/1020 1018/1018/1018 
f 1018/1018/1018 1020/1020/1020 1020/1020/1020 
f 1020/1020/1020 1019/1019/1019 1020/1020/1020 
f 1020/1020/1020 1019/1019/1019 1019/1019/1019 
f 1019/1019/1019 1021/1021/1021 1019/1019/1019 
f 1019/1019/1019 1021/1021/1021 1020/1020/1020 
f 1021/1021/1021 1022/1022/1022 1020/1020/1020 
f 1020/1020/1020 1022/1022/1022 1022/1022/1022 
f 1022/1022/1022 1023/1023/1023 1022/1022/1022 
f 1022/1022/1022 1023/1023/1023 1023/1023/1023 
f 1023/1023/1023 1024/1024/1024 1023/1023/1023 
f 1023/1023/1023 1024/1024/1024 1025/1025/1025 
f 1024/1024/1024 1026/1026/1026 1025/1025/1025 
f 1025/1025/1025 1026/1026/1026 1026/1026/1026 
f 1026/1026/1026 1027/1027/1027 1026/1026/1026 
f 1026/1026/1026 1027/1027/1027 1027/1027/1027 
f 1027/1027/1027 1028/1028/1028 1027/1027/1027 
f 1027/1027/1027 1028/1028/1028 1029/1029/1029 
f 1028/1028/1028 1030/1030/1030 1029/1029/1029 
f 1029/1029/1029 1030/1030/1030 1030/1030/1030 
f 1030/1030/1030 1031/1031/1031 1030/1030/1030 
f 1030/1030/1030 1031/1031/1031 1031/1031/1031 
f 1031/1031/1031 1032/1032/1032 1031/1031/1031 
f 1031/1031/1031 1032/1032/1032 1033/1033/1033 
f 1032/1032/1032 1034/1034/1034 1033/1033/1033 
f 1033/1033/1033 1034/1034/1034 1034/1034/1034 
f 1034/1034/1034 1035/1035/1035 1034/1034/1034 
f 1034/1034/1034 1035/1035/1035 1035/1035/1035 
f 1035/1035/1035 1036/1036/1036 1035/1035/1035 
f 1035/1035/1035 1036/1036/1036 1037/1037/1037 
f 1036/1036/1036 1038/1038/1038 1037/1037/1037 
f 1037/1037/1037 1038/1038/1038 1038/1038/1038 
f 1038/1038/1038 1039/1039/1039 1038/1038/1038 
f 1038/1038/1038 1039/1039/1039 1039/1039/1039 
f 1039/1039/1039 1040/1040/1040 1039/1039/1039 
f 1039/1039/1039 1040/1040/1040 1041/1041/1041 
f 1040/1040/1040 1042/1042/1042 1041/1041/1041 
f 1041/1041/1041 1042/1042/1042 1042/1042/1042 
f 1042/1042/1042 1043/1043/1043 1042/1042/1042 
f 1042/1042/1042 1043/1043/1043 1043/1043/1043 
f 1043/1043/1043 1044/1044/1044 1043/1043/1043 
f 1043/1043/1043 1044/1044/1044 1045/1045/1045 
f 1044/1044/1044 1046/1046/1046 1045/1045/1045 
f 1045/1045/1045 1046/1046/1046 1046/1046/1046 
f 1046/1046/1046 1047/1047/1047 1046/1046/1046 
f 1046/1046/1046 1047/1047/1047 1047/1047/1047 
f 1047/1047/1047 1048/1048/1048 1047/1047/1047 
f 1047/1047/1047 1048/1048/1048 1049/1049/1049 
f 1048/1048/1048 1050/1050/1050 1049/1049/1049 
f 1049/1049/1049 1050/1050/1050 1051/1051/1051 
f 1050/1050/1050 1051/1051/1051 1051/1051/1051 
f 1051/1051/1051 1051/1051/1051 1052/1052/1052 
f 1051/1051/1051 1052/1052/1052 1052/1052/1052 
f 1052/1052/1052 1052/1052/1052 1052/1052/1052 
f 1052/1052/1052 1053/1053/1053 1052/1052/1052 
f 1052/1052/1052 1053/1053/1053 1054/1054/1054 
f 1053/1053/1053 1055/1055/1055 1054/1054/1054 
f 1054/1054/1054 1055/1055/1055 1055/1055/1055 
f 1055/1055/1055 1056/1056/1056 1055/1055/1055 
f 1055/1055/1055 1056/1056/1056 1056/1056/1056 
f 1056/1056/1056 1057/1057/1057 1056/1056/1056 
f 1056/1056/1056 1057/1057/1057 1058/1058/1058 
f 1057/1057/1057 1059/1059/1059 1058/1058/1058 
f 1058/1058/1058 1059/1059/1059 1060/1060/1060 
f 1059/1059/1059 1061/1061/1061 1060/1060/1060 
f 1060/1060/1060 1061/1061/1061 1061/1061/1061 
f 1061/1061/1061 1057/1057/1057 1061/1061/1061 
f 1061/1061/1061 1057/1057/1057 1057/1057/1057 
f 1057/1057/1057 1062/1062/1062 1057/1057/1057 
f 1057/1057/1057 1062/1062/1062 1059/1059/1059 
f 1062/1062/1062 1063/1063/1063 1059/1059/1059 
f 1059/1059/1059 1063/1063/1063 1061/1061/1061 
f 1063/1063/1063 1064/1064/1064 1061/1061/1061 
f 1061/1061/1061 1064/1064/1064 1064/1064/1064 
f 1064/1064/1064 1065/1065/1065 1064/1064/1064 
f 1064/1064/1064 1065/1065/1065 1065/1065/1065 
f 1065/1065/1065 1066/1066/1066 1065/1065/1065 
f 1065/1065/1065 1066/1066/1066 1067/1067/1067 
f 1066/1066/1066 1068/1068/1068 1067/1067/1067 
f 1067/1067/1067 1068/1068/1068 1068/1068/1068 
f 1068/1068/1068 1069/1069/1069 1068/1068/1068 
f 1068/1068/1068 1069/1069/1069 1069/1069/1069 
f 1069/1069/1069 1070/1070/1070 1069/1069/1069 
f 1069/1069/1069 1070/1070/1070 1071/1071/1071 
f 1070/1070/1070 1072/1072/1072 1071/1071/1071 
f 1071/1071/1071 1072/1072/1072 1073/1073/1073 
f 1072/1072/1072 1074/1074/1074 1073/1073/1073 
f 1073/1073/1073 1074/1074/1074 1074/1074/1074 
f 1074/1074/1074 1075/1075/1075 1074/1074/1074 
f 1074/1074/1074 1075/1075/1075 1075/1075/1075 
f 1075/1075/1075 1076/1076/1076 1075/1075/1075 
f 1075/1075/1075 1076/1076/1076 1077/1077/1077 
f 1076/1076/1076 1078/1078/1078 1077/1077/1077 
f 1077/1077/1077 1078/1078/1078 1078/1078/1078 
f 1078/1078/1078 1079/1079/1079 1078/1078/1078 
f 1078/1078/1078 1079/1079/1079 1079/1079/1079 
f 1079/1079/1079 1080/1080/1080 1079/1079/1079 
f 1079/1079/1079 1080/1080/1080 1081/1081/1081 
f 1080/1080/1080 1082/1082/1082 1081/1081/1081 
f 1081/1081/1081 1082/1082/1082 1082/1082/1082 
f 1082/1082/1082 1083/1083/1083 1082/1082/1082 
f 1082/1082/1082 1083/1083/1083 1083/1083/1083 
f 1083/1083/1083 1084/1084/1084 1083/1083/1083 
f 1083/1083/1083 1084/1084/1084 1085/1085/1085 
f 1084/1084/1084 1086/1086/1086 1085/1085/1085 
f 1085/1085/1085 1086/1086/1086 1087/1087/1087 
f 1086/1086/1086 1088/1088/1088 1087/1087/1087 
f 1087/1087/1087 1088/1088/1088 1088/1088/1088 
f 1088/1088/1088 1089/1089/1089 1088/1088/1088 
f 1088/1088/1088 1089/1089/1089 1089/1089/1089 
f 1089/1089/1089 1090/1090/1090 1089/1089/1089 
f 1089/1089/1089 1090/1090/1090 1091/1091/1091 
f 1090/1090/1090 1092/1092/1092 1091/1091/1091 
f 1091/1091/1091 1092/1092/1092 1093/1093/1093 
f 1092/1092/1092 1093/1093/1093 1093/1093/1093 
f 1093/1093/1093 1093/1093/1093 1094/1094/1094 
f 1093/1093/1093 1094/1094/1094 1094/1094/1094 
f 1094/1094/1094 1094/1094/1094 1094/1094/1094 
f 1094/1094/1094 1095/1095/1095 1094/1094/1094 
f 1094/1094/1094 1095/1095/1095 1096/1096/1096 
f 1095/1095/1095 1097/1097/1097 1096/1096/1096 
f 1096/1096/1096 1097/1097/1097 1097/1097/1097 
f 1097/1097/1097 1098/1098/1098 1097/1097/1097 
f 1097/1097/1097 1098/1098/1098 1098/1098/1098 
f 1098/1098/1098 1099/1099/1099 1098/1098/1098 
f 1098/1098/1098 1099/1099/1099 1100/1100/1100 
f 1099/1099/1099 1101/1101/1101 1100/1100/1100 
f 1100/1100/1100 1101/1101/1101 1102/1102/1102 
f 1101/1101/1101 1103/1103/1103 1102/1102/1102 
f 1102/1102/1102 1103/1103/1103 1103/1103/1103 
f 1103/1103/1103 1104/1104/1104 1103/1103/1103 
f 1103/1103/1103 1104/1104/1104 1104/1104/1104 
f 1104/1104/1104 1105/1105/1105 1104/1104/1104 
f 1104/1104/1104 1105/1105/1105 1106/1106/1106 
f 1105/1105/1105 1107/1107/1107 1106/1106/1106 
f 1106/1106/1106 1107/1107/1107 1107/1107/1107 
f 1107/1107/1107 1105/1105/1105 1107/1107/1107 
f 1107/1107/1107 1105/1105/1105 1108/1108/1108 
f 1105/1105/1105 1109/1109/1109 1108/1108/1108 
f 1108/1108/1108 1109/1109/1109 1109/1109/1109 
f 1109/1109/1109 1110/1110/1110 1109/1109/1109 
f 1109/1109/1109 1110/1110/1110 1110/1110/1110 
f 1110/1110/1110 1111/1111/1111 1110/1110/1110 
f 1110/1110/1110 1111/1111/1111 1112/1112/1112 
f 1111/1111/1111 1113/1113/1113 1112/1112/1112 
f 1112/1112/1112 1113/1113/1113 1113/1113/1113 
f 1113/1113/1113 1114/1114/1114 1113/1113/1113 
f 1113/1113/1113 1114/1114/1114 1114/1114/1114 
f 1114/1114/1114 1115/1115/1115 1114/1114/1114 
f 1114/1114/1114 1115/1115/1115 1116/1116/1116 
f 1115/1115/1115 1117/1117/1117 1116/1116/1116 
f 1116/1116/1116 1117/1117/1117 1117/1117/1117 
f 1117/1117/1117 1118/1118/1118 1117/1117/1117 
f 1117/1117/1117 1118/1118/1118 1118/1118/1118 
f 1118/1118/1118 1119/1119/1119 1118/1118/1118 
f 1118/1118/1118 1119/1119/1119 1120/1120/1120 
f 1119/1119/1119 1121/1121/1121 1120/1120/1120 
f 1120/1120/1120 1121/1121/1121 1122/1122/1122 
f 1121/1121/1121 1123/1123/1123 1122/1122/1122 
f 1122/1122/1122 1123/1123/1123 1123/1123/1123 
f 1123/1123/1123 1121/1121/1121 1123/1123/1123 
f 1123/1123/1123 1121/1121/1121 1121/1121/1121 
f 1121/1121/1121 1124/1124/1124 1121/1121/1121 
f 1121/1121/1121 1124/1124/1124 1123/1123/1123 
f 1124/1124/1124 1125/1125/1125 1123/1123/1123 
f 1123/1123/1123 1125/1125/1125 1125/1125/1125 
f 1125/1125/1125 1124/1124/1124 1125/1125/1125 
f 1125/1125/1125 1124/1124/1124 1124/1124/1124 
f 1124/1124/1124 1126/1126/1126 1124/1124/1124 
f 1124/1124/1124 1126/1126/1126 1125/1125/1125 
f 1126/1126/1126 1127/1127/1127 1125/1125/1125 
f 1125/1125/1125 1127/1127/1127 1127/1127/1127 
f 1127/1127/1127 1126/1126/1126 1127/1127/1127 
f 1127/1127/1127 1126/1126/1126 1126/1126/1126 
f 1126/1126/1126 1120/1120/1120 1126/1126/1126 
f 1126/1126/1126 1120/1120/1120 1127/1127/1127 
f 1120/1120/1120 1122/1122/1122 1127/1127/1127 
f 1127/1127/1127 1122/1122/1122 1122/1122/1122 
f 1122/1122/1122 1128/1128/1128 1122/1122/1122 
f 1122/1122/1122 1128/1128/1128 1128/1128/1128 
f 1128/1128/1128 1129/1129/1129 1128/1128/1128 
f 1128/1128/1128 1129/1129/1129 1130/1130/1130 
f 1129/1129/1129 1131/1131/1131 1130/1130/1130 
f 1130/1130/1130 1131/1131/1131 1131/1131/1131 
f 1131/1131/1131 1132/1132/1132 1131/1131/1131 
f 1131/1131/1131 1132/1132/1132 1132/1132/1132 
f 1132/1132/1132 1078/1078/1078 1132/1132/1132 
f 1132/1132/1132 1078/1078/1078 1133/1133/1133 
f 1078/1078/1078 1134/1134/1134 1133/1133/1133 
f 1133/1133/1133 1134/1134/1134 1134/1134/1134 
f 1134/1134/1134 1135/1135/1135 1134/1134/1134 
f 1134/1134/1134 1135/1135/1135 1135/1135/1135 
f 1135/1135/1135 1136/1136/1136 1135/1135/1135 
f 1135/1135/1135 1136/1136/1136 1137/1137/1137 
f 1136/1136/1136 1138/1138/1138 1137/1137/1137 
f 1137/1137/1137 1138/1138/1138 1139/1139/1139 
f 1138/1138/1138 1139/1139/1139 1139/1139/1139 
f 1139/1139/1139 1139/1139/1139 1140/1140/1140 
f 1139/1139/1139 1140/1140/1140 1140/1140/1140 
f 1140/1140/1140 1140/1140/1140 1140/1140/1140 
f 1140/1140/1140 1141/1141/1141 1140/1140/1140 
f 1140/1140/1140 1141/1141/1141 1142/1142/1142 
f 1141/1141/1141 1143/1143/1143 1142/1142/1142 
f 1142/1142/1142 1143/1143/1143 1144/1144/1144 
f 1143/1143/1143 1144/1144/1144 1144/1144/1144 
f 1144/1144/1144 1144/1144/1144 1145/1145/1145 
f 1144/1144/1144 1145/1145/1145 1145/1145/1145 
f 1145/1145/1145 1145/1145/1145 1145/1145/1145 
f 1145/1145/1145 1146/1146/1146 1145/1145/1145 
f 1145/1145/1145 1146/1146/1146 1147/1147/1147 
f 1146/1146/1146 1148/1148/1148 1147/1147/1147 
f 1147/1147/1147 1148/1148/1148 1149/1149/1149 
f 1148/1148/1148 1149/1149/1149 1149/1149/1149 
f 1149/1149/1149 1149/1149/1149 1150/1150/1150 
f 1149/1149/1149 1150/1150/1150 1150/1150/1150 
f 1150/1150/1150 1150/1150/1150 1150/1150/1150 
f 1150/1150/1150 1151/1151/1151 1150/1150/1150 
f 1150/1150/1150 1151/1151/1151 1152/1152/1152 
f 1151/1151/1151 1153/1153/1153 1152/1152/1152 
f 1152/1152/1152 1153/1153/1153 1154/1154/1154 
f 1153/1153/1153 1155/1155/1155 1154/1154/1154 
f 1154/1154/1154 1155/1155/1155 1156/1156/1156 
f 1155/1155/1155 1157/1157/1157 1156/1156/1156 
f 1156/1156/1156 1157/1157/1157 1158/1158/1158 
f 1157/1157/1157 1159/1159/1159 1158/1158/1158 
f 1158/1158/1158 1159/1159/1159 1159/1159/1159 
f 1159/1159/1159 1151/1151/1151 1159/1159/1159 
f 1159/1159/1159 1151/1151/1151 1151/1151/1151 
f 1151/1151/1151 1160/1160/1160 1151/1151/1151 
f 1151/1151/1151 1160/1160/1160 1153/1153/1153 
f 1160/1160/1160 1161/1161/1161 1153/1153/1153 
f 1153/1153/1153 1161/1161/1161 1155/1155/1155 
f 1161/1161/1161 1162/1162/1162 1155/1155/1155 
f 1155/1155/1155 1162/1162/1162 1157/1157/1157 
f 1162/1162/1162 1163/1163/1163 1157/1157/1157 
f 1157/1157/1157 1163/1163/1163 1159/1159/1159 
f 1163/1163/1163 1159/1159/1159 1159/1159/1159 
f 1159/1159/1159 1159/1159/1159 1164/1164/1164 
f 1159/1159/1159 1164/1164/1164 1164/1164/1164 
f 1164/1164/1164 1164/1164/1164 1164/1164/1164 
f 1164/1164/1164 1165/1165/1165 1164/1164/1164 
f 1164/1164/1164 1165/1165/1165 1166/1166/1166 
f 1165/1165/1165 1167/1167/1167 1166/1166/1166 
f 1166/1166/1166 1167/1167/1167 1168/1168/1168 
f 1167/1167/1167 1168/1168/1168 1168/1168/1168 
f 1168/1168/1168 1168/1168/1168 1169/1169/1169 
f 1168/1168/1168 1169/1169/1169 1169/1169/1169 
f 1169/1169/1169 1169/1169/1169 1169/1169/1169 
f 1169/1169/1169 1170/1170/1170 1169/1169/1169 
f 1169/1169/1169 1170/1170/1170 1171/1171/1171 
f 1170/1170/1170 1172/1172/1172 1171/1171/1171 
f 1171/1171/1171 1172/1172/1172 1172/1172/1172 
f 1172/1172/1172 1173/1173/1173 1172/1172/1172 
f 1172/1172/1172 1173/1173/1173 1173/1173/1173 
f 1173/1173/1173 1174/1174/1174 1173/1173/1173 
f 1173/1173/1173 1174/1174/1174 1175/1175/1175 
f 1174/1174/1174 1176/1176/1176 1175/1175/1175 
f 1175/1175/1175 1176/1176/1176 1176/1176/1176 
f 1176/1176/1176 1174/1174/1174 1176/1176/1176 
f 1176/1176/1176 1174/1174/1174 1177/1177/1177 
f 1174/1174/1174 1178/1178/1178 1177/1177/1177 
f 1177/1177/1177 1178/1178/1178 1178/1178/1178 
f 1178/1178/1178 1179/1179/1179 1178/1178/1178 
f 1178/1178/1178 1179/1179/1179 1179/1179/1179 
f 1179/1179/1179 1180/1180/1180 1179/1179/1179 
f 1179/1179/1179 1180/1180/1180 1181/1181/1181 
f 1180/1180/1180 1182/1182/1182 1181/1181/1181 
f 1181/1181/1181 1182/1182/1182 1182/1182/1182 
f 1182/1182/1182 1180/1180/1180 1182/1182/1182 
f 1182/1182/1182 1180/1180/1180 1183/1183/1183 
f 1180/1180/1180 1184/1184/1184 1183/1183/1183 
f 1183/1183/1183 1184/1184/1184 1184/1184/1184 
f 1184/1184/1184 1185/1185/1185 1184/1184/1184 
f 1184/1184/1184 1185/1185/1185 1185/1185/1185 
f 1185/1185/1185 1186/1186/1186 1185/1185/1185 
f 1185/1185/1185 1186/1186/1186 1187/1187/1187 
f 1186/1186/1186 1188/1188/1188 1187/1187/1187 
f 1187/1187/1187 1188/1188/1188 1188/1188/1188 
f 1188/1188/1188 1189/1189/1189 1188/1188/1188 
f 1188/1188/1188 1189/1189/1189 1189/1189/1189 
f 1189/1189/1189 1190/1190/1190 1189/1189/1189 
f 1189/1189/1189 1190/1190/1190 1191/1191/1191 
f 1190/1190/1190 1192/1192/1192 1191/1191/1191 
f 1191/1191/1191 1192/1192/1192 1193/1193/1193 
f 1192/1192/1192 1194/1194/1194 1193/1193/1193 
f 1193/1193/1193 1194/1194/1194 1194/1194/1194 
f 1194/1194/1194 1195/1195/1195 1194/1194/1194 
f 1194/1194/1194 1195/1195/1195 1195/1195/1195 
f 1195/1195/1195 1196/1196/1196 1195/1195/1195 
f 1195/1195/1195 1196/1196/1196 1197/1197/1197 
f 1196/1196/1196 1198/1198/1198 1197/1197/1197 
f 1197/1197/1197 1198/1198/1198 1198/1198/1198 
f 1198/1198/1198 1196/1196/1196 1198/1198/1198 
f 1198/1198/1198 1196/1196/1196 1196/1196/1196 
f 1196/1196/1196 1199/1199/1199 1196/1196/1196 
f 1196/1196/1196 1199/1199/1199 1198/1198/1198 
f 1199/1199/1199 1200/1200/1200 1198/1198/1198 
f 1198/1198/1198 1200/1200/1200 1200/1200/1200 
f 1200/1200/1200 216/216/216 1200/1200/1200 
f 1200/1200/1200 216/216/216 216/216/216 
f 216/216/216 1201/1201/1201 216/216/216 
f 216/216/216 1201/1201/1201 1202/1202/1202 
f 1201/1201/1201 1203/1203/1203 1202/1202/1202 
f 1202/1202/1202 1203/1203/1203 1203/1203/1203 
f 1203/1203/1203 1204/1204/1204 1203/1203/1203 
f 1203/1203/1203 1204/1204/1204 1204/1204/1204 
f 1204/1204/1204 1205/1205/1205 1204/1204/1204 
f 1204/1204/1204 1205/1205/1205 1206/1206/1206 
f 1205/1205/1205 1207/1207/1207 1206/1206/1206 
f 1206/1206/1206 1207/1207/1207 1207/1207/1207 
f 1207/1207/1207 1208/1208/1208 1207/1207/1207 
f 1207/1207/1207 1208/1208/1208 1208/1208/1208 
f 1208/1208/1208 1209/1209/1209 1208/1208/1208 
f 1208/1208/1208 1209/1209/1209 1210/1210/1210 
f 1209/1209/1209 1211/1211/1211 1210/1210/1210 
f 1210/1210/1210 1211/1211/1211 1211/1211/1211 
f 1211/1211/1211 1209/1209/1209 1211/1211/1211 
f 1211/1211/1211 1209/1209/1209 1212/1212/1212 
f 1209/1209/1209 1213/1213/1213 1212/1212/1212 
f 1212/1212/1212 1213/1213/1213 1213/1213/1213 
f 1213/1213/1213 1214/1214/1214 1213/1213/1213 
f 1213/1213/1213 1214/1214/1214 1214/1214/1214 
f 1214/1214/1214 1215/1215/1215 1214/1214/1214 
f 1214/1214/1214 1215/1215/1215 1216/1216/1216 
f 1215/1215/1215 1217/1217/1217 1216/1216/1216 
f 1216/1216/1216 1217/1217/1217 1218/1218/1218 
f 1217/1217/1217 1218/1218/1218 1218/1218/1218 
f 1218/1218/1218 1218/1218/1218 1219/1219/1219 
f 1218/1218/1218 1219/1219/1219 1219/1219/1219 
f 1219/1219/1219 1219/1219/1219 1219/1219/1219 
f 1219/1219/1219 1220/1220/1220 1219/1219/1219 
f 1219/1219/1219 1220/1220/1220 1221/1221/1221 
f 1220/1220/1220 1222/1222/1222 1221/1221/1221 
f 1221/1221/1221 1222/1222/1222 1222/1222/1222 
f 1222/1222/1222 1223/1223/1223 1222/1222/1222 
f 1222/1222/1222 1223/1223/1223 1223/1223/1223 
f 1223/1223/1223 1224/1224/1224 1223/1223/1223 
f 1223/1223/1223 1224/1224/1224 1225/1225/1225 
f 1224/1224/1224 1226/1226/1226 1225/1225/1225 
f 1225/1225/1225 1226/1226/1226 1227/1227/1227 
f 1226/1226/1226 1227/1227/1227 1227/1227/1227 
f 1227/1227/1227 1227/1227/1227 1228/1228/1228 
f 1227/1227/1227 1228/1228/1228 1228/1228/1228 
f 1228/1228/1228 1228/1228/1228 1228/1228/1228 
f 1228/1228/1228 278/278/278 1228/1228/1228 
f 1228/1228/1228 278/278/278 1229/1229/1229 
f 278/278/278 1230/1230/1230 1229/1229/1229 
f 1229/1229/1229 1230/1230/1230 1230/1230/1230 
f 1230/1230/1230 1231/1231/1231 1230/1230/1230 
f 1230/1230/1230 1231/1231/1231 1231/1231/1231 
f 1231/1231/1231 1232/1232/1232 1231/1231/1231 
f 1231/1231/1231 1232/1232/1232 1233/1233/1233 
f 1232/1232/1232 1234/1234/1234 1233/1233/1233 
f 1233/1233/1233 1234/1234/1234 1235/1235/1235 
f 1234/1234/1234 1236/1236/1236 1235/1235/1235 
f 1235/1235/1235 1236/1236/1236 1237/1237/1237 
f 1236/1236/1236 1238/1238/1238 1237/1237/1237 
f 1237/1237/1237 1238/1238/1238 1239/1239/1239 
f 1238/1238/1238 1240/1240/1240 1239/1239/1239 
f 1239/1239/1239 1240/1240/1240 1241/1241/1241 
f 1240/1240/1240 1242/1242/1242 1241/1241/1241 
f 1241/1241/1241 1242/1242/1242 1243/1243/1243 
f 1242/1242/1242 1244/1244/1244 1243/1243/1243 
f 1243/1243/1243 1244/1244/1244 1245/1245/1245 
f 1244/1244/1244 1246/1246/1246 1245/1245/1245 
f 1245/1245/1245 1246/1246/1246 1247/1247/1247 
f 1246/1246/1246 1248/1248/1248 1247/1247/1247 
f 1247/1247/1247 1248/1248/1248 1248/1248/1248 
f 1248/1248/1248 1232/1232/1232 1248/1248/1248 
f 1248/1248/1248 1232/1232/1232 1232/1232/1232 
f 1232/1232/1232 1249/1249/1249 1232/1232/1232 
f 1232/1232/1232 1249/1249/1249 1234/1234/1234 
f 1249/1249/1249 1250/1250/1250 1234/1234/1234 
f 1234/1234/1234 1250/1250/1250 1236/1236/1236 
f 1250/1250/1250 1251/1251/1251 1236/1236/1236 
f 1236/1236/1236 1251/1251/1251 1238/1238/1238 
f 1251/1251/1251 1252/1252/1252 1238/1238/1238 
f 1238/1238/1238 1252/1252/1252 1240/1240/1240 
f 1252/1252/1252 1253/1253/1253 1240/1240/1240 
f 1240/1240/1240 1253/1253/1253 1242/1242/1242 
f 1253/1253/1253 1254/1254/1254 1242/1242/1242 
f 1242/1242/1242 1254/1254/1254 1244/1244/1244 
f 1254/1254/1254 1255/1255/1255 1244/1244/1244 
f 1244/1244/1244 1255/1255/1255 1246/1246/1246 
f 1255/1255/1255 1256/1256/1256 1246/1246/1246 
f 1246/1246/1246 1256/1256/1256 1248/1248/1248 
f 1256/1256/1256 1248/1248/1248 1248/1248/1248 
f 1248/1248/1248 1248/1248/1248 1257/1257/1257 
f 1248/1248/1248 1257/1257/1257 1257/1257/1257 
f 1257/1257/1257 1257/1257/1257 1257/1257/1257 
f 1257/1257/1257 1258/1258/1258 1257/1257/1257 
f 1257/1257/1257 1258/1258/1258 1259/1259/1259 
f 1258/1258/1258 1260/1260/1260 1259/1259/1259 
f 1259/1259/1259 1260/1260/1260 1260/1260/1260 
f 1260/1260/1260 1261/1261/1261 1260/1260/1260 
f 1260/1260/1260 1261/1261/1261 1261/1261/1261 
f 1261/1261/1261 1262/1262/1262 1261/1261/1261 
f 1261/1261/1261 1262/1262/1262 1263/1263/1263 
f 1262/1262/1262 1264/1264/1264 1263/1263/1263 
f 1263/1263/1263 1264/1264/1264 1265/1265/1265 
f 1264/1264/1264 1266/1266/1266 1265/1265/1265 
f 1265/1265/1265 1266/1266/1266 1267/1267/1267 
f 1266/1266/1266 1268/1268/1268 1267/1267/1267 
f 1267/1267/1267 1268/1268/1268 1268/1268/1268 
f 1268/1268/1268 1262/1262/1262 1268/1268/1268 
f 1268/1268/1268 1262/1262/1262 1262/1262/1262 
f 1262/1262/1262 1269/1269/1269 1262/1262/1262 
f 1262/1262/1262 1269/1269/1269 1264/1264/1264 
f 1269/1269/1269 1270/1270/1270 1264/1264/1264 
f 1264/1264/1264 1270/1270/1270 1266/1266/1266 
f 1270/1270/1270 1271/1271/1271 1266/1266/1266 
f 1266/1266/1266 1271/1271/1271 1268/1268/1268 
f 1271/1271/1271 1268/1268/1268 1268/1268/1268 
f 1268/1268/1268 1268/1268/1268 1272/1272/1272 
f 1268/1268/1268 1272/1272/1272 1272/1272/1272 
f 1272/1272/1272 1272/1272/1272 1272/1272/1272 
f 1272/1272/1272 1273/1273/1273 1272/1272/1272 
f 1272/1272/1272 1273/1273/1273 1274/1274/1274 
f 1273/1273/1273 1275/1275/1275 1274/1274/1274 
f 1274/1274/1274 1275/1275/1275 1276/1276/1276 
f 1275/1275/1275 1276/1276/1276 1276/1276/1276 
f 1276/1276/1276 1276/1276/1276 1277/1277/1277 
f 1276/1276/1276 1277/1277/1277 1277/1277/1277 
f 1277/1277/1277 1277/1277/1277 1277/1277/1277 
f 1277/1277/1277 206/206/206 1277/1277/1277 
f 1277/1277/1277 206/206/206 1278/1278/1278 
f 206/206/206 1279/1279/1279 1278/1278/1278 
f 1278/1278/1278 1279/1279/1279 1279/1279/1279 
f 1279/1279/1279 1280/1280/1280 1279/1279/1279 
f 1279/1279/1279 1280/1280/1280 1280/1280/1280 
f 1280/1280/1280 1281/1281/1281 1280/1280/1280 
f 1280/1280/1280 1281/1281/1281 1282/1282/1282 
f 1281/1281/1281 1283/1283/1283 1282/1282/1282 
f 1282/1282/1282 1283/1283/1283 1284/1284/1284 
f 1283/1283/1283 1285/1285/1285 1284/1284/1284 
f 1284/1284/1284 1285/1285/1285 1285/1285/1285 
f 1285/1285/1285 1286/1286/1286 1285/1285/1285 
f 1285/1285/1285 1286/1286/1286 1286/1286/1286 
f 1286/1286/1286 1287/1287/1287 1286/1286/1286 
f 1286/1286/1286 1287/1287/1287 1288/1288/1288 
f 1287/1287/1287 1289/1289/1289 1288/1288/1288 
f 1288/1288/1288 1289/1289/1289 1289/1289/1289 
f 1289/1289/1289 1290/1290/1290 1289/1289/1289 
f 1289/1289/1289 1290/1290/1290 1290/1290/1290 
f 1290/1290/1290 1291/1291/1291 1290/1290/1290 
f 1290/1290/1290 1291/1291/1291 1292/1292/1292 
f 1291/1291/1291 1293/1293/1293 1292/1292/1292 
f 1292/1292/1292 1293/1293/1293 1294/1294/1294 
f 1293/1293/1293 1294/1294/1294 1294/1294/1294 
f 1294/1294/1294 1294/1294/1294 1295/1295/1295 
f 1294/1294/1294 1295/1295/1295 1295/1295/1295 
f 1295/1295/1295 1295/1295/1295 1295/1295/1295 
f 1295/1295/1295 1296/1296/1296 1295/1295/1295 
f 1295/1295/1295 1296/1296/1296 1297/1297/1297 
f 1296/1296/1296 1298/1298/1298 1297/1297/1297 
f 1297/1297/1297 1298/1298/1298 1298/1298/1298 
f 1298/1298/1298 1299/1299/1299 1298/1298/1298 
f 1298/1298/1298 1299/1299/1299 1299/1299/1299 
f 1299/1299/1299 1300/1300/1300 1299/1299/1299 
f 1299/1299/1299 1300/1300/1300 1301/1301/1301 
f 1300/1300/1300 1302/1302/1302 1301/1301/1301 
f 1301/1301/1301 1302/1302/1302 1302/1302/1302 
f 1302/1302/1302 1300/1300/1300 1302/1302/1302 
f 1302/1302/1302 1300/1300/1300 1300/1300/1300 
f 1300/1300/1300 1303/1303/1303 1300/1300/1300 
f 1300/1300/1300 1303/1303/1303 1302/1302/1302 
f 1303/1303/1303 1304/1304/1304 1302/1302/1302 
f 1302/1302/1302 1304/1304/1304 1304/1304/1304 
f 1304/1304/1304 1305/1305/1305 1304/1304/1304 
f 1304/1304/1304 1305/1305/1305 1305/1305/1305 
f 1305/1305/1305 1306/1306/1306 1305/1305/1305 
f 1305/1305/1305 1306/1306/1306 1307/1307/1307 
f 1306/1306/1306 1308/1308/1308 1307/1307/1307 
f 1307/1307/1307 1308/1308/1308 1309/1309/1309 
f 1308/1308/1308 1310/1310/1310 1309/1309/1309 
f 1309/1309/1309 1310/1310/1310 1311/1311/1311 
f 1310/1310/1310 1312/1312/1312 1311/1311/1311 
f 1311/1311/1311 1312/1312/1312 1313/1313/1313 
f 1312/1312/1312 1314/1314/1314 1313/1313/1313 
f 1313/1313/1313 1314/1314/1314 1315/1315/1315 
f 1314/1314/1314 1316/1316/1316 1315/1315/1315 
f 1315/1315/1315 1316/1316/1316 1317/1317/1317 
f 1316/1316/1316 1318/1318/1318 1317/1317/1317 
f 1317/1317/1317 1318/1318/1318 1319/1319/1319 
f 1318/1318/1318 1320/1320/1320 1319/1319/1319 
f 1319/1319/1319 1320/1320/1320 1321/1321/1321 
f 1320/1320/1320 1322/1322/1322 1321/1321/1321 
f 1321/1321/1321 1322/1322/1322 1323/1323/1323 
f 1322/1322/1322 1324/1324/1324 1323/1323/1323 
f 1323/1323/1323 1324/1324/1324 1325/1325/1325 
f 1324/1324/1324 1326/1326/1326 1325/1325/1325 
f 1325/1325/1325 1326/1326/1326 1327/1327/1327 
f 1326/1326/1326 1328/1328/1328 1327/1327/1327 
f 1327/1327/1327 1328/1328/1328 1305/1305/1305 
f 1328/1328/1328 1306/1306/1306 1305/1305/1305 
f 1305/1305/1305 1306/1306/1306 1306/1306/1306 
f 1306/1306/1306 1329/1329/1329 1306/1306/1306 
f 1306/1306/1306 1329/1329/1329 1329/1329/1329 
f 1329/1329/1329 1330/1330/1330 1329/1329/1329 
f 1329/1329/1329 1330/1330/1330 1331/1331/1331 
f 1330/1330/1330 1332/1332/1332 1331/1331/1331 
f 1331/1331/1331 1332/1332/1332 1332/1332/1332 
f 1332/1332/1332 1329/1329/1329 1332/1332/1332 
f 1332/1332/1332 1329/1329/1329 1329/1329/1329 
f 1329/1329/1329 1331/1331/1331 1329/1329/1329 
f 1329/1329/1329 1331/1331/1331 1333/1333/1333 
f 1331/1331/1331 1334/1334/1334 1333/1333/1333 
f 1333/1333/1333 1334/1334/1334 1335/1335/1335 
f 1334/1334/1334 1336/1336/1336 1335/1335/1335 
f 1335/1335/1335 1336/1336/1336 1337/1337/1337 
f 1336/1336/1336 1338/1338/1338 1337/1337/1337 
f 1337/1337/1337 1338/1338/1338 1338/1338/1338 
f 1338/1338/1338 1336/1336/1336 1338/1338/1338 
f 1338/1338/1338 1336/1336/1336 1336/1336/1336 
f 1336/1336/1336 1332/1332/1332 1336/1336/1336 
f 1336/1336/1336 1332/1332/1332 1338/1338/1338 
f 1332/1332/1332 1330/1330/1330 1338/1338/1338 
f 1338/1338/1338 1330/1330/1330 1330/1330/1330 
f 1330/1330/1330 1339/1339/1339 1330/1330/1330 
f 1330/1330/1330 1339/1339/1339 1339/1339/1339 
f 1339/1339/1339 1340/1340/1340 1339/1339/1339 
f 1339/1339/1339 1340/1340/1340 1341/1341/1341 
f 1340/1340/1340 1342/1342/1342 1341/1341/1341 
f 1341/1341/1341 1342/1342/1342 1343/1343/1343 
f 1342/1342/1342 1344/1344/1344 1343/1343/1343 
f 1343/1343/1343 1344/1344/1344 1345/1345/1345 
f 1344/1344/1344 1346/1346/1346 1345/1345/1345 
f 1345/1345/1345 1346/1346/1346 1347/1347/1347 
f 1346/1346/1346 1348/1348/1348 1347/1347/1347 
f 1347/1347/1347 1348/1348/1348 1349/1349/1349 
f 1348/1348/1348 1350/1350/1350 1349/1349/1349 
f 1349/1349/1349 1350/1350/1350 1351/1351/1351 
f 1350/1350/1350 1352/1352/1352 1351/1351/1351 
f 1351/1351/1351 1352/1352/1352 1353/1353/1353 
f 1352/1352/1352 1354/1354/1354 1353/1353/1353 
f 1353/1353/1353 1354/1354/1354 1355/1355/1355 
f 1354/1354/1354 1356/1356/1356 1355/1355/1355 
f 1355/1355/1355 1356/1356/1356 1357/1357/1357 
f 1356/1356/1356 1358/1358/1358 1357/1357/1357 
f 1357/1357/1357 1358/1358/1358 1359/1359/1359 
f 1358/1358/1358 1360/1360/1360 1359/1359/1359 
f 1359/1359/1359 1360/1360/1360 1361/1361/1361 
f 1360/1360/1360 1362/1362/1362 1361/1361/1361 
f 1361/1361/1361 1362/1362/1362 1339/1339/1339 
f 1362/1362/1362 1340/1340/1340 1339/1339/1339 
f 1339/1339/1339 1340/1340/1340 1340/1340/1340 
f 1340/1340/1340 1363/1363/1363 1340/1340/1340 
f 1340/1340/1340 1363/1363/1363 1363/1363/1363 
f 1363/1363/1363 1364/1364/1364 1363/1363/1363 
f 1363/1363/1363 1364/1364/1364 1365/1365/1365 
f 1364/1364/1364 1366/1366/1366 1365/1365/1365 
f 1365/1365/1365 1366/1366/1366 1367/1367/1367 
f 1366/1366/1366 1368/1368/1368 1367/1367/1367 
f 1367/1367/1367 1368/1368/1368 1369/1369/1369 
f 1368/1368/1368 1370/1370/1370 1369/1369/1369 
f 1369/1369/1369 1370/1370/1370 1371/1371/1371 
f 1370/1370/1370 1372/1372/1372 1371/1371/1371 
f 1371/1371/1371 1372/1372/1372 1373/1373/1373 
f 1372/1372/1372 1374/1374/1374 1373/1373/1373 
f 1373/1373/1373 1374/1374/1374 1375/1375/1375 
f 1374/1374/1374 1376/1376/1376 1375/1375/1375 
f 1375/1375/1375 1376/1376/1376 1377/1377/1377 
f 1376/1376/1376 1378/1378/1378 1377/1377/1377 
f 1377/1377/1377 1378/1378/1378 1379/1379/1379 
f 1378/1378/1378 1380/1380/1380 1379/1379/1379 
f 1379/1379/1379 1380/1380/1380 1381/1381/1381 
f 1380/1380/1380 1382/1382/1382 1381/1381/1381 
f 1381/1381/1381 1382/1382/1382 1383/1383/1383 
f 1382/1382/1382 1384/1384/1384 1383/1383/1383 
f 1383/1383/1383 1384/1384/1384 1385/1385/1385 
f 1384/1384/1384 1386/1386/1386 1385/1385/1385 
f 1385/1385/1385 1386/1386/1386 1363/1363/1363 
f 1386/1386/1386 1364/1364/1364 1363/1363/1363 
f 1363/1363/1363 1364/1364/1364 1364/1364/1364 
f 1364/1364/1364 1387/1387/1387 1364/1364/1364 
f 1364/1364/1364 1387/1387/1387 1387/1387/1387 
f 1387/1387/1387 1388/1388/1388 1387/1387/1387 
f 1387/1387/1387 1388/1388/1388 1389/1389/1389 
f 1388/1388/1388 1390/1390/1390 1389/1389/1389 
f 1389/1389/1389 1390/1390/1390 1391/1391/1391 
f 1390/1390/1390 1392/1392/1392 1391/1391/1391 
f 1391/1391/1391 1392/1392/1392 1393/1393/1393 
f 1392/1392/1392 1394/1394/1394 1393/1393/1393 
f 1393/1393/1393 1394/1394/1394 1395/1395/1395 
f 1394/1394/1394 1396/1396/1396 1395/1395/1395 
f 1395/1395/1395 1396/1396/1396 1397/1397/1397 
f 1396/1396/1396 1398/1398/1398 1397/1397/1397 
f 1397/1397/1397 1398/1398/1398 1399/1399/1399 
f 1398/1398/1398 1400/1400/1400 1399/1399/1399 
f 1399/1399/1399 1400/1400/1400 1401/1401/1401 
f 1400/1400/1400 1402/1402/1402 1401/1401/1401 
f 1401/1401/1401 1402/1402/1402 1403/1403/1403 
f 1402/1402/1402 1404/1404/1404 1403/1403/1403 
f 1403/1403/1403 1404/1404/1404 1405/1405/1405 
f 1404/1404/1404 1406/1406/1406 1405/1405/1405 
f 1405/1405/1405 1406/1406/1406 1407/1407/1407 
f 1406/1406/1406 1408/1408/1408 1407/1407/1407 
f 1407/1407/1407 1408/1408/1408 1409/1409/1409 
f 1408/1408/1408 1410/1410/1410 1409/1409/1409 
f 1409/1409/1409 1410/1410/1410 1387/1387/1387 
f 1410/1410/1410 1388/1388/1388 1387/1387/1387 
f 1387/1387/1387 1388/1388/1388 1388/1388/1388 
f 1388/1388/1388 1411/1411/1411 1388/1388/1388 
f 1388/1388/1388 1411/1411/1411 1411/1411/1411 
f 1411/1411/1411 1412/1412/1412 1411/1411/1411 
f 1411/1411/1411 1412/1412/1412 1413/1413/1413 
f 1412/1412/1412 1414/1414/1414 1413/1413/1413 
f 1413/1413/1413 1414/1414/1414 1415/1415/1415 
f 1414/1414/1414 1416/1416/1416 1415/1415/1415 
f 1415/1415/1415 1416/1416/1416 1417/1417/1417 
f 1416/1416/1416 1418/1418/1418 1417/1417/1417 
f 1417/1417/1417 1418/1418/1418 1419/1419/1419 
f 1418/1418/1418 1419/1419/1419 1419/1419/1419 
f 1419/1419/1419 1419/1419/1419 1417/1417/1417 
f 1419/1419/1419 1417/1417/1417 1417/1417/1417 
f 1417/1417/1417 1417/1417/1417 1417/1417/1417 
f 1417/1417/1417 1419/1419/1419 1417/1417/1417 
f 1417/1417/1417 1419/1419/1419 1420/1420/1420 
f 1419/1419/1419 1411/1411/1411 1420/1420/1420 
f 1420/1420/1420 1411/1411/1411 1413/1413/1413 
f 142/142/142 1421/1421/1421 140/140/140 
f 150/150/150 1422/1422/1422 148/148/148 
f 161/161/161 1423/1423/1423 159/159/159 
f 1001/1001/1001 1424/1424/1424 996/996/996 
f 994/994/994 1425/1425/1425 999/999/999 
f 882/882/882 1426/1426/1426 886/886/886 
f 1151/1151/1151 1427/1427/1427 1160/1160/1160 
f 1099/1099/1099 1428/1428/1428 1101/1101/1101 
f 1102/1102/1102 1429/1429/1429 1100/1100/1100 
f 132/132/132 1430/1430/1430 136/136/136 
f 307/307/307 1431/1431/1431 305/305/305 
f 304/304/304 1432/1432/1432 306/306/306 
f 438/438/438 1433/1433/1433 442/442/442 
f 609/609/609 1434/1434/1434 607/607/607 
f 1262/1262/1262 1435/1435/1435 1269/1269/1269 
f 694/694/694 1436/1436/1436 698/698/698 
f 959/959/959 1437/1437/1437 957/957/957 
f 16/16/16 59/59/59 33/33/33 
f 901/901/901 1438/1438/1438 903/903/903 
f 904/904/904 1439/1439/1439 902/902/902 
f 274/274/274 1440/1440/1440 272/272/272 
f 863/863/863 1441/1441/1441 861/861/861 
f 858/858/858 1442/1442/1442 856/856/856 
f 1139/1139/1139 1443/1443/1443 1137/1137/1137 
f 853/853/853 1444/1444/1444 851/851/851 
f 924/924/924 1445/1445/1445 922/922/922 
f 977/977/977 1446/1446/1446 975/975/975 
f 848/848/848 1447/1447/1447 846/846/846 
f 1144/1144/1144 1448/1448/1448 1142/1142/1142 
f 1093/1093/1093 1449/1449/1449 1091/1091/1091 
f 843/843/843 1450/1450/1450 841/841/841 
f 1276/1276/1276 1451/1451/1451 1274/1274/1274 
f 988/988/988 1452/1452/1452 986/986/986 
f 834/834/834 1453/1453/1453 832/832/832 
f 384/384/384 1454/1454/1454 382/382/382 
f 1168/1168/1168 1455/1455/1455 1166/1166/1166 
f 670/670/670 1456/1456/1456 668/668/668 
f 1294/1294/1294 1457/1457/1457 1292/1292/1292 
f 1051/1051/1051 1458/1458/1458 1049/1049/1049 
f 314/314/314 1459/1459/1459 316/316/316 
f 316/316/316 1460/1460/1460 318/318/318 
f 1461/1461/1461 315/315/315 320/320/320 
f 612/612/612 1462/1462/1462 614/614/614 
f 1463/1463/1463 613/613/613 615/615/615 
f 1464/1464/1464 662/662/662 664/664/664 
f 704/704/704 1465/1465/1465 702/702/702 
f 718/718/718 1466/1466/1466 716/716/716 
f 1467/1467/1467 717/717/717 715/715/715 
f 777/777/777 1468/1468/1468 779/779/779 
f 1469/1469/1469 778/778/778 780/780/780 
f 1470/1470/1470 425/425/425 427/427/427 
f 399/399/399 1471/1471/1471 401/401/401 
f 1472/1472/1472 400/400/400 402/402/402 
f 914/914/914 1473/1473/1473 912/912/912 
f 1474/1474/1474 913/913/913 911/911/911 
f 1232/1232/1232 1475/1475/1475 1249/1249/1249 
f 471/471/471 1476/1476/1476 473/473/473 
f 1477/1477/1477 472/472/472 474/474/474 
f 869/869/869 1478/1478/1478 873/873/873 
f 494/494/494 1479/1479/1479 492/492/492 
f 533/533/533 1480/1480/1480 531/531/531 
f 538/538/538 1481/1481/1481 536/536/536 
f 599/599/599 1482/1482/1482 597/597/597 
f 591/591/591 1483/1483/1483 589/589/589 
f 625/625/625 1484/1484/1484 623/623/623 
f 637/637/637 1485/1485/1485 635/635/635 
f 685/685/685 1486/1486/1486 683/683/683 
f 1149/1149/1149 1487/1487/1487 1147/1147/1147 
f 68/68/68 1488/1488/1488 66/66/66 
f 97/97/97 1489/1489/1489 95/95/95 
f 642/642/642 1490/1490/1490 640/640/640 
f 1218/1218/1218 1491/1491/1491 1216/1216/1216 
f 1227/1227/1227 1492/1492/1492 1225/1225/1225 
f 1493/1493/1493 1494/1494/1494 1495/1495/1495 
f 1496/1496/1496 1497/1497/1497 1498/1498/1498 
f 1499/1499/1499 1500/1500/1500 1501/1501/1501 
f 1502/1502/1502 1503/1503/1503 1504/1504/1504 
f 1505/1505/1505 1506/1506/1506 1507/1507/1507 
f 1508/1508/1508 1509/1509/1509 1510/1510/1510 
f 1511/1511/1511 1512/1512/1512 1513/1513/1513 
f 1514/1514/1514 1515/1515/1515 1516/1516/1516 
f 1517/1517/1517 1518/1518/1518 1519/1519/1519 
f 1520/1520/1520 1521/1521/1521 1522/1522/1522 
f 1523/1523/1523 1524/1524/1524 1525/1525/1525 
f 1526/1526/1526 1527/1527/1527 1528/1528/1528 
f 1529/1529/1529 1530/1530/1530 1531/1531/1531 
f 1532/1532/1532 1533/1533/1533 1534/1534/1534 
f 1535/1535/1535 1536/1536/1536 1537/1537/1537 
f 1538/1538/1538 1539/1539/1539 1540/1540/1540 
f 1541/1541/1541 1542/1542/1542 1543/1543/1543 
f 1544/1544/1544 1545/1545/1545 1546/1546/1546 
f 1547/1547/1547 1548/1548/1548 1549/1549/1549 
f 1550/1550/1550 1551/1551/1551 1552/1552/1552 
f 1553/1553/1553 1554/1554/1554 1555/1555/1555 
f 1556/1556/1556 1557/1557/1557 1558/1558/1558 
f 1559/1559/1559 1560/1560/1560 1561/1561/1561 
f 1562/1562/1562 1563/1563/1563 1564/1564/1564 
f 1565/1565/1565 1566/1566/1566 1567/1567/1567 
f 1568/1568/1568 1569/1569/1569 1570/1570/1570 
f 1571/1571/1571 1572/1572/1572 1573/1573/1573 
f 1574/1574/1574 1575/1575/1575 1576/1576/1576 
f 1577/1577/1577 1578/1578/1578 1579/1579/1579 
f 1580/1580/1580 1581/1581/1581 1582/1582/1582 
f 1583/1583/1583 1584/1584/1584 1585/1585/1585 
f 1586/1586/1586 1587/1587/1587 1588/1588/1588 
f 1589/1589/1589 1590/1590/1590 1591/1591/1591 
f 1592/1592/1592 1593/1593/1593 1594/1594/1594 
f 1595/1595/1595 1596/1596/1596 1597/1597/1597 
f 1598/1598/1598 1599/1599/1599 1600/1600/1600 
f 1601/1601/1601 1602/1602/1602 1603/1603/1603 
f 1604/1604/1604 1605/1605/1605 1606/1606/1606 
f 1607/1607/1607 1608/1608/1608 1609/1609/1609 
f 1610/1610/1610 1611/1611/1611 1612/1612/1612 
f 1613/1613/1613 1614/1614/1614 1615/1615/1615 
f 1616/1616/1616 1617/1617/1617 1618/1618/1618 
f 1619/1619/1619 1620/1620/1620 1621/1621/1621 
f 1622/1622/1622 1623/1623/1623 1624/1624/1624 
f 1625/1625/1625 1626/1626/1626 1627/1627/1627 
f 1628/1628/1628 1629/1629/1629 1630/1630/1630 
f 1631/1631/1631 1632/1632/1632 1633/1633/1633 
f 1634/1634/1634 1635/1635/1635 1636/1636/1636 
f 1637/1637/1637 1638/1638/1638 1639/1639/1639 
f 1640/1640/1640 1641/1641/1641 1642/1642/1642 
f 1643/1643/1643 1644/1644/1644 1645/1645/1645 
f 1646/1646/1646 1647/1647/1647 1648/1648/1648 
f 1649/1649/1649 1650/1650/1650 1651/1651/1651 
f 1652/1652/1652 1653/1653/1653 1654/1654/1654 
f 1655/1655/1655 1656/1656/1656 1657/1657/1657 
f 1658/1658/1658 1659/1659/1659 1660/1660/1660 
f 1661/1661/1661 1662/1662/1662 1663/1663/1663 
f 1664/1664/1664 1665/1665/1665 1666/1666/1666 
f 1667/1667/1667 1668/1668/1668 1669/1669/1669 
f 1670/1670/1670 1671/1671/1671 1672/1672/1672 
f 1673/1673/1673 1674/1674/1674 1675/1675/1675 
f 1676/1676/1676 1677/1677/1677 1678/1678/1678 
f 1679/1679/1679 1680/1680/1680 1681/1681/1681 
f 1682/1682/1682 1683/1683/1683 1684/1684/1684 
f 1685/1685/1685 1686/1686/1686 1687/1687/1687 
f 1688/1688/1688 1689/1689/1689 1690/1690/1690 
f 1691/1691/1691 1692/1692/1692 1693/1693/1693 
f 1694/1694/1694 1695/1695/1695 1696/1696/1696 
f 1697/1697/1697 1698/1698/1698 1699/1699/1699 
f 1700/1700/1700 1701/1701/1701 1702/1702/1702 
f 1703/1703/1703 1704/1704/1704 1705/1705/1705 
f 1706/1706/1706 1707/1707/1707 1708/1708/1708 
f 1709/1709/1709 1710/1710/1710 1711/1711/1711 
f 1712/1712/1712 1713/1713/1713 1714/1714/1714 
f 1715/1715/1715 1716/1716/1716 1717/1717/1717 
f 1718/1718/1718 1719/1719/1719 1720/1720/1720 
f 1721/1721/1721 1722/1722/1722 1723/1723/1723 
f 1724/1724/1724 1725/1725/1725 1726/1726/1726 
f 1727/1727/1727 1728/1728/1728 1729/1729/1729 
f 1730/1730/1730 1731/1731/1731 1732/1732/1732 
f 1733/1733/1733 1734/1734/1734 1735/1735/1735 
f 1736/1736/1736 1737/1737/1737 1738/1738/1738 
f 1739/1739/1739 1740/1740/1740 1741/1741/1741 
f 1742/1742/1742 1743/1743/1743 1744/1744/1744 
f 1745/1745/1745 1746/1746/1746 1747/1747/1747 
f 1748/1748/1748 1749/1749/1749 1750/1750/1750 
f 1751/1751/1751 1752/1752/1752 1753/1753/1753 
f 1754/1754/1754 1755/1755/1755 1756/1756/1756 
f 327/327/327 1757/1757/1757 325/325/325 
f 1758/1758/1758 1759/1759/1759 1760/1760/1760 
f 1761/1761/1761 1762/1762/1762 1763/1763/1763 
f 1764/1764/1764 1765/1765/1765 1766/1766/1766 
f 1767/1767/1767 1768/1768/1768 1769/1769/1769 
f 1770/1770/1770 1771/1771/1771 1772/1772/1772 
f 1773/1773/1773 1774/1774/1774 1775/1775/1775 
f 1776/1776/1776 1777/1777/1777 1778/1778/1778 
f 1779/1779/1779 1780/1780/1780 1781/1781/1781 
f 1782/1782/1782 1783/1783/1783 1784/1784/1784 
f 1785/1785/1785 1786/1786/1786 1787/1787/1787 
f 1788/1788/1788 1789/1789/1789 1790/1790/1790 
f 1791/1791/1791 1792/1792/1792 1745/1745/1745 
f 1793/1793/1793 1794/1794/1794 1795/1795/1795 
f 1796/1796/1796 1797/1797/1797 1798/1798/1798 
f 280/280/280 1799/1799/1799 282/282/282 
f 1800/1800/1800 281/281/281 283/283/283 
f 1801/1801/1801 1802/1802/1802 1803/1803/1803 
f 1804/1804/1804 1805/1805/1805 1806/1806/1806 
f 1807/1807/1807 1808/1808/1808 1809/1809/1809 
f 1810/1810/1810 1811/1811/1811 1812/1812/1812 
f 1813/1813/1813 1814/1814/1814 1815/1815/1815 
f 1816/1816/1816 1817/1817/1817 1818/1818/1818 
f 1819/1819/1819 1820/1820/1820 1821/1821/1821 
f 1822/1822/1822 1823/1823/1823 1824/1824/1824 
f 1825/1825/1825 1826/1826/1826 1827/1827/1827 
f 1828/1828/1828 1829/1829/1829 1830/1830/1830 
f 1831/1831/1831 1832/1832/1832 1833/1833/1833 
f 1834/1834/1834 1835/1835/1835 1836/1836/1836 
f 1837/1837/1837 1838/1838/1838 1839/1839/1839 
f 1840/1840/1840 1841/1841/1841 1837/1837/1837 
f 1842/1842/1842 1843/1843/1843 1844/1844/1844 
f 1845/1845/1845 1846/1846/1846 1847/1847/1847 
f 1848/1848/1848 1849/1849/1849 1850/1850/1850 
f 1851/1851/1851 1852/1852/1852 1853/1853/1853 
f 1813/1813/1813 1854/1854/1854 1855/1855/1855 
f 1856/1856/1856 1857/1857/1857 1858/1858/1858 
f 1859/1859/1859 1860/1860/1860 1861/1861/1861 
f 1862/1862/1862 1863/1863/1863 1864/1864/1864 
f 1865/1865/1865 1866/1866/1866 1867/1867/1867 
f 1868/1868/1868 1869/1869/1869 1870/1870/1870 
f 1871/1871/1871 269/269/269 1872/1872/1872 
f 1873/1873/1873 1874/1874/1874 1875/1875/1875 
f 1876/1876/1876 1877/1877/1877 1878/1878/1878 
f 1879/1879/1879 1880/1880/1880 1881/1881/1881 
f 1882/1882/1882 1841/1841/1841 1883/1883/1883 
f 1884/1884/1884 1885/1885/1885 1886/1886/1886 

