mtllib model_3.mtl
o model_3
v -47.86354064941406 38.752628326416016 -189.68797302246094 
v 33.584930419921875 38.752628326416016 -96.90150451660156 
v -54.681182861328125 29.923423767089844 -183.7034149169922 
v 26.767290115356445 29.923423767089844 -90.91693878173828 
v -37.6184196472168 33.920108795166016 -169.48410034179688 
v -33.63074493408203 39.08435821533203 -172.9844970703125 
v -19.33228302001953 22.64128303527832 -165.2924346923828 
v -15.344606399536133 27.8055362701416 -168.79283142089844 
v -53.74437713623047 98.48998260498047 -242.1414031982422 
v -44.28709030151367 98.48998260498047 -231.36761474609375 
v -46.87194061279297 97.50420379638672 -242.3346405029297 
v -40.30974197387695 97.50420379638672 -234.8589630126953 
v -25.17951202392578 98.48998260498047 -209.6001739501953 
v -21.202159881591797 97.50420379638672 -213.0915069580078 
v 51.057804107666016 98.48998260498047 -122.75027465820312 
v 52.91209030151367 97.50420379638672 -128.66021728515625 
v 102.89152526855469 38.56275939941406 -117.25253295898438 
v 66.99243927001953 38.56275939941406 -158.14894104003906 
v 100.04263305664062 39.718021392822266 -114.75176239013672 
v 64.14353942871094 39.718021392822266 -155.64817810058594 
v 4.481388568878174 66.43966674804688 -196.31787109375 
v 3.819716215133667 63.12236404418945 -201.9657745361328 
v 8.469066619873047 71.60391998291016 -199.8182830810547 
v 7.807394027709961 68.28662109375 -205.46617126464844 
v -19.231985092163086 11.21903133392334 -197.69192504882812 
v -21.13977813720703 0.10607223212718964 -216.2605743408203 
v -23.219661712646484 6.054778575897217 -194.19151306152344 
v -25.12745475769043 -5.058180332183838 -212.76016235351562 
v 100.04263305664062 39.718021392822266 -114.75176239013672 
v 64.14353942871094 39.718021392822266 -155.64817810058594 
v 97.85584259033203 36.88601303100586 -112.83218383789062 
v 61.956748962402344 36.88601303100586 -153.7285919189453 
v -42.3401985168457 82.89866638183594 -252.15203857421875 
v -53.74437713623047 98.48998260498047 -242.1414031982422 
v -40.07795715332031 88.21575927734375 -248.29843139648438 
v -46.87194061279297 97.50420379638672 -242.3346405029297 
v 103.56094360351562 34.907936096191406 -117.84014892578125 
v 102.89152526855469 38.56275939941406 -117.25253295898438 
v 101.37415313720703 32.075927734375 -115.92057037353516 
v 97.85584259033203 36.88601303100586 -112.83218383789062 
v 98.6465835571289 33.06532669067383 -113.52629089355469 
v 97.52397918701172 40.68064498901367 -93.46543884277344 
v 84.39684295654297 48.824676513671875 -108.02511596679688 
v 96.73323822021484 44.5013313293457 -92.77133178710938 
v 83.6061019897461 52.645362854003906 -107.33100128173828 
v 45.6601448059082 51.632080078125 -139.42337036132812 
v 44.99073028564453 55.28689956665039 -138.83575439453125 
v -57.93883514404297 38.42958450317383 -207.70516967773438 
v -45.5640869140625 21.511348724365234 -218.56777954101562 
v 21.579578399658203 38.42958450317383 -117.11742401123047 
v 33.95433044433594 21.511348724365234 -127.98003387451172 
v 46.329078674316406 4.593113422393799 -138.84263610839844 
v -33.189334869384766 4.593113422393799 -229.43038940429688 
v -4.857743263244629 44.583839416503906 -265.9788513183594 
v -14.31502914428711 44.583839416503906 -276.7526550292969 
v -11.675385475158691 35.75463104248047 -259.9942932128906 
v -21.132671356201172 35.75463104248047 -270.7680969238281 
v -7.3212690353393555 43.432193756103516 -277.0523986816406 
v -0.759070098400116 43.432193756103516 -269.5766906738281 
v -0.5272892117500305 34.14375305175781 -283.01617431640625 
v 6.034909725189209 34.14375305175781 -275.5404968261719 
v 18.3485107421875 43.432193756103516 -247.8092498779297 
v 25.14249038696289 34.14375305175781 -253.77304077148438 
v 95.55085754394531 43.432193756103516 -159.8599853515625 
v 99.2567367553711 34.14375305175781 -169.3417510986328 
v 22.839204788208008 31.621156692504883 -120.16959381103516 
v 30.17342758178711 31.621156692504883 -111.81441497802734 
v 20.324695587158203 27.142799377441406 -129.6411895751953 
v 46.82178497314453 19.67887306213379 -110.46733856201172 
v 23.66107749938965 19.67887306213379 -136.8521270751953 
v 31.122270584106445 12.380810737609863 -139.1193389892578 
v 47.64366149902344 7.736589431762695 -127.14985656738281 
v 40.3094367980957 7.736589431762695 -135.50503540039062 
v 21.595932006835938 81.33132934570312 -129.5892333984375 
v -45.57011032104492 81.33132934570312 -206.1051025390625 
v 14.392385482788086 72.00235748291016 -123.26592254638672 
v -52.77365493774414 72.00235748291016 -199.7817840576172 
v -59.977203369140625 62.67338562011719 -193.45846557617188 
v 81.49427795410156 8.914291381835938 -98.46990203857422 
v 69.94559478759766 8.90488338470459 -105.07208251953125 
v 83.68106842041016 11.746301651000977 -100.38948059082031 
v 72.13238525390625 11.736892700195312 -106.99166107177734 
v 46.56575012207031 7.5873703956604 -140.21827697753906 
v 48.75254440307617 10.419380187988281 -142.1378631591797 
v 95.69831085205078 44.583839416503906 -151.42494201660156 
v 95.55085754394531 43.432193756103516 -159.8599853515625 
v 14.249836921691895 44.583839416503906 -244.21142578125 
v 18.3485107421875 43.432193756103516 -247.8092498779297 
v -4.857743263244629 44.583839416503906 -265.9788513183594 
v -0.759070098400116 43.432193756103516 -269.5766906738281 
v -14.31502914428711 44.583839416503906 -276.7526550292969 
v -7.3212690353393555 43.432193756103516 -277.0523986816406 
v 102.01265716552734 28.826658248901367 -167.47865295410156 
v 99.2567367553711 34.14375305175781 -169.3417510986328 
v 95.69831085205078 44.583839416503906 -151.42494201660156 
v 95.55085754394531 43.432193756103516 -159.8599853515625 
v 103.42052459716797 36.04365921020508 -98.6414566040039 
v 96.14777374267578 29.559724807739258 -105.88269805908203 
v 105.47868347167969 38.70907974243164 -100.4481201171875 
v 98.33456420898438 32.3917350769043 -107.80227661132812 
v 59.73339080810547 32.3917350769043 -151.77691650390625 
v 57.546600341796875 29.559724807739258 -149.8573455810547 
v 67.82866668701172 61.073360443115234 -91.14572143554688 
v 67.21775817871094 67.38780975341797 -90.60946655273438 
v 65.58336639404297 55.58171844482422 -89.1747817993164 
v 59.093544006347656 73.0156478881836 -83.47799682617188 
v 54.78578567504883 70.34371185302734 -79.69662475585938 
v 52.661808013916016 64.68620300292969 -77.83218383789062 
v 56.66970443725586 53.72753143310547 -81.35032653808594 
v 61.39692687988281 52.743919372558594 -85.49990844726562 
v -2.78952693939209 28.826658248901367 -286.8697814941406 
v -0.5272892117500305 34.14375305175781 -283.01617431640625 
v 6.667759418487549 28.826658248901367 -276.09600830078125 
v 6.034909725189209 34.14375305175781 -275.5404968261719 
v 25.775339126586914 28.826658248901367 -254.32855224609375 
v 25.14249038696289 34.14375305175781 -253.77304077148438 
v 102.01265716552734 28.826658248901367 -167.47865295410156 
v 99.2567367553711 34.14375305175781 -169.3417510986328 
v 84.34101867675781 58.787437438964844 -100.96881866455078 
v 78.83914184570312 62.109806060791016 -105.87161254882812 
v 83.67160034179688 62.4422607421875 -100.3812026977539 
v 78.16972351074219 65.7646255493164 -105.28399658203125 
v 47.765193939208984 62.109806060791016 -141.2711944580078 
v 47.09577941894531 65.7646255493164 -140.68357849121094 
v -14.31502914428711 44.583839416503906 -276.7526550292969 
v -7.3212690353393555 43.432193756103516 -277.0523986816406 
v -2.78952693939209 28.826658248901367 -286.8697814941406 
v -0.5272892117500305 34.14375305175781 -283.01617431640625 
v 78.07862091064453 42.95136642456055 -76.39620971679688 
v 69.74478912353516 41.94894027709961 -82.31674194335938 
v 76.02046203613281 40.285945892333984 -74.58954620361328 
v 67.55799865722656 39.11692810058594 -80.39716339111328 
v 31.079246520996094 42.11552810668945 -126.6241683959961 
v 33.26603698730469 44.94753646850586 -128.5437469482422 
v 29.960899353027344 23.979061126708984 -114.7422103881836 
v 25.714767456054688 23.979061126708984 -119.57942199707031 
v 35.37614059448242 21.325220108032227 -112.48843383789062 
v 26.299436569213867 16.84686279296875 -129.4357147216797 
v 40.00285339355469 16.84686279296875 -113.82471466064453 
v 41.80615997314453 12.534372329711914 -118.13272857666016 
v 36.02705764770508 9.880531311035156 -128.631591796875 
v 40.273189544677734 9.880531311035156 -123.79438781738281 
v -33.75550079345703 69.74828338623047 -228.93344116210938 
v 45.76291275024414 69.74828338623047 -138.345703125 
v -21.38075065612793 52.830047607421875 -239.79605102539062 
v 58.137664794921875 52.830047607421875 -149.20831298828125 
v 70.51241302490234 35.91181182861328 -160.0709228515625 
v 72.55078125 11.668010711669922 -174.31761169433594 
v 65.34723663330078 2.339036703109741 -167.9943084716797 
v 5.384742259979248 11.668010711669922 -250.83348083496094 
v -1.8188039064407349 2.339036703109741 -244.51016235351562 
v -9.022350311279297 -6.9899373054504395 -238.1868438720703 
v 58.14369201660156 -6.9899373054504395 -161.67098999023438 
v 5.384742259979248 11.668010711669922 -250.83348083496094 
v -1.8188039064407349 2.339036703109741 -244.51016235351562 
v -7.717933654785156 29.581436157226562 -239.33189392089844 
v -14.921480178833008 20.25246238708496 -233.00857543945312 
v -22.12502670288086 10.92348861694336 -226.68527221679688 
v -9.022350311279297 -6.9899373054504395 -238.1868438720703 
v 104.82728576660156 15.969647407531738 -123.62327575683594 
v 101.4302978515625 20.613868713378906 -120.6413803100586 
v 105.43819427490234 9.655195236206055 -124.15953063964844 
v 92.39531707763672 18.9255428314209 -112.71043395996094 
v 103.1928939819336 4.163552284240723 -122.18859100341797 
v 99.00645446777344 1.3257544040679932 -118.51371002197266 
v 90.88224792480469 6.953585624694824 -111.38224029541016 
v 94.27923583984375 2.3093647956848145 -114.3641357421875 
v 55.56867980957031 61.97289276123047 -152.79266357421875 
v 57.101646423339844 64.6267318725586 -147.13101196289062 
v 57.686317443847656 57.49453353881836 -156.9873046875 
v 66.76302337646484 61.97289276123047 -140.04002380371094 
v 71.38973236083984 57.49453353881836 -141.3762969970703 
v 73.19303894042969 53.182044982910156 -145.68431091308594 
v 67.4139404296875 50.528202056884766 -156.1831817626953 
v 61.99869918823242 53.182044982910156 -158.4369659423828 
v 67.32273864746094 42.72024154663086 -159.21746826171875 
v 74.6569595336914 42.72024154663086 -150.86228942871094 
v 58.13557052612305 47.364463806152344 -162.83177185058594 
v 73.8350830078125 54.66252517700195 -134.1797637939453 
v 50.67437744140625 54.66252517700195 -160.56455993652344 
v 47.33799362182617 62.1264533996582 -153.35362243652344 
v 57.18672561645508 66.60480499267578 -135.52684020996094 
v 49.85250473022461 66.60480499267578 -143.8820343017578 
v -11.336387634277344 25.95858383178711 -151.2893524169922 
v -24.494022369384766 33.920108795166016 -154.53271484375 
v -11.998059272766113 22.64128303527832 -156.93724060058594 
v -30.284198760986328 33.920108795166016 -161.12890625 
v 65.2359619140625 42.44291687011719 -84.19828796386719 
v 56.76198959350586 40.62129592895508 -98.56029510498047 
v 62.38706970214844 43.598182678222656 -81.69751739501953 
v 53.784461975097656 41.60997009277344 -95.94660186767578 
v 25.337575912475586 42.43133544921875 -121.58409881591797 
v 28.18647003173828 41.27606964111328 -124.08487701416016 
v 60.32891082763672 40.93275833129883 -79.89085388183594 
v 51.72630310058594 38.944549560546875 -94.13994598388672 
v 60.99101638793945 36.94548416137695 -80.47205352783203 
v 52.51704406738281 35.123863220214844 -94.83405303955078 
v 23.9415225982666 35.77864074707031 -120.35863494873047 
v 23.150785446166992 39.59932327270508 -119.6645278930664 
v -47.86354064941406 38.752628326416016 -189.68797302246094 
v -54.681182861328125 29.923423767089844 -183.7034149169922 
v -33.79029846191406 19.512283325195312 -202.04153442382812 
v -40.60793685913086 10.683077812194824 -196.0569610595703 
v -26.65601348876953 -8.391403198242188 -208.3040313720703 
v 78.48147583007812 82.89866638183594 -114.51143646240234 
v 58.006019592285156 98.48998260498047 -114.83483123779297 
v 71.66383361816406 74.0694580078125 -108.52687072753906 
v 51.188377380371094 89.66077423095703 -108.85026550292969 
v 65.60079193115234 -8.391403198242188 -103.20465087890625 
v 67.9336929321289 -23.982717514038086 -123.54932403564453 
v 72.4184341430664 0.43780210614204407 -109.18921661376953 
v 74.75133514404297 -15.153512001037598 -129.5338897705078 
v 63.84722137451172 36.12267303466797 -82.97924041748047 
v 55.24461364746094 34.134464263916016 -97.22833251953125 
v 65.90538024902344 38.78809356689453 -84.78590393066406 
v 57.302772521972656 36.79988479614258 -99.03499603271484 
v 28.855886459350586 37.62125015258789 -124.67249298095703 
v 26.669095993041992 34.78923797607422 -122.75291442871094 
v 65.90538024902344 38.78809356689453 -84.78590393066406 
v 57.302772521972656 36.79988479614258 -99.03499603271484 
v 65.2359619140625 42.44291687011719 -84.19828796386719 
v 56.76198959350586 40.62129592895508 -98.56029510498047 
v 28.18647003173828 41.27606964111328 -124.08487701416016 
v 28.855886459350586 37.62125015258789 -124.67249298095703 
v 76.02046203613281 40.285945892333984 -74.58954620361328 
v 67.55799865722656 39.11692810058594 -80.39716339111328 
v 76.81120300292969 36.46525955200195 -75.28366088867188 
v 68.34873962402344 35.296241760253906 -81.09127807617188 
v 31.869983673095703 38.29484176635742 -127.31828308105469 
v 31.079246520996094 42.11552810668945 -126.6241683959961 
v 67.66184997558594 34.907936096191406 -158.73655700683594 
v 103.56094360351562 34.907936096191406 -117.84014892578125 
v 65.47505950927734 32.075927734375 -156.81698608398438 
v 101.37415313720703 32.075927734375 -115.92057037353516 
v 79.53877258300781 35.475860595703125 -77.67793273925781 
v 71.07630920410156 34.30684280395508 -83.48555755615234 
v 81.59693145751953 38.14128112792969 -79.4845962524414 
v 73.26309967041016 37.138851165771484 -85.40513610839844 
v 36.78434753417969 40.137451171875 -131.63214111328125 
v 34.597557067871094 37.305442810058594 -129.71255493164062 
v 105.47868347167969 38.70907974243164 -100.4481201171875 
v 104.81658172607422 42.69635772705078 -99.86692810058594 
v 103.42052459716797 36.04365921020508 -98.6414566040039 
v 99.78089141845703 41.01961135864258 -95.44657135009766 
v 100.5716323852539 37.19892501831055 -96.14068603515625 
v -7.3487114906311035 31.12283706665039 -154.78976440429688 
v -11.336387634277344 25.95858383178711 -151.2893524169922 
v -8.010382652282715 27.8055362701416 -160.43765258789062 
v -11.998059272766113 22.64128303527832 -156.93724060058594 
v 61.61009979248047 0.43780210614204407 -121.50211334228516 
v 67.92444610595703 -15.319377899169922 -137.5558319091797 
v -19.8383731842041 0.43780210614204407 -214.28858947753906 
v -8.312870979309082 -15.319377899169922 -224.40573120117188 
v -27.42045021057129 -15.319377899169922 -246.1731719970703 
v -38.945953369140625 0.43780210614204407 -236.0560302734375 
v -48.40324020385742 0.43780210614204407 -246.82981872558594 
v 78.7645492553711 60.93210220336914 -96.07376861572266 
v 73.13404083251953 64.08788299560547 -100.8636474609375 
v 79.4266586303711 56.944828033447266 -96.65496063232422 
v 73.92477416992188 60.26719665527344 -101.55775451660156 
v 42.06009292602539 64.08788299560547 -136.2632293701172 
v 42.850833892822266 60.26719665527344 -136.95733642578125 
v 51.188377380371094 89.66077423095703 -108.85026550292969 
v 58.006019592285156 98.48998260498047 -114.83483123779297 
v 44.24016189575195 89.66077423095703 -116.76570892333984 
v 51.057804107666016 98.48998260498047 -122.75027465820312 
v -31.997154235839844 89.66077423095703 -203.6156005859375 
v -25.17951202392578 98.48998260498047 -209.6001739501953 
v -51.104732513427734 89.66077423095703 -225.383056640625 
v -44.28709030151367 98.48998260498047 -231.36761474609375 
v -60.56201934814453 89.66077423095703 -236.15682983398438 
v -53.74437713623047 98.48998260498047 -242.1414031982422 
v -19.8383731842041 0.43780210614204407 -214.28858947753906 
v -26.65601348876953 -8.391403198242188 -208.3040313720703 
v 61.61009979248047 0.43780210614204407 -121.50211334228516 
v 54.792457580566406 -8.391403198242188 -115.51754760742188 
v -7.528747081756592 53.33415603637695 -227.8191375732422 
v -1.2256443500518799 61.49700927734375 -233.35203552246094 
v -5.344967842102051 50.34858703613281 -229.73606872558594 
v 0.9581348299980164 58.511436462402344 -235.2689666748047 
v 5.384742259979248 11.668010711669922 -250.83348083496094 
v -7.717933654785156 29.581436157226562 -239.33189392089844 
v 72.55078125 11.668010711669922 -174.31761169433594 
v 59.4481086730957 29.581436157226562 -162.8160400390625 
v -53.74437713623047 98.48998260498047 -242.1414031982422 
v -42.3401985168457 82.89866638183594 -252.15203857421875 
v -60.56201934814453 89.66077423095703 -236.15682983398438 
v -49.157840728759766 74.0694580078125 -246.16746520996094 
v 82.2828598022461 56.12201690673828 -99.16215515136719 
v 76.65235137939453 59.277793884277344 -103.95203399658203 
v 84.34101867675781 58.787437438964844 -100.96881866455078 
v 78.83914184570312 62.109806060791016 -105.87161254882812 
v 45.57840347290039 59.277793884277344 -139.3516082763672 
v 47.765193939208984 62.109806060791016 -141.2711944580078 
v 98.39775085449219 17.91153335571289 -94.23242950439453 
v 83.12039184570312 24.885828018188477 -106.90462493896484 
v 97.60700988769531 21.732221603393555 -93.53831481933594 
v 82.45828247070312 28.873104095458984 -106.32342529296875 
v 50.85759353637695 20.897106170654297 -143.98568725585938 
v 50.188175201416016 24.55192756652832 -143.3980712890625 
v 96.2109603881836 15.079524040222168 -92.31285095214844 
v 81.0622329711914 22.220407485961914 -105.09796142578125 
v 98.39775085449219 17.91153335571289 -94.23242950439453 
v 83.12039184570312 24.885828018188477 -106.90462493896484 
v 48.67080307006836 18.065095901489258 -142.0661163330078 
v 50.85759353637695 20.897106170654297 -143.98568725585938 
v -43.695377349853516 -24.148584365844727 -250.96238708496094 
v -55.22087860107422 -8.391403198242188 -240.8452606201172 
v -36.87773895263672 -15.319377899169922 -256.94696044921875 
v -48.40324020385742 0.43780210614204407 -246.82981872558594 
v 92.57132720947266 20.055477142333984 -89.11796569824219 
v 77.5439224243164 27.030494689941406 -102.00957489013672 
v 93.362060546875 16.234790802001953 -89.81207275390625 
v 78.21334075927734 23.375673294067383 -102.5971908569336 
v 45.152488708496094 22.875181198120117 -138.97772216796875 
v 45.94322967529297 19.05449676513672 -139.6718292236328 
v 94.75811767578125 22.887487411499023 -91.03754425048828 
v 79.60208129882812 29.69591522216797 -103.81623077392578 
v 92.57132720947266 20.055477142333984 -89.11796569824219 
v 77.5439224243164 27.030494689941406 -102.00957489013672 
v 47.33928298950195 25.707191467285156 -140.8972930908203 
v 45.152488708496094 22.875181198120117 -138.97772216796875 
v 60.855499267578125 74.0694580078125 -120.83976745605469 
v 44.24016189575195 89.66077423095703 -116.76570892333984 
v -20.592973709106445 74.0694580078125 -213.62625122070312 
v -31.997154235839844 89.66077423095703 -203.6156005859375 
v -51.104732513427734 89.66077423095703 -225.383056640625 
v -39.70055389404297 74.0694580078125 -235.39369201660156 
v -49.157840728759766 74.0694580078125 -246.16746520996094 
v 52.395347595214844 5.911349296569824 -123.92431640625 
v 45.57770538330078 -2.917856454849243 -117.93975067138672 
v 53.43195343017578 11.882491111755371 -113.93400573730469 
v 46.61431121826172 3.053285598754883 -107.9494400024414 
v 105.47868347167969 38.70907974243164 -100.4481201171875 
v 98.33456420898438 32.3917350769043 -107.80227661132812 
v 104.81658172607422 42.69635772705078 -99.86692810058594 
v 97.66515350341797 36.04655456542969 -107.21466064453125 
v 59.06397247314453 36.04655456542969 -151.18930053710938 
v 59.73339080810547 32.3917350769043 -151.77691650390625 
v -49.650230407714844 39.08435821533203 -191.23397827148438 
v -43.86005401611328 39.08435821533203 -184.6377716064453 
v -31.364093780517578 27.8055362701416 -187.0423126220703 
v -30.702421188354492 31.12283706665039 -181.3944091796875 
v 52.91209030151367 97.50420379638672 -128.66021728515625 
v 62.794166564941406 88.21575927734375 -131.1060333251953 
v -21.202159881591797 97.50420379638672 -213.0915069580078 
v -14.40817928314209 88.21575927734375 -219.0552978515625 
v -40.30974197387695 97.50420379638672 -234.8589630126953 
v -33.5157585144043 88.21575927734375 -240.82273864746094 
v -46.87194061279297 97.50420379638672 -242.3346405029297 
v -40.07795715332031 88.21575927734375 -248.29843139648438 
v -45.76359558105469 -8.391403198242188 -230.07147216796875 
v -57.39944839477539 10.683077812194824 -215.18592834472656 
v -38.945953369140625 0.43780210614204407 -236.0560302734375 
v -50.58180618286133 19.512283325195312 -221.17050170898438 
v -66.97112274169922 38.752628326416016 -211.45542907714844 
v -73.78876495361328 29.923423767089844 -205.47085571289062 
v 83.68106842041016 11.746301651000977 -100.38948059082031 
v 72.13238525390625 11.736892700195312 -106.99166107177734 
v 83.01165008544922 15.401123046875 -99.80186462402344 
v 71.46296691894531 15.39171314239502 -106.40404510498047 
v 48.75254440307617 10.419380187988281 -142.1378631591797 
v 48.083126068115234 14.074201583862305 -141.5502471923828 
v 106.50664520263672 44.583839416503906 -139.11204528808594 
v 87.5201644897461 56.028526306152344 -143.85684204101562 
v 99.68900299072266 35.75463104248047 -133.12747192382812 
v 80.70252227783203 47.19932174682617 -137.8722686767578 
v 67.67314147949219 82.89866638183594 -126.82433319091797 
v 60.855499267578125 74.0694580078125 -120.83976745605469 
v -13.775331497192383 82.89866638183594 -219.61080932617188 
v -20.592973709106445 74.0694580078125 -213.62625122070312 
v 88.88066864013672 35.75463104248047 -145.4403839111328 
v 79.6659164428711 41.228179931640625 -147.86257934570312 
v 95.69831085205078 44.583839416503906 -151.42494201660156 
v 86.48355865478516 50.0573844909668 -153.84715270996094 
v -13.838790893554688 8.067594528198242 -196.19737243652344 
v -15.349602699279785 0.10607223212718964 -209.66436767578125 
v -19.231985092163086 11.21903133392334 -197.69192504882812 
v -21.13977813720703 0.10607223212718964 -216.2605743408203 
v 80.16275787353516 16.556386947631836 -97.30108642578125 
v 68.61407470703125 16.546977996826172 -103.90327453613281 
v 77.97596740722656 13.724377632141113 -95.38150787353516 
v 66.42728424072266 13.714969635009766 -101.98369598388672 
v 45.234230041503906 15.229466438293457 -139.04946899414062 
v 43.04743957519531 12.397456169128418 -137.12989807128906 
v 83.01165008544922 15.401123046875 -99.80186462402344 
v 71.46296691894531 15.39171314239502 -106.40404510498047 
v 80.16275787353516 16.556386947631836 -97.30108642578125 
v 68.61407470703125 16.546977996826172 -103.90327453613281 
v 48.083126068115234 14.074201583862305 -141.5502471923828 
v 45.234230041503906 15.229466438293457 -139.04946899414062 
v 57.76865005493164 51.70011520385742 -173.02064514160156 
v 53.780975341796875 46.53586196899414 -169.52024841308594 
v 63.161842346191406 48.54867935180664 -171.52610778808594 
v 59.17416763305664 43.38442611694336 -168.02569580078125 
v 51.8731803894043 35.42290115356445 -188.08889770507812 
v 57.66335678100586 35.42290115356445 -181.49269104003906 
v 53.780975341796875 46.53586196899414 -169.52024841308594 
v 59.17416763305664 43.38442611694336 -168.02569580078125 
v 101.83905029296875 43.68503189086914 -97.25323486328125 
v 94.81625366210938 37.201820373535156 -104.7138900756836 
v 99.78089141845703 41.01961135864258 -95.44657135009766 
v 92.62946319580078 34.36981201171875 -102.7943115234375 
v 54.028289794921875 34.36981201171875 -146.76895141601562 
v 56.21508026123047 37.201820373535156 -148.6885223388672 
v 91.947509765625 42.82530975341797 -88.57038879394531 
v 94.00566864013672 45.49073028564453 -90.3770523071289 
v 78.82037353515625 50.96934509277344 -103.13006591796875 
v 80.87853240966797 53.634765625 -104.93672943115234 
v 42.1418342590332 56.44216537475586 -136.33497619628906 
v 44.345951080322266 35.42290115356445 -196.6639404296875 
v 50.32913589477539 35.42290115356445 -189.84786987304688 
v 46.44675064086914 46.53586196899414 -177.87542724609375 
v 51.64693832397461 43.38442611694336 -176.6007537841797 
v 50.32913589477539 35.42290115356445 -189.84786987304688 
v 54.316810607910156 40.587154388427734 -193.34828186035156 
v 51.64693832397461 43.38442611694336 -176.6007537841797 
v 55.63461685180664 48.54867935180664 -180.10116577148438 
v 51.64693832397461 43.38442611694336 -176.6007537841797 
v 55.63461685180664 48.54867935180664 -180.10116577148438 
v 46.44675064086914 46.53586196899414 -177.87542724609375 
v 50.43442916870117 51.70011520385742 -181.37582397460938 
v 96.73323822021484 44.5013313293457 -92.77133178710938 
v 83.6061019897461 52.645362854003906 -107.33100128173828 
v 94.00566864013672 45.49073028564453 -90.3770523071289 
v 80.87853240966797 53.634765625 -104.93672943115234 
v 44.99073028564453 55.28689956665039 -138.83575439453125 
v 42.1418342590332 56.44216537475586 -136.33497619628906 
v -11.336387634277344 25.95858383178711 -151.2893524169922 
v -7.3487114906311035 31.12283706665039 -154.78976440429688 
v -24.494022369384766 33.920108795166016 -154.53271484375 
v -20.506345748901367 39.08435821533203 -158.0331268310547 
v 95.4658203125 38.01522445678711 -91.65878295898438 
v 82.33868408203125 46.15925598144531 -106.21845245361328 
v 97.52397918701172 40.68064498901367 -93.46543884277344 
v 84.39684295654297 48.824676513671875 -108.02511596679688 
v 43.47335433959961 48.800071716308594 -137.5037841796875 
v 45.6601448059082 51.632080078125 -139.42337036132812 
v 95.4658203125 38.01522445678711 -91.65878295898438 
v 92.61692810058594 39.17048645019531 -89.15800476074219 
v 82.33868408203125 46.15925598144531 -106.21845245361328 
v 79.48979187011719 47.31452178955078 -103.71768188476562 
v 40.74578094482422 49.78947067260742 -135.10951232910156 
v 29.484498977661133 35.42290115356445 -213.59417724609375 
v 35.27467727661133 35.42290115356445 -206.99798583984375 
v 31.39229393005371 46.53586196899414 -195.02552795410156 
v 36.78548812866211 43.38442611694336 -193.53099060058594 
v 24.058069229125977 46.53586196899414 -203.38070678710938 
v 28.045747756958008 51.70011520385742 -206.88111877441406 
v 22.15027618408203 35.42290115356445 -221.94935607910156 
v 26.137954711914062 40.587154388427734 -225.44976806640625 
v 29.451263427734375 43.38442611694336 -201.88616943359375 
v 33.438941955566406 48.54867935180664 -205.38658142089844 
v 24.058069229125977 46.53586196899414 -203.38070678710938 
v 28.045747756958008 51.70011520385742 -206.88111877441406 
v 31.39229393005371 46.53586196899414 -195.02552795410156 
v 35.37997055053711 51.70011520385742 -198.52593994140625 
v 29.484498977661133 35.42290115356445 -213.59417724609375 
v 33.4721794128418 40.587154388427734 -217.09458923339844 
v 36.78548812866211 43.38442611694336 -193.53099060058594 
v 40.773162841796875 48.54867935180664 -197.03140258789062 
v 31.39229393005371 46.53586196899414 -195.02552795410156 
v 35.37997055053711 51.70011520385742 -198.52593994140625 
v 40.773162841796875 48.54867935180664 -197.03140258789062 
v 39.262351989746094 40.587154388427734 -210.49839782714844 
v 35.37997055053711 51.70011520385742 -198.52593994140625 
v 33.4721794128418 40.587154388427734 -217.09458923339844 
v 15.951823234558105 46.53586196899414 -212.61538696289062 
v 19.93950080871582 51.70011520385742 -216.1157989501953 
v 14.04403018951416 35.42290115356445 -231.1840362548828 
v 18.031707763671875 40.587154388427734 -234.68443298339844 
v -5.925550937652588 8.067594528198242 -187.1825714111328 
v -7.436361789703369 0.10607223212718964 -200.64956665039062 
v -11.318744659423828 11.21903133392334 -188.6771240234375 
v -13.226537704467773 0.10607223212718964 -207.2457733154297 
v -193.5271759033203 -31.994171142578125 296.32745361328125 
v -202.29766845703125 -21.906068801879883 321.93377685546875 
v -203.70523071289062 -39.82240295410156 295.9187316894531 
v -212.59706115722656 -29.56844139099121 321.631591796875 
v 19.834205627441406 35.42290115356445 -224.5878448486328 
v 23.821884155273438 40.587154388427734 -228.08824157714844 
v 21.34501838684082 43.38442611694336 -211.120849609375 
v 25.33269500732422 48.54867935180664 -214.62124633789062 
v 21.34501838684082 43.38442611694336 -211.120849609375 
v 25.33269500732422 48.54867935180664 -214.62124633789062 
v 15.951823234558105 46.53586196899414 -212.61538696289062 
v 19.93950080871582 51.70011520385742 -216.1157989501953 
v 23.91780662536621 54.34394454956055 -84.91200256347656 
v 17.10016632080078 45.514739990234375 -78.92743682861328 
v 44.39326477050781 38.752628326416016 -84.5886001586914 
v 37.57562255859375 29.923423767089844 -78.60403442382812 
v 58.006019592285156 98.48998260498047 -114.83483123779297 
v 78.48147583007812 82.89866638183594 -114.51143646240234 
v 51.057804107666016 98.48998260498047 -122.75027465820312 
v 67.67314147949219 82.89866638183594 -126.82433319091797 
v 66.58689880371094 77.2592544555664 -136.38177490234375 
v 76.35862731933594 71.2881088256836 -134.05918884277344 
v -15.306421279907227 6.054778575897217 -185.1767120361328 
v -9.913228034973145 2.9033424854278564 -183.6821746826172 
v -11.318744659423828 11.21903133392334 -188.6771240234375 
v -5.925550937652588 8.067594528198242 -187.1825714111328 
v 11.920966148376465 35.42290115356445 -233.60264587402344 
v 15.90864372253418 40.587154388427734 -237.10304260253906 
v 13.431777000427246 43.38442611694336 -220.13563537597656 
v 17.41945457458496 48.54867935180664 -223.63604736328125 
v -9.913228034973145 2.9033424854278564 -183.6821746826172 
v -11.424038887023926 -5.058180332183838 -197.149169921875 
v -5.925550937652588 8.067594528198242 -187.1825714111328 
v -7.436361789703369 0.10607223212718964 -200.64956665039062 
v 17.41945457458496 48.54867935180664 -223.63604736328125 
v 15.90864372253418 40.587154388427734 -237.10304260253906 
v 12.026260375976562 51.70011520385742 -225.13059997558594 
v 10.118468284606934 40.587154388427734 -243.69923400878906 
v -30.284198760986328 33.920108795166016 -161.12890625 
v -26.29652214050293 39.08435821533203 -164.6293182373047 
v -11.998059272766113 22.64128303527832 -156.93724060058594 
v -8.010382652282715 27.8055362701416 -160.43765258789062 
v -11.318744659423828 11.21903133392334 -188.6771240234375 
v -13.226537704467773 0.10607223212718964 -207.2457733154297 
v -15.306421279907227 6.054778575897217 -185.1767120361328 
v -17.214214324951172 -5.058180332183838 -203.745361328125 
v -32.882911682128906 82.89866638183594 -241.3782501220703 
v -13.775331497192383 82.89866638183594 -219.61080932617188 
v -16.49359703063965 63.658321380615234 -251.09332275390625 
v 0.29791316390037537 63.658321380615234 -231.96437072753906 
v 14.249836921691895 44.583839416503906 -244.21142578125 
v 19.921857833862305 66.43966674804688 -178.72802734375 
v 19.26018524169922 63.12236404418945 -184.37591552734375 
v 23.909534454345703 71.60391998291016 -182.2284393310547 
v 23.24786376953125 68.28662109375 -187.87632751464844 
v -9.1079683303833 -5.058180332183838 -194.5106964111328 
v -3.3177924156188965 -5.058180332183838 -187.91448974609375 
v -7.200175762176514 6.054778575897217 -175.94204711914062 
v -1.8069812059402466 2.9033424854278564 -174.44749450683594 
v 23.909534454345703 71.60391998291016 -182.2284393310547 
v 10.751900672912598 79.56544494628906 -185.4718017578125 
v 19.921857833862305 66.43966674804688 -178.72802734375 
v 6.764223098754883 74.40119171142578 -181.9713897705078 
v -7.200175762176514 6.054778575897217 -175.94204711914062 
v -1.8069812059402466 2.9033424854278564 -174.44749450683594 
v -3.212498903274536 11.21903133392334 -179.44244384765625 
v 2.1806955337524414 8.067594528198242 -177.94790649414062 
v -1.8069812059402466 2.9033424854278564 -174.44749450683594 
v -3.3177924156188965 -5.058180332183838 -187.91448974609375 
v 2.1806955337524414 8.067594528198242 -177.94790649414062 
v 0.6698843836784363 0.10607223212718964 -191.41490173339844 
v -9.1079683303833 -5.058180332183838 -194.5106964111328 
v -7.200175762176514 6.054778575897217 -175.94204711914062 
v -5.120291709899902 0.10607223212718964 -198.01109313964844 
v -3.212498903274536 11.21903133392334 -179.44244384765625 
v -20.592973709106445 74.0694580078125 -213.62625122070312 
v -6.519728660583496 54.8291130065918 -225.97979736328125 
v -13.775331497192383 82.89866638183594 -219.61080932617188 
v 0.29791316390037537 63.658321380615234 -231.96437072753906 
v 14.249836921691895 44.583839416503906 -244.21142578125 
v 7.43219518661499 35.75463104248047 -238.2268524169922 
v 9.514918327331543 8.067594528198242 -169.5927276611328 
v 8.004107475280762 0.10607223212718964 -183.05972290039062 
v 4.121724605560303 11.21903133392334 -171.08726501464844 
v 2.2139313220977783 0.10607223212718964 -189.65591430664062 
v -21.132671356201172 35.75463104248047 -270.7680969238281 
v -14.31502914428711 44.583839416503906 -276.7526550292969 
v -9.607169151306152 19.997451782226562 -280.8852233886719 
v -2.78952693939209 28.826658248901367 -286.8697814941406 
v -34.69009780883789 25.95858383178711 -177.89401245117188 
v -47.84773254394531 33.920108795166016 -181.1373748779297 
v -35.351768493652344 22.64128303527832 -183.54190063476562 
v -53.637908935546875 33.920108795166016 -187.7335662841797 
v 5.527241230010986 2.9033424854278564 -166.09231567382812 
v 0.13404792547225952 6.054778575897217 -167.5868682861328 
v 4.016430377960205 -5.058180332183838 -179.55931091308594 
v -1.7737456560134888 -5.058180332183838 -186.15550231933594 
v -0.29014891386032104 27.8055362701416 -151.64273071289062 
v -4.277825832366943 22.64128303527832 -148.14231872558594 
v -18.7692928314209 39.08435821533203 -156.05426025390625 
v -22.756969451904297 33.920108795166016 -152.55386352539062 
v -12.979116439819336 39.08435821533203 -149.45806884765625 
v -16.966793060302734 33.920108795166016 -145.95767211914062 
v 0.17851829528808594 31.12283706665039 -146.21470642089844 
v -3.8091585636138916 25.95858383178711 -142.71429443359375 
v 9.514918327331543 8.067594528198242 -169.5927276611328 
v 4.121724605560303 11.21903133392334 -171.08726501464844 
v 5.527241230010986 2.9033424854278564 -166.09231567382812 
v 0.13404792547225952 6.054778575897217 -167.5868682861328 
v 8.004107475280762 0.10607223212718964 -183.05972290039062 
v 9.514918327331543 8.067594528198242 -169.5927276611328 
v 4.016430377960205 -5.058180332183838 -179.55931091308594 
v 5.527241230010986 2.9033424854278564 -166.09231567382812 
v 45.57770538330078 -2.917856454849243 -117.93975067138672 
v 52.395347595214844 5.911349296569824 -123.92431640625 
v 54.792457580566406 -8.391403198242188 -115.51754760742188 
v 61.61009979248047 0.43780210614204407 -121.50211334228516 
v 4.121724605560303 11.21903133392334 -171.08726501464844 
v 2.2139313220977783 0.10607223212718964 -189.65591430664062 
v 0.13404792547225952 6.054778575897217 -167.5868682861328 
v -1.7737456560134888 -5.058180332183838 -186.15550231933594 
v 17.042146682739258 8.067594528198242 -161.01766967773438 
v 15.531335830688477 0.10607223212718964 -174.4846649169922 
v 11.841958045959473 11.21903133392334 -162.29234313964844 
v 9.741159439086914 0.10607223212718964 -181.0808563232422 
v 0.55582594871521 71.60391998291016 -208.8330841064453 
v -0.10584665834903717 68.28662109375 -214.48097229003906 
v -12.601808547973633 79.56544494628906 -212.07644653320312 
v -18.391984939575195 79.56544494628906 -218.67263793945312 
v 65.60079193115234 -8.391403198242188 -103.20465087890625 
v 72.4184341430664 0.43780210614204407 -109.18921661376953 
v 46.61431121826172 3.053285598754883 -107.9494400024414 
v 53.43195343017578 11.882491111755371 -113.93400573730469 
v 13.054471015930176 2.9033424854278564 -157.5172576904297 
v 7.854281425476074 6.054778575897217 -158.79193115234375 
v 11.543659210205078 -5.058180332183838 -170.9842529296875 
v 5.753482818603516 -5.058180332183838 -177.58045959472656 
v 7.854281425476074 6.054778575897217 -158.79193115234375 
v 13.054471015930176 2.9033424854278564 -157.5172576904297 
v 11.841958045959473 11.21903133392334 -162.29234313964844 
v 17.042146682739258 8.067594528198242 -161.01766967773438 
v 12.587635040283203 66.43966674804688 -187.0832061767578 
v -0.5699997544288635 74.40119171142578 -190.32656860351562 
v 11.925962448120117 63.12236404418945 -192.73109436035156 
v -6.360175609588623 74.40119171142578 -196.92276000976562 
v 13.054471015930176 2.9033424854278564 -157.5172576904297 
v 11.543659210205078 -5.058180332183838 -170.9842529296875 
v 17.042146682739258 8.067594528198242 -161.01766967773438 
v 15.531335830688477 0.10607223212718964 -174.4846649169922 
v -55.22087860107422 -8.391403198242188 -240.8452606201172 
v -43.695377349853516 -24.148584365844727 -250.96238708496094 
v -51.571624755859375 -13.874359130859375 -238.20916748046875 
v -44.777645111083984 -23.16280174255371 -244.17294311523438 
v 0.55582594871521 71.60391998291016 -208.8330841064453 
v -12.601808547973633 79.56544494628906 -212.07644653320312 
v -3.431851863861084 66.43966674804688 -205.33267211914062 
v -16.589487075805664 74.40119171142578 -208.5760498046875 
v 5.753482818603516 -5.058180332183838 -177.58045959472656 
v 7.854281425476074 6.054778575897217 -158.79193115234375 
v 9.741159439086914 0.10607223212718964 -181.0808563232422 
v 11.841958045959473 11.21903133392334 -162.29234313964844 
v -22.756969451904297 33.920108795166016 -152.55386352539062 
v -4.277825832366943 22.64128303527832 -148.14231872558594 
v -16.966793060302734 33.920108795166016 -145.95767211914062 
v -3.8091585636138916 25.95858383178711 -142.71429443359375 
v -182.2666473388672 78.54795837402344 419.19232177734375 
v -175.6741180419922 69.57459259033203 425.084228515625 
v -146.93455505371094 37.69654083251953 317.3260498046875 
v -140.34202575683594 28.723175048828125 323.2179260253906 
v -30.702421188354492 31.12283706665039 -181.3944091796875 
v -34.69009780883789 25.95858383178711 -177.89401245117188 
v -31.364093780517578 27.8055362701416 -187.0423126220703 
v -35.351768493652344 22.64128303527832 -183.54190063476562 
v 13.087706565856934 -5.058180332183838 -169.22528076171875 
v 19.07088851928711 -5.058180332183838 -162.40921020507812 
v 15.188506126403809 6.054778575897217 -150.43675231933594 
v 20.38869285583496 2.9033424854278564 -149.16207885742188 
v 30.39278793334961 0.10607223212718964 -157.55442810058594 
v 31.903596878051758 8.067594528198242 -144.08743286132812 
v 26.40511131286621 -5.058180332183838 -154.0540313720703 
v 27.91592025756836 2.9033424854278564 -140.5870361328125 
v 15.188506126403809 6.054778575897217 -150.43675231933594 
v 20.38869285583496 2.9033424854278564 -149.16207885742188 
v 19.17618179321289 11.21903133392334 -153.93716430664062 
v 24.37636947631836 8.067594528198242 -152.66249084472656 
v -51.571624755859375 -13.874359130859375 -238.20916748046875 
v -44.777645111083984 -23.16280174255371 -244.17294311523438 
v -45.00942611694336 -13.874359130859375 -230.7334747314453 
v -38.21544647216797 -23.16280174255371 -236.697265625 
v -25.901845932006836 -13.874359130859375 -208.96603393554688 
v -19.107866287231445 -23.16280174255371 -214.92982482910156 
v 51.300498962402344 -13.874359130859375 -121.01676940917969 
v 55.00638198852539 -23.16280174255371 -130.49851989746094 
v 20.38869285583496 2.9033424854278564 -149.16207885742188 
v 19.07088851928711 -5.058180332183838 -162.40921020507812 
v 24.37636947631836 8.067594528198242 -152.66249084472656 
v 23.058565139770508 0.10607223212718964 -165.90960693359375 
v 83.01165008544922 15.401123046875 -99.80186462402344 
v 80.16275787353516 16.556386947631836 -97.30108642578125 
v 83.68106842041016 11.746301651000977 -100.38948059082031 
v 78.7667007446289 9.903692245483398 -96.07562255859375 
v 81.49427795410156 8.914291381835938 -98.46990203857422 
v 27.91592025756836 2.9033424854278564 -140.5870361328125 
v 22.522727966308594 6.054778575897217 -142.08157348632812 
v 26.40511131286621 -5.058180332183838 -154.0540313720703 
v 20.61493492126465 -5.058180332183838 -160.6502227783203 
v 13.087706565856934 -5.058180332183838 -169.22528076171875 
v 15.188506126403809 6.054778575897217 -150.43675231933594 
v 17.07538414001465 0.10607223212718964 -172.72567749023438 
v 19.17618179321289 11.21903133392334 -153.93716430664062 
v 31.903596878051758 8.067594528198242 -144.08743286132812 
v 26.510406494140625 11.21903133392334 -145.5819854736328 
v 27.91592025756836 2.9033424854278564 -140.5870361328125 
v 22.522727966308594 6.054778575897217 -142.08157348632812 
v 31.903596878051758 8.067594528198242 -144.08743286132812 
v 30.39278793334961 0.10607223212718964 -157.55442810058594 
v 26.510406494140625 11.21903133392334 -145.5819854736328 
v 24.602611541748047 0.10607223212718964 -164.150634765625 
v 97.60700988769531 21.732221603393555 -93.53831481933594 
v 94.75811767578125 22.887487411499023 -91.03754425048828 
v 98.39775085449219 17.91153335571289 -94.23242950439453 
v 93.362060546875 16.234790802001953 -89.81207275390625 
v 96.2109603881836 15.079524040222168 -92.31285095214844 
v 8.469066619873047 71.60391998291016 -199.8182830810547 
v 7.807394027709961 68.28662109375 -205.46617126464844 
v -4.688568115234375 79.56544494628906 -203.0616455078125 
v -10.478744506835938 79.56544494628906 -209.65785217285156 
v 47.33928298950195 25.707191467285156 -140.8972930908203 
v 79.60208129882812 29.69591522216797 -103.81623077392578 
v 50.188175201416016 24.55192756652832 -143.3980712890625 
v 82.45828247070312 28.873104095458984 -106.32342529296875 
v 94.75811767578125 22.887487411499023 -91.03754425048828 
v 97.60700988769531 21.732221603393555 -93.53831481933594 
v -133.72181701660156 22.31521987915039 278.8664855957031 
v -151.04730224609375 9.156893730163574 278.11383056640625 
v -138.04273986816406 27.44255828857422 291.6131896972656 
v -155.36825561523438 14.284211158752441 290.8605651855469 
v 45.63654327392578 68.28662109375 -162.37103271484375 
v 46.298213958740234 71.60391998291016 -156.72314453125 
v 41.64886474609375 63.12236404418945 -158.87063598632812 
v 42.3105354309082 66.43966674804688 -153.2227325439453 
v 15.89480972290039 7.868436336517334 -139.37791442871094 
v -38.14683151245117 7.868436336517334 -200.94239807128906 
v 22.197914123535156 16.031288146972656 -144.9108123779297 
v -31.843727111816406 16.031288146972656 -206.4752960205078 
v 13.711030960083008 10.85400676727295 -137.4609832763672 
v 15.89480972290039 7.868436336517334 -139.37791442871094 
v 20.01413345336914 19.01685905456543 -142.99388122558594 
v 22.197914123535156 16.031288146972656 -144.9108123779297 
v -40.33061218261719 10.85400676727295 -199.0254669189453 
v 13.711030960083008 10.85400676727295 -137.4609832763672 
v -34.02750778198242 19.01685905456543 -204.55836486816406 
v 20.01413345336914 19.01685905456543 -142.99388122558594 
v 48.67080307006836 18.065095901489258 -142.0661163330078 
v 81.0622329711914 22.220407485961914 -105.09796142578125 
v 45.94322967529297 19.05449676513672 -139.6718292236328 
v 78.21334075927734 23.375673294067383 -102.5971908569336 
v 96.2109603881836 15.079524040222168 -92.31285095214844 
v 93.362060546875 16.234790802001953 -89.81207275390625 
v -34.02750778198242 19.01685905456543 -204.55836486816406 
v -31.843727111816406 16.031288146972656 -206.4752960205078 
v -40.33061218261719 10.85400676727295 -199.0254669189453 
v -38.14683151245117 7.868436336517334 -200.94239807128906 
v 27.350404739379883 79.56544494628906 -166.5626983642578 
v 33.14058303833008 79.56544494628906 -159.9665069580078 
v 45.63654327392578 68.28662109375 -162.37103271484375 
v 46.298213958740234 71.60391998291016 -156.72314453125 
v 41.64886474609375 63.12236404418945 -158.87063598632812 
v 23.362728118896484 74.40119171142578 -163.0623016357422 
v 45.63654327392578 68.28662109375 -162.37103271484375 
v 27.350404739379883 79.56544494628906 -166.5626983642578 
v -14.466422080993652 74.40119171142578 -206.15744018554688 
v 3.819716215133667 63.12236404418945 -201.9657745361328 
v -8.67624568939209 74.40119171142578 -199.56124877929688 
v 4.481388568878174 66.43966674804688 -196.31787109375 
v -3.431851863861084 66.43966674804688 -205.33267211914062 
v -4.09352445602417 63.12236404418945 -210.98057556152344 
v 0.55582594871521 71.60391998291016 -208.8330841064453 
v -0.10584665834903717 68.28662109375 -214.48097229003906 
v -17.214214324951172 -5.058180332183838 -203.745361328125 
v -11.424038887023926 -5.058180332183838 -197.149169921875 
v -15.306421279907227 6.054778575897217 -185.1767120361328 
v -9.913228034973145 2.9033424854278564 -183.6821746826172 
v -94.65023040771484 45.514739990234375 -206.2340087890625 
v -87.83258819580078 54.34394454956055 -212.21856689453125 
v -83.24604797363281 29.923423767089844 -216.24464416503906 
v -76.42840576171875 38.752628326416016 -222.2292022705078 
v -10.478744506835938 79.56544494628906 -209.65785217285156 
v 7.807394027709961 68.28662109375 -205.46617126464844 
v -14.466422080993652 74.40119171142578 -206.15744018554688 
v 3.819716215133667 63.12236404418945 -201.9657745361328 
v -9.022350311279297 -6.9899373054504395 -238.1868438720703 
v 58.14369201660156 -6.9899373054504395 -161.67098999023438 
v -22.12502670288086 10.92348861694336 -226.68527221679688 
v 45.041015625 10.92348861694336 -150.16940307617188 
v -51.571624755859375 -13.874359130859375 -238.20916748046875 
v -45.00942611694336 -13.874359130859375 -230.7334747314453 
v -55.22087860107422 -8.391403198242188 -240.8452606201172 
v -45.76359558105469 -8.391403198242188 -230.07147216796875 
v -25.901845932006836 -13.874359130859375 -208.96603393554688 
v -26.65601348876953 -8.391403198242188 -208.3040313720703 
v 51.300498962402344 -13.874359130859375 -121.01676940917969 
v 54.792457580566406 -8.391403198242188 -115.51754760742188 
v -18.391984939575195 79.56544494628906 -218.67263793945312 
v -0.10584665834903717 68.28662109375 -214.48097229003906 
v -22.379661560058594 74.40119171142578 -215.1722412109375 
v -4.09352445602417 63.12236404418945 -210.98057556152344 
v 24.37636947631836 8.067594528198242 -152.66249084472656 
v 23.058565139770508 0.10607223212718964 -165.90960693359375 
v 19.17618179321289 11.21903133392334 -153.93716430664062 
v 17.07538414001465 0.10607223212718964 -172.72567749023438 
v 20.61493492126465 -5.058180332183838 -160.6502227783203 
v 22.522727966308594 6.054778575897217 -142.08157348632812 
v 24.602611541748047 0.10607223212718964 -164.150634765625 
v 26.510406494140625 11.21903133392334 -145.5819854736328 
v 16.575313568115234 71.60391998291016 -190.5836181640625 
v 15.913640022277832 68.28662109375 -196.23150634765625 
v 3.417678117752075 79.56544494628906 -193.8269805908203 
v -2.372497797012329 79.56544494628906 -200.4231719970703 
v 12.587635040283203 66.43966674804688 -187.0832061767578 
v 11.925962448120117 63.12236404418945 -192.73109436035156 
v 16.575313568115234 71.60391998291016 -190.5836181640625 
v 15.913640022277832 68.28662109375 -196.23150634765625 
v 16.575313568115234 71.60391998291016 -190.5836181640625 
v 3.417678117752075 79.56544494628906 -193.8269805908203 
v 12.587635040283203 66.43966674804688 -187.0832061767578 
v -0.5699997544288635 74.40119171142578 -190.32656860351562 
v 46.61431121826172 3.053285598754883 -107.9494400024414 
v 45.57770538330078 -2.917856454849243 -117.93975067138672 
v 65.60079193115234 -8.391403198242188 -103.20465087890625 
v 54.792457580566406 -8.391403198242188 -115.51754760742188 
v 61.10680389404297 -24.148584365844727 -131.57125854492188 
v 20.291515350341797 44.75996017456055 -128.44418334960938 
v 7.188839435577393 62.67338562011719 -116.9426040649414 
v -46.87452697753906 44.75996017456055 -204.96005249023438 
v -59.977203369140625 62.67338562011719 -193.45846557617188 
v 8.469066619873047 71.60391998291016 -199.8182830810547 
v -4.688568115234375 79.56544494628906 -203.0616455078125 
v 4.481388568878174 66.43966674804688 -196.31787109375 
v -8.67624568939209 74.40119171142578 -199.56124877929688 
v 4.961724758148193 79.56544494628906 -192.0679931640625 
v 10.751900672912598 79.56544494628906 -185.4718017578125 
v 23.24786376953125 68.28662109375 -187.87632751464844 
v 23.909534454345703 71.60391998291016 -182.2284393310547 
v 4.961724758148193 79.56544494628906 -192.0679931640625 
v 23.24786376953125 68.28662109375 -187.87632751464844 
v 0.9740471243858337 74.40119171142578 -188.5675811767578 
v 19.26018524169922 63.12236404418945 -184.37591552734375 
v 23.91780662536621 54.34394454956055 -84.91200256347656 
v 16.969593048095703 54.34394454956055 -92.82743835449219 
v 17.10016632080078 45.514739990234375 -78.92743682861328 
v 10.151951789855957 45.514739990234375 -86.84288024902344 
v -59.267723083496094 54.34394454956055 -179.67733764648438 
v -66.08536529541016 45.514739990234375 -173.69277954101562 
v -78.37530517578125 54.34394454956055 -201.4447784423828 
v -85.19293975830078 45.514739990234375 -195.46022033691406 
v -87.83258819580078 54.34394454956055 -212.21856689453125 
v -94.65023040771484 45.514739990234375 -206.2340087890625 
v 0.9740471243858337 74.40119171142578 -188.5675811767578 
v 19.26018524169922 63.12236404418945 -184.37591552734375 
v 6.764223098754883 74.40119171142578 -181.9713897705078 
v 19.921857833862305 66.43966674804688 -178.72802734375 
v 20.291515350341797 44.75996017456055 -128.44418334960938 
v 27.49506187438965 54.08893585205078 -134.7675018310547 
v 7.188839435577393 62.67338562011719 -116.9426040649414 
v 14.392385482788086 72.00235748291016 -123.26592254638672 
v 21.595932006835938 81.33132934570312 -129.5892333984375 
v 34.6986083984375 63.41790771484375 -141.0908203125 
v -11.43506908416748 39.08435821533203 -147.69908142089844 
v -5.4518866539001465 39.08435821533203 -140.8830108642578 
v 7.0440754890441895 27.8055362701416 -143.2875518798828 
v 7.5127410888671875 31.12283706665039 -137.85952758789062 
v 8.501276016235352 74.40119171142578 -179.99253845214844 
v 26.980419158935547 63.12236404418945 -175.58099365234375 
v 14.291452407836914 74.40119171142578 -173.39633178710938 
v 27.449087142944336 66.43966674804688 -170.15296936035156 
v 12.488953590393066 79.56544494628906 -183.49293518066406 
v 18.279130935668945 79.56544494628906 -176.89674377441406 
v 30.968097686767578 68.28662109375 -179.08140563964844 
v 31.436763763427734 71.60391998291016 -173.65338134765625 
v 3.525064468383789 25.95858383178711 -134.35911560058594 
v -9.439563751220703 33.920108795166016 -137.3826141357422 
v 3.056398391723633 22.64128303527832 -139.78713989257812 
v -15.422745704650879 33.920108795166016 -144.1986846923828 
v 30.968097686767578 68.28662109375 -179.08140563964844 
v 31.436763763427734 71.60391998291016 -173.65338134765625 
v 26.980419158935547 63.12236404418945 -175.58099365234375 
v 27.449087142944336 66.43966674804688 -170.15296936035156 
v 31.436763763427734 71.60391998291016 -173.65338134765625 
v 18.279130935668945 79.56544494628906 -176.89674377441406 
v 27.449087142944336 66.43966674804688 -170.15296936035156 
v 14.291452407836914 74.40119171142578 -173.39633178710938 
v 62.74748611450195 33.06532669067383 -154.42271423339844 
v 98.6465835571289 33.06532669067383 -113.52629089355469 
v 61.956748962402344 36.88601303100586 -153.7285919189453 
v 97.85584259033203 36.88601303100586 -112.83218383789062 
v -5.344967842102051 50.34858703613281 -229.73606872558594 
v 0.9581348299980164 58.511436462402344 -235.2689666748047 
v 48.69667434692383 50.34858703613281 -168.1715850830078 
v 54.99977493286133 58.511436462402344 -173.70448303222656 
v -53.637908935546875 33.920108795166016 -187.7335662841797 
v -49.650230407714844 39.08435821533203 -191.23397827148438 
v -35.351768493652344 22.64128303527832 -183.54190063476562 
v -31.364093780517578 27.8055362701416 -187.0423126220703 
v 34.78330993652344 66.43966674804688 -161.79779052734375 
v 21.818681716918945 74.40119171142578 -164.82127380371094 
v 34.31464385986328 63.12236404418945 -167.22581481933594 
v 15.835498809814453 74.40119171142578 -171.63734436035156 
v 7.5127410888671875 31.12283706665039 -137.85952758789062 
v 3.525064468383789 25.95858383178711 -134.35911560058594 
v 7.0440754890441895 27.8055362701416 -143.2875518798828 
v 3.056398391723633 22.64128303527832 -139.78713989257812 
v 19.823177337646484 79.56544494628906 -175.13775634765625 
v 25.806360244750977 79.56544494628906 -168.32168579101562 
v 38.30232238769531 68.28662109375 -170.72621154785156 
v 38.77098846435547 71.60391998291016 -165.29820251464844 
v 38.30232238769531 68.28662109375 -170.72621154785156 
v 38.77098846435547 71.60391998291016 -165.29820251464844 
v 34.31464385986328 63.12236404418945 -167.22581481933594 
v 34.78330993652344 66.43966674804688 -161.79779052734375 
v 99.78089141845703 41.01961135864258 -95.44657135009766 
v 92.62946319580078 34.36981201171875 -102.7943115234375 
v 100.5716323852539 37.19892501831055 -96.14068603515625 
v 93.42020416259766 30.549123764038086 -103.4884262084961 
v 54.819026947021484 30.549123764038086 -147.4630584716797 
v 54.028289794921875 34.36981201171875 -146.76895141601562 
v 38.77098846435547 71.60391998291016 -165.29820251464844 
v 25.806360244750977 79.56544494628906 -168.32168579101562 
v 34.78330993652344 66.43966674804688 -161.79779052734375 
v 21.818681716918945 74.40119171142578 -164.82127380371094 
v 12.25517749786377 12.844388008117676 -136.1830291748047 
v 10.071398735046387 15.82995891571045 -134.26609802246094 
v -41.78646469116211 12.844388008117676 -197.7475128173828 
v -43.97024154663086 15.82995891571045 -195.83058166503906 
v 19.823177337646484 79.56544494628906 -175.13775634765625 
v 38.30232238769531 68.28662109375 -170.72621154785156 
v 15.835498809814453 74.40119171142578 -171.63734436035156 
v 34.31464385986328 63.12236404418945 -167.22581481933594 
v 16.969593048095703 54.34394454956055 -92.82743835449219 
v 23.91780662536621 54.34394454956055 -84.91200256347656 
v 33.584930419921875 38.752628326416016 -96.90150451660156 
v 44.39326477050781 38.752628326416016 -84.5886001586914 
v 42.270416259765625 27.14207649230957 -104.13636016845703 
v -41.73699188232422 39.08435821533203 -182.21917724609375 
v -35.946815490722656 39.08435821533203 -175.62298583984375 
v -23.450851440429688 27.8055362701416 -178.0275115966797 
v -22.789180755615234 31.12283706665039 -172.37960815429688 
v 18.55828094482422 21.007240295410156 -141.71592712402344 
v 12.25517749786377 12.844388008117676 -136.1830291748047 
v -35.483360290527344 21.007240295410156 -203.28041076660156 
v -41.78646469116211 12.844388008117676 -197.7475128173828 
v -5.4518866539001465 39.08435821533203 -140.8830108642578 
v -9.439563751220703 33.920108795166016 -137.3826141357422 
v 7.5127410888671875 31.12283706665039 -137.85952758789062 
v 3.525064468383789 25.95858383178711 -134.35911560058594 
v -2.372497797012329 79.56544494628906 -200.4231719970703 
v 15.913640022277832 68.28662109375 -196.23150634765625 
v -6.360175609588623 74.40119171142578 -196.92276000976562 
v 11.925962448120117 63.12236404418945 -192.73109436035156 
v 67.92444610595703 -15.319377899169922 -137.5558319091797 
v 61.61009979248047 0.43780210614204407 -121.50211334228516 
v 74.75133514404297 -15.153512001037598 -129.5338897705078 
v 72.4184341430664 0.43780210614204407 -109.18921661376953 
v 53.43195343017578 11.882491111755371 -113.93400573730469 
v 52.395347595214844 5.911349296569824 -123.92431640625 
v 16.374502182006836 23.99281120300293 -139.7989959716797 
v 10.071398735046387 15.82995891571045 -134.26609802246094 
v 18.55828094482422 21.007240295410156 -141.71592712402344 
v 12.25517749786377 12.844388008117676 -136.1830291748047 
v 46.298213958740234 71.60391998291016 -156.72314453125 
v 33.14058303833008 79.56544494628906 -159.9665069580078 
v 42.3105354309082 66.43966674804688 -153.2227325439453 
v 29.152904510498047 74.40119171142578 -156.46609497070312 
v -43.86005401611328 39.08435821533203 -184.6377716064453 
v -47.84773254394531 33.920108795166016 -181.1373748779297 
v -30.702421188354492 31.12283706665039 -181.3944091796875 
v -34.69009780883789 25.95858383178711 -177.89401245117188 
v 13.711030960083008 10.85400676727295 -137.4609832763672 
v -40.33061218261719 10.85400676727295 -199.0254669189453 
v 15.89480972290039 7.868436336517334 -139.37791442871094 
v -38.14683151245117 7.868436336517334 -200.94239807128906 
v -37.667137145996094 23.99281120300293 -201.3634796142578 
v -43.97024154663086 15.82995891571045 -195.83058166503906 
v 16.374502182006836 23.99281120300293 -139.7989959716797 
v 10.071398735046387 15.82995891571045 -134.26609802246094 
v 0.17851829528808594 31.12283706665039 -146.21470642089844 
v -0.29014891386032104 27.8055362701416 -151.64273071289062 
v -12.979116439819336 39.08435821533203 -149.45806884765625 
v -18.7692928314209 39.08435821533203 -156.05426025390625 
v 57.66335678100586 35.42290115356445 -181.49269104003906 
v 61.65103530883789 40.587154388427734 -184.99310302734375 
v 59.17416763305664 43.38442611694336 -168.02569580078125 
v 63.161842346191406 48.54867935180664 -171.52610778808594 
v 33.584930419921875 38.752628326416016 -96.90150451660156 
v -47.86354064941406 38.752628326416016 -189.68797302246094 
v 16.969593048095703 54.34394454956055 -92.82743835449219 
v -59.267723083496094 54.34394454956055 -179.67733764648438 
v -78.37530517578125 54.34394454956055 -201.4447784423828 
v -66.97112274169922 38.752628326416016 -211.45542907714844 
v -76.42840576171875 38.752628326416016 -222.2292022705078 
v -15.422745704650879 33.920108795166016 -144.1986846923828 
v -11.43506908416748 39.08435821533203 -147.69908142089844 
v 3.056398391723633 22.64128303527832 -139.78713989257812 
v 7.0440754890441895 27.8055362701416 -143.2875518798828 
v -26.776857376098633 25.95858383178711 -168.87921142578125 
v -39.93449020385742 33.920108795166016 -172.12257385253906 
v -27.43852996826172 22.64128303527832 -174.527099609375 
v -45.724666595458984 33.920108795166016 -178.71876525878906 
v -43.97024154663086 15.82995891571045 -195.83058166503906 
v -37.667137145996094 23.99281120300293 -201.3634796142578 
v -41.78646469116211 12.844388008117676 -197.7475128173828 
v -35.483360290527344 21.007240295410156 -203.28041076660156 
v -45.76359558105469 -8.391403198242188 -230.07147216796875 
v -38.945953369140625 0.43780210614204407 -236.0560302734375 
v -55.22087860107422 -8.391403198242188 -240.8452606201172 
v -48.40324020385742 0.43780210614204407 -246.82981872558594 
v -3.9078409671783447 39.08435821533203 -139.12403869628906 
v 1.882336139678955 39.08435821533203 -132.52783203125 
v 14.378297805786133 27.8055362701416 -134.93235778808594 
v 15.039968490600586 31.12283706665039 -129.2844696044922 
v -5.120291709899902 0.10607223212718964 -198.01109313964844 
v -3.212498903274536 11.21903133392334 -179.44244384765625 
v 0.6698843836784363 0.10607223212718964 -191.41490173339844 
v 2.1806955337524414 8.067594528198242 -177.94790649414062 
v -43.695377349853516 -24.148584365844727 -250.96238708496094 
v -36.87773895263672 -15.319377899169922 -256.94696044921875 
v -34.23809051513672 -24.148584365844727 -240.1885986328125 
v -27.42045021057129 -15.319377899169922 -246.1731719970703 
v -15.130511283874512 -24.148584365844727 -218.42115783691406 
v -8.312870979309082 -15.319377899169922 -224.40573120117188 
v 61.10680389404297 -24.148584365844727 -131.57125854492188 
v 67.92444610595703 -15.319377899169922 -137.5558319091797 
v 67.9336929321289 -23.982717514038086 -123.54932403564453 
v 74.75133514404297 -15.153512001037598 -129.5338897705078 
v 78.48147583007812 82.89866638183594 -114.51143646240234 
v 71.66383361816406 74.0694580078125 -108.52687072753906 
v 76.35862731933594 71.2881088256836 -134.05918884277344 
v 69.54098510742188 62.45890426635742 -128.0746307373047 
v 66.58689880371094 77.2592544555664 -136.38177490234375 
v 59.76926040649414 68.43004608154297 -130.397216796875 
v 67.67314147949219 82.89866638183594 -126.82433319091797 
v 60.855499267578125 74.0694580078125 -120.83976745605469 
v -43.695377349853516 -24.148584365844727 -250.96238708496094 
v -34.23809051513672 -24.148584365844727 -240.1885986328125 
v -44.777645111083984 -23.16280174255371 -244.17294311523438 
v -38.21544647216797 -23.16280174255371 -236.697265625 
v -15.130511283874512 -24.148584365844727 -218.42115783691406 
v -19.107866287231445 -23.16280174255371 -214.92982482910156 
v 61.10680389404297 -24.148584365844727 -131.57125854492188 
v 55.00638198852539 -23.16280174255371 -130.49851989746094 
v 11.052291870117188 25.95858383178711 -125.78406524658203 
v -2.1053407192230225 33.920108795166016 -129.02743530273438 
v 10.390621185302734 22.64128303527832 -131.4319610595703 
v -7.895517826080322 33.920108795166016 -135.62362670898438 
v -22.789180755615234 31.12283706665039 -172.37960815429688 
v -26.776857376098633 25.95858383178711 -168.87921142578125 
v -23.450851440429688 27.8055362701416 -178.0275115966797 
v -27.43852996826172 22.64128303527832 -174.527099609375 
v 63.161842346191406 48.54867935180664 -171.52610778808594 
v 61.65103530883789 40.587154388427734 -184.99310302734375 
v 57.76865005493164 51.70011520385742 -173.02064514160156 
v 55.86085891723633 40.587154388427734 -191.58929443359375 
v 36.114933013916016 43.792274475097656 -131.04452514648438 
v 33.26603698730469 44.94753646850586 -128.5437469482422 
v 72.59368896484375 40.79367446899414 -84.81752014160156 
v 69.74478912353516 41.94894027709961 -82.31674194335938 
v 78.07862091064453 42.95136642456055 -76.39620971679688 
v 59.76926040649414 68.43004608154297 -130.397216796875 
v 69.54098510742188 62.45890426635742 -128.0746307373047 
v 60.855499267578125 74.0694580078125 -120.83976745605469 
v 71.66383361816406 74.0694580078125 -108.52687072753906 
v 51.188377380371094 89.66077423095703 -108.85026550292969 
v 43.83818054199219 8.576770782470703 -137.82400512695312 
v 67.21802520751953 9.894281387329102 -102.67781066894531 
v 43.04743957519531 12.397456169128418 -137.12989807128906 
v 66.42728424072266 13.714969635009766 -101.98369598388672 
v 78.7667007446289 9.903692245483398 -96.07562255859375 
v 77.97596740722656 13.724377632141113 -95.38150787353516 
v 83.67160034179688 62.4422607421875 -100.3812026977539 
v 78.16972351074219 65.7646255493164 -105.28399658203125 
v 80.82270812988281 63.5975227355957 -97.88043212890625 
v 75.32083129882812 66.91989135742188 -102.7832260131836 
v 47.09577941894531 65.7646255493164 -140.68357849121094 
v 44.246883392333984 66.91989135742188 -138.18280029296875 
v 10.390621185302734 22.64128303527832 -131.4319610595703 
v 14.378297805786133 27.8055362701416 -134.93235778808594 
v 11.052291870117188 25.95858383178711 -125.78406524658203 
v 15.039968490600586 31.12283706665039 -129.2844696044922 
v 1.882336139678955 39.08435821533203 -132.52783203125 
v -2.1053407192230225 33.920108795166016 -129.02743530273438 
v 15.039968490600586 31.12283706665039 -129.2844696044922 
v 11.052291870117188 25.95858383178711 -125.78406524658203 
v 76.02046203613281 40.285945892333984 -74.58954620361328 
v 76.81120300292969 36.46525955200195 -75.28366088867188 
v 78.07862091064453 42.95136642456055 -76.39620971679688 
v 81.59693145751953 38.14128112792969 -79.4845962524414 
v 80.9275131225586 41.79610061645508 -78.89698028564453 
v 102.02190399169922 20.16331672668457 -153.47215270996094 
v 108.83954620361328 28.992525100708008 -159.45672607421875 
v 99.68900299072266 35.75463104248047 -133.12747192382812 
v 106.50664520263672 44.583839416503906 -139.11204528808594 
v 103.56094360351562 34.907936096191406 -117.84014892578125 
v 67.66184997558594 34.907936096191406 -158.73655700683594 
v 102.89152526855469 38.56275939941406 -117.25253295898438 
v 66.99243927001953 38.56275939941406 -158.14894104003906 
v 35.45277404785156 18.312870025634766 -98.15179443359375 
v 25.681049346923828 24.284011840820312 -100.47438049316406 
v 42.270416259765625 27.14207649230957 -104.13636016845703 
v 32.49869155883789 33.113216400146484 -106.45894622802734 
v -35.946815490722656 39.08435821533203 -175.62298583984375 
v -39.93449020385742 33.920108795166016 -172.12257385253906 
v -22.789180755615234 31.12283706665039 -172.37960815429688 
v -26.776857376098633 25.95858383178711 -168.87921142578125 
v 102.02190399169922 20.16331672668457 -153.47215270996094 
v 95.19501495361328 19.997451782226562 -161.4940948486328 
v 108.83954620361328 28.992525100708008 -159.45672607421875 
v 102.01265716552734 28.826658248901367 -167.47865295410156 
v 18.95769691467285 19.997451782226562 -248.343994140625 
v 25.775339126586914 28.826658248901367 -254.32855224609375 
v -0.14988258481025696 19.997451782226562 -270.1114196777344 
v 6.667759418487549 28.826658248901367 -276.09600830078125 
v -9.607169151306152 19.997451782226562 -280.8852233886719 
v -2.78952693939209 28.826658248901367 -286.8697814941406 
v 98.6465835571289 33.06532669067383 -113.52629089355469 
v 62.74748611450195 33.06532669067383 -154.42271423339844 
v 101.37415313720703 32.075927734375 -115.92057037353516 
v 65.47505950927734 32.075927734375 -156.81698608398438 
v 62.794166564941406 88.21575927734375 -131.1060333251953 
v 52.91209030151367 97.50420379638672 -128.66021728515625 
v 67.67314147949219 82.89866638183594 -126.82433319091797 
v 51.057804107666016 98.48998260498047 -122.75027465820312 
v -66.97112274169922 38.752628326416016 -211.45542907714844 
v -47.86354064941406 38.752628326416016 -189.68797302246094 
v -50.58180618286133 19.512283325195312 -221.17050170898438 
v -33.79029846191406 19.512283325195312 -202.04153442382812 
v -19.8383731842041 0.43780210614204407 -214.28858947753906 
v -32.882911682128906 82.89866638183594 -241.3782501220703 
v -39.70055389404297 74.0694580078125 -235.39369201660156 
v -42.3401985168457 82.89866638183594 -252.15203857421875 
v -49.157840728759766 74.0694580078125 -246.16746520996094 
v -1.2256443500518799 61.49700927734375 -233.35203552246094 
v -7.528747081756592 53.33415603637695 -227.8191375732422 
v 52.81599807739258 61.49700927734375 -171.7875518798828 
v 46.51289367675781 53.33415603637695 -166.25465393066406 
v 79.4266586303711 56.944828033447266 -96.65496063232422 
v 82.2828598022461 56.12201690673828 -99.16215515136719 
v 78.7645492553711 60.93210220336914 -96.07376861572266 
v 83.67160034179688 62.4422607421875 -100.3812026977539 
v 80.82270812988281 63.5975227355957 -97.88043212890625 
v 42.80190658569336 35.42290115356445 -198.4229278564453 
v 46.789581298828125 40.587154388427734 -201.92333984375 
v 44.31271743774414 43.38442611694336 -184.9559326171875 
v 48.300392150878906 48.54867935180664 -188.4563446044922 
v 100.5716323852539 37.19892501831055 -96.14068603515625 
v 93.42020416259766 30.549123764038086 -103.4884262084961 
v 103.42052459716797 36.04365921020508 -98.6414566040039 
v 96.14777374267578 29.559724807739258 -105.88269805908203 
v 57.546600341796875 29.559724807739258 -149.8573455810547 
v 54.819026947021484 30.549123764038086 -147.4630584716797 
v 0.9581348299980164 58.511436462402344 -235.2689666748047 
v -1.2256443500518799 61.49700927734375 -233.35203552246094 
v 54.99977493286133 58.511436462402344 -173.70448303222656 
v 52.81599807739258 61.49700927734375 -171.7875518798828 
v -83.24604797363281 29.923423767089844 -216.24464416503906 
v -84.32831573486328 30.909204483032227 -209.4552001953125 
v -94.65023040771484 45.514739990234375 -206.2340087890625 
v -91.1222915649414 40.19764709472656 -203.49142456054688 
v 59.4481086730957 29.581436157226562 -162.8160400390625 
v 52.24456024169922 20.25246238708496 -156.4927215576172 
v 72.55078125 11.668010711669922 -174.31761169433594 
v 65.34723663330078 2.339036703109741 -167.9943084716797 
v 58.14369201660156 -6.9899373054504395 -161.67098999023438 
v 45.041015625 10.92348861694336 -150.16940307617188 
v -40.07795715332031 88.21575927734375 -248.29843139648438 
v -33.5157585144043 88.21575927734375 -240.82273864746094 
v -42.3401985168457 82.89866638183594 -252.15203857421875 
v -32.882911682128906 82.89866638183594 -241.3782501220703 
v -14.40817928314209 88.21575927734375 -219.0552978515625 
v -13.775331497192383 82.89866638183594 -219.61080932617188 
v 62.794166564941406 88.21575927734375 -131.1060333251953 
v 67.67314147949219 82.89866638183594 -126.82433319091797 
v 10.151951789855957 45.514739990234375 -86.84288024902344 
v 8.661733627319336 40.19764709472656 -89.8169937133789 
v 26.767290115356445 29.923423767089844 -90.91693878173828 
v 18.543811798095703 30.909204483032227 -92.26280975341797 
v 76.35862731933594 71.2881088256836 -134.05918884277344 
v 69.54098510742188 62.45890426635742 -128.0746307373047 
v 66.58689880371094 77.2592544555664 -136.38177490234375 
v 59.76926040649414 68.43004608154297 -130.397216796875 
v 87.5201644897461 56.028526306152344 -143.85684204101562 
v 86.48355865478516 50.0573844909668 -153.84715270996094 
v 80.70252227783203 47.19932174682617 -137.8722686767578 
v 79.6659164428711 41.228179931640625 -147.86257934570312 
v -7.895517826080322 33.920108795166016 -135.62362670898438 
v -3.9078409671783447 39.08435821533203 -139.12403869628906 
v 10.390621185302734 22.64128303527832 -131.4319610595703 
v 14.378297805786133 27.8055362701416 -134.93235778808594 
v -37.6184196472168 33.920108795166016 -169.48410034179688 
v -19.33228302001953 22.64128303527832 -165.2924346923828 
v -31.828245162963867 33.920108795166016 -162.8878936767578 
v -18.670610427856445 25.95858383178711 -159.64453125 
v 26.767290115356445 29.923423767089844 -90.91693878173828 
v 18.543811798095703 30.909204483032227 -92.26280975341797 
v -54.681182861328125 29.923423767089844 -183.7034149169922 
v -58.65853500366211 30.909204483032227 -180.2120819091797 
v -73.78876495361328 29.923423767089844 -205.47085571289062 
v -77.76611328125 30.909204483032227 -201.97952270507812 
v -83.24604797363281 29.923423767089844 -216.24464416503906 
v -84.32831573486328 30.909204483032227 -209.4552001953125 
v 51.360145568847656 63.487388610839844 -170.5095977783203 
v 49.17636489868164 66.47296142578125 -168.59266662597656 
v 45.05704116821289 55.32453536987305 -164.97669982910156 
v 42.873260498046875 58.31010818481445 -163.0597686767578 
v -4.86527681350708 66.47296142578125 -230.1571502685547 
v 49.17636489868164 66.47296142578125 -168.59266662597656 
v -2.68149733543396 63.487388610839844 -232.07408142089844 
v 51.360145568847656 63.487388610839844 -170.5095977783203 
v 48.3336296081543 40.587154388427734 -200.1643524169922 
v 50.43442916870117 51.70011520385742 -181.37582397460938 
v 54.316810607910156 40.587154388427734 -193.34828186035156 
v 55.63461685180664 48.54867935180664 -180.10116577148438 
v 39.112525939941406 46.53586196899414 -186.23060607910156 
v 43.10020446777344 51.70011520385742 -189.73101806640625 
v 37.01172637939453 35.42290115356445 -205.0191192626953 
v 40.99940490722656 40.587154388427734 -208.51953125 
v 44.31271743774414 43.38442611694336 -184.9559326171875 
v 48.300392150878906 48.54867935180664 -188.4563446044922 
v 39.112525939941406 46.53586196899414 -186.23060607910156 
v 43.10020446777344 51.70011520385742 -189.73101806640625 
v 37.01172637939453 35.42290115356445 -205.0191192626953 
v 42.80190658569336 35.42290115356445 -198.4229278564453 
v 39.112525939941406 46.53586196899414 -186.23060607910156 
v 44.31271743774414 43.38442611694336 -184.9559326171875 
v 35.27467727661133 35.42290115356445 -206.99798583984375 
v 39.262351989746094 40.587154388427734 -210.49839782714844 
v 36.78548812866211 43.38442611694336 -193.53099060058594 
v 40.773162841796875 48.54867935180664 -197.03140258789062 
v 34.6986083984375 63.41790771484375 -141.0908203125 
v -32.46743392944336 63.41790771484375 -217.60667419433594 
v 21.595932006835938 81.33132934570312 -129.5892333984375 
v -45.57011032104492 81.33132934570312 -206.1051025390625 
v 33.438941955566406 48.54867935180664 -205.38658142089844 
v 29.451263427734375 43.38442611694336 -201.88616943359375 
v 31.928131103515625 40.587154388427734 -218.85357666015625 
v 27.940452575683594 35.42290115356445 -215.35316467285156 
v 26.137954711914062 40.587154388427734 -225.44976806640625 
v 28.045747756958008 51.70011520385742 -206.88111877441406 
v 31.928131103515625 40.587154388427734 -218.85357666015625 
v 33.438941955566406 48.54867935180664 -205.38658142089844 
v 22.15027618408203 35.42290115356445 -221.94935607910156 
v 27.940452575683594 35.42290115356445 -215.35316467285156 
v 24.058069229125977 46.53586196899414 -203.38070678710938 
v 29.451263427734375 43.38442611694336 -201.88616943359375 
v 51.300498962402344 -13.874359130859375 -121.01676940917969 
v 55.00638198852539 -23.16280174255371 -130.49851989746094 
v 54.792457580566406 -8.391403198242188 -115.51754760742188 
v 61.10680389404297 -24.148584365844727 -131.57125854492188 
v 25.33269500732422 48.54867935180664 -214.62124633789062 
v 23.821884155273438 40.587154388427734 -228.08824157714844 
v 19.93950080871582 51.70011520385742 -216.1157989501953 
v 18.031707763671875 40.587154388427734 -234.68443298339844 
v 8.038582801818848 46.53586196899414 -221.63018798828125 
v 12.026260375976562 51.70011520385742 -225.13059997558594 
v 6.1307902336120605 35.42290115356445 -240.19883728027344 
v 10.118468284606934 40.587154388427734 -243.69923400878906 
v 13.431777000427246 43.38442611694336 -220.13563537597656 
v 17.41945457458496 48.54867935180664 -223.63604736328125 
v 8.038582801818848 46.53586196899414 -221.63018798828125 
v 12.026260375976562 51.70011520385742 -225.13059997558594 
v 49.17636489868164 66.47296142578125 -168.59266662597656 
v -4.86527681350708 66.47296142578125 -230.1571502685547 
v 42.873260498046875 58.31010818481445 -163.0597686767578 
v -11.168378829956055 58.31010818481445 -224.62425231933594 
v 23.9415225982666 35.77864074707031 -120.35863494873047 
v 26.669095993041992 34.78923797607422 -122.75291442871094 
v 52.51704406738281 35.123863220214844 -94.83405303955078 
v 55.24461364746094 34.134464263916016 -97.22833251953125 
v 63.84722137451172 36.12267303466797 -82.97924041748047 
v -45.724666595458984 33.920108795166016 -178.71876525878906 
v -41.73699188232422 39.08435821533203 -182.21917724609375 
v -27.43852996826172 22.64128303527832 -174.527099609375 
v -23.450851440429688 27.8055362701416 -178.0275115966797 
v -11.675385475158691 35.75463104248047 -259.9942932128906 
v 7.43219518661499 35.75463104248047 -238.2268524169922 
v -23.31123924255371 54.8291130065918 -245.1087646484375 
v -6.519728660583496 54.8291130065918 -225.97979736328125 
v -20.592973709106445 74.0694580078125 -213.62625122070312 
v -4.86527681350708 66.47296142578125 -230.1571502685547 
v -2.68149733543396 63.487388610839844 -232.07408142089844 
v -11.168378829956055 58.31010818481445 -224.62425231933594 
v -8.984600067138672 55.32453536987305 -226.5411834716797 
v 45.05704116821289 55.32453536987305 -164.97669982910156 
v -8.984600067138672 55.32453536987305 -226.5411834716797 
v 51.360145568847656 63.487388610839844 -170.5095977783203 
v -2.68149733543396 63.487388610839844 -232.07408142089844 
v 13.431777000427246 43.38442611694336 -220.13563537597656 
v 8.038582801818848 46.53586196899414 -221.63018798828125 
v 11.920966148376465 35.42290115356445 -233.60264587402344 
v 6.1307902336120605 35.42290115356445 -240.19883728027344 
v -13.838790893554688 8.067594528198242 -196.19737243652344 
v -19.231985092163086 11.21903133392334 -197.69192504882812 
v -17.826467514038086 2.9033424854278564 -192.6969757080078 
v -23.219661712646484 6.054778575897217 -194.19151306152344 
v 21.34501838684082 43.38442611694336 -211.120849609375 
v 15.951823234558105 46.53586196899414 -212.61538696289062 
v 19.834205627441406 35.42290115356445 -224.5878448486328 
v 14.04403018951416 35.42290115356445 -231.1840362548828 
v 97.52397918701172 40.68064498901367 -93.46543884277344 
v 96.73323822021484 44.5013313293457 -92.77133178710938 
v 95.4658203125 38.01522445678711 -91.65878295898438 
v 91.947509765625 42.82530975341797 -88.57038879394531 
v 92.61692810058594 39.17048645019531 -89.15800476074219 
v -15.349602699279785 0.10607223212718964 -209.66436767578125 
v -13.838790893554688 8.067594528198242 -196.19737243652344 
v -19.337278366088867 -5.058180332183838 -206.16397094726562 
v -17.826467514038086 2.9033424854278564 -192.6969757080078 
v -73.78876495361328 29.923423767089844 -205.47085571289062 
v -57.39944839477539 10.683077812194824 -215.18592834472656 
v -54.681182861328125 29.923423767089844 -183.7034149169922 
v -40.60793685913086 10.683077812194824 -196.0569610595703 
v -26.65601348876953 -8.391403198242188 -208.3040313720703 
v -45.76359558105469 -8.391403198242188 -230.07147216796875 
v 25.337575912475586 42.43133544921875 -121.58409881591797 
v 23.150785446166992 39.59932327270508 -119.6645278930664 
v 53.784461975097656 41.60997009277344 -95.94660186767578 
v 51.72630310058594 38.944549560546875 -94.13994598388672 
v 60.32891082763672 40.93275833129883 -79.89085388183594 
v -33.63074493408203 39.08435821533203 -172.9844970703125 
v -27.84056854248047 39.08435821533203 -166.3883056640625 
v -15.344606399536133 27.8055362701416 -168.79283142089844 
v -14.682933807373047 31.12283706665039 -163.1449432373047 
v -9.607169151306152 19.997451782226562 -280.8852233886719 
v -0.14988258481025696 19.997451782226562 -270.1114196777344 
v -21.132671356201172 35.75463104248047 -270.7680969238281 
v -11.675385475158691 35.75463104248047 -259.9942932128906 
v 7.43219518661499 35.75463104248047 -238.2268524169922 
v 18.95769691467285 19.997451782226562 -248.343994140625 
v 95.19501495361328 19.997451782226562 -161.4940948486328 
v 65.2359619140625 42.44291687011719 -84.19828796386719 
v 62.38706970214844 43.598182678222656 -81.69751739501953 
v 65.90538024902344 38.78809356689453 -84.78590393066406 
v 60.99101638793945 36.94548416137695 -80.47205352783203 
v 63.84722137451172 36.12267303466797 -82.97924041748047 
v 40.99940490722656 40.587154388427734 -208.51953125 
v 43.10020446777344 51.70011520385742 -189.73101806640625 
v 46.789581298828125 40.587154388427734 -201.92333984375 
v 48.300392150878906 48.54867935180664 -188.4563446044922 
v -4.857743263244629 44.583839416503906 -265.9788513183594 
v -11.675385475158691 35.75463104248047 -259.9942932128906 
v -16.49359703063965 63.658321380615234 -251.09332275390625 
v -23.31123924255371 54.8291130065918 -245.1087646484375 
v -39.70055389404297 74.0694580078125 -235.39369201660156 
v 92.61692810058594 39.17048645019531 -89.15800476074219 
v 91.947509765625 42.82530975341797 -88.57038879394531 
v 79.48979187011719 47.31452178955078 -103.71768188476562 
v 78.82037353515625 50.96934509277344 -103.13006591796875 
v 40.74578094482422 49.78947067260742 -135.10951232910156 
v 39.95504379272461 53.61015701293945 -134.41539001464844 
v 80.82270812988281 63.5975227355957 -97.88043212890625 
v 75.32083129882812 66.91989135742188 -102.7832260131836 
v 78.7645492553711 60.93210220336914 -96.07376861572266 
v 73.13404083251953 64.08788299560547 -100.8636474609375 
v 44.246883392333984 66.91989135742188 -138.18280029296875 
v 42.06009292602539 64.08788299560547 -136.2632293701172 
v 17.10016632080078 45.514739990234375 -78.92743682861328 
v 10.151951789855957 45.514739990234375 -86.84288024902344 
v 37.57562255859375 29.923423767089844 -78.60403442382812 
v 26.767290115356445 29.923423767089844 -90.91693878173828 
v 25.681049346923828 24.284011840820312 -100.47438049316406 
v -76.42840576171875 38.752628326416016 -222.2292022705078 
v -66.97112274169922 38.752628326416016 -211.45542907714844 
v -83.24604797363281 29.923423767089844 -216.24464416503906 
v -73.78876495361328 29.923423767089844 -205.47085571289062 
v -7.3487114906311035 31.12283706665039 -154.78976440429688 
v -8.010382652282715 27.8055362701416 -160.43765258789062 
v -20.506345748901367 39.08435821533203 -158.0331268310547 
v -26.29652214050293 39.08435821533203 -164.6293182373047 
v -84.32831573486328 30.909204483032227 -209.4552001953125 
v -77.76611328125 30.909204483032227 -201.97952270507812 
v -91.1222915649414 40.19764709472656 -203.49142456054688 
v -84.56009674072266 40.19764709472656 -196.01573181152344 
v -58.65853500366211 30.909204483032227 -180.2120819091797 
v -65.4525146484375 40.19764709472656 -174.248291015625 
v 18.543811798095703 30.909204483032227 -92.26280975341797 
v 8.661733627319336 40.19764709472656 -89.8169937133789 
v 87.5201644897461 56.028526306152344 -143.85684204101562 
v 106.50664520263672 44.583839416503906 -139.11204528808594 
v 86.48355865478516 50.0573844909668 -153.84715270996094 
v 95.69831085205078 44.583839416503906 -151.42494201660156 
v 102.01265716552734 28.826658248901367 -167.47865295410156 
v 108.83954620361328 28.992525100708008 -159.45672607421875 
v 7.43219518661499 35.75463104248047 -238.2268524169922 
v 88.88066864013672 35.75463104248047 -145.4403839111328 
v 14.249836921691895 44.583839416503906 -244.21142578125 
v 95.69831085205078 44.583839416503906 -151.42494201660156 
v 53.780975341796875 46.53586196899414 -169.52024841308594 
v 57.76865005493164 51.70011520385742 -173.02064514160156 
v 51.8731803894043 35.42290115356445 -188.08889770507812 
v 55.86085891723633 40.587154388427734 -191.58929443359375 
v 37.57562255859375 29.923423767089844 -78.60403442382812 
v 35.45277404785156 18.312870025634766 -98.15179443359375 
v 44.39326477050781 38.752628326416016 -84.5886001586914 
v 42.270416259765625 27.14207649230957 -104.13636016845703 
v 79.4266586303711 56.944828033447266 -96.65496063232422 
v 73.92477416992188 60.26719665527344 -101.55775451660156 
v 82.2828598022461 56.12201690673828 -99.16215515136719 
v 76.65235137939453 59.277793884277344 -103.95203399658203 
v 42.850833892822266 60.26719665527344 -136.95733642578125 
v 45.57840347290039 59.277793884277344 -139.3516082763672 
v 23.362728118896484 74.40119171142578 -163.0623016357422 
v 41.64886474609375 63.12236404418945 -158.87063598632812 
v 29.152904510498047 74.40119171142578 -156.46609497070312 
v 42.3105354309082 66.43966674804688 -153.2227325439453 
v -17.826467514038086 2.9033424854278564 -192.6969757080078 
v -23.219661712646484 6.054778575897217 -194.19151306152344 
v -19.337278366088867 -5.058180332183838 -206.16397094726562 
v -25.12745475769043 -5.058180332183838 -212.76016235351562 
v 8.661733627319336 40.19764709472656 -89.8169937133789 
v 10.151951789855957 45.514739990234375 -86.84288024902344 
v -65.4525146484375 40.19764709472656 -174.248291015625 
v -66.08536529541016 45.514739990234375 -173.69277954101562 
v -84.56009674072266 40.19764709472656 -196.01573181152344 
v -85.19293975830078 45.514739990234375 -195.46022033691406 
v -91.1222915649414 40.19764709472656 -203.49142456054688 
v -94.65023040771484 45.514739990234375 -206.2340087890625 
v -14.682933807373047 31.12283706665039 -163.1449432373047 
v -18.670610427856445 25.95858383178711 -159.64453125 
v -15.344606399536133 27.8055362701416 -168.79283142089844 
v -19.33228302001953 22.64128303527832 -165.2924346923828 
v 78.7667007446289 9.903692245483398 -96.07562255859375 
v 67.21802520751953 9.894281387329102 -102.67781066894531 
v 81.49427795410156 8.914291381835938 -98.46990203857422 
v 69.94559478759766 8.90488338470459 -105.07208251953125 
v 43.83818054199219 8.576770782470703 -137.82400512695312 
v 46.56575012207031 7.5873703956604 -140.21827697753906 
v -45.57011032104492 81.33132934570312 -206.1051025390625 
v -32.46743392944336 63.41790771484375 -217.60667419433594 
v -52.77365493774414 72.00235748291016 -199.7817840576172 
v -39.67097854614258 54.08893585205078 -211.2833709716797 
v -46.87452697753906 44.75996017456055 -204.96005249023438 
v 95.19501495361328 19.997451782226562 -161.4940948486328 
v 102.02190399169922 20.16331672668457 -153.47215270996094 
v 88.88066864013672 35.75463104248047 -145.4403839111328 
v 99.68900299072266 35.75463104248047 -133.12747192382812 
v 80.70252227783203 47.19932174682617 -137.8722686767578 
v 33.584930419921875 38.752628326416016 -96.90150451660156 
v 32.49869155883789 33.113216400146484 -106.45894622802734 
v 26.767290115356445 29.923423767089844 -90.91693878173828 
v 25.681049346923828 24.284011840820312 -100.47438049316406 
v 48.3336296081543 40.587154388427734 -200.1643524169922 
v 44.345951080322266 35.42290115356445 -196.6639404296875 
v 50.43442916870117 51.70011520385742 -181.37582397460938 
v 46.44675064086914 46.53586196899414 -177.87542724609375 
v 48.69667434692383 50.34858703613281 -168.1715850830078 
v 54.99977493286133 58.511436462402344 -173.70448303222656 
v 46.51289367675781 53.33415603637695 -166.25465393066406 
v 52.81599807739258 61.49700927734375 -171.7875518798828 
v -27.84056854248047 39.08435821533203 -166.3883056640625 
v -31.828245162963867 33.920108795166016 -162.8878936767578 
v -14.682933807373047 31.12283706665039 -163.1449432373047 
v -18.670610427856445 25.95858383178711 -159.64453125 
v 59.06397247314453 36.04655456542969 -151.18930053710938 
v 56.21508026123047 37.201820373535156 -148.6885223388672 
v 97.66515350341797 36.04655456542969 -107.21466064453125 
v 94.81625366210938 37.201820373535156 -104.7138900756836 
v 101.83905029296875 43.68503189086914 -97.25323486328125 
v 36.78434753417969 40.137451171875 -131.63214111328125 
v 36.114933013916016 43.792274475097656 -131.04452514648438 
v 73.26309967041016 37.138851165771484 -85.40513610839844 
v 72.59368896484375 40.79367446899414 -84.81752014160156 
v 80.9275131225586 41.79610061645508 -78.89698028564453 
v 12.488953590393066 79.56544494628906 -183.49293518066406 
v 30.968097686767578 68.28662109375 -179.08140563964844 
v 8.501276016235352 74.40119171142578 -179.99253845214844 
v 26.980419158935547 63.12236404418945 -175.58099365234375 
v -3.431851863861084 66.43966674804688 -205.33267211914062 
v -16.589487075805664 74.40119171142578 -208.5760498046875 
v -4.09352445602417 63.12236404418945 -210.98057556152344 
v -22.379661560058594 74.40119171142578 -215.1722412109375 
v 76.81120300292969 36.46525955200195 -75.28366088867188 
v 68.34873962402344 35.296241760253906 -81.09127807617188 
v 79.53877258300781 35.475860595703125 -77.67793273925781 
v 71.07630920410156 34.30684280395508 -83.48555755615234 
v 34.597557067871094 37.305442810058594 -129.71255493164062 
v 31.869983673095703 38.29484176635742 -127.31828308105469 
v -4.277825832366943 22.64128303527832 -148.14231872558594 
v -0.29014891386032104 27.8055362701416 -151.64273071289062 
v -3.8091585636138916 25.95858383178711 -142.71429443359375 
v 0.17851829528808594 31.12283706665039 -146.21470642089844 
v 55.56867980957031 61.97289276123047 -152.79266357421875 
v 62.375675201416016 71.45687103271484 -151.76058959960938 
v 57.101646423339844 64.6267318725586 -147.13101196289062 
v 66.6218032836914 71.45687103271484 -146.92337036132812 
v 61.3477783203125 64.6267318725586 -142.29379272460938 
v 72.03704833984375 68.80303192138672 -144.66958618164062 
v 66.76302337646484 61.97289276123047 -140.04002380371094 
v 76.66375732421875 64.32467651367188 -146.00587463378906 
v 71.38973236083984 57.49453353881836 -141.3762969970703 
v 73.19303894042969 53.182044982910156 -145.68431091308594 
v 60.84270477294922 68.80303192138672 -157.4222412109375 
v 57.686317443847656 57.49453353881836 -156.9873046875 
v 62.96034240722656 64.32467651367188 -161.6168670654297 
v 67.27272033691406 60.012184143066406 -163.0665283203125 
v 61.99869918823242 53.182044982910156 -158.4369659423828 
v 72.6879653930664 57.35834503173828 -160.81275939941406 
v 67.4139404296875 50.528202056884766 -156.1831817626953 
v 76.93409729003906 57.35834503173828 -155.9755401611328 
v 71.66007232666016 50.528202056884766 -151.34597778320312 
v 78.4670639038086 60.012184143066406 -150.3138885498047 
v 56.36485290527344 21.597476959228516 -162.44529724121094 
v 96.70307922363281 21.597476959228516 -116.49180603027344 
v 61.092071533203125 20.613868713378906 -166.59487915039062 
v 101.4302978515625 20.613868713378906 -120.6413803100586 
v 64.48905944824219 15.969647407531738 -169.57676696777344 
v 104.82728576660156 15.969647407531738 -123.62327575683594 
v 65.09996795654297 9.655195236206055 -170.11302185058594 
v 105.43819427490234 9.655195236206055 -124.15953063964844 
v 62.854671478271484 4.163552284240723 -168.14208984375 
v 103.1928939819336 4.163552284240723 -122.18859100341797 
v 99.00645446777344 1.3257544040679932 -118.51371002197266 
v 58.66823196411133 1.3257544040679932 -164.4672088623047 
v 94.27923583984375 2.3093647956848145 -114.3641357421875 
v 53.94101333618164 2.3093647956848145 -160.317626953125 
v 90.88224792480469 6.953585624694824 -111.38224029541016 
v 50.54402160644531 6.953585624694824 -157.3357391357422 
v 90.2713394165039 13.268036842346191 -110.84599304199219 
v 49.9331169128418 13.268036842346191 -156.7994842529297 
v 92.39531707763672 18.9255428314209 -112.71043395996094 
v 52.05709457397461 18.9255428314209 -158.66392517089844 
v 73.8350830078125 54.66252517700195 -134.1797637939453 
v 71.78386688232422 69.2897720336914 -136.6614532470703 
v 66.25257110595703 62.1264533996582 -131.80604553222656 
v 62.718021392822266 73.76812744140625 -140.3822479248047 
v 57.18672561645508 66.60480499267578 -135.52684020996094 
v 55.38379669189453 73.76812744140625 -148.7374267578125 
v 49.85250473022461 66.60480499267578 -143.8820343017578 
v 52.86928939819336 69.2897720336914 -158.20901489257812 
v 47.33799362182617 62.1264533996582 -153.35362243652344 
v 56.20567321777344 61.825843811035156 -165.41995239257812 
v 50.67437744140625 54.66252517700195 -160.56455993652344 
v 58.13557052612305 47.364463806152344 -162.83177185058594 
v 63.666866302490234 54.52778244018555 -167.6871795654297 
v 67.32273864746094 42.72024154663086 -159.21746826171875 
v 72.85403442382812 49.88356018066406 -164.0728759765625 
v 74.6569595336914 42.72024154663086 -150.86228942871094 
v 80.1882553100586 49.88356018066406 -155.7176971435547 
v 77.0501480102539 47.364463806152344 -141.28421020507812 
v 82.58143615722656 54.52778244018555 -146.1396026611328 
v 79.36637878417969 61.825843811035156 -139.03517150878906 
v 45.041015625 10.92348861694336 -150.16940307617188 
v 52.24456024169922 20.25246238708496 -156.4927215576172 
v 58.420745849609375 20.25246238708496 -149.45677185058594 
v 59.4481086730957 29.581436157226562 -162.8160400390625 
v 70.51241302490234 35.91181182861328 -160.0709228515625 
v -9.006001472473145 35.91181182861328 -250.65866088867188 
v 46.329078674316406 4.593113422393799 -138.84263610839844 
v -33.189334869384766 4.593113422393799 -229.43038940429688 
v -22.12502670288086 10.92348861694336 -226.68527221679688 
v -21.097667694091797 20.25246238708496 -240.04452514648438 
v -14.921480178833008 20.25246238708496 -233.00857543945312 
v -7.717933654785156 29.581436157226562 -239.33189392089844 
v 61.39692687988281 52.743919372558594 -85.49990844726562 
v 21.058698654174805 52.743919372558594 -131.45339965820312 
v 65.58336639404297 55.58171844482422 -89.1747817993164 
v 25.24513816833496 55.58171844482422 -135.12828063964844 
v 27.490436553955078 61.073360443115234 -137.09921264648438 
v 67.82866668701172 61.073360443115234 -91.14572143554688 
v 26.87952995300293 67.38780975341797 -136.56295776367188 
v 67.21775817871094 67.38780975341797 -90.60946655273438 
v 23.482540130615234 72.03203582763672 -133.58106994628906 
v 63.82076644897461 72.03203582763672 -87.62757873535156 
v 18.755319595336914 73.0156478881836 -129.43148803710938 
v 59.093544006347656 73.0156478881836 -83.47799682617188 
v 14.447561264038086 70.34371185302734 -125.65011596679688 
v 54.78578567504883 70.34371185302734 -79.69662475585938 
v 52.661808013916016 64.68620300292969 -77.83218383789062 
v 12.32358169555664 64.68620300292969 -123.78567504882812 
v 53.2727165222168 58.37174987792969 -78.36843872070312 
v 12.934489250183105 58.37174987792969 -124.32192993164062 
v 56.66970443725586 53.72753143310547 -81.35032653808594 
v 16.331480026245117 53.72753143310547 -127.30382537841797 
v 70.39942932128906 52.17889404296875 -144.78924560546875 
v 56.1209716796875 33.68753433227539 -132.2555389404297 
v 69.08151245117188 50.022647857666016 -149.4718017578125 
v 54.80305862426758 31.531286239624023 -136.93807983398438 
v 65.60741424560547 50.022647857666016 -153.42950439453125 
v 51.32895278930664 31.531286239624023 -140.8957977294922 
v 61.328155517578125 52.17889404296875 -155.123291015625 
v 47.0496940612793 33.68753433227539 -142.58956909179688 
v 57.62237548828125 55.66205978393555 -154.2061004638672 
v 43.34391784667969 37.17070007324219 -141.67239379882812 
v 41.832889556884766 40.81972885131836 -138.01023864746094 
v 29.065460205078125 18.679340362548828 -129.138671875 
v 27.554431915283203 22.328371047973633 -125.47652435302734 
v 40.524600982666016 13.039928436279297 -124.40436553955078 
v 37.05049514770508 13.039928436279297 -128.36207580566406 
v 32.771236419677734 15.196173667907715 -130.0558624267578 
v 41.84251403808594 15.196173667907715 -119.72181701660156 
v 54.53825759887695 37.17070007324219 -128.9197540283203 
v 40.25979995727539 18.679340362548828 -116.38603210449219 
v 36.62570571899414 22.328371047973633 -115.14248657226562 
v 68.81671905517578 55.66205978393555 -141.45346069335938 
v 65.18262481689453 59.31108856201172 -140.2099151611328 
v 50.9041633605957 40.81972885131836 -127.67620086669922 
v 60.71036148071289 61.46733474731445 -142.12356567382812 
v 46.43190383911133 42.975975036621094 -129.58984375 
v 57.23625564575195 61.46733474731445 -146.08128356933594 
v 42.95779800415039 42.975975036621094 -133.5475616455078 
v 56.11134719848633 59.31108856201172 -150.5439453125 
v 28.679340362548828 24.484617233276367 -121.01384735107422 
v 32.153446197509766 24.484617233276367 -117.0561294555664 
v 34.99916458129883 3.0503883361816406 -119.1648178100586 
v 36.02705764770508 9.880531311035156 -128.631591796875 
v 30.753032684326172 3.0503883361816406 -124.00202941894531 
v 30.61181640625 12.534372329711914 -130.8853759765625 
v 25.337791442871094 5.704229354858398 -126.25580596923828 
v 26.299436569213867 16.84686279296875 -129.4357147216797 
v 21.02541160583496 10.01672077178955 -124.80613708496094 
v 18.907773971557617 14.495077133178711 -120.61151123046875 
v 40.273189544677734 9.880531311035156 -123.79438781738281 
v 36.53213119506836 5.704229354858398 -113.50315856933594 
v 41.80615997314453 12.534372329711914 -118.13272857666016 
v 34.72882843017578 10.01672077178955 -109.19514465332031 
v 40.00285339355469 16.84686279296875 -113.82471466064453 
v 35.37614059448242 21.325220108032227 -112.48843383789062 
v 30.102115631103516 14.495077133178711 -107.8588638305664 
v 29.960899353027344 23.979061126708984 -114.7422103881836 
v 24.686872482299805 17.14891815185547 -110.11264038085938 
v 25.714767456054688 23.979061126708984 -119.57942199707031 
v 20.44074249267578 17.14891815185547 -114.9498519897461 
v 24.181800842285156 21.325220108032227 -125.24108123779297 
v 71.78386688232422 69.2897720336914 -136.6614532470703 
v 65.45269012451172 74.1107177734375 -144.33993530273438 
v 62.718021392822266 73.76812744140625 -140.3822479248047 
v 59.662513732910156 74.1107177734375 -150.93614196777344 
v 55.38379669189453 73.76812744140625 -148.7374267578125 
v 57.82075881958008 70.29582214355469 -158.66250610351562 
v 52.86928939819336 69.2897720336914 -158.20901489257812 
v 60.25825881958008 64.32467651367188 -164.69509887695312 
v 56.20567321777344 61.825843811035156 -165.41995239257812 
v 63.666866302490234 54.52778244018555 -167.6871795654297 
v 62.375675201416016 71.45687103271484 -151.76058959960938 
v 60.84270477294922 68.80303192138672 -157.4222412109375 
v 62.96034240722656 64.32467651367188 -161.6168670654297 
v 66.55587768554688 58.35353469848633 -166.33023071289062 
v 72.85403442382812 49.88356018066406 -164.0728759765625 
v 67.27272033691406 60.012184143066406 -163.0665283203125 
v 73.8570785522461 54.704505920410156 -163.39617919921875 
v 80.1882553100586 49.88356018066406 -155.7176971435547 
v 72.6879653930664 57.35834503173828 -160.81275939941406 
v 79.64725494384766 54.704505920410156 -156.79998779296875 
v 82.58143615722656 54.52778244018555 -146.1396026611328 
v 76.93409729003906 57.35834503173828 -155.9755401611328 
v 81.61033630371094 58.35353469848633 -149.18011474609375 
v 79.36637878417969 61.825843811035156 -139.03517150878906 
v 78.4670639038086 60.012184143066406 -150.3138885498047 
v 79.17283630371094 64.32467651367188 -143.14752197265625 
v 72.8752212524414 70.29582214355469 -141.51239013671875 
v 76.66375732421875 64.32467651367188 -146.00587463378906 
v 72.03704833984375 68.80303192138672 -144.66958618164062 
v 66.6218032836914 71.45687103271484 -146.92337036132812 
v 21.579578399658203 38.42958450317383 -117.11742401123047 
v 33.67124557495117 54.08893585205078 -127.7315673828125 
v 20.291515350341797 44.75996017456055 -128.44418334960938 
v 27.49506187438965 54.08893585205078 -134.7675018310547 
v -57.93883514404297 38.42958450317383 -207.70516967773438 
v -46.87452697753906 44.75996017456055 -204.96005249023438 
v -45.84716796875 54.08893585205078 -218.31930541992188 
v -39.67097854614258 54.08893585205078 -211.2833709716797 
v -32.46743392944336 63.41790771484375 -217.60667419433594 
v -33.75550079345703 69.74828338623047 -228.93344116210938 
v 34.6986083984375 63.41790771484375 -141.0908203125 
v 45.76291275024414 69.74828338623047 -138.345703125 
v 39.2392692565918 27.142799377441406 -108.09362030029297 
v 33.707977294921875 19.979480743408203 -103.23821258544922 
v 46.82178497314453 19.67887306213379 -110.46733856201172 
v 41.290489196777344 12.515554428100586 -105.6119384765625 
v 44.505550384521484 5.21749210357666 -112.71636962890625 
v 50.03684616088867 12.380810737609863 -117.57177734375 
v 42.11236572265625 0.5732709765434265 -122.2944564819336 
v 47.64366149902344 7.736589431762695 -127.14985656738281 
v 34.77814483642578 0.5732709765434265 -130.64964294433594 
v 40.3094367980957 7.736589431762695 -135.50503540039062 
v 25.59097671508789 5.21749210357666 -134.26394653320312 
v 31.122270584106445 12.380810737609863 -139.1193389892578 
v 18.129783630371094 12.515554428100586 -131.99671936035156 
v 23.66107749938965 19.67887306213379 -136.8521270751953 
v 20.324695587158203 27.142799377441406 -129.6411895751953 
v 14.793401718139648 19.979480743408203 -124.78578186035156 
v 22.839204788208008 31.621156692504883 -120.16959381103516 
v 17.307910919189453 24.45783805847168 -115.31419372558594 
v 30.17342758178711 31.621156692504883 -111.81441497802734 
v 24.642133712768555 24.45783805847168 -106.95901489257812 
v -45.84716796875 54.08893585205078 -218.31930541992188 
v -33.75550079345703 69.74828338623047 -228.93344116210938 
v -33.47241973876953 37.17070007324219 -229.18191528320312 
v -21.38075065612793 52.830047607421875 -239.79605102539062 
v -9.006001472473145 35.91181182861328 -250.65866088867188 
v -21.097667694091797 20.25246238708496 -240.04452514648438 
v -33.189334869384766 4.593113422393799 -229.43038940429688 
v -45.5640869140625 21.511348724365234 -218.56777954101562 
v -57.93883514404297 38.42958450317383 -207.70516967773438 
v 33.95433044433594 21.511348724365234 -127.98003387451172 
v 46.329078674316406 4.593113422393799 -138.84263610839844 
v 46.045997619628906 37.17070007324219 -138.59417724609375 
v 58.420745849609375 20.25246238708496 -149.45677185058594 
v 70.51241302490234 35.91181182861328 -160.0709228515625 
v 58.137664794921875 52.830047607421875 -149.20831298828125 
v 45.76291275024414 69.74828338623047 -138.345703125 
v 33.67124557495117 54.08893585205078 -127.7315673828125 
v 21.579578399658203 38.42958450317383 -117.11742401123047 
v 20.44074249267578 17.14891815185547 -114.9498519897461 
v 17.727582931518555 19.802759170532227 -114.12540435791016 
v 18.907773971557617 14.495077133178711 -120.61151123046875 
v 15.885828018188477 15.987862586975098 -121.85176849365234 
v 21.02541160583496 10.01672077178955 -124.80613708496094 
v 18.323328018188477 10.01672077178955 -127.88436889648438 
v 24.62094497680664 4.045578479766846 -129.51950073242188 
v 25.59097671508789 5.21749210357666 -134.26394653320312 
v 34.77814483642578 0.5732709765434265 -130.64964294433594 
v 17.307910919189453 24.45783805847168 -115.31419372558594 
v 14.793401718139648 19.979480743408203 -124.78578186035156 
v 18.129783630371094 12.515554428100586 -131.99671936035156 
v 24.642133712768555 24.45783805847168 -106.95901489257812 
v 23.517757415771484 19.802759170532227 -107.52921295166016 
v 33.707977294921875 19.979480743408203 -103.23821258544922 
v 30.94028663635254 15.987862586975098 -104.70166015625 
v 41.290489196777344 12.515554428100586 -105.6119384765625 
v 37.2379035949707 10.01672077178955 -106.3367919921875 
v 39.6754035949707 4.045578479766846 -112.369384765625 
v 36.53213119506836 5.704229354858398 -113.50315856933594 
v 34.99916458129883 3.0503883361816406 -119.1648178100586 
v 24.686872482299805 17.14891815185547 -110.11264038085938 
v 30.102115631103516 14.495077133178711 -107.8588638305664 
v 34.72882843017578 10.01672077178955 -109.19514465332031 
v 25.337791442871094 5.704229354858398 -126.25580596923828 
v 31.922149658203125 0.39654791355133057 -126.58545684814453 
v 30.753032684326172 3.0503883361816406 -124.00202941894531 
v 37.71232223510742 0.39654791355133057 -119.9892578125 
v 42.11236572265625 0.5732709765434265 -122.2944564819336 
v 44.505550384521484 5.21749210357666 -112.71636962890625 
v 32.49869155883789 33.113216400146484 -106.45894622802734 
v 35.45277404785156 18.312870025634766 -98.15179443359375 
v 79.53877258300781 35.475860595703125 -77.67793273925781 
v 60.32891082763672 40.93275833129883 -79.89085388183594 
v -87.83258819580078 54.34394454956055 -212.21856689453125 
v 7.188839435577393 62.67338562011719 -116.9426040649414 
v -59.977203369140625 62.67338562011719 -193.45846557617188 
v 53.2727165222168 58.37174987792969 -78.36843872070312 
v 39.2392692565918 27.142799377441406 -108.09362030029297 
v 24.181800842285156 21.325220108032227 -125.24108123779297 
v 44.24016189575195 89.66077423095703 -116.76570892333984 
v -32.882911682128906 82.89866638183594 -241.3782501220703 
v -39.70055389404297 74.0694580078125 -235.39369201660156 
v 39.95504379272461 53.61015701293945 -134.41539001464844 
v 43.47335433959961 48.800071716308594 -137.5037841796875 
v 94.00566864013672 45.49073028564453 -90.3770523071289 
v 84.34101867675781 58.787437438964844 -100.96881866455078 
v -60.56201934814453 89.66077423095703 -236.15682983398438 
v 63.82076644897461 72.03203582763672 -87.62757873535156 
v 66.25257110595703 62.1264533996582 -131.80604553222656 
v 61.3477783203125 64.6267318725586 -142.29379272460938 
v 67.9336929321289 -23.982717514038086 -123.54932403564453 
v -38.945953369140625 0.43780210614204407 -236.0560302734375 
v -19.8383731842041 0.43780210614204407 -214.28858947753906 
v 92.57132720947266 20.055477142333984 -89.11796569824219 
v 77.97596740722656 13.724377632141113 -95.38150787353516 
v -36.87773895263672 -15.319377899169922 -256.94696044921875 
v 90.2713394165039 13.268036842346191 -110.84599304199219 
v 50.03684616088867 12.380810737609863 -117.57177734375 
v 30.61181640625 12.534372329711914 -130.8853759765625 
v 88.88066864013672 35.75463104248047 -145.4403839111328 
v -4.857743263244629 44.583839416503906 -265.9788513183594 
v 79.6659164428711 41.228179931640625 -147.86257934570312 
v 101.83905029296875 43.68503189086914 -97.25323486328125 
v 100.04263305664062 39.718021392822266 -114.75176239013672 
v 96.70307922363281 21.597476959228516 -116.49180603027344 
v -9.006001472473145 35.91181182861328 -250.65866088867188 
v 77.0501480102539 47.364463806152344 -141.28421020507812 
v 71.66007232666016 50.528202056884766 -151.34597778320312 
v 62.38706970214844 43.598182678222656 -81.69751739501953 
v 60.99101638793945 36.94548416137695 -80.47205352783203 
v 80.9275131225586 41.79610061645508 -78.89698028564453 
v 81.59693145751953 38.14128112792969 -79.4845962524414 
v 104.81658172607422 42.69635772705078 -99.86692810058594 
v -215.52145385742188 -31.35387420654297 288.3835144042969 
v -224.4132843017578 -21.099912643432617 314.09637451171875 
v -206.95912170410156 -7.774968147277832 314.736083984375 
v -206.95912170410156 -7.774968147277832 314.736083984375 
v -198.06729125976562 -18.028928756713867 289.0232238769531 
v -215.52145385742188 -31.35387420654297 288.3835144042969 
v -249.57118225097656 41.67680740356445 438.1752624511719 
v -262.6823425292969 23.72214126586914 425.54803466796875 
v -256.0898132324219 14.748775482177734 431.43994140625 
v -256.0898132324219 14.748775482177734 431.43994140625 
v -242.97865295410156 32.70344161987305 444.067138671875 
v -249.57118225097656 41.67680740356445 438.1752624511719 
v -259.5523681640625 19.75150489807129 416.1825256347656 
v -252.95982360839844 10.778160095214844 422.07440185546875 
v -256.0898132324219 14.748775482177734 431.43994140625 
v -256.0898132324219 14.748775482177734 431.43994140625 
v -262.6823425292969 23.72214126586914 425.54803466796875 
v -259.5523681640625 19.75150489807129 416.1825256347656 
v -211.20053100585938 -36.4812126159668 275.6368103027344 
v -193.74635314941406 -23.156267166137695 276.2765197753906 
v -187.15382385253906 -32.12963104248047 282.1684265136719 
v -187.15382385253906 -32.12963104248047 282.1684265136719 
v -204.6079864501953 -45.4545783996582 281.5286865234375 
v -211.20053100585938 -36.4812126159668 275.6368103027344 
v -259.5523681640625 19.75150489807129 416.1825256347656 
v -244.59410095214844 35.88816833496094 423.6846923828125 
v -206.95912170410156 -7.774968147277832 314.736083984375 
v -206.95912170410156 -7.774968147277832 314.736083984375 
v -224.4132843017578 -21.099912643432617 314.09637451171875 
v -259.5523681640625 19.75150489807129 416.1825256347656 
v -238.0359344482422 19.60736656188965 425.32452392578125 
v -246.9164581298828 10.291414260864258 420.6624450683594 
v -212.59706115722656 -29.56844139099121 321.631591796875 
v -212.59706115722656 -29.56844139099121 321.631591796875 
v -202.29766845703125 -21.906068801879883 321.93377685546875 
v -238.0359344482422 19.60736656188965 425.32452392578125 
v -244.59410095214844 35.88816833496094 423.6846923828125 
v -238.0015869140625 26.914823532104492 429.57659912109375 
v -200.36659240722656 -16.748332977294922 320.6279602050781 
v -200.36659240722656 -16.748332977294922 320.6279602050781 
v -206.95912170410156 -7.774968147277832 314.736083984375 
v -244.59410095214844 35.88816833496094 423.6846923828125 
v -215.52145385742188 -31.35387420654297 288.3835144042969 
v -208.92892456054688 -40.327239990234375 294.275390625 
v -217.8207550048828 -30.073278427124023 319.9882507324219 
v -217.8207550048828 -30.073278427124023 319.9882507324219 
v -224.4132843017578 -21.099912643432617 314.09637451171875 
v -215.52145385742188 -31.35387420654297 288.3835144042969 
v -224.4132843017578 -21.099912643432617 314.09637451171875 
v -217.8207550048828 -30.073278427124023 319.9882507324219 
v -252.95982360839844 10.778160095214844 422.07440185546875 
v -252.95982360839844 10.778160095214844 422.07440185546875 
v -259.5523681640625 19.75150489807129 416.1825256347656 
v -224.4132843017578 -21.099912643432617 314.09637451171875 
v -262.6823425292969 23.72214126586914 425.54803466796875 
v -249.57118225097656 41.67680740356445 438.1752624511719 
v -244.59410095214844 35.88816833496094 423.6846923828125 
v -244.59410095214844 35.88816833496094 423.6846923828125 
v -259.5523681640625 19.75150489807129 416.1825256347656 
v -262.6823425292969 23.72214126586914 425.54803466796875 
v -242.97865295410156 32.70344161987305 444.067138671875 
v -256.0898132324219 14.748775482177734 431.43994140625 
v -252.95982360839844 10.778160095214844 422.07440185546875 
v -252.95982360839844 10.778160095214844 422.07440185546875 
v -238.0015869140625 26.914823532104492 429.57659912109375 
v -242.97865295410156 32.70344161987305 444.067138671875 
v -231.77133178710938 45.71474075317383 424.4969482421875 
v -225.17881774902344 36.741397857666016 430.3888244628906 
v -229.45176696777344 28.766834259033203 422.8501281738281 
v -229.45176696777344 28.766834259033203 422.8501281738281 
v -236.04429626464844 37.74020004272461 416.958251953125 
v -231.77133178710938 45.71474075317383 424.4969482421875 
v -200.36659240722656 -16.748332977294922 320.6279602050781 
v -191.47476196289062 -27.00229263305664 294.9151306152344 
v -171.16639709472656 -9.854499816894531 298.8888244628906 
v -171.16639709472656 -9.854499816894531 298.8888244628906 
v -179.1172332763672 -0.7579805254936218 321.4399108886719 
v -200.36659240722656 -16.748332977294922 320.6279602050781 
v -198.06729125976562 -18.028928756713867 289.0232238769531 
v -177.75892639160156 -0.8811346292495728 292.9969482421875 
v -171.16639709472656 -9.854499816894531 298.8888244628906 
v -171.16639709472656 -9.854499816894531 298.8888244628906 
v -191.47476196289062 -27.00229263305664 294.9151306152344 
v -198.06729125976562 -18.028928756713867 289.0232238769531 
v -206.95912170410156 -7.774968147277832 314.736083984375 
v -185.7097625732422 8.215384483337402 315.5480041503906 
v -177.75892639160156 -0.8811346292495728 292.9969482421875 
v -177.75892639160156 -0.8811346292495728 292.9969482421875 
v -198.06729125976562 -18.028928756713867 289.0232238769531 
v -200.36659240722656 -16.748332977294922 320.6279602050781 
v -179.1172332763672 -0.7579805254936218 321.4399108886719 
v -185.7097625732422 8.215384483337402 315.5480041503906 
v -185.7097625732422 8.215384483337402 315.5480041503906 
v -206.95912170410156 -7.774968147277832 314.736083984375 
v -200.36659240722656 -16.748332977294922 320.6279602050781 
v -244.59410095214844 35.88816833496094 423.6846923828125 
v -249.57118225097656 41.67680740356445 438.1752624511719 
v -231.77133178710938 45.71474075317383 424.4969482421875 
v -231.77133178710938 45.71474075317383 424.4969482421875 
v -236.04429626464844 37.74020004272461 416.958251953125 
v -244.59410095214844 35.88816833496094 423.6846923828125 
v -249.57118225097656 41.67680740356445 438.1752624511719 
v -242.97865295410156 32.70344161987305 444.067138671875 
v -225.17881774902344 36.741397857666016 430.3888244628906 
v -225.17881774902344 36.741397857666016 430.3888244628906 
v -231.77133178710938 45.71474075317383 424.4969482421875 
v -249.57118225097656 41.67680740356445 438.1752624511719 
v -242.97865295410156 32.70344161987305 444.067138671875 
v -238.0015869140625 26.914823532104492 429.57659912109375 
v -229.45176696777344 28.766834259033203 422.8501281738281 
v -229.45176696777344 28.766834259033203 422.8501281738281 
v -225.17881774902344 36.741397857666016 430.3888244628906 
v -242.97865295410156 32.70344161987305 444.067138671875 
v -238.0015869140625 26.914823532104492 429.57659912109375 
v -244.59410095214844 35.88816833496094 423.6846923828125 
v -236.04429626464844 37.74020004272461 416.958251953125 
v -236.04429626464844 37.74020004272461 416.958251953125 
v -229.45176696777344 28.766834259033203 422.8501281738281 
v -238.0015869140625 26.914823532104492 429.57659912109375 
v -215.52145385742188 -31.35387420654297 288.3835144042969 
v -198.06729125976562 -18.028928756713867 289.0232238769531 
v -193.74635314941406 -23.156267166137695 276.2765197753906 
v -193.74635314941406 -23.156267166137695 276.2765197753906 
v -211.20053100585938 -36.4812126159668 275.6368103027344 
v -215.52145385742188 -31.35387420654297 288.3835144042969 
v -198.06729125976562 -18.028928756713867 289.0232238769531 
v -191.47476196289062 -27.00229263305664 294.9151306152344 
v -187.15382385253906 -32.12963104248047 282.1684265136719 
v -187.15382385253906 -32.12963104248047 282.1684265136719 
v -193.74635314941406 -23.156267166137695 276.2765197753906 
v -198.06729125976562 -18.028928756713867 289.0232238769531 
v -193.5271759033203 -31.994171142578125 296.32745361328125 
v -203.70523071289062 -39.82240295410156 295.9187316894531 
v -200.74620056152344 -43.2954216003418 287.0925598144531 
v -200.74620056152344 -43.2954216003418 287.0925598144531 
v -190.44680786132812 -35.63307189941406 287.394775390625 
v -193.5271759033203 -31.994171142578125 296.32745361328125 
v -208.92892456054688 -40.327239990234375 294.275390625 
v -215.52145385742188 -31.35387420654297 288.3835144042969 
v -211.20053100585938 -36.4812126159668 275.6368103027344 
v -211.20053100585938 -36.4812126159668 275.6368103027344 
v -204.6079864501953 -45.4545783996582 281.5286865234375 
v -208.92892456054688 -40.327239990234375 294.275390625 
v -191.47476196289062 -27.00229263305664 294.9151306152344 
v -200.36659240722656 -16.748332977294922 320.6279602050781 
v -202.29766845703125 -21.906068801879883 321.93377685546875 
v -202.29766845703125 -21.906068801879883 321.93377685546875 
v -193.5271759033203 -31.994171142578125 296.32745361328125 
v -191.47476196289062 -27.00229263305664 294.9151306152344 
v -200.36659240722656 -16.748332977294922 320.6279602050781 
v -238.0015869140625 26.914823532104492 429.57659912109375 
v -238.0359344482422 19.60736656188965 425.32452392578125 
v -238.0359344482422 19.60736656188965 425.32452392578125 
v -202.29766845703125 -21.906068801879883 321.93377685546875 
v -200.36659240722656 -16.748332977294922 320.6279602050781 
v -238.0015869140625 26.914823532104492 429.57659912109375 
v -252.95982360839844 10.778160095214844 422.07440185546875 
v -246.9164581298828 10.291414260864258 420.6624450683594 
v -246.9164581298828 10.291414260864258 420.6624450683594 
v -238.0359344482422 19.60736656188965 425.32452392578125 
v -238.0015869140625 26.914823532104492 429.57659912109375 
v -252.95982360839844 10.778160095214844 422.07440185546875 
v -217.8207550048828 -30.073278427124023 319.9882507324219 
v -212.59706115722656 -29.56844139099121 321.631591796875 
v -212.59706115722656 -29.56844139099121 321.631591796875 
v -246.9164581298828 10.291414260864258 420.6624450683594 
v -252.95982360839844 10.778160095214844 422.07440185546875 
v -217.8207550048828 -30.073278427124023 319.9882507324219 
v -208.92892456054688 -40.327239990234375 294.275390625 
v -203.70523071289062 -39.82240295410156 295.9187316894531 
v -203.70523071289062 -39.82240295410156 295.9187316894531 
v -212.59706115722656 -29.56844139099121 321.631591796875 
v -217.8207550048828 -30.073278427124023 319.9882507324219 
v -208.92892456054688 -40.327239990234375 294.275390625 
v -204.6079864501953 -45.4545783996582 281.5286865234375 
v -200.74620056152344 -43.2954216003418 287.0925598144531 
v -200.74620056152344 -43.2954216003418 287.0925598144531 
v -203.70523071289062 -39.82240295410156 295.9187316894531 
v -208.92892456054688 -40.327239990234375 294.275390625 
v -204.6079864501953 -45.4545783996582 281.5286865234375 
v -187.15382385253906 -32.12963104248047 282.1684265136719 
v -190.44680786132812 -35.63307189941406 287.394775390625 
v -190.44680786132812 -35.63307189941406 287.394775390625 
v -200.74620056152344 -43.2954216003418 287.0925598144531 
v -204.6079864501953 -45.4545783996582 281.5286865234375 
v -187.15382385253906 -32.12963104248047 282.1684265136719 
v -191.47476196289062 -27.00229263305664 294.9151306152344 
v -193.5271759033203 -31.994171142578125 296.32745361328125 
v -193.5271759033203 -31.994171142578125 296.32745361328125 
v -190.44680786132812 -35.63307189941406 287.394775390625 
v -187.15382385253906 -32.12963104248047 282.1684265136719 
v -138.04273986816406 27.44255828857422 291.6131896972656 
v -155.36825561523438 14.284211158752441 290.8605651855469 
v -164.26007080078125 24.538192749023438 316.5733947753906 
v -164.26007080078125 24.538192749023438 316.5733947753906 
v -146.93455505371094 37.69654083251953 317.3260498046875 
v -138.04273986816406 27.44255828857422 291.6131896972656 
v -152.63687133789062 16.069664001464844 323.88873291015625 
v -143.55201721191406 5.815703868865967 298.3957824707031 
v -133.37396240234375 13.643935203552246 298.80450439453125 
v -133.37396240234375 13.643935203552246 298.80450439453125 
v -142.14447021484375 23.73201560974121 324.41082763671875 
v -152.63687133789062 16.069664001464844 323.88873291015625 
v -207.0651397705078 73.9899673461914 439.7926940917969 
v -200.4726104736328 65.0166015625 445.6845703125 
v -178.9327392578125 73.37863159179688 434.5626525878906 
v -178.9327392578125 73.37863159179688 434.5626525878906 
v -185.5252685546875 82.35199737548828 428.6707763671875 
v -207.0651397705078 73.9899673461914 439.7926940917969 
v -182.2666473388672 78.54795837402344 419.19232177734375 
v -185.5252685546875 82.35199737548828 428.6707763671875 
v -178.9327392578125 73.37863159179688 434.5626525878906 
v -178.9327392578125 73.37863159179688 434.5626525878906 
v -175.6741180419922 69.57459259033203 425.084228515625 
v -182.2666473388672 78.54795837402344 419.19232177734375 
v -133.72181701660156 22.31521987915039 278.8664855957031 
v -127.12926483154297 13.341876983642578 284.75836181640625 
v -144.45477294921875 0.18352819979190826 284.0057373046875 
v -144.45477294921875 0.18352819979190826 284.0057373046875 
v -151.04730224609375 9.156893730163574 278.11383056640625 
v -133.72181701660156 22.31521987915039 278.8664855957031 
v -182.2666473388672 78.54795837402344 419.19232177734375 
v -146.93455505371094 37.69654083251953 317.3260498046875 
v -164.26007080078125 24.538192749023438 316.5733947753906 
v -164.26007080078125 24.538192749023438 316.5733947753906 
v -201.89508056640625 68.20134735107422 425.5220031738281 
v -182.2666473388672 78.54795837402344 419.19232177734375 
v -188.25379943847656 57.41722106933594 427.1729736328125 
v -152.63687133789062 16.069664001464844 323.88873291015625 
v -142.14447021484375 23.73201560974121 324.41082763671875 
v -142.14447021484375 23.73201560974121 324.41082763671875 
v -176.59251403808594 63.425296783447266 423.55462646484375 
v -188.25379943847656 57.41722106933594 427.1729736328125 
v -201.89508056640625 68.20134735107422 425.5220031738281 
v -164.26007080078125 24.538192749023438 316.5733947753906 
v -157.8605499267578 15.564826965332031 322.24542236328125 
v -157.8605499267578 15.564826965332031 322.24542236328125 
v -195.4955291748047 59.22798538208008 431.19403076171875 
v -201.89508056640625 68.20134735107422 425.5220031738281 
v -138.04273986816406 27.44255828857422 291.6131896972656 
v -146.93455505371094 37.69654083251953 317.3260498046875 
v -140.34202575683594 28.723175048828125 323.2179260253906 
v -140.34202575683594 28.723175048828125 323.2179260253906 
v -131.45021057128906 18.469194412231445 297.5050964355469 
v -138.04273986816406 27.44255828857422 291.6131896972656 
v -185.5252685546875 82.35199737548828 428.6707763671875 
v -182.2666473388672 78.54795837402344 419.19232177734375 
v -201.89508056640625 68.20134735107422 425.5220031738281 
v -201.89508056640625 68.20134735107422 425.5220031738281 
v -207.0651397705078 73.9899673461914 439.7926940917969 
v -185.5252685546875 82.35199737548828 428.6707763671875 
v -200.4726104736328 65.0166015625 445.6845703125 
v -195.4955291748047 59.22798538208008 431.19403076171875 
v -175.6741180419922 69.57459259033203 425.084228515625 
v -175.6741180419922 69.57459259033203 425.084228515625 
v -178.9327392578125 73.37863159179688 434.5626525878906 
v -200.4726104736328 65.0166015625 445.6845703125 
v -214.76747131347656 58.70649337768555 425.1426086425781 
v -205.83905029296875 60.72583770751953 418.08380126953125 
v -199.2465362548828 51.75249481201172 423.9757080078125 
v -199.2465362548828 51.75249481201172 423.9757080078125 
v -208.17495727539062 49.733150482177734 431.0345153808594 
v -214.76747131347656 58.70649337768555 425.1426086425781 
v -157.8605499267578 15.564826965332031 322.24542236328125 
v -179.1172332763672 -0.7579805254936218 321.4399108886719 
v -171.16639709472656 -9.854499816894531 298.8888244628906 
v -171.16639709472656 -9.854499816894531 298.8888244628906 
v -148.7757110595703 5.310866832733154 296.75244140625 
v -157.8605499267578 15.564826965332031 322.24542236328125 
v -155.36825561523438 14.284211158752441 290.8605651855469 
v -148.7757110595703 5.310866832733154 296.75244140625 
v -171.16639709472656 -9.854499816894531 298.8888244628906 
v -171.16639709472656 -9.854499816894531 298.8888244628906 
v -177.75892639160156 -0.8811346292495728 292.9969482421875 
v -155.36825561523438 14.284211158752441 290.8605651855469 
v -164.26007080078125 24.538192749023438 316.5733947753906 
v -155.36825561523438 14.284211158752441 290.8605651855469 
v -177.75892639160156 -0.8811346292495728 292.9969482421875 
v -177.75892639160156 -0.8811346292495728 292.9969482421875 
v -185.7097625732422 8.215384483337402 315.5480041503906 
v -164.26007080078125 24.538192749023438 316.5733947753906 
v -157.8605499267578 15.564826965332031 322.24542236328125 
v -164.26007080078125 24.538192749023438 316.5733947753906 
v -185.7097625732422 8.215384483337402 315.5480041503906 
v -185.7097625732422 8.215384483337402 315.5480041503906 
v -179.1172332763672 -0.7579805254936218 321.4399108886719 
v -157.8605499267578 15.564826965332031 322.24542236328125 
v -201.89508056640625 68.20134735107422 425.5220031738281 
v -205.83905029296875 60.72583770751953 418.08380126953125 
v -214.76747131347656 58.70649337768555 425.1426086425781 
v -214.76747131347656 58.70649337768555 425.1426086425781 
v -207.0651397705078 73.9899673461914 439.7926940917969 
v -201.89508056640625 68.20134735107422 425.5220031738281 
v -207.0651397705078 73.9899673461914 439.7926940917969 
v -214.76747131347656 58.70649337768555 425.1426086425781 
v -208.17495727539062 49.733150482177734 431.0345153808594 
v -208.17495727539062 49.733150482177734 431.0345153808594 
v -200.4726104736328 65.0166015625 445.6845703125 
v -207.0651397705078 73.9899673461914 439.7926940917969 
v -200.4726104736328 65.0166015625 445.6845703125 
v -208.17495727539062 49.733150482177734 431.0345153808594 
v -199.2465362548828 51.75249481201172 423.9757080078125 
v -199.2465362548828 51.75249481201172 423.9757080078125 
v -195.4955291748047 59.22798538208008 431.19403076171875 
v -200.4726104736328 65.0166015625 445.6845703125 
v -195.4955291748047 59.22798538208008 431.19403076171875 
v -199.2465362548828 51.75249481201172 423.9757080078125 
v -205.83905029296875 60.72583770751953 418.08380126953125 
v -205.83905029296875 60.72583770751953 418.08380126953125 
v -201.89508056640625 68.20134735107422 425.5220031738281 
v -195.4955291748047 59.22798538208008 431.19403076171875 
v -155.36825561523438 14.284211158752441 290.8605651855469 
v -151.04730224609375 9.156893730163574 278.11383056640625 
v -144.45477294921875 0.18352819979190826 284.0057373046875 
v -144.45477294921875 0.18352819979190826 284.0057373046875 
v -148.7757110595703 5.310866832733154 296.75244140625 
v -155.36825561523438 14.284211158752441 290.8605651855469 
v -143.55201721191406 5.815703868865967 298.3957824707031 
v -140.72164916992188 2.1760659217834473 289.6825256347656 
v -130.42225646972656 9.838438034057617 289.9847412109375 
v -130.42225646972656 9.838438034057617 289.9847412109375 
v -133.37396240234375 13.643935203552246 298.80450439453125 
v -143.55201721191406 5.815703868865967 298.3957824707031 
v -131.45021057128906 18.469194412231445 297.5050964355469 
v -127.12926483154297 13.341876983642578 284.75836181640625 
v -133.72181701660156 22.31521987915039 278.8664855957031 
v -133.72181701660156 22.31521987915039 278.8664855957031 
v -138.04273986816406 27.44255828857422 291.6131896972656 
v -131.45021057128906 18.469194412231445 297.5050964355469 
v -148.7757110595703 5.310866832733154 296.75244140625 
v -143.55201721191406 5.815703868865967 298.3957824707031 
v -152.63687133789062 16.069664001464844 323.88873291015625 
v -152.63687133789062 16.069664001464844 323.88873291015625 
v -157.8605499267578 15.564826965332031 322.24542236328125 
v -148.7757110595703 5.310866832733154 296.75244140625 
v -157.8605499267578 15.564826965332031 322.24542236328125 
v -152.63687133789062 16.069664001464844 323.88873291015625 
v -188.25379943847656 57.41722106933594 427.1729736328125 
v -188.25379943847656 57.41722106933594 427.1729736328125 
v -195.4955291748047 59.22798538208008 431.19403076171875 
v -157.8605499267578 15.564826965332031 322.24542236328125 
v -195.4955291748047 59.22798538208008 431.19403076171875 
v -188.25379943847656 57.41722106933594 427.1729736328125 
v -176.59251403808594 63.425296783447266 423.55462646484375 
v -176.59251403808594 63.425296783447266 423.55462646484375 
v -175.6741180419922 69.57459259033203 425.084228515625 
v -195.4955291748047 59.22798538208008 431.19403076171875 
v -175.6741180419922 69.57459259033203 425.084228515625 
v -176.59251403808594 63.425296783447266 423.55462646484375 
v -142.14447021484375 23.73201560974121 324.41082763671875 
v -142.14447021484375 23.73201560974121 324.41082763671875 
v -140.34202575683594 28.723175048828125 323.2179260253906 
v -175.6741180419922 69.57459259033203 425.084228515625 
v -140.34202575683594 28.723175048828125 323.2179260253906 
v -142.14447021484375 23.73201560974121 324.41082763671875 
v -133.37396240234375 13.643935203552246 298.80450439453125 
v -133.37396240234375 13.643935203552246 298.80450439453125 
v -131.45021057128906 18.469194412231445 297.5050964355469 
v -140.34202575683594 28.723175048828125 323.2179260253906 
v -131.45021057128906 18.469194412231445 297.5050964355469 
v -133.37396240234375 13.643935203552246 298.80450439453125 
v -130.42225646972656 9.838438034057617 289.9847412109375 
v -130.42225646972656 9.838438034057617 289.9847412109375 
v -127.12926483154297 13.341876983642578 284.75836181640625 
v -131.45021057128906 18.469194412231445 297.5050964355469 
v -127.12926483154297 13.341876983642578 284.75836181640625 
v -130.42225646972656 9.838438034057617 289.9847412109375 
v -140.72164916992188 2.1760659217834473 289.6825256347656 
v -140.72164916992188 2.1760659217834473 289.6825256347656 
v -144.45477294921875 0.18352819979190826 284.0057373046875 
v -127.12926483154297 13.341876983642578 284.75836181640625 
v -144.45477294921875 0.18352819979190826 284.0057373046875 
v -140.72164916992188 2.1760659217834473 289.6825256347656 
v -143.55201721191406 5.815703868865967 298.3957824707031 
v -143.55201721191406 5.815703868865967 298.3957824707031 
v -148.7757110595703 5.310866832733154 296.75244140625 
v -144.45477294921875 0.18352819979190826 284.0057373046875 
v 208.34716796875 98.9393310546875 322.3437805175781 
v 207.81661987304688 104.10502624511719 312.6878356933594 
v 199.75466918945312 109.40620422363281 315.8717041015625 
v 199.75466918945312 109.40620422363281 315.8717041015625 
v 200.28524780273438 104.24049377441406 325.52764892578125 
v 208.34716796875 98.9393310546875 322.3437805175781 
v 207.81661987304688 104.10502624511719 312.6878356933594 
v 203.6749725341797 103.61395263671875 302.6980895996094 
v 195.61305236816406 108.91511535644531 305.8819580078125 
v 195.61305236816406 108.91511535644531 305.8819580078125 
v 199.75466918945312 109.40620422363281 315.8717041015625 
v 207.81661987304688 104.10502624511719 312.6878356933594 
v 203.6749725341797 103.61395263671875 302.6980895996094 
v 197.3175048828125 97.96150970458984 296.2105712890625 
v 189.2555694580078 103.26268005371094 299.3944396972656 
v 189.2555694580078 103.26268005371094 299.3944396972656 
v 195.61305236816406 108.91511535644531 305.8819580078125 
v 203.6749725341797 103.61395263671875 302.6980895996094 
v 197.3175048828125 97.96150970458984 296.2105712890625 
v 191.032470703125 88.97657012939453 295.4989013671875 
v 182.9705352783203 94.2777328491211 298.6827392578125 
v 182.9705352783203 94.2777328491211 298.6827392578125 
v 189.2555694580078 103.26268005371094 299.3944396972656 
v 197.3175048828125 97.96150970458984 296.2105712890625 
v 191.032470703125 88.97657012939453 295.4989013671875 
v 187.50115966796875 80.31974029541016 300.9344787597656 
v 179.439208984375 85.62091064453125 304.1183166503906 
v 179.439208984375 85.62091064453125 304.1183166503906 
v 182.9705352783203 94.2777328491211 298.6827392578125 
v 191.032470703125 88.97657012939453 295.4989013671875 
v 200.28524780273438 104.24049377441406 325.52764892578125 
v 199.75466918945312 109.40620422363281 315.8717041015625 
v 195.06790161132812 108.5660171508789 316.8714294433594 
v 195.06790161132812 108.5660171508789 316.8714294433594 
v 195.5338592529297 104.56643676757812 324.6375732421875 
v 200.28524780273438 104.24049377441406 325.52764892578125 
v 199.75466918945312 109.40620422363281 315.8717041015625 
v 195.61305236816406 108.91511535644531 305.8819580078125 
v 191.59170532226562 108.40593719482422 308.63330078125 
v 191.59170532226562 108.40593719482422 308.63330078125 
v 195.06790161132812 108.5660171508789 316.8714294433594 
v 199.75466918945312 109.40620422363281 315.8717041015625 
v 195.61305236816406 108.91511535644531 305.8819580078125 
v 189.2555694580078 103.26268005371094 299.3944396972656 
v 186.5355224609375 103.58499145507812 303.3392639160156 
v 186.5355224609375 103.58499145507812 303.3392639160156 
v 191.59170532226562 108.40593719482422 308.63330078125 
v 195.61305236816406 108.91511535644531 305.8819580078125 
v 189.2555694580078 103.26268005371094 299.3944396972656 
v 182.9705352783203 94.2777328491211 298.6827392578125 
v 181.49461364746094 96.43036651611328 302.703369140625 
v 181.49461364746094 96.43036651611328 302.703369140625 
v 186.5355224609375 103.58499145507812 303.3392639160156 
v 189.2555694580078 103.26268005371094 299.3944396972656 
v 182.9705352783203 94.2777328491211 298.6827392578125 
v 179.439208984375 85.62091064453125 304.1183166503906 
v 178.5567169189453 89.43798065185547 307.228759765625 
v 178.5567169189453 89.43798065185547 307.228759765625 
v 181.49461364746094 96.43036651611328 302.703369140625 
v 182.9705352783203 94.2777328491211 298.6827392578125 
v 195.5338592529297 104.56643676757812 324.6375732421875 
v 195.06790161132812 108.5660171508789 316.8714294433594 
v 192.84420776367188 105.57103729248047 316.48760986328125 
v 192.84420776367188 105.57103729248047 316.48760986328125 
v 193.04527282714844 102.40512084960938 322.1505126953125 
v 195.5338592529297 104.56643676757812 324.6375732421875 
v 195.06790161132812 108.5660171508789 316.8714294433594 
v 191.59170532226562 108.40593719482422 308.63330078125 
v 190.4765167236328 105.24292755126953 310.78009033203125 
v 190.4765167236328 105.24292755126953 310.78009033203125 
v 192.84420776367188 105.57103729248047 316.48760986328125 
v 195.06790161132812 108.5660171508789 316.8714294433594 
v 191.59170532226562 108.40593719482422 308.63330078125 
v 186.5355224609375 103.58499145507812 303.3392639160156 
v 186.6076202392578 101.75180053710938 306.77960205078125 
v 186.6076202392578 101.75180053710938 306.77960205078125 
v 190.4765167236328 105.24292755126953 310.78009033203125 
v 191.59170532226562 108.40593719482422 308.63330078125 
v 186.5355224609375 103.58499145507812 303.3392639160156 
v 181.49461364746094 96.43036651611328 302.703369140625 
v 183.00387573242188 96.4274673461914 306.4393615722656 
v 183.00387573242188 96.4274673461914 306.4393615722656 
v 186.6076202392578 101.75180053710938 306.77960205078125 
v 186.5355224609375 103.58499145507812 303.3392639160156 
v 181.49461364746094 96.43036651611328 302.703369140625 
v 178.5567169189453 89.43798065185547 307.228759765625 
v 180.72366333007812 91.43270874023438 309.60882568359375 
v 180.72366333007812 91.43270874023438 309.60882568359375 
v 183.00387573242188 96.4274673461914 306.4393615722656 
v 181.49461364746094 96.43036651611328 302.703369140625 
v 193.04527282714844 102.40512084960938 322.1505126953125 
v 192.84420776367188 105.57103729248047 316.48760986328125 
v 200.65618896484375 100.2691421508789 313.5231628417969 
v 200.65618896484375 100.2691421508789 313.5231628417969 
v 200.86456298828125 97.4356918334961 319.1796569824219 
v 193.04527282714844 102.40512084960938 322.1505126953125 
v 192.84420776367188 105.57103729248047 316.48760986328125 
v 190.4765167236328 105.24292755126953 310.78009033203125 
v 198.09548950195312 99.94103240966797 307.5957946777344 
v 198.09548950195312 99.94103240966797 307.5957946777344 
v 200.65618896484375 100.2691421508789 313.5231628417969 
v 192.84420776367188 105.57103729248047 316.48760986328125 
v 190.4765167236328 105.24292755126953 310.78009033203125 
v 186.6076202392578 101.75180053710938 306.77960205078125 
v 194.42694091796875 96.78235626220703 303.8087463378906 
v 194.42694091796875 96.78235626220703 303.8087463378906 
v 198.09548950195312 99.94103240966797 307.5957946777344 
v 190.4765167236328 105.24292755126953 310.78009033203125 
v 186.6076202392578 101.75180053710938 306.77960205078125 
v 183.00387573242188 96.4274673461914 306.4393615722656 
v 190.63015747070312 91.45802307128906 303.2486267089844 
v 190.63015747070312 91.45802307128906 303.2486267089844 
v 194.42694091796875 96.78235626220703 303.8087463378906 
v 186.6076202392578 101.75180053710938 306.77960205078125 
v 183.00387573242188 96.4274673461914 306.4393615722656 
v 180.72366333007812 91.43270874023438 309.60882568359375 
v 188.66429138183594 86.29739379882812 306.5314636230469 
v 188.66429138183594 86.29739379882812 306.5314636230469 
v 190.63015747070312 91.45802307128906 303.2486267089844 
v 183.00387573242188 96.4274673461914 306.4393615722656 
v 191.032470703125 88.97657012939453 295.4989013671875 
v 197.3175048828125 97.96150970458984 296.2105712890625 
v 203.6749725341797 103.61395263671875 302.6980895996094 
v 203.6749725341797 103.61395263671875 302.6980895996094 
v 207.81661987304688 104.10502624511719 312.6878356933594 
v 208.34716796875 98.9393310546875 322.3437805175781 
v 191.032470703125 88.97657012939453 295.4989013671875 
v 203.6749725341797 103.61395263671875 302.6980895996094 
v 208.34716796875 98.9393310546875 322.3437805175781 
v 187.50115966796875 80.31974029541016 300.9344787597656 
v 191.032470703125 88.97657012939453 295.4989013671875 
v 208.34716796875 98.9393310546875 322.3437805175781 
v 200.65618896484375 100.2691421508789 313.5231628417969 
v 198.09548950195312 99.94103240966797 307.5957946777344 
v 194.42694091796875 96.78235626220703 303.8087463378906 
v 194.42694091796875 96.78235626220703 303.8087463378906 
v 190.63015747070312 91.45802307128906 303.2486267089844 
v 188.66429138183594 86.29739379882812 306.5314636230469 
v 200.65618896484375 100.2691421508789 313.5231628417969 
v 194.42694091796875 96.78235626220703 303.8087463378906 
v 188.66429138183594 86.29739379882812 306.5314636230469 
v 200.86456298828125 97.4356918334961 319.1796569824219 
v 200.65618896484375 100.2691421508789 313.5231628417969 
v 188.66429138183594 86.29739379882812 306.5314636230469 
v 208.34716796875 98.9393310546875 322.3437805175781 
v 200.28524780273438 104.24049377441406 325.52764892578125 
v 196.63258361816406 95.74952697753906 331.0697021484375 
v 196.63258361816406 95.74952697753906 331.0697021484375 
v 204.69451904296875 90.4483642578125 327.8858337402344 
v 208.34716796875 98.9393310546875 322.3437805175781 
v 204.69451904296875 90.4483642578125 327.8858337402344 
v 196.63258361816406 95.74952697753906 331.0697021484375 
v 190.3475799560547 86.76459503173828 330.3580627441406 
v 190.3475799560547 86.76459503173828 330.3580627441406 
v 198.4095001220703 81.46343231201172 327.1741943359375 
v 204.69451904296875 90.4483642578125 327.8858337402344 
v 198.4095001220703 81.46343231201172 327.1741943359375 
v 190.3475799560547 86.76459503173828 330.3580627441406 
v 184.1114044189453 80.9462890625 323.7640380859375 
v 184.1114044189453 80.9462890625 323.7640380859375 
v 192.17335510253906 75.6451187133789 320.5802001953125 
v 198.4095001220703 81.46343231201172 327.1741943359375 
v 192.17335510253906 75.6451187133789 320.5802001953125 
v 184.1114044189453 80.9462890625 323.7640380859375 
v 179.9697723388672 80.4552001953125 313.7742614746094 
v 179.9697723388672 80.4552001953125 313.7742614746094 
v 188.03170776367188 75.15403747558594 310.59039306640625 
v 192.17335510253906 75.6451187133789 320.5802001953125 
v 188.03170776367188 75.15403747558594 310.59039306640625 
v 179.9697723388672 80.4552001953125 313.7742614746094 
v 179.439208984375 85.62091064453125 304.1183166503906 
v 179.439208984375 85.62091064453125 304.1183166503906 
v 187.50115966796875 80.31974029541016 300.9344787597656 
v 188.03170776367188 75.15403747558594 310.59039306640625 
v 200.28524780273438 104.24049377441406 325.52764892578125 
v 195.5338592529297 104.56643676757812 324.6375732421875 
v 192.59596252441406 97.57404327392578 329.1629333496094 
v 192.59596252441406 97.57404327392578 329.1629333496094 
v 196.63258361816406 95.74952697753906 331.0697021484375 
v 200.28524780273438 104.24049377441406 325.52764892578125 
v 196.63258361816406 95.74952697753906 331.0697021484375 
v 192.59596252441406 97.57404327392578 329.1629333496094 
v 187.4264373779297 90.2528305053711 328.6399841308594 
v 187.4264373779297 90.2528305053711 328.6399841308594 
v 190.3475799560547 86.76459503173828 330.3580627441406 
v 196.63258361816406 95.74952697753906 331.0697021484375 
v 190.3475799560547 86.76459503173828 330.3580627441406 
v 187.4264373779297 90.2528305053711 328.6399841308594 
v 182.4989013671875 85.59847259521484 323.2330322265625 
v 182.4989013671875 85.59847259521484 323.2330322265625 
v 184.1114044189453 80.9462890625 323.7640380859375 
v 190.3475799560547 86.76459503173828 330.3580627441406 
v 184.1114044189453 80.9462890625 323.7640380859375 
v 182.4989013671875 85.59847259521484 323.2330322265625 
v 178.89407348632812 85.27180480957031 315.1078186035156 
v 178.89407348632812 85.27180480957031 315.1078186035156 
v 179.9697723388672 80.4552001953125 313.7742614746094 
v 184.1114044189453 80.9462890625 323.7640380859375 
v 179.9697723388672 80.4552001953125 313.7742614746094 
v 178.89407348632812 85.27180480957031 315.1078186035156 
v 178.5567169189453 89.43798065185547 307.228759765625 
v 178.5567169189453 89.43798065185547 307.228759765625 
v 179.439208984375 85.62091064453125 304.1183166503906 
v 179.9697723388672 80.4552001953125 313.7742614746094 
v 195.5338592529297 104.56643676757812 324.6375732421875 
v 193.04527282714844 102.40512084960938 322.1505126953125 
v 190.9580841064453 97.41035461425781 325.5398864746094 
v 190.9580841064453 97.41035461425781 325.5398864746094 
v 192.59596252441406 97.57404327392578 329.1629333496094 
v 195.5338592529297 104.56643676757812 324.6375732421875 
v 192.59596252441406 97.57404327392578 329.1629333496094 
v 190.9580841064453 97.41035461425781 325.5398864746094 
v 187.3543243408203 92.08602905273438 325.1996154785156 
v 187.3543243408203 92.08602905273438 325.1996154785156 
v 187.4264373779297 90.2528305053711 328.6399841308594 
v 192.59596252441406 97.57404327392578 329.1629333496094 
v 187.4264373779297 90.2528305053711 328.6399841308594 
v 187.3543243408203 92.08602905273438 325.1996154785156 
v 183.48545837402344 88.59490203857422 321.19915771484375 
v 183.48545837402344 88.59490203857422 321.19915771484375 
v 182.4989013671875 85.59847259521484 323.2330322265625 
v 187.4264373779297 90.2528305053711 328.6399841308594 
v 182.4989013671875 85.59847259521484 323.2330322265625 
v 183.48545837402344 88.59490203857422 321.19915771484375 
v 181.2463836669922 88.4333724975586 315.37872314453125 
v 181.2463836669922 88.4333724975586 315.37872314453125 
v 178.89407348632812 85.27180480957031 315.1078186035156 
v 182.4989013671875 85.59847259521484 323.2330322265625 
v 178.89407348632812 85.27180480957031 315.1078186035156 
v 181.2463836669922 88.4333724975586 315.37872314453125 
v 180.72366333007812 91.43270874023438 309.60882568359375 
v 180.72366333007812 91.43270874023438 309.60882568359375 
v 178.5567169189453 89.43798065185547 307.228759765625 
v 178.89407348632812 85.27180480957031 315.1078186035156 
v 193.04527282714844 102.40512084960938 322.1505126953125 
v 200.86456298828125 97.4356918334961 319.1796569824219 
v 198.7700653076172 92.10845947265625 322.5754089355469 
v 198.7700653076172 92.10845947265625 322.5754089355469 
v 190.9580841064453 97.41035461425781 325.5398864746094 
v 193.04527282714844 102.40512084960938 322.1505126953125 
v 190.9580841064453 97.41035461425781 325.5398864746094 
v 198.7700653076172 92.10845947265625 322.5754089355469 
v 195.294921875 86.95072937011719 322.12225341796875 
v 195.294921875 86.95072937011719 322.12225341796875 
v 187.3543243408203 92.08602905273438 325.1996154785156 
v 190.9580841064453 97.41035461425781 325.5398864746094 
v 187.3543243408203 92.08602905273438 325.1996154785156 
v 195.294921875 86.95072937011719 322.12225341796875 
v 191.4260711669922 83.4595947265625 318.1217956542969 
v 191.4260711669922 83.4595947265625 318.1217956542969 
v 183.48545837402344 88.59490203857422 321.19915771484375 
v 187.3543243408203 92.08602905273438 325.1996154785156 
v 183.48545837402344 88.59490203857422 321.19915771484375 
v 191.4260711669922 83.4595947265625 318.1217956542969 
v 188.7440185546875 83.29735565185547 312.3008728027344 
v 188.7440185546875 83.29735565185547 312.3008728027344 
v 181.2463836669922 88.4333724975586 315.37872314453125 
v 183.48545837402344 88.59490203857422 321.19915771484375 
v 181.2463836669922 88.4333724975586 315.37872314453125 
v 188.7440185546875 83.29735565185547 312.3008728027344 
v 188.66429138183594 86.29739379882812 306.5314636230469 
v 188.66429138183594 86.29739379882812 306.5314636230469 
v 180.72366333007812 91.43270874023438 309.60882568359375 
v 181.2463836669922 88.4333724975586 315.37872314453125 
v 208.34716796875 98.9393310546875 322.3437805175781 
v 204.69451904296875 90.4483642578125 327.8858337402344 
v 198.4095001220703 81.46343231201172 327.1741943359375 
v 198.4095001220703 81.46343231201172 327.1741943359375 
v 192.17335510253906 75.6451187133789 320.5802001953125 
v 188.03170776367188 75.15403747558594 310.59039306640625 
v 208.34716796875 98.9393310546875 322.3437805175781 
v 198.4095001220703 81.46343231201172 327.1741943359375 
v 188.03170776367188 75.15403747558594 310.59039306640625 
v 187.50115966796875 80.31974029541016 300.9344787597656 
v 208.34716796875 98.9393310546875 322.3437805175781 
v 188.03170776367188 75.15403747558594 310.59039306640625 
v 188.66429138183594 86.29739379882812 306.5314636230469 
v 188.7440185546875 83.29735565185547 312.3008728027344 
v 191.4260711669922 83.4595947265625 318.1217956542969 
v 191.4260711669922 83.4595947265625 318.1217956542969 
v 195.294921875 86.95072937011719 322.12225341796875 
v 198.7700653076172 92.10845947265625 322.5754089355469 
v 188.66429138183594 86.29739379882812 306.5314636230469 
v 191.4260711669922 83.4595947265625 318.1217956542969 
v 198.7700653076172 92.10845947265625 322.5754089355469 
v 200.86456298828125 97.4356918334961 319.1796569824219 
v 188.66429138183594 86.29739379882812 306.5314636230469 
v 198.7700653076172 92.10845947265625 322.5754089355469 
vn 0.5229885578155518 -0.7181406021118164 -0.4590821862220764 
vn 0.5229885578155518 -0.7181406021118164 -0.4590821862220764 
vn 0.5229885578155518 -0.7181406021118164 -0.4590821862220764 
vn 0.5229885578155518 -0.7181406021118164 -0.4590821862220764 
vn -0.10097729414701462 -0.5013600587844849 -0.8593263030052185 
vn -0.10097729414701462 -0.5013600587844849 -0.8593263030052185 
vn -0.10097729414701462 -0.5013600587844849 -0.8593263030052185 
vn -0.10097729414701462 -0.5013600587844849 -0.8593263030052185 
vn 0.14113593101501465 0.9825217723846436 -0.12137353420257568 
vn 0.14113593101501465 0.9825217723846436 -0.12137353420257568 
vn 0.14113593101501465 0.9825217723846436 -0.12137353420257568 
vn 0.14113593101501465 0.9825217723846436 -0.12137353420257568 
vn 0.14113593101501465 0.9825217723846436 -0.12137353420257568 
vn 0.14113593101501465 0.9825217723846436 -0.12137353420257568 
vn 0.14113593101501465 0.9825217723846436 -0.12137353420257568 
vn 0.14113593101501465 0.9825217723846436 -0.12137353420257568 
vn 0.20379777252674103 0.9625295400619507 -0.1788947880268097 
vn 0.20379777252674103 0.9625295400619507 -0.1788947880268097 
vn 0.20379777252674103 0.9625295400619507 -0.1788947880268097 
vn 0.20379777252674103 0.9625295400619507 -0.1788947880268097 
vn 0.8375452756881714 -0.5090128183364868 0.19855207204818726 
vn 0.8375452756881714 -0.5090128183364868 0.19855207204818726 
vn 0.8375452756881714 -0.5090128183364868 0.19855207204818726 
vn 0.835192084312439 -0.5120603442192078 0.2006177008152008 
vn -0.838992714881897 0.5013594031333923 -0.21149234473705292 
vn -0.838992714881897 0.5013594031333923 -0.21149234473705292 
vn -0.838992714881897 0.5013594031333923 -0.21149234473705292 
vn -0.838992714881897 0.5013594031333923 -0.21149234473705292 
vn -0.5253417491912842 0.7150931358337402 0.46114781498908997 
vn -0.5253417491912842 0.7150931358337402 0.46114781498908997 
vn -0.5253417491912842 0.7150931358337402 0.46114781498908997 
vn -0.5253417491912842 0.7150931358337402 0.46114781498908997 
vn 0.06404560804367065 0.5682792067527771 -0.8203394412994385 
vn 0.06404560804367065 0.5682792067527771 -0.8203394412994385 
vn 0.06404560804367065 0.5682792067527771 -0.8203394412994385 
vn 0.06404560804367065 0.5682792067527771 -0.8203394412994385 
vn 0.6585195064544678 -0.0015232834266498685 0.7525619268417358 
vn 0.6585195064544678 -0.0015232834266498685 0.7525619268417358 
vn 0.6585195064544678 -0.0015232834266498685 0.7525619268417358 
vn 0.6585195064544678 -0.0015232834266498685 0.7525619268417358 
vn 0.6585195064544678 -0.0015232834266498685 0.7525619268417358 
vn 0.7836577296257019 0.24636535346508026 -0.5702496767044067 
vn 0.7185304760932922 0.24517092108726501 -0.6508496403694153 
vn 0.7836577296257019 0.24636535346508026 -0.5702496767044067 
vn 0.6923071146011353 0.2470105141401291 -0.6780093908309937 
vn 0.6234636306762695 0.2433786541223526 -0.7430074214935303 
vn 0.6234636306762695 0.2433786541223526 -0.7430074214935303 
vn -0.538561224937439 -0.6974651217460632 0.4727519452571869 
vn -0.538561224937439 -0.6974651217460632 0.4727519452571869 
vn -0.538561224937439 -0.6974651217460632 0.4727519452571869 
vn -0.538561224937439 -0.6974651217460632 0.4727519452571869 
vn -0.538561224937439 -0.6974651217460632 0.4727519452571869 
vn -0.538561224937439 -0.6974651217460632 0.4727519452571869 
vn -0.5253417491912842 0.7150931358337402 0.46114781498908997 
vn -0.5253417491912842 0.7150931358337402 0.46114781498908997 
vn -0.5253417491912842 0.7150931358337402 0.46114781498908997 
vn -0.5253417491912842 0.7150931358337402 0.46114781498908997 
vn 0.538561224937439 0.6974651217460632 -0.4727519452571869 
vn 0.538561224937439 0.6974651217460632 -0.4727519452571869 
vn 0.538561224937439 0.6974651217460632 -0.4727519452571869 
vn 0.538561224937439 0.6974651217460632 -0.4727519452571869 
vn 0.538561224937439 0.6974651217460632 -0.4727519452571869 
vn 0.538561224937439 0.6974651217460632 -0.4727519452571869 
vn 0.538561224937439 0.6974651217460632 -0.4727519452571869 
vn 0.538561224937439 0.6974651217460632 -0.4727519452571869 
vn 0.538561224937439 0.6974651217460632 -0.4727519452571869 
vn 0.538561224937439 0.6974651217460632 -0.4727519452571869 
vn 0.538561224937439 0.6974651217460632 -0.4727519452571869 
vn 0.538561224937439 0.6974651217460632 -0.4727519452571869 
vn 0.538561224937439 0.6974651217460632 -0.4727519452571869 
vn 0.538561224937439 0.6974651217460632 -0.4727519452571869 
vn 0.538561224937439 0.6974651217460632 -0.4727519452571869 
vn 0.538561224937439 0.6974651217460632 -0.4727519452571869 
vn -0.5253417491912842 0.7150931358337402 0.46114781498908997 
vn -0.5253417491912842 0.7150931358337402 0.46114781498908997 
vn -0.5253417491912842 0.7150931358337402 0.46114781498908997 
vn -0.5253417491912842 0.7150931358337402 0.46114781498908997 
vn -0.5253417491912842 0.7150931358337402 0.46114781498908997 
vn 0.35565608739852905 -0.6985924243927002 -0.6208679676055908 
vn 0.4925689995288849 -0.7174051403999329 -0.4926511347293854 
vn 0.35565608739852905 -0.6985924243927002 -0.6208679676055908 
vn 0.4769751727581024 -0.7164860963821411 -0.5090598464012146 
vn 0.5941987633705139 -0.7135476469993591 -0.37118303775787354 
vn 0.5941987633705139 -0.7135476469993591 -0.37118303775787354 
vn 0.14113593101501465 0.9825217723846436 -0.12137353420257568 
vn 0.14113593101501465 0.9825217723846436 -0.12137353420257568 
vn 0.14113593101501465 0.9825217723846436 -0.12137353420257568 
vn 0.14113593101501465 0.9825217723846436 -0.12137353420257568 
vn 0.14113593101501465 0.9825217723846436 -0.12137353420257568 
vn 0.14113593101501465 0.9825217723846436 -0.12137353420257568 
vn 0.14113593101501465 0.9825217723846436 -0.12137353420257568 
vn 0.14113593101501465 0.9825217723846436 -0.12137353420257568 
vn 0.8988330960273743 0.4327871799468994 -0.06924155354499817 
vn 0.8988330960273743 0.4327871799468994 -0.06924155354499817 
vn 0.8988330960273743 0.4327871799468994 -0.06924155354499817 
vn 0.8988330960273743 0.4327871799468994 -0.06924155354499817 
vn 0.7386104464530945 -0.6615013480186462 -0.12988321483135223 
vn 0.6248705387115479 -0.7082728743553162 -0.32845962047576904 
vn 0.7386104464530945 -0.6615013480186462 -0.12988321483135223 
vn 0.6577773690223694 -0.6998277306556702 -0.27851271629333496 
vn 0.5229885578155518 -0.7181406021118164 -0.4590821862220764 
vn 0.5229885578155518 -0.7181406021118164 -0.4590821862220764 
vn 0.6585195064544678 -0.0015232834266498685 0.7525619268417358 
vn 0.6585195064544678 -0.0015232834266498685 0.7525619268417358 
vn 0.6585195064544678 -0.0015232834266498685 0.7525619268417358 
vn 0.6585195064544678 -0.0015232834266498685 0.7525619268417358 
vn 0.6585195064544678 -0.0015232834266498685 0.7525619268417358 
vn 0.6608726382255554 0.0015242124209180474 0.7504963278770447 
vn 0.6608726382255554 0.0015242124209180474 0.7504963278770447 
vn 0.6608726382255554 0.0015242124209180474 0.7504963278770447 
vn 0.7431610226631165 0.1594579964876175 -0.649834394454956 
vn 0.7431610226631165 0.1594579964876175 -0.649834394454956 
vn 0.7431610226631165 0.1594579964876175 -0.649834394454956 
vn 0.7431610226631165 0.1594579964876175 -0.649834394454956 
vn 0.7431610226631165 0.1594579964876175 -0.649834394454956 
vn 0.7431610226631165 0.1594579964876175 -0.649834394454956 
vn 0.7431610226631165 0.1594579964876175 -0.649834394454956 
vn 0.7431610226631165 0.1594579964876175 -0.649834394454956 
vn 0.7185304760932922 0.24517092108726501 -0.6508496403694153 
vn 0.7236071825027466 0.2450481653213501 -0.6452473402023315 
vn 0.7185304760932922 0.24517092108726501 -0.6508496403694153 
vn 0.7236071825027466 0.2450481653213501 -0.6452473402023315 
vn 0.7286251783370972 0.2450072467327118 -0.6395911574363708 
vn 0.7286251783370972 0.2450072467327118 -0.6395911574363708 
vn 0.06008058786392212 0.5737000107765198 -0.8168589472770691 
vn 0.06008058786392212 0.5737000107765198 -0.8168589472770691 
vn 0.06008058786392212 0.5737000107765198 -0.8168589472770691 
vn 0.06008058786392212 0.5737000107765198 -0.8168589472770691 
vn -0.4634890854358673 0.7121526002883911 0.5272723436355591 
vn -0.4949221909046173 0.7143576145172119 0.4947167634963989 
vn -0.4634890854358673 0.7121526002883911 0.5272723436355591 
vn -0.4949221909046173 0.7143576145172119 0.4947167634963989 
vn -0.5253417491912842 0.7150931358337402 0.46114781498908997 
vn -0.5253417491912842 0.7150931358337402 0.46114781498908997 
vn -0.538561224937439 -0.6974651217460632 0.4727519452571869 
vn -0.538561224937439 -0.6974651217460632 0.4727519452571869 
vn -0.538561224937439 -0.6974651217460632 0.4727519452571869 
vn -0.538561224937439 -0.6974651217460632 0.4727519452571869 
vn -0.538561224937439 -0.6974651217460632 0.4727519452571869 
vn -0.538561224937439 -0.6974651217460632 0.4727519452571869 
vn -0.538561224937439 -0.6974651217460632 0.4727519452571869 
vn -0.538561224937439 -0.6974651217460632 0.4727519452571869 
vn 0.538561224937439 0.6974651217460632 -0.4727519452571869 
vn 0.538561224937439 0.6974651217460632 -0.4727519452571869 
vn 0.538561224937439 0.6974651217460632 -0.4727519452571869 
vn 0.538561224937439 0.6974651217460632 -0.4727519452571869 
vn 0.538561224937439 0.6974651217460632 -0.4727519452571869 
vn 0.5229885578155518 -0.7181406021118164 -0.4590821862220764 
vn 0.5229885578155518 -0.7181406021118164 -0.4590821862220764 
vn 0.5229885578155518 -0.7181406021118164 -0.4590821862220764 
vn 0.5229885578155518 -0.7181406021118164 -0.4590821862220764 
vn 0.5229885578155518 -0.7181406021118164 -0.4590821862220764 
vn 0.5229885578155518 -0.7181406021118164 -0.4590821862220764 
vn -0.6585195064544678 0.0015232834266498685 -0.7525619268417358 
vn -0.6608726382255554 -0.0015242124209180474 -0.7504963278770447 
vn -0.6585195064544678 0.0015232834266498685 -0.7525619268417358 
vn -0.6608726382255554 -0.0015242124209180474 -0.7504963278770447 
vn -0.6608726382255554 -0.0015242124209180474 -0.7504963278770447 
vn -0.6608726382255554 -0.0015242124209180474 -0.7504963278770447 
vn 0.6585195064544678 -0.0015232834266498685 0.7525619268417358 
vn 0.6585195064544678 -0.0015232834266498685 0.7525619268417358 
vn 0.6585195064544678 -0.0015232834266498685 0.7525619268417358 
vn 0.6585195064544678 -0.0015232834266498685 0.7525619268417358 
vn 0.6585195064544678 -0.0015232834266498685 0.7525619268417358 
vn 0.6608726382255554 0.0015242124209180474 0.7504963278770447 
vn 0.6608726382255554 0.0015242124209180474 0.7504963278770447 
vn 0.6585195064544678 -0.0015232834266498685 0.7525619268417358 
vn 0.538561224937439 0.6974651217460632 -0.4727519452571869 
vn 0.538561224937439 0.6974651217460632 -0.4727519452571869 
vn 0.538561224937439 0.6974651217460632 -0.4727519452571869 
vn 0.538561224937439 0.6974651217460632 -0.4727519452571869 
vn 0.538561224937439 0.6974651217460632 -0.4727519452571869 
vn 0.538561224937439 0.6974651217460632 -0.4727519452571869 
vn 0.538561224937439 0.6974651217460632 -0.4727519452571869 
vn 0.538561224937439 0.6974651217460632 -0.4727519452571869 
vn -0.538561224937439 -0.6974651217460632 0.4727519452571869 
vn -0.538561224937439 -0.6974651217460632 0.4727519452571869 
vn -0.538561224937439 -0.6974651217460632 0.4727519452571869 
vn -0.538561224937439 -0.6974651217460632 0.4727519452571869 
vn -0.538561224937439 -0.6974651217460632 0.4727519452571869 
vn -0.538561224937439 -0.6974651217460632 0.4727519452571869 
vn -0.538561224937439 -0.6974651217460632 0.4727519452571869 
vn -0.538561224937439 -0.6974651217460632 0.4727519452571869 
vn -0.538561224937439 -0.6974651217460632 0.4727519452571869 
vn -0.538561224937439 -0.6974651217460632 0.4727519452571869 
vn -0.538561224937439 -0.6974651217460632 0.4727519452571869 
vn -0.538561224937439 -0.6974651217460632 0.4727519452571869 
vn 0.16159404814243317 0.9609425067901611 -0.22467030584812164 
vn 0.1796281337738037 0.9615069627761841 -0.2079375833272934 
vn 0.16159404814243317 0.9609425067901611 -0.22467030584812164 
vn 0.1796281337738037 0.9615069627761841 -0.2079375833272934 
vn 0.19394248723983765 0.9623658657073975 -0.19036345183849335 
vn 0.19394248723983765 0.9623658657073975 -0.19036345183849335 
vn -0.8200826048851013 -0.24448181688785553 0.517390787601471 
vn -0.7456294298171997 -0.24550364911556244 0.619487464427948 
vn -0.8200826048851013 -0.24448181688785553 0.517390787601471 
vn -0.7360044121742249 -0.24509844183921814 0.6310501098632812 
vn -0.6497464179992676 -0.24548520147800446 0.7194209694862366 
vn -0.6497464179992676 -0.24548520147800446 0.7194209694862366 
vn 0.6608726382255554 0.0015242124209180474 0.7504963278770447 
vn 0.6608726382255554 0.0015242124209180474 0.7504963278770447 
vn 0.6608726382255554 0.0015242124209180474 0.7504963278770447 
vn 0.6608726382255554 0.0015242124209180474 0.7504963278770447 
vn 0.6608726382255554 0.0015242124209180474 0.7504963278770447 
vn 0.2825988233089447 0.3814772069454193 0.8801210522651672 
vn 0.2825988233089447 0.3814772069454193 0.8801210522651672 
vn 0.2825988233089447 0.3814772069454193 0.8801210522651672 
vn 0.2825988233089447 0.3814772069454193 0.8801210522651672 
vn 0.8360744118690491 -0.38147640228271484 0.3942771852016449 
vn 0.8360744118690491 -0.38147640228271484 0.3942771852016449 
vn 0.8360744118690491 -0.38147640228271484 0.3942771852016449 
vn 0.8360744118690491 -0.38147640228271484 0.3942771852016449 
vn 0.649771511554718 -0.7021792531013489 -0.29110226035118103 
vn 0.5571138262748718 -0.7171395421028137 -0.41872960329055786 
vn 0.649771511554718 -0.7021792531013489 -0.29110226035118103 
vn 0.5618637204170227 -0.7168331742286682 -0.4128665328025818 
vn 0.4558030068874359 -0.7146899700164795 -0.5305293202400208 
vn 0.4558030068874359 -0.7146899700164795 -0.5305293202400208 
vn 0.8193541765213013 0.24416019022464752 -0.518695056438446 
vn 0.7384804487228394 0.2451709359884262 -0.6281225085258484 
vn 0.8193541765213013 0.24416019022464752 -0.518695056438446 
vn 0.7433155179023743 0.24537548422813416 -0.622312605381012 
vn 0.6522077918052673 0.2449793666601181 -0.7173632979393005 
vn 0.6522077918052673 0.2449793666601181 -0.7173632979393005 
vn -0.5389115214347839 -0.2379956692457199 0.8080423474311829 
vn -0.6610949039459229 -0.2432621568441391 0.709772527217865 
vn -0.5389115214347839 -0.2379956692457199 0.8080423474311829 
vn -0.6610949039459229 -0.2432621568441391 0.709772527217865 
vn -0.7705024480819702 -0.24384650588035583 0.588952362537384 
vn -0.7705024480819702 -0.24384650588035583 0.588952362537384 
vn 0.5229885578155518 -0.7181406021118164 -0.4590821862220764 
vn 0.5253417491912842 -0.7150931358337402 -0.46114781498908997 
vn 0.5253417491912842 -0.7150931358337402 -0.46114781498908997 
vn 0.5253417491912842 -0.7150931358337402 -0.46114781498908997 
vn 0.4611359238624573 -0.7152000665664673 -0.5252066850662231 
vn 0.4925689995288849 -0.7174051403999329 -0.4926511347293854 
vn 0.4611359238624573 -0.7152000665664673 -0.5252066850662231 
vn 0.4925689995288849 -0.7174051403999329 -0.4926511347293854 
vn 0.5229885578155518 -0.7181406021118164 -0.4590821862220764 
vn 0.5229885578155518 -0.7181406021118164 -0.4590821862220764 
vn 0.6585195064544678 -0.0015232834266498685 0.7525619268417358 
vn 0.6585195064544678 -0.0015232834266498685 0.7525619268417358 
vn 0.6585195064544678 -0.0015232834266498685 0.7525619268417358 
vn 0.6585195064544678 -0.0015232834266498685 0.7525619268417358 
vn 0.6585195064544678 -0.0015232834266498685 0.7525619268417358 
vn 0.835192084312439 -0.5120603442192078 0.2006177008152008 
vn 0.835192084312439 -0.5120603442192078 0.2006177008152008 
vn 0.835192084312439 -0.5120603442192078 0.2006177008152008 
vn 0.835192084312439 -0.5120603442192078 0.2006177008152008 
vn 0.538561224937439 0.6974651217460632 -0.4727519452571869 
vn 0.538561224937439 0.6974651217460632 -0.4727519452571869 
vn 0.538561224937439 0.6974651217460632 -0.4727519452571869 
vn 0.538561224937439 0.6974651217460632 -0.4727519452571869 
vn 0.538561224937439 0.6974651217460632 -0.4727519452571869 
vn 0.538561224937439 0.6974651217460632 -0.4727519452571869 
vn 0.538561224937439 0.6974651217460632 -0.4727519452571869 
vn -0.7211125493049622 -0.24509842693805695 0.6480150818824768 
vn -0.7261356115341187 -0.245017409324646 0.6424123048782349 
vn -0.7211125493049622 -0.24509842693805695 0.6480150818824768 
vn -0.7261356115341187 -0.245017409324646 0.6424123048782349 
vn -0.7310999035835266 -0.245017409324646 0.6367568969726562 
vn -0.7310999035835266 -0.245017409324646 0.6367568969726562 
vn -0.5153183937072754 0.7150113582611084 0.47244584560394287 
vn -0.512965202331543 0.7180588841438293 0.4703802168369293 
vn -0.5179917216300964 0.7181202173233032 0.464744508266449 
vn -0.5179917216300964 0.7181202173233032 0.464744508266449 
vn -0.5229885578155518 0.7181406021118164 0.4590821862220764 
vn -0.5229885578155518 0.7181406021118164 0.4590821862220764 
vn -0.5229885578155518 0.7181406021118164 0.4590821862220764 
vn -0.5253417491912842 0.7150931358337402 0.46114781498908997 
vn -0.5253417491912842 0.7150931358337402 0.46114781498908997 
vn -0.5253417491912842 0.7150931358337402 0.46114781498908997 
vn -0.5253417491912842 0.7150931358337402 0.46114781498908997 
vn -0.5253417491912842 0.7150931358337402 0.46114781498908997 
vn -0.5253417491912842 0.7150931358337402 0.46114781498908997 
vn -0.5253417491912842 0.7150931358337402 0.46114781498908997 
vn -0.6608726382255554 -0.0015242124209180474 -0.7504963278770447 
vn -0.6608726382255554 -0.0015242124209180474 -0.7504963278770447 
vn -0.6608726382255554 -0.0015242124209180474 -0.7504963278770447 
vn -0.6608726382255554 -0.0015242124209180474 -0.7504963278770447 
vn 0.538561224937439 0.6974651217460632 -0.4727519452571869 
vn 0.538561224937439 0.6974651217460632 -0.4727519452571869 
vn 0.538561224937439 0.6974651217460632 -0.4727519452571869 
vn 0.538561224937439 0.6974651217460632 -0.4727519452571869 
vn -0.6608726382255554 -0.0015242124209180474 -0.7504963278770447 
vn -0.6608726382255554 -0.0015242124209180474 -0.7504963278770447 
vn -0.6608726382255554 -0.0015242124209180474 -0.7504963278770447 
vn -0.6608726382255554 -0.0015242124209180474 -0.7504963278770447 
vn 0.23063406348228455 -0.6635915637016296 -0.7116557359695435 
vn 0.3728560507297516 -0.702179491519928 -0.6065657734870911 
vn 0.23063406348228455 -0.6635915637016296 -0.7116557359695435 
vn 0.3954891264438629 -0.7064024209976196 -0.5870123505592346 
vn 0.5229885578155518 -0.7181406021118164 -0.4590821862220764 
vn 0.5229885578155518 -0.7181406021118164 -0.4590821862220764 
vn 0.6869028806686401 0.247623011469841 -0.683262288570404 
vn 0.7029596567153931 0.246029794216156 -0.6673208475112915 
vn 0.6869028806686401 0.247623011469841 -0.683262288570404 
vn 0.7029596567153931 0.246029794216156 -0.6673208475112915 
vn 0.7185304760932922 0.24517092108726501 -0.6508496403694153 
vn 0.7185304760932922 0.24517092108726501 -0.6508496403694153 
vn 0.26708900928497314 -0.6753338575363159 -0.6874499320983887 
vn 0.423269122838974 -0.7107763886451721 -0.5618182420730591 
vn 0.26708900928497314 -0.6753338575363159 -0.6874499320983887 
vn 0.4287537932395935 -0.7115300297737122 -0.5566819310188293 
vn 0.5665814876556396 -0.7164860367774963 -0.40697988867759705 
vn 0.5665814876556396 -0.7164860367774963 -0.40697988867759705 
vn -0.6608726382255554 -0.0015242124209180474 -0.7504963278770447 
vn -0.6608726382255554 -0.0015242124209180474 -0.7504963278770447 
vn -0.6608726382255554 -0.0015242124209180474 -0.7504963278770447 
vn -0.6608726382255554 -0.0015242124209180474 -0.7504963278770447 
vn -0.689805269241333 -0.2472846806049347 0.6804550290107727 
vn -0.7057023644447327 -0.24582767486572266 0.664494514465332 
vn -0.689805269241333 -0.2472846806049347 0.6804550290107727 
vn -0.7004558444023132 -0.24623259902000427 0.6698739528656006 
vn -0.7160318493843079 -0.24526052176952362 0.6535638570785522 
vn -0.7160318493843079 -0.24526052176952362 0.6535638570785522 
vn -0.2694421708583832 0.6722863912582397 0.6895155906677246 
vn -0.4287537932395935 0.7115300297737122 0.5566819310188293 
vn -0.26708900928497314 0.6753338575363159 0.6874499320983887 
vn -0.423269122838974 0.7107763886451721 0.5618182420730591 
vn -0.5665814876556396 0.7164860367774963 0.40697988867759705 
vn -0.5689346790313721 0.7134385108947754 0.4090455174446106 
vn -0.538561224937439 -0.6974651217460632 0.4727519452571869 
vn -0.538561224937439 -0.6974651217460632 0.4727519452571869 
vn -0.538561224937439 -0.6974651217460632 0.4727519452571869 
vn -0.538561224937439 -0.6974651217460632 0.4727519452571869 
vn -0.538561224937439 -0.6974651217460632 0.4727519452571869 
vn -0.538561224937439 -0.6974651217460632 0.4727519452571869 
vn -0.538561224937439 -0.6974651217460632 0.4727519452571869 
vn -0.8366395235061646 0.5044069290161133 -0.21355797350406647 
vn -0.8366395235061646 0.5044069290161133 -0.21355797350406647 
vn -0.8366395235061646 0.5044069290161133 -0.21355797350406647 
vn -0.8366395235061646 0.5044069290161133 -0.21355797350406647 
vn 0.5783492922782898 0.2403072714805603 -0.7795925736427307 
vn 0.6753602623939514 0.24503019452095032 -0.6955924034118652 
vn 0.5783492922782898 0.2403072714805603 -0.7795925736427307 
vn 0.6464619636535645 0.24618026614189148 -0.7221372723579407 
vn 0.7286251783370972 0.2450072467327118 -0.6395911574363708 
vn 0.7286251783370972 0.2450072467327118 -0.6395911574363708 
vn 0.538561224937439 0.6974651217460632 -0.4727519452571869 
vn 0.538561224937439 0.6974651217460632 -0.4727519452571869 
vn 0.538561224937439 0.6974651217460632 -0.4727519452571869 
vn 0.538561224937439 0.6974651217460632 -0.4727519452571869 
vn 0.538561224937439 0.6974651217460632 -0.4727519452571869 
vn 0.538561224937439 0.6974651217460632 -0.4727519452571869 
vn 0.538561224937439 0.6974651217460632 -0.4727519452571869 
vn 0.538561224937439 0.6974651217460632 -0.4727519452571869 
vn 0.538561224937439 0.6974651217460632 -0.4727519452571869 
vn 0.538561224937439 0.6974651217460632 -0.4727519452571869 
vn 0.538561224937439 0.6974651217460632 -0.4727519452571869 
vn 0.538561224937439 0.6974651217460632 -0.4727519452571869 
vn -0.7225524187088013 0.0902242586016655 -0.6854029297828674 
vn -0.6608726382255554 -0.0015242124209180474 -0.7504963278770447 
vn -0.7225524187088013 0.0902242586016655 -0.6854029297828674 
vn -0.6608726382255554 -0.0015242124209180474 -0.7504963278770447 
vn -0.5883346796035767 -0.09327267110347748 -0.8032199740409851 
vn -0.5883346796035767 -0.09327267110347748 -0.8032199740409851 
vn 0.48141124844551086 0.23287926614284515 -0.8449914455413818 
vn 0.6579118371009827 0.24385732412338257 -0.7125205993652344 
vn 0.48141124844551086 0.23287926614284515 -0.8449914455413818 
vn 0.6579118371009827 0.24385732412338257 -0.7125205993652344 
vn 0.8044490814208984 0.2430882304906845 -0.5420053005218506 
vn 0.8044490814208984 0.2430882304906845 -0.5420053005218506 
vn 0.09068692475557327 0.5120609998703003 0.8541483879089355 
vn 0.09068692475557327 0.5120609998703003 0.8541483879089355 
vn 0.09068692475557327 0.5120609998703003 0.8541483879089355 
vn 0.09068692475557327 0.5120609998703003 0.8541483879089355 
vn 0.5229885578155518 -0.7181406021118164 -0.4590821862220764 
vn 0.5229885578155518 -0.7181406021118164 -0.4590821862220764 
vn 0.5229885578155518 -0.7181406021118164 -0.4590821862220764 
vn 0.5229885578155518 -0.7181406021118164 -0.4590821862220764 
vn -0.09701143205165863 -0.5082487463951111 -0.8557289838790894 
vn -0.09701143205165863 -0.5082487463951111 -0.8557289838790894 
vn -0.09701143205165863 -0.5082487463951111 -0.8557289838790894 
vn -0.09701143205165863 -0.5082487463951111 -0.8557289838790894 
vn 0.538561224937439 0.6974651217460632 -0.4727519452571869 
vn 0.538561224937439 0.6974651217460632 -0.4727519452571869 
vn 0.538561224937439 0.6974651217460632 -0.4727519452571869 
vn 0.538561224937439 0.6974651217460632 -0.4727519452571869 
vn -0.3580092787742615 0.6955448985099792 0.622933566570282 
vn -0.47932836413383484 0.7134386301040649 0.5111254453659058 
vn -0.3580092787742615 0.6955448985099792 0.622933566570282 
vn -0.4949221909046173 0.7143576145172119 0.4947167634963989 
vn -0.5965519547462463 0.7105001211166382 0.3732486665248871 
vn -0.5965519547462463 0.7105001211166382 0.3732486665248871 
vn 0.14003510773181915 0.958573579788208 -0.2480458766222 
vn 0.17498598992824554 0.9610573649406433 -0.2138892561197281 
vn 0.14003510773181915 0.958573579788208 -0.2480458766222 
vn 0.17498598992824554 0.9610573649406433 -0.2138892561197281 
vn 0.2088157683610916 0.9624886512756348 -0.1732386350631714 
vn 0.2088157683610916 0.9624886512756348 -0.1732386350631714 
vn 0.08833374083042145 0.5090134739875793 0.8562140464782715 
vn 0.08833374083042145 0.5090134739875793 0.8562140464782715 
vn 0.08833374083042145 0.5090134739875793 0.8562140464782715 
vn 0.08833374083042145 0.5090134739875793 0.8562140464782715 
vn -0.538561224937439 -0.6974651217460632 0.4727519452571869 
vn -0.538561224937439 -0.6974651217460632 0.4727519452571869 
vn -0.538561224937439 -0.6974651217460632 0.4727519452571869 
vn -0.538561224937439 -0.6974651217460632 0.4727519452571869 
vn -0.7386104464530945 0.6615013480186462 0.12988321483135223 
vn -0.6577773690223694 0.6998277306556702 0.27851271629333496 
vn -0.7386104464530945 0.6615013480186462 0.12988321483135223 
vn -0.6272236704826355 0.7052253484725952 0.3305252492427826 
vn -0.5253417491912842 0.7150931358337402 0.46114781498908997 
vn -0.5253417491912842 0.7150931358337402 0.46114781498908997 
vn -0.31127169728279114 0.6842359900474548 0.6594927906990051 
vn -0.31127169728279114 0.6842359900474548 0.6594927906990051 
vn -0.3580092787742615 0.6955448985099792 0.622933566570282 
vn -0.36949679255485535 0.6979761719703674 0.613433837890625 
vn -0.41458073258399963 0.706100344657898 0.5740598440170288 
vn -0.538561224937439 -0.6974651217460632 0.4727519452571869 
vn -0.538561224937439 -0.6974651217460632 0.4727519452571869 
vn -0.538561224937439 -0.6974651217460632 0.4727519452571869 
vn -0.538561224937439 -0.6974651217460632 0.4727519452571869 
vn 0.8359397053718567 -0.5082480907440186 0.2070937156677246 
vn 0.8359397053718567 -0.5082480907440186 0.2070937156677246 
vn 0.8359397053718567 -0.5082480907440186 0.2070937156677246 
vn 0.8359397053718567 -0.5082480907440186 0.2070937156677246 
vn 0.08833374083042145 0.5090134739875793 0.8562140464782715 
vn 0.08833374083042145 0.5090134739875793 0.8562140464782715 
vn 0.08833374083042145 0.5090134739875793 0.8562140464782715 
vn 0.08833374083042145 0.5090134739875793 0.8562140464782715 
vn 0.4303801655769348 0.8961965441703796 0.10772603750228882 
vn 0.3377259373664856 0.9410340189933777 -0.019908800721168518 
vn 0.4303801655769348 0.8961965441703796 0.10772603750228882 
vn 0.31682777404785156 0.9474634528160095 -0.043969616293907166 
vn 0.2088157683610916 0.9624886512756348 -0.1732386350631714 
vn 0.2088157683610916 0.9624886512756348 -0.1732386350631714 
vn 0.0946582481265068 0.5052012205123901 0.8577945828437805 
vn 0.09701143205165863 0.5082487463951111 0.8557289838790894 
vn 0.09701143205165863 0.5082487463951111 0.8557289838790894 
vn 0.09701143205165863 0.5082487463951111 0.8557289838790894 
vn 0.31127169728279114 -0.6842359900474548 -0.6594927906990051 
vn 0.3580092787742615 -0.6955448985099792 -0.622933566570282 
vn 0.31127169728279114 -0.6842359900474548 -0.6594927906990051 
vn 0.36949679255485535 -0.6979761719703674 -0.613433837890625 
vn 0.41458073258399963 -0.706100344657898 -0.5740598440170288 
vn 0.4122275412082672 -0.7091478109359741 -0.5719942450523376 
vn -0.4322112500667572 -0.8952344655990601 -0.1083926111459732 
vn -0.4322112500667572 -0.8952344655990601 -0.1083926111459732 
vn -0.33694297075271606 -0.9413040280342102 0.0204023327678442 
vn -0.31199944019317627 -0.9489017724990845 0.0473480224609375 
vn -0.20628736913204193 -0.9625194072723389 0.1760736107826233 
vn -0.538561224937439 -0.6974651217460632 0.4727519452571869 
vn -0.538561224937439 -0.6974651217460632 0.4727519452571869 
vn -0.538561224937439 -0.6974651217460632 0.4727519452571869 
vn -0.538561224937439 -0.6974651217460632 0.4727519452571869 
vn -0.838992714881897 0.5013594031333923 -0.21149234473705292 
vn -0.838992714881897 0.5013594031333923 -0.21149234473705292 
vn -0.838992714881897 0.5013594031333923 -0.21149234473705292 
vn -0.838992714881897 0.5013594031333923 -0.21149234473705292 
vn 0.09068692475557327 0.5120609998703003 0.8541483879089355 
vn 0.08833374083042145 0.5090134739875793 0.8562140464782715 
vn 0.09068692475557327 0.5120609998703003 0.8541483879089355 
vn 0.08833374083042145 0.5090134739875793 0.8562140464782715 
vn -0.838992714881897 0.5013594031333923 -0.21149234473705292 
vn -0.838992714881897 0.5013594031333923 -0.21149234473705292 
vn -0.838992714881897 0.5013594031333923 -0.21149234473705292 
vn -0.838992714881897 0.5013594031333923 -0.21149234473705292 
vn 0.08833374083042145 0.5090134739875793 0.8562140464782715 
vn 0.08833374083042145 0.5090134739875793 0.8562140464782715 
vn 0.08833374083042145 0.5090134739875793 0.8562140464782715 
vn 0.08833374083042145 0.5090134739875793 0.8562140464782715 
vn 0.538561224937439 0.6974651217460632 -0.4727519452571869 
vn 0.538561224937439 0.6974651217460632 -0.4727519452571869 
vn 0.538561224937439 0.6974651217460632 -0.4727519452571869 
vn 0.538561224937439 0.6974651217460632 -0.4727519452571869 
vn -0.838992714881897 0.5013594031333923 -0.21149234473705292 
vn -0.8366395235061646 0.5044069290161133 -0.21355797350406647 
vn -0.8366395235061646 0.5044069290161133 -0.21355797350406647 
vn -0.8366395235061646 0.5044069290161133 -0.21355797350406647 
vn 0.538561224937439 0.6974651217460632 -0.4727519452571869 
vn 0.538561224937439 0.6974651217460632 -0.4727519452571869 
vn 0.538561224937439 0.6974651217460632 -0.4727519452571869 
vn 0.538561224937439 0.6974651217460632 -0.4727519452571869 
vn 0.5224441885948181 -0.7140175104141235 0.4660796821117401 
vn 0.5224441885948181 -0.7140175104141235 0.4660796821117401 
vn 0.5224441885948181 -0.7140175104141235 0.4660796821117401 
vn 0.5224441885948181 -0.7140175104141235 0.4660796821117401 
vn 0.8359397053718567 -0.5082480907440186 0.2070937156677246 
vn 0.8359397053718567 -0.5082480907440186 0.2070937156677246 
vn 0.8359397053718567 -0.5082480907440186 0.2070937156677246 
vn 0.8382928967475891 -0.5052005648612976 0.20502808690071106 
vn 0.09068692475557327 0.5120609998703003 0.8541483879089355 
vn 0.09068692475557327 0.5120609998703003 0.8541483879089355 
vn 0.09068692475557327 0.5120609998703003 0.8541483879089355 
vn 0.08833374083042145 0.5090134739875793 0.8562140464782715 
vn 0.2802456319332123 0.37842971086502075 0.8821867108345032 
vn 0.2802456319332123 0.37842971086502075 0.8821867108345032 
vn 0.2802456319332123 0.37842971086502075 0.8821867108345032 
vn 0.2802456319332123 0.37842971086502075 0.8821867108345032 
vn 0.538561224937439 0.6974651217460632 -0.4727519452571869 
vn 0.538561224937439 0.6974651217460632 -0.4727519452571869 
vn 0.538561224937439 0.6974651217460632 -0.4727519452571869 
vn 0.538561224937439 0.6974651217460632 -0.4727519452571869 
vn 0.538561224937439 0.6974651217460632 -0.4727519452571869 
vn 0.538561224937439 0.6974651217460632 -0.4727519452571869 
vn 0.08833374083042145 0.5090134739875793 0.8562140464782715 
vn 0.08833374083042145 0.5090134739875793 0.8562140464782715 
vn 0.08833374083042145 0.5090134739875793 0.8562140464782715 
vn 0.08833374083042145 0.5090134739875793 0.8562140464782715 
vn 0.8359397053718567 -0.5082480907440186 0.2070937156677246 
vn 0.8359397053718567 -0.5082480907440186 0.2070937156677246 
vn 0.8359397053718567 -0.5082480907440186 0.2070937156677246 
vn 0.8359397053718567 -0.5082480907440186 0.2070937156677246 
vn 0.8359397053718567 -0.5082480907440186 0.2070937156677246 
vn 0.8382928967475891 -0.5052005648612976 0.20502808690071106 
vn 0.8382928967475891 -0.5052005648612976 0.20502808690071106 
vn 0.8382928967475891 -0.5052005648612976 0.20502808690071106 
vn 0.538561224937439 0.6974651217460632 -0.4727519452571869 
vn 0.538561224937439 0.6974651217460632 -0.4727519452571869 
vn 0.538561224937439 0.6974651217460632 -0.4727519452571869 
vn 0.538561224937439 0.6974651217460632 -0.4727519452571869 
vn -0.10097729414701462 -0.5013600587844849 -0.8593263030052185 
vn -0.10097729414701462 -0.5013600587844849 -0.8593263030052185 
vn -0.10097729414701462 -0.5013600587844849 -0.8593263030052185 
vn -0.10333047062158585 -0.5044075846672058 -0.8572606444358826 
vn -0.838992714881897 0.5013594031333923 -0.21149234473705292 
vn -0.838992714881897 0.5013594031333923 -0.21149234473705292 
vn -0.838992714881897 0.5013594031333923 -0.21149234473705292 
vn -0.838992714881897 0.5013594031333923 -0.21149234473705292 
vn 0.538561224937439 0.6974651217460632 -0.4727519452571869 
vn 0.538561224937439 0.6974651217460632 -0.4727519452571869 
vn 0.538561224937439 0.6974651217460632 -0.4727519452571869 
vn 0.538561224937439 0.6974651217460632 -0.4727519452571869 
vn 0.538561224937439 0.6974651217460632 -0.4727519452571869 
vn 0.835192084312439 -0.5120603442192078 0.2006177008152008 
vn 0.835192084312439 -0.5120603442192078 0.2006177008152008 
vn 0.835192084312439 -0.5120603442192078 0.2006177008152008 
vn 0.835192084312439 -0.5120603442192078 0.2006177008152008 
vn -0.538561224937439 -0.6974651217460632 0.4727519452571869 
vn -0.538561224937439 -0.6974651217460632 0.4727519452571869 
vn -0.538561224937439 -0.6974651217460632 0.4727519452571869 
vn -0.538561224937439 -0.6974651217460632 0.4727519452571869 
vn 0.0946582481265068 0.5052012205123901 0.8577945828437805 
vn 0.0946582481265068 0.5052012205123901 0.8577945828437805 
vn 0.0946582481265068 0.5052012205123901 0.8577945828437805 
vn 0.0946582481265068 0.5052012205123901 0.8577945828437805 
vn 0.09068692475557327 0.5120609998703003 0.8541483879089355 
vn 0.09068692475557327 0.5120609998703003 0.8541483879089355 
vn 0.08833374083042145 0.5090134739875793 0.8562140464782715 
vn 0.08833374083042145 0.5090134739875793 0.8562140464782715 
vn 0.8359397053718567 -0.5082480907440186 0.2070937156677246 
vn 0.8359397053718567 -0.5082480907440186 0.2070937156677246 
vn 0.8359397053718567 -0.5082480907440186 0.2070937156677246 
vn 0.8382928967475891 -0.5052005648612976 0.20502808690071106 
vn -0.8366395235061646 0.5044069290161133 -0.21355797350406647 
vn -0.8366395235061646 0.5044069290161133 -0.21355797350406647 
vn -0.8366395235061646 0.5044069290161133 -0.21355797350406647 
vn -0.8366395235061646 0.5044069290161133 -0.21355797350406647 
vn 0.6585195064544678 -0.0015232834266498685 0.7525619268417358 
vn 0.6585195064544678 -0.0015232834266498685 0.7525619268417358 
vn 0.6585195064544678 -0.0015232834266498685 0.7525619268417358 
vn 0.6585195064544678 -0.0015232834266498685 0.7525619268417358 
vn 0.6585195064544678 -0.0015232834266498685 0.7525619268417358 
vn 0.6585195064544678 -0.0015232834266498685 0.7525619268417358 
vn 0.538561224937439 0.6974651217460632 -0.4727519452571869 
vn 0.538561224937439 0.6974651217460632 -0.4727519452571869 
vn 0.538561224937439 0.6974651217460632 -0.4727519452571869 
vn 0.538561224937439 0.6974651217460632 -0.4727519452571869 
vn -0.6608726382255554 -0.0015242124209180474 -0.7504963278770447 
vn -0.6608726382255554 -0.0015242124209180474 -0.7504963278770447 
vn -0.6608726382255554 -0.0015242124209180474 -0.7504963278770447 
vn -0.6608726382255554 -0.0015242124209180474 -0.7504963278770447 
vn -0.538561224937439 -0.6974651217460632 0.4727519452571869 
vn -0.538561224937439 -0.6974651217460632 0.4727519452571869 
vn -0.538561224937439 -0.6974651217460632 0.4727519452571869 
vn -0.538561224937439 -0.6974651217460632 0.4727519452571869 
vn -0.538561224937439 -0.6974651217460632 0.4727519452571869 
vn -0.538561224937439 -0.6974651217460632 0.4727519452571869 
vn -0.538561224937439 -0.6974651217460632 0.4727519452571869 
vn -0.538561224937439 -0.6974651217460632 0.4727519452571869 
vn -0.10097729414701462 -0.5013600587844849 -0.8593263030052185 
vn -0.10097729414701462 -0.5013600587844849 -0.8593263030052185 
vn -0.10097729414701462 -0.5013600587844849 -0.8593263030052185 
vn -0.10097729414701462 -0.5013600587844849 -0.8593263030052185 
vn 0.09701143205165863 0.5082487463951111 0.8557289838790894 
vn 0.09701143205165863 0.5082487463951111 0.8557289838790894 
vn 0.09701143205165863 0.5082487463951111 0.8557289838790894 
vn 0.0946582481265068 0.5052012205123901 0.8577945828437805 
vn 0.08833374083042145 0.5090134739875793 0.8562140464782715 
vn 0.08833374083042145 0.5090134739875793 0.8562140464782715 
vn 0.08833374083042145 0.5090134739875793 0.8562140464782715 
vn 0.08833374083042145 0.5090134739875793 0.8562140464782715 
vn 0.8382928967475891 -0.5052005648612976 0.20502808690071106 
vn 0.8382928967475891 -0.5052005648612976 0.20502808690071106 
vn 0.8382928967475891 -0.5052005648612976 0.20502808690071106 
vn 0.8359397053718567 -0.5082480907440186 0.2070937156677246 
vn -0.0946582481265068 -0.5052012205123901 -0.8577945828437805 
vn -0.0946582481265068 -0.5052012205123901 -0.8577945828437805 
vn -0.0946582481265068 -0.5052012205123901 -0.8577945828437805 
vn -0.09701143205165863 -0.5082487463951111 -0.8557289838790894 
vn -0.838992714881897 0.5013594031333923 -0.21149234473705292 
vn -0.8366395235061646 0.5044069290161133 -0.21355797350406647 
vn -0.8366395235061646 0.5044069290161133 -0.21355797350406647 
vn -0.8366395235061646 0.5044069290161133 -0.21355797350406647 
vn 0.538561224937439 0.6974651217460632 -0.4727519452571869 
vn 0.538561224937439 0.6974651217460632 -0.4727519452571869 
vn 0.538561224937439 0.6974651217460632 -0.4727519452571869 
vn 0.538561224937439 0.6974651217460632 -0.4727519452571869 
vn 0.538561224937439 0.6974651217460632 -0.4727519452571869 
vn 0.538561224937439 0.6974651217460632 -0.4727519452571869 
vn 0.538561224937439 0.6974651217460632 -0.4727519452571869 
vn 0.538561224937439 0.6974651217460632 -0.4727519452571869 
vn 0.08833374083042145 0.5090134739875793 0.8562140464782715 
vn 0.08833374083042145 0.5090134739875793 0.8562140464782715 
vn 0.08833374083042145 0.5090134739875793 0.8562140464782715 
vn 0.08833374083042145 0.5090134739875793 0.8562140464782715 
vn -0.538561224937439 -0.6974651217460632 0.4727519452571869 
vn -0.538561224937439 -0.6974651217460632 0.4727519452571869 
vn -0.538561224937439 -0.6974651217460632 0.4727519452571869 
vn -0.538561224937439 -0.6974651217460632 0.4727519452571869 
vn 0.09068692475557327 0.5120609998703003 0.8541483879089355 
vn 0.09068692475557327 0.5120609998703003 0.8541483879089355 
vn 0.09068692475557327 0.5120609998703003 0.8541483879089355 
vn 0.08833374083042145 0.5090134739875793 0.8562140464782715 
vn -0.538561224937439 -0.6974651217460632 0.4727519452571869 
vn -0.538561224937439 -0.6974651217460632 0.4727519452571869 
vn -0.538561224937439 -0.6974651217460632 0.4727519452571869 
vn -0.538561224937439 -0.6974651217460632 0.4727519452571869 
vn 0.8359397053718567 -0.5082480907440186 0.2070937156677246 
vn 0.8382928967475891 -0.5052005648612976 0.20502808690071106 
vn 0.8382928967475891 -0.5052005648612976 0.20502808690071106 
vn 0.8382928967475891 -0.5052005648612976 0.20502808690071106 
vn -0.8217129707336426 -0.5682910680770874 -0.04281580448150635 
vn -0.8217129707336426 -0.5682910680770874 -0.04281580448150635 
vn -0.8217129707336426 -0.5682910680770874 -0.04281580448150635 
vn -0.8217129707336426 -0.5682910680770874 -0.04281580448150635 
vn 0.0946582481265068 0.5052012205123901 0.8577945828437805 
vn 0.0946582481265068 0.5052012205123901 0.8577945828437805 
vn 0.0946582481265068 0.5052012205123901 0.8577945828437805 
vn 0.0946582481265068 0.5052012205123901 0.8577945828437805 
vn -0.8366395235061646 0.5044069290161133 -0.21355797350406647 
vn -0.8366395235061646 0.5044069290161133 -0.21355797350406647 
vn -0.8366395235061646 0.5044069290161133 -0.21355797350406647 
vn -0.8366395235061646 0.5044069290161133 -0.21355797350406647 
vn -0.538561224937439 -0.6974651217460632 0.4727519452571869 
vn -0.538561224937439 -0.6974651217460632 0.4727519452571869 
vn -0.538561224937439 -0.6974651217460632 0.4727519452571869 
vn -0.538561224937439 -0.6974651217460632 0.4727519452571869 
vn 0.795904278755188 0.6046434044837952 0.030707981437444687 
vn 0.795904278755188 0.6046434044837952 0.030707981437444687 
vn 0.795904278755188 0.6046434044837952 0.030707981437444687 
vn 0.795904278755188 0.6046434044837952 0.030707981437444687 
vn 0.835192084312439 -0.5120603442192078 0.2006177008152008 
vn 0.835192084312439 -0.5120603442192078 0.2006177008152008 
vn 0.835192084312439 -0.5120603442192078 0.2006177008152008 
vn 0.835192084312439 -0.5120603442192078 0.2006177008152008 
vn -0.538561224937439 -0.6974651217460632 0.4727519452571869 
vn -0.538561224937439 -0.6974651217460632 0.4727519452571869 
vn -0.538561224937439 -0.6974651217460632 0.4727519452571869 
vn -0.538561224937439 -0.6974651217460632 0.4727519452571869 
vn 0.8359397053718567 -0.5082480907440186 0.2070937156677246 
vn 0.8359397053718567 -0.5082480907440186 0.2070937156677246 
vn 0.8359397053718567 -0.5082480907440186 0.2070937156677246 
vn 0.8359397053718567 -0.5082480907440186 0.2070937156677246 
vn 0.08833374083042145 0.5090134739875793 0.8562140464782715 
vn 0.08833374083042145 0.5090134739875793 0.8562140464782715 
vn 0.08833374083042145 0.5090134739875793 0.8562140464782715 
vn 0.08833374083042145 0.5090134739875793 0.8562140464782715 
vn -0.538561224937439 -0.6974651217460632 0.4727519452571869 
vn -0.538561224937439 -0.6974651217460632 0.4727519452571869 
vn -0.538561224937439 -0.6974651217460632 0.4727519452571869 
vn -0.538561224937439 -0.6974651217460632 0.4727519452571869 
vn -0.538561224937439 -0.6974651217460632 0.4727519452571869 
vn -0.538561224937439 -0.6974651217460632 0.4727519452571869 
vn -0.538561224937439 -0.6974651217460632 0.4727519452571869 
vn -0.538561224937439 -0.6974651217460632 0.4727519452571869 
vn 0.8359397053718567 -0.5082480907440186 0.2070937156677246 
vn 0.8359397053718567 -0.5082480907440186 0.2070937156677246 
vn 0.8359397053718567 -0.5082480907440186 0.2070937156677246 
vn 0.8359397053718567 -0.5082480907440186 0.2070937156677246 
vn 0.6585195064544678 -0.0015232834266498685 0.7525619268417358 
vn 0.6585195064544678 -0.0015232834266498685 0.7525619268417358 
vn 0.6585195064544678 -0.0015232834266498685 0.7525619268417358 
vn 0.6585195064544678 -0.0015232834266498685 0.7525619268417358 
vn 0.6585195064544678 -0.0015232834266498685 0.7525619268417358 
vn -0.538561224937439 -0.6974651217460632 0.4727519452571869 
vn -0.538561224937439 -0.6974651217460632 0.4727519452571869 
vn -0.538561224937439 -0.6974651217460632 0.4727519452571869 
vn -0.538561224937439 -0.6974651217460632 0.4727519452571869 
vn -0.838992714881897 0.5013594031333923 -0.21149234473705292 
vn -0.838992714881897 0.5013594031333923 -0.21149234473705292 
vn -0.838992714881897 0.5013594031333923 -0.21149234473705292 
vn -0.838992714881897 0.5013594031333923 -0.21149234473705292 
vn 0.08833374083042145 0.5090134739875793 0.8562140464782715 
vn 0.08833374083042145 0.5090134739875793 0.8562140464782715 
vn 0.08833374083042145 0.5090134739875793 0.8562140464782715 
vn 0.08833374083042145 0.5090134739875793 0.8562140464782715 
vn 0.538561224937439 0.6974651217460632 -0.4727519452571869 
vn 0.538561224937439 0.6974651217460632 -0.4727519452571869 
vn 0.538561224937439 0.6974651217460632 -0.4727519452571869 
vn 0.538561224937439 0.6974651217460632 -0.4727519452571869 
vn 0.6585195064544678 -0.0015232834266498685 0.7525619268417358 
vn 0.6585195064544678 -0.0015232834266498685 0.7525619268417358 
vn 0.6585195064544678 -0.0015232834266498685 0.7525619268417358 
vn 0.6585195064544678 -0.0015232834266498685 0.7525619268417358 
vn 0.6585195064544678 -0.0015232834266498685 0.7525619268417358 
vn 0.538561224937439 0.6974651217460632 -0.4727519452571869 
vn 0.538561224937439 0.6974651217460632 -0.4727519452571869 
vn 0.538561224937439 0.6974651217460632 -0.4727519452571869 
vn 0.538561224937439 0.6974651217460632 -0.4727519452571869 
vn 0.14851796627044678 0.9585736393928528 -0.24306149780750275 
vn 0.26410219073295593 0.9585736393928528 -0.10670802742242813 
vn 0.14851796627044678 0.9585736393928528 -0.24306149780750275 
vn 0.2778172492980957 0.9564562439918518 -0.08949349075555801 
vn 0.38623303174972534 0.9212309122085571 0.04645263031125069 
vn 0.38623303174972534 0.9212309122085571 0.04645263031125069 
vn -0.5224323868751526 0.7144753336906433 -0.4653908312320709 
vn -0.5224323868751526 0.7144753336906433 -0.4653908312320709 
vn -0.5224323868751526 0.7144753336906433 -0.4653908312320709 
vn -0.5224323868751526 0.7144753336906433 -0.4653908312320709 
vn 0.835192084312439 -0.5120603442192078 0.2006177008152008 
vn 0.835192084312439 -0.5120603442192078 0.2006177008152008 
vn 0.835192084312439 -0.5120603442192078 0.2006177008152008 
vn 0.835192084312439 -0.5120603442192078 0.2006177008152008 
vn 0.5229885578155518 -0.7181406021118164 -0.4590821862220764 
vn 0.5229885578155518 -0.7181406021118164 -0.4590821862220764 
vn 0.5229885578155518 -0.7181406021118164 -0.4590821862220764 
vn 0.5229885578155518 -0.7181406021118164 -0.4590821862220764 
vn 0.6585195064544678 -0.0015232834266498685 0.7525619268417358 
vn 0.6585195064544678 -0.0015232834266498685 0.7525619268417358 
vn 0.6585195064544678 -0.0015232834266498685 0.7525619268417358 
vn 0.6585195064544678 -0.0015232834266498685 0.7525619268417358 
vn -0.5229885578155518 0.7181406021118164 0.4590821862220764 
vn -0.5229885578155518 0.7181406021118164 0.4590821862220764 
vn -0.5229885578155518 0.7181406021118164 0.4590821862220764 
vn -0.5229885578155518 0.7181406021118164 0.4590821862220764 
vn -0.14874538779258728 -0.9586221575737 0.24273082613945007 
vn -0.2819199860095978 -0.9555635452270508 0.08613670617341995 
vn -0.14874538779258728 -0.9586221575737 0.24273082613945007 
vn -0.266580194234848 -0.9581258893013 0.10454567521810532 
vn -0.3914422392845154 -0.9189000129699707 -0.04894815385341644 
vn -0.3914422392845154 -0.9189000129699707 -0.04894815385341644 
vn -0.6608726382255554 -0.0015242124209180474 -0.7504963278770447 
vn -0.6608726382255554 -0.0015242124209180474 -0.7504963278770447 
vn -0.6608726382255554 -0.0015242124209180474 -0.7504963278770447 
vn -0.6608726382255554 -0.0015242124209180474 -0.7504963278770447 
vn 0.538561224937439 0.6974651217460632 -0.4727519452571869 
vn 0.538561224937439 0.6974651217460632 -0.4727519452571869 
vn 0.538561224937439 0.6974651217460632 -0.4727519452571869 
vn 0.538561224937439 0.6974651217460632 -0.4727519452571869 
vn -0.10333047062158585 -0.5044075846672058 -0.8572606444358826 
vn -0.10333047062158585 -0.5044075846672058 -0.8572606444358826 
vn -0.10333047062158585 -0.5044075846672058 -0.8572606444358826 
vn -0.10333047062158585 -0.5044075846672058 -0.8572606444358826 
vn -0.538561224937439 -0.6974651217460632 0.4727519452571869 
vn -0.538561224937439 -0.6974651217460632 0.4727519452571869 
vn -0.538561224937439 -0.6974651217460632 0.4727519452571869 
vn -0.538561224937439 -0.6974651217460632 0.4727519452571869 
vn 0.835192084312439 -0.5120603442192078 0.2006177008152008 
vn 0.835192084312439 -0.5120603442192078 0.2006177008152008 
vn 0.835192084312439 -0.5120603442192078 0.2006177008152008 
vn 0.835192084312439 -0.5120603442192078 0.2006177008152008 
vn -0.538561224937439 -0.6974651217460632 0.4727519452571869 
vn -0.538561224937439 -0.6974651217460632 0.4727519452571869 
vn -0.538561224937439 -0.6974651217460632 0.4727519452571869 
vn -0.538561224937439 -0.6974651217460632 0.4727519452571869 
vn -0.6608726382255554 -0.0015242124209180474 -0.7504963278770447 
vn -0.6608726382255554 -0.0015242124209180474 -0.7504963278770447 
vn -0.6608726382255554 -0.0015242124209180474 -0.7504963278770447 
vn -0.6608726382255554 -0.0015242124209180474 -0.7504963278770447 
vn -0.10097729414701462 -0.5013600587844849 -0.8593263030052185 
vn -0.10097729414701462 -0.5013600587844849 -0.8593263030052185 
vn -0.10097729414701462 -0.5013600587844849 -0.8593263030052185 
vn -0.10333047062158585 -0.5044075846672058 -0.8572606444358826 
vn -0.538561224937439 -0.6974651217460632 0.4727519452571869 
vn -0.538561224937439 -0.6974651217460632 0.4727519452571869 
vn -0.538561224937439 -0.6974651217460632 0.4727519452571869 
vn -0.538561224937439 -0.6974651217460632 0.4727519452571869 
vn -0.743155837059021 -0.1594579517841339 0.6498403549194336 
vn -0.743155837059021 -0.1594579517841339 0.6498403549194336 
vn -0.743155837059021 -0.1594579517841339 0.6498403549194336 
vn -0.743155837059021 -0.1594579517841339 0.6498403549194336 
vn -0.743155837059021 -0.1594579517841339 0.6498403549194336 
vn -0.743155837059021 -0.1594579517841339 0.6498403549194336 
vn -0.743155837059021 -0.1594579517841339 0.6498403549194336 
vn -0.743155837059021 -0.1594579517841339 0.6498403549194336 
vn -0.10333047062158585 -0.5044075846672058 -0.8572606444358826 
vn -0.10333047062158585 -0.5044075846672058 -0.8572606444358826 
vn -0.10333047062158585 -0.5044075846672058 -0.8572606444358826 
vn -0.10333047062158585 -0.5044075846672058 -0.8572606444358826 
vn 0.538561224937439 0.6974651217460632 -0.4727519452571869 
vn 0.538561224937439 0.6974651217460632 -0.4727519452571869 
vn 0.538561224937439 0.6974651217460632 -0.4727519452571869 
vn 0.538561224937439 0.6974651217460632 -0.4727519452571869 
vn -0.838992714881897 0.5013594031333923 -0.21149234473705292 
vn -0.838992714881897 0.5013594031333923 -0.21149234473705292 
vn -0.838992714881897 0.5013594031333923 -0.21149234473705292 
vn -0.838992714881897 0.5013594031333923 -0.21149234473705292 
vn 0.538561224937439 0.6974651217460632 -0.4727519452571869 
vn 0.538561224937439 0.6974651217460632 -0.4727519452571869 
vn 0.538561224937439 0.6974651217460632 -0.4727519452571869 
vn 0.538561224937439 0.6974651217460632 -0.4727519452571869 
vn 0.8375452756881714 -0.5090128183364868 0.19855207204818726 
vn 0.8375452756881714 -0.5090128183364868 0.19855207204818726 
vn 0.835192084312439 -0.5120603442192078 0.2006177008152008 
vn 0.835192084312439 -0.5120603442192078 0.2006177008152008 
vn 0.09701143205165863 0.5082487463951111 0.8557289838790894 
vn 0.09701143205165863 0.5082487463951111 0.8557289838790894 
vn 0.09701143205165863 0.5082487463951111 0.8557289838790894 
vn 0.0946582481265068 0.5052012205123901 0.8577945828437805 
vn -0.538561224937439 -0.6974651217460632 0.4727519452571869 
vn -0.538561224937439 -0.6974651217460632 0.4727519452571869 
vn -0.538561224937439 -0.6974651217460632 0.4727519452571869 
vn -0.538561224937439 -0.6974651217460632 0.4727519452571869 
vn -0.538561224937439 -0.6974651217460632 0.4727519452571869 
vn -0.538561224937439 -0.6974651217460632 0.4727519452571869 
vn -0.538561224937439 -0.6974651217460632 0.4727519452571869 
vn -0.538561224937439 -0.6974651217460632 0.4727519452571869 
vn -0.538561224937439 -0.6974651217460632 0.4727519452571869 
vn 0.09701143205165863 0.5082487463951111 0.8557289838790894 
vn 0.0946582481265068 0.5052012205123901 0.8577945828437805 
vn 0.0946582481265068 0.5052012205123901 0.8577945828437805 
vn 0.0946582481265068 0.5052012205123901 0.8577945828437805 
vn 0.538561224937439 0.6974651217460632 -0.4727519452571869 
vn 0.538561224937439 0.6974651217460632 -0.4727519452571869 
vn 0.538561224937439 0.6974651217460632 -0.4727519452571869 
vn 0.538561224937439 0.6974651217460632 -0.4727519452571869 
vn -0.10333047062158585 -0.5044075846672058 -0.8572606444358826 
vn -0.10333047062158585 -0.5044075846672058 -0.8572606444358826 
vn -0.10333047062158585 -0.5044075846672058 -0.8572606444358826 
vn -0.10333047062158585 -0.5044075846672058 -0.8572606444358826 
vn -0.512965202331543 0.7180588841438293 0.4703802168369293 
vn -0.5203448534011841 0.7150726914405823 0.4668101370334625 
vn -0.5153183937072754 0.7150113582611084 0.47244584560394287 
vn -0.5203448534011841 0.7150726914405823 0.4668101370334625 
vn -0.5253417491912842 0.7150931358337402 0.46114781498908997 
vn -0.5253417491912842 0.7150931358337402 0.46114781498908997 
vn -0.5253417491912842 0.7150931358337402 0.46114781498908997 
vn -0.5253417491912842 0.7150931358337402 0.46114781498908997 
vn -0.5253417491912842 0.7150931358337402 0.46114781498908997 
vn -0.5253417491912842 0.7150931358337402 0.46114781498908997 
vn -0.538561224937439 -0.6974651217460632 0.4727519452571869 
vn -0.538561224937439 -0.6974651217460632 0.4727519452571869 
vn -0.538561224937439 -0.6974651217460632 0.4727519452571869 
vn -0.538561224937439 -0.6974651217460632 0.4727519452571869 
vn 0.6608726382255554 0.0015242124209180474 0.7504963278770447 
vn 0.6585195064544678 -0.0015232834266498685 0.7525619268417358 
vn 0.6608726382255554 0.0015242124209180474 0.7504963278770447 
vn 0.6585195064544678 -0.0015232834266498685 0.7525619268417358 
vn 0.6585195064544678 -0.0015232834266498685 0.7525619268417358 
vn 0.6585195064544678 -0.0015232834266498685 0.7525619268417358 
vn 0.538561224937439 0.6974651217460632 -0.4727519452571869 
vn 0.538561224937439 0.6974651217460632 -0.4727519452571869 
vn 0.538561224937439 0.6974651217460632 -0.4727519452571869 
vn 0.538561224937439 0.6974651217460632 -0.4727519452571869 
vn -0.538561224937439 -0.6974651217460632 0.4727519452571869 
vn -0.538561224937439 -0.6974651217460632 0.4727519452571869 
vn -0.538561224937439 -0.6974651217460632 0.4727519452571869 
vn -0.538561224937439 -0.6974651217460632 0.4727519452571869 
vn 0.538561224937439 0.6974651217460632 -0.4727519452571869 
vn 0.538561224937439 0.6974651217460632 -0.4727519452571869 
vn 0.538561224937439 0.6974651217460632 -0.4727519452571869 
vn 0.538561224937439 0.6974651217460632 -0.4727519452571869 
vn -0.538561224937439 -0.6974651217460632 0.4727519452571869 
vn -0.538561224937439 -0.6974651217460632 0.4727519452571869 
vn -0.538561224937439 -0.6974651217460632 0.4727519452571869 
vn -0.538561224937439 -0.6974651217460632 0.4727519452571869 
vn 0.835192084312439 -0.5120603442192078 0.2006177008152008 
vn 0.835192084312439 -0.5120603442192078 0.2006177008152008 
vn 0.835192084312439 -0.5120603442192078 0.2006177008152008 
vn 0.835192084312439 -0.5120603442192078 0.2006177008152008 
vn 0.0946582481265068 0.5052012205123901 0.8577945828437805 
vn 0.0946582481265068 0.5052012205123901 0.8577945828437805 
vn 0.0946582481265068 0.5052012205123901 0.8577945828437805 
vn 0.0946582481265068 0.5052012205123901 0.8577945828437805 
vn -0.7310999035835266 -0.245017409324646 0.6367568969726562 
vn -0.7310999035835266 -0.245017409324646 0.6367568969726562 
vn -0.7310999035835266 -0.245017409324646 0.6367568969726562 
vn -0.7310999035835266 -0.245017409324646 0.6367568969726562 
vn 0.5229885578155518 -0.7181406021118164 -0.4590821862220764 
vn 0.5229885578155518 -0.7181406021118164 -0.4590821862220764 
vn 0.5229885578155518 -0.7181406021118164 -0.4590821862220764 
vn 0.5229885578155518 -0.7181406021118164 -0.4590821862220764 
vn -0.10333047062158585 -0.5044075846672058 -0.8572606444358826 
vn -0.10333047062158585 -0.5044075846672058 -0.8572606444358826 
vn -0.10333047062158585 -0.5044075846672058 -0.8572606444358826 
vn -0.10333047062158585 -0.5044075846672058 -0.8572606444358826 
vn -0.538561224937439 -0.6974651217460632 0.4727519452571869 
vn -0.538561224937439 -0.6974651217460632 0.4727519452571869 
vn -0.538561224937439 -0.6974651217460632 0.4727519452571869 
vn -0.538561224937439 -0.6974651217460632 0.4727519452571869 
vn 0.835192084312439 -0.5120603442192078 0.2006177008152008 
vn 0.835192084312439 -0.5120603442192078 0.2006177008152008 
vn 0.835192084312439 -0.5120603442192078 0.2006177008152008 
vn 0.835192084312439 -0.5120603442192078 0.2006177008152008 
vn 0.538561224937439 0.6974651217460632 -0.4727519452571869 
vn 0.538561224937439 0.6974651217460632 -0.4727519452571869 
vn 0.538561224937439 0.6974651217460632 -0.4727519452571869 
vn 0.538561224937439 0.6974651217460632 -0.4727519452571869 
vn 0.835192084312439 -0.5120603442192078 0.2006177008152008 
vn 0.835192084312439 -0.5120603442192078 0.2006177008152008 
vn 0.835192084312439 -0.5120603442192078 0.2006177008152008 
vn 0.835192084312439 -0.5120603442192078 0.2006177008152008 
vn -0.5791168808937073 -0.2400464415550232 0.7791029810905457 
vn -0.6497464179992676 -0.24548520147800446 0.7194209694862366 
vn -0.5791168808937073 -0.2400464415550232 0.7791029810905457 
vn -0.6756298542022705 -0.24498987197875977 0.6953447461128235 
vn -0.7310999035835266 -0.245017409324646 0.6367568969726562 
vn -0.7310999035835266 -0.245017409324646 0.6367568969726562 
vn 0.0946582481265068 0.5052012205123901 0.8577945828437805 
vn 0.0946582481265068 0.5052012205123901 0.8577945828437805 
vn 0.0946582481265068 0.5052012205123901 0.8577945828437805 
vn 0.0946582481265068 0.5052012205123901 0.8577945828437805 
vn -0.538561224937439 -0.6974651217460632 0.4727519452571869 
vn -0.538561224937439 -0.6974651217460632 0.4727519452571869 
vn -0.538561224937439 -0.6974651217460632 0.4727519452571869 
vn -0.538561224937439 -0.6974651217460632 0.4727519452571869 
vn -0.10097729414701462 -0.5013600587844849 -0.8593263030052185 
vn -0.10097729414701462 -0.5013600587844849 -0.8593263030052185 
vn -0.10097729414701462 -0.5013600587844849 -0.8593263030052185 
vn -0.10333047062158585 -0.5044075846672058 -0.8572606444358826 
vn 0.538561224937439 0.6974651217460632 -0.4727519452571869 
vn 0.538561224937439 0.6974651217460632 -0.4727519452571869 
vn 0.538561224937439 0.6974651217460632 -0.4727519452571869 
vn 0.538561224937439 0.6974651217460632 -0.4727519452571869 
vn 0.538561224937439 0.6974651217460632 -0.4727519452571869 
vn 0.538561224937439 0.6974651217460632 -0.4727519452571869 
vn 0.538561224937439 0.6974651217460632 -0.4727519452571869 
vn 0.538561224937439 0.6974651217460632 -0.4727519452571869 
vn 0.538561224937439 0.6974651217460632 -0.4727519452571869 
vn 0.5253417491912842 -0.7150931358337402 -0.46114781498908997 
vn 0.5253417491912842 -0.7150931358337402 -0.46114781498908997 
vn 0.5253417491912842 -0.7150931358337402 -0.46114781498908997 
vn 0.5253417491912842 -0.7150931358337402 -0.46114781498908997 
vn 0.0946582481265068 0.5052012205123901 0.8577945828437805 
vn 0.0946582481265068 0.5052012205123901 0.8577945828437805 
vn 0.0946582481265068 0.5052012205123901 0.8577945828437805 
vn 0.0946582481265068 0.5052012205123901 0.8577945828437805 
vn -0.10333047062158585 -0.5044075846672058 -0.8572606444358826 
vn -0.10333047062158585 -0.5044075846672058 -0.8572606444358826 
vn -0.10333047062158585 -0.5044075846672058 -0.8572606444358826 
vn -0.10333047062158585 -0.5044075846672058 -0.8572606444358826 
vn 0.538561224937439 0.6974651217460632 -0.4727519452571869 
vn 0.538561224937439 0.6974651217460632 -0.4727519452571869 
vn 0.538561224937439 0.6974651217460632 -0.4727519452571869 
vn 0.538561224937439 0.6974651217460632 -0.4727519452571869 
vn 0.538561224937439 0.6974651217460632 -0.4727519452571869 
vn 0.538561224937439 0.6974651217460632 -0.4727519452571869 
vn 0.6585195064544678 -0.0015232834266498685 0.7525619268417358 
vn 0.6585195064544678 -0.0015232834266498685 0.7525619268417358 
vn 0.6585195064544678 -0.0015232834266498685 0.7525619268417358 
vn 0.6585195064544678 -0.0015232834266498685 0.7525619268417358 
vn 0.0946582481265068 0.5052012205123901 0.8577945828437805 
vn 0.0946582481265068 0.5052012205123901 0.8577945828437805 
vn 0.0946582481265068 0.5052012205123901 0.8577945828437805 
vn 0.0946582481265068 0.5052012205123901 0.8577945828437805 
vn 0.09701143205165863 0.5082487463951111 0.8557289838790894 
vn 0.09701143205165863 0.5082487463951111 0.8557289838790894 
vn 0.09701143205165863 0.5082487463951111 0.8557289838790894 
vn 0.0946582481265068 0.5052012205123901 0.8577945828437805 
vn -0.538561224937439 -0.6974651217460632 0.4727519452571869 
vn -0.538561224937439 -0.6974651217460632 0.4727519452571869 
vn -0.538561224937439 -0.6974651217460632 0.4727519452571869 
vn -0.538561224937439 -0.6974651217460632 0.4727519452571869 
vn -0.5253417491912842 0.7150931358337402 0.46114781498908997 
vn -0.5253417491912842 0.7150931358337402 0.46114781498908997 
vn -0.5253417491912842 0.7150931358337402 0.46114781498908997 
vn -0.5253417491912842 0.7150931358337402 0.46114781498908997 
vn 0.538561224937439 0.6974651217460632 -0.4727519452571869 
vn 0.538561224937439 0.6974651217460632 -0.4727519452571869 
vn 0.538561224937439 0.6974651217460632 -0.4727519452571869 
vn 0.538561224937439 0.6974651217460632 -0.4727519452571869 
vn 0.8359397053718567 -0.5082480907440186 0.2070937156677246 
vn 0.8359397053718567 -0.5082480907440186 0.2070937156677246 
vn 0.8359397053718567 -0.5082480907440186 0.2070937156677246 
vn 0.8359397053718567 -0.5082480907440186 0.2070937156677246 
vn 0.538561224937439 0.6974651217460632 -0.4727519452571869 
vn 0.538561224937439 0.6974651217460632 -0.4727519452571869 
vn 0.538561224937439 0.6974651217460632 -0.4727519452571869 
vn 0.538561224937439 0.6974651217460632 -0.4727519452571869 
vn 0.538561224937439 0.6974651217460632 -0.4727519452571869 
vn 0.538561224937439 0.6974651217460632 -0.4727519452571869 
vn 0.538561224937439 0.6974651217460632 -0.4727519452571869 
vn -0.10333047062158585 -0.5044075846672058 -0.8572606444358826 
vn -0.10333047062158585 -0.5044075846672058 -0.8572606444358826 
vn -0.10333047062158585 -0.5044075846672058 -0.8572606444358826 
vn -0.10333047062158585 -0.5044075846672058 -0.8572606444358826 
vn -0.538561224937439 -0.6974651217460632 0.4727519452571869 
vn -0.538561224937439 -0.6974651217460632 0.4727519452571869 
vn -0.538561224937439 -0.6974651217460632 0.4727519452571869 
vn -0.538561224937439 -0.6974651217460632 0.4727519452571869 
vn -0.6608726382255554 -0.0015242124209180474 -0.7504963278770447 
vn -0.6608726382255554 -0.0015242124209180474 -0.7504963278770447 
vn -0.6608726382255554 -0.0015242124209180474 -0.7504963278770447 
vn -0.6608726382255554 -0.0015242124209180474 -0.7504963278770447 
vn -0.5253417491912842 0.7150931358337402 0.46114781498908997 
vn -0.5253417491912842 0.7150931358337402 0.46114781498908997 
vn -0.5253417491912842 0.7150931358337402 0.46114781498908997 
vn -0.5253417491912842 0.7150931358337402 0.46114781498908997 
vn 0.538561224937439 0.6974651217460632 -0.4727519452571869 
vn 0.538561224937439 0.6974651217460632 -0.4727519452571869 
vn 0.538561224937439 0.6974651217460632 -0.4727519452571869 
vn 0.538561224937439 0.6974651217460632 -0.4727519452571869 
vn 0.538561224937439 0.6974651217460632 -0.4727519452571869 
vn 0.538561224937439 0.6974651217460632 -0.4727519452571869 
vn 0.538561224937439 0.6974651217460632 -0.4727519452571869 
vn 0.538561224937439 0.6974651217460632 -0.4727519452571869 
vn 0.5229885578155518 -0.7181406021118164 -0.4590821862220764 
vn 0.5229885578155518 -0.7181406021118164 -0.4590821862220764 
vn 0.5229885578155518 -0.7181406021118164 -0.4590821862220764 
vn 0.5229885578155518 -0.7181406021118164 -0.4590821862220764 
vn 0.5229885578155518 -0.7181406021118164 -0.4590821862220764 
vn 0.5229885578155518 -0.7181406021118164 -0.4590821862220764 
vn 0.5279555320739746 -0.7181202173233032 -0.4533936679363251 
vn 0.5279555320739746 -0.7181202173233032 -0.4533936679363251 
vn 0.5328922867774963 -0.7180588841438293 -0.44767916202545166 
vn 0.5352454781532288 -0.7150113582611084 -0.4497448205947876 
vn 0.8375452756881714 -0.5090128183364868 0.19855207204818726 
vn 0.8375452756881714 -0.5090128183364868 0.19855207204818726 
vn 0.8375452756881714 -0.5090128183364868 0.19855207204818726 
vn 0.8375452756881714 -0.5090128183364868 0.19855207204818726 
vn -0.8382928967475891 0.5052005648612976 -0.20502808690071106 
vn -0.8382928967475891 0.5052005648612976 -0.20502808690071106 
vn -0.8382928967475891 0.5052005648612976 -0.20502808690071106 
vn -0.8382928967475891 0.5052005648612976 -0.20502808690071106 
vn -0.14113068580627441 -0.9825218319892883 0.12137944251298904 
vn -0.14113068580627441 -0.9825218319892883 0.12137944251298904 
vn -0.14113068580627441 -0.9825218319892883 0.12137944251298904 
vn -0.14113068580627441 -0.9825218319892883 0.12137944251298904 
vn -0.14113068580627441 -0.9825218319892883 0.12137944251298904 
vn -0.14113068580627441 -0.9825218319892883 0.12137944251298904 
vn -0.14113068580627441 -0.9825218319892883 0.12137944251298904 
vn -0.14113068580627441 -0.9825218319892883 0.12137944251298904 
vn -0.538561224937439 -0.6974651217460632 0.4727519452571869 
vn -0.538561224937439 -0.6974651217460632 0.4727519452571869 
vn -0.538561224937439 -0.6974651217460632 0.4727519452571869 
vn -0.538561224937439 -0.6974651217460632 0.4727519452571869 
vn 0.835192084312439 -0.5120603442192078 0.2006177008152008 
vn 0.835192084312439 -0.5120603442192078 0.2006177008152008 
vn 0.835192084312439 -0.5120603442192078 0.2006177008152008 
vn 0.835192084312439 -0.5120603442192078 0.2006177008152008 
vn 0.538561224937439 0.6974651217460632 -0.4727519452571869 
vn 0.538561224937439 0.6974651217460632 -0.4727519452571869 
vn 0.538561224937439 0.6974651217460632 -0.4727519452571869 
vn 0.538561224937439 0.6974651217460632 -0.4727519452571869 
vn 0.24644441902637482 0.9605981111526489 -0.1285165548324585 
vn 0.24644441902637482 0.9605981111526489 -0.1285165548324585 
vn 0.16159404814243317 0.9609425067901611 -0.22467030584812164 
vn 0.17498598992824554 0.9610573649406433 -0.2138892561197281 
vn 0.09053761512041092 0.9475902318954468 -0.30639123916625977 
vn -0.538561224937439 -0.6974651217460632 0.4727519452571869 
vn -0.538561224937439 -0.6974651217460632 0.4727519452571869 
vn -0.538561224937439 -0.6974651217460632 0.4727519452571869 
vn -0.538561224937439 -0.6974651217460632 0.4727519452571869 
vn -0.538561224937439 -0.6974651217460632 0.4727519452571869 
vn -0.8033281564712524 -0.24271585047245026 0.5438316464424133 
vn -0.6554417014122009 -0.24433453381061554 0.7146305441856384 
vn -0.8033281564712524 -0.24271585047245026 0.5438316464424133 
vn -0.6610949039459229 -0.2432621568441391 0.709772527217865 
vn -0.47943568229675293 -0.23381976783275604 0.8458544611930847 
vn -0.47943568229675293 -0.23381976783275604 0.8458544611930847 
vn 0.4317185580730438 0.8949205279350281 0.11285623908042908 
vn 0.3315976560115814 0.9431204199790955 -0.023812001571059227 
vn 0.4317185580730438 0.8949205279350281 0.11285623908042908 
vn 0.31682777404785156 0.9474634528160095 -0.043969616293907166 
vn 0.20379777252674103 0.9625295400619507 -0.1788947880268097 
vn 0.20379777252674103 0.9625295400619507 -0.1788947880268097 
vn 0.835192084312439 -0.5120603442192078 0.2006177008152008 
vn 0.835192084312439 -0.5120603442192078 0.2006177008152008 
vn 0.835192084312439 -0.5120603442192078 0.2006177008152008 
vn 0.835192084312439 -0.5120603442192078 0.2006177008152008 
vn 0.0946582481265068 0.5052012205123901 0.8577945828437805 
vn 0.0946582481265068 0.5052012205123901 0.8577945828437805 
vn 0.0946582481265068 0.5052012205123901 0.8577945828437805 
vn 0.0946582481265068 0.5052012205123901 0.8577945828437805 
vn 0.6585195064544678 -0.0015232834266498685 0.7525619268417358 
vn 0.6585195064544678 -0.0015232834266498685 0.7525619268417358 
vn 0.6585195064544678 -0.0015232834266498685 0.7525619268417358 
vn 0.6585195064544678 -0.0015232834266498685 0.7525619268417358 
vn 0.6585195064544678 -0.0015232834266498685 0.7525619268417358 
vn 0.8384276032447815 -0.3784289062023163 0.39221152663230896 
vn 0.8384276032447815 -0.3784289062023163 0.39221152663230896 
vn 0.8384276032447815 -0.3784289062023163 0.39221152663230896 
vn 0.8384276032447815 -0.3784289062023163 0.39221152663230896 
vn 0.7286251783370972 0.2450072467327118 -0.6395911574363708 
vn 0.7286251783370972 0.2450072467327118 -0.6395911574363708 
vn 0.7286251783370972 0.2450072467327118 -0.6395911574363708 
vn 0.7286251783370972 0.2450072467327118 -0.6395911574363708 
vn -0.10097729414701462 -0.5013600587844849 -0.8593263030052185 
vn -0.10097729414701462 -0.5013600587844849 -0.8593263030052185 
vn -0.10097729414701462 -0.5013600587844849 -0.8593263030052185 
vn -0.10097729414701462 -0.5013600587844849 -0.8593263030052185 
vn 0.09701143205165863 0.5082487463951111 0.8557289838790894 
vn 0.09701143205165863 0.5082487463951111 0.8557289838790894 
vn 0.09701143205165863 0.5082487463951111 0.8557289838790894 
vn 0.0946582481265068 0.5052012205123901 0.8577945828437805 
vn 0.5328922867774963 -0.7180588841438293 -0.44767916202545166 
vn 0.530308723449707 -0.7150726914405823 -0.4554592967033386 
vn 0.5352454781532288 -0.7150113582611084 -0.4497448205947876 
vn 0.530308723449707 -0.7150726914405823 -0.4554592967033386 
vn 0.5253417491912842 -0.7150931358337402 -0.46114781498908997 
vn 0.5253417491912842 -0.7150931358337402 -0.46114781498908997 
vn 0.5253417491912842 -0.7150931358337402 -0.46114781498908997 
vn 0.5229885578155518 -0.7181406021118164 -0.4590821862220764 
vn 0.5229885578155518 -0.7181406021118164 -0.4590821862220764 
vn 0.5229885578155518 -0.7181406021118164 -0.4590821862220764 
vn -0.20628736913204193 -0.9625194072723389 0.1760736107826233 
vn -0.20628736913204193 -0.9625194072723389 0.1760736107826233 
vn -0.20628736913204193 -0.9625194072723389 0.1760736107826233 
vn -0.20628736913204193 -0.9625194072723389 0.1760736107826233 
vn 0.6966575980186462 0.7091931104660034 0.10822916030883789 
vn 0.6966575980186462 0.7091931104660034 0.10822916030883789 
vn 0.6966575980186462 0.7091931104660034 0.10822916030883789 
vn 0.6966575980186462 0.7091931104660034 0.10822916030883789 
vn 0.538561224937439 0.6974651217460632 -0.4727519452571869 
vn 0.538561224937439 0.6974651217460632 -0.4727519452571869 
vn 0.538561224937439 0.6974651217460632 -0.4727519452571869 
vn 0.538561224937439 0.6974651217460632 -0.4727519452571869 
vn 0.538561224937439 0.6974651217460632 -0.4727519452571869 
vn 0.5229885578155518 -0.7181406021118164 -0.4590821862220764 
vn 0.5229885578155518 -0.7181406021118164 -0.4590821862220764 
vn 0.5229885578155518 -0.7181406021118164 -0.4590821862220764 
vn 0.5229885578155518 -0.7181406021118164 -0.4590821862220764 
vn -0.5253417491912842 0.7150931358337402 0.46114781498908997 
vn -0.5253417491912842 0.7150931358337402 0.46114781498908997 
vn -0.5253417491912842 0.7150931358337402 0.46114781498908997 
vn -0.5253417491912842 0.7150931358337402 0.46114781498908997 
vn 0.6585195064544678 -0.0015232834266498685 0.7525619268417358 
vn 0.6585195064544678 -0.0015232834266498685 0.7525619268417358 
vn 0.6585195064544678 -0.0015232834266498685 0.7525619268417358 
vn 0.6585195064544678 -0.0015232834266498685 0.7525619268417358 
vn 0.6585195064544678 -0.0015232834266498685 0.7525619268417358 
vn 0.8359397053718567 -0.5082480907440186 0.2070937156677246 
vn 0.8359397053718567 -0.5082480907440186 0.2070937156677246 
vn 0.8359397053718567 -0.5082480907440186 0.2070937156677246 
vn 0.8359397053718567 -0.5082480907440186 0.2070937156677246 
vn 0.17748233675956726 -0.8168110847473145 0.548925518989563 
vn -0.008533266372978687 -0.9211636185646057 0.38908153772354126 
vn 0.17748233675956726 -0.8168110847473145 0.548925518989563 
vn -0.01849442534148693 -0.9273562431335449 0.37372204661369324 
vn -0.20628736913204193 -0.9625194072723389 0.1760736107826233 
vn -0.20628736913204193 -0.9625194072723389 0.1760736107826233 
vn 0.538561224937439 0.6974651217460632 -0.4727519452571869 
vn 0.538561224937439 0.6974651217460632 -0.4727519452571869 
vn 0.538561224937439 0.6974651217460632 -0.4727519452571869 
vn 0.538561224937439 0.6974651217460632 -0.4727519452571869 
vn -0.8177645206451416 -0.5736892223358154 -0.04628178849816322 
vn -0.8177645206451416 -0.5736892223358154 -0.04628178849816322 
vn -0.8177645206451416 -0.5736892223358154 -0.04628178849816322 
vn -0.8177645206451416 -0.5736892223358154 -0.04628178849816322 
vn 0.6585195064544678 -0.0015232834266498685 0.7525619268417358 
vn 0.6585195064544678 -0.0015232834266498685 0.7525619268417358 
vn 0.6585195064544678 -0.0015232834266498685 0.7525619268417358 
vn 0.6585195064544678 -0.0015232834266498685 0.7525619268417358 
vn 0.6608726382255554 0.0015242124209180474 0.7504963278770447 
vn 0.6608726382255554 0.0015242124209180474 0.7504963278770447 
vn 0.7431610226631165 0.1594579964876175 -0.649834394454956 
vn 0.7431610226631165 0.1594579964876175 -0.649834394454956 
vn 0.7431610226631165 0.1594579964876175 -0.649834394454956 
vn 0.7431610226631165 0.1594579964876175 -0.649834394454956 
vn 0.7431610226631165 0.1594579964876175 -0.649834394454956 
vn 0.7431610226631165 0.1594579964876175 -0.649834394454956 
vn 0.7431610226631165 0.1594579964876175 -0.649834394454956 
vn 0.7431610226631165 0.1594579964876175 -0.649834394454956 
vn -0.18455705046653748 -0.4333411157131195 0.8821304440498352 
vn -0.18455705046653748 -0.4333411157131195 0.8821304440498352 
vn -0.18455705046653748 -0.4333411157131195 0.8821304440498352 
vn -0.18455705046653748 -0.4333411157131195 0.8821304440498352 
vn -0.10333047062158585 -0.5044075846672058 -0.8572606444358826 
vn -0.10333047062158585 -0.5044075846672058 -0.8572606444358826 
vn -0.10333047062158585 -0.5044075846672058 -0.8572606444358826 
vn -0.10333047062158585 -0.5044075846672058 -0.8572606444358826 
vn -0.838992714881897 0.5013594031333923 -0.21149234473705292 
vn -0.838992714881897 0.5013594031333923 -0.21149234473705292 
vn -0.838992714881897 0.5013594031333923 -0.21149234473705292 
vn -0.838992714881897 0.5013594031333923 -0.21149234473705292 
vn -0.10333047062158585 -0.5044075846672058 -0.8572606444358826 
vn -0.10333047062158585 -0.5044075846672058 -0.8572606444358826 
vn -0.10333047062158585 -0.5044075846672058 -0.8572606444358826 
vn -0.10333047062158585 -0.5044075846672058 -0.8572606444358826 
vn -0.538561224937439 -0.6974651217460632 0.4727519452571869 
vn -0.538561224937439 -0.6974651217460632 0.4727519452571869 
vn -0.538561224937439 -0.6974651217460632 0.4727519452571869 
vn -0.538561224937439 -0.6974651217460632 0.4727519452571869 
vn -0.14113068580627441 -0.9825218319892883 0.12137944251298904 
vn -0.14113068580627441 -0.9825218319892883 0.12137944251298904 
vn -0.14113068580627441 -0.9825218319892883 0.12137944251298904 
vn -0.14113068580627441 -0.9825218319892883 0.12137944251298904 
vn -0.14113068580627441 -0.9825218319892883 0.12137944251298904 
vn -0.14113068580627441 -0.9825218319892883 0.12137944251298904 
vn -0.14113068580627441 -0.9825218319892883 0.12137944251298904 
vn -0.14113068580627441 -0.9825218319892883 0.12137944251298904 
vn 0.6585195064544678 -0.0015232834266498685 0.7525619268417358 
vn 0.6585195064544678 -0.0015232834266498685 0.7525619268417358 
vn 0.6585195064544678 -0.0015232834266498685 0.7525619268417358 
vn 0.6585195064544678 -0.0015232834266498685 0.7525619268417358 
vn 0.538561224937439 0.6974651217460632 -0.4727519452571869 
vn 0.538561224937439 0.6974651217460632 -0.4727519452571869 
vn 0.538561224937439 0.6974651217460632 -0.4727519452571869 
vn 0.538561224937439 0.6974651217460632 -0.4727519452571869 
vn 0.538561224937439 0.6974651217460632 -0.4727519452571869 
vn 0.538561224937439 0.6974651217460632 -0.4727519452571869 
vn 0.538561224937439 0.6974651217460632 -0.4727519452571869 
vn 0.538561224937439 0.6974651217460632 -0.4727519452571869 
vn -0.838992714881897 0.5013594031333923 -0.21149234473705292 
vn -0.838992714881897 0.5013594031333923 -0.21149234473705292 
vn -0.838992714881897 0.5013594031333923 -0.21149234473705292 
vn -0.838992714881897 0.5013594031333923 -0.21149234473705292 
vn 0.08833374083042145 0.5090134739875793 0.8562140464782715 
vn 0.08833374083042145 0.5090134739875793 0.8562140464782715 
vn 0.08833374083042145 0.5090134739875793 0.8562140464782715 
vn 0.08833374083042145 0.5090134739875793 0.8562140464782715 
vn -0.538561224937439 -0.6974651217460632 0.4727519452571869 
vn -0.538561224937439 -0.6974651217460632 0.4727519452571869 
vn -0.538561224937439 -0.6974651217460632 0.4727519452571869 
vn -0.538561224937439 -0.6974651217460632 0.4727519452571869 
vn 0.8359397053718567 -0.5082480907440186 0.2070937156677246 
vn 0.8359397053718567 -0.5082480907440186 0.2070937156677246 
vn 0.8359397053718567 -0.5082480907440186 0.2070937156677246 
vn 0.8359397053718567 -0.5082480907440186 0.2070937156677246 
vn 0.538561224937439 0.6974651217460632 -0.4727519452571869 
vn 0.538561224937439 0.6974651217460632 -0.4727519452571869 
vn 0.538561224937439 0.6974651217460632 -0.4727519452571869 
vn 0.538561224937439 0.6974651217460632 -0.4727519452571869 
vn 0.8382928967475891 -0.5052005648612976 0.20502808690071106 
vn 0.8382928967475891 -0.5052005648612976 0.20502808690071106 
vn 0.8382928967475891 -0.5052005648612976 0.20502808690071106 
vn 0.8359397053718567 -0.5082480907440186 0.2070937156677246 
vn 0.538561224937439 0.6974651217460632 -0.4727519452571869 
vn 0.538561224937439 0.6974651217460632 -0.4727519452571869 
vn 0.538561224937439 0.6974651217460632 -0.4727519452571869 
vn 0.538561224937439 0.6974651217460632 -0.4727519452571869 
vn -0.538561224937439 -0.6974651217460632 0.4727519452571869 
vn -0.538561224937439 -0.6974651217460632 0.4727519452571869 
vn -0.538561224937439 -0.6974651217460632 0.4727519452571869 
vn -0.538561224937439 -0.6974651217460632 0.4727519452571869 
vn 0.016807308420538902 -0.7086381316184998 0.7053717374801636 
vn 0.016807308420538902 -0.7086381316184998 0.7053717374801636 
vn 0.016807308420538902 -0.7086381316184998 0.7053717374801636 
vn 0.016807308420538902 -0.7086381316184998 0.7053717374801636 
vn 0.538561224937439 0.6974651217460632 -0.4727519452571869 
vn 0.538561224937439 0.6974651217460632 -0.4727519452571869 
vn 0.538561224937439 0.6974651217460632 -0.4727519452571869 
vn 0.538561224937439 0.6974651217460632 -0.4727519452571869 
vn -0.838992714881897 0.5013594031333923 -0.21149234473705292 
vn -0.838992714881897 0.5013594031333923 -0.21149234473705292 
vn -0.838992714881897 0.5013594031333923 -0.21149234473705292 
vn -0.838992714881897 0.5013594031333923 -0.21149234473705292 
vn 0.08833374083042145 0.5090134739875793 0.8562140464782715 
vn 0.08833374083042145 0.5090134739875793 0.8562140464782715 
vn 0.08833374083042145 0.5090134739875793 0.8562140464782715 
vn 0.08833374083042145 0.5090134739875793 0.8562140464782715 
vn -0.5253417491912842 0.7150931358337402 0.46114781498908997 
vn -0.5253417491912842 0.7150931358337402 0.46114781498908997 
vn -0.5253417491912842 0.7150931358337402 0.46114781498908997 
vn -0.5253417491912842 0.7150931358337402 0.46114781498908997 
vn -0.19157499074935913 -0.9622762799263 0.1931927353143692 
vn -0.19157499074935913 -0.9622762799263 0.1931927353143692 
vn -0.17742101848125458 -0.9613041877746582 0.21075116097927094 
vn -0.17742101848125458 -0.9613041877746582 0.21075116097927094 
vn -0.16176897287368774 -0.9609687328338623 0.22443239390850067 
vn -0.10333047062158585 -0.5044075846672058 -0.8572606444358826 
vn -0.10333047062158585 -0.5044075846672058 -0.8572606444358826 
vn -0.10333047062158585 -0.5044075846672058 -0.8572606444358826 
vn -0.10333047062158585 -0.5044075846672058 -0.8572606444358826 
vn -0.538561224937439 -0.6974651217460632 0.4727519452571869 
vn -0.538561224937439 -0.6974651217460632 0.4727519452571869 
vn -0.538561224937439 -0.6974651217460632 0.4727519452571869 
vn -0.538561224937439 -0.6974651217460632 0.4727519452571869 
vn -0.538561224937439 -0.6974651217460632 0.4727519452571869 
vn -0.6608726382255554 -0.0015242124209180474 -0.7504963278770447 
vn -0.6608726382255554 -0.0015242124209180474 -0.7504963278770447 
vn -0.6608726382255554 -0.0015242124209180474 -0.7504963278770447 
vn -0.6608726382255554 -0.0015242124209180474 -0.7504963278770447 
vn 0.5229885578155518 -0.7181406021118164 -0.4590821862220764 
vn 0.5229885578155518 -0.7181406021118164 -0.4590821862220764 
vn 0.5229885578155518 -0.7181406021118164 -0.4590821862220764 
vn 0.5229885578155518 -0.7181406021118164 -0.4590821862220764 
vn -0.538561224937439 -0.6974651217460632 0.4727519452571869 
vn -0.538561224937439 -0.6974651217460632 0.4727519452571869 
vn -0.538561224937439 -0.6974651217460632 0.4727519452571869 
vn -0.538561224937439 -0.6974651217460632 0.4727519452571869 
vn 0.08833374083042145 0.5090134739875793 0.8562140464782715 
vn 0.08833374083042145 0.5090134739875793 0.8562140464782715 
vn 0.08833374083042145 0.5090134739875793 0.8562140464782715 
vn 0.08833374083042145 0.5090134739875793 0.8562140464782715 
vn -0.538561224937439 -0.6974651217460632 0.4727519452571869 
vn -0.538561224937439 -0.6974651217460632 0.4727519452571869 
vn -0.538561224937439 -0.6974651217460632 0.4727519452571869 
vn -0.538561224937439 -0.6974651217460632 0.4727519452571869 
vn 0.6585195064544678 -0.0015232834266498685 0.7525619268417358 
vn 0.6585195064544678 -0.0015232834266498685 0.7525619268417358 
vn 0.6585195064544678 -0.0015232834266498685 0.7525619268417358 
vn 0.6585195064544678 -0.0015232834266498685 0.7525619268417358 
vn 0.6585195064544678 -0.0015232834266498685 0.7525619268417358 
vn 0.8382928967475891 -0.5052005648612976 0.20502808690071106 
vn 0.8382928967475891 -0.5052005648612976 0.20502808690071106 
vn 0.8382928967475891 -0.5052005648612976 0.20502808690071106 
vn 0.8359397053718567 -0.5082480907440186 0.2070937156677246 
vn -0.538561224937439 -0.6974651217460632 0.4727519452571869 
vn -0.538561224937439 -0.6974651217460632 0.4727519452571869 
vn -0.538561224937439 -0.6974651217460632 0.4727519452571869 
vn -0.538561224937439 -0.6974651217460632 0.4727519452571869 
vn -0.538561224937439 -0.6974651217460632 0.4727519452571869 
vn -0.538561224937439 -0.6974651217460632 0.4727519452571869 
vn -0.45815619826316833 0.7116424441337585 0.5325949788093567 
vn -0.4558030068874359 0.7146899700164795 0.5305293202400208 
vn -0.5618637204170227 0.7168331742286682 0.4128665328025818 
vn -0.5571138262748718 0.7171395421028137 0.41872960329055786 
vn -0.6521247029304504 0.6991317868232727 0.2931678891181946 
vn 0.538561224937439 0.6974651217460632 -0.4727519452571869 
vn 0.538561224937439 0.6974651217460632 -0.4727519452571869 
vn 0.538561224937439 0.6974651217460632 -0.4727519452571869 
vn 0.538561224937439 0.6974651217460632 -0.4727519452571869 
vn -0.538561224937439 -0.6974651217460632 0.4727519452571869 
vn -0.538561224937439 -0.6974651217460632 0.4727519452571869 
vn -0.538561224937439 -0.6974651217460632 0.4727519452571869 
vn -0.538561224937439 -0.6974651217460632 0.4727519452571869 
vn -0.538561224937439 -0.6974651217460632 0.4727519452571869 
vn -0.538561224937439 -0.6974651217460632 0.4727519452571869 
vn -0.538561224937439 -0.6974651217460632 0.4727519452571869 
vn 0.6585195064544678 -0.0015232834266498685 0.7525619268417358 
vn 0.6585195064544678 -0.0015232834266498685 0.7525619268417358 
vn 0.6585195064544678 -0.0015232834266498685 0.7525619268417358 
vn 0.6585195064544678 -0.0015232834266498685 0.7525619268417358 
vn 0.6585195064544678 -0.0015232834266498685 0.7525619268417358 
vn 0.538561224937439 0.6974651217460632 -0.4727519452571869 
vn 0.538561224937439 0.6974651217460632 -0.4727519452571869 
vn 0.538561224937439 0.6974651217460632 -0.4727519452571869 
vn 0.538561224937439 0.6974651217460632 -0.4727519452571869 
vn -0.7225524187088013 0.0902242586016655 -0.6854029297828674 
vn -0.7201992273330688 0.09327175468206406 -0.6874685883522034 
vn -0.6585195064544678 0.0015232834266498685 -0.7525619268417358 
vn -0.6585195064544678 0.0015232834266498685 -0.7525619268417358 
vn -0.5859814882278442 -0.09022517502307892 -0.805285632610321 
vn -0.7834221720695496 -0.24631242454051971 0.5705960988998413 
vn -0.7834221720695496 -0.24631242454051971 0.5705960988998413 
vn -0.7211125493049622 -0.24509842693805695 0.6480150818824768 
vn -0.6951563954353333 -0.24671828746795654 0.6751945614814758 
vn -0.6193080544471741 -0.2444816678762436 0.7461141347885132 
vn -0.6193080544471741 -0.2444816678762436 0.7461141347885132 
vn -0.23063406348228455 0.6635915637016296 0.7116557359695435 
vn -0.3954891264438629 0.7064024209976196 0.5870123505592346 
vn -0.23063406348228455 0.6635915637016296 0.7116557359695435 
vn -0.375209242105484 0.699131965637207 0.608631432056427 
vn -0.5253417491912842 0.7150931358337402 0.46114781498908997 
vn -0.5253417491912842 0.7150931358337402 0.46114781498908997 
vn -0.538561224937439 -0.6974651217460632 0.4727519452571869 
vn -0.538561224937439 -0.6974651217460632 0.4727519452571869 
vn -0.538561224937439 -0.6974651217460632 0.4727519452571869 
vn -0.538561224937439 -0.6974651217460632 0.4727519452571869 
vn -0.538561224937439 -0.6974651217460632 0.4727519452571869 
vn 0.5229885578155518 -0.7181406021118164 -0.4590821862220764 
vn 0.5229885578155518 -0.7181406021118164 -0.4590821862220764 
vn 0.5229885578155518 -0.7181406021118164 -0.4590821862220764 
vn 0.5229885578155518 -0.7181406021118164 -0.4590821862220764 
vn 0.538561224937439 0.6974651217460632 -0.4727519452571869 
vn 0.538561224937439 0.6974651217460632 -0.4727519452571869 
vn 0.538561224937439 0.6974651217460632 -0.4727519452571869 
vn 0.538561224937439 0.6974651217460632 -0.4727519452571869 
vn -0.538561224937439 -0.6974651217460632 0.4727519452571869 
vn -0.538561224937439 -0.6974651217460632 0.4727519452571869 
vn -0.538561224937439 -0.6974651217460632 0.4727519452571869 
vn -0.538561224937439 -0.6974651217460632 0.4727519452571869 
vn -0.538561224937439 -0.6974651217460632 0.4727519452571869 
vn -0.538561224937439 -0.6974651217460632 0.4727519452571869 
vn -0.538561224937439 -0.6974651217460632 0.4727519452571869 
vn -0.538561224937439 -0.6974651217460632 0.4727519452571869 
vn 0.538561224937439 0.6974651217460632 -0.4727519452571869 
vn 0.538561224937439 0.6974651217460632 -0.4727519452571869 
vn 0.538561224937439 0.6974651217460632 -0.4727519452571869 
vn 0.538561224937439 0.6974651217460632 -0.4727519452571869 
vn 0.538561224937439 0.6974651217460632 -0.4727519452571869 
vn 0.538561224937439 0.6974651217460632 -0.4727519452571869 
vn -0.5253417491912842 0.7150931358337402 0.46114781498908997 
vn -0.5253417491912842 0.7150931358337402 0.46114781498908997 
vn -0.5253417491912842 0.7150931358337402 0.46114781498908997 
vn -0.5253417491912842 0.7150931358337402 0.46114781498908997 
vn -0.838992714881897 0.5013594031333923 -0.21149234473705292 
vn -0.838992714881897 0.5013594031333923 -0.21149234473705292 
vn -0.838992714881897 0.5013594031333923 -0.21149234473705292 
vn -0.838992714881897 0.5013594031333923 -0.21149234473705292 
vn 0.835192084312439 -0.5120603442192078 0.2006177008152008 
vn 0.835192084312439 -0.5120603442192078 0.2006177008152008 
vn 0.835192084312439 -0.5120603442192078 0.2006177008152008 
vn 0.835192084312439 -0.5120603442192078 0.2006177008152008 
vn -0.4367102086544037 -0.8922691345214844 -0.11463098227977753 
vn -0.31800326704978943 -0.9471068978309631 0.04315643757581711 
vn -0.4367102086544037 -0.8922691345214844 -0.11463098227977753 
vn -0.330845445394516 -0.9433721899986267 0.024297496303915977 
vn -0.20628736913204193 -0.9625194072723389 0.1760736107826233 
vn -0.20628736913204193 -0.9625194072723389 0.1760736107826233 
vn -0.538561224937439 -0.6974651217460632 0.4727519452571869 
vn -0.538561224937439 -0.6974651217460632 0.4727519452571869 
vn -0.538561224937439 -0.6974651217460632 0.4727519452571869 
vn -0.538561224937439 -0.6974651217460632 0.4727519452571869 
vn -0.538561224937439 -0.6974651217460632 0.4727519452571869 
vn -0.538561224937439 -0.6974651217460632 0.4727519452571869 
vn -0.538561224937439 -0.6974651217460632 0.4727519452571869 
vn -0.538561224937439 -0.6974651217460632 0.4727519452571869 
vn -0.743155837059021 -0.1594579517841339 0.6498403549194336 
vn -0.743155837059021 -0.1594579517841339 0.6498403549194336 
vn -0.743155837059021 -0.1594579517841339 0.6498403549194336 
vn -0.743155837059021 -0.1594579517841339 0.6498403549194336 
vn -0.743155837059021 -0.1594579517841339 0.6498403549194336 
vn -0.743155837059021 -0.1594579517841339 0.6498403549194336 
vn -0.743155837059021 -0.1594579517841339 0.6498403549194336 
vn -0.743155837059021 -0.1594579517841339 0.6498403549194336 
vn 0.835192084312439 -0.5120603442192078 0.2006177008152008 
vn 0.8375452756881714 -0.5090128183364868 0.19855207204818726 
vn 0.835192084312439 -0.5120603442192078 0.2006177008152008 
vn 0.8375452756881714 -0.5090128183364868 0.19855207204818726 
vn -0.13821212947368622 -0.9581257700920105 0.250783234834671 
vn -0.17742101848125458 -0.9613041877746582 0.21075116097927094 
vn -0.13821212947368622 -0.9581257700920105 0.250783234834671 
vn -0.17283210158348083 -0.9608184695243835 0.21669542789459229 
vn -0.20628736913204193 -0.9625194072723389 0.1760736107826233 
vn -0.20628736913204193 -0.9625194072723389 0.1760736107826233 
vn -0.6585195064544678 0.0015232834266498685 -0.7525619268417358 
vn -0.6585195064544678 0.0015232834266498685 -0.7525619268417358 
vn -0.6608726382255554 -0.0015242124209180474 -0.7504963278770447 
vn -0.6608726382255554 -0.0015242124209180474 -0.7504963278770447 
vn -0.6608726382255554 -0.0015242124209180474 -0.7504963278770447 
vn -0.538561224937439 -0.6974651217460632 0.4727519452571869 
vn -0.538561224937439 -0.6974651217460632 0.4727519452571869 
vn -0.538561224937439 -0.6974651217460632 0.4727519452571869 
vn -0.538561224937439 -0.6974651217460632 0.4727519452571869 
vn -0.538561224937439 -0.6974651217460632 0.4727519452571869 
vn -0.8382928967475891 0.5052005648612976 -0.20502808690071106 
vn -0.8359397053718567 0.5082480907440186 -0.2070937156677246 
vn -0.8359397053718567 0.5082480907440186 -0.2070937156677246 
vn -0.8359397053718567 0.5082480907440186 -0.2070937156677246 
vn -0.8366395235061646 0.5044069290161133 -0.21355797350406647 
vn -0.8366395235061646 0.5044069290161133 -0.21355797350406647 
vn -0.8366395235061646 0.5044069290161133 -0.21355797350406647 
vn -0.838992714881897 0.5013594031333923 -0.21149234473705292 
vn 0.6585195064544678 -0.0015232834266498685 0.7525619268417358 
vn 0.6585195064544678 -0.0015232834266498685 0.7525619268417358 
vn 0.6585195064544678 -0.0015232834266498685 0.7525619268417358 
vn 0.6585195064544678 -0.0015232834266498685 0.7525619268417358 
vn 0.09701143205165863 0.5082487463951111 0.8557289838790894 
vn 0.0946582481265068 0.5052012205123901 0.8577945828437805 
vn 0.0946582481265068 0.5052012205123901 0.8577945828437805 
vn 0.0946582481265068 0.5052012205123901 0.8577945828437805 
vn 0.20379777252674103 0.9625295400619507 -0.1788947880268097 
vn 0.20379777252674103 0.9625295400619507 -0.1788947880268097 
vn 0.01810227334499359 0.9269294738769531 -0.37479838728904724 
vn 0.00926874577999115 0.9220758080482483 -0.38689789175987244 
vn -0.17749127745628357 0.8151527643203735 -0.551382303237915 
vn 0.7706865668296814 0.2438758909702301 -0.588699221611023 
vn 0.7706865668296814 0.2438758909702301 -0.588699221611023 
vn 0.6635729074478149 0.24281437695026398 -0.7076101899147034 
vn 0.6635729074478149 0.24281437695026398 -0.7076101899147034 
vn 0.537955641746521 0.23837865889072418 -0.8085662126541138 
vn -0.10333047062158585 -0.5044075846672058 -0.8572606444358826 
vn -0.10333047062158585 -0.5044075846672058 -0.8572606444358826 
vn -0.10333047062158585 -0.5044075846672058 -0.8572606444358826 
vn -0.10333047062158585 -0.5044075846672058 -0.8572606444358826 
vn -0.538561224937439 -0.6974651217460632 0.4727519452571869 
vn -0.538561224937439 -0.6974651217460632 0.4727519452571869 
vn -0.538561224937439 -0.6974651217460632 0.4727519452571869 
vn -0.538561224937439 -0.6974651217460632 0.4727519452571869 
vn -0.08987022936344147 -0.947239875793457 0.30766844749450684 
vn -0.17283210158348083 -0.9608184695243835 0.21669542789459229 
vn -0.08987022936344147 -0.947239875793457 0.30766844749450684 
vn -0.16176897287368774 -0.9609687328338623 0.22443239390850067 
vn -0.2462172657251358 -0.9606274962425232 0.12873196601867676 
vn -0.2462172657251358 -0.9606274962425232 0.12873196601867676 
vn 0.8375452756881714 -0.5090128183364868 0.19855207204818726 
vn 0.8375452756881714 -0.5090128183364868 0.19855207204818726 
vn 0.8375452756881714 -0.5090128183364868 0.19855207204818726 
vn 0.835192084312439 -0.5120603442192078 0.2006177008152008 
vn 0.8405694961547852 -0.4218640625476837 0.33981284499168396 
vn 0.7025941014289856 -0.6823947429656982 -0.20173779129981995 
vn 0.7025941014289856 -0.6823947429656982 -0.20173779129981995 
vn 0.2910909056663513 -0.6823949813842773 -0.6705243587493896 
vn 0.2910909056663513 -0.6823949813842773 -0.6705243587493896 
vn -0.22801126539707184 -0.4218648374080658 -0.8775197863578796 
vn -0.22801126539707184 -0.4218648374080658 -0.8775197863578796 
vn -0.6608726382255554 -0.0015242124209180474 -0.7504963278770447 
vn -0.6608726382255554 -0.0015242124209180474 -0.7504963278770447 
vn -0.8429226875305176 0.41881656646728516 -0.3377472162246704 
vn 0.8405694961547852 -0.4218640625476837 0.33981284499168396 
vn 0.6585195064544678 -0.0015232834266498685 0.7525619268417358 
vn 0.6585195064544678 -0.0015232834266498685 0.7525619268417358 
vn 0.22565807402133942 0.41881734132766724 0.8795854449272156 
vn 0.22565807402133942 0.41881734132766724 0.8795854449272156 
vn -0.29344409704208374 0.6793475151062012 0.6725899577140808 
vn -0.29344409704208374 0.6793475151062012 0.6725899577140808 
vn -0.704947292804718 0.6793472170829773 0.2038034200668335 
vn -0.704947292804718 0.6793472170829773 0.2038034200668335 
vn -0.8429226875305176 0.41881656646728516 -0.3377472162246704 
vn -0.10598143190145493 0.9895216822624207 0.09805348515510559 
vn -0.10598143190145493 0.9895216822624207 0.09805348515510559 
vn 0.35118594765663147 0.8849754333496094 -0.3057563900947571 
vn 0.35118594765663147 0.8849754333496094 -0.3057563900947571 
vn 0.6755681037902832 0.44149357080459595 -0.5905008316040039 
vn 0.6755681037902832 0.44149357080459595 -0.5905008316040039 
vn 0.7429353594779968 -0.17108222842216492 -0.6471303105354309 
vn 0.7429353594779968 -0.17108222842216492 -0.6471303105354309 
vn 0.5253417491912842 -0.7150931358337402 -0.46114781498908997 
vn 0.5229885578155518 -0.7181406021118164 -0.4590821862220764 
vn 0.1072317510843277 -0.9895263910293579 -0.09663610905408859 
vn 0.1072317510843277 -0.9895263910293579 -0.09663610905408859 
vn -0.35117626190185547 -0.8849754929542542 0.30576732754707336 
vn -0.35117626190185547 -0.8849754929542542 0.30576732754707336 
vn -0.6755585670471191 -0.44149351119995117 0.5905118584632874 
vn -0.6755585670471191 -0.44149351119995117 0.5905118584632874 
vn -0.7416919469833374 0.17108696699142456 0.648553729057312 
vn -0.7416919469833374 0.17108696699142456 0.648553729057312 
vn -0.5253417491912842 0.7150931358337402 0.46114781498908997 
vn -0.5253417491912842 0.7150931358337402 0.46114781498908997 
vn 0.6585195064544678 -0.0015232834266498685 0.7525619268417358 
vn 0.3966991901397705 0.6326164603233337 0.6651513576507568 
vn 0.22565807402133942 0.41881734132766724 0.8795854449272156 
vn -0.09132961928844452 0.8775985240936279 0.4706161916255951 
vn -0.29344409704208374 0.6793475151062012 0.6725899577140808 
vn -0.47848331928253174 0.877598226070404 0.029568711295723915 
vn -0.704947292804718 0.6793472170829773 0.2038034200668335 
vn -0.6081305146217346 0.6326157450675964 -0.47955575585365295 
vn -0.8429226875305176 0.41881656646728516 -0.3377472162246704 
vn -0.4369569420814514 0.23743267357349396 -0.8675794005393982 
vn -0.6608726382255554 -0.0015242124209180474 -0.7504963278770447 
vn -0.22801126539707184 -0.4218648374080658 -0.8775197863578796 
vn -0.030022012069821358 -0.1577502340078354 -0.9870225787162781 
vn 0.2910909056663513 -0.6823949813842773 -0.6705243587493896 
vn 0.45800676941871643 -0.4027322828769684 -0.792487382888794 
vn 0.7025941014289856 -0.6823947429656982 -0.20173779129981995 
vn 0.8451604843139648 -0.4027319848537445 -0.3514399230480194 
vn 0.8405694961547852 -0.4218640625476837 0.33981284499168396 
vn 0.9748076796531677 -0.15774953365325928 0.1576845645904541 
vn 0.8036341071128845 0.2374335527420044 0.5457082390785217 
vn 0.5229885578155518 -0.7181406021118164 -0.4590821862220764 
vn 0.5229885578155518 -0.7181406021118164 -0.4590821862220764 
vn 0.5229885578155518 -0.7181406021118164 -0.4590821862220764 
vn 0.5229885578155518 -0.7181406021118164 -0.4590821862220764 
vn 0.5229885578155518 -0.7181406021118164 -0.4590821862220764 
vn 0.5229885578155518 -0.7181406021118164 -0.4590821862220764 
vn 0.5229885578155518 -0.7181406021118164 -0.4590821862220764 
vn 0.5229885578155518 -0.7181406021118164 -0.4590821862220764 
vn 0.5229885578155518 -0.7181406021118164 -0.4590821862220764 
vn 0.5229885578155518 -0.7181406021118164 -0.4590821862220764 
vn 0.5229885578155518 -0.7181406021118164 -0.4590821862220764 
vn 0.5229885578155518 -0.7181406021118164 -0.4590821862220764 
vn 0.1072317510843277 -0.9895263910293579 -0.09663610905408859 
vn 0.1072317510843277 -0.9895263910293579 -0.09663610905408859 
vn 0.5229885578155518 -0.7181406021118164 -0.4590821862220764 
vn 0.5229885578155518 -0.7181406021118164 -0.4590821862220764 
vn 0.7429353594779968 -0.17108222842216492 -0.6471303105354309 
vn 0.7429353594779968 -0.17108222842216492 -0.6471303105354309 
vn 0.6755681037902832 0.44149357080459595 -0.5905008316040039 
vn 0.6755681037902832 0.44149357080459595 -0.5905008316040039 
vn 0.35118594765663147 0.8849754333496094 -0.3057563900947571 
vn 0.35118594765663147 0.8849754333496094 -0.3057563900947571 
vn -0.10598143190145493 0.9895216822624207 0.09805348515510559 
vn -0.10598143190145493 0.9895216822624207 0.09805348515510559 
vn -0.5253417491912842 0.7150931358337402 0.46114781498908997 
vn -0.5253417491912842 0.7150931358337402 0.46114781498908997 
vn -0.7416919469833374 0.17108696699142456 0.648553729057312 
vn -0.7416919469833374 0.17108696699142456 0.648553729057312 
vn -0.6755585670471191 -0.44149351119995117 0.5905118584632874 
vn -0.6755585670471191 -0.44149351119995117 0.5905118584632874 
vn -0.35117626190185547 -0.8849754929542542 0.30576732754707336 
vn -0.35117626190185547 -0.8849754929542542 0.30576732754707336 
vn 0.8405694961547852 -0.4218640625476837 0.33981284499168396 
vn 0.8405694961547852 -0.4218640625476837 0.33981284499168396 
vn 0.7025941014289856 -0.6823947429656982 -0.20173779129981995 
vn 0.7025941014289856 -0.6823947429656982 -0.20173779129981995 
vn 0.2910909056663513 -0.6823949813842773 -0.6705243587493896 
vn 0.2910909056663513 -0.6823949813842773 -0.6705243587493896 
vn -0.22801126539707184 -0.4218648374080658 -0.8775197863578796 
vn -0.22801126539707184 -0.4218648374080658 -0.8775197863578796 
vn -0.6608726382255554 -0.0015242124209180474 -0.7504963278770447 
vn -0.6608726382255554 -0.0015242124209180474 -0.7504963278770447 
vn -0.8429226875305176 0.41881656646728516 -0.3377472162246704 
vn -0.6608726382255554 -0.0015242124209180474 -0.7504963278770447 
vn -0.8429226875305176 0.41881656646728516 -0.3377472162246704 
vn 0.7025941014289856 -0.6823947429656982 -0.20173779129981995 
vn 0.2910909056663513 -0.6823949813842773 -0.6705243587493896 
vn -0.22801126539707184 -0.4218648374080658 -0.8775197863578796 
vn 0.8405694961547852 -0.4218640625476837 0.33981284499168396 
vn 0.6585195064544678 -0.0015232834266498685 0.7525619268417358 
vn 0.6585195064544678 -0.0015232834266498685 0.7525619268417358 
vn 0.22565807402133942 0.41881734132766724 0.8795854449272156 
vn 0.6585195064544678 -0.0015232834266498685 0.7525619268417358 
vn 0.22565807402133942 0.41881734132766724 0.8795854449272156 
vn 0.22565807402133942 0.41881734132766724 0.8795854449272156 
vn -0.29344409704208374 0.6793475151062012 0.6725899577140808 
vn -0.29344409704208374 0.6793475151062012 0.6725899577140808 
vn -0.704947292804718 0.6793472170829773 0.2038034200668335 
vn -0.704947292804718 0.6793472170829773 0.2038034200668335 
vn -0.8429226875305176 0.41881656646728516 -0.3377472162246704 
vn -0.704947292804718 0.6793472170829773 0.2038034200668335 
vn -0.29344409704208374 0.6793475151062012 0.6725899577140808 
vn -0.704947292804718 0.6793472170829773 0.2038034200668335 
vn -0.29344409704208374 0.6793475151062012 0.6725899577140808 
vn -0.29344409704208374 0.6793475151062012 0.6725899577140808 
vn 0.22565807402133942 0.41881734132766724 0.8795854449272156 
vn 0.22565807402133942 0.41881734132766724 0.8795854449272156 
vn 0.6585195064544678 -0.0015232834266498685 0.7525619268417358 
vn 0.6585195064544678 -0.0015232834266498685 0.7525619268417358 
vn 0.8405694961547852 -0.4218640625476837 0.33981284499168396 
vn -0.704947292804718 0.6793472170829773 0.2038034200668335 
vn -0.8429226875305176 0.41881656646728516 -0.3377472162246704 
vn -0.8429226875305176 0.41881656646728516 -0.3377472162246704 
vn -0.6608726382255554 -0.0015242124209180474 -0.7504963278770447 
vn -0.6608726382255554 -0.0015242124209180474 -0.7504963278770447 
vn -0.22801126539707184 -0.4218648374080658 -0.8775197863578796 
vn -0.22801126539707184 -0.4218648374080658 -0.8775197863578796 
vn 0.2910909056663513 -0.6823949813842773 -0.6705243587493896 
vn 0.2910909056663513 -0.6823949813842773 -0.6705243587493896 
vn 0.7025941014289856 -0.6823947429656982 -0.20173779129981995 
vn 0.7025941014289856 -0.6823947429656982 -0.20173779129981995 
vn 0.8405694961547852 -0.4218640625476837 0.33981284499168396 
vn 0.3966991901397705 0.6326164603233337 0.6651513576507568 
vn 0.3414730429649353 0.9340953826904297 -0.10422144085168839 
vn -0.09132961928844452 0.8775985240936279 0.4706161916255951 
vn 0.149351567029953 0.9349395632743835 -0.3218414783477783 
vn -0.47848331928253174 0.877598226070404 0.029568711295723915 
vn 0.08405015617609024 0.8125264048576355 -0.5768328905105591 
vn -0.6081305146217346 0.6326157450675964 -0.47955575585365295 
vn 0.16691936552524567 0.6197409629821777 -0.7668499946594238 
vn -0.4369569420814514 0.23743267357349396 -0.8675794005393982 
vn -0.030022012069821358 -0.1577502340078354 -0.9870225787162781 
vn 0.538561224937439 0.6974651217460632 -0.4727519452571869 
vn 0.538561224937439 0.6974651217460632 -0.4727519452571869 
vn 0.538561224937439 0.6974651217460632 -0.4727519452571869 
vn 0.3700411021709442 0.42153140902519226 -0.8278772830963135 
vn 0.45800676941871643 -0.4027322828769684 -0.792487382888794 
vn 0.538561224937439 0.6974651217460632 -0.4727519452571869 
vn 0.614419162273407 0.2991184592247009 -0.7300803065299988 
vn 0.8451604843139648 -0.4027319848537445 -0.3514399230480194 
vn 0.538561224937439 0.6974651217460632 -0.4727519452571869 
vn 0.8053053617477417 0.29996296763420105 -0.5113760232925415 
vn 0.9748076796531677 -0.15774953365325928 0.1576845645904541 
vn 0.538561224937439 0.6974651217460632 -0.4727519452571869 
vn 0.8689866065979004 0.4193389117717743 -0.2627112567424774 
vn 0.8036341071128845 0.2374335527420044 0.5457082390785217 
vn 0.538561224937439 0.6974651217460632 -0.4727519452571869 
vn 0.7840089797973633 0.6170293092727661 -0.06785961985588074 
vn 0.5797877311706543 0.8147196173667908 -0.008850918151438236 
vn 0.538561224937439 0.6974651217460632 -0.4727519452571869 
vn 0.538561224937439 0.6974651217460632 -0.4727519452571869 
vn 0.538561224937439 0.6974651217460632 -0.4727519452571869 
vn -0.5253417491912842 0.7150931358337402 0.46114781498908997 
vn -0.5253417491912842 0.7150931358337402 0.46114781498908997 
vn -0.5253417491912842 0.7150931358337402 0.46114781498908997 
vn -0.5253417491912842 0.7150931358337402 0.46114781498908997 
vn -0.5253417491912842 0.7150931358337402 0.46114781498908997 
vn -0.5253417491912842 0.7150931358337402 0.46114781498908997 
vn -0.5253417491912842 0.7150931358337402 0.46114781498908997 
vn -0.5253417491912842 0.7150931358337402 0.46114781498908997 
vn -0.5253417491912842 0.7150931358337402 0.46114781498908997 
vn -0.5253417491912842 0.7150931358337402 0.46114781498908997 
vn -0.5253417491912842 0.7150931358337402 0.46114781498908997 
vn -0.5253417491912842 0.7150931358337402 0.46114781498908997 
vn 0.22565807402133942 0.41881734132766724 0.8795854449272156 
vn 0.030632641166448593 0.157313272356987 0.987073540687561 
vn 0.6585195064544678 -0.0015232834266498685 0.7525619268417358 
vn 0.4369569420814514 -0.23743267357349396 0.8675794005393982 
vn 0.6081019043922424 -0.632178783416748 0.48016786575317383 
vn 0.8405694961547852 -0.4218640625476837 0.33981284499168396 
vn 0.4756720960140228 -0.8789357542991638 -0.034744590520858765 
vn 0.7025941014289856 -0.6823947429656982 -0.20173779129981995 
vn 0.09312082827091217 -0.8781037330627441 -0.46932098269462585 
vn 0.2910909056663513 -0.6823949813842773 -0.6705243587493896 
vn -0.39424750208854675 -0.6343673467636108 -0.6649414896965027 
vn -0.22801126539707184 -0.4218648374080658 -0.8775197863578796 
vn -0.8056066036224365 -0.23473003506660461 -0.5439667105674744 
vn -0.6608726382255554 -0.0015242124209180474 -0.7504963278770447 
vn -0.8429226875305176 0.41881656646728516 -0.3377472162246704 
vn -0.9749173521995544 0.15950042009353638 -0.15522634983062744 
vn -0.704947292804718 0.6793472170829773 0.2038034200668335 
vn -0.8441083431243896 0.4032372236251831 0.353383868932724 
vn -0.29344409704208374 0.6793475151062012 0.6725899577140808 
vn -0.46277469396591187 0.40406981110572815 0.789029061794281 
vn -0.6608726382255554 -0.0015242124209180474 -0.7504963278770447 
vn -0.6585195064544678 0.0015232834266498685 -0.7525619268417358 
vn -0.6608726382255554 -0.0015242124209180474 -0.7504963278770447 
vn -0.6585195064544678 0.0015232834266498685 -0.7525619268417358 
vn -0.6585195064544678 0.0015232834266498685 -0.7525619268417358 
vn -0.6608726382255554 -0.0015242124209180474 -0.7504963278770447 
vn -0.6608726382255554 -0.0015242124209180474 -0.7504963278770447 
vn -0.6608726382255554 -0.0015242124209180474 -0.7504963278770447 
vn -0.6608726382255554 -0.0015242124209180474 -0.7504963278770447 
vn 0.6585195064544678 -0.0015232834266498685 0.7525619268417358 
vn 0.6585195064544678 -0.0015232834266498685 0.7525619268417358 
vn 0.6585195064544678 -0.0015232834266498685 0.7525619268417358 
vn 0.6585195064544678 -0.0015232834266498685 0.7525619268417358 
vn 0.6585195064544678 -0.0015232834266498685 0.7525619268417358 
vn 0.6585195064544678 -0.0015232834266498685 0.7525619268417358 
vn 0.6585195064544678 -0.0015232834266498685 0.7525619268417358 
vn 0.6585195064544678 -0.0015232834266498685 0.7525619268417358 
vn 0.6585195064544678 -0.0015232834266498685 0.7525619268417358 
vn -0.538561224937439 -0.6974651217460632 0.4727519452571869 
vn -0.8049507141113281 -0.29978978633880615 0.5120355486869812 
vn -0.538561224937439 -0.6974651217460632 0.4727519452571869 
vn -0.8687912821769714 -0.4224034547805786 0.25841253995895386 
vn -0.538561224937439 -0.6974651217460632 0.4727519452571869 
vn -0.7859724760055542 -0.6143311858177185 0.06960342824459076 
vn -0.5840755105018616 -0.8116551041603088 0.0084874602034688 
vn -0.39424750208854675 -0.6343673467636108 -0.6649414896965027 
vn 0.09312082827091217 -0.8781037330627441 -0.46932098269462585 
vn -0.8441083431243896 0.4032372236251831 0.353383868932724 
vn -0.9749173521995544 0.15950042009353638 -0.15522634983062744 
vn -0.8056066036224365 -0.23473003506660461 -0.5439667105674744 
vn -0.46277469396591187 0.40406981110572815 0.789029061794281 
vn -0.6150099635124207 -0.2989538013935089 0.7296501994132996 
vn 0.030632641166448593 0.157313272356987 0.987073540687561 
vn -0.37188097834587097 -0.4202163815498352 0.8277214169502258 
vn 0.4369569420814514 -0.23743267357349396 0.8675794005393982 
vn -0.1688929796218872 -0.6170288920402527 0.7686029076576233 
vn -0.08396628499031067 -0.8138414621353149 0.5749883055686951 
vn -0.538561224937439 -0.6974651217460632 0.4727519452571869 
vn -0.538561224937439 -0.6974651217460632 0.4727519452571869 
vn -0.538561224937439 -0.6974651217460632 0.4727519452571869 
vn -0.538561224937439 -0.6974651217460632 0.4727519452571869 
vn -0.538561224937439 -0.6974651217460632 0.4727519452571869 
vn -0.538561224937439 -0.6974651217460632 0.4727519452571869 
vn -0.34086504578590393 -0.9342685341835022 0.1046585813164711 
vn -0.538561224937439 -0.6974651217460632 0.4727519452571869 
vn -0.14970150589942932 -0.935104250907898 0.321199893951416 
vn 0.4756720960140228 -0.8789357542991638 -0.034744590520858765 
vn 0.6081019043922424 -0.632178783416748 0.48016786575317383 
vn 0.538561224937439 0.6974651217460632 -0.4727519452571869 
vn -0.538561224937439 -0.6974651217460632 0.4727519452571869 
vn 0.6585195064544678 -0.0015232834266498685 0.7525619268417358 
vn 0.6585195064544678 -0.0015232834266498685 0.7525619268417358 
vn 0.538561224937439 0.6974651217460632 -0.4727519452571869 
vn -0.5253417491912842 0.7150931358337402 0.46114781498908997 
vn -0.6608726382255554 -0.0015242124209180474 -0.7504963278770447 
vn 0.6585195064544678 -0.0015232834266498685 0.7525619268417358 
vn 0.538561224937439 0.6974651217460632 -0.4727519452571869 
vn -0.538561224937439 -0.6974651217460632 0.4727519452571869 
vn -0.538561224937439 -0.6974651217460632 0.4727519452571869 
vn -0.5883346796035767 -0.09327267110347748 -0.8032199740409851 
vn -0.538561224937439 -0.6974651217460632 0.4727519452571869 
vn -0.41458073258399963 0.706100344657898 0.5740598440170288 
vn -0.20628736913204193 -0.9625194072723389 0.1760736107826233 
vn 0.6585195064544678 -0.0015232834266498685 0.7525619268417358 
vn 0.6585195064544678 -0.0015232834266498685 0.7525619268417358 
vn -0.538561224937439 -0.6974651217460632 0.4727519452571869 
vn 0.6585195064544678 -0.0015232834266498685 0.7525619268417358 
vn -0.538561224937439 -0.6974651217460632 0.4727519452571869 
vn 0.538561224937439 0.6974651217460632 -0.4727519452571869 
vn -0.538561224937439 -0.6974651217460632 0.4727519452571869 
vn 0.538561224937439 0.6974651217460632 -0.4727519452571869 
vn 0.6608726382255554 0.0015242124209180474 0.7504963278770447 
vn 0.6585195064544678 -0.0015232834266498685 0.7525619268417358 
vn 0.6585195064544678 -0.0015232834266498685 0.7525619268417358 
vn 0.538561224937439 0.6974651217460632 -0.4727519452571869 
vn 0.6608726382255554 0.0015242124209180474 0.7504963278770447 
vn 0.538561224937439 0.6974651217460632 -0.4727519452571869 
vn -0.538561224937439 -0.6974651217460632 0.4727519452571869 
vn -0.538561224937439 -0.6974651217460632 0.4727519452571869 
vn 0.538561224937439 0.6974651217460632 -0.4727519452571869 
vn -0.538561224937439 -0.6974651217460632 0.4727519452571869 
vn 0.6585195064544678 -0.0015232834266498685 0.7525619268417358 
vn 0.6585195064544678 -0.0015232834266498685 0.7525619268417358 
vn 0.6585195064544678 -0.0015232834266498685 0.7525619268417358 
vn 0.538561224937439 0.6974651217460632 -0.4727519452571869 
vn -0.538561224937439 -0.6974651217460632 0.4727519452571869 
vn 0.538561224937439 0.6974651217460632 -0.4727519452571869 
vn -0.6521247029304504 0.6991317868232727 0.2931678891181946 
vn -0.16176897287368774 -0.9609687328338623 0.22443239390850067 
vn 0.09053761512041092 0.9475902318954468 -0.30639123916625977 
vn 0.537955641746521 0.23837865889072418 -0.8085662126541138 
vn -0.17749127745628357 0.8151527643203735 -0.551382303237915 
vn -0.5224323868751526 0.7144753336906433 -0.4653908312320709 
vn -0.5224323868751526 0.7144753336906433 -0.4653908312320709 
vn -0.5224323868751526 0.7144753336906433 -0.4653908312320709 
vn -0.5224323868751526 0.7144753336906433 -0.4653908312320709 
vn -0.5224323868751526 0.7144753336906433 -0.4653908312320709 
vn -0.5224323868751526 0.7144753336906433 -0.4653908312320709 
vn -0.6806076169013977 -0.01696198247373104 0.7324516773223877 
vn -0.6806076169013977 -0.01696198247373104 0.7324516773223877 
vn -0.6806076169013977 -0.01696198247373104 0.7324516773223877 
vn -0.6806076169013977 -0.01696198247373104 0.7324516773223877 
vn -0.6806076169013977 -0.01696198247373104 0.7324516773223877 
vn -0.6806076169013977 -0.01696198247373104 0.7324516773223877 
vn -0.8011002540588379 -0.5981274247169495 -0.02195720560848713 
vn -0.8011002540588379 -0.5981274247169495 -0.02195720560848713 
vn -0.8011002540588379 -0.5981274247169495 -0.02195720560848713 
vn -0.8011002540588379 -0.5981274247169495 -0.02195720560848713 
vn -0.8011002540588379 -0.5981274247169495 -0.02195720560848713 
vn -0.8011002540588379 -0.5981274247169495 -0.02195720560848713 
vn 0.3063683807849884 -0.35346710681915283 -0.8838548064231873 
vn 0.3063683807849884 -0.35346710681915283 -0.8838548064231873 
vn 0.3063683807849884 -0.35346710681915283 -0.8838548064231873 
vn 0.3063683807849884 -0.35346710681915283 -0.8838548064231873 
vn 0.3063683807849884 -0.35346710681915283 -0.8838548064231873 
vn 0.3063683807849884 -0.35346710681915283 -0.8838548064231873 
vn -0.5224323868751526 0.7144753336906433 -0.4653908312320709 
vn -0.5224323868751526 0.7144753336906433 -0.4653908312320709 
vn -0.5224323868751526 0.7144753336906433 -0.4653908312320709 
vn -0.5224323868751526 0.7144753336906433 -0.4653908312320709 
vn -0.5224323868751526 0.7144753336906433 -0.4653908312320709 
vn -0.5224323868751526 0.7144753336906433 -0.4653908312320709 
vn 0.5224441885948181 -0.7140175104141235 0.4660796821117401 
vn 0.5224441885948181 -0.7140175104141235 0.4660796821117401 
vn 0.5224441885948181 -0.7140175104141235 0.4660796821117401 
vn 0.5224441885948181 -0.7140175104141235 0.4660796821117401 
vn 0.5224441885948181 -0.7140175104141235 0.4660796821117401 
vn 0.5224441885948181 -0.7140175104141235 0.4660796821117401 
vn 0.795904278755188 0.6046434044837952 0.030707981437444687 
vn 0.795904278755188 0.6046434044837952 0.030707981437444687 
vn 0.795904278755188 0.6046434044837952 0.030707981437444687 
vn 0.795904278755188 0.6046434044837952 0.030707981437444687 
vn 0.795904278755188 0.6046434044837952 0.030707981437444687 
vn 0.795904278755188 0.6046434044837952 0.030707981437444687 
vn -0.7959781885147095 -0.6045488119125366 -0.030652744695544243 
vn -0.7959781885147095 -0.6045488119125366 -0.030652744695544243 
vn -0.7959781885147095 -0.6045488119125366 -0.030652744695544243 
vn -0.7959781885147095 -0.6045488119125366 -0.030652744695544243 
vn -0.7959781885147095 -0.6045488119125366 -0.030652744695544243 
vn -0.7959781885147095 -0.6045488119125366 -0.030652744695544243 
vn -0.7959781885147095 -0.6045488119125366 -0.030652744695544243 
vn -0.7959781885147095 -0.6045488119125366 -0.030652744695544243 
vn -0.7959781885147095 -0.6045488119125366 -0.030652744695544243 
vn -0.7959781885147095 -0.6045488119125366 -0.030652744695544243 
vn -0.7959781885147095 -0.6045488119125366 -0.030652744695544243 
vn -0.7959781885147095 -0.6045488119125366 -0.030652744695544243 
vn -0.5224323868751526 0.7144753336906433 -0.4653908312320709 
vn -0.5224323868751526 0.7144753336906433 -0.4653908312320709 
vn -0.5224323868751526 0.7144753336906433 -0.4653908312320709 
vn -0.5224323868751526 0.7144753336906433 -0.4653908312320709 
vn -0.5224323868751526 0.7144753336906433 -0.4653908312320709 
vn -0.5224323868751526 0.7144753336906433 -0.4653908312320709 
vn 0.5224441885948181 -0.7140175104141235 0.4660796821117401 
vn 0.5224441885948181 -0.7140175104141235 0.4660796821117401 
vn 0.5224441885948181 -0.7140175104141235 0.4660796821117401 
vn 0.5224441885948181 -0.7140175104141235 0.4660796821117401 
vn 0.5224441885948181 -0.7140175104141235 0.4660796821117401 
vn 0.5224441885948181 -0.7140175104141235 0.4660796821117401 
vn 0.7784279584884644 0.17470908164978027 -0.6029316782951355 
vn 0.7784279584884644 0.17470908164978027 -0.6029316782951355 
vn 0.7784279584884644 0.17470908164978027 -0.6029316782951355 
vn 0.7784279584884644 0.17470908164978027 -0.6029316782951355 
vn 0.7784279584884644 0.17470908164978027 -0.6029316782951355 
vn 0.7784279584884644 0.17470908164978027 -0.6029316782951355 
vn 0.5224441885948181 -0.7140175104141235 0.4660796821117401 
vn 0.5224441885948181 -0.7140175104141235 0.4660796821117401 
vn 0.5224441885948181 -0.7140175104141235 0.4660796821117401 
vn 0.5224441885948181 -0.7140175104141235 0.4660796821117401 
vn 0.5224441885948181 -0.7140175104141235 0.4660796821117401 
vn 0.5224441885948181 -0.7140175104141235 0.4660796821117401 
vn 0.3991125524044037 -0.2746230959892273 -0.8748092651367188 
vn 0.3991125524044037 -0.2746230959892273 -0.8748092651367188 
vn 0.3991125524044037 -0.2746230959892273 -0.8748092651367188 
vn 0.3991125524044037 -0.2746230959892273 -0.8748092651367188 
vn 0.3991125524044037 -0.2746230959892273 -0.8748092651367188 
vn 0.3991125524044037 -0.2746230959892273 -0.8748092651367188 
vn -0.5224323868751526 0.7144753336906433 -0.4653908312320709 
vn -0.5224323868751526 0.7144753336906433 -0.4653908312320709 
vn -0.5224323868751526 0.7144753336906433 -0.4653908312320709 
vn -0.5224323868751526 0.7144753336906433 -0.4653908312320709 
vn -0.5224323868751526 0.7144753336906433 -0.4653908312320709 
vn -0.3063683807849884 0.35346710681915283 0.8838548064231873 
vn -0.3063683807849884 0.35346710681915283 0.8838548064231873 
vn -0.3063683807849884 0.35346710681915283 0.8838548064231873 
vn -0.3063683807849884 0.35346710681915283 0.8838548064231873 
vn -0.3063683807849884 0.35346710681915283 0.8838548064231873 
vn -0.3063683807849884 0.35346710681915283 0.8838548064231873 
vn -0.5224323868751526 0.7144753336906433 -0.4653908312320709 
vn -0.5224323868751526 0.7144753336906433 -0.4653908312320709 
vn -0.5224323868751526 0.7144753336906433 -0.4653908312320709 
vn -0.5224323868751526 0.7144753336906433 -0.4653908312320709 
vn -0.5224323868751526 0.7144753336906433 -0.4653908312320709 
vn -0.5224323868751526 0.7144753336906433 -0.4653908312320709 
vn 0.3515828847885132 0.6777889728546143 0.6457489728927612 
vn 0.3515828847885132 0.6777889728546143 0.6457489728927612 
vn 0.3515828847885132 0.6777889728546143 0.6457489728927612 
vn 0.3515828847885132 0.6777889728546143 0.6457489728927612 
vn 0.3515828847885132 0.6777889728546143 0.6457489728927612 
vn 0.3515828847885132 0.6777889728546143 0.6457489728927612 
vn 0.5224441885948181 -0.7140175104141235 0.4660796821117401 
vn 0.5224441885948181 -0.7140175104141235 0.4660796821117401 
vn 0.5224441885948181 -0.7140175104141235 0.4660796821117401 
vn 0.5224441885948181 -0.7140175104141235 0.4660796821117401 
vn 0.5224441885948181 -0.7140175104141235 0.4660796821117401 
vn 0.5224441885948181 -0.7140175104141235 0.4660796821117401 
vn -0.34791165590286255 -0.6768074035644531 -0.6487599015235901 
vn -0.34791165590286255 -0.6768074035644531 -0.6487599015235901 
vn -0.34791165590286255 -0.6768074035644531 -0.6487599015235901 
vn -0.34791165590286255 -0.6768074035644531 -0.6487599015235901 
vn -0.34791165590286255 -0.6768074035644531 -0.6487599015235901 
vn -0.34791165590286255 -0.6768074035644531 -0.6487599015235901 
vn -0.5224323868751526 0.7144753336906433 -0.4653908312320709 
vn -0.5224323868751526 0.7144753336906433 -0.4653908312320709 
vn -0.5224323868751526 0.7144753336906433 -0.4653908312320709 
vn -0.5224323868751526 0.7144753336906433 -0.4653908312320709 
vn -0.5224323868751526 0.7144753336906433 -0.4653908312320709 
vn -0.5224323868751526 0.7144753336906433 -0.4653908312320709 
vn 0.795904278755188 0.6046434044837952 0.030707981437444687 
vn 0.795904278755188 0.6046434044837952 0.030707981437444687 
vn 0.795904278755188 0.6046434044837952 0.030707981437444687 
vn 0.795904278755188 0.6046434044837952 0.030707981437444687 
vn 0.795904278755188 0.6046434044837952 0.030707981437444687 
vn 0.795904278755188 0.6046434044837952 0.030707981437444687 
vn 0.5224441885948181 -0.7140175104141235 0.4660796821117401 
vn 0.5224441885948181 -0.7140175104141235 0.4660796821117401 
vn 0.5224441885948181 -0.7140175104141235 0.4660796821117401 
vn 0.5224441885948181 -0.7140175104141235 0.4660796821117401 
vn 0.5224441885948181 -0.7140175104141235 0.4660796821117401 
vn 0.5224441885948181 -0.7140175104141235 0.4660796821117401 
vn -0.7959781885147095 -0.6045488119125366 -0.030652744695544243 
vn -0.7959781885147095 -0.6045488119125366 -0.030652744695544243 
vn -0.7959781885147095 -0.6045488119125366 -0.030652744695544243 
vn -0.7959781885147095 -0.6045488119125366 -0.030652744695544243 
vn -0.7959781885147095 -0.6045488119125366 -0.030652744695544243 
vn -0.7959781885147095 -0.6045488119125366 -0.030652744695544243 
vn 0.8844276070594788 -0.23962822556495667 0.40045642852783203 
vn 0.8844276070594788 -0.23962822556495667 0.40045642852783203 
vn 0.8844276070594788 -0.23962822556495667 0.40045642852783203 
vn 0.8844276070594788 -0.23962822556495667 0.40045642852783203 
vn 0.8844276070594788 -0.23962822556495667 0.40045642852783203 
vn 0.8844276070594788 -0.23962822556495667 0.40045642852783203 
vn 0.8844276070594788 -0.23962822556495667 0.40045642852783203 
vn 0.8844276070594788 -0.23962822556495667 0.40045642852783203 
vn 0.8844276070594788 -0.23962822556495667 0.40045642852783203 
vn 0.8844276070594788 -0.23962822556495667 0.40045642852783203 
vn 0.8844276070594788 -0.23962822556495667 0.40045642852783203 
vn 0.8844276070594788 -0.23962822556495667 0.40045642852783203 
vn 0.11305399984121323 -0.5077196359634399 0.8540722131729126 
vn 0.11305399984121323 -0.5077196359634399 0.8540722131729126 
vn 0.11305399984121323 -0.5077196359634399 0.8540722131729126 
vn 0.11305399984121323 -0.5077196359634399 0.8540722131729126 
vn 0.11305399984121323 -0.5077196359634399 0.8540722131729126 
vn 0.11305399984121323 -0.5077196359634399 0.8540722131729126 
vn -0.0263738464564085 -0.9306328296661377 0.3650023341178894 
vn -0.0263738464564085 -0.9306328296661377 0.3650023341178894 
vn -0.0263738464564085 -0.9306328296661377 0.3650023341178894 
vn -0.0263738464564085 -0.9306328296661377 0.3650023341178894 
vn -0.0263738464564085 -0.9306328296661377 0.3650023341178894 
vn -0.0263738464564085 -0.9306328296661377 0.3650023341178894 
vn -0.0263738464564085 -0.9306328296661377 0.3650023341178894 
vn -0.0263738464564085 -0.9306328296661377 0.3650023341178894 
vn -0.0263738464564085 -0.9306328296661377 0.3650023341178894 
vn -0.0263738464564085 -0.9306328296661377 0.3650023341178894 
vn -0.0263738464564085 -0.9306328296661377 0.3650023341178894 
vn -0.0263738464564085 -0.9306328296661377 0.3650023341178894 
vn -0.0263738464564085 -0.9306328296661377 0.3650023341178894 
vn -0.0263738464564085 -0.9306328296661377 0.3650023341178894 
vn -0.0263738464564085 -0.9306328296661377 0.3650023341178894 
vn -0.0263738464564085 -0.9306328296661377 0.3650023341178894 
vn -0.0263738464564085 -0.9306328296661377 0.3650023341178894 
vn -0.0263738464564085 -0.9306328296661377 0.3650023341178894 
vn 0.602985680103302 -0.7883651256561279 -0.12201585620641708 
vn 0.602985680103302 -0.7883651256561279 -0.12201585620641708 
vn 0.602985680103302 -0.7883651256561279 -0.12201585620641708 
vn 0.602985680103302 -0.7883651256561279 -0.12201585620641708 
vn 0.602985680103302 -0.7883651256561279 -0.12201585620641708 
vn 0.602985680103302 -0.7883651256561279 -0.12201585620641708 
vn 0.8844276070594788 -0.23962822556495667 0.40045642852783203 
vn 0.8844276070594788 -0.23962822556495667 0.40045642852783203 
vn 0.8844276070594788 -0.23962822556495667 0.40045642852783203 
vn 0.8844276070594788 -0.23962822556495667 0.40045642852783203 
vn 0.8844276070594788 -0.23962822556495667 0.40045642852783203 
vn 0.8844276070594788 -0.23962822556495667 0.40045642852783203 
vn -0.5224323868751526 0.7144753336906433 -0.4653908312320709 
vn -0.5224323868751526 0.7144753336906433 -0.4653908312320709 
vn -0.5224323868751526 0.7144753336906433 -0.4653908312320709 
vn -0.5224323868751526 0.7144753336906433 -0.4653908312320709 
vn -0.5224323868751526 0.7144753336906433 -0.4653908312320709 
vn -0.5224323868751526 0.7144753336906433 -0.4653908312320709 
vn 0.5224441885948181 -0.7140175104141235 0.4660796821117401 
vn 0.5224441885948181 -0.7140175104141235 0.4660796821117401 
vn 0.5224441885948181 -0.7140175104141235 0.4660796821117401 
vn 0.5224441885948181 -0.7140175104141235 0.4660796821117401 
vn 0.5224441885948181 -0.7140175104141235 0.4660796821117401 
vn 0.5224441885948181 -0.7140175104141235 0.4660796821117401 
vn 0.1659187227487564 0.6195882558822632 0.7671905755996704 
vn 0.1659187227487564 0.6195882558822632 0.7671905755996704 
vn 0.1659187227487564 0.6195882558822632 0.7671905755996704 
vn 0.1659187227487564 0.6195882558822632 0.7671905755996704 
vn 0.1659187227487564 0.6195882558822632 0.7671905755996704 
vn 0.1659187227487564 0.6195882558822632 0.7671905755996704 
vn 0.7938502430915833 0.6066888570785522 0.041600774973630905 
vn 0.7938502430915833 0.6066888570785522 0.041600774973630905 
vn 0.7938502430915833 0.6066888570785522 0.041600774973630905 
vn 0.7938502430915833 0.6066888570785522 0.041600774973630905 
vn 0.7938502430915833 0.6066888570785522 0.041600774973630905 
vn 0.7938502430915833 0.6066888570785522 0.041600774973630905 
vn 0.3063683807849884 -0.35346710681915283 -0.8838548064231873 
vn 0.3063683807849884 -0.35346710681915283 -0.8838548064231873 
vn 0.3063683807849884 -0.35346710681915283 -0.8838548064231873 
vn 0.3063683807849884 -0.35346710681915283 -0.8838548064231873 
vn 0.3063683807849884 -0.35346710681915283 -0.8838548064231873 
vn 0.3063683807849884 -0.35346710681915283 -0.8838548064231873 
vn -0.5224323868751526 0.7144753336906433 -0.4653908312320709 
vn -0.5224323868751526 0.7144753336906433 -0.4653908312320709 
vn -0.5224323868751526 0.7144753336906433 -0.4653908312320709 
vn -0.5224323868751526 0.7144753336906433 -0.4653908312320709 
vn -0.5224323868751526 0.7144753336906433 -0.4653908312320709 
vn -0.5224323868751526 0.7144753336906433 -0.4653908312320709 
vn 0.5224441885948181 -0.7140175104141235 0.4660796821117401 
vn 0.5224441885948181 -0.7140175104141235 0.4660796821117401 
vn 0.5224441885948181 -0.7140175104141235 0.4660796821117401 
vn 0.5224441885948181 -0.7140175104141235 0.4660796821117401 
vn 0.5224441885948181 -0.7140175104141235 0.4660796821117401 
vn 0.5224441885948181 -0.7140175104141235 0.4660796821117401 
vn -0.7959781885147095 -0.6045488119125366 -0.030652744695544243 
vn -0.7959781885147095 -0.6045488119125366 -0.030652744695544243 
vn -0.7959781885147095 -0.6045488119125366 -0.030652744695544243 
vn -0.7959781885147095 -0.6045488119125366 -0.030652744695544243 
vn -0.7959781885147095 -0.6045488119125366 -0.030652744695544243 
vn -0.7959781885147095 -0.6045488119125366 -0.030652744695544243 
vn 0.795904278755188 0.6046434044837952 0.030707981437444687 
vn 0.795904278755188 0.6046434044837952 0.030707981437444687 
vn 0.795904278755188 0.6046434044837952 0.030707981437444687 
vn 0.795904278755188 0.6046434044837952 0.030707981437444687 
vn 0.795904278755188 0.6046434044837952 0.030707981437444687 
vn 0.795904278755188 0.6046434044837952 0.030707981437444687 
vn -0.5224323868751526 0.7144753336906433 -0.4653908312320709 
vn -0.5224323868751526 0.7144753336906433 -0.4653908312320709 
vn -0.5224323868751526 0.7144753336906433 -0.4653908312320709 
vn -0.5224323868751526 0.7144753336906433 -0.4653908312320709 
vn -0.5224323868751526 0.7144753336906433 -0.4653908312320709 
vn -0.5224323868751526 0.7144753336906433 -0.4653908312320709 
vn 0.5224441885948181 -0.7140175104141235 0.4660796821117401 
vn 0.5224441885948181 -0.7140175104141235 0.4660796821117401 
vn 0.5224441885948181 -0.7140175104141235 0.4660796821117401 
vn 0.5224441885948181 -0.7140175104141235 0.4660796821117401 
vn 0.5224441885948181 -0.7140175104141235 0.4660796821117401 
vn 0.5224441885948181 -0.7140175104141235 0.4660796821117401 
vn -0.34354153275489807 -0.6762694120407104 -0.6516433358192444 
vn -0.34354153275489807 -0.6762694120407104 -0.6516433358192444 
vn -0.34354153275489807 -0.6762694120407104 -0.6516433358192444 
vn -0.34354153275489807 -0.6762694120407104 -0.6516433358192444 
vn -0.34354153275489807 -0.6762694120407104 -0.6516433358192444 
vn -0.34354153275489807 -0.6762694120407104 -0.6516433358192444 
vn 0.5224441885948181 -0.7140175104141235 0.4660796821117401 
vn 0.5224441885948181 -0.7140175104141235 0.4660796821117401 
vn 0.5224441885948181 -0.7140175104141235 0.4660796821117401 
vn 0.5224441885948181 -0.7140175104141235 0.4660796821117401 
vn 0.5224441885948181 -0.7140175104141235 0.4660796821117401 
vn 0.5224441885948181 -0.7140175104141235 0.4660796821117401 
vn 0.20541423559188843 -0.42887061834335327 -0.879701554775238 
vn 0.20541423559188843 -0.42887061834335327 -0.879701554775238 
vn 0.20541423559188843 -0.42887061834335327 -0.879701554775238 
vn 0.20541423559188843 -0.42887061834335327 -0.879701554775238 
vn 0.20541423559188843 -0.42887061834335327 -0.879701554775238 
vn 0.20541423559188843 -0.42887061834335327 -0.879701554775238 
vn -0.5224323868751526 0.7144753336906433 -0.4653908312320709 
vn -0.5224323868751526 0.7144753336906433 -0.4653908312320709 
vn -0.5224323868751526 0.7144753336906433 -0.4653908312320709 
vn -0.5224323868751526 0.7144753336906433 -0.4653908312320709 
vn -0.5224323868751526 0.7144753336906433 -0.4653908312320709 
vn -0.5224323868751526 0.7144753336906433 -0.4653908312320709 
vn -0.3063683807849884 0.35346710681915283 0.8838548064231873 
vn -0.3063683807849884 0.35346710681915283 0.8838548064231873 
vn -0.3063683807849884 0.35346710681915283 0.8838548064231873 
vn -0.3063683807849884 0.35346710681915283 0.8838548064231873 
vn -0.3063683807849884 0.35346710681915283 0.8838548064231873 
vn -0.3063683807849884 0.35346710681915283 0.8838548064231873 
vn -0.5224323868751526 0.7144753336906433 -0.4653908312320709 
vn -0.5224323868751526 0.7144753336906433 -0.4653908312320709 
vn -0.5224323868751526 0.7144753336906433 -0.4653908312320709 
vn -0.5224323868751526 0.7144753336906433 -0.4653908312320709 
vn -0.5224323868751526 0.7144753336906433 -0.4653908312320709 
vn -0.5224323868751526 0.7144753336906433 -0.4653908312320709 
vn -0.7788145542144775 -0.17915360629558563 0.6011254787445068 
vn -0.7788145542144775 -0.17915360629558563 0.6011254787445068 
vn -0.7788145542144775 -0.17915360629558563 0.6011254787445068 
vn -0.7788145542144775 -0.17915360629558563 0.6011254787445068 
vn -0.7788145542144775 -0.17915360629558563 0.6011254787445068 
vn -0.7788145542144775 -0.17915360629558563 0.6011254787445068 
vn 0.5224441885948181 -0.7140175104141235 0.4660796821117401 
vn 0.5224441885948181 -0.7140175104141235 0.4660796821117401 
vn 0.5224441885948181 -0.7140175104141235 0.4660796821117401 
vn 0.5224441885948181 -0.7140175104141235 0.4660796821117401 
vn 0.5224441885948181 -0.7140175104141235 0.4660796821117401 
vn 0.5224441885948181 -0.7140175104141235 0.4660796821117401 
vn 0.7784279584884644 0.17470908164978027 -0.6029316782951355 
vn 0.7784279584884644 0.17470908164978027 -0.6029316782951355 
vn 0.7784279584884644 0.17470908164978027 -0.6029316782951355 
vn 0.7784279584884644 0.17470908164978027 -0.6029316782951355 
vn 0.7784279584884644 0.17470908164978027 -0.6029316782951355 
vn 0.7784279584884644 0.17470908164978027 -0.6029316782951355 
vn -0.7959781885147095 -0.6045488119125366 -0.030652744695544243 
vn -0.7959781885147095 -0.6045488119125366 -0.030652744695544243 
vn -0.7959781885147095 -0.6045488119125366 -0.030652744695544243 
vn -0.7959781885147095 -0.6045488119125366 -0.030652744695544243 
vn -0.7959781885147095 -0.6045488119125366 -0.030652744695544243 
vn -0.7959781885147095 -0.6045488119125366 -0.030652744695544243 
vn 0.5224441885948181 -0.7140175104141235 0.4660796821117401 
vn 0.5224441885948181 -0.7140175104141235 0.4660796821117401 
vn 0.5224441885948181 -0.7140175104141235 0.4660796821117401 
vn 0.5224441885948181 -0.7140175104141235 0.4660796821117401 
vn 0.5224441885948181 -0.7140175104141235 0.4660796821117401 
vn 0.5224441885948181 -0.7140175104141235 0.4660796821117401 
vn 0.795904278755188 0.6046434044837952 0.030707981437444687 
vn 0.795904278755188 0.6046434044837952 0.030707981437444687 
vn 0.795904278755188 0.6046434044837952 0.030707981437444687 
vn 0.795904278755188 0.6046434044837952 0.030707981437444687 
vn 0.795904278755188 0.6046434044837952 0.030707981437444687 
vn 0.795904278755188 0.6046434044837952 0.030707981437444687 
vn -0.0263738464564085 -0.9306328296661377 0.3650023341178894 
vn -0.0263738464564085 -0.9306328296661377 0.3650023341178894 
vn -0.0263738464564085 -0.9306328296661377 0.3650023341178894 
vn -0.0263738464564085 -0.9306328296661377 0.3650023341178894 
vn -0.0263738464564085 -0.9306328296661377 0.3650023341178894 
vn -0.0263738464564085 -0.9306328296661377 0.3650023341178894 
vn -0.0263738464564085 -0.9306328296661377 0.3650023341178894 
vn -0.0263738464564085 -0.9306328296661377 0.3650023341178894 
vn -0.0263738464564085 -0.9306328296661377 0.3650023341178894 
vn -0.0263738464564085 -0.9306328296661377 0.3650023341178894 
vn -0.0263738464564085 -0.9306328296661377 0.3650023341178894 
vn -0.0263738464564085 -0.9306328296661377 0.3650023341178894 
vn 0.4124380946159363 -0.27666351199150085 0.8679583668708801 
vn 0.4124380946159363 -0.27666351199150085 0.8679583668708801 
vn 0.4124380946159363 -0.27666351199150085 0.8679583668708801 
vn 0.4124380946159363 -0.27666351199150085 0.8679583668708801 
vn 0.4124380946159363 -0.27666351199150085 0.8679583668708801 
vn 0.4124380946159363 -0.27666351199150085 0.8679583668708801 
vn 0.8844276070594788 -0.23962822556495667 0.40045642852783203 
vn 0.8844276070594788 -0.23962822556495667 0.40045642852783203 
vn 0.8844276070594788 -0.23962822556495667 0.40045642852783203 
vn 0.8844276070594788 -0.23962822556495667 0.40045642852783203 
vn 0.8844276070594788 -0.23962822556495667 0.40045642852783203 
vn 0.8844276070594788 -0.23962822556495667 0.40045642852783203 
vn 0.8844276070594788 -0.23962822556495667 0.40045642852783203 
vn 0.8844276070594788 -0.23962822556495667 0.40045642852783203 
vn 0.8844276070594788 -0.23962822556495667 0.40045642852783203 
vn 0.8844276070594788 -0.23962822556495667 0.40045642852783203 
vn 0.8844276070594788 -0.23962822556495667 0.40045642852783203 
vn 0.8844276070594788 -0.23962822556495667 0.40045642852783203 
vn 0.8844276070594788 -0.23962822556495667 0.40045642852783203 
vn 0.8844276070594788 -0.23962822556495667 0.40045642852783203 
vn 0.8844276070594788 -0.23962822556495667 0.40045642852783203 
vn 0.8844276070594788 -0.23962822556495667 0.40045642852783203 
vn 0.8844276070594788 -0.23962822556495667 0.40045642852783203 
vn 0.8844276070594788 -0.23962822556495667 0.40045642852783203 
vn 0.602985680103302 -0.7883651256561279 -0.12201585620641708 
vn 0.602985680103302 -0.7883651256561279 -0.12201585620641708 
vn 0.602985680103302 -0.7883651256561279 -0.12201585620641708 
vn 0.602985680103302 -0.7883651256561279 -0.12201585620641708 
vn 0.602985680103302 -0.7883651256561279 -0.12201585620641708 
vn 0.602985680103302 -0.7883651256561279 -0.12201585620641708 
vn -0.0263738464564085 -0.9306328296661377 0.3650023341178894 
vn -0.0263738464564085 -0.9306328296661377 0.3650023341178894 
vn -0.0263738464564085 -0.9306328296661377 0.3650023341178894 
vn -0.0263738464564085 -0.9306328296661377 0.3650023341178894 
vn -0.0263738464564085 -0.9306328296661377 0.3650023341178894 
vn -0.0263738464564085 -0.9306328296661377 0.3650023341178894 
vn 0.6059810519218445 0.7139412760734558 0.3508206307888031 
vn 0.6059810519218445 0.7139412760734558 0.3508206307888031 
vn 0.6059810519218445 0.7139412760734558 0.3508206307888031 
vn 0.6059810519218445 0.7139412760734558 0.3508206307888031 
vn 0.6059810519218445 0.7139412760734558 0.3508206307888031 
vn 0.6059810519218445 0.7139412760734558 0.3508206307888031 
vn 0.4735528230667114 0.849535346031189 -0.23245976865291595 
vn 0.4735528230667114 0.849535346031189 -0.23245976865291595 
vn 0.4735528230667114 0.849535346031189 -0.23245976865291595 
vn 0.4735528230667114 0.849535346031189 -0.23245976865291595 
vn 0.4735528230667114 0.849535346031189 -0.23245976865291595 
vn 0.4735528230667114 0.849535346031189 -0.23245976865291595 
vn 0.1561918556690216 0.6630956530570984 -0.732057511806488 
vn 0.1561918556690216 0.6630956530570984 -0.732057511806488 
vn 0.1561918556690216 0.6630956530570984 -0.732057511806488 
vn 0.1561918556690216 0.6630956530570984 -0.732057511806488 
vn 0.1561918556690216 0.6630956530570984 -0.732057511806488 
vn 0.1561918556690216 0.6630956530570984 -0.732057511806488 
vn -0.22138188779354095 0.22679395973682404 -0.9484483599662781 
vn -0.22138188779354095 0.22679395973682404 -0.9484483599662781 
vn -0.22138188779354095 0.22679395973682404 -0.9484483599662781 
vn -0.22138188779354095 0.22679395973682404 -0.9484483599662781 
vn -0.22138188779354095 0.22679395973682404 -0.9484483599662781 
vn -0.22138188779354095 0.22679395973682404 -0.9484483599662781 
vn -0.5117992162704468 -0.3029124140739441 -0.8039313554763794 
vn -0.5117992162704468 -0.3029124140739441 -0.8039313554763794 
vn -0.5117992162704468 -0.3029124140739441 -0.8039313554763794 
vn -0.5117992162704468 -0.3029124140739441 -0.8039313554763794 
vn -0.5117992162704468 -0.3029124140739441 -0.8039313554763794 
vn -0.5117992162704468 -0.3029124140739441 -0.8039313554763794 
vn -0.06272277235984802 0.8796157836914062 0.47153139114379883 
vn -0.06272277235984802 0.8796157836914062 0.47153139114379883 
vn -0.06272277235984802 0.8796157836914062 0.47153139114379883 
vn -0.06272277235984802 0.8796157836914062 0.47153139114379883 
vn -0.06272277235984802 0.8796157836914062 0.47153139114379883 
vn -0.06272277235984802 0.8796157836914062 0.47153139114379883 
vn -0.1687268167734146 0.9852705597877502 0.027798153460025787 
vn -0.1687268167734146 0.9852705597877502 0.027798153460025787 
vn -0.1687268167734146 0.9852705597877502 0.027798153460025787 
vn -0.1687268167734146 0.9852705597877502 0.027798153460025787 
vn -0.1687268167734146 0.9852705597877502 0.027798153460025787 
vn -0.1687268167734146 0.9852705597877502 0.027798153460025787 
vn -0.40912288427352905 0.8436737656593323 -0.3476095199584961 
vn -0.40912288427352905 0.8436737656593323 -0.3476095199584961 
vn -0.40912288427352905 0.8436737656593323 -0.3476095199584961 
vn -0.40912288427352905 0.8436737656593323 -0.3476095199584961 
vn -0.40912288427352905 0.8436737656593323 -0.3476095199584961 
vn -0.40912288427352905 0.8436737656593323 -0.3476095199584961 
vn -0.6904563903808594 0.5145251750946045 -0.5084612965583801 
vn -0.6904563903808594 0.5145251750946045 -0.5084612965583801 
vn -0.6904563903808594 0.5145251750946045 -0.5084612965583801 
vn -0.6904563903808594 0.5145251750946045 -0.5084612965583801 
vn -0.6904563903808594 0.5145251750946045 -0.5084612965583801 
vn -0.6904563903808594 0.5145251750946045 -0.5084612965583801 
vn -0.9087402820587158 0.11618494242429733 -0.40086355805397034 
vn -0.9087402820587158 0.11618494242429733 -0.40086355805397034 
vn -0.9087402820587158 0.11618494242429733 -0.40086355805397034 
vn -0.9087402820587158 0.11618494242429733 -0.40086355805397034 
vn -0.9087402820587158 0.11618494242429733 -0.40086355805397034 
vn -0.9087402820587158 0.11618494242429733 -0.40086355805397034 
vn -0.7921090126037598 0.5231786370277405 0.314398854970932 
vn -0.7921090126037598 0.5231786370277405 0.314398854970932 
vn -0.7921090126037598 0.5231786370277405 0.314398854970932 
vn -0.7921090126037598 0.5231786370277405 0.314398854970932 
vn -0.7921090126037598 0.5231786370277405 0.314398854970932 
vn -0.7921090126037598 0.5231786370277405 0.314398854970932 
vn -0.7921090126037598 0.5231786370277405 0.314398854970932 
vn -0.7921090126037598 0.5231786370277405 0.314398854970932 
vn -0.7921090126037598 0.5231786370277405 0.314398854970932 
vn -0.7921090126037598 0.5231786370277405 0.314398854970932 
vn -0.7921090126037598 0.5231786370277405 0.314398854970932 
vn -0.7921090126037598 0.5231786370277405 0.314398854970932 
vn -0.7921090126037598 0.5231786370277405 0.314398854970932 
vn -0.7921090126037598 0.5231786370277405 0.314398854970932 
vn -0.7921090126037598 0.5231786370277405 0.314398854970932 
vn -0.7921090126037598 0.5231786370277405 0.314398854970932 
vn -0.7921090126037598 0.5231786370277405 0.314398854970932 
vn -0.7921090126037598 0.5231786370277405 0.314398854970932 
vn -0.7921090126037598 0.5231786370277405 0.314398854970932 
vn -0.7921090126037598 0.5231786370277405 0.314398854970932 
vn -0.7921090126037598 0.5231786370277405 0.314398854970932 
vn -0.7921090126037598 0.5231786370277405 0.314398854970932 
vn -0.7921090126037598 0.5231786370277405 0.314398854970932 
vn -0.7921090126037598 0.5231786370277405 0.314398854970932 
vn -0.7921090126037598 0.5231786370277405 0.314398854970932 
vn -0.7921090126037598 0.5231786370277405 0.314398854970932 
vn -0.7921090126037598 0.5231786370277405 0.314398854970932 
vn -0.7921090126037598 0.5231786370277405 0.314398854970932 
vn -0.7921090126037598 0.5231786370277405 0.314398854970932 
vn -0.7921090126037598 0.5231786370277405 0.314398854970932 
vn -0.6093505620956421 -0.7111820578575134 -0.3505884110927582 
vn -0.6093505620956421 -0.7111820578575134 -0.3505884110927582 
vn -0.6093505620956421 -0.7111820578575134 -0.3505884110927582 
vn -0.6093505620956421 -0.7111820578575134 -0.3505884110927582 
vn -0.6093505620956421 -0.7111820578575134 -0.3505884110927582 
vn -0.6093505620956421 -0.7111820578575134 -0.3505884110927582 
vn -0.4714992046356201 -0.8503754734992981 0.23355980217456818 
vn -0.4714992046356201 -0.8503754734992981 0.23355980217456818 
vn -0.4714992046356201 -0.8503754734992981 0.23355980217456818 
vn -0.4714992046356201 -0.8503754734992981 0.23355980217456818 
vn -0.4714992046356201 -0.8503754734992981 0.23355980217456818 
vn -0.4714992046356201 -0.8503754734992981 0.23355980217456818 
vn -0.15462131798267365 -0.6656644344329834 0.730056881904602 
vn -0.15462131798267365 -0.6656644344329834 0.730056881904602 
vn -0.15462131798267365 -0.6656644344329834 0.730056881904602 
vn -0.15462131798267365 -0.6656644344329834 0.730056881904602 
vn -0.15462131798267365 -0.6656644344329834 0.730056881904602 
vn -0.15462131798267365 -0.6656644344329834 0.730056881904602 
vn 0.22152045369148254 -0.2269478142261505 0.9483792781829834 
vn 0.22152045369148254 -0.2269478142261505 0.9483792781829834 
vn 0.22152045369148254 -0.2269478142261505 0.9483792781829834 
vn 0.22152045369148254 -0.2269478142261505 0.9483792781829834 
vn 0.22152045369148254 -0.2269478142261505 0.9483792781829834 
vn 0.22152045369148254 -0.2269478142261505 0.9483792781829834 
vn 0.5115214586257935 0.30317869782447815 0.8040077686309814 
vn 0.5115214586257935 0.30317869782447815 0.8040077686309814 
vn 0.5115214586257935 0.30317869782447815 0.8040077686309814 
vn 0.5115214586257935 0.30317869782447815 0.8040077686309814 
vn 0.5115214586257935 0.30317869782447815 0.8040077686309814 
vn 0.5115214586257935 0.30317869782447815 0.8040077686309814 
vn 0.7949713468551636 -0.5219018459320068 -0.30925440788269043 
vn 0.7949713468551636 -0.5219018459320068 -0.30925440788269043 
vn 0.7949713468551636 -0.5219018459320068 -0.30925440788269043 
vn 0.7949713468551636 -0.5219018459320068 -0.30925440788269043 
vn 0.7949713468551636 -0.5219018459320068 -0.30925440788269043 
vn 0.7949713468551636 -0.5219018459320068 -0.30925440788269043 
vn 0.7949713468551636 -0.5219018459320068 -0.30925440788269043 
vn 0.7949713468551636 -0.5219018459320068 -0.30925440788269043 
vn 0.7949713468551636 -0.5219018459320068 -0.30925440788269043 
vn 0.7949713468551636 -0.5219018459320068 -0.30925440788269043 
vn 0.7949713468551636 -0.5219018459320068 -0.30925440788269043 
vn 0.7949713468551636 -0.5219018459320068 -0.30925440788269043 
vn -0.7921090126037598 0.5231786370277405 0.314398854970932 
vn -0.7921090126037598 0.5231786370277405 0.314398854970932 
vn -0.7921090126037598 0.5231786370277405 0.314398854970932 
vn -0.7921090126037598 0.5231786370277405 0.314398854970932 
vn -0.7921090126037598 0.5231786370277405 0.314398854970932 
vn -0.7921090126037598 0.5231786370277405 0.314398854970932 
vn -0.7921090126037598 0.5231786370277405 0.314398854970932 
vn -0.7921090126037598 0.5231786370277405 0.314398854970932 
vn -0.7921090126037598 0.5231786370277405 0.314398854970932 
vn -0.7921090126037598 0.5231786370277405 0.314398854970932 
vn -0.7921090126037598 0.5231786370277405 0.314398854970932 
vn -0.7921090126037598 0.5231786370277405 0.314398854970932 
vn 0.5115214586257935 0.30317869782447815 0.8040077686309814 
vn 0.5115214586257935 0.30317869782447815 0.8040077686309814 
vn 0.5115214586257935 0.30317869782447815 0.8040077686309814 
vn 0.5115214586257935 0.30317869782447815 0.8040077686309814 
vn 0.5115214586257935 0.30317869782447815 0.8040077686309814 
vn 0.5115214586257935 0.30317869782447815 0.8040077686309814 
vn 0.22152045369148254 -0.2269478142261505 0.9483792781829834 
vn 0.22152045369148254 -0.2269478142261505 0.9483792781829834 
vn 0.22152045369148254 -0.2269478142261505 0.9483792781829834 
vn 0.22152045369148254 -0.2269478142261505 0.9483792781829834 
vn 0.22152045369148254 -0.2269478142261505 0.9483792781829834 
vn 0.22152045369148254 -0.2269478142261505 0.9483792781829834 
vn -0.15462131798267365 -0.6656644344329834 0.730056881904602 
vn -0.15462131798267365 -0.6656644344329834 0.730056881904602 
vn -0.15462131798267365 -0.6656644344329834 0.730056881904602 
vn -0.15462131798267365 -0.6656644344329834 0.730056881904602 
vn -0.15462131798267365 -0.6656644344329834 0.730056881904602 
vn -0.15462131798267365 -0.6656644344329834 0.730056881904602 
vn -0.4714992046356201 -0.8503754734992981 0.23355980217456818 
vn -0.4714992046356201 -0.8503754734992981 0.23355980217456818 
vn -0.4714992046356201 -0.8503754734992981 0.23355980217456818 
vn -0.4714992046356201 -0.8503754734992981 0.23355980217456818 
vn -0.4714992046356201 -0.8503754734992981 0.23355980217456818 
vn -0.4714992046356201 -0.8503754734992981 0.23355980217456818 
vn -0.6093505620956421 -0.7111820578575134 -0.3505884110927582 
vn -0.6093505620956421 -0.7111820578575134 -0.3505884110927582 
vn -0.6093505620956421 -0.7111820578575134 -0.3505884110927582 
vn -0.6093505620956421 -0.7111820578575134 -0.3505884110927582 
vn -0.6093505620956421 -0.7111820578575134 -0.3505884110927582 
vn -0.6093505620956421 -0.7111820578575134 -0.3505884110927582 
vn -0.13356927037239075 0.568731963634491 0.8116052746772766 
vn -0.13356927037239075 0.568731963634491 0.8116052746772766 
vn -0.13356927037239075 0.568731963634491 0.8116052746772766 
vn -0.13356927037239075 0.568731963634491 0.8116052746772766 
vn -0.13356927037239075 0.568731963634491 0.8116052746772766 
vn -0.13356927037239075 0.568731963634491 0.8116052746772766 
vn -0.35271283984184265 0.17492932081222534 0.9192351698875427 
vn -0.35271283984184265 0.17492932081222534 0.9192351698875427 
vn -0.35271283984184265 0.17492932081222534 0.9192351698875427 
vn -0.35271283984184265 0.17492932081222534 0.9192351698875427 
vn -0.35271283984184265 0.17492932081222534 0.9192351698875427 
vn -0.35271283984184265 0.17492932081222534 0.9192351698875427 
vn -0.6370194554328918 -0.15557557344436646 0.7549850344657898 
vn -0.6370194554328918 -0.15557557344436646 0.7549850344657898 
vn -0.6370194554328918 -0.15557557344436646 0.7549850344657898 
vn -0.6370194554328918 -0.15557557344436646 0.7549850344657898 
vn -0.6370194554328918 -0.15557557344436646 0.7549850344657898 
vn -0.6370194554328918 -0.15557557344436646 0.7549850344657898 
vn -0.8774195909500122 -0.2939146161079407 0.37914249300956726 
vn -0.8774195909500122 -0.2939146161079407 0.37914249300956726 
vn -0.8774195909500122 -0.2939146161079407 0.37914249300956726 
vn -0.8774195909500122 -0.2939146161079407 0.37914249300956726 
vn -0.8774195909500122 -0.2939146161079407 0.37914249300956726 
vn -0.8774195909500122 -0.2939146161079407 0.37914249300956726 
vn -0.979768693447113 -0.19060051441192627 -0.061028845608234406 
vn -0.979768693447113 -0.19060051441192627 -0.061028845608234406 
vn -0.979768693447113 -0.19060051441192627 -0.061028845608234406 
vn -0.979768693447113 -0.19060051441192627 -0.061028845608234406 
vn -0.979768693447113 -0.19060051441192627 -0.061028845608234406 
vn -0.979768693447113 -0.19060051441192627 -0.061028845608234406 
vn -0.7921090126037598 0.5231786370277405 0.314398854970932 
vn -0.7921090126037598 0.5231786370277405 0.314398854970932 
vn -0.7921090126037598 0.5231786370277405 0.314398854970932 
vn -0.7921090126037598 0.5231786370277405 0.314398854970932 
vn -0.7921090126037598 0.5231786370277405 0.314398854970932 
vn -0.7921090126037598 0.5231786370277405 0.314398854970932 
vn -0.7921090126037598 0.5231786370277405 0.314398854970932 
vn -0.7921090126037598 0.5231786370277405 0.314398854970932 
vn -0.7921090126037598 0.5231786370277405 0.314398854970932 
vn -0.7921090126037598 0.5231786370277405 0.314398854970932 
vn -0.7921090126037598 0.5231786370277405 0.314398854970932 
vn -0.7921090126037598 0.5231786370277405 0.314398854970932 
vn -0.7921090126037598 0.5231786370277405 0.314398854970932 
vn -0.7921090126037598 0.5231786370277405 0.314398854970932 
vn -0.7921090126037598 0.5231786370277405 0.314398854970932 
vn -0.7921090126037598 0.5231786370277405 0.314398854970932 
vn -0.7921090126037598 0.5231786370277405 0.314398854970932 
vn -0.7921090126037598 0.5231786370277405 0.314398854970932 
vn -0.7921090126037598 0.5231786370277405 0.314398854970932 
vn -0.7921090126037598 0.5231786370277405 0.314398854970932 
vn -0.7921090126037598 0.5231786370277405 0.314398854970932 
vn -0.7921090126037598 0.5231786370277405 0.314398854970932 
vn -0.7921090126037598 0.5231786370277405 0.314398854970932 
vn -0.7921090126037598 0.5231786370277405 0.314398854970932 
vn -0.7921090126037598 0.5231786370277405 0.314398854970932 
vn -0.7921090126037598 0.5231786370277405 0.314398854970932 
vn -0.7921090126037598 0.5231786370277405 0.314398854970932 
vn -0.7921090126037598 0.5231786370277405 0.314398854970932 
vn -0.7921090126037598 0.5231786370277405 0.314398854970932 
vn -0.7921090126037598 0.5231786370277405 0.314398854970932 
vn -0.5117992162704468 -0.3029124140739441 -0.8039313554763794 
vn -0.5117992162704468 -0.3029124140739441 -0.8039313554763794 
vn -0.5117992162704468 -0.3029124140739441 -0.8039313554763794 
vn -0.5117992162704468 -0.3029124140739441 -0.8039313554763794 
vn -0.5117992162704468 -0.3029124140739441 -0.8039313554763794 
vn -0.5117992162704468 -0.3029124140739441 -0.8039313554763794 
vn -0.22138188779354095 0.22679395973682404 -0.9484483599662781 
vn -0.22138188779354095 0.22679395973682404 -0.9484483599662781 
vn -0.22138188779354095 0.22679395973682404 -0.9484483599662781 
vn -0.22138188779354095 0.22679395973682404 -0.9484483599662781 
vn -0.22138188779354095 0.22679395973682404 -0.9484483599662781 
vn -0.22138188779354095 0.22679395973682404 -0.9484483599662781 
vn 0.1561918556690216 0.6630956530570984 -0.732057511806488 
vn 0.1561918556690216 0.6630956530570984 -0.732057511806488 
vn 0.1561918556690216 0.6630956530570984 -0.732057511806488 
vn 0.1561918556690216 0.6630956530570984 -0.732057511806488 
vn 0.1561918556690216 0.6630956530570984 -0.732057511806488 
vn 0.1561918556690216 0.6630956530570984 -0.732057511806488 
vn 0.4735528230667114 0.849535346031189 -0.23245976865291595 
vn 0.4735528230667114 0.849535346031189 -0.23245976865291595 
vn 0.4735528230667114 0.849535346031189 -0.23245976865291595 
vn 0.4735528230667114 0.849535346031189 -0.23245976865291595 
vn 0.4735528230667114 0.849535346031189 -0.23245976865291595 
vn 0.4735528230667114 0.849535346031189 -0.23245976865291595 
vn 0.6059810519218445 0.7139412760734558 0.3508206307888031 
vn 0.6059810519218445 0.7139412760734558 0.3508206307888031 
vn 0.6059810519218445 0.7139412760734558 0.3508206307888031 
vn 0.6059810519218445 0.7139412760734558 0.3508206307888031 
vn 0.6059810519218445 0.7139412760734558 0.3508206307888031 
vn 0.6059810519218445 0.7139412760734558 0.3508206307888031 
vn 0.7949713468551636 -0.5219018459320068 -0.30925440788269043 
vn 0.7949713468551636 -0.5219018459320068 -0.30925440788269043 
vn 0.7949713468551636 -0.5219018459320068 -0.30925440788269043 
vn 0.7949713468551636 -0.5219018459320068 -0.30925440788269043 
vn 0.7949713468551636 -0.5219018459320068 -0.30925440788269043 
vn 0.7949713468551636 -0.5219018459320068 -0.30925440788269043 
vn 0.7949713468551636 -0.5219018459320068 -0.30925440788269043 
vn 0.7949713468551636 -0.5219018459320068 -0.30925440788269043 
vn 0.7949713468551636 -0.5219018459320068 -0.30925440788269043 
vn 0.7949713468551636 -0.5219018459320068 -0.30925440788269043 
vn 0.7949713468551636 -0.5219018459320068 -0.30925440788269043 
vn 0.7949713468551636 -0.5219018459320068 -0.30925440788269043 
vn -0.7921090126037598 0.5231786370277405 0.314398854970932 
vn -0.7921090126037598 0.5231786370277405 0.314398854970932 
vn -0.7921090126037598 0.5231786370277405 0.314398854970932 
vn -0.7921090126037598 0.5231786370277405 0.314398854970932 
vn -0.7921090126037598 0.5231786370277405 0.314398854970932 
vn -0.7921090126037598 0.5231786370277405 0.314398854970932 
vn -0.7921090126037598 0.5231786370277405 0.314398854970932 
vn -0.7921090126037598 0.5231786370277405 0.314398854970932 
vn -0.7921090126037598 0.5231786370277405 0.314398854970932 
vn -0.7921090126037598 0.5231786370277405 0.314398854970932 
vn -0.7921090126037598 0.5231786370277405 0.314398854970932 
vn -0.7921090126037598 0.5231786370277405 0.314398854970932 
vt 0.11277486383914948 0.682605504989624 
vt 0.6227526664733887 0.682605504989624 
vt 0.11277486383914948 0.7388669848442078 
vt 0.6227526664733887 0.7388669848442078 
vt 0.3462411165237427 0.8618401288986206 
vt 0.3461195230484009 0.8946492075920105 
vt 0.2555297315120697 0.861111044883728 
vt 0.2552865445613861 0.8939201235771179 
vt 0.0063774921000003815 0.5013051629066467 
vt 0.06620321422815323 0.5011836290359497 
vt 0.02498183213174343 0.476637601852417 
vt 0.06608162075281143 0.47651606798171997 
vt 0.1862194538116455 0.5008190870285034 
vt 0.1860978603363037 0.4761515259742737 
vt 0.6642172336578369 0.49923938512802124 
vt 0.6509631872177124 0.4746933579444885 
vt 0.698386013507843 0.5246360301971436 
vt 0.922610878944397 0.5246360301971436 
vt 0.698386013507843 0.542012631893158 
vt 0.922610878944397 0.542012631893158 
vt 0.4120250940322876 0.9030337333679199 
vt 0.4122682809829712 0.874234676361084 
vt 0.38174742460250854 0.9027906656265259 
vt 0.38199061155319214 0.8738701343536377 
vt 0.5991628766059875 0.9351136684417725 
vt 0.508451521396637 0.9348706603050232 
vt 0.5990412831306458 0.9679227471351624 
vt 0.5083299279212952 0.9675582051277161 
vt 0.698386013507843 0.542012631893158 
vt 0.922610878944397 0.542012631893158 
vt 0.698386013507843 0.5595108270645142 
vt 0.922610878944397 0.5595108270645142 
vt 0.0020000000949949026 0.3989894986152649 
vt 0.002243194030597806 0.4969305992126465 
vt 0.024860236793756485 0.4190394878387451 
vt 0.02498183213174343 0.476637601852417 
vt 0.5021284818649292 0.36678802967071533 
vt 0.4939814507961273 0.3515986502170563 
vt 0.5183008909225464 0.36678802967071533 
vt 0.5183008909225464 0.33653080463409424 
vt 0.5263262391090393 0.3515986502170563 
vt 0.705195426940918 0.4271809756755829 
vt 0.7859358787536621 0.4271809756755829 
vt 0.705195426940918 0.4098043441772461 
vt 0.7859358787536621 0.4098043441772461 
vt 0.9892460703849792 0.4271809756755829 
vt 0.9892460703849792 0.4098043441772461 
vt 0.09526489675045013 0.10820411145687103 
vt 0.09514330327510834 0.002729089930653572 
vt 0.5932046175003052 0.10759653151035309 
vt 0.5930830240249634 0.002121515106409788 
vt 0.5932046175003052 0.10759653151035309 
vt 0.09526489675045013 0.10820411145687103 
vt 0.854030191898346 0.6767727732658386 
vt 0.7943260669708252 0.6767727732658386 
vt 0.854030191898346 0.6203898191452026 
vt 0.7943260669708252 0.6203898191452026 
vt 0.024860236793756485 0.4190394878387451 
vt 0.06596001982688904 0.4189179539680481 
vt 0.02498183213174343 0.476637601852417 
vt 0.06608162075281143 0.47651606798171997 
vt 0.18597626686096191 0.4185534119606018 
vt 0.1860978603363037 0.4761515259742737 
vt 0.6696891188621521 0.416973739862442 
vt 0.6509631872177124 0.4746933579444885 
vt 0.11508520692586899 0.9157928228378296 
vt 0.1600760966539383 0.9157928228378296 
vt 0.07872770726680756 0.9443488121032715 
vt 0.2102956622838974 0.9905245304107666 
vt 0.06486564874649048 0.9905245304107666 
vt 0.07872770726680756 0.9443488121032715 
vt 0.1600760966539383 0.9157928228378296 
vt 0.11508520692586899 0.9157928228378296 
vt 0.4791466295719147 0.326323539018631 
vt 0.05720503628253937 0.3269311189651489 
vt 0.4791466295719147 0.3858658969402313 
vt 0.05732663348317146 0.3864734470844269 
vt 0.05720503628253937 0.3269311189651489 
vt 0.698386013507843 0.6118837594985962 
vt 0.7496999502182007 0.6118837594985962 
vt 0.698386013507843 0.5943856239318848 
vt 0.7496999502182007 0.5943856239318848 
vt 0.922610878944397 0.6118837594985962 
vt 0.922610878944397 0.5943856239318848 
vt 0.6959540843963623 0.3923061788082123 
vt 0.6696891188621521 0.416973739862442 
vt 0.18597626686096191 0.39388588070869446 
vt 0.18597626686096191 0.4185534119606018 
vt 0.06583842635154724 0.39425042271614075 
vt 0.06596001982688904 0.4189179539680481 
vt 0.006134298164397478 0.3944934606552124 
vt 0.024860236793756485 0.4190394878387451 
vt 0.668108344078064 0.49632301926612854 
vt 0.6509631872177124 0.4746933579444885 
vt 0.6998451948165894 0.3982604146003723 
vt 0.6696891188621521 0.416973739862442 
vt 0.705195426940918 0.4795539379119873 
vt 0.7477543950080872 0.4795539379119873 
vt 0.705195426940918 0.4970521032810211 
vt 0.7477543950080872 0.4970521032810211 
vt 0.9892460703849792 0.4970521032810211 
vt 0.9892460703849792 0.4795539379119873 
vt 0.29954785108566284 0.7734987139701843 
vt 0.32082733511924744 0.7900247573852539 
vt 0.29115766286849976 0.7465224266052246 
vt 0.36837175488471985 0.7730126976966858 
vt 0.37639716267585754 0.7459148168563843 
vt 0.36837175488471985 0.7730126976966858 
vt 0.32082733511924744 0.7900247573852539 
vt 0.29954785108566284 0.7734987139701843 
vt 0.0063774921000003815 0.5013051629066467 
vt 0.02498183213174343 0.476637601852417 
vt 0.06620321422815323 0.5011836290359497 
vt 0.06608162075281143 0.47651606798171997 
vt 0.1862194538116455 0.5008190870285034 
vt 0.1860978603363037 0.4761515259742737 
vt 0.6642172336578369 0.49923938512802124 
vt 0.6509631872177124 0.4746933579444885 
vt 0.698386013507843 0.542012631893158 
vt 0.7284204959869385 0.542012631893158 
vt 0.698386013507843 0.5246360301971436 
vt 0.7284204959869385 0.5246360301971436 
vt 0.922610878944397 0.542012631893158 
vt 0.922610878944397 0.5246360301971436 
vt 0.0020000000949949026 0.3989894986152649 
vt 0.024860236793756485 0.4190394878387451 
vt 0.002243194030597806 0.4969305992126465 
vt 0.02498183213174343 0.476637601852417 
vt 0.705195426940918 0.4795539379119873 
vt 0.7467816472053528 0.4795539379119873 
vt 0.705195426940918 0.4970521032810211 
vt 0.7467816472053528 0.4970521032810211 
vt 0.9892460703849792 0.4970521032810211 
vt 0.9892460703849792 0.4795539379119873 
vt 0.10329030454158783 0.824413537979126 
vt 0.12104346603155136 0.8235629200935364 
vt 0.08675310760736465 0.8346207737922668 
vt 0.14840279519557953 0.8534556031227112 
vt 0.07532299309968948 0.8539416790008545 
vt 0.08675310760736465 0.8346207737922668 
vt 0.12104346603155136 0.8235629200935364 
vt 0.10329030454158783 0.824413537979126 
vt 0.09526489675045013 0.10820411145687103 
vt 0.5932046175003052 0.10759653151035309 
vt 0.09514330327510834 0.002729089930653572 
vt 0.5930830240249634 0.002121515106409788 
vt 0.5932046175003052 0.10759653151035309 
vt 0.4791466295719147 0.326323539018631 
vt 0.4791466295719147 0.3858658969402313 
vt 0.05720503628253937 0.3269311189651489 
vt 0.05732663348317146 0.3864734470844269 
vt 0.05720503628253937 0.3269311189651489 
vt 0.4791466295719147 0.326323539018631 
vt 0.05720503628253937 0.3269311189651489 
vt 0.0021215970627963543 0.32705262303352356 
vt 0.05708344280719757 0.21538034081459045 
vt 0.0020000000949949026 0.21538034081459045 
vt 0.05708344280719757 0.21538034081459045 
vt 0.05720503628253937 0.3269311189651489 
vt 0.34721389412879944 0.7899032831192017 
vt 0.32082733511924744 0.7900247573852539 
vt 0.36837175488471985 0.7730126976966858 
vt 0.29115766286849976 0.7465224266052246 
vt 0.37639716267585754 0.7459148168563843 
vt 0.36837175488471985 0.7730126976966858 
vt 0.32082733511924744 0.7900247573852539 
vt 0.34721389412879944 0.7899032831192017 
vt 0.13636468350887299 0.8337701559066772 
vt 0.12104346603155136 0.8235629200935364 
vt 0.14840279519557953 0.8534556031227112 
vt 0.08675310760736465 0.8346207737922668 
vt 0.07532299309968948 0.8539416790008545 
vt 0.08675310760736465 0.8346207737922668 
vt 0.12104346603155136 0.8235629200935364 
vt 0.13636468350887299 0.8337701559066772 
vt 0.11508520692586899 0.9157928228378296 
vt 0.1600760966539383 0.9157928228378296 
vt 0.07872770726680756 0.9443488121032715 
vt 0.2102956622838974 0.9905245304107666 
vt 0.06486564874649048 0.9905245304107666 
vt 0.07872770726680756 0.9443488121032715 
vt 0.1600760966539383 0.9157928228378296 
vt 0.11508520692586899 0.9157928228378296 
vt 0.7255021333694458 0.9967218041419983 
vt 0.6605693697929382 0.9958711862564087 
vt 0.7257453203201294 0.9679227471351624 
vt 0.6350339651107788 0.9675582051277161 
vt 0.698386013507843 0.5770089626312256 
vt 0.7661155462265015 0.5770089626312256 
vt 0.698386013507843 0.5943856239318848 
vt 0.7661155462265015 0.5943856239318848 
vt 0.922610878944397 0.5943856239318848 
vt 0.922610878944397 0.5770089626312256 
vt 0.698386013507843 0.5071378350257874 
vt 0.7661155462265015 0.5071378350257874 
vt 0.698386013507843 0.5246360301971436 
vt 0.7661155462265015 0.5246360301971436 
vt 0.922610878944397 0.5246360301971436 
vt 0.922610878944397 0.5071378350257874 
vt 0.11277486383914948 0.682605504989624 
vt 0.11277486383914948 0.7388669848442078 
vt 0.0020000000949949026 0.682483971118927 
vt 0.0020000000949949026 0.7388669848442078 
vt 0.11277486383914948 0.7388669848442078 
vt 0.8106200695037842 0.7388669848442078 
vt 0.91701740026474 0.7388669848442078 
vt 0.8106200695037842 0.682605504989624 
vt 0.91701740026474 0.682605504989624 
vt 0.8106200695037842 0.7388669848442078 
vt 0.91701740026474 0.7388669848442078 
vt 0.8106200695037842 0.682605504989624 
vt 0.91701740026474 0.682605504989624 
vt 0.698386013507843 0.542012631893158 
vt 0.7661155462265015 0.542012631893158 
vt 0.698386013507843 0.5595108270645142 
vt 0.7661155462265015 0.5595108270645142 
vt 0.922610878944397 0.5595108270645142 
vt 0.922610878944397 0.542012631893158 
vt 0.698386013507843 0.5595108270645142 
vt 0.7661155462265015 0.5595108270645142 
vt 0.698386013507843 0.5770089626312256 
vt 0.7661155462265015 0.5770089626312256 
vt 0.922610878944397 0.5770089626312256 
vt 0.922610878944397 0.5595108270645142 
vt 0.705195426940918 0.3923061788082123 
vt 0.7467816472053528 0.3923061788082123 
vt 0.705195426940918 0.4098043441772461 
vt 0.7467816472053528 0.4098043441772461 
vt 0.9892460703849792 0.4098043441772461 
vt 0.9892460703849792 0.3923061788082123 
vt 0.922610878944397 0.6118837594985962 
vt 0.698386013507843 0.6118837594985962 
vt 0.922610878944397 0.5943856239318848 
vt 0.698386013507843 0.5943856239318848 
vt 0.705195426940918 0.4271809756755829 
vt 0.7467816472053528 0.4271809756755829 
vt 0.705195426940918 0.4446791410446167 
vt 0.7467816472053528 0.4446791410446167 
vt 0.9892460703849792 0.4446791410446167 
vt 0.9892460703849792 0.4271809756755829 
vt 0.5361756086349487 0.36678802967071533 
vt 0.528150200843811 0.3515986502170563 
vt 0.5523480176925659 0.36678802967071533 
vt 0.5523480176925659 0.33653080463409424 
vt 0.5604950189590454 0.3515986502170563 
vt 0.7257453203201294 0.9063146114349365 
vt 0.7560229897499084 0.9063146114349365 
vt 0.7257453203201294 0.9351136684417725 
vt 0.7560229897499084 0.9351136684417725 
vt 0.0020000000949949026 0.517223596572876 
vt 0.035195980221033096 0.6146786212921143 
vt 0.5119777917861938 0.5096896886825562 
vt 0.5131937861442566 0.6076307892799377 
vt 0.6333315968513489 0.6059295535087585 
vt 0.6321156620979309 0.507988452911377 
vt 0.6918197870254517 0.5071378350257874 
vt 0.698386013507843 0.5943856239318848 
vt 0.7284204959869385 0.5943856239318848 
vt 0.698386013507843 0.5770089626312256 
vt 0.7284204959869385 0.5770089626312256 
vt 0.922610878944397 0.5943856239318848 
vt 0.922610878944397 0.5770089626312256 
vt 0.0020000000949949026 0.6203898191452026 
vt 0.0020000000949949026 0.6767727732658386 
vt 0.0457749217748642 0.6203898191452026 
vt 0.0457749217748642 0.6767727732658386 
vt 0.5237727165222168 0.6203898191452026 
vt 0.5237727165222168 0.6767727732658386 
vt 0.6439105868339539 0.6203898191452026 
vt 0.6439105868339539 0.6767727732658386 
vt 0.7036147117614746 0.6203898191452026 
vt 0.7036147117614746 0.6767727732658386 
vt 0.11277486383914948 0.682605504989624 
vt 0.11277486383914948 0.7388669848442078 
vt 0.6227526664733887 0.682605504989624 
vt 0.6227526664733887 0.7388669848442078 
vt 0.5395803451538086 0.26641663908958435 
vt 0.5876111388206482 0.26641663908958435 
vt 0.5395803451538086 0.28500843048095703 
vt 0.5876111388206482 0.28500843048095703 
vt 0.05720503628253937 0.3269311189651489 
vt 0.05708344280719757 0.21538034081459045 
vt 0.4791466295719147 0.326323539018631 
vt 0.4790250360965729 0.2147727608680725 
vt 0.7036147117614746 0.6767727732658386 
vt 0.7943260669708252 0.6767727732658386 
vt 0.7036147117614746 0.6203898191452026 
vt 0.7943260669708252 0.6203898191452026 
vt 0.698386013507843 0.5595108270645142 
vt 0.7284204959869385 0.5595108270645142 
vt 0.698386013507843 0.542012631893158 
vt 0.7284204959869385 0.542012631893158 
vt 0.922610878944397 0.5595108270645142 
vt 0.922610878944397 0.542012631893158 
vt 0.705195426940918 0.4795539379119873 
vt 0.7866654396057129 0.4795539379119873 
vt 0.705195426940918 0.4621773064136505 
vt 0.7866654396057129 0.4621773064136505 
vt 0.9892460703849792 0.4795539379119873 
vt 0.9892460703849792 0.4621773064136505 
vt 0.705195426940918 0.4970521032810211 
vt 0.7866654396057129 0.4970521032810211 
vt 0.705195426940918 0.4795539379119873 
vt 0.7866654396057129 0.4795539379119873 
vt 0.9892460703849792 0.4970521032810211 
vt 0.9892460703849792 0.4795539379119873 
vt 0.7036147117614746 0.6767727732658386 
vt 0.7943260669708252 0.6767727732658386 
vt 0.7036147117614746 0.6203898191452026 
vt 0.7943260669708252 0.6203898191452026 
vt 0.705195426940918 0.4271809756755829 
vt 0.7866654396057129 0.4271809756755829 
vt 0.705195426940918 0.4098043441772461 
vt 0.7866654396057129 0.4098043441772461 
vt 0.9892460703849792 0.4271809756755829 
vt 0.9892460703849792 0.4098043441772461 
vt 0.705195426940918 0.4446791410446167 
vt 0.7866654396057129 0.4446791410446167 
vt 0.705195426940918 0.4271809756755829 
vt 0.7866654396057129 0.4271809756755829 
vt 0.9892460703849792 0.4446791410446167 
vt 0.9892460703849792 0.4271809756755829 
vt 0.0020000000949949026 0.517223596572876 
vt 0.035195980221033096 0.6146786212921143 
vt 0.5119777917861938 0.5096896886825562 
vt 0.5131937861442566 0.6076307892799377 
vt 0.6333315968513489 0.6059295535087585 
vt 0.6321156620979309 0.507988452911377 
vt 0.6918197870254517 0.5071378350257874 
vt 0.6685947775840759 0.682605504989624 
vt 0.6685947775840759 0.7388669848442078 
vt 0.7165039777755737 0.682605504989624 
vt 0.7165039777755737 0.7388669848442078 
vt 0.705195426940918 0.3923061788082123 
vt 0.7477543950080872 0.3923061788082123 
vt 0.705195426940918 0.4098043441772461 
vt 0.7477543950080872 0.4098043441772461 
vt 0.9892460703849792 0.4098043441772461 
vt 0.9892460703849792 0.3923061788082123 
vt 0.508451521396637 0.9348706603050232 
vt 0.5341084599494934 0.9068006873130798 
vt 0.5991628766059875 0.9351136684417725 
vt 0.5990412831306458 0.9063146114349365 
vt 0.6509631872177124 0.4746933579444885 
vt 0.6696891188621521 0.416973739862442 
vt 0.1860978603363037 0.4761515259742737 
vt 0.18597626686096191 0.4185534119606018 
vt 0.06608162075281143 0.47651606798171997 
vt 0.06596001982688904 0.4189179539680481 
vt 0.02498183213174343 0.476637601852417 
vt 0.024860236793756485 0.4190394878387451 
vt 0.854030191898346 0.6767727732658386 
vt 0.9656562209129333 0.6767727732658386 
vt 0.854030191898346 0.6203898191452026 
vt 0.9656562209129333 0.6203898191452026 
vt 0.854030191898346 0.6203898191452026 
vt 0.854030191898346 0.6767727732658386 
vt 0.698386013507843 0.5943856239318848 
vt 0.7496999502182007 0.5943856239318848 
vt 0.698386013507843 0.5770089626312256 
vt 0.7496999502182007 0.5770089626312256 
vt 0.922610878944397 0.5943856239318848 
vt 0.922610878944397 0.5770089626312256 
vt 0.8106200695037842 0.7388669848442078 
vt 0.7165039777755737 0.7388669848442078 
vt 0.8106200695037842 0.682605504989624 
vt 0.7165039777755737 0.682605504989624 
vt 0.6227526664733887 0.7388669848442078 
vt 0.6227526664733887 0.682605504989624 
vt 0.11277486383914948 0.7388669848442078 
vt 0.11277486383914948 0.682605504989624 
vt 0.6227526664733887 0.682605504989624 
vt 0.6685947775840759 0.682605504989624 
vt 0.6227526664733887 0.7388669848442078 
vt 0.6685947775840759 0.7388669848442078 
vt 0.5990412831306458 0.9063146114349365 
vt 0.5341084599494934 0.9068006873130798 
vt 0.5991628766059875 0.9351136684417725 
vt 0.508451521396637 0.9348706603050232 
vt 0.698386013507843 0.5595108270645142 
vt 0.7496999502182007 0.5595108270645142 
vt 0.698386013507843 0.542012631893158 
vt 0.7496999502182007 0.542012631893158 
vt 0.922610878944397 0.5595108270645142 
vt 0.922610878944397 0.542012631893158 
vt 0.698386013507843 0.5770089626312256 
vt 0.7496999502182007 0.5770089626312256 
vt 0.698386013507843 0.5595108270645142 
vt 0.7496999502182007 0.5595108270645142 
vt 0.922610878944397 0.5770089626312256 
vt 0.922610878944397 0.5595108270645142 
vt 0.38199061155319214 0.7446996569633484 
vt 0.4122682809829712 0.7449427247047424 
vt 0.38174742460250854 0.7734987139701843 
vt 0.4120250940322876 0.7738632559776306 
vt 0.5029796361923218 0.7462793588638306 
vt 0.47695788741111755 0.7739847898483276 
vt 0.4122682809829712 0.7449427247047424 
vt 0.4120250940322876 0.7738632559776306 
vt 0.705195426940918 0.4271809756755829 
vt 0.7477543950080872 0.4271809756755829 
vt 0.705195426940918 0.4446791410446167 
vt 0.7477543950080872 0.4446791410446167 
vt 0.9892460703849792 0.4446791410446167 
vt 0.9892460703849792 0.4271809756755829 
vt 0.705195426940918 0.4795539379119873 
vt 0.705195426940918 0.4970521032810211 
vt 0.7859358787536621 0.4795539379119873 
vt 0.7859358787536621 0.4970521032810211 
vt 0.9892460703849792 0.4970521032810211 
vt 0.6296837329864502 0.7459148168563843 
vt 0.6036619544029236 0.7737417817115784 
vt 0.5389723777770996 0.7446996569633484 
vt 0.5387291312217712 0.7734987139701843 
vt 0.6036619544029236 0.7737417817115784 
vt 0.6035403609275818 0.8064293265342712 
vt 0.5387291312217712 0.7734987139701843 
vt 0.5386075377464294 0.8061862587928772 
vt 0.5083299279212952 0.8063077926635742 
vt 0.5386075377464294 0.8061862587928772 
vt 0.508451521396637 0.8352283835411072 
vt 0.5387291312217712 0.8351068496704102 
vt 0.705195426940918 0.4098043441772461 
vt 0.7859358787536621 0.4098043441772461 
vt 0.705195426940918 0.3923061788082123 
vt 0.7859358787536621 0.3923061788082123 
vt 0.9892460703849792 0.4098043441772461 
vt 0.9892460703849792 0.3923061788082123 
vt 0.7255021333694458 0.8736270666122437 
vt 0.7257453203201294 0.9063146114349365 
vt 0.6605693697929382 0.874113142490387 
vt 0.6608125567436218 0.9068006873130798 
vt 0.705195426940918 0.4446791410446167 
vt 0.7859358787536621 0.4446791410446167 
vt 0.705195426940918 0.4271809756755829 
vt 0.7859358787536621 0.4271809756755829 
vt 0.9892460703849792 0.4446791410446167 
vt 0.9892460703849792 0.4271809756755829 
vt 0.705195426940918 0.4446791410446167 
vt 0.705195426940918 0.4621773064136505 
vt 0.7859358787536621 0.4446791410446167 
vt 0.7859358787536621 0.4621773064136505 
vt 0.9892460703849792 0.4621773064136505 
vt 0.6350339651107788 0.9348706603050232 
vt 0.6608125567436218 0.9068006873130798 
vt 0.7257453203201294 0.9351136684417725 
vt 0.7257453203201294 0.9063146114349365 
vt 0.2552865445613861 0.8939201235771179 
vt 0.2555297315120697 0.861111044883728 
vt 0.3461195230484009 0.8946492075920105 
vt 0.3462411165237427 0.8618401288986206 
vt 0.22500890493392944 0.9557712078094482 
vt 0.2552865445613861 0.955406665802002 
vt 0.22525209188461304 0.9845702648162842 
vt 0.2555297315120697 0.9843272566795349 
vt 0.7257453203201294 0.9351136684417725 
vt 0.7257453203201294 0.9679227471351624 
vt 0.6350339651107788 0.9348706603050232 
vt 0.6350339651107788 0.9675582051277161 
vt 0.7257453203201294 0.9063146114349365 
vt 0.7560229897499084 0.9063146114349365 
vt 0.7257453203201294 0.9351136684417725 
vt 0.7560229897499084 0.9351136684417725 
vt 0.7255021333694458 0.9967218041419983 
vt 0.6605693697929382 0.9958711862564087 
vt 0.7257453203201294 0.9679227471351624 
vt 0.6350339651107788 0.9675582051277161 
vt 0.4122682809829712 0.9973293542861938 
vt 0.4120250940322876 0.964641809463501 
vt 0.5029796361923218 0.9966002702713013 
vt 0.5027364492416382 0.9639127254486084 
vt 0.4120250940322876 0.9030337333679199 
vt 0.47695788741111755 0.9032767415046692 
vt 0.4122682809829712 0.874234676361084 
vt 0.5029796361923218 0.8754498362541199 
vt 0.06596001982688904 0.4189179539680481 
vt 0.18597626686096191 0.4185534119606018 
vt 0.06608162075281143 0.47651606798171997 
vt 0.1860978603363037 0.4761515259742737 
vt 0.47695788741111755 0.9032767415046692 
vt 0.47683629393577576 0.9359642863273621 
vt 0.4120250940322876 0.9030337333679199 
vt 0.4119035005569458 0.9357212781906128 
vt 0.4120250940322876 0.9030337333679199 
vt 0.38174742460250854 0.9027906656265259 
vt 0.4122682809829712 0.874234676361084 
vt 0.38199061155319214 0.8738701343536377 
vt 0.91701740026474 0.682605504989624 
vt 0.91701740026474 0.7388669848442078 
vt 0.8106200695037842 0.682605504989624 
vt 0.8106200695037842 0.7388669848442078 
vt 0.12748810648918152 0.8597744107246399 
vt 0.021212326362729073 0.8619616627693176 
vt 0.151807501912117 0.899145245552063 
vt 0.05842100828886032 0.9234482645988464 
vt 0.04881484434008598 0.9719327092170715 
vt 0.0020000000949949026 0.9614824652671814 
vt 0.38199061155319214 0.8738701343536377 
vt 0.38174742460250854 0.9027906656265259 
vt 0.4122682809829712 0.874234676361084 
vt 0.4120250940322876 0.9030337333679199 
vt 0.5341084599494934 0.9068006873130798 
vt 0.5338652729988098 0.874113142490387 
vt 0.5990412831306458 0.9063146114349365 
vt 0.5987980961799622 0.8736270666122437 
vt 0.4119035005569458 0.9357212781906128 
vt 0.47683629393577576 0.9359642863273621 
vt 0.4120250940322876 0.9030337333679199 
vt 0.47695788741111755 0.9032767415046692 
vt 0.5987980961799622 0.9967218041419983 
vt 0.5338652729988098 0.9958711862564087 
vt 0.5990412831306458 0.9679227471351624 
vt 0.5083299279212952 0.9675582051277161 
vt 0.6350339651107788 0.9675582051277161 
vt 0.6350339651107788 0.9348706603050232 
vt 0.7257453203201294 0.9679227471351624 
vt 0.7257453203201294 0.9351136684417725 
vt 0.4122682809829712 0.9973293542861938 
vt 0.5029796361923218 0.9966002702713013 
vt 0.4120250940322876 0.964641809463501 
vt 0.5027364492416382 0.9639127254486084 
vt 0.7613732814788818 0.9916181564331055 
vt 0.8815110921859741 0.9912536144256592 
vt 0.7749921083450317 0.8719258904457092 
vt 0.8811463117599487 0.8715613484382629 
vt 0.8815110921859741 0.9912536144256592 
vt 0.7257453203201294 0.9063146114349365 
vt 0.7257453203201294 0.9351136684417725 
vt 0.7560229897499084 0.9063146114349365 
vt 0.7560229897499084 0.9351136684417725 
vt 0.3462411165237427 0.9829906225204468 
vt 0.32034093141555786 0.9552851915359497 
vt 0.2555297315120697 0.9843272566795349 
vt 0.2552865445613861 0.955406665802002 
vt 0.7255021333694458 0.8736270666122437 
vt 0.6605693697929382 0.874113142490387 
vt 0.7257453203201294 0.9063146114349365 
vt 0.6608125567436218 0.9068006873130798 
vt 0.2555297315120697 0.9843272566795349 
vt 0.2552865445613861 0.955406665802002 
vt 0.22525209188461304 0.9845702648162842 
vt 0.22500890493392944 0.9557712078094482 
vt 0.2552865445613861 0.955406665802002 
vt 0.32034093141555786 0.9552851915359497 
vt 0.2552865445613861 0.9227191805839539 
vt 0.32021933794021606 0.9225976467132568 
vt 0.3462411165237427 0.8618401288986206 
vt 0.2555297315120697 0.861111044883728 
vt 0.3461195230484009 0.8946492075920105 
vt 0.2552865445613861 0.8939201235771179 
vt 0.11277486383914948 0.682605504989624 
vt 0.0020000000949949026 0.682483971118927 
vt 0.11277486383914948 0.7388669848442078 
vt 0.0020000000949949026 0.7388669848442078 
vt 0.11277486383914948 0.7388669848442078 
vt 0.11277486383914948 0.682605504989624 
vt 0.7257453203201294 0.9063146114349365 
vt 0.6608125567436218 0.9068006873130798 
vt 0.7257453203201294 0.9351136684417725 
vt 0.6350339651107788 0.9348706603050232 
vt 0.7943260669708252 0.6203898191452026 
vt 0.7943260669708252 0.6767727732658386 
vt 0.7036147117614746 0.6203898191452026 
vt 0.7036147117614746 0.6767727732658386 
vt 0.5987980961799622 0.9967218041419983 
vt 0.5338652729988098 0.9958711862564087 
vt 0.5990412831306458 0.9679227471351624 
vt 0.5083299279212952 0.9675582051277161 
vt 0.7255021333694458 0.9967218041419983 
vt 0.7257453203201294 0.9679227471351624 
vt 0.6605693697929382 0.9958711862564087 
vt 0.6350339651107788 0.9675582051277161 
vt 0.7257453203201294 0.8061862587928772 
vt 0.7257453203201294 0.8389953374862671 
vt 0.6350339651107788 0.8059432506561279 
vt 0.6350339651107788 0.8386307954788208 
vt 0.6608125567436218 0.7778732776641846 
vt 0.6605693697929382 0.7451857328414917 
vt 0.7257453203201294 0.7773872017860413 
vt 0.7255021333694458 0.7446996569633484 
vt 0.7257453203201294 0.9063146114349365 
vt 0.7257453203201294 0.9351136684417725 
vt 0.7560229897499084 0.9063146114349365 
vt 0.7560229897499084 0.9351136684417725 
vt 0.6608125567436218 0.9068006873130798 
vt 0.7257453203201294 0.9063146114349365 
vt 0.6605693697929382 0.874113142490387 
vt 0.7255021333694458 0.8736270666122437 
vt 0.6685947775840759 0.7388669848442078 
vt 0.6685947775840759 0.682605504989624 
vt 0.6227526664733887 0.7388669848442078 
vt 0.6227526664733887 0.682605504989624 
vt 0.7257453203201294 0.9351136684417725 
vt 0.6350339651107788 0.9348706603050232 
vt 0.7257453203201294 0.9679227471351624 
vt 0.6350339651107788 0.9675582051277161 
vt 0.7257453203201294 0.7773872017860413 
vt 0.6608125567436218 0.7778732776641846 
vt 0.7257453203201294 0.8061862587928772 
vt 0.6350339651107788 0.8059432506561279 
vt 0.5987980961799622 0.9967218041419983 
vt 0.5990412831306458 0.9679227471351624 
vt 0.5338652729988098 0.9958711862564087 
vt 0.5083299279212952 0.9675582051277161 
vt 0.8106200695037842 0.7388669848442078 
vt 0.8106200695037842 0.682605504989624 
vt 0.7165039777755737 0.7388669848442078 
vt 0.7165039777755737 0.682605504989624 
vt 0.7255021333694458 0.867794394493103 
vt 0.7257453203201294 0.8389953374862671 
vt 0.6605693697929382 0.8669437766075134 
vt 0.6350339651107788 0.8386307954788208 
vt 0.7560229897499084 0.8061862587928772 
vt 0.7560229897499084 0.777265727519989 
vt 0.7257453203201294 0.8061862587928772 
vt 0.7257453203201294 0.7773872017860413 
vt 0.2552865445613861 0.9227191805839539 
vt 0.32021933794021606 0.9225976467132568 
vt 0.2552865445613861 0.8939201235771179 
vt 0.3461195230484009 0.8946492075920105 
vt 0.7255021333694458 0.7446996569633484 
vt 0.6605693697929382 0.7451857328414917 
vt 0.7257453203201294 0.7773872017860413 
vt 0.6608125567436218 0.7778732776641846 
vt 0.0020000000949949026 0.3989894986152649 
vt 0.002243194030597806 0.4969305992126465 
vt 0.024860236793756485 0.4190394878387451 
vt 0.02498183213174343 0.476637601852417 
vt 0.5987980961799622 0.8736270666122437 
vt 0.5338652729988098 0.874113142490387 
vt 0.5990412831306458 0.9063146114349365 
vt 0.5341084599494934 0.9068006873130798 
vt 0.6350339651107788 0.8386307954788208 
vt 0.7257453203201294 0.8389953374862671 
vt 0.6350339651107788 0.8059432506561279 
vt 0.7257453203201294 0.8061862587928772 
vt 0.6350339651107788 0.8386307954788208 
vt 0.7257453203201294 0.8389953374862671 
vt 0.6605693697929382 0.8669437766075134 
vt 0.7255021333694458 0.867794394493103 
vt 0.0457749217748642 0.6203898191452026 
vt 0.0457749217748642 0.6767727732658386 
vt 0.5237727165222168 0.6203898191452026 
vt 0.5237727165222168 0.6767727732658386 
vt 0.5990412831306458 0.9063146114349365 
vt 0.6293189525604248 0.9063146114349365 
vt 0.5991628766059875 0.9351136684417725 
vt 0.6294405460357666 0.9351136684417725 
vt 0.6294405460357666 0.8343777656555176 
vt 0.6035403609275818 0.8064293265342712 
vt 0.5387291312217712 0.8351068496704102 
vt 0.5386075377464294 0.8061862587928772 
vt 0.47695788741111755 0.7739847898483276 
vt 0.4120250940322876 0.7738632559776306 
vt 0.47683629393577576 0.8066723346710205 
vt 0.4119035005569458 0.8065508008003235 
vt 0.5387291312217712 0.8351068496704102 
vt 0.5386075377464294 0.8061862587928772 
vt 0.508451521396637 0.8352283835411072 
vt 0.5083299279212952 0.8063077926635742 
vt 0.024860236793756485 0.4190394878387451 
vt 0.02498183213174343 0.476637601852417 
vt 0.06596001982688904 0.4189179539680481 
vt 0.06608162075281143 0.47651606798171997 
vt 0.18597626686096191 0.4185534119606018 
vt 0.1860978603363037 0.4761515259742737 
vt 0.6696891188621521 0.416973739862442 
vt 0.6509631872177124 0.4746933579444885 
vt 0.5386075377464294 0.8061862587928772 
vt 0.6035403609275818 0.8064293265342712 
vt 0.5387291312217712 0.7734987139701843 
vt 0.6036619544029236 0.7737417817115784 
vt 0.5263262391090393 0.3515986502170563 
vt 0.5183008909225464 0.33653080463409424 
vt 0.5183008909225464 0.36678802967071533 
vt 0.4939814507961273 0.3515986502170563 
vt 0.5021284818649292 0.36678802967071533 
vt 0.4119035005569458 0.8065508008003235 
vt 0.4120250940322876 0.8353498578071594 
vt 0.47683629393577576 0.8066723346710205 
vt 0.5027364492416382 0.8346207737922668 
vt 0.6294405460357666 0.8343777656555176 
vt 0.5387291312217712 0.8351068496704102 
vt 0.6296837329864502 0.8670653104782104 
vt 0.5388507843017578 0.867794394493103 
vt 0.4120250940322876 0.7738632559776306 
vt 0.4122682809829712 0.7449427247047424 
vt 0.38174742460250854 0.7734987139701843 
vt 0.38199061155319214 0.7446996569633484 
vt 0.4120250940322876 0.7738632559776306 
vt 0.47695788741111755 0.7739847898483276 
vt 0.4122682809829712 0.7449427247047424 
vt 0.5029796361923218 0.7462793588638306 
vt 0.5604950189590454 0.3515986502170563 
vt 0.5523480176925659 0.33653080463409424 
vt 0.5523480176925659 0.36678802967071533 
vt 0.528150200843811 0.3515986502170563 
vt 0.5361756086349487 0.36678802967071533 
vt 0.4119035005569458 0.9357212781906128 
vt 0.4120250940322876 0.964641809463501 
vt 0.47683629393577576 0.9359642863273621 
vt 0.5027364492416382 0.9639127254486084 
vt 0.9892460703849792 0.4446791410446167 
vt 0.7866654396057129 0.4446791410446167 
vt 0.9892460703849792 0.4621773064136505 
vt 0.7866654396057129 0.4621773064136505 
vt 0.705195426940918 0.4446791410446167 
vt 0.705195426940918 0.4621773064136505 
vt 0.6930357217788696 0.605078935623169 
vt 0.6918197870254517 0.5071378350257874 
vt 0.6333315968513489 0.6059295535087585 
vt 0.6321156620979309 0.507988452911377 
vt 0.38199061155319214 0.7446996569633484 
vt 0.38174742460250854 0.7734987139701843 
vt 0.4122682809829712 0.7449427247047424 
vt 0.4120250940322876 0.7738632559776306 
vt 0.9260156154632568 0.28500843048095703 
vt 0.5876111388206482 0.28500843048095703 
vt 0.9260156154632568 0.3368953466415405 
vt 0.5876111388206482 0.3368953466415405 
vt 0.9260156154632568 0.26641663908958435 
vt 0.9260156154632568 0.28500843048095703 
vt 0.9740464091300964 0.26641663908958435 
vt 0.9740464091300964 0.28500843048095703 
vt 0.5876111388206482 0.26641663908958435 
vt 0.9260156154632568 0.26641663908958435 
vt 0.5876111388206482 0.21465125679969788 
vt 0.9260156154632568 0.21465125679969788 
vt 0.9892460703849792 0.3923061788082123 
vt 0.7866654396057129 0.3923061788082123 
vt 0.9892460703849792 0.4098043441772461 
vt 0.7866654396057129 0.4098043441772461 
vt 0.705195426940918 0.3923061788082123 
vt 0.705195426940918 0.4098043441772461 
vt 0.5395803451538086 0.26641663908958435 
vt 0.5395803451538086 0.28500843048095703 
vt 0.5876111388206482 0.26641663908958435 
vt 0.5876111388206482 0.28500843048095703 
vt 0.5027364492416382 0.8346207737922668 
vt 0.47683629393577576 0.8066723346710205 
vt 0.4120250940322876 0.8353498578071594 
vt 0.4119035005569458 0.8065508008003235 
vt 0.4122682809829712 0.8680374026298523 
vt 0.5029796361923218 0.8673083186149597 
vt 0.4120250940322876 0.8353498578071594 
vt 0.5027364492416382 0.8346207737922668 
vt 0.5029796361923218 0.8754498362541199 
vt 0.4122682809829712 0.874234676361084 
vt 0.47695788741111755 0.9032767415046692 
vt 0.4120250940322876 0.9030337333679199 
vt 0.5990412831306458 0.9063146114349365 
vt 0.5991628766059875 0.9351136684417725 
vt 0.6293189525604248 0.9063146114349365 
vt 0.6294405460357666 0.9351136684417725 
vt 0.5027364492416382 0.9639127254486084 
vt 0.47683629393577576 0.9359642863273621 
vt 0.4120250940322876 0.964641809463501 
vt 0.4119035005569458 0.9357212781906128 
vt 0.7036147117614746 0.6767727732658386 
vt 0.7036147117614746 0.6203898191452026 
vt 0.7943260669708252 0.6767727732658386 
vt 0.7943260669708252 0.6203898191452026 
vt 0.5027364492416382 0.9639127254486084 
vt 0.4120250940322876 0.964641809463501 
vt 0.5029796361923218 0.9966002702713013 
vt 0.4122682809829712 0.9973293542861938 
vt 0.05720503628253937 0.3269311189651489 
vt 0.4791466295719147 0.326323539018631 
vt 0.05708344280719757 0.21538034081459045 
vt 0.4790250360965729 0.2147727608680725 
vt 0.024860236793756485 0.4190394878387451 
vt 0.06596001982688904 0.4189179539680481 
vt 0.006134298164397478 0.3944934606552124 
vt 0.06583842635154724 0.39425042271614075 
vt 0.18597626686096191 0.4185534119606018 
vt 0.18597626686096191 0.39388588070869446 
vt 0.6696891188621521 0.416973739862442 
vt 0.6959540843963623 0.3923061788082123 
vt 0.5083299279212952 0.9675582051277161 
vt 0.5990412831306458 0.9679227471351624 
vt 0.508451521396637 0.9348706603050232 
vt 0.5991628766059875 0.9351136684417725 
vt 0.5387291312217712 0.7734987139701843 
vt 0.6036619544029236 0.7737417817115784 
vt 0.5389723777770996 0.7446996569633484 
vt 0.6296837329864502 0.7459148168563843 
vt 0.5027364492416382 0.8346207737922668 
vt 0.4120250940322876 0.8353498578071594 
vt 0.5029796361923218 0.8673083186149597 
vt 0.4122682809829712 0.8680374026298523 
vt 0.2552865445613861 0.955406665802002 
vt 0.2555297315120697 0.9843272566795349 
vt 0.32034093141555786 0.9552851915359497 
vt 0.3462411165237427 0.9829906225204468 
vt 0.22500890493392944 0.9557712078094482 
vt 0.22525209188461304 0.9845702648162842 
vt 0.2552865445613861 0.955406665802002 
vt 0.2555297315120697 0.9843272566795349 
vt 0.2552865445613861 0.955406665802002 
vt 0.32034093141555786 0.9552851915359497 
vt 0.2552865445613861 0.9227191805839539 
vt 0.32021933794021606 0.9225976467132568 
vt 0.0020000000949949026 0.9614824652671814 
vt 0.04881484434008598 0.9719327092170715 
vt 0.021212326362729073 0.8619616627693176 
vt 0.05842100828886032 0.9234482645988464 
vt 0.151807501912117 0.899145245552063 
vt 0.4790250360965729 0.2147727608680725 
vt 0.4791466295719147 0.326323539018631 
vt 0.05708344280719757 0.21538034081459045 
vt 0.05720503628253937 0.3269311189651489 
vt 0.4119035005569458 0.9357212781906128 
vt 0.47683629393577576 0.9359642863273621 
vt 0.4120250940322876 0.9030337333679199 
vt 0.47695788741111755 0.9032767415046692 
vt 0.6350339651107788 0.9675582051277161 
vt 0.6605693697929382 0.9958711862564087 
vt 0.7257453203201294 0.9679227471351624 
vt 0.7255021333694458 0.9967218041419983 
vt 0.6350339651107788 0.9675582051277161 
vt 0.7257453203201294 0.9679227471351624 
vt 0.6350339651107788 0.9348706603050232 
vt 0.7257453203201294 0.9351136684417725 
vt 0.0020000000949949026 0.6203898191452026 
vt 0.0457749217748642 0.6203898191452026 
vt 0.0020000000949949026 0.6767727732658386 
vt 0.0457749217748642 0.6767727732658386 
vt 0.5237727165222168 0.6203898191452026 
vt 0.5237727165222168 0.6767727732658386 
vt 0.6439105868339539 0.6203898191452026 
vt 0.6439105868339539 0.6767727732658386 
vt 0.7036147117614746 0.6203898191452026 
vt 0.7036147117614746 0.6767727732658386 
vt 0.6350339651107788 0.9348706603050232 
vt 0.7257453203201294 0.9351136684417725 
vt 0.6608125567436218 0.9068006873130798 
vt 0.7257453203201294 0.9063146114349365 
vt 0.4790250360965729 0.2147727608680725 
vt 0.5341084599494934 0.21465125679969788 
vt 0.4791466295719147 0.326323539018631 
vt 0.5342300534248352 0.326323539018631 
vt 0.4791466295719147 0.326323539018631 
vt 0.4790250360965729 0.2147727608680725 
vt 0.6296837329864502 0.7459148168563843 
vt 0.6036619544029236 0.7737417817115784 
vt 0.5389723777770996 0.7446996569633484 
vt 0.5387291312217712 0.7734987139701843 
vt 0.6350339651107788 0.8059432506561279 
vt 0.7257453203201294 0.8061862587928772 
vt 0.6608125567436218 0.7778732776641846 
vt 0.7257453203201294 0.7773872017860413 
vt 0.6350339651107788 0.8386307954788208 
vt 0.6605693697929382 0.8669437766075134 
vt 0.7257453203201294 0.8389953374862671 
vt 0.7255021333694458 0.867794394493103 
vt 0.5386075377464294 0.8061862587928772 
vt 0.6035403609275818 0.8064293265342712 
vt 0.5387291312217712 0.8351068496704102 
vt 0.6294405460357666 0.8343777656555176 
vt 0.7560229897499084 0.8061862587928772 
vt 0.7560229897499084 0.777265727519989 
vt 0.7257453203201294 0.8061862587928772 
vt 0.7257453203201294 0.7773872017860413 
vt 0.7255021333694458 0.7446996569633484 
vt 0.6605693697929382 0.7451857328414917 
vt 0.7257453203201294 0.7773872017860413 
vt 0.6608125567436218 0.7778732776641846 
vt 0.922610878944397 0.5770089626312256 
vt 0.698386013507843 0.5770089626312256 
vt 0.922610878944397 0.5595108270645142 
vt 0.698386013507843 0.5595108270645142 
vt 0.5876111388206482 0.3368953466415405 
vt 0.5876111388206482 0.28500843048095703 
vt 0.9260156154632568 0.3368953466415405 
vt 0.9260156154632568 0.28500843048095703 
vt 0.5083299279212952 0.9675582051277161 
vt 0.508451521396637 0.9348706603050232 
vt 0.5990412831306458 0.9679227471351624 
vt 0.5991628766059875 0.9351136684417725 
vt 0.5387291312217712 0.7734987139701843 
vt 0.6036619544029236 0.7737417817115784 
vt 0.5389723777770996 0.7446996569633484 
vt 0.6296837329864502 0.7459148168563843 
vt 0.5083299279212952 0.8063077926635742 
vt 0.5386075377464294 0.8061862587928772 
vt 0.508451521396637 0.8352283835411072 
vt 0.5387291312217712 0.8351068496704102 
vt 0.6294405460357666 0.8343777656555176 
vt 0.6035403609275818 0.8064293265342712 
vt 0.5387291312217712 0.8351068496704102 
vt 0.5386075377464294 0.8061862587928772 
vt 0.5387291312217712 0.8351068496704102 
vt 0.5386075377464294 0.8061862587928772 
vt 0.508451521396637 0.8352283835411072 
vt 0.5083299279212952 0.8063077926635742 
vt 0.705195426940918 0.4446791410446167 
vt 0.7477543950080872 0.4446791410446167 
vt 0.705195426940918 0.4621773064136505 
vt 0.7477543950080872 0.4621773064136505 
vt 0.9892460703849792 0.4621773064136505 
vt 0.9892460703849792 0.4446791410446167 
vt 0.5386075377464294 0.8061862587928772 
vt 0.6035403609275818 0.8064293265342712 
vt 0.5387291312217712 0.7734987139701843 
vt 0.6036619544029236 0.7737417817115784 
vt 0.9260156154632568 0.26641663908958435 
vt 0.9260156154632568 0.28500843048095703 
vt 0.5876111388206482 0.26641663908958435 
vt 0.5876111388206482 0.28500843048095703 
vt 0.6294405460357666 0.8343777656555176 
vt 0.5387291312217712 0.8351068496704102 
vt 0.6296837329864502 0.8670653104782104 
vt 0.5388507843017578 0.867794394493103 
vt 0.37639716267585754 0.8145707845687866 
vt 0.3530505299568176 0.85454922914505 
vt 0.2822810709476471 0.792819619178772 
vt 0.24665316939353943 0.8553998470306396 
vt 0.22500890493392944 0.7563651204109192 
vt 0.5029796361923218 0.8754498362541199 
vt 0.47695788741111755 0.9032767415046692 
vt 0.4122682809829712 0.874234676361084 
vt 0.4120250940322876 0.9030337333679199 
vt 0.9260156154632568 0.21465125679969788 
vt 0.9260156154632568 0.26641663908958435 
vt 0.5876111388206482 0.21465125679969788 
vt 0.5876111388206482 0.26641663908958435 
vt 0.6036619544029236 0.7737417817115784 
vt 0.6035403609275818 0.8064293265342712 
vt 0.5387291312217712 0.7734987139701843 
vt 0.5386075377464294 0.8061862587928772 
vt 0.3462411165237427 0.8618401288986206 
vt 0.2555297315120697 0.861111044883728 
vt 0.3461195230484009 0.8946492075920105 
vt 0.2552865445613861 0.8939201235771179 
vt 0.37639716267585754 0.8145707845687866 
vt 0.2822810709476471 0.792819619178772 
vt 0.3530505299568176 0.85454922914505 
vt 0.24665316939353943 0.8553998470306396 
vt 0.22500890493392944 0.7563651204109192 
vt 0.2717021405696869 0.7446996569633484 
vt 0.9740464091300964 0.28500843048095703 
vt 0.9260156154632568 0.28500843048095703 
vt 0.9740464091300964 0.26641663908958435 
vt 0.9260156154632568 0.26641663908958435 
vt 0.4119035005569458 0.8065508008003235 
vt 0.47683629393577576 0.8066723346710205 
vt 0.4120250940322876 0.7738632559776306 
vt 0.47695788741111755 0.7739847898483276 
vt 0.5341084599494934 0.9068006873130798 
vt 0.5338652729988098 0.874113142490387 
vt 0.5990412831306458 0.9063146114349365 
vt 0.5987980961799622 0.8736270666122437 
vt 0.9260156154632568 0.26641663908958435 
vt 0.5876111388206482 0.26641663908958435 
vt 0.9260156154632568 0.28500843048095703 
vt 0.5876111388206482 0.28500843048095703 
vt 0.5876111388206482 0.3368953466415405 
vt 0.5876111388206482 0.28500843048095703 
vt 0.9260156154632568 0.3368953466415405 
vt 0.9260156154632568 0.28500843048095703 
vt 0.7257453203201294 0.7773872017860413 
vt 0.7257453203201294 0.8061862587928772 
vt 0.6608125567436218 0.7778732776641846 
vt 0.6350339651107788 0.8059432506561279 
vt 0.47695788741111755 0.7739847898483276 
vt 0.47683629393577576 0.8066723346710205 
vt 0.4120250940322876 0.7738632559776306 
vt 0.4119035005569458 0.8065508008003235 
vt 0.0020000000949949026 0.517223596572876 
vt 0.5119777917861938 0.5096896886825562 
vt 0.035195980221033096 0.6146786212921143 
vt 0.5131937861442566 0.6076307892799377 
vt 0.6333315968513489 0.6059295535087585 
vt 0.6321156620979309 0.507988452911377 
vt 0.6918197870254517 0.5071378350257874 
vt 0.6294405460357666 0.8343777656555176 
vt 0.6296837329864502 0.8670653104782104 
vt 0.5387291312217712 0.8351068496704102 
vt 0.5388507843017578 0.867794394493103 
vt 0.4119035005569458 0.9357212781906128 
vt 0.47683629393577576 0.9359642863273621 
vt 0.4120250940322876 0.964641809463501 
vt 0.5027364492416382 0.9639127254486084 
vt 0.5876111388206482 0.28500843048095703 
vt 0.5395803451538086 0.28500843048095703 
vt 0.5876111388206482 0.26641663908958435 
vt 0.5395803451538086 0.26641663908958435 
vt 0.854030191898346 0.6767727732658386 
vt 0.854030191898346 0.6203898191452026 
vt 0.7943260669708252 0.6767727732658386 
vt 0.7943260669708252 0.6203898191452026 
vt 0.5029796361923218 0.7462793588638306 
vt 0.47695788741111755 0.7739847898483276 
vt 0.4122682809829712 0.7449427247047424 
vt 0.4120250940322876 0.7738632559776306 
vt 0.3461195230484009 0.8946492075920105 
vt 0.2552865445613861 0.8939201235771179 
vt 0.32021933794021606 0.9225976467132568 
vt 0.2552865445613861 0.9227191805839539 
vt 0.7036147117614746 0.6767727732658386 
vt 0.7036147117614746 0.6203898191452026 
vt 0.6439105868339539 0.6767727732658386 
vt 0.6439105868339539 0.6203898191452026 
vt 0.5237727165222168 0.6767727732658386 
vt 0.5237727165222168 0.6203898191452026 
vt 0.0457749217748642 0.6767727732658386 
vt 0.0457749217748642 0.6203898191452026 
vt 0.0020000000949949026 0.6767727732658386 
vt 0.0020000000949949026 0.6203898191452026 
vt 0.8106200695037842 0.7388669848442078 
vt 0.8106200695037842 0.682605504989624 
vt 0.7165039777755737 0.7388669848442078 
vt 0.7165039777755737 0.682605504989624 
vt 0.6685947775840759 0.7388669848442078 
vt 0.6685947775840759 0.682605504989624 
vt 0.6227526664733887 0.7388669848442078 
vt 0.6227526664733887 0.682605504989624 
vt 0.0063774921000003815 0.5013051629066467 
vt 0.06620321422815323 0.5011836290359497 
vt 0.02498183213174343 0.476637601852417 
vt 0.06608162075281143 0.47651606798171997 
vt 0.1862194538116455 0.5008190870285034 
vt 0.1860978603363037 0.4761515259742737 
vt 0.6642172336578369 0.49923938512802124 
vt 0.6509631872177124 0.4746933579444885 
vt 0.4119035005569458 0.8065508008003235 
vt 0.47683629393577576 0.8066723346710205 
vt 0.4120250940322876 0.8353498578071594 
vt 0.5027364492416382 0.8346207737922668 
vt 0.4120250940322876 0.9030337333679199 
vt 0.38174742460250854 0.9027906656265259 
vt 0.4122682809829712 0.874234676361084 
vt 0.38199061155319214 0.8738701343536377 
vt 0.4119035005569458 0.8065508008003235 
vt 0.47683629393577576 0.8066723346710205 
vt 0.4120250940322876 0.8353498578071594 
vt 0.5027364492416382 0.8346207737922668 
vt 0.9892460703849792 0.4621773064136505 
vt 0.9892460703849792 0.4795539379119873 
vt 0.7467816472053528 0.4621773064136505 
vt 0.7467816472053528 0.4795539379119873 
vt 0.705195426940918 0.4795539379119873 
vt 0.2717021405696869 0.7446996569633484 
vt 0.22500890493392944 0.7563651204109192 
vt 0.2822810709476471 0.792819619178772 
vt 0.24665316939353943 0.8553998470306396 
vt 0.3530505299568176 0.85454922914505 
vt 0.922610878944397 0.5246360301971436 
vt 0.7496999502182007 0.5246360301971436 
vt 0.922610878944397 0.542012631893158 
vt 0.7496999502182007 0.542012631893158 
vt 0.698386013507843 0.5246360301971436 
vt 0.698386013507843 0.542012631893158 
vt 0.698386013507843 0.5246360301971436 
vt 0.7284204959869385 0.5246360301971436 
vt 0.698386013507843 0.5071378350257874 
vt 0.7284204959869385 0.5071378350257874 
vt 0.922610878944397 0.5246360301971436 
vt 0.922610878944397 0.5071378350257874 
vt 0.38199061155319214 0.7446996569633484 
vt 0.4122682809829712 0.7449427247047424 
vt 0.38174742460250854 0.7734987139701843 
vt 0.4120250940322876 0.7738632559776306 
vt 0.47695788741111755 0.7739847898483276 
vt 0.47683629393577576 0.8066723346710205 
vt 0.4120250940322876 0.7738632559776306 
vt 0.4119035005569458 0.8065508008003235 
vt 0.5361756086349487 0.36678802967071533 
vt 0.528150200843811 0.3515986502170563 
vt 0.5523480176925659 0.36678802967071533 
vt 0.5523480176925659 0.33653080463409424 
vt 0.5604950189590454 0.3515986502170563 
vt 0.91701740026474 0.682605504989624 
vt 0.91701740026474 0.7388669848442078 
vt 0.8106200695037842 0.682605504989624 
vt 0.8106200695037842 0.7388669848442078 
vt 0.698386013507843 0.5071378350257874 
vt 0.922610878944397 0.5071378350257874 
vt 0.698386013507843 0.5246360301971436 
vt 0.922610878944397 0.5246360301971436 
vt 0.7165039777755737 0.7388669848442078 
vt 0.6685947775840759 0.7388669848442078 
vt 0.7165039777755737 0.682605504989624 
vt 0.6685947775840759 0.682605504989624 
vt 0.47695788741111755 0.9032767415046692 
vt 0.47683629393577576 0.9359642863273621 
vt 0.4120250940322876 0.9030337333679199 
vt 0.4119035005569458 0.9357212781906128 
vt 0.0020000000949949026 0.6203898191452026 
vt 0.0457749217748642 0.6203898191452026 
vt 0.0020000000949949026 0.6767727732658386 
vt 0.0457749217748642 0.6767727732658386 
vt 0.5237727165222168 0.6203898191452026 
vt 0.5237727165222168 0.6767727732658386 
vt 0.6439105868339539 0.6203898191452026 
vt 0.6439105868339539 0.6767727732658386 
vt 0.7036147117614746 0.6203898191452026 
vt 0.7036147117614746 0.6767727732658386 
vt 0.698386013507843 0.5770089626312256 
vt 0.922610878944397 0.5770089626312256 
vt 0.698386013507843 0.5943856239318848 
vt 0.922610878944397 0.5943856239318848 
vt 0.6696891188621521 0.416973739862442 
vt 0.6509631872177124 0.4746933579444885 
vt 0.6998451948165894 0.3982604146003723 
vt 0.668108344078064 0.49632301926612854 
vt 0.8829702734947205 0.8640273809432983 
vt 0.7629539966583252 0.8658501505851746 
vt 0.8676490187644958 0.7446996569633484 
vt 0.7613732814788818 0.7461578845977783 
vt 0.7629539966583252 0.8658501505851746 
vt 0.854030191898346 0.6767727732658386 
vt 0.854030191898346 0.6203898191452026 
vt 0.7943260669708252 0.6767727732658386 
vt 0.7943260669708252 0.6203898191452026 
vt 0.5876111388206482 0.26641663908958435 
vt 0.5876111388206482 0.21465125679969788 
vt 0.9260156154632568 0.26641663908958435 
vt 0.9260156154632568 0.21465125679969788 
vt 0.5263262391090393 0.3515986502170563 
vt 0.5183008909225464 0.33653080463409424 
vt 0.5183008909225464 0.36678802967071533 
vt 0.4939814507961273 0.3515986502170563 
vt 0.5021284818649292 0.36678802967071533 
vt 0.6608125567436218 0.7778732776641846 
vt 0.6605693697929382 0.7451857328414917 
vt 0.7257453203201294 0.7773872017860413 
vt 0.7255021333694458 0.7446996569633484 
vt 0.705195426940918 0.4621773064136505 
vt 0.7477543950080872 0.4621773064136505 
vt 0.705195426940918 0.4795539379119873 
vt 0.7477543950080872 0.4795539379119873 
vt 0.9892460703849792 0.4795539379119873 
vt 0.9892460703849792 0.4621773064136505 
vt 0.5876111388206482 0.28500843048095703 
vt 0.5876111388206482 0.26641663908958435 
vt 0.9260156154632568 0.28500843048095703 
vt 0.9260156154632568 0.26641663908958435 
vt 0.0020000000949949026 0.3989894986152649 
vt 0.024860236793756485 0.4190394878387451 
vt 0.002243194030597806 0.4969305992126465 
vt 0.02498183213174343 0.476637601852417 
vt 0.4790250360965729 0.2147727608680725 
vt 0.5341084599494934 0.21465125679969788 
vt 0.4791466295719147 0.326323539018631 
vt 0.5342300534248352 0.326323539018631 
vt 0.4791466295719147 0.326323539018631 
vt 0.4790250360965729 0.2147727608680725 
vt 0.024860236793756485 0.4190394878387451 
vt 0.06596001982688904 0.4189179539680481 
vt 0.006134298164397478 0.3944934606552124 
vt 0.06583842635154724 0.39425042271614075 
vt 0.18597626686096191 0.4185534119606018 
vt 0.18597626686096191 0.39388588070869446 
vt 0.6696891188621521 0.416973739862442 
vt 0.6959540843963623 0.3923061788082123 
vt 0.668108344078064 0.49632301926612854 
vt 0.6509631872177124 0.4746933579444885 
vt 0.6998451948165894 0.3982604146003723 
vt 0.6696891188621521 0.416973739862442 
vt 0.7165039777755737 0.7388669848442078 
vt 0.7165039777755737 0.682605504989624 
vt 0.6685947775840759 0.7388669848442078 
vt 0.6685947775840759 0.682605504989624 
vt 0.7165039777755737 0.7388669848442078 
vt 0.6685947775840759 0.7388669848442078 
vt 0.7165039777755737 0.682605504989624 
vt 0.6685947775840759 0.682605504989624 
vt 0.5027364492416382 0.8346207737922668 
vt 0.5029796361923218 0.8673083186149597 
vt 0.4120250940322876 0.8353498578071594 
vt 0.4122682809829712 0.8680374026298523 
vt 0.3462411165237427 0.9829906225204468 
vt 0.2555297315120697 0.9843272566795349 
vt 0.32034093141555786 0.9552851915359497 
vt 0.2552865445613861 0.955406665802002 
vt 0.6959540843963623 0.3923061788082123 
vt 0.6696891188621521 0.416973739862442 
vt 0.18597626686096191 0.39388588070869446 
vt 0.18597626686096191 0.4185534119606018 
vt 0.06583842635154724 0.39425042271614075 
vt 0.06596001982688904 0.4189179539680481 
vt 0.006134298164397478 0.3944934606552124 
vt 0.024860236793756485 0.4190394878387451 
vt 0.9260156154632568 0.26641663908958435 
vt 0.9260156154632568 0.28500843048095703 
vt 0.9740464091300964 0.26641663908958435 
vt 0.9740464091300964 0.28500843048095703 
vt 0.5876111388206482 0.28500843048095703 
vt 0.9260156154632568 0.28500843048095703 
vt 0.5876111388206482 0.26641663908958435 
vt 0.9260156154632568 0.26641663908958435 
vt 0.6294405460357666 0.8343777656555176 
vt 0.5387291312217712 0.8351068496704102 
vt 0.6035403609275818 0.8064293265342712 
vt 0.5386075377464294 0.8061862587928772 
vt 0.7257453203201294 0.8061862587928772 
vt 0.7257453203201294 0.8389953374862671 
vt 0.6350339651107788 0.8059432506561279 
vt 0.6350339651107788 0.8386307954788208 
vt 0.7257453203201294 0.7773872017860413 
vt 0.7560229897499084 0.777265727519989 
vt 0.7257453203201294 0.8061862587928772 
vt 0.7560229897499084 0.8061862587928772 
vt 0.6350339651107788 0.8059432506561279 
vt 0.6608125567436218 0.7778732776641846 
vt 0.7257453203201294 0.8061862587928772 
vt 0.7257453203201294 0.7773872017860413 
vt 0.6608125567436218 0.9068006873130798 
vt 0.6605693697929382 0.874113142490387 
vt 0.7257453203201294 0.9063146114349365 
vt 0.7255021333694458 0.8736270666122437 
vt 0.4790250360965729 0.2147727608680725 
vt 0.05708344280719757 0.21538034081459045 
vt 0.4791466295719147 0.326323539018631 
vt 0.05720503628253937 0.3269311189651489 
vt 0.2552865445613861 0.955406665802002 
vt 0.2552865445613861 0.9227191805839539 
vt 0.32034093141555786 0.9552851915359497 
vt 0.32021933794021606 0.9225976467132568 
vt 0.3462411165237427 0.9829906225204468 
vt 0.2555297315120697 0.9843272566795349 
vt 0.32034093141555786 0.9552851915359497 
vt 0.2552865445613861 0.955406665802002 
vt 0.3461195230484009 0.8946492075920105 
vt 0.32021933794021606 0.9225976467132568 
vt 0.2552865445613861 0.8939201235771179 
vt 0.2552865445613861 0.9227191805839539 
vt 0.6696891188621521 0.416973739862442 
vt 0.6509631872177124 0.4746933579444885 
vt 0.6998451948165894 0.3982604146003723 
vt 0.668108344078064 0.49632301926612854 
vt 0.4119035005569458 0.9357212781906128 
vt 0.47683629393577576 0.9359642863273621 
vt 0.4120250940322876 0.964641809463501 
vt 0.5027364492416382 0.9639127254486084 
vt 0.5991628766059875 0.9351136684417725 
vt 0.5990412831306458 0.9679227471351624 
vt 0.508451521396637 0.9348706603050232 
vt 0.5083299279212952 0.9675582051277161 
vt 0.5990412831306458 0.9063146114349365 
vt 0.6293189525604248 0.9063146114349365 
vt 0.5991628766059875 0.9351136684417725 
vt 0.6294405460357666 0.9351136684417725 
vt 0.9260156154632568 0.28500843048095703 
vt 0.5876111388206482 0.28500843048095703 
vt 0.9260156154632568 0.3368953466415405 
vt 0.5876111388206482 0.3368953466415405 
vt 0.922610878944397 0.5246360301971436 
vt 0.922610878944397 0.542012631893158 
vt 0.7661155462265015 0.5246360301971436 
vt 0.7661155462265015 0.542012631893158 
vt 0.698386013507843 0.542012631893158 
vt 0.5027364492416382 0.9639127254486084 
vt 0.5029796361923218 0.9966002702713013 
vt 0.4120250940322876 0.964641809463501 
vt 0.4122682809829712 0.9973293542861938 
vt 0.8829702734947205 0.8640273809432983 
vt 0.7629539966583252 0.8658501505851746 
vt 0.8676490187644958 0.7446996569633484 
vt 0.7613732814788818 0.7461578845977783 
vt 0.7629539966583252 0.8658501505851746 
vt 0.5876111388206482 0.28500843048095703 
vt 0.5876111388206482 0.26641663908958435 
vt 0.5395803451538086 0.28500843048095703 
vt 0.5395803451538086 0.26641663908958435 
vt 0.9260156154632568 0.21465125679969788 
vt 0.5876111388206482 0.21465125679969788 
vt 0.9260156154632568 0.26641663908958435 
vt 0.5876111388206482 0.26641663908958435 
vt 0.5990412831306458 0.9063146114349365 
vt 0.5991628766059875 0.9351136684417725 
vt 0.5341084599494934 0.9068006873130798 
vt 0.508451521396637 0.9348706603050232 
vt 0.5990412831306458 0.9063146114349365 
vt 0.5991628766059875 0.9351136684417725 
vt 0.6293189525604248 0.9063146114349365 
vt 0.6294405460357666 0.9351136684417725 
vt 0.4120250940322876 0.9030337333679199 
vt 0.4122682809829712 0.874234676361084 
vt 0.47695788741111755 0.9032767415046692 
vt 0.5029796361923218 0.8754498362541199 
vt 0.5361756086349487 0.33653080463409424 
vt 0.528150200843811 0.3515986502170563 
vt 0.5523480176925659 0.33653080463409424 
vt 0.5523480176925659 0.36678802967071533 
vt 0.5604950189590454 0.3515986502170563 
vt 0.5341084599494934 0.9068006873130798 
vt 0.5990412831306458 0.9063146114349365 
vt 0.5338652729988098 0.874113142490387 
vt 0.5987980961799622 0.8736270666122437 
vt 0.7613732814788818 0.9916181564331055 
vt 0.7749921083450317 0.8719258904457092 
vt 0.8815110921859741 0.9912536144256592 
vt 0.8811463117599487 0.8715613484382629 
vt 0.8815110921859741 0.9912536144256592 
vt 0.7613732814788818 0.9916181564331055 
vt 0.922610878944397 0.5943856239318848 
vt 0.922610878944397 0.6118837594985962 
vt 0.7661155462265015 0.5943856239318848 
vt 0.7661155462265015 0.6118837594985962 
vt 0.698386013507843 0.6118837594985962 
vt 0.3461195230484009 0.8946492075920105 
vt 0.32021933794021606 0.9225976467132568 
vt 0.2552865445613861 0.8939201235771179 
vt 0.2552865445613861 0.9227191805839539 
vt 0.6930357217788696 0.605078935623169 
vt 0.6333315968513489 0.6059295535087585 
vt 0.6918197870254517 0.5071378350257874 
vt 0.6321156620979309 0.507988452911377 
vt 0.5119777917861938 0.5096896886825562 
vt 0.5131937861442566 0.6076307892799377 
vt 0.035195980221033096 0.6146786212921143 
vt 0.5263262391090393 0.3515986502170563 
vt 0.5183008909225464 0.36678802967071533 
vt 0.5183008909225464 0.33653080463409424 
vt 0.4939814507961273 0.3515986502170563 
vt 0.5021284818649292 0.33653080463409424 
vt 0.6350339651107788 0.8386307954788208 
vt 0.7257453203201294 0.8389953374862671 
vt 0.6605693697929382 0.8669437766075134 
vt 0.7255021333694458 0.867794394493103 
vt 0.854030191898346 0.6767727732658386 
vt 0.854030191898346 0.6203898191452026 
vt 0.9656562209129333 0.6767727732658386 
vt 0.9656562209129333 0.6203898191452026 
vt 0.854030191898346 0.6203898191452026 
vt 0.705195426940918 0.4621773064136505 
vt 0.705195426940918 0.4795539379119873 
vt 0.7859358787536621 0.4621773064136505 
vt 0.7859358787536621 0.4795539379119873 
vt 0.9892460703849792 0.4621773064136505 
vt 0.9892460703849792 0.4795539379119873 
vt 0.698386013507843 0.6118837594985962 
vt 0.7284204959869385 0.6118837594985962 
vt 0.698386013507843 0.5943856239318848 
vt 0.7284204959869385 0.5943856239318848 
vt 0.922610878944397 0.6118837594985962 
vt 0.922610878944397 0.5943856239318848 
vt 0.12748810648918152 0.8597744107246399 
vt 0.151807501912117 0.899145245552063 
vt 0.021212326362729073 0.8619616627693176 
vt 0.05842100828886032 0.9234482645988464 
vt 0.04881484434008598 0.9719327092170715 
vt 0.7943260669708252 0.6203898191452026 
vt 0.854030191898346 0.6203898191452026 
vt 0.7943260669708252 0.6767727732658386 
vt 0.854030191898346 0.6767727732658386 
vt 0.7257453203201294 0.9063146114349365 
vt 0.7257453203201294 0.9351136684417725 
vt 0.6608125567436218 0.9068006873130798 
vt 0.6350339651107788 0.9348706603050232 
vt 0.024860236793756485 0.4190394878387451 
vt 0.06596001982688904 0.4189179539680481 
vt 0.02498183213174343 0.476637601852417 
vt 0.06608162075281143 0.47651606798171997 
vt 0.18597626686096191 0.4185534119606018 
vt 0.1860978603363037 0.4761515259742737 
vt 0.6696891188621521 0.416973739862442 
vt 0.6509631872177124 0.4746933579444885 
vt 0.0020000000949949026 0.9614824652671814 
vt 0.021212326362729073 0.8619616627693176 
vt 0.04881484434008598 0.9719327092170715 
vt 0.05842100828886032 0.9234482645988464 
vt 0.151807501912117 0.899145245552063 
vt 0.12748810648918152 0.8597744107246399 
vt 0.11277486383914948 0.682605504989624 
vt 0.6227526664733887 0.682605504989624 
vt 0.11277486383914948 0.7388669848442078 
vt 0.6227526664733887 0.7388669848442078 
vt 0.4122682809829712 0.8680374026298523 
vt 0.4120250940322876 0.8353498578071594 
vt 0.5029796361923218 0.8673083186149597 
vt 0.5027364492416382 0.8346207737922668 
vt 0.8106200695037842 0.7388669848442078 
vt 0.7165039777755737 0.7388669848442078 
vt 0.8106200695037842 0.682605504989624 
vt 0.7165039777755737 0.682605504989624 
vt 0.698386013507843 0.5770089626312256 
vt 0.7284204959869385 0.5770089626312256 
vt 0.698386013507843 0.5595108270645142 
vt 0.7284204959869385 0.5595108270645142 
vt 0.922610878944397 0.5770089626312256 
vt 0.922610878944397 0.5595108270645142 
vt 0.5029796361923218 0.7462793588638306 
vt 0.4122682809829712 0.7449427247047424 
vt 0.47695788741111755 0.7739847898483276 
vt 0.4120250940322876 0.7738632559776306 
vt 0.5987980961799622 0.9967218041419983 
vt 0.5990412831306458 0.9679227471351624 
vt 0.5338652729988098 0.9958711862564087 
vt 0.5083299279212952 0.9675582051277161 
vt 0.6509631872177124 0.4746933579444885 
vt 0.6642172336578369 0.49923938512802124 
vt 0.1860978603363037 0.4761515259742737 
vt 0.1862194538116455 0.5008190870285034 
vt 0.06608162075281143 0.47651606798171997 
vt 0.06620321422815323 0.5011836290359497 
vt 0.02498183213174343 0.476637601852417 
vt 0.0063774921000003815 0.5013051629066467 
vt 0.22500890493392944 0.9557712078094482 
vt 0.2552865445613861 0.955406665802002 
vt 0.22525209188461304 0.9845702648162842 
vt 0.2555297315120697 0.9843272566795349 
vt 0.698386013507843 0.5246360301971436 
vt 0.7496999502182007 0.5246360301971436 
vt 0.698386013507843 0.5071378350257874 
vt 0.7496999502182007 0.5071378350257874 
vt 0.922610878944397 0.5246360301971436 
vt 0.922610878944397 0.5071378350257874 
vt 0.05720503628253937 0.3269311189651489 
vt 0.05708344280719757 0.21538034081459045 
vt 0.0021215970627963543 0.32705262303352356 
vt 0.0020000000949949026 0.21538034081459045 
vt 0.05708344280719757 0.21538034081459045 
vt 0.37639716267585754 0.8145707845687866 
vt 0.3530505299568176 0.85454922914505 
vt 0.2822810709476471 0.792819619178772 
vt 0.24665316939353943 0.8553998470306396 
vt 0.22500890493392944 0.7563651204109192 
vt 0.6227526664733887 0.682605504989624 
vt 0.6685947775840759 0.682605504989624 
vt 0.6227526664733887 0.7388669848442078 
vt 0.6685947775840759 0.7388669848442078 
vt 0.6294405460357666 0.8343777656555176 
vt 0.6296837329864502 0.8670653104782104 
vt 0.5387291312217712 0.8351068496704102 
vt 0.5388507843017578 0.867794394493103 
vt 0.9740464091300964 0.28500843048095703 
vt 0.9260156154632568 0.28500843048095703 
vt 0.9740464091300964 0.26641663908958435 
vt 0.9260156154632568 0.26641663908958435 
vt 0.32021933794021606 0.9225976467132568 
vt 0.32034093141555786 0.9552851915359497 
vt 0.2552865445613861 0.9227191805839539 
vt 0.2552865445613861 0.955406665802002 
vt 0.9892460703849792 0.4098043441772461 
vt 0.9892460703849792 0.4271809756755829 
vt 0.7477543950080872 0.4098043441772461 
vt 0.7477543950080872 0.4271809756755829 
vt 0.705195426940918 0.4271809756755829 
vt 0.9892460703849792 0.4446791410446167 
vt 0.9892460703849792 0.4621773064136505 
vt 0.7467816472053528 0.4446791410446167 
vt 0.7467816472053528 0.4621773064136505 
vt 0.705195426940918 0.4621773064136505 
vt 0.6350339651107788 0.8386307954788208 
vt 0.7257453203201294 0.8389953374862671 
vt 0.6350339651107788 0.8059432506561279 
vt 0.7257453203201294 0.8061862587928772 
vt 0.5990412831306458 0.9063146114349365 
vt 0.5341084599494934 0.9068006873130798 
vt 0.5991628766059875 0.9351136684417725 
vt 0.508451521396637 0.9348706603050232 
vt 0.705195426940918 0.4098043441772461 
vt 0.7467816472053528 0.4098043441772461 
vt 0.705195426940918 0.4271809756755829 
vt 0.7467816472053528 0.4271809756755829 
vt 0.9892460703849792 0.4271809756755829 
vt 0.9892460703849792 0.4098043441772461 
vt 0.7560229897499084 0.8061862587928772 
vt 0.7257453203201294 0.8061862587928772 
vt 0.7560229897499084 0.777265727519989 
vt 0.7257453203201294 0.7773872017860413 
vt 0.13636468350887299 0.8337701559066772 
vt 0.12736651301383972 0.7874729633331299 
vt 0.12104346603155136 0.8235629200935364 
vt 0.09587288647890091 0.7878375053405762 
vt 0.10329030454158783 0.824413537979126 
vt 0.06668960303068161 0.8013256788253784 
vt 0.08675310760736465 0.8346207737922668 
vt 0.0456533245742321 0.8246565461158752 
vt 0.07532299309968948 0.8539416790008545 
vt 0.08675310760736465 0.8346207737922668 
vt 0.15654978156089783 0.8004750609397888 
vt 0.14840279519557953 0.8534556031227112 
vt 0.17795085906982422 0.8236844539642334 
vt 0.15654978156089783 0.8004750609397888 
vt 0.13636468350887299 0.8337701559066772 
vt 0.12736651301383972 0.7874729633331299 
vt 0.12104346603155136 0.8235629200935364 
vt 0.09587288647890091 0.7878375053405762 
vt 0.10329030454158783 0.824413537979126 
vt 0.06668960303068161 0.8013256788253784 
vt 0.9447415471076965 0.11573804169893265 
vt 0.6916981935501099 0.11573804169893265 
vt 0.9447415471076965 0.087303526699543 
vt 0.6916981935501099 0.087303526699543 
vt 0.9447415471076965 0.05886901915073395 
vt 0.6916981935501099 0.05886901915073395 
vt 0.9447415471076965 0.030434509739279747 
vt 0.6916981935501099 0.030434509739279747 
vt 0.9447415471076965 0.0020000000949949026 
vt 0.6916981935501099 0.0020000000949949026 
vt 0.6916981935501099 0.030434509739279747 
vt 0.9447415471076965 0.030434509739279747 
vt 0.6916981935501099 0.05886901915073395 
vt 0.9447415471076965 0.05886901915073395 
vt 0.6916981935501099 0.087303526699543 
vt 0.9447415471076965 0.087303526699543 
vt 0.6916981935501099 0.11573804169893265 
vt 0.9447415471076965 0.11573804169893265 
vt 0.6916981935501099 0.1441725492477417 
vt 0.9447415471076965 0.1441725492477417 
vt 0.5490648746490479 0.20881852507591248 
vt 0.5040740370750427 0.16337192058563232 
vt 0.5040740370750427 0.20881852507591248 
vt 0.4592047333717346 0.16337192058563232 
vt 0.4592047333717346 0.20881852507591248 
vt 0.4142138361930847 0.16337192058563232 
vt 0.4142138361930847 0.20881852507591248 
vt 0.3692229390144348 0.16337192058563232 
vt 0.3692229390144348 0.20881852507591248 
vt 0.3243536353111267 0.16337192058563232 
vt 0.3243536353111267 0.20881852507591248 
vt 0.3692229390144348 0.20881852507591248 
vt 0.3692229390144348 0.16337192058563232 
vt 0.4142138361930847 0.20881852507591248 
vt 0.4142138361930847 0.16337192058563232 
vt 0.4592047333717346 0.20881852507591248 
vt 0.4592047333717346 0.16337192058563232 
vt 0.5040740370750427 0.20881852507591248 
vt 0.5040740370750427 0.16337192058563232 
vt 0.5490648746490479 0.16337192058563232 
vt 0.555144727230072 0.1487901210784912 
vt 0.5552663207054138 0.20833246409893036 
vt 0.5932046175003052 0.20821096003055573 
vt 0.555144727230072 0.1487901210784912 
vt 0.5932046175003052 0.10759653151035309 
vt 0.09526489675045013 0.10820411145687103 
vt 0.5932046175003052 0.10759653151035309 
vt 0.09526489675045013 0.10820411145687103 
vt 0.1333247572183609 0.14927618205547333 
vt 0.09538649767637253 0.20881852507591248 
vt 0.1333247572183609 0.20881852507591248 
vt 0.1333247572183609 0.14927618205547333 
vt 0.6916981935501099 0.11573804169893265 
vt 0.9447415471076965 0.11573804169893265 
vt 0.6916981935501099 0.1441725492477417 
vt 0.9447415471076965 0.1441725492477417 
vt 0.9447415471076965 0.11573804169893265 
vt 0.6916981935501099 0.11573804169893265 
vt 0.9447415471076965 0.087303526699543 
vt 0.6916981935501099 0.087303526699543 
vt 0.9447415471076965 0.05886901915073395 
vt 0.6916981935501099 0.05886901915073395 
vt 0.9447415471076965 0.030434509739279747 
vt 0.6916981935501099 0.030434509739279747 
vt 0.9447415471076965 0.0020000000949949026 
vt 0.6916981935501099 0.0020000000949949026 
vt 0.6916981935501099 0.030434509739279747 
vt 0.9447415471076965 0.030434509739279747 
vt 0.6916981935501099 0.05886901915073395 
vt 0.9447415471076965 0.05886901915073395 
vt 0.6916981935501099 0.087303526699543 
vt 0.9447415471076965 0.087303526699543 
vt 0.8883205056190491 0.767909049987793 
vt 0.9980010390281677 0.767909049987793 
vt 0.8883205056190491 0.7912399172782898 
vt 0.9980010390281677 0.7912399172782898 
vt 0.8883205056190491 0.8144493103027344 
vt 0.9980010390281677 0.8144493103027344 
vt 0.8883205056190491 0.8377801775932312 
vt 0.9980010390281677 0.8377801775932312 
vt 0.8883205056190491 0.860989511013031 
vt 0.9980010390281677 0.860989511013031 
vt 0.9980010390281677 0.8377801775932312 
vt 0.8883205056190491 0.860989511013031 
vt 0.8883205056190491 0.8377801775932312 
vt 0.8883205056190491 0.7912399172782898 
vt 0.8883205056190491 0.8144493103027344 
vt 0.8883205056190491 0.8377801775932312 
vt 0.8883205056190491 0.767909049987793 
vt 0.9980010390281677 0.7446996569633484 
vt 0.8883205056190491 0.7446996569633484 
vt 0.8883205056190491 0.767909049987793 
vt 0.8883205056190491 0.7446996569633484 
vt 0.8883205056190491 0.767909049987793 
vt 0.9980010390281677 0.767909049987793 
vt 0.8883205056190491 0.7912399172782898 
vt 0.9980010390281677 0.7912399172782898 
vt 0.8883205056190491 0.8144493103027344 
vt 0.9980010390281677 0.8144493103027344 
vt 0.8883205056190491 0.8377801775932312 
vt 0.8883205056190491 0.8144493103027344 
vt 0.8883205056190491 0.7912399172782898 
vt 0.09587288647890091 0.7878375053405762 
vt 0.12104346603155136 0.8235629200935364 
vt 0.12736651301383972 0.7874729633331299 
vt 0.13636468350887299 0.8337701559066772 
vt 0.15654978156089783 0.8004750609397888 
vt 0.14840279519557953 0.8534556031227112 
vt 0.17795085906982422 0.8236844539642334 
vt 0.15654978156089783 0.8004750609397888 
vt 0.10329030454158783 0.824413537979126 
vt 0.06668960303068161 0.8013256788253784 
vt 0.08675310760736465 0.8346207737922668 
vt 0.0456533245742321 0.8246565461158752 
vt 0.07532299309968948 0.8539416790008545 
vt 0.08675310760736465 0.8346207737922668 
vt 0.06668960303068161 0.8013256788253784 
vt 0.10329030454158783 0.824413537979126 
vt 0.09587288647890091 0.7878375053405762 
vt 0.12104346603155136 0.8235629200935364 
vt 0.12736651301383972 0.7874729633331299 
vt 0.13636468350887299 0.8337701559066772 
vt 0.041883815079927444 0.7629269361495972 
vt 0.09234657138586044 0.7681520581245422 
vt 0.0883338674902916 0.7446996569633484 
vt 0.13113601505756378 0.76803058385849 
vt 0.13527031242847443 0.7448211908340454 
vt 0.1678583025932312 0.7838274836540222 
vt 0.1808691918849945 0.7629269361495972 
vt 0.19667679071426392 0.8174871802330017 
vt 0.21965862810611725 0.8041205406188965 
vt 0.1808691918849945 0.7629269361495972 
vt 0.12736651301383972 0.7874729633331299 
vt 0.15654978156089783 0.8004750609397888 
vt 0.17795085906982422 0.8236844539642334 
vt 0.1678583025932312 0.7838274836540222 
vt 0.13527031242847443 0.7448211908340454 
vt 0.15654978156089783 0.8004750609397888 
vt 0.13113601505756378 0.76803058385849 
vt 0.0883338674902916 0.7446996569633484 
vt 0.12736651301383972 0.7874729633331299 
vt 0.09234657138586044 0.7681520581245422 
vt 0.041883815079927444 0.7629269361495972 
vt 0.09587288647890091 0.7878375053405762 
vt 0.055381081998348236 0.7843135595321655 
vt 0.0020000000949949026 0.8055787086486816 
vt 0.06668960303068161 0.8013256788253784 
vt 0.02607620507478714 0.8190668821334839 
vt 0.055381081998348236 0.7843135595321655 
vt 0.0456533245742321 0.8246565461158752 
vt 0.06668960303068161 0.8013256788253784 
vt 0.09587288647890091 0.7878375053405762 
vt 0.5932046175003052 0.10759653151035309 
vt 0.5932046175003052 0.20821096003055573 
vt 0.555144727230072 0.1487901210784912 
vt 0.5552663207054138 0.20833246409893036 
vt 0.09526489675045013 0.10820411145687103 
vt 0.1333247572183609 0.14927618205547333 
vt 0.09538649767637253 0.20881852507591248 
vt 0.1333247572183609 0.20881852507591248 
vt 0.1333247572183609 0.14927618205547333 
vt 0.09526489675045013 0.10820411145687103 
vt 0.555144727230072 0.1487901210784912 
vt 0.5932046175003052 0.10759653151035309 
vt 0.5040740370750427 0.20881852507591248 
vt 0.5040740370750427 0.16337192058563232 
vt 0.5490648746490479 0.20881852507591248 
vt 0.5490648746490479 0.16337192058563232 
vt 0.5040740370750427 0.16337192058563232 
vt 0.5040740370750427 0.20881852507591248 
vt 0.4592047333717346 0.16337192058563232 
vt 0.4592047333717346 0.20881852507591248 
vt 0.4142138361930847 0.16337192058563232 
vt 0.4142138361930847 0.20881852507591248 
vt 0.3692229390144348 0.16337192058563232 
vt 0.3692229390144348 0.20881852507591248 
vt 0.3243536353111267 0.16337192058563232 
vt 0.3243536353111267 0.20881852507591248 
vt 0.3692229390144348 0.20881852507591248 
vt 0.3692229390144348 0.16337192058563232 
vt 0.4142138361930847 0.20881852507591248 
vt 0.4142138361930847 0.16337192058563232 
vt 0.4592047333717346 0.20881852507591248 
vt 0.4592047333717346 0.16337192058563232 
vt 0.0021215970627963543 0.10832562297582626 
vt 0.09526489675045013 0.10820411145687103 
vt 0.0020000000949949026 0.0028506049420684576 
vt 0.09514330327510834 0.002729089930653572 
vt 0.09526489675045013 0.10820411145687103 
vt 0.0021215970627963543 0.10832562297582626 
vt 0.09526489675045013 0.10820411145687103 
vt 0.09514330327510834 0.002729089930653572 
vt 0.09526489675045013 0.10820411145687103 
vt 0.5930830240249634 0.002121515106409788 
vt 0.5932046175003052 0.10759653151035309 
vt 0.6862263083457947 0.0020000000949949026 
vt 0.6862263083457947 0.10747501999139786 
vt 0.5932046175003052 0.10759653151035309 
vt 0.5930830240249634 0.002121515106409788 
vt 0.5932046175003052 0.10759653151035309 
vt 0.6862263083457947 0.10747501999139786 
vt 0.5932046175003052 0.10759653151035309 
vt 0.12736651301383972 0.7874729633331299 
vt 0.13113601505756378 0.76803058385849 
vt 0.15654978156089783 0.8004750609397888 
vt 0.1678583025932312 0.7838274836540222 
vt 0.17795085906982422 0.8236844539642334 
vt 0.19667679071426392 0.8174871802330017 
vt 0.1678583025932312 0.7838274836540222 
vt 0.1808691918849945 0.7629269361495972 
vt 0.13527031242847443 0.7448211908340454 
vt 0.13527031242847443 0.7448211908340454 
vt 0.1808691918849945 0.7629269361495972 
vt 0.21965862810611725 0.8041205406188965 
vt 0.0883338674902916 0.7446996569633484 
vt 0.09234657138586044 0.7681520581245422 
vt 0.041883815079927444 0.7629269361495972 
vt 0.055381081998348236 0.7843135595321655 
vt 0.0020000000949949026 0.8055787086486816 
vt 0.02607620507478714 0.8190668821334839 
vt 0.055381081998348236 0.7843135595321655 
vt 0.06668960303068161 0.8013256788253784 
vt 0.09587288647890091 0.7878375053405762 
vt 0.09587288647890091 0.7878375053405762 
vt 0.06668960303068161 0.8013256788253784 
vt 0.0456533245742321 0.8246565461158752 
vt 0.15654978156089783 0.8004750609397888 
vt 0.13113601505756378 0.76803058385849 
vt 0.12736651301383972 0.7874729633331299 
vt 0.09234657138586044 0.7681520581245422 
vt 0.0883338674902916 0.7446996569633484 
vt 0.041883815079927444 0.7629269361495972 
vt 0.2717021405696869 0.7446996569633484 
vt 0.0020000000949949026 0.9614824652671814 
vt 0.5361756086349487 0.33653080463409424 
vt 0.5021284818649292 0.36678802967071533 
vt 0.6930357217788696 0.605078935623169 
vt 0.4791466295719147 0.326323539018631 
vt 0.05720503628253937 0.3269311189651489 
vt 0.34721389412879944 0.7899032831192017 
vt 0.19643360376358032 0.9443488121032715 
vt 0.13636468350887299 0.8337701559066772 
vt 0.37639716267585754 0.8145707845687866 
vt 0.854030191898346 0.6767727732658386 
vt 0.8829702734947205 0.8640273809432983 
vt 0.9892460703849792 0.4795539379119873 
vt 0.9892460703849792 0.4446791410446167 
vt 0.5361756086349487 0.36678802967071533 
vt 0.5021284818649292 0.33653080463409424 
vt 0.6930357217788696 0.605078935623169 
vt 0.34721389412879944 0.7899032831192017 
vt 0.19643360376358032 0.9443488121032715 
vt 0.10329030454158783 0.824413537979126 
vt 0.12748810648918152 0.8597744107246399 
vt 0.8829702734947205 0.8640273809432983 
vt 0.11277486383914948 0.682605504989624 
vt 0.5361756086349487 0.33653080463409424 
vt 0.5021284818649292 0.33653080463409424 
vt 0.6930357217788696 0.605078935623169 
vt 0.29954785108566284 0.7734987139701843 
vt 0.19643360376358032 0.9443488121032715 
vt 0.13636468350887299 0.8337701559066772 
vt 0.0020000000949949026 0.517223596572876 
vt 0.7613732814788818 0.9916181564331055 
vt 0.2717021405696869 0.7446996569633484 
vt 0.5361756086349487 0.33653080463409424 
vt 0.5021284818649292 0.33653080463409424 
vt 0.29954785108566284 0.7734987139701843 
vt 0.09526489675045013 0.10820411145687103 
vt 0.19643360376358032 0.9443488121032715 
vt 0.10329030454158783 0.824413537979126 
vt 0.698386013507843 0.5943856239318848 
vt 0.698386013507843 0.5246360301971436 
vt 0.705195426940918 0.4621773064136505 
vt 0.705195426940918 0.4446791410446167 
vt 0.705195426940918 0.4098043441772461 
vt 0.6333315968513489 0.6059295535087585 
vt 0.5131937861442566 0.6076307892799377 
vt 0.5119777917861938 0.5096896886825562 
vt 0.5119777917861938 0.5096896886825562 
vt 0.6321156620979309 0.507988452911377 
vt 0.6333315968513489 0.6059295535087585 
vt 0.8106200695037842 0.682605504989624 
vt 0.91701740026474 0.682605504989624 
vt 0.91701740026474 0.7388669848442078 
vt 0.91701740026474 0.7388669848442078 
vt 0.8106200695037842 0.7388669848442078 
vt 0.8106200695037842 0.682605504989624 
vt 0.0457749217748642 0.6203898191452026 
vt 0.0457749217748642 0.6767727732658386 
vt 0.0020000000949949026 0.6767727732658386 
vt 0.0020000000949949026 0.6767727732658386 
vt 0.0020000000949949026 0.6203898191452026 
vt 0.0457749217748642 0.6203898191452026 
vt 0.7036147117614746 0.6203898191452026 
vt 0.7943260669708252 0.6203898191452026 
vt 0.7943260669708252 0.6767727732658386 
vt 0.7943260669708252 0.6767727732658386 
vt 0.7036147117614746 0.6767727732658386 
vt 0.7036147117614746 0.6203898191452026 
vt 0.035195980221033096 0.6146786212921143 
vt 0.0020000000949949026 0.517223596572876 
vt 0.5119777917861938 0.5096896886825562 
vt 0.5119777917861938 0.5096896886825562 
vt 0.5131937861442566 0.6076307892799377 
vt 0.035195980221033096 0.6146786212921143 
vt 0.6696891188621521 0.416973739862442 
vt 0.6509631872177124 0.4746933579444885 
vt 0.1860978603363037 0.4761515259742737 
vt 0.1860978603363037 0.4761515259742737 
vt 0.18597626686096191 0.4185534119606018 
vt 0.6696891188621521 0.416973739862442 
vt 0.6227526664733887 0.682605504989624 
vt 0.6227526664733887 0.7388669848442078 
vt 0.11277486383914948 0.7388669848442078 
vt 0.11277486383914948 0.7388669848442078 
vt 0.11277486383914948 0.682605504989624 
vt 0.6227526664733887 0.682605504989624 
vt 0.6439105868339539 0.6203898191452026 
vt 0.6439105868339539 0.6767727732658386 
vt 0.5237727165222168 0.6767727732658386 
vt 0.5237727165222168 0.6767727732658386 
vt 0.5237727165222168 0.6203898191452026 
vt 0.6439105868339539 0.6203898191452026 
vt 0.5237727165222168 0.6203898191452026 
vt 0.5237727165222168 0.6767727732658386 
vt 0.0457749217748642 0.6767727732658386 
vt 0.0457749217748642 0.6767727732658386 
vt 0.0457749217748642 0.6203898191452026 
vt 0.5237727165222168 0.6203898191452026 
vt 0.3530505299568176 0.85454922914505 
vt 0.24665316939353943 0.8553998470306396 
vt 0.2822810709476471 0.792819619178772 
vt 0.2822810709476471 0.792819619178772 
vt 0.37639716267585754 0.8145707845687866 
vt 0.3530505299568176 0.85454922914505 
vt 0.021212326362729073 0.8619616627693176 
vt 0.12748810648918152 0.8597744107246399 
vt 0.151807501912117 0.899145245552063 
vt 0.151807501912117 0.899145245552063 
vt 0.05842100828886032 0.9234482645988464 
vt 0.021212326362729073 0.8619616627693176 
vt 0.7165039777755737 0.682605504989624 
vt 0.7165039777755737 0.7388669848442078 
vt 0.6685947775840759 0.7388669848442078 
vt 0.6685947775840759 0.7388669848442078 
vt 0.6685947775840759 0.682605504989624 
vt 0.7165039777755737 0.682605504989624 
vt 0.8815110921859741 0.9912536144256592 
vt 0.7613732814788818 0.9916181564331055 
vt 0.7749921083450317 0.8719258904457092 
vt 0.7749921083450317 0.8719258904457092 
vt 0.8811463117599487 0.8715613484382629 
vt 0.8815110921859741 0.9912536144256592 
vt 0.854030191898346 0.6203898191452026 
vt 0.9656562209129333 0.6203898191452026 
vt 0.9656562209129333 0.6767727732658386 
vt 0.9656562209129333 0.6767727732658386 
vt 0.854030191898346 0.6767727732658386 
vt 0.854030191898346 0.6203898191452026 
vt 0.7629539966583252 0.8658501505851746 
vt 0.7613732814788818 0.7461578845977783 
vt 0.8676490187644958 0.7446996569633484 
vt 0.8676490187644958 0.7446996569633484 
vt 0.8829702734947205 0.8640273809432983 
vt 0.11277486383914948 0.7388669848442078 
vt 0.0020000000949949026 0.7388669848442078 
vt 0.0020000000949949026 0.682483971118927 
vt 0.0020000000949949026 0.682483971118927 
vt 0.11277486383914948 0.682605504989624 
vt 0.11277486383914948 0.7388669848442078 
vt 0.2822810709476471 0.792819619178772 
vt 0.24665316939353943 0.8553998470306396 
vt 0.22500890493392944 0.7563651204109192 
vt 0.22500890493392944 0.7563651204109192 
vt 0.2717021405696869 0.7446996569633484 
vt 0.2822810709476471 0.792819619178772 
vt 0.8106200695037842 0.682605504989624 
vt 0.8106200695037842 0.7388669848442078 
vt 0.7165039777755737 0.7388669848442078 
vt 0.7165039777755737 0.7388669848442078 
vt 0.7165039777755737 0.682605504989624 
vt 0.8106200695037842 0.682605504989624 
vt 0.021212326362729073 0.8619616627693176 
vt 0.05842100828886032 0.9234482645988464 
vt 0.04881484434008598 0.9719327092170715 
vt 0.04881484434008598 0.9719327092170715 
vt 0.0020000000949949026 0.9614824652671814 
vt 0.021212326362729073 0.8619616627693176 
vt 0.6227526664733887 0.7388669848442078 
vt 0.6227526664733887 0.682605504989624 
vt 0.6685947775840759 0.682605504989624 
vt 0.6685947775840759 0.682605504989624 
vt 0.6685947775840759 0.7388669848442078 
vt 0.6227526664733887 0.7388669848442078 
vt 0.6333315968513489 0.6059295535087585 
vt 0.6321156620979309 0.507988452911377 
vt 0.6918197870254517 0.5071378350257874 
vt 0.6918197870254517 0.5071378350257874 
vt 0.6930357217788696 0.605078935623169 
vt 0.6333315968513489 0.6059295535087585 
vt 0.854030191898346 0.6203898191452026 
vt 0.854030191898346 0.6767727732658386 
vt 0.7943260669708252 0.6767727732658386 
vt 0.7943260669708252 0.6767727732658386 
vt 0.7943260669708252 0.6203898191452026 
vt 0.854030191898346 0.6203898191452026 
vt 0.06596001982688904 0.4189179539680481 
vt 0.06608162075281143 0.47651606798171997 
vt 0.02498183213174343 0.476637601852417 
vt 0.02498183213174343 0.476637601852417 
vt 0.024860236793756485 0.4190394878387451 
vt 0.06596001982688904 0.4189179539680481 
vt 0.6439105868339539 0.6767727732658386 
vt 0.6439105868339539 0.6203898191452026 
vt 0.7036147117614746 0.6203898191452026 
vt 0.7036147117614746 0.6203898191452026 
vt 0.7036147117614746 0.6767727732658386 
vt 0.6439105868339539 0.6767727732658386 
vt 0.06583842635154724 0.39425042271614075 
vt 0.18597626686096191 0.39388588070869446 
vt 0.18597626686096191 0.4185534119606018 
vt 0.18597626686096191 0.4185534119606018 
vt 0.06596001982688904 0.4189179539680481 
vt 0.06583842635154724 0.39425042271614075 
vt 0.18597626686096191 0.39388588070869446 
vt 0.6959540843963623 0.3923061788082123 
vt 0.6696891188621521 0.416973739862442 
vt 0.6696891188621521 0.416973739862442 
vt 0.18597626686096191 0.4185534119606018 
vt 0.18597626686096191 0.39388588070869446 
vt 0.6998451948165894 0.3982604146003723 
vt 0.668108344078064 0.49632301926612854 
vt 0.6509631872177124 0.4746933579444885 
vt 0.6509631872177124 0.4746933579444885 
vt 0.6696891188621521 0.416973739862442 
vt 0.6998451948165894 0.3982604146003723 
vt 0.6642172336578369 0.49923938512802124 
vt 0.1862194538116455 0.5008190870285034 
vt 0.1860978603363037 0.4761515259742737 
vt 0.1860978603363037 0.4761515259742737 
vt 0.6509631872177124 0.4746933579444885 
vt 0.6642172336578369 0.49923938512802124 
vt 0.1862194538116455 0.5008190870285034 
vt 0.06620321422815323 0.5011836290359497 
vt 0.06608162075281143 0.47651606798171997 
vt 0.06608162075281143 0.47651606798171997 
vt 0.1860978603363037 0.4761515259742737 
vt 0.1862194538116455 0.5008190870285034 
vt 0.06620321422815323 0.5011836290359497 
vt 0.0063774921000003815 0.5013051629066467 
vt 0.02498183213174343 0.476637601852417 
vt 0.02498183213174343 0.476637601852417 
vt 0.06608162075281143 0.47651606798171997 
vt 0.06620321422815323 0.5011836290359497 
vt 0.002243194030597806 0.4969305992126465 
vt 0.0020000000949949026 0.3989894986152649 
vt 0.024860236793756485 0.4190394878387451 
vt 0.024860236793756485 0.4190394878387451 
vt 0.02498183213174343 0.476637601852417 
vt 0.002243194030597806 0.4969305992126465 
vt 0.006134298164397478 0.3944934606552124 
vt 0.06583842635154724 0.39425042271614075 
vt 0.06596001982688904 0.4189179539680481 
vt 0.06596001982688904 0.4189179539680481 
vt 0.024860236793756485 0.4190394878387451 
vt 0.006134298164397478 0.3944934606552124 
vt 0.6333315968513489 0.6059295535087585 
vt 0.6321156620979309 0.507988452911377 
vt 0.5119777917861938 0.5096896886825562 
vt 0.5119777917861938 0.5096896886825562 
vt 0.5131937861442566 0.6076307892799377 
vt 0.6333315968513489 0.6059295535087585 
vt 0.18597626686096191 0.4185534119606018 
vt 0.06596001982688904 0.4189179539680481 
vt 0.06608162075281143 0.47651606798171997 
vt 0.06608162075281143 0.47651606798171997 
vt 0.1860978603363037 0.4761515259742737 
vt 0.18597626686096191 0.4185534119606018 
vt 0.8106200695037842 0.682605504989624 
vt 0.8106200695037842 0.7388669848442078 
vt 0.91701740026474 0.7388669848442078 
vt 0.91701740026474 0.7388669848442078 
vt 0.91701740026474 0.682605504989624 
vt 0.8106200695037842 0.682605504989624 
vt 0.0457749217748642 0.6203898191452026 
vt 0.0020000000949949026 0.6203898191452026 
vt 0.0020000000949949026 0.6767727732658386 
vt 0.0020000000949949026 0.6767727732658386 
vt 0.0457749217748642 0.6767727732658386 
vt 0.0457749217748642 0.6203898191452026 
vt 0.7036147117614746 0.6203898191452026 
vt 0.7036147117614746 0.6767727732658386 
vt 0.7943260669708252 0.6767727732658386 
vt 0.7943260669708252 0.6767727732658386 
vt 0.7943260669708252 0.6203898191452026 
vt 0.7036147117614746 0.6203898191452026 
vt 0.035195980221033096 0.6146786212921143 
vt 0.5131937861442566 0.6076307892799377 
vt 0.5119777917861938 0.5096896886825562 
vt 0.5119777917861938 0.5096896886825562 
vt 0.0020000000949949026 0.517223596572876 
vt 0.035195980221033096 0.6146786212921143 
vt 0.6696891188621521 0.416973739862442 
vt 0.18597626686096191 0.4185534119606018 
vt 0.1860978603363037 0.4761515259742737 
vt 0.1860978603363037 0.4761515259742737 
vt 0.6509631872177124 0.4746933579444885 
vt 0.6696891188621521 0.416973739862442 
vt 0.6227526664733887 0.682605504989624 
vt 0.11277486383914948 0.682605504989624 
vt 0.11277486383914948 0.7388669848442078 
vt 0.11277486383914948 0.7388669848442078 
vt 0.6227526664733887 0.7388669848442078 
vt 0.6227526664733887 0.682605504989624 
vt 0.6439105868339539 0.6203898191452026 
vt 0.5237727165222168 0.6203898191452026 
vt 0.5237727165222168 0.6767727732658386 
vt 0.5237727165222168 0.6767727732658386 
vt 0.6439105868339539 0.6767727732658386 
vt 0.6439105868339539 0.6203898191452026 
vt 0.3530505299568176 0.85454922914505 
vt 0.37639716267585754 0.8145707845687866 
vt 0.2822810709476471 0.792819619178772 
vt 0.2822810709476471 0.792819619178772 
vt 0.24665316939353943 0.8553998470306396 
vt 0.3530505299568176 0.85454922914505 
vt 0.021212326362729073 0.8619616627693176 
vt 0.05842100828886032 0.9234482645988464 
vt 0.151807501912117 0.899145245552063 
vt 0.151807501912117 0.899145245552063 
vt 0.12748810648918152 0.8597744107246399 
vt 0.021212326362729073 0.8619616627693176 
vt 0.7165039777755737 0.682605504989624 
vt 0.6685947775840759 0.682605504989624 
vt 0.6685947775840759 0.7388669848442078 
vt 0.6685947775840759 0.7388669848442078 
vt 0.7165039777755737 0.7388669848442078 
vt 0.7165039777755737 0.682605504989624 
vt 0.8815110921859741 0.9912536144256592 
vt 0.8811463117599487 0.8715613484382629 
vt 0.7749921083450317 0.8719258904457092 
vt 0.7749921083450317 0.8719258904457092 
vt 0.7613732814788818 0.9916181564331055 
vt 0.8815110921859741 0.9912536144256592 
vt 0.854030191898346 0.6203898191452026 
vt 0.854030191898346 0.6767727732658386 
vt 0.9656562209129333 0.6767727732658386 
vt 0.9656562209129333 0.6767727732658386 
vt 0.9656562209129333 0.6203898191452026 
vt 0.854030191898346 0.6203898191452026 
vt 0.7629539966583252 0.8658501505851746 
vt 0.8829702734947205 0.8640273809432983 
vt 0.8676490187644958 0.7446996569633484 
vt 0.8676490187644958 0.7446996569633484 
vt 0.7613732814788818 0.7461578845977783 
vt 0.7629539966583252 0.8658501505851746 
vt 0.11277486383914948 0.7388669848442078 
vt 0.11277486383914948 0.682605504989624 
vt 0.0020000000949949026 0.682483971118927 
vt 0.0020000000949949026 0.682483971118927 
vt 0.0020000000949949026 0.7388669848442078 
vt 0.11277486383914948 0.7388669848442078 
vt 0.2822810709476471 0.792819619178772 
vt 0.2717021405696869 0.7446996569633484 
vt 0.22500890493392944 0.7563651204109192 
vt 0.22500890493392944 0.7563651204109192 
vt 0.24665316939353943 0.8553998470306396 
vt 0.2822810709476471 0.792819619178772 
vt 0.8106200695037842 0.682605504989624 
vt 0.7165039777755737 0.682605504989624 
vt 0.7165039777755737 0.7388669848442078 
vt 0.7165039777755737 0.7388669848442078 
vt 0.8106200695037842 0.7388669848442078 
vt 0.8106200695037842 0.682605504989624 
vt 0.021212326362729073 0.8619616627693176 
vt 0.0020000000949949026 0.9614824652671814 
vt 0.04881484434008598 0.9719327092170715 
vt 0.04881484434008598 0.9719327092170715 
vt 0.05842100828886032 0.9234482645988464 
vt 0.021212326362729073 0.8619616627693176 
vt 0.6227526664733887 0.7388669848442078 
vt 0.6685947775840759 0.7388669848442078 
vt 0.6685947775840759 0.682605504989624 
vt 0.6685947775840759 0.682605504989624 
vt 0.6227526664733887 0.682605504989624 
vt 0.6227526664733887 0.7388669848442078 
vt 0.854030191898346 0.6203898191452026 
vt 0.7943260669708252 0.6203898191452026 
vt 0.7943260669708252 0.6767727732658386 
vt 0.7943260669708252 0.6767727732658386 
vt 0.854030191898346 0.6767727732658386 
vt 0.854030191898346 0.6203898191452026 
vt 0.06596001982688904 0.4189179539680481 
vt 0.024860236793756485 0.4190394878387451 
vt 0.02498183213174343 0.476637601852417 
vt 0.02498183213174343 0.476637601852417 
vt 0.06608162075281143 0.47651606798171997 
vt 0.06596001982688904 0.4189179539680481 
vt 0.6439105868339539 0.6767727732658386 
vt 0.7036147117614746 0.6767727732658386 
vt 0.7036147117614746 0.6203898191452026 
vt 0.7036147117614746 0.6203898191452026 
vt 0.6439105868339539 0.6203898191452026 
vt 0.6439105868339539 0.6767727732658386 
vt 0.06583842635154724 0.39425042271614075 
vt 0.06596001982688904 0.4189179539680481 
vt 0.18597626686096191 0.4185534119606018 
vt 0.18597626686096191 0.4185534119606018 
vt 0.18597626686096191 0.39388588070869446 
vt 0.06583842635154724 0.39425042271614075 
vt 0.18597626686096191 0.39388588070869446 
vt 0.18597626686096191 0.4185534119606018 
vt 0.6696891188621521 0.416973739862442 
vt 0.6696891188621521 0.416973739862442 
vt 0.6959540843963623 0.3923061788082123 
vt 0.18597626686096191 0.39388588070869446 
vt 0.6998451948165894 0.3982604146003723 
vt 0.6696891188621521 0.416973739862442 
vt 0.6509631872177124 0.4746933579444885 
vt 0.6509631872177124 0.4746933579444885 
vt 0.668108344078064 0.49632301926612854 
vt 0.6998451948165894 0.3982604146003723 
vt 0.6642172336578369 0.49923938512802124 
vt 0.6509631872177124 0.4746933579444885 
vt 0.1860978603363037 0.4761515259742737 
vt 0.1860978603363037 0.4761515259742737 
vt 0.1862194538116455 0.5008190870285034 
vt 0.6642172336578369 0.49923938512802124 
vt 0.1862194538116455 0.5008190870285034 
vt 0.1860978603363037 0.4761515259742737 
vt 0.06608162075281143 0.47651606798171997 
vt 0.06608162075281143 0.47651606798171997 
vt 0.06620321422815323 0.5011836290359497 
vt 0.1862194538116455 0.5008190870285034 
vt 0.06620321422815323 0.5011836290359497 
vt 0.06608162075281143 0.47651606798171997 
vt 0.02498183213174343 0.476637601852417 
vt 0.02498183213174343 0.476637601852417 
vt 0.0063774921000003815 0.5013051629066467 
vt 0.06620321422815323 0.5011836290359497 
vt 0.002243194030597806 0.4969305992126465 
vt 0.02498183213174343 0.476637601852417 
vt 0.024860236793756485 0.4190394878387451 
vt 0.024860236793756485 0.4190394878387451 
vt 0.0020000000949949026 0.3989894986152649 
vt 0.002243194030597806 0.4969305992126465 
vt 0.006134298164397478 0.3944934606552124 
vt 0.024860236793756485 0.4190394878387451 
vt 0.06596001982688904 0.4189179539680481 
vt 0.06596001982688904 0.4189179539680481 
vt 0.06583842635154724 0.39425042271614075 
vt 0.006134298164397478 0.3944934606552124 
vt 0.5490648746490479 0.20881852507591248 
vt 0.5040740370750427 0.20881852507591248 
vt 0.5040740370750427 0.16337192058563232 
vt 0.5040740370750427 0.16337192058563232 
vt 0.5490648746490479 0.16337192058563232 
vt 0.5490648746490479 0.20881852507591248 
vt 0.5040740370750427 0.20881852507591248 
vt 0.4592047333717346 0.20881852507591248 
vt 0.4592047333717346 0.16337192058563232 
vt 0.4592047333717346 0.16337192058563232 
vt 0.5040740370750427 0.16337192058563232 
vt 0.5040740370750427 0.20881852507591248 
vt 0.4592047333717346 0.20881852507591248 
vt 0.4142138361930847 0.20881852507591248 
vt 0.4142138361930847 0.16337192058563232 
vt 0.4142138361930847 0.16337192058563232 
vt 0.4592047333717346 0.16337192058563232 
vt 0.4592047333717346 0.20881852507591248 
vt 0.4142138361930847 0.20881852507591248 
vt 0.3692229390144348 0.20881852507591248 
vt 0.3692229390144348 0.16337192058563232 
vt 0.3692229390144348 0.16337192058563232 
vt 0.4142138361930847 0.16337192058563232 
vt 0.4142138361930847 0.20881852507591248 
vt 0.3692229390144348 0.20881852507591248 
vt 0.3243536353111267 0.20881852507591248 
vt 0.3243536353111267 0.16337192058563232 
vt 0.3243536353111267 0.16337192058563232 
vt 0.3692229390144348 0.16337192058563232 
vt 0.3692229390144348 0.20881852507591248 
vt 0.0020000000949949026 0.8055787086486816 
vt 0.041883815079927444 0.7629269361495972 
vt 0.055381081998348236 0.7843135595321655 
vt 0.055381081998348236 0.7843135595321655 
vt 0.02607620507478714 0.8190668821334839 
vt 0.0020000000949949026 0.8055787086486816 
vt 0.041883815079927444 0.7629269361495972 
vt 0.0883338674902916 0.7446996569633484 
vt 0.09234657138586044 0.7681520581245422 
vt 0.09234657138586044 0.7681520581245422 
vt 0.055381081998348236 0.7843135595321655 
vt 0.041883815079927444 0.7629269361495972 
vt 0.0883338674902916 0.7446996569633484 
vt 0.13527031242847443 0.7448211908340454 
vt 0.13113601505756378 0.76803058385849 
vt 0.13113601505756378 0.76803058385849 
vt 0.09234657138586044 0.7681520581245422 
vt 0.0883338674902916 0.7446996569633484 
vt 0.13527031242847443 0.7448211908340454 
vt 0.1808691918849945 0.7629269361495972 
vt 0.1678583025932312 0.7838274836540222 
vt 0.1678583025932312 0.7838274836540222 
vt 0.13113601505756378 0.76803058385849 
vt 0.13527031242847443 0.7448211908340454 
vt 0.1808691918849945 0.7629269361495972 
vt 0.21965862810611725 0.8041205406188965 
vt 0.19667679071426392 0.8174871802330017 
vt 0.19667679071426392 0.8174871802330017 
vt 0.1678583025932312 0.7838274836540222 
vt 0.1808691918849945 0.7629269361495972 
vt 0.02607620507478714 0.8190668821334839 
vt 0.055381081998348236 0.7843135595321655 
vt 0.06668960303068161 0.8013256788253784 
vt 0.06668960303068161 0.8013256788253784 
vt 0.0456533245742321 0.8246565461158752 
vt 0.02607620507478714 0.8190668821334839 
vt 0.055381081998348236 0.7843135595321655 
vt 0.09234657138586044 0.7681520581245422 
vt 0.09587288647890091 0.7878375053405762 
vt 0.09587288647890091 0.7878375053405762 
vt 0.06668960303068161 0.8013256788253784 
vt 0.055381081998348236 0.7843135595321655 
vt 0.09234657138586044 0.7681520581245422 
vt 0.13113601505756378 0.76803058385849 
vt 0.12736651301383972 0.7874729633331299 
vt 0.12736651301383972 0.7874729633331299 
vt 0.09587288647890091 0.7878375053405762 
vt 0.09234657138586044 0.7681520581245422 
vt 0.13113601505756378 0.76803058385849 
vt 0.1678583025932312 0.7838274836540222 
vt 0.15654978156089783 0.8004750609397888 
vt 0.15654978156089783 0.8004750609397888 
vt 0.12736651301383972 0.7874729633331299 
vt 0.13113601505756378 0.76803058385849 
vt 0.1678583025932312 0.7838274836540222 
vt 0.19667679071426392 0.8174871802330017 
vt 0.17795085906982422 0.8236844539642334 
vt 0.17795085906982422 0.8236844539642334 
vt 0.15654978156089783 0.8004750609397888 
vt 0.1678583025932312 0.7838274836540222 
vt 0.0456533245742321 0.8246565461158752 
vt 0.06668960303068161 0.8013256788253784 
vt 0.08675310760736465 0.8346207737922668 
vt 0.08675310760736465 0.8346207737922668 
vt 0.07532299309968948 0.8539416790008545 
vt 0.0456533245742321 0.8246565461158752 
vt 0.06668960303068161 0.8013256788253784 
vt 0.09587288647890091 0.7878375053405762 
vt 0.10329030454158783 0.824413537979126 
vt 0.10329030454158783 0.824413537979126 
vt 0.08675310760736465 0.8346207737922668 
vt 0.06668960303068161 0.8013256788253784 
vt 0.09587288647890091 0.7878375053405762 
vt 0.12736651301383972 0.7874729633331299 
vt 0.12104346603155136 0.8235629200935364 
vt 0.12104346603155136 0.8235629200935364 
vt 0.10329030454158783 0.824413537979126 
vt 0.09587288647890091 0.7878375053405762 
vt 0.12736651301383972 0.7874729633331299 
vt 0.15654978156089783 0.8004750609397888 
vt 0.13636468350887299 0.8337701559066772 
vt 0.13636468350887299 0.8337701559066772 
vt 0.12104346603155136 0.8235629200935364 
vt 0.12736651301383972 0.7874729633331299 
vt 0.15654978156089783 0.8004750609397888 
vt 0.17795085906982422 0.8236844539642334 
vt 0.14840279519557953 0.8534556031227112 
vt 0.14840279519557953 0.8534556031227112 
vt 0.13636468350887299 0.8337701559066772 
vt 0.15654978156089783 0.8004750609397888 
vt 0.07872770726680756 0.9443488121032715 
vt 0.11508520692586899 0.9157928228378296 
vt 0.1600760966539383 0.9157928228378296 
vt 0.1600760966539383 0.9157928228378296 
vt 0.19643360376358032 0.9443488121032715 
vt 0.2102956622838974 0.9905245304107666 
vt 0.07872770726680756 0.9443488121032715 
vt 0.1600760966539383 0.9157928228378296 
vt 0.2102956622838974 0.9905245304107666 
vt 0.06486564874649048 0.9905245304107666 
vt 0.07872770726680756 0.9443488121032715 
vt 0.2102956622838974 0.9905245304107666 
vt 0.08675310760736465 0.8346207737922668 
vt 0.10329030454158783 0.824413537979126 
vt 0.12104346603155136 0.8235629200935364 
vt 0.12104346603155136 0.8235629200935364 
vt 0.13636468350887299 0.8337701559066772 
vt 0.14840279519557953 0.8534556031227112 
vt 0.08675310760736465 0.8346207737922668 
vt 0.12104346603155136 0.8235629200935364 
vt 0.14840279519557953 0.8534556031227112 
vt 0.07532299309968948 0.8539416790008545 
vt 0.08675310760736465 0.8346207737922668 
vt 0.14840279519557953 0.8534556031227112 
vt 0.5490648746490479 0.20881852507591248 
vt 0.5490648746490479 0.16337192058563232 
vt 0.5040740370750427 0.16337192058563232 
vt 0.5040740370750427 0.16337192058563232 
vt 0.5040740370750427 0.20881852507591248 
vt 0.5490648746490479 0.20881852507591248 
vt 0.5040740370750427 0.20881852507591248 
vt 0.5040740370750427 0.16337192058563232 
vt 0.4592047333717346 0.16337192058563232 
vt 0.4592047333717346 0.16337192058563232 
vt 0.4592047333717346 0.20881852507591248 
vt 0.5040740370750427 0.20881852507591248 
vt 0.4592047333717346 0.20881852507591248 
vt 0.4592047333717346 0.16337192058563232 
vt 0.4142138361930847 0.16337192058563232 
vt 0.4142138361930847 0.16337192058563232 
vt 0.4142138361930847 0.20881852507591248 
vt 0.4592047333717346 0.20881852507591248 
vt 0.4142138361930847 0.20881852507591248 
vt 0.4142138361930847 0.16337192058563232 
vt 0.3692229390144348 0.16337192058563232 
vt 0.3692229390144348 0.16337192058563232 
vt 0.3692229390144348 0.20881852507591248 
vt 0.4142138361930847 0.20881852507591248 
vt 0.3692229390144348 0.20881852507591248 
vt 0.3692229390144348 0.16337192058563232 
vt 0.3243536353111267 0.16337192058563232 
vt 0.3243536353111267 0.16337192058563232 
vt 0.3243536353111267 0.20881852507591248 
vt 0.3692229390144348 0.20881852507591248 
vt 0.0020000000949949026 0.8055787086486816 
vt 0.02607620507478714 0.8190668821334839 
vt 0.055381081998348236 0.7843135595321655 
vt 0.055381081998348236 0.7843135595321655 
vt 0.041883815079927444 0.7629269361495972 
vt 0.0020000000949949026 0.8055787086486816 
vt 0.041883815079927444 0.7629269361495972 
vt 0.055381081998348236 0.7843135595321655 
vt 0.09234657138586044 0.7681520581245422 
vt 0.09234657138586044 0.7681520581245422 
vt 0.0883338674902916 0.7446996569633484 
vt 0.041883815079927444 0.7629269361495972 
vt 0.0883338674902916 0.7446996569633484 
vt 0.09234657138586044 0.7681520581245422 
vt 0.13113601505756378 0.76803058385849 
vt 0.13113601505756378 0.76803058385849 
vt 0.13527031242847443 0.7448211908340454 
vt 0.0883338674902916 0.7446996569633484 
vt 0.13527031242847443 0.7448211908340454 
vt 0.13113601505756378 0.76803058385849 
vt 0.1678583025932312 0.7838274836540222 
vt 0.1678583025932312 0.7838274836540222 
vt 0.1808691918849945 0.7629269361495972 
vt 0.13527031242847443 0.7448211908340454 
vt 0.1808691918849945 0.7629269361495972 
vt 0.1678583025932312 0.7838274836540222 
vt 0.19667679071426392 0.8174871802330017 
vt 0.19667679071426392 0.8174871802330017 
vt 0.21965862810611725 0.8041205406188965 
vt 0.1808691918849945 0.7629269361495972 
vt 0.02607620507478714 0.8190668821334839 
vt 0.0456533245742321 0.8246565461158752 
vt 0.06668960303068161 0.8013256788253784 
vt 0.06668960303068161 0.8013256788253784 
vt 0.055381081998348236 0.7843135595321655 
vt 0.02607620507478714 0.8190668821334839 
vt 0.055381081998348236 0.7843135595321655 
vt 0.06668960303068161 0.8013256788253784 
vt 0.09587288647890091 0.7878375053405762 
vt 0.09587288647890091 0.7878375053405762 
vt 0.09234657138586044 0.7681520581245422 
vt 0.055381081998348236 0.7843135595321655 
vt 0.09234657138586044 0.7681520581245422 
vt 0.09587288647890091 0.7878375053405762 
vt 0.12736651301383972 0.7874729633331299 
vt 0.12736651301383972 0.7874729633331299 
vt 0.13113601505756378 0.76803058385849 
vt 0.09234657138586044 0.7681520581245422 
vt 0.13113601505756378 0.76803058385849 
vt 0.12736651301383972 0.7874729633331299 
vt 0.15654978156089783 0.8004750609397888 
vt 0.15654978156089783 0.8004750609397888 
vt 0.1678583025932312 0.7838274836540222 
vt 0.13113601505756378 0.76803058385849 
vt 0.1678583025932312 0.7838274836540222 
vt 0.15654978156089783 0.8004750609397888 
vt 0.17795085906982422 0.8236844539642334 
vt 0.17795085906982422 0.8236844539642334 
vt 0.19667679071426392 0.8174871802330017 
vt 0.1678583025932312 0.7838274836540222 
vt 0.0456533245742321 0.8246565461158752 
vt 0.07532299309968948 0.8539416790008545 
vt 0.08675310760736465 0.8346207737922668 
vt 0.08675310760736465 0.8346207737922668 
vt 0.06668960303068161 0.8013256788253784 
vt 0.0456533245742321 0.8246565461158752 
vt 0.06668960303068161 0.8013256788253784 
vt 0.08675310760736465 0.8346207737922668 
vt 0.10329030454158783 0.824413537979126 
vt 0.10329030454158783 0.824413537979126 
vt 0.09587288647890091 0.7878375053405762 
vt 0.06668960303068161 0.8013256788253784 
vt 0.09587288647890091 0.7878375053405762 
vt 0.10329030454158783 0.824413537979126 
vt 0.12104346603155136 0.8235629200935364 
vt 0.12104346603155136 0.8235629200935364 
vt 0.12736651301383972 0.7874729633331299 
vt 0.09587288647890091 0.7878375053405762 
vt 0.12736651301383972 0.7874729633331299 
vt 0.12104346603155136 0.8235629200935364 
vt 0.13636468350887299 0.8337701559066772 
vt 0.13636468350887299 0.8337701559066772 
vt 0.15654978156089783 0.8004750609397888 
vt 0.12736651301383972 0.7874729633331299 
vt 0.15654978156089783 0.8004750609397888 
vt 0.13636468350887299 0.8337701559066772 
vt 0.14840279519557953 0.8534556031227112 
vt 0.14840279519557953 0.8534556031227112 
vt 0.17795085906982422 0.8236844539642334 
vt 0.15654978156089783 0.8004750609397888 
vt 0.2102956622838974 0.9905245304107666 
vt 0.19643360376358032 0.9443488121032715 
vt 0.1600760966539383 0.9157928228378296 
vt 0.1600760966539383 0.9157928228378296 
vt 0.11508520692586899 0.9157928228378296 
vt 0.07872770726680756 0.9443488121032715 
vt 0.2102956622838974 0.9905245304107666 
vt 0.1600760966539383 0.9157928228378296 
vt 0.07872770726680756 0.9443488121032715 
vt 0.06486564874649048 0.9905245304107666 
vt 0.2102956622838974 0.9905245304107666 
vt 0.07872770726680756 0.9443488121032715 
vt 0.14840279519557953 0.8534556031227112 
vt 0.13636468350887299 0.8337701559066772 
vt 0.12104346603155136 0.8235629200935364 
vt 0.12104346603155136 0.8235629200935364 
vt 0.10329030454158783 0.824413537979126 
vt 0.08675310760736465 0.8346207737922668 
vt 0.14840279519557953 0.8534556031227112 
vt 0.12104346603155136 0.8235629200935364 
vt 0.08675310760736465 0.8346207737922668 
vt 0.07532299309968948 0.8539416790008545 
vt 0.14840279519557953 0.8534556031227112 
vt 0.08675310760736465 0.8346207737922668 
s on 
f 1/1/1 2/2/2 3/3/3 
f 2/2/2 4/4/4 3/3/3 
f 3/3/3 4/4/4 4/4/4 
f 4/4/4 5/5/5 4/4/4 
f 4/4/4 5/5/5 5/5/5 
f 5/5/5 6/6/6 5/5/5 
f 5/5/5 6/6/6 7/7/7 
f 6/6/6 8/8/8 7/7/7 
f 7/7/7 8/8/8 8/8/8 
f 8/8/8 9/9/9 8/8/8 
f 8/8/8 9/9/9 9/9/9 
f 9/9/9 10/10/10 9/9/9 
f 9/9/9 10/10/10 11/11/11 
f 10/10/10 12/12/12 11/11/11 
f 11/11/11 12/12/12 12/12/12 
f 12/12/12 10/10/10 12/12/12 
f 12/12/12 10/10/10 10/10/10 
f 10/10/10 13/13/13 10/10/10 
f 10/10/10 13/13/13 12/12/12 
f 13/13/13 14/14/14 12/12/12 
f 12/12/12 14/14/14 14/14/14 
f 14/14/14 13/13/13 14/14/14 
f 14/14/14 13/13/13 13/13/13 
f 13/13/13 15/15/15 13/13/13 
f 13/13/13 15/15/15 14/14/14 
f 15/15/15 16/16/16 14/14/14 
f 14/14/14 16/16/16 16/16/16 
f 16/16/16 17/17/17 16/16/16 
f 16/16/16 17/17/17 17/17/17 
f 17/17/17 18/18/18 17/17/17 
f 17/17/17 18/18/18 19/19/19 
f 18/18/18 20/20/20 19/19/19 
f 19/19/19 20/20/20 20/20/20 
f 20/20/20 21/21/21 20/20/20 
f 20/20/20 21/21/21 21/21/21 
f 21/21/21 22/22/22 21/21/21 
f 21/21/21 22/22/22 23/23/23 
f 22/22/22 24/24/24 23/23/23 
f 23/23/23 24/24/24 24/24/24 
f 24/24/24 25/25/25 24/24/24 
f 24/24/24 25/25/25 25/25/25 
f 25/25/25 26/26/26 25/25/25 
f 25/25/25 26/26/26 27/27/27 
f 26/26/26 28/28/28 27/27/27 
f 27/27/27 28/28/28 28/28/28 
f 28/28/28 29/29/29 28/28/28 
f 28/28/28 29/29/29 29/29/29 
f 29/29/29 30/30/30 29/29/29 
f 29/29/29 30/30/30 31/31/31 
f 30/30/30 32/32/32 31/31/31 
f 31/31/31 32/32/32 32/32/32 
f 32/32/32 33/33/33 32/32/32 
f 32/32/32 33/33/33 33/33/33 
f 33/33/33 34/34/34 33/33/33 
f 33/33/33 34/34/34 35/35/35 
f 34/34/34 36/36/36 35/35/35 
f 35/35/35 36/36/36 36/36/36 
f 36/36/36 37/37/37 36/36/36 
f 36/36/36 37/37/37 37/37/37 
f 37/37/37 38/38/38 37/37/37 
f 37/37/37 38/38/38 39/39/39 
f 38/38/38 40/40/40 39/39/39 
f 39/39/39 40/40/40 41/41/41 
f 40/40/40 41/41/41 41/41/41 
f 41/41/41 41/41/41 42/42/42 
f 41/41/41 42/42/42 42/42/42 
f 42/42/42 42/42/42 42/42/42 
f 42/42/42 43/43/43 42/42/42 
f 42/42/42 43/43/43 44/44/44 
f 43/43/43 45/45/45 44/44/44 
f 44/44/44 45/45/45 45/45/45 
f 45/45/45 43/43/43 45/45/45 
f 45/45/45 43/43/43 43/43/43 
f 43/43/43 46/46/46 43/43/43 
f 43/43/43 46/46/46 45/45/45 
f 46/46/46 47/47/47 45/45/45 
f 45/45/45 47/47/47 47/47/47 
f 47/47/47 48/48/48 47/47/47 
f 47/47/47 48/48/48 48/48/48 
f 48/48/48 49/49/49 48/48/48 
f 48/48/48 49/49/49 50/50/50 
f 49/49/49 51/51/51 50/50/50 
f 50/50/50 51/51/51 51/51/51 
f 51/51/51 49/49/49 51/51/51 
f 51/51/51 49/49/49 52/52/52 
f 49/49/49 53/53/53 52/52/52 
f 52/52/52 53/53/53 53/53/53 
f 53/53/53 54/54/54 53/53/53 
f 53/53/53 54/54/54 54/54/54 
f 54/54/54 55/55/55 54/54/54 
f 54/54/54 55/55/55 56/56/56 
f 55/55/55 57/57/57 56/56/56 
f 56/56/56 57/57/57 57/57/57 
f 57/57/57 58/58/58 57/57/57 
f 57/57/57 58/58/58 58/58/58 
f 58/58/58 59/59/59 58/58/58 
f 58/58/58 59/59/59 60/60/60 
f 59/59/59 61/61/61 60/60/60 
f 60/60/60 61/61/61 61/61/61 
f 61/61/61 59/59/59 61/61/61 
f 61/61/61 59/59/59 59/59/59 
f 59/59/59 62/62/62 59/59/59 
f 59/59/59 62/62/62 61/61/61 
f 62/62/62 63/63/63 61/61/61 
f 61/61/61 63/63/63 63/63/63 
f 63/63/63 62/62/62 63/63/63 
f 63/63/63 62/62/62 62/62/62 
f 62/62/62 64/64/64 62/62/62 
f 62/62/62 64/64/64 63/63/63 
f 64/64/64 65/65/65 63/63/63 
f 63/63/63 65/65/65 65/65/65 
f 65/65/65 66/66/66 65/65/65 
f 65/65/65 66/66/66 66/66/66 
f 66/66/66 67/67/67 66/66/66 
f 66/66/66 67/67/67 68/68/68 
f 67/67/67 69/69/69 68/68/68 
f 68/68/68 69/69/69 70/70/70 
f 69/69/69 71/71/71 70/70/70 
f 70/70/70 71/71/71 71/71/71 
f 71/71/71 69/69/69 71/71/71 
f 71/71/71 69/69/69 69/69/69 
f 69/69/69 72/72/72 69/69/69 
f 69/69/69 72/72/72 71/71/71 
f 72/72/72 73/73/73 71/71/71 
f 71/71/71 73/73/73 73/73/73 
f 73/73/73 74/74/74 73/73/73 
f 73/73/73 74/74/74 74/74/74 
f 74/74/74 75/75/75 74/74/74 
f 74/74/74 75/75/75 76/76/76 
f 75/75/75 77/77/77 76/76/76 
f 76/76/76 77/77/77 78/78/78 
f 77/77/77 78/78/78 78/78/78 
f 78/78/78 78/78/78 79/79/79 
f 78/78/78 79/79/79 79/79/79 
f 79/79/79 79/79/79 79/79/79 
f 79/79/79 80/80/80 79/79/79 
f 79/79/79 80/80/80 81/81/81 
f 80/80/80 82/82/82 81/81/81 
f 81/81/81 82/82/82 82/82/82 
f 82/82/82 80/80/80 82/82/82 
f 82/82/82 80/80/80 80/80/80 
f 80/80/80 83/83/83 80/80/80 
f 80/80/80 83/83/83 82/82/82 
f 83/83/83 84/84/84 82/82/82 
f 82/82/82 84/84/84 84/84/84 
f 84/84/84 85/85/85 84/84/84 
f 84/84/84 85/85/85 85/85/85 
f 85/85/85 86/86/86 85/85/85 
f 85/85/85 86/86/86 87/87/87 
f 86/86/86 88/88/88 87/87/87 
f 87/87/87 88/88/88 89/89/89 
f 88/88/88 90/90/90 89/89/89 
f 89/89/89 90/90/90 91/91/91 
f 90/90/90 92/92/92 91/91/91 
f 91/91/91 92/92/92 92/92/92 
f 92/92/92 93/93/93 92/92/92 
f 92/92/92 93/93/93 93/93/93 
f 93/93/93 94/94/94 93/93/93 
f 93/93/93 94/94/94 95/95/95 
f 94/94/94 96/96/96 95/95/95 
f 95/95/95 96/96/96 96/96/96 
f 96/96/96 97/97/97 96/96/96 
f 96/96/96 97/97/97 97/97/97 
f 97/97/97 98/98/98 97/97/97 
f 97/97/97 98/98/98 99/99/99 
f 98/98/98 100/100/100 99/99/99 
f 99/99/99 100/100/100 100/100/100 
f 100/100/100 98/98/98 100/100/100 
f 100/100/100 98/98/98 101/101/101 
f 98/98/98 102/102/102 101/101/101 
f 101/101/101 102/102/102 102/102/102 
f 102/102/102 103/103/103 102/102/102 
f 102/102/102 103/103/103 103/103/103 
f 103/103/103 104/104/104 103/103/103 
f 103/103/103 104/104/104 105/105/105 
f 104/104/104 106/106/106 105/105/105 
f 105/105/105 106/106/106 107/107/107 
f 106/106/106 107/107/107 107/107/107 
f 107/107/107 107/107/107 107/107/107 
f 107/107/107 108/108/108 107/107/107 
f 107/107/107 108/108/108 105/105/105 
f 108/108/108 109/109/109 105/105/105 
f 105/105/105 109/109/109 110/110/110 
f 109/109/109 110/110/110 110/110/110 
f 110/110/110 110/110/110 111/111/111 
f 110/110/110 111/111/111 111/111/111 
f 111/111/111 111/111/111 111/111/111 
f 111/111/111 112/112/112 111/111/111 
f 111/111/111 112/112/112 113/113/113 
f 112/112/112 114/114/114 113/113/113 
f 113/113/113 114/114/114 115/115/115 
f 114/114/114 116/116/116 115/115/115 
f 115/115/115 116/116/116 117/117/117 
f 116/116/116 118/118/118 117/117/117 
f 117/117/117 118/118/118 118/118/118 
f 118/118/118 119/119/119 118/118/118 
f 118/118/118 119/119/119 119/119/119 
f 119/119/119 120/120/120 119/119/119 
f 119/119/119 120/120/120 121/121/121 
f 120/120/120 122/122/122 121/121/121 
f 121/121/121 122/122/122 122/122/122 
f 122/122/122 120/120/120 122/122/122 
f 122/122/122 120/120/120 120/120/120 
f 120/120/120 123/123/123 120/120/120 
f 120/120/120 123/123/123 122/122/122 
f 123/123/123 124/124/124 122/122/122 
f 122/122/122 124/124/124 124/124/124 
f 124/124/124 125/125/125 124/124/124 
f 124/124/124 125/125/125 125/125/125 
f 125/125/125 126/126/126 125/125/125 
f 125/125/125 126/126/126 127/127/127 
f 126/126/126 128/128/128 127/127/127 
f 127/127/127 128/128/128 128/128/128 
f 128/128/128 129/129/129 128/128/128 
f 128/128/128 129/129/129 129/129/129 
f 129/129/129 130/130/130 129/129/129 
f 129/129/129 130/130/130 131/131/131 
f 130/130/130 132/132/132 131/131/131 
f 131/131/131 132/132/132 132/132/132 
f 132/132/132 130/130/130 132/132/132 
f 132/132/132 130/130/130 133/133/133 
f 130/130/130 134/134/134 133/133/133 
f 133/133/133 134/134/134 134/134/134 
f 134/134/134 135/135/135 134/134/134 
f 134/134/134 135/135/135 135/135/135 
f 135/135/135 136/136/136 135/135/135 
f 135/135/135 136/136/136 137/137/137 
f 136/136/136 138/138/138 137/137/137 
f 137/137/137 138/138/138 139/139/139 
f 138/138/138 140/140/140 139/139/139 
f 139/139/139 140/140/140 140/140/140 
f 140/140/140 138/138/138 140/140/140 
f 140/140/140 138/138/138 138/138/138 
f 138/138/138 141/141/141 138/138/138 
f 138/138/138 141/141/141 140/140/140 
f 141/141/141 142/142/142 140/140/140 
f 140/140/140 142/142/142 142/142/142 
f 142/142/142 143/143/143 142/142/142 
f 142/142/142 143/143/143 143/143/143 
f 143/143/143 144/144/144 143/143/143 
f 143/143/143 144/144/144 145/145/145 
f 144/144/144 146/146/146 145/145/145 
f 145/145/145 146/146/146 147/147/147 
f 146/146/146 147/147/147 147/147/147 
f 147/147/147 147/147/147 148/148/148 
f 147/147/147 148/148/148 148/148/148 
f 148/148/148 148/148/148 148/148/148 
f 148/148/148 149/149/149 148/148/148 
f 148/148/148 149/149/149 150/150/150 
f 149/149/149 151/151/151 150/150/150 
f 150/150/150 151/151/151 151/151/151 
f 151/151/151 149/149/149 151/151/151 
f 151/151/151 149/149/149 152/152/152 
f 149/149/149 153/153/153 152/152/152 
f 152/152/152 153/153/153 153/153/153 
f 153/153/153 154/154/154 153/153/153 
f 153/153/153 154/154/154 154/154/154 
f 154/154/154 155/155/155 154/154/154 
f 154/154/154 155/155/155 156/156/156 
f 155/155/155 157/157/157 156/156/156 
f 156/156/156 157/157/157 157/157/157 
f 157/157/157 155/155/155 157/157/157 
f 157/157/157 155/155/155 158/158/158 
f 155/155/155 159/159/159 158/158/158 
f 158/158/158 159/159/159 159/159/159 
f 159/159/159 160/160/160 159/159/159 
f 159/159/159 160/160/160 160/160/160 
f 160/160/160 161/161/161 160/160/160 
f 160/160/160 161/161/161 162/162/162 
f 161/161/161 163/163/163 162/162/162 
f 162/162/162 163/163/163 164/164/164 
f 163/163/163 165/165/165 164/164/164 
f 164/164/164 165/165/165 165/165/165 
f 165/165/165 163/163/163 165/165/165 
f 165/165/165 163/163/163 163/163/163 
f 163/163/163 166/166/166 163/163/163 
f 163/163/163 166/166/166 165/165/165 
f 166/166/166 167/167/167 165/165/165 
f 165/165/165 167/167/167 167/167/167 
f 167/167/167 168/168/168 167/167/167 
f 167/167/167 168/168/168 168/168/168 
f 168/168/168 169/169/169 168/168/168 
f 168/168/168 169/169/169 170/170/170 
f 169/169/169 171/171/171 170/170/170 
f 170/170/170 171/171/171 172/172/172 
f 171/171/171 172/172/172 172/172/172 
f 172/172/172 172/172/172 172/172/172 
f 172/172/172 173/173/173 172/172/172 
f 172/172/172 173/173/173 170/170/170 
f 173/173/173 174/174/174 170/170/170 
f 170/170/170 174/174/174 175/175/175 
f 174/174/174 175/175/175 175/175/175 
f 175/175/175 175/175/175 176/176/176 
f 175/175/175 176/176/176 176/176/176 
f 176/176/176 176/176/176 176/176/176 
f 176/176/176 177/177/177 176/176/176 
f 176/176/176 177/177/177 178/178/178 
f 177/177/177 179/179/179 178/178/178 
f 178/178/178 179/179/179 180/180/180 
f 179/179/179 181/181/181 180/180/180 
f 180/180/180 181/181/181 181/181/181 
f 181/181/181 179/179/179 181/181/181 
f 181/181/181 179/179/179 179/179/179 
f 179/179/179 182/182/182 179/179/179 
f 179/179/179 182/182/182 181/181/181 
f 182/182/182 183/183/183 181/181/181 
f 181/181/181 183/183/183 183/183/183 
f 183/183/183 184/184/184 183/183/183 
f 183/183/183 184/184/184 184/184/184 
f 184/184/184 185/185/185 184/184/184 
f 184/184/184 185/185/185 186/186/186 
f 185/185/185 187/187/187 186/186/186 
f 186/186/186 187/187/187 187/187/187 
f 187/187/187 188/188/188 187/187/187 
f 187/187/187 188/188/188 188/188/188 
f 188/188/188 189/189/189 188/188/188 
f 188/188/188 189/189/189 190/190/190 
f 189/189/189 191/191/191 190/190/190 
f 190/190/190 191/191/191 191/191/191 
f 191/191/191 189/189/189 191/191/191 
f 191/191/191 189/189/189 192/192/192 
f 189/189/189 193/193/193 192/192/192 
f 192/192/192 193/193/193 193/193/193 
f 193/193/193 194/194/194 193/193/193 
f 193/193/193 194/194/194 194/194/194 
f 194/194/194 195/195/195 194/194/194 
f 194/194/194 195/195/195 196/196/196 
f 195/195/195 197/197/197 196/196/196 
f 196/196/196 197/197/197 197/197/197 
f 197/197/197 195/195/195 197/197/197 
f 197/197/197 195/195/195 198/198/198 
f 195/195/195 199/199/199 198/198/198 
f 198/198/198 199/199/199 199/199/199 
f 199/199/199 200/200/200 199/199/199 
f 199/199/199 200/200/200 200/200/200 
f 200/200/200 201/201/201 200/200/200 
f 200/200/200 201/201/201 202/202/202 
f 201/201/201 203/203/203 202/202/202 
f 202/202/202 203/203/203 204/204/204 
f 203/203/203 204/204/204 204/204/204 
f 204/204/204 204/204/204 205/205/205 
f 204/204/204 205/205/205 205/205/205 
f 205/205/205 205/205/205 205/205/205 
f 205/205/205 206/206/206 205/205/205 
f 205/205/205 206/206/206 207/207/207 
f 206/206/206 208/208/208 207/207/207 
f 207/207/207 208/208/208 208/208/208 
f 208/208/208 209/209/209 208/208/208 
f 208/208/208 209/209/209 209/209/209 
f 209/209/209 210/210/210 209/209/209 
f 209/209/209 210/210/210 211/211/211 
f 210/210/210 212/212/212 211/211/211 
f 211/211/211 212/212/212 212/212/212 
f 212/212/212 213/213/213 212/212/212 
f 212/212/212 213/213/213 213/213/213 
f 213/213/213 214/214/214 213/213/213 
f 213/213/213 214/214/214 215/215/215 
f 214/214/214 216/216/216 215/215/215 
f 215/215/215 216/216/216 216/216/216 
f 216/216/216 214/214/214 216/216/216 
f 216/216/216 214/214/214 217/217/217 
f 214/214/214 218/218/218 217/217/217 
f 217/217/217 218/218/218 218/218/218 
f 218/218/218 219/219/219 218/218/218 
f 218/218/218 219/219/219 219/219/219 
f 219/219/219 220/220/220 219/219/219 
f 219/219/219 220/220/220 221/221/221 
f 220/220/220 222/222/222 221/221/221 
f 221/221/221 222/222/222 222/222/222 
f 222/222/222 220/220/220 222/222/222 
f 222/222/222 220/220/220 223/223/223 
f 220/220/220 224/224/224 223/223/223 
f 223/223/223 224/224/224 224/224/224 
f 224/224/224 225/225/225 224/224/224 
f 224/224/224 225/225/225 225/225/225 
f 225/225/225 226/226/226 225/225/225 
f 225/225/225 226/226/226 227/227/227 
f 226/226/226 228/228/228 227/227/227 
f 227/227/227 228/228/228 228/228/228 
f 228/228/228 226/226/226 228/228/228 
f 228/228/228 226/226/226 229/229/229 
f 226/226/226 230/230/230 229/229/229 
f 229/229/229 230/230/230 230/230/230 
f 230/230/230 231/231/231 230/230/230 
f 230/230/230 231/231/231 231/231/231 
f 231/231/231 232/232/232 231/231/231 
f 231/231/231 232/232/232 233/233/233 
f 232/232/232 234/234/234 233/233/233 
f 233/233/233 234/234/234 234/234/234 
f 234/234/234 235/235/235 234/234/234 
f 234/234/234 235/235/235 235/235/235 
f 235/235/235 236/236/236 235/235/235 
f 235/235/235 236/236/236 237/237/237 
f 236/236/236 238/238/238 237/237/237 
f 237/237/237 238/238/238 238/238/238 
f 238/238/238 236/236/236 238/238/238 
f 238/238/238 236/236/236 239/239/239 
f 236/236/236 240/240/240 239/239/239 
f 239/239/239 240/240/240 240/240/240 
f 240/240/240 241/241/241 240/240/240 
f 240/240/240 241/241/241 241/241/241 
f 241/241/241 242/242/242 241/241/241 
f 241/241/241 242/242/242 243/243/243 
f 242/242/242 244/244/244 243/243/243 
f 243/243/243 244/244/244 245/245/245 
f 244/244/244 245/245/245 245/245/245 
f 245/245/245 245/245/245 246/246/246 
f 245/245/245 246/246/246 246/246/246 
f 246/246/246 246/246/246 246/246/246 
f 246/246/246 247/247/247 246/246/246 
f 246/246/246 247/247/247 248/248/248 
f 247/247/247 249/249/249 248/248/248 
f 248/248/248 249/249/249 249/249/249 
f 249/249/249 250/250/250 249/249/249 
f 249/249/249 250/250/250 250/250/250 
f 250/250/250 251/251/251 250/250/250 
f 250/250/250 251/251/251 252/252/252 
f 251/251/251 253/253/253 252/252/252 
f 252/252/252 253/253/253 254/254/254 
f 253/253/253 254/254/254 254/254/254 
f 254/254/254 254/254/254 252/252/252 
f 254/254/254 252/252/252 252/252/252 
f 252/252/252 252/252/252 252/252/252 
f 252/252/252 254/254/254 252/252/252 
f 252/252/252 254/254/254 255/255/255 
f 254/254/254 256/256/256 255/255/255 
f 255/255/255 256/256/256 256/256/256 
f 256/256/256 257/257/257 256/256/256 
f 256/256/256 257/257/257 257/257/257 
f 257/257/257 258/258/258 257/257/257 
f 257/257/257 258/258/258 259/259/259 
f 258/258/258 260/260/260 259/259/259 
f 259/259/259 260/260/260 260/260/260 
f 260/260/260 258/258/258 260/260/260 
f 260/260/260 258/258/258 258/258/258 
f 258/258/258 261/261/261 258/258/258 
f 258/258/258 261/261/261 260/260/260 
f 261/261/261 262/262/262 260/260/260 
f 260/260/260 262/262/262 262/262/262 
f 262/262/262 263/263/263 262/262/262 
f 262/262/262 263/263/263 263/263/263 
f 263/263/263 264/264/264 263/263/263 
f 263/263/263 264/264/264 265/265/265 
f 264/264/264 266/266/266 265/265/265 
f 265/265/265 266/266/266 267/267/267 
f 266/266/266 268/268/268 267/267/267 
f 267/267/267 268/268/268 269/269/269 
f 268/268/268 270/270/270 269/269/269 
f 269/269/269 270/270/270 271/271/271 
f 270/270/270 272/272/272 271/271/271 
f 271/271/271 272/272/272 272/272/272 
f 272/272/272 273/273/273 272/272/272 
f 272/272/272 273/273/273 273/273/273 
f 273/273/273 274/274/274 273/273/273 
f 273/273/273 274/274/274 275/275/275 
f 274/274/274 276/276/276 275/275/275 
f 275/275/275 276/276/276 276/276/276 
f 276/276/276 277/277/277 276/276/276 
f 276/276/276 277/277/277 277/277/277 
f 277/277/277 278/278/278 277/277/277 
f 277/277/277 278/278/278 279/279/279 
f 278/278/278 280/280/280 279/279/279 
f 279/279/279 280/280/280 280/280/280 
f 280/280/280 281/281/281 280/280/280 
f 280/280/280 281/281/281 281/281/281 
f 281/281/281 282/282/282 281/281/281 
f 281/281/281 282/282/282 283/283/283 
f 282/282/282 284/284/284 283/283/283 
f 283/283/283 284/284/284 284/284/284 
f 284/284/284 285/285/285 284/284/284 
f 284/284/284 285/285/285 285/285/285 
f 285/285/285 286/286/286 285/285/285 
f 285/285/285 286/286/286 287/287/287 
f 286/286/286 288/288/288 287/287/287 
f 287/287/287 288/288/288 288/288/288 
f 288/288/288 289/289/289 288/288/288 
f 288/288/288 289/289/289 289/289/289 
f 289/289/289 290/290/290 289/289/289 
f 289/289/289 290/290/290 291/291/291 
f 290/290/290 292/292/292 291/291/291 
f 291/291/291 292/292/292 292/292/292 
f 292/292/292 290/290/290 292/292/292 
f 292/292/292 290/290/290 290/290/290 
f 290/290/290 293/293/293 290/290/290 
f 290/290/290 293/293/293 292/292/292 
f 293/293/293 294/294/294 292/292/292 
f 292/292/292 294/294/294 294/294/294 
f 294/294/294 295/295/295 294/294/294 
f 294/294/294 295/295/295 295/295/295 
f 295/295/295 296/296/296 295/295/295 
f 295/295/295 296/296/296 297/297/297 
f 296/296/296 298/298/298 297/297/297 
f 297/297/297 298/298/298 298/298/298 
f 298/298/298 296/296/296 298/298/298 
f 298/298/298 296/296/296 296/296/296 
f 296/296/296 299/299/299 296/296/296 
f 296/296/296 299/299/299 298/298/298 
f 299/299/299 300/300/300 298/298/298 
f 298/298/298 300/300/300 300/300/300 
f 300/300/300 301/301/301 300/300/300 
f 300/300/300 301/301/301 301/301/301 
f 301/301/301 302/302/302 301/301/301 
f 301/301/301 302/302/302 303/303/303 
f 302/302/302 304/304/304 303/303/303 
f 303/303/303 304/304/304 304/304/304 
f 304/304/304 302/302/302 304/304/304 
f 304/304/304 302/302/302 302/302/302 
f 302/302/302 305/305/305 302/302/302 
f 302/302/302 305/305/305 304/304/304 
f 305/305/305 306/306/306 304/304/304 
f 304/304/304 306/306/306 306/306/306 
f 306/306/306 307/307/307 306/306/306 
f 306/306/306 307/307/307 307/307/307 
f 307/307/307 308/308/308 307/307/307 
f 307/307/307 308/308/308 309/309/309 
f 308/308/308 310/310/310 309/309/309 
f 309/309/309 310/310/310 310/310/310 
f 310/310/310 311/311/311 310/310/310 
f 310/310/310 311/311/311 311/311/311 
f 311/311/311 312/312/312 311/311/311 
f 311/311/311 312/312/312 313/313/313 
f 312/312/312 314/314/314 313/313/313 
f 313/313/313 314/314/314 314/314/314 
f 314/314/314 312/312/312 314/314/314 
f 314/314/314 312/312/312 312/312/312 
f 312/312/312 315/315/315 312/312/312 
f 312/312/312 315/315/315 314/314/314 
f 315/315/315 316/316/316 314/314/314 
f 314/314/314 316/316/316 316/316/316 
f 316/316/316 317/317/317 316/316/316 
f 316/316/316 317/317/317 317/317/317 
f 317/317/317 318/318/318 317/317/317 
f 317/317/317 318/318/318 319/319/319 
f 318/318/318 320/320/320 319/319/319 
f 319/319/319 320/320/320 320/320/320 
f 320/320/320 318/318/318 320/320/320 
f 320/320/320 318/318/318 318/318/318 
f 318/318/318 321/321/321 318/318/318 
f 318/318/318 321/321/321 320/320/320 
f 321/321/321 322/322/322 320/320/320 
f 320/320/320 322/322/322 322/322/322 
f 322/322/322 323/323/323 322/322/322 
f 322/322/322 323/323/323 323/323/323 
f 323/323/323 324/324/324 323/323/323 
f 323/323/323 324/324/324 325/325/325 
f 324/324/324 326/326/326 325/325/325 
f 325/325/325 326/326/326 327/327/327 
f 326/326/326 327/327/327 327/327/327 
f 327/327/327 327/327/327 325/325/325 
f 327/327/327 325/325/325 325/325/325 
f 325/325/325 325/325/325 325/325/325 
f 325/325/325 327/327/327 325/325/325 
f 325/325/325 327/327/327 328/328/328 
f 327/327/327 329/329/329 328/328/328 
f 328/328/328 329/329/329 329/329/329 
f 329/329/329 330/330/330 329/329/329 
f 329/329/329 330/330/330 330/330/330 
f 330/330/330 331/331/331 330/330/330 
f 330/330/330 331/331/331 332/332/332 
f 331/331/331 333/333/333 332/332/332 
f 332/332/332 333/333/333 333/333/333 
f 333/333/333 334/334/334 333/333/333 
f 333/333/333 334/334/334 334/334/334 
f 334/334/334 335/335/335 334/334/334 
f 334/334/334 335/335/335 336/336/336 
f 335/335/335 337/337/337 336/336/336 
f 336/336/336 337/337/337 337/337/337 
f 337/337/337 335/335/335 337/337/337 
f 337/337/337 335/335/335 338/338/338 
f 335/335/335 339/339/339 338/338/338 
f 338/338/338 339/339/339 339/339/339 
f 339/339/339 340/340/340 339/339/339 
f 339/339/339 340/340/340 340/340/340 
f 340/340/340 341/341/341 340/340/340 
f 340/340/340 341/341/341 342/342/342 
f 341/341/341 343/343/343 342/342/342 
f 342/342/342 343/343/343 343/343/343 
f 343/343/343 344/344/344 343/343/343 
f 343/343/343 344/344/344 344/344/344 
f 344/344/344 345/345/345 344/344/344 
f 344/344/344 345/345/345 346/346/346 
f 345/345/345 347/347/347 346/346/346 
f 346/346/346 347/347/347 348/348/348 
f 347/347/347 349/349/349 348/348/348 
f 348/348/348 349/349/349 350/350/350 
f 349/349/349 351/351/351 350/350/350 
f 350/350/350 351/351/351 351/351/351 
f 351/351/351 352/352/352 351/351/351 
f 351/351/351 352/352/352 352/352/352 
f 352/352/352 353/353/353 352/352/352 
f 352/352/352 353/353/353 354/354/354 
f 353/353/353 355/355/355 354/354/354 
f 354/354/354 355/355/355 355/355/355 
f 355/355/355 353/353/353 355/355/355 
f 355/355/355 353/353/353 356/356/356 
f 353/353/353 357/357/357 356/356/356 
f 356/356/356 357/357/357 357/357/357 
f 357/357/357 358/358/358 357/357/357 
f 357/357/357 358/358/358 358/358/358 
f 358/358/358 359/359/359 358/358/358 
f 358/358/358 359/359/359 360/360/360 
f 359/359/359 361/361/361 360/360/360 
f 360/360/360 361/361/361 361/361/361 
f 361/361/361 359/359/359 361/361/361 
f 361/361/361 359/359/359 359/359/359 
f 359/359/359 362/362/362 359/359/359 
f 359/359/359 362/362/362 361/361/361 
f 362/362/362 363/363/363 361/361/361 
f 361/361/361 363/363/363 363/363/363 
f 363/363/363 364/364/364 363/363/363 
f 363/363/363 364/364/364 364/364/364 
f 364/364/364 365/365/365 364/364/364 
f 364/364/364 365/365/365 366/366/366 
f 365/365/365 367/367/367 366/366/366 
f 366/366/366 367/367/367 367/367/367 
f 367/367/367 368/368/368 367/367/367 
f 367/367/367 368/368/368 368/368/368 
f 368/368/368 369/369/369 368/368/368 
f 368/368/368 369/369/369 370/370/370 
f 369/369/369 371/371/371 370/370/370 
f 370/370/370 371/371/371 371/371/371 
f 371/371/371 372/372/372 371/371/371 
f 371/371/371 372/372/372 372/372/372 
f 372/372/372 373/373/373 372/372/372 
f 372/372/372 373/373/373 374/374/374 
f 373/373/373 375/375/375 374/374/374 
f 374/374/374 375/375/375 375/375/375 
f 375/375/375 376/376/376 375/375/375 
f 375/375/375 376/376/376 376/376/376 
f 376/376/376 377/377/377 376/376/376 
f 376/376/376 377/377/377 378/378/378 
f 377/377/377 379/379/379 378/378/378 
f 378/378/378 379/379/379 379/379/379 
f 379/379/379 380/380/380 379/379/379 
f 379/379/379 380/380/380 380/380/380 
f 380/380/380 381/381/381 380/380/380 
f 380/380/380 381/381/381 382/382/382 
f 381/381/381 383/383/383 382/382/382 
f 382/382/382 383/383/383 383/383/383 
f 383/383/383 381/381/381 383/383/383 
f 383/383/383 381/381/381 381/381/381 
f 381/381/381 384/384/384 381/381/381 
f 381/381/381 384/384/384 383/383/383 
f 384/384/384 385/385/385 383/383/383 
f 383/383/383 385/385/385 385/385/385 
f 385/385/385 386/386/386 385/385/385 
f 385/385/385 386/386/386 386/386/386 
f 386/386/386 387/387/387 386/386/386 
f 386/386/386 387/387/387 388/388/388 
f 387/387/387 389/389/389 388/388/388 
f 388/388/388 389/389/389 389/389/389 
f 389/389/389 387/387/387 389/389/389 
f 389/389/389 387/387/387 387/387/387 
f 387/387/387 390/390/390 387/387/387 
f 387/387/387 390/390/390 389/389/389 
f 390/390/390 391/391/391 389/389/389 
f 389/389/389 391/391/391 391/391/391 
f 391/391/391 392/392/392 391/391/391 
f 391/391/391 392/392/392 392/392/392 
f 392/392/392 393/393/393 392/392/392 
f 392/392/392 393/393/393 394/394/394 
f 393/393/393 395/395/395 394/394/394 
f 394/394/394 395/395/395 395/395/395 
f 395/395/395 396/396/396 395/395/395 
f 395/395/395 396/396/396 396/396/396 
f 396/396/396 397/397/397 396/396/396 
f 396/396/396 397/397/397 398/398/398 
f 397/397/397 399/399/399 398/398/398 
f 398/398/398 399/399/399 399/399/399 
f 399/399/399 400/400/400 399/399/399 
f 399/399/399 400/400/400 400/400/400 
f 400/400/400 401/401/401 400/400/400 
f 400/400/400 401/401/401 402/402/402 
f 401/401/401 403/403/403 402/402/402 
f 402/402/402 403/403/403 403/403/403 
f 403/403/403 401/401/401 403/403/403 
f 403/403/403 401/401/401 404/404/404 
f 401/401/401 405/405/405 404/404/404 
f 404/404/404 405/405/405 405/405/405 
f 405/405/405 406/406/406 405/405/405 
f 405/405/405 406/406/406 406/406/406 
f 406/406/406 407/407/407 406/406/406 
f 406/406/406 407/407/407 408/408/408 
f 407/407/407 409/409/409 408/408/408 
f 408/408/408 409/409/409 410/410/410 
f 409/409/409 410/410/410 410/410/410 
f 410/410/410 410/410/410 411/411/411 
f 410/410/410 411/411/411 411/411/411 
f 411/411/411 411/411/411 411/411/411 
f 411/411/411 412/412/412 411/411/411 
f 411/411/411 412/412/412 413/413/413 
f 412/412/412 414/414/414 413/413/413 
f 413/413/413 414/414/414 414/414/414 
f 414/414/414 415/415/415 414/414/414 
f 414/414/414 415/415/415 415/415/415 
f 415/415/415 416/416/416 415/415/415 
f 415/415/415 416/416/416 417/417/417 
f 416/416/416 418/418/418 417/417/417 
f 417/417/417 418/418/418 418/418/418 
f 418/418/418 419/419/419 418/418/418 
f 418/418/418 419/419/419 419/419/419 
f 419/419/419 420/420/420 419/419/419 
f 419/419/419 420/420/420 421/421/421 
f 420/420/420 422/422/422 421/421/421 
f 421/421/421 422/422/422 422/422/422 
f 422/422/422 423/423/423 422/422/422 
f 422/422/422 423/423/423 423/423/423 
f 423/423/423 424/424/424 423/423/423 
f 423/423/423 424/424/424 425/425/425 
f 424/424/424 426/426/426 425/425/425 
f 425/425/425 426/426/426 426/426/426 
f 426/426/426 424/424/424 426/426/426 
f 426/426/426 424/424/424 424/424/424 
f 424/424/424 427/427/427 424/424/424 
f 424/424/424 427/427/427 426/426/426 
f 427/427/427 428/428/428 426/426/426 
f 426/426/426 428/428/428 428/428/428 
f 428/428/428 429/429/429 428/428/428 
f 428/428/428 429/429/429 429/429/429 
f 429/429/429 430/430/430 429/429/429 
f 429/429/429 430/430/430 431/431/431 
f 430/430/430 432/432/432 431/431/431 
f 431/431/431 432/432/432 432/432/432 
f 432/432/432 433/433/433 432/432/432 
f 432/432/432 433/433/433 433/433/433 
f 433/433/433 434/434/434 433/433/433 
f 433/433/433 434/434/434 435/435/435 
f 434/434/434 436/436/436 435/435/435 
f 435/435/435 436/436/436 436/436/436 
f 436/436/436 434/434/434 436/436/436 
f 436/436/436 434/434/434 434/434/434 
f 434/434/434 437/437/437 434/434/434 
f 434/434/434 437/437/437 436/436/436 
f 437/437/437 438/438/438 436/436/436 
f 436/436/436 438/438/438 438/438/438 
f 438/438/438 439/439/439 438/438/438 
f 438/438/438 439/439/439 439/439/439 
f 439/439/439 440/440/440 439/439/439 
f 439/439/439 440/440/440 441/441/441 
f 440/440/440 442/442/442 441/441/441 
f 441/441/441 442/442/442 443/443/443 
f 442/442/442 443/443/443 443/443/443 
f 443/443/443 443/443/443 444/444/444 
f 443/443/443 444/444/444 444/444/444 
f 444/444/444 444/444/444 444/444/444 
f 444/444/444 445/445/445 444/444/444 
f 444/444/444 445/445/445 446/446/446 
f 445/445/445 447/447/447 446/446/446 
f 446/446/446 447/447/447 447/447/447 
f 447/447/447 448/448/448 447/447/447 
f 447/447/447 448/448/448 448/448/448 
f 448/448/448 449/449/449 448/448/448 
f 448/448/448 449/449/449 450/450/450 
f 449/449/449 451/451/451 450/450/450 
f 450/450/450 451/451/451 451/451/451 
f 451/451/451 452/452/452 451/451/451 
f 451/451/451 452/452/452 452/452/452 
f 452/452/452 453/453/453 452/452/452 
f 452/452/452 453/453/453 454/454/454 
f 453/453/453 455/455/455 454/454/454 
f 454/454/454 455/455/455 455/455/455 
f 455/455/455 456/456/456 455/455/455 
f 455/455/455 456/456/456 456/456/456 
f 456/456/456 457/457/457 456/456/456 
f 456/456/456 457/457/457 458/458/458 
f 457/457/457 459/459/459 458/458/458 
f 458/458/458 459/459/459 459/459/459 
f 459/459/459 460/460/460 459/459/459 
f 459/459/459 460/460/460 460/460/460 
f 460/460/460 461/461/461 460/460/460 
f 460/460/460 461/461/461 462/462/462 
f 461/461/461 463/463/463 462/462/462 
f 462/462/462 463/463/463 463/463/463 
f 463/463/463 464/464/464 463/463/463 
f 463/463/463 464/464/464 464/464/464 
f 464/464/464 465/465/465 464/464/464 
f 464/464/464 465/465/465 466/466/466 
f 465/465/465 467/467/467 466/466/466 
f 466/466/466 467/467/467 467/467/467 
f 467/467/467 468/468/468 467/467/467 
f 467/467/467 468/468/468 468/468/468 
f 468/468/468 469/469/469 468/468/468 
f 468/468/468 469/469/469 470/470/470 
f 469/469/469 471/471/471 470/470/470 
f 470/470/470 471/471/471 471/471/471 
f 471/471/471 472/472/472 471/471/471 
f 471/471/471 472/472/472 472/472/472 
f 472/472/472 473/473/473 472/472/472 
f 472/472/472 473/473/473 474/474/474 
f 473/473/473 475/475/475 474/474/474 
f 474/474/474 475/475/475 475/475/475 
f 475/475/475 476/476/476 475/475/475 
f 475/475/475 476/476/476 476/476/476 
f 476/476/476 477/477/477 476/476/476 
f 476/476/476 477/477/477 478/478/478 
f 477/477/477 479/479/479 478/478/478 
f 478/478/478 479/479/479 479/479/479 
f 479/479/479 480/480/480 479/479/479 
f 479/479/479 480/480/480 480/480/480 
f 480/480/480 481/481/481 480/480/480 
f 480/480/480 481/481/481 482/482/482 
f 481/481/481 483/483/483 482/482/482 
f 482/482/482 483/483/483 483/483/483 
f 483/483/483 484/484/484 483/483/483 
f 483/483/483 484/484/484 484/484/484 
f 484/484/484 485/485/485 484/484/484 
f 484/484/484 485/485/485 486/486/486 
f 485/485/485 487/487/487 486/486/486 
f 486/486/486 487/487/487 487/487/487 
f 487/487/487 488/488/488 487/487/487 
f 487/487/487 488/488/488 488/488/488 
f 488/488/488 489/489/489 488/488/488 
f 488/488/488 489/489/489 490/490/490 
f 489/489/489 491/491/491 490/490/490 
f 490/490/490 491/491/491 491/491/491 
f 491/491/491 492/492/492 491/491/491 
f 491/491/491 492/492/492 492/492/492 
f 492/492/492 493/493/493 492/492/492 
f 492/492/492 493/493/493 494/494/494 
f 493/493/493 495/495/495 494/494/494 
f 494/494/494 495/495/495 495/495/495 
f 495/495/495 493/493/493 495/495/495 
f 495/495/495 493/493/493 496/496/496 
f 493/493/493 497/497/497 496/496/496 
f 496/496/496 497/497/497 497/497/497 
f 497/497/497 498/498/498 497/497/497 
f 497/497/497 498/498/498 498/498/498 
f 498/498/498 499/499/499 498/498/498 
f 498/498/498 499/499/499 500/500/500 
f 499/499/499 501/501/501 500/500/500 
f 500/500/500 501/501/501 501/501/501 
f 501/501/501 502/502/502 501/501/501 
f 501/501/501 502/502/502 502/502/502 
f 502/502/502 503/503/503 502/502/502 
f 502/502/502 503/503/503 504/504/504 
f 503/503/503 505/505/505 504/504/504 
f 504/504/504 505/505/505 505/505/505 
f 505/505/505 506/506/506 505/505/505 
f 505/505/505 506/506/506 506/506/506 
f 506/506/506 507/507/507 506/506/506 
f 506/506/506 507/507/507 508/508/508 
f 507/507/507 509/509/509 508/508/508 
f 508/508/508 509/509/509 509/509/509 
f 509/509/509 510/510/510 509/509/509 
f 509/509/509 510/510/510 510/510/510 
f 510/510/510 511/511/511 510/510/510 
f 510/510/510 511/511/511 512/512/512 
f 511/511/511 513/513/513 512/512/512 
f 512/512/512 513/513/513 513/513/513 
f 513/513/513 514/514/514 513/513/513 
f 513/513/513 514/514/514 514/514/514 
f 514/514/514 515/515/515 514/514/514 
f 514/514/514 515/515/515 516/516/516 
f 515/515/515 517/517/517 516/516/516 
f 516/516/516 517/517/517 517/517/517 
f 517/517/517 518/518/518 517/517/517 
f 517/517/517 518/518/518 518/518/518 
f 518/518/518 519/519/519 518/518/518 
f 518/518/518 519/519/519 520/520/520 
f 519/519/519 521/521/521 520/520/520 
f 520/520/520 521/521/521 521/521/521 
f 521/521/521 522/522/522 521/521/521 
f 521/521/521 522/522/522 522/522/522 
f 522/522/522 523/523/523 522/522/522 
f 522/522/522 523/523/523 524/524/524 
f 523/523/523 525/525/525 524/524/524 
f 524/524/524 525/525/525 526/526/526 
f 525/525/525 526/526/526 526/526/526 
f 526/526/526 526/526/526 527/527/527 
f 526/526/526 527/527/527 527/527/527 
f 527/527/527 527/527/527 527/527/527 
f 527/527/527 528/528/528 527/527/527 
f 527/527/527 528/528/528 529/529/529 
f 528/528/528 530/530/530 529/529/529 
f 529/529/529 530/530/530 530/530/530 
f 530/530/530 531/531/531 530/530/530 
f 530/530/530 531/531/531 531/531/531 
f 531/531/531 532/532/532 531/531/531 
f 531/531/531 532/532/532 533/533/533 
f 532/532/532 534/534/534 533/533/533 
f 533/533/533 534/534/534 534/534/534 
f 534/534/534 535/535/535 534/534/534 
f 534/534/534 535/535/535 535/535/535 
f 535/535/535 536/536/536 535/535/535 
f 535/535/535 536/536/536 537/537/537 
f 536/536/536 538/538/538 537/537/537 
f 537/537/537 538/538/538 538/538/538 
f 538/538/538 539/539/539 538/538/538 
f 538/538/538 539/539/539 539/539/539 
f 539/539/539 540/540/540 539/539/539 
f 539/539/539 540/540/540 541/541/541 
f 540/540/540 542/542/542 541/541/541 
f 541/541/541 542/542/542 542/542/542 
f 542/542/542 543/543/543 542/542/542 
f 542/542/542 543/543/543 543/543/543 
f 543/543/543 544/544/544 543/543/543 
f 543/543/543 544/544/544 545/545/545 
f 544/544/544 546/546/546 545/545/545 
f 545/545/545 546/546/546 546/546/546 
f 546/546/546 547/547/547 546/546/546 
f 546/546/546 547/547/547 547/547/547 
f 547/547/547 548/548/548 547/547/547 
f 547/547/547 548/548/548 549/549/549 
f 548/548/548 550/550/550 549/549/549 
f 549/549/549 550/550/550 550/550/550 
f 550/550/550 551/551/551 550/550/550 
f 550/550/550 551/551/551 551/551/551 
f 551/551/551 552/552/552 551/551/551 
f 551/551/551 552/552/552 553/553/553 
f 552/552/552 554/554/554 553/553/553 
f 553/553/553 554/554/554 554/554/554 
f 554/554/554 552/552/552 554/554/554 
f 554/554/554 552/552/552 555/555/555 
f 552/552/552 556/556/556 555/555/555 
f 555/555/555 556/556/556 556/556/556 
f 556/556/556 557/557/557 556/556/556 
f 556/556/556 557/557/557 557/557/557 
f 557/557/557 558/558/558 557/557/557 
f 557/557/557 558/558/558 559/559/559 
f 558/558/558 560/560/560 559/559/559 
f 559/559/559 560/560/560 560/560/560 
f 560/560/560 561/561/561 560/560/560 
f 560/560/560 561/561/561 561/561/561 
f 561/561/561 562/562/562 561/561/561 
f 561/561/561 562/562/562 563/563/563 
f 562/562/562 564/564/564 563/563/563 
f 563/563/563 564/564/564 564/564/564 
f 564/564/564 565/565/565 564/564/564 
f 564/564/564 565/565/565 565/565/565 
f 565/565/565 566/566/566 565/565/565 
f 565/565/565 566/566/566 567/567/567 
f 566/566/566 568/568/568 567/567/567 
f 567/567/567 568/568/568 568/568/568 
f 568/568/568 569/569/569 568/568/568 
f 568/568/568 569/569/569 569/569/569 
f 569/569/569 570/570/570 569/569/569 
f 569/569/569 570/570/570 571/571/571 
f 570/570/570 572/572/572 571/571/571 
f 571/571/571 572/572/572 572/572/572 
f 572/572/572 573/573/573 572/572/572 
f 572/572/572 573/573/573 573/573/573 
f 573/573/573 574/574/574 573/573/573 
f 573/573/573 574/574/574 575/575/575 
f 574/574/574 576/576/576 575/575/575 
f 575/575/575 576/576/576 576/576/576 
f 576/576/576 577/577/577 576/576/576 
f 576/576/576 577/577/577 577/577/577 
f 577/577/577 578/578/578 577/577/577 
f 577/577/577 578/578/578 579/579/579 
f 578/578/578 580/580/580 579/579/579 
f 579/579/579 580/580/580 580/580/580 
f 580/580/580 581/581/581 580/580/580 
f 580/580/580 581/581/581 581/581/581 
f 581/581/581 582/582/582 581/581/581 
f 581/581/581 582/582/582 583/583/583 
f 582/582/582 584/584/584 583/583/583 
f 583/583/583 584/584/584 584/584/584 
f 584/584/584 585/585/585 584/584/584 
f 584/584/584 585/585/585 585/585/585 
f 585/585/585 586/586/586 585/585/585 
f 585/585/585 586/586/586 587/587/587 
f 586/586/586 588/588/588 587/587/587 
f 587/587/587 588/588/588 588/588/588 
f 588/588/588 589/589/589 588/588/588 
f 588/588/588 589/589/589 589/589/589 
f 589/589/589 590/590/590 589/589/589 
f 589/589/589 590/590/590 591/591/591 
f 590/590/590 592/592/592 591/591/591 
f 591/591/591 592/592/592 592/592/592 
f 592/592/592 593/593/593 592/592/592 
f 592/592/592 593/593/593 593/593/593 
f 593/593/593 594/594/594 593/593/593 
f 593/593/593 594/594/594 595/595/595 
f 594/594/594 596/596/596 595/595/595 
f 595/595/595 596/596/596 596/596/596 
f 596/596/596 597/597/597 596/596/596 
f 596/596/596 597/597/597 597/597/597 
f 597/597/597 598/598/598 597/597/597 
f 597/597/597 598/598/598 599/599/599 
f 598/598/598 600/600/600 599/599/599 
f 599/599/599 600/600/600 600/600/600 
f 600/600/600 601/601/601 600/600/600 
f 600/600/600 601/601/601 601/601/601 
f 601/601/601 602/602/602 601/601/601 
f 601/601/601 602/602/602 603/603/603 
f 602/602/602 604/604/604 603/603/603 
f 603/603/603 604/604/604 604/604/604 
f 604/604/604 605/605/605 604/604/604 
f 604/604/604 605/605/605 605/605/605 
f 605/605/605 606/606/606 605/605/605 
f 605/605/605 606/606/606 607/607/607 
f 606/606/606 608/608/608 607/607/607 
f 607/607/607 608/608/608 608/608/608 
f 608/608/608 609/609/609 608/608/608 
f 608/608/608 609/609/609 609/609/609 
f 609/609/609 610/610/610 609/609/609 
f 609/609/609 610/610/610 611/611/611 
f 610/610/610 612/612/612 611/611/611 
f 611/611/611 612/612/612 612/612/612 
f 612/612/612 613/613/613 612/612/612 
f 612/612/612 613/613/613 613/613/613 
f 613/613/613 614/614/614 613/613/613 
f 613/613/613 614/614/614 615/615/615 
f 614/614/614 616/616/616 615/615/615 
f 615/615/615 616/616/616 616/616/616 
f 616/616/616 617/617/617 616/616/616 
f 616/616/616 617/617/617 617/617/617 
f 617/617/617 618/618/618 617/617/617 
f 617/617/617 618/618/618 619/619/619 
f 618/618/618 620/620/620 619/619/619 
f 619/619/619 620/620/620 620/620/620 
f 620/620/620 621/621/621 620/620/620 
f 620/620/620 621/621/621 621/621/621 
f 621/621/621 622/622/622 621/621/621 
f 621/621/621 622/622/622 623/623/623 
f 622/622/622 624/624/624 623/623/623 
f 623/623/623 624/624/624 624/624/624 
f 624/624/624 625/625/625 624/624/624 
f 624/624/624 625/625/625 625/625/625 
f 625/625/625 626/626/626 625/625/625 
f 625/625/625 626/626/626 627/627/627 
f 626/626/626 628/628/628 627/627/627 
f 627/627/627 628/628/628 628/628/628 
f 628/628/628 629/629/629 628/628/628 
f 628/628/628 629/629/629 629/629/629 
f 629/629/629 630/630/630 629/629/629 
f 629/629/629 630/630/630 631/631/631 
f 630/630/630 632/632/632 631/631/631 
f 631/631/631 632/632/632 632/632/632 
f 632/632/632 633/633/633 632/632/632 
f 632/632/632 633/633/633 633/633/633 
f 633/633/633 634/634/634 633/633/633 
f 633/633/633 634/634/634 635/635/635 
f 634/634/634 636/636/636 635/635/635 
f 635/635/635 636/636/636 636/636/636 
f 636/636/636 637/637/637 636/636/636 
f 636/636/636 637/637/637 637/637/637 
f 637/637/637 638/638/638 637/637/637 
f 637/637/637 638/638/638 639/639/639 
f 638/638/638 640/640/640 639/639/639 
f 639/639/639 640/640/640 640/640/640 
f 640/640/640 641/641/641 640/640/640 
f 640/640/640 641/641/641 641/641/641 
f 641/641/641 642/642/642 641/641/641 
f 641/641/641 642/642/642 643/643/643 
f 642/642/642 644/644/644 643/643/643 
f 643/643/643 644/644/644 644/644/644 
f 644/644/644 645/645/645 644/644/644 
f 644/644/644 645/645/645 645/645/645 
f 645/645/645 646/646/646 645/645/645 
f 645/645/645 646/646/646 647/647/647 
f 646/646/646 648/648/648 647/647/647 
f 647/647/647 648/648/648 648/648/648 
f 648/648/648 649/649/649 648/648/648 
f 648/648/648 649/649/649 649/649/649 
f 649/649/649 650/650/650 649/649/649 
f 649/649/649 650/650/650 651/651/651 
f 650/650/650 652/652/652 651/651/651 
f 651/651/651 652/652/652 652/652/652 
f 652/652/652 653/653/653 652/652/652 
f 652/652/652 653/653/653 653/653/653 
f 653/653/653 654/654/654 653/653/653 
f 653/653/653 654/654/654 655/655/655 
f 654/654/654 656/656/656 655/655/655 
f 655/655/655 656/656/656 656/656/656 
f 656/656/656 657/657/657 656/656/656 
f 656/656/656 657/657/657 657/657/657 
f 657/657/657 658/658/658 657/657/657 
f 657/657/657 658/658/658 659/659/659 
f 658/658/658 660/660/660 659/659/659 
f 659/659/659 660/660/660 660/660/660 
f 660/660/660 661/661/661 660/660/660 
f 660/660/660 661/661/661 661/661/661 
f 661/661/661 662/662/662 661/661/661 
f 661/661/661 662/662/662 663/663/663 
f 662/662/662 664/664/664 663/663/663 
f 663/663/663 664/664/664 665/665/665 
f 664/664/664 666/666/666 665/665/665 
f 665/665/665 666/666/666 667/667/667 
f 666/666/666 668/668/668 667/667/667 
f 667/667/667 668/668/668 668/668/668 
f 668/668/668 669/669/669 668/668/668 
f 668/668/668 669/669/669 669/669/669 
f 669/669/669 670/670/670 669/669/669 
f 669/669/669 670/670/670 671/671/671 
f 670/670/670 672/672/672 671/671/671 
f 671/671/671 672/672/672 672/672/672 
f 672/672/672 673/673/673 672/672/672 
f 672/672/672 673/673/673 673/673/673 
f 673/673/673 674/674/674 673/673/673 
f 673/673/673 674/674/674 675/675/675 
f 674/674/674 676/676/676 675/675/675 
f 675/675/675 676/676/676 677/677/677 
f 676/676/676 677/677/677 677/677/677 
f 677/677/677 677/677/677 678/678/678 
f 677/677/677 678/678/678 678/678/678 
f 678/678/678 678/678/678 678/678/678 
f 678/678/678 679/679/679 678/678/678 
f 678/678/678 679/679/679 680/680/680 
f 679/679/679 681/681/681 680/680/680 
f 680/680/680 681/681/681 681/681/681 
f 681/681/681 682/682/682 681/681/681 
f 681/681/681 682/682/682 682/682/682 
f 682/682/682 683/683/683 682/682/682 
f 682/682/682 683/683/683 684/684/684 
f 683/683/683 685/685/685 684/684/684 
f 684/684/684 685/685/685 685/685/685 
f 685/685/685 686/686/686 685/685/685 
f 685/685/685 686/686/686 686/686/686 
f 686/686/686 687/687/687 686/686/686 
f 686/686/686 687/687/687 688/688/688 
f 687/687/687 689/689/689 688/688/688 
f 688/688/688 689/689/689 689/689/689 
f 689/689/689 690/690/690 689/689/689 
f 689/689/689 690/690/690 690/690/690 
f 690/690/690 691/691/691 690/690/690 
f 690/690/690 691/691/691 692/692/692 
f 691/691/691 693/693/693 692/692/692 
f 692/692/692 693/693/693 693/693/693 
f 693/693/693 694/694/694 693/693/693 
f 693/693/693 694/694/694 694/694/694 
f 694/694/694 695/695/695 694/694/694 
f 694/694/694 695/695/695 696/696/696 
f 695/695/695 697/697/697 696/696/696 
f 696/696/696 697/697/697 698/698/698 
f 697/697/697 698/698/698 698/698/698 
f 698/698/698 698/698/698 699/699/699 
f 698/698/698 699/699/699 699/699/699 
f 699/699/699 699/699/699 699/699/699 
f 699/699/699 700/700/700 699/699/699 
f 699/699/699 700/700/700 701/701/701 
f 700/700/700 702/702/702 701/701/701 
f 701/701/701 702/702/702 702/702/702 
f 702/702/702 703/703/703 702/702/702 
f 702/702/702 703/703/703 703/703/703 
f 703/703/703 704/704/704 703/703/703 
f 703/703/703 704/704/704 705/705/705 
f 704/704/704 706/706/706 705/705/705 
f 705/705/705 706/706/706 706/706/706 
f 706/706/706 704/704/704 706/706/706 
f 706/706/706 704/704/704 704/704/704 
f 704/704/704 707/707/707 704/704/704 
f 704/704/704 707/707/707 706/706/706 
f 707/707/707 708/708/708 706/706/706 
f 706/706/706 708/708/708 708/708/708 
f 708/708/708 709/709/709 708/708/708 
f 708/708/708 709/709/709 709/709/709 
f 709/709/709 710/710/710 709/709/709 
f 709/709/709 710/710/710 711/711/711 
f 710/710/710 712/712/712 711/711/711 
f 711/711/711 712/712/712 712/712/712 
f 712/712/712 713/713/713 712/712/712 
f 712/712/712 713/713/713 713/713/713 
f 713/713/713 714/714/714 713/713/713 
f 713/713/713 714/714/714 715/715/715 
f 714/714/714 716/716/716 715/715/715 
f 715/715/715 716/716/716 716/716/716 
f 716/716/716 717/717/717 716/716/716 
f 716/716/716 717/717/717 717/717/717 
f 717/717/717 718/718/718 717/717/717 
f 717/717/717 718/718/718 719/719/719 
f 718/718/718 720/720/720 719/719/719 
f 719/719/719 720/720/720 720/720/720 
f 720/720/720 721/721/721 720/720/720 
f 720/720/720 721/721/721 721/721/721 
f 721/721/721 722/722/722 721/721/721 
f 721/721/721 722/722/722 723/723/723 
f 722/722/722 724/724/724 723/723/723 
f 723/723/723 724/724/724 724/724/724 
f 724/724/724 725/725/725 724/724/724 
f 724/724/724 725/725/725 725/725/725 
f 725/725/725 726/726/726 725/725/725 
f 725/725/725 726/726/726 727/727/727 
f 726/726/726 728/728/728 727/727/727 
f 727/727/727 728/728/728 728/728/728 
f 728/728/728 729/729/729 728/728/728 
f 728/728/728 729/729/729 729/729/729 
f 729/729/729 730/730/730 729/729/729 
f 729/729/729 730/730/730 731/731/731 
f 730/730/730 732/732/732 731/731/731 
f 731/731/731 732/732/732 732/732/732 
f 732/732/732 730/730/730 732/732/732 
f 732/732/732 730/730/730 730/730/730 
f 730/730/730 733/733/733 730/730/730 
f 730/730/730 733/733/733 732/732/732 
f 733/733/733 734/734/734 732/732/732 
f 732/732/732 734/734/734 734/734/734 
f 734/734/734 735/735/735 734/734/734 
f 734/734/734 735/735/735 735/735/735 
f 735/735/735 736/736/736 735/735/735 
f 735/735/735 736/736/736 737/737/737 
f 736/736/736 738/738/738 737/737/737 
f 737/737/737 738/738/738 738/738/738 
f 738/738/738 739/739/739 738/738/738 
f 738/738/738 739/739/739 739/739/739 
f 739/739/739 740/740/740 739/739/739 
f 739/739/739 740/740/740 741/741/741 
f 740/740/740 742/742/742 741/741/741 
f 741/741/741 742/742/742 742/742/742 
f 742/742/742 743/743/743 742/742/742 
f 742/742/742 743/743/743 743/743/743 
f 743/743/743 744/744/744 743/743/743 
f 743/743/743 744/744/744 745/745/745 
f 744/744/744 746/746/746 745/745/745 
f 745/745/745 746/746/746 746/746/746 
f 746/746/746 747/747/747 746/746/746 
f 746/746/746 747/747/747 747/747/747 
f 747/747/747 748/748/748 747/747/747 
f 747/747/747 748/748/748 749/749/749 
f 748/748/748 750/750/750 749/749/749 
f 749/749/749 750/750/750 750/750/750 
f 750/750/750 751/751/751 750/750/750 
f 750/750/750 751/751/751 751/751/751 
f 751/751/751 752/752/752 751/751/751 
f 751/751/751 752/752/752 753/753/753 
f 752/752/752 754/754/754 753/753/753 
f 753/753/753 754/754/754 754/754/754 
f 754/754/754 755/755/755 754/754/754 
f 754/754/754 755/755/755 755/755/755 
f 755/755/755 756/756/756 755/755/755 
f 755/755/755 756/756/756 757/757/757 
f 756/756/756 758/758/758 757/757/757 
f 757/757/757 758/758/758 758/758/758 
f 758/758/758 759/759/759 758/758/758 
f 758/758/758 759/759/759 759/759/759 
f 759/759/759 760/760/760 759/759/759 
f 759/759/759 760/760/760 761/761/761 
f 760/760/760 762/762/762 761/761/761 
f 761/761/761 762/762/762 762/762/762 
f 762/762/762 763/763/763 762/762/762 
f 762/762/762 763/763/763 763/763/763 
f 763/763/763 764/764/764 763/763/763 
f 763/763/763 764/764/764 765/765/765 
f 764/764/764 766/766/766 765/765/765 
f 765/765/765 766/766/766 766/766/766 
f 766/766/766 767/767/767 766/766/766 
f 766/766/766 767/767/767 767/767/767 
f 767/767/767 768/768/768 767/767/767 
f 767/767/767 768/768/768 769/769/769 
f 768/768/768 770/770/770 769/769/769 
f 769/769/769 770/770/770 770/770/770 
f 770/770/770 771/771/771 770/770/770 
f 770/770/770 771/771/771 771/771/771 
f 771/771/771 772/772/772 771/771/771 
f 771/771/771 772/772/772 773/773/773 
f 772/772/772 774/774/774 773/773/773 
f 773/773/773 774/774/774 774/774/774 
f 774/774/774 772/772/772 774/774/774 
f 774/774/774 772/772/772 772/772/772 
f 772/772/772 775/775/775 772/772/772 
f 772/772/772 775/775/775 774/774/774 
f 775/775/775 776/776/776 774/774/774 
f 774/774/774 776/776/776 776/776/776 
f 776/776/776 775/775/775 776/776/776 
f 776/776/776 775/775/775 775/775/775 
f 775/775/775 777/777/777 775/775/775 
f 775/775/775 777/777/777 776/776/776 
f 777/777/777 778/778/778 776/776/776 
f 776/776/776 778/778/778 778/778/778 
f 778/778/778 779/779/779 778/778/778 
f 778/778/778 779/779/779 779/779/779 
f 779/779/779 780/780/780 779/779/779 
f 779/779/779 780/780/780 781/781/781 
f 780/780/780 782/782/782 781/781/781 
f 781/781/781 782/782/782 782/782/782 
f 782/782/782 783/783/783 782/782/782 
f 782/782/782 783/783/783 783/783/783 
f 783/783/783 784/784/784 783/783/783 
f 783/783/783 784/784/784 785/785/785 
f 784/784/784 786/786/786 785/785/785 
f 785/785/785 786/786/786 786/786/786 
f 786/786/786 787/787/787 786/786/786 
f 786/786/786 787/787/787 787/787/787 
f 787/787/787 788/788/788 787/787/787 
f 787/787/787 788/788/788 789/789/789 
f 788/788/788 790/790/790 789/789/789 
f 789/789/789 790/790/790 790/790/790 
f 790/790/790 791/791/791 790/790/790 
f 790/790/790 791/791/791 791/791/791 
f 791/791/791 792/792/792 791/791/791 
f 791/791/791 792/792/792 793/793/793 
f 792/792/792 794/794/794 793/793/793 
f 793/793/793 794/794/794 794/794/794 
f 794/794/794 795/795/795 794/794/794 
f 794/794/794 795/795/795 795/795/795 
f 795/795/795 796/796/796 795/795/795 
f 795/795/795 796/796/796 797/797/797 
f 796/796/796 798/798/798 797/797/797 
f 797/797/797 798/798/798 798/798/798 
f 798/798/798 799/799/799 798/798/798 
f 798/798/798 799/799/799 799/799/799 
f 799/799/799 800/800/800 799/799/799 
f 799/799/799 800/800/800 801/801/801 
f 800/800/800 802/802/802 801/801/801 
f 801/801/801 802/802/802 802/802/802 
f 802/802/802 803/803/803 802/802/802 
f 802/802/802 803/803/803 803/803/803 
f 803/803/803 804/804/804 803/803/803 
f 803/803/803 804/804/804 805/805/805 
f 804/804/804 806/806/806 805/805/805 
f 805/805/805 806/806/806 807/807/807 
f 806/806/806 807/807/807 807/807/807 
f 807/807/807 807/807/807 808/808/808 
f 807/807/807 808/808/808 808/808/808 
f 808/808/808 808/808/808 808/808/808 
f 808/808/808 809/809/809 808/808/808 
f 808/808/808 809/809/809 810/810/810 
f 809/809/809 811/811/811 810/810/810 
f 810/810/810 811/811/811 811/811/811 
f 811/811/811 812/812/812 811/811/811 
f 811/811/811 812/812/812 812/812/812 
f 812/812/812 813/813/813 812/812/812 
f 812/812/812 813/813/813 814/814/814 
f 813/813/813 815/815/815 814/814/814 
f 814/814/814 815/815/815 815/815/815 
f 815/815/815 816/816/816 815/815/815 
f 815/815/815 816/816/816 816/816/816 
f 816/816/816 817/817/817 816/816/816 
f 816/816/816 817/817/817 818/818/818 
f 817/817/817 819/819/819 818/818/818 
f 818/818/818 819/819/819 819/819/819 
f 819/819/819 820/820/820 819/819/819 
f 819/819/819 820/820/820 820/820/820 
f 820/820/820 821/821/821 820/820/820 
f 820/820/820 821/821/821 822/822/822 
f 821/821/821 823/823/823 822/822/822 
f 822/822/822 823/823/823 823/823/823 
f 823/823/823 824/824/824 823/823/823 
f 823/823/823 824/824/824 824/824/824 
f 824/824/824 825/825/825 824/824/824 
f 824/824/824 825/825/825 826/826/826 
f 825/825/825 827/827/827 826/826/826 
f 826/826/826 827/827/827 827/827/827 
f 827/827/827 825/825/825 827/827/827 
f 827/827/827 825/825/825 825/825/825 
f 825/825/825 828/828/828 825/825/825 
f 825/825/825 828/828/828 827/827/827 
f 828/828/828 829/829/829 827/827/827 
f 827/827/827 829/829/829 829/829/829 
f 829/829/829 828/828/828 829/829/829 
f 829/829/829 828/828/828 828/828/828 
f 828/828/828 830/830/830 828/828/828 
f 828/828/828 830/830/830 829/829/829 
f 830/830/830 831/831/831 829/829/829 
f 829/829/829 831/831/831 831/831/831 
f 831/831/831 830/830/830 831/831/831 
f 831/831/831 830/830/830 830/830/830 
f 830/830/830 832/832/832 830/830/830 
f 830/830/830 832/832/832 831/831/831 
f 832/832/832 833/833/833 831/831/831 
f 831/831/831 833/833/833 833/833/833 
f 833/833/833 834/834/834 833/833/833 
f 833/833/833 834/834/834 834/834/834 
f 834/834/834 835/835/835 834/834/834 
f 834/834/834 835/835/835 836/836/836 
f 835/835/835 837/837/837 836/836/836 
f 836/836/836 837/837/837 837/837/837 
f 837/837/837 838/838/838 837/837/837 
f 837/837/837 838/838/838 838/838/838 
f 838/838/838 839/839/839 838/838/838 
f 838/838/838 839/839/839 840/840/840 
f 839/839/839 841/841/841 840/840/840 
f 840/840/840 841/841/841 841/841/841 
f 841/841/841 839/839/839 841/841/841 
f 841/841/841 839/839/839 842/842/842 
f 839/839/839 843/843/843 842/842/842 
f 842/842/842 843/843/843 843/843/843 
f 843/843/843 844/844/844 843/843/843 
f 843/843/843 844/844/844 844/844/844 
f 844/844/844 845/845/845 844/844/844 
f 844/844/844 845/845/845 846/846/846 
f 845/845/845 847/847/847 846/846/846 
f 846/846/846 847/847/847 847/847/847 
f 847/847/847 848/848/848 847/847/847 
f 847/847/847 848/848/848 848/848/848 
f 848/848/848 849/849/849 848/848/848 
f 848/848/848 849/849/849 850/850/850 
f 849/849/849 851/851/851 850/850/850 
f 850/850/850 851/851/851 851/851/851 
f 851/851/851 852/852/852 851/851/851 
f 851/851/851 852/852/852 852/852/852 
f 852/852/852 853/853/853 852/852/852 
f 852/852/852 853/853/853 854/854/854 
f 853/853/853 855/855/855 854/854/854 
f 854/854/854 855/855/855 855/855/855 
f 855/855/855 856/856/856 855/855/855 
f 855/855/855 856/856/856 856/856/856 
f 856/856/856 857/857/857 856/856/856 
f 856/856/856 857/857/857 858/858/858 
f 857/857/857 859/859/859 858/858/858 
f 858/858/858 859/859/859 859/859/859 
f 859/859/859 860/860/860 859/859/859 
f 859/859/859 860/860/860 860/860/860 
f 860/860/860 861/861/861 860/860/860 
f 860/860/860 861/861/861 862/862/862 
f 861/861/861 863/863/863 862/862/862 
f 862/862/862 863/863/863 863/863/863 
f 863/863/863 864/864/864 863/863/863 
f 863/863/863 864/864/864 864/864/864 
f 864/864/864 865/865/865 864/864/864 
f 864/864/864 865/865/865 866/866/866 
f 865/865/865 867/867/867 866/866/866 
f 866/866/866 867/867/867 867/867/867 
f 867/867/867 868/868/868 867/867/867 
f 867/867/867 868/868/868 868/868/868 
f 868/868/868 869/869/869 868/868/868 
f 868/868/868 869/869/869 870/870/870 
f 869/869/869 871/871/871 870/870/870 
f 870/870/870 871/871/871 871/871/871 
f 871/871/871 872/872/872 871/871/871 
f 871/871/871 872/872/872 872/872/872 
f 872/872/872 873/873/873 872/872/872 
f 872/872/872 873/873/873 874/874/874 
f 873/873/873 875/875/875 874/874/874 
f 874/874/874 875/875/875 875/875/875 
f 875/875/875 876/876/876 875/875/875 
f 875/875/875 876/876/876 876/876/876 
f 876/876/876 877/877/877 876/876/876 
f 876/876/876 877/877/877 878/878/878 
f 877/877/877 879/879/879 878/878/878 
f 878/878/878 879/879/879 879/879/879 
f 879/879/879 880/880/880 879/879/879 
f 879/879/879 880/880/880 880/880/880 
f 880/880/880 881/881/881 880/880/880 
f 880/880/880 881/881/881 882/882/882 
f 881/881/881 883/883/883 882/882/882 
f 882/882/882 883/883/883 883/883/883 
f 883/883/883 884/884/884 883/883/883 
f 883/883/883 884/884/884 884/884/884 
f 884/884/884 885/885/885 884/884/884 
f 884/884/884 885/885/885 886/886/886 
f 885/885/885 887/887/887 886/886/886 
f 886/886/886 887/887/887 887/887/887 
f 887/887/887 888/888/888 887/887/887 
f 887/887/887 888/888/888 888/888/888 
f 888/888/888 889/889/889 888/888/888 
f 888/888/888 889/889/889 890/890/890 
f 889/889/889 891/891/891 890/890/890 
f 890/890/890 891/891/891 891/891/891 
f 891/891/891 892/892/892 891/891/891 
f 891/891/891 892/892/892 892/892/892 
f 892/892/892 893/893/893 892/892/892 
f 892/892/892 893/893/893 894/894/894 
f 893/893/893 895/895/895 894/894/894 
f 894/894/894 895/895/895 895/895/895 
f 895/895/895 896/896/896 895/895/895 
f 895/895/895 896/896/896 896/896/896 
f 896/896/896 897/897/897 896/896/896 
f 896/896/896 897/897/897 898/898/898 
f 897/897/897 899/899/899 898/898/898 
f 898/898/898 899/899/899 899/899/899 
f 899/899/899 897/897/897 899/899/899 
f 899/899/899 897/897/897 900/900/900 
f 897/897/897 901/901/901 900/900/900 
f 900/900/900 901/901/901 901/901/901 
f 901/901/901 902/902/902 901/901/901 
f 901/901/901 902/902/902 902/902/902 
f 902/902/902 903/903/903 902/902/902 
f 902/902/902 903/903/903 904/904/904 
f 903/903/903 905/905/905 904/904/904 
f 904/904/904 905/905/905 905/905/905 
f 905/905/905 906/906/906 905/905/905 
f 905/905/905 906/906/906 906/906/906 
f 906/906/906 907/907/907 906/906/906 
f 906/906/906 907/907/907 908/908/908 
f 907/907/907 909/909/909 908/908/908 
f 908/908/908 909/909/909 909/909/909 
f 909/909/909 910/910/910 909/909/909 
f 909/909/909 910/910/910 910/910/910 
f 910/910/910 911/911/911 910/910/910 
f 910/910/910 911/911/911 912/912/912 
f 911/911/911 913/913/913 912/912/912 
f 912/912/912 913/913/913 913/913/913 
f 913/913/913 914/914/914 913/913/913 
f 913/913/913 914/914/914 914/914/914 
f 914/914/914 915/915/915 914/914/914 
f 914/914/914 915/915/915 916/916/916 
f 915/915/915 917/917/917 916/916/916 
f 916/916/916 917/917/917 918/918/918 
f 917/917/917 918/918/918 918/918/918 
f 918/918/918 918/918/918 919/919/919 
f 918/918/918 919/919/919 919/919/919 
f 919/919/919 919/919/919 919/919/919 
f 919/919/919 920/920/920 919/919/919 
f 919/919/919 920/920/920 921/921/921 
f 920/920/920 922/922/922 921/921/921 
f 921/921/921 922/922/922 922/922/922 
f 922/922/922 923/923/923 922/922/922 
f 922/922/922 923/923/923 923/923/923 
f 923/923/923 924/924/924 923/923/923 
f 923/923/923 924/924/924 925/925/925 
f 924/924/924 926/926/926 925/925/925 
f 925/925/925 926/926/926 926/926/926 
f 926/926/926 927/927/927 926/926/926 
f 926/926/926 927/927/927 927/927/927 
f 927/927/927 928/928/928 927/927/927 
f 927/927/927 928/928/928 929/929/929 
f 928/928/928 930/930/930 929/929/929 
f 929/929/929 930/930/930 930/930/930 
f 930/930/930 931/931/931 930/930/930 
f 930/930/930 931/931/931 931/931/931 
f 931/931/931 932/932/932 931/931/931 
f 931/931/931 932/932/932 933/933/933 
f 932/932/932 934/934/934 933/933/933 
f 933/933/933 934/934/934 934/934/934 
f 934/934/934 935/935/935 934/934/934 
f 934/934/934 935/935/935 935/935/935 
f 935/935/935 936/936/936 935/935/935 
f 935/935/935 936/936/936 937/937/937 
f 936/936/936 938/938/938 937/937/937 
f 937/937/937 938/938/938 938/938/938 
f 938/938/938 936/936/936 938/938/938 
f 938/938/938 936/936/936 939/939/939 
f 936/936/936 940/940/940 939/939/939 
f 939/939/939 940/940/940 940/940/940 
f 940/940/940 941/941/941 940/940/940 
f 940/940/940 941/941/941 941/941/941 
f 941/941/941 942/942/942 941/941/941 
f 941/941/941 942/942/942 943/943/943 
f 942/942/942 944/944/944 943/943/943 
f 943/943/943 944/944/944 944/944/944 
f 944/944/944 945/945/945 944/944/944 
f 944/944/944 945/945/945 945/945/945 
f 945/945/945 946/946/946 945/945/945 
f 945/945/945 946/946/946 947/947/947 
f 946/946/946 948/948/948 947/947/947 
f 947/947/947 948/948/948 948/948/948 
f 948/948/948 949/949/949 948/948/948 
f 948/948/948 949/949/949 949/949/949 
f 949/949/949 950/950/950 949/949/949 
f 949/949/949 950/950/950 951/951/951 
f 950/950/950 952/952/952 951/951/951 
f 951/951/951 952/952/952 952/952/952 
f 952/952/952 953/953/953 952/952/952 
f 952/952/952 953/953/953 953/953/953 
f 953/953/953 954/954/954 953/953/953 
f 953/953/953 954/954/954 955/955/955 
f 954/954/954 956/956/956 955/955/955 
f 955/955/955 956/956/956 956/956/956 
f 956/956/956 957/957/957 956/956/956 
f 956/956/956 957/957/957 957/957/957 
f 957/957/957 958/958/958 957/957/957 
f 957/957/957 958/958/958 959/959/959 
f 958/958/958 960/960/960 959/959/959 
f 959/959/959 960/960/960 960/960/960 
f 960/960/960 961/961/961 960/960/960 
f 960/960/960 961/961/961 961/961/961 
f 961/961/961 962/962/962 961/961/961 
f 961/961/961 962/962/962 963/963/963 
f 962/962/962 964/964/964 963/963/963 
f 963/963/963 964/964/964 964/964/964 
f 964/964/964 965/965/965 964/964/964 
f 964/964/964 965/965/965 965/965/965 
f 965/965/965 966/966/966 965/965/965 
f 965/965/965 966/966/966 967/967/967 
f 966/966/966 968/968/968 967/967/967 
f 967/967/967 968/968/968 968/968/968 
f 968/968/968 969/969/969 968/968/968 
f 968/968/968 969/969/969 969/969/969 
f 969/969/969 970/970/970 969/969/969 
f 969/969/969 970/970/970 971/971/971 
f 970/970/970 972/972/972 971/971/971 
f 971/971/971 972/972/972 972/972/972 
f 972/972/972 970/970/970 972/972/972 
f 972/972/972 970/970/970 973/973/973 
f 970/970/970 974/974/974 973/973/973 
f 973/973/973 974/974/974 975/975/975 
f 974/974/974 975/975/975 975/975/975 
f 975/975/975 975/975/975 976/976/976 
f 975/975/975 976/976/976 976/976/976 
f 976/976/976 976/976/976 976/976/976 
f 976/976/976 977/977/977 976/976/976 
f 976/976/976 977/977/977 978/978/978 
f 977/977/977 979/979/979 978/978/978 
f 978/978/978 979/979/979 979/979/979 
f 979/979/979 980/980/980 979/979/979 
f 979/979/979 980/980/980 980/980/980 
f 980/980/980 981/981/981 980/980/980 
f 980/980/980 981/981/981 982/982/982 
f 981/981/981 983/983/983 982/982/982 
f 982/982/982 983/983/983 983/983/983 
f 983/983/983 984/984/984 983/983/983 
f 983/983/983 984/984/984 984/984/984 
f 984/984/984 985/985/985 984/984/984 
f 984/984/984 985/985/985 986/986/986 
f 985/985/985 987/987/987 986/986/986 
f 986/986/986 987/987/987 987/987/987 
f 987/987/987 988/988/988 987/987/987 
f 987/987/987 988/988/988 988/988/988 
f 988/988/988 989/989/989 988/988/988 
f 988/988/988 989/989/989 990/990/990 
f 989/989/989 991/991/991 990/990/990 
f 990/990/990 991/991/991 991/991/991 
f 991/991/991 992/992/992 991/991/991 
f 991/991/991 992/992/992 992/992/992 
f 992/992/992 993/993/993 992/992/992 
f 992/992/992 993/993/993 994/994/994 
f 993/993/993 995/995/995 994/994/994 
f 994/994/994 995/995/995 995/995/995 
f 995/995/995 996/996/996 995/995/995 
f 995/995/995 996/996/996 996/996/996 
f 996/996/996 997/997/997 996/996/996 
f 996/996/996 997/997/997 998/998/998 
f 997/997/997 999/999/999 998/998/998 
f 998/998/998 999/999/999 999/999/999 
f 999/999/999 1000/1000/1000 999/999/999 
f 999/999/999 1000/1000/1000 1000/1000/1000 
f 1000/1000/1000 1001/1001/1001 1000/1000/1000 
f 1000/1000/1000 1001/1001/1001 1002/1002/1002 
f 1001/1001/1001 1003/1003/1003 1002/1002/1002 
f 1002/1002/1002 1003/1003/1003 1004/1004/1004 
f 1003/1003/1003 1005/1005/1005 1004/1004/1004 
f 1004/1004/1004 1005/1005/1005 1006/1006/1006 
f 1005/1005/1005 1007/1007/1007 1006/1006/1006 
f 1006/1006/1006 1007/1007/1007 1008/1008/1008 
f 1007/1007/1007 1009/1009/1009 1008/1008/1008 
f 1008/1008/1008 1009/1009/1009 1009/1009/1009 
f 1009/1009/1009 1010/1010/1010 1009/1009/1009 
f 1009/1009/1009 1010/1010/1010 1010/1010/1010 
f 1010/1010/1010 1011/1011/1011 1010/1010/1010 
f 1010/1010/1010 1011/1011/1011 1012/1012/1012 
f 1011/1011/1011 1013/1013/1013 1012/1012/1012 
f 1012/1012/1012 1013/1013/1013 1013/1013/1013 
f 1013/1013/1013 1014/1014/1014 1013/1013/1013 
f 1013/1013/1013 1014/1014/1014 1014/1014/1014 
f 1014/1014/1014 1015/1015/1015 1014/1014/1014 
f 1014/1014/1014 1015/1015/1015 1016/1016/1016 
f 1015/1015/1015 1017/1017/1017 1016/1016/1016 
f 1016/1016/1016 1017/1017/1017 1017/1017/1017 
f 1017/1017/1017 1018/1018/1018 1017/1017/1017 
f 1017/1017/1017 1018/1018/1018 1018/1018/1018 
f 1018/1018/1018 1019/1019/1019 1018/1018/1018 
f 1018/1018/1018 1019/1019/1019 1020/1020/1020 
f 1019/1019/1019 1021/1021/1021 1020/1020/1020 
f 1020/1020/1020 1021/1021/1021 1021/1021/1021 
f 1021/1021/1021 1019/1019/1019 1021/1021/1021 
f 1021/1021/1021 1019/1019/1019 1019/1019/1019 
f 1019/1019/1019 1022/1022/1022 1019/1019/1019 
f 1019/1019/1019 1022/1022/1022 1021/1021/1021 
f 1022/1022/1022 1023/1023/1023 1021/1021/1021 
f 1021/1021/1021 1023/1023/1023 1023/1023/1023 
f 1023/1023/1023 1022/1022/1022 1023/1023/1023 
f 1023/1023/1023 1022/1022/1022 1022/1022/1022 
f 1022/1022/1022 1024/1024/1024 1022/1022/1022 
f 1022/1022/1022 1024/1024/1024 1023/1023/1023 
f 1024/1024/1024 1025/1025/1025 1023/1023/1023 
f 1023/1023/1023 1025/1025/1025 1025/1025/1025 
f 1025/1025/1025 1026/1026/1026 1025/1025/1025 
f 1025/1025/1025 1026/1026/1026 1026/1026/1026 
f 1026/1026/1026 1027/1027/1027 1026/1026/1026 
f 1026/1026/1026 1027/1027/1027 1028/1028/1028 
f 1027/1027/1027 1029/1029/1029 1028/1028/1028 
f 1028/1028/1028 1029/1029/1029 1029/1029/1029 
f 1029/1029/1029 1030/1030/1030 1029/1029/1029 
f 1029/1029/1029 1030/1030/1030 1030/1030/1030 
f 1030/1030/1030 1031/1031/1031 1030/1030/1030 
f 1030/1030/1030 1031/1031/1031 1032/1032/1032 
f 1031/1031/1031 1033/1033/1033 1032/1032/1032 
f 1032/1032/1032 1033/1033/1033 1033/1033/1033 
f 1033/1033/1033 1034/1034/1034 1033/1033/1033 
f 1033/1033/1033 1034/1034/1034 1034/1034/1034 
f 1034/1034/1034 1035/1035/1035 1034/1034/1034 
f 1034/1034/1034 1035/1035/1035 1036/1036/1036 
f 1035/1035/1035 1037/1037/1037 1036/1036/1036 
f 1036/1036/1036 1037/1037/1037 1037/1037/1037 
f 1037/1037/1037 1038/1038/1038 1037/1037/1037 
f 1037/1037/1037 1038/1038/1038 1038/1038/1038 
f 1038/1038/1038 1039/1039/1039 1038/1038/1038 
f 1038/1038/1038 1039/1039/1039 1040/1040/1040 
f 1039/1039/1039 1041/1041/1041 1040/1040/1040 
f 1040/1040/1040 1041/1041/1041 1042/1042/1042 
f 1041/1041/1041 1042/1042/1042 1042/1042/1042 
f 1042/1042/1042 1042/1042/1042 1043/1043/1043 
f 1042/1042/1042 1043/1043/1043 1043/1043/1043 
f 1043/1043/1043 1043/1043/1043 1043/1043/1043 
f 1043/1043/1043 1044/1044/1044 1043/1043/1043 
f 1043/1043/1043 1044/1044/1044 1045/1045/1045 
f 1044/1044/1044 1046/1046/1046 1045/1045/1045 
f 1045/1045/1045 1046/1046/1046 1047/1047/1047 
f 1046/1046/1046 1047/1047/1047 1047/1047/1047 
f 1047/1047/1047 1047/1047/1047 1048/1048/1048 
f 1047/1047/1047 1048/1048/1048 1048/1048/1048 
f 1048/1048/1048 1048/1048/1048 1048/1048/1048 
f 1048/1048/1048 1049/1049/1049 1048/1048/1048 
f 1048/1048/1048 1049/1049/1049 1050/1050/1050 
f 1049/1049/1049 1051/1051/1051 1050/1050/1050 
f 1050/1050/1050 1051/1051/1051 1051/1051/1051 
f 1051/1051/1051 1049/1049/1049 1051/1051/1051 
f 1051/1051/1051 1049/1049/1049 1049/1049/1049 
f 1049/1049/1049 1052/1052/1052 1049/1049/1049 
f 1049/1049/1049 1052/1052/1052 1051/1051/1051 
f 1052/1052/1052 1053/1053/1053 1051/1051/1051 
f 1051/1051/1051 1053/1053/1053 1053/1053/1053 
f 1053/1053/1053 1054/1054/1054 1053/1053/1053 
f 1053/1053/1053 1054/1054/1054 1054/1054/1054 
f 1054/1054/1054 1055/1055/1055 1054/1054/1054 
f 1054/1054/1054 1055/1055/1055 1056/1056/1056 
f 1055/1055/1055 1057/1057/1057 1056/1056/1056 
f 1056/1056/1056 1057/1057/1057 1057/1057/1057 
f 1057/1057/1057 1055/1055/1055 1057/1057/1057 
f 1057/1057/1057 1055/1055/1055 1055/1055/1055 
f 1055/1055/1055 1058/1058/1058 1055/1055/1055 
f 1055/1055/1055 1058/1058/1058 1057/1057/1057 
f 1058/1058/1058 1059/1059/1059 1057/1057/1057 
f 1057/1057/1057 1059/1059/1059 1059/1059/1059 
f 1059/1059/1059 1060/1060/1060 1059/1059/1059 
f 1059/1059/1059 1060/1060/1060 1060/1060/1060 
f 1060/1060/1060 1061/1061/1061 1060/1060/1060 
f 1060/1060/1060 1061/1061/1061 1062/1062/1062 
f 1061/1061/1061 1063/1063/1063 1062/1062/1062 
f 1062/1062/1062 1063/1063/1063 1063/1063/1063 
f 1063/1063/1063 1064/1064/1064 1063/1063/1063 
f 1063/1063/1063 1064/1064/1064 1064/1064/1064 
f 1064/1064/1064 1065/1065/1065 1064/1064/1064 
f 1064/1064/1064 1065/1065/1065 1066/1066/1066 
f 1065/1065/1065 1067/1067/1067 1066/1066/1066 
f 1066/1066/1066 1067/1067/1067 1067/1067/1067 
f 1067/1067/1067 1068/1068/1068 1067/1067/1067 
f 1067/1067/1067 1068/1068/1068 1068/1068/1068 
f 1068/1068/1068 1069/1069/1069 1068/1068/1068 
f 1068/1068/1068 1069/1069/1069 1070/1070/1070 
f 1069/1069/1069 1071/1071/1071 1070/1070/1070 
f 1070/1070/1070 1071/1071/1071 1072/1072/1072 
f 1071/1071/1071 1072/1072/1072 1072/1072/1072 
f 1072/1072/1072 1072/1072/1072 1073/1073/1073 
f 1072/1072/1072 1073/1073/1073 1073/1073/1073 
f 1073/1073/1073 1073/1073/1073 1073/1073/1073 
f 1073/1073/1073 1074/1074/1074 1073/1073/1073 
f 1073/1073/1073 1074/1074/1074 1075/1075/1075 
f 1074/1074/1074 1076/1076/1076 1075/1075/1075 
f 1075/1075/1075 1076/1076/1076 1076/1076/1076 
f 1076/1076/1076 1077/1077/1077 1076/1076/1076 
f 1076/1076/1076 1077/1077/1077 1077/1077/1077 
f 1077/1077/1077 1078/1078/1078 1077/1077/1077 
f 1077/1077/1077 1078/1078/1078 1079/1079/1079 
f 1078/1078/1078 1080/1080/1080 1079/1079/1079 
f 1079/1079/1079 1080/1080/1080 1080/1080/1080 
f 1080/1080/1080 1081/1081/1081 1080/1080/1080 
f 1080/1080/1080 1081/1081/1081 1081/1081/1081 
f 1081/1081/1081 1082/1082/1082 1081/1081/1081 
f 1081/1081/1081 1082/1082/1082 1083/1083/1083 
f 1082/1082/1082 1084/1084/1084 1083/1083/1083 
f 1083/1083/1083 1084/1084/1084 1084/1084/1084 
f 1084/1084/1084 1085/1085/1085 1084/1084/1084 
f 1084/1084/1084 1085/1085/1085 1085/1085/1085 
f 1085/1085/1085 1086/1086/1086 1085/1085/1085 
f 1085/1085/1085 1086/1086/1086 1087/1087/1087 
f 1086/1086/1086 1088/1088/1088 1087/1087/1087 
f 1087/1087/1087 1088/1088/1088 1088/1088/1088 
f 1088/1088/1088 1089/1089/1089 1088/1088/1088 
f 1088/1088/1088 1089/1089/1089 1089/1089/1089 
f 1089/1089/1089 1090/1090/1090 1089/1089/1089 
f 1089/1089/1089 1090/1090/1090 1091/1091/1091 
f 1090/1090/1090 1092/1092/1092 1091/1091/1091 
f 1091/1091/1091 1092/1092/1092 1092/1092/1092 
f 1092/1092/1092 1090/1090/1090 1092/1092/1092 
f 1092/1092/1092 1090/1090/1090 1090/1090/1090 
f 1090/1090/1090 1093/1093/1093 1090/1090/1090 
f 1090/1090/1090 1093/1093/1093 1092/1092/1092 
f 1093/1093/1093 1094/1094/1094 1092/1092/1092 
f 1092/1092/1092 1094/1094/1094 1094/1094/1094 
f 1094/1094/1094 1093/1093/1093 1094/1094/1094 
f 1094/1094/1094 1093/1093/1093 1093/1093/1093 
f 1093/1093/1093 1095/1095/1095 1093/1093/1093 
f 1093/1093/1093 1095/1095/1095 1094/1094/1094 
f 1095/1095/1095 1096/1096/1096 1094/1094/1094 
f 1094/1094/1094 1096/1096/1096 1096/1096/1096 
f 1096/1096/1096 1095/1095/1095 1096/1096/1096 
f 1096/1096/1096 1095/1095/1095 1095/1095/1095 
f 1095/1095/1095 1097/1097/1097 1095/1095/1095 
f 1095/1095/1095 1097/1097/1097 1096/1096/1096 
f 1097/1097/1097 1098/1098/1098 1096/1096/1096 
f 1096/1096/1096 1098/1098/1098 1098/1098/1098 
f 1098/1098/1098 1099/1099/1099 1098/1098/1098 
f 1098/1098/1098 1099/1099/1099 1099/1099/1099 
f 1099/1099/1099 1100/1100/1100 1099/1099/1099 
f 1099/1099/1099 1100/1100/1100 1101/1101/1101 
f 1100/1100/1100 1102/1102/1102 1101/1101/1101 
f 1101/1101/1101 1102/1102/1102 1102/1102/1102 
f 1102/1102/1102 1103/1103/1103 1102/1102/1102 
f 1102/1102/1102 1103/1103/1103 1103/1103/1103 
f 1103/1103/1103 1104/1104/1104 1103/1103/1103 
f 1103/1103/1103 1104/1104/1104 1105/1105/1105 
f 1104/1104/1104 1106/1106/1106 1105/1105/1105 
f 1105/1105/1105 1106/1106/1106 1106/1106/1106 
f 1106/1106/1106 1107/1107/1107 1106/1106/1106 
f 1106/1106/1106 1107/1107/1107 1107/1107/1107 
f 1107/1107/1107 1108/1108/1108 1107/1107/1107 
f 1107/1107/1107 1108/1108/1108 1109/1109/1109 
f 1108/1108/1108 1110/1110/1110 1109/1109/1109 
f 1109/1109/1109 1110/1110/1110 1111/1111/1111 
f 1110/1110/1110 1111/1111/1111 1111/1111/1111 
f 1111/1111/1111 1111/1111/1111 1112/1112/1112 
f 1111/1111/1111 1112/1112/1112 1112/1112/1112 
f 1112/1112/1112 1112/1112/1112 1112/1112/1112 
f 1112/1112/1112 1113/1113/1113 1112/1112/1112 
f 1112/1112/1112 1113/1113/1113 1114/1114/1114 
f 1113/1113/1113 1115/1115/1115 1114/1114/1114 
f 1114/1114/1114 1115/1115/1115 1115/1115/1115 
f 1115/1115/1115 1116/1116/1116 1115/1115/1115 
f 1115/1115/1115 1116/1116/1116 1116/1116/1116 
f 1116/1116/1116 1117/1117/1117 1116/1116/1116 
f 1116/1116/1116 1117/1117/1117 1118/1118/1118 
f 1117/1117/1117 1119/1119/1119 1118/1118/1118 
f 1118/1118/1118 1119/1119/1119 1119/1119/1119 
f 1119/1119/1119 1120/1120/1120 1119/1119/1119 
f 1119/1119/1119 1120/1120/1120 1120/1120/1120 
f 1120/1120/1120 1121/1121/1121 1120/1120/1120 
f 1120/1120/1120 1121/1121/1121 1122/1122/1122 
f 1121/1121/1121 1123/1123/1123 1122/1122/1122 
f 1122/1122/1122 1123/1123/1123 1124/1124/1124 
f 1123/1123/1123 1124/1124/1124 1124/1124/1124 
f 1124/1124/1124 1124/1124/1124 1125/1125/1125 
f 1124/1124/1124 1125/1125/1125 1125/1125/1125 
f 1125/1125/1125 1125/1125/1125 1125/1125/1125 
f 1125/1125/1125 1126/1126/1126 1125/1125/1125 
f 1125/1125/1125 1126/1126/1126 1127/1127/1127 
f 1126/1126/1126 1128/1128/1128 1127/1127/1127 
f 1127/1127/1127 1128/1128/1128 1128/1128/1128 
f 1128/1128/1128 1129/1129/1129 1128/1128/1128 
f 1128/1128/1128 1129/1129/1129 1129/1129/1129 
f 1129/1129/1129 1130/1130/1130 1129/1129/1129 
f 1129/1129/1129 1130/1130/1130 1131/1131/1131 
f 1130/1130/1130 1132/1132/1132 1131/1131/1131 
f 1131/1131/1131 1132/1132/1132 1132/1132/1132 
f 1132/1132/1132 1130/1130/1130 1132/1132/1132 
f 1132/1132/1132 1130/1130/1130 1133/1133/1133 
f 1130/1130/1130 1134/1134/1134 1133/1133/1133 
f 1133/1133/1133 1134/1134/1134 1134/1134/1134 
f 1134/1134/1134 1135/1135/1135 1134/1134/1134 
f 1134/1134/1134 1135/1135/1135 1135/1135/1135 
f 1135/1135/1135 1136/1136/1136 1135/1135/1135 
f 1135/1135/1135 1136/1136/1136 1137/1137/1137 
f 1136/1136/1136 1138/1138/1138 1137/1137/1137 
f 1137/1137/1137 1138/1138/1138 1138/1138/1138 
f 1138/1138/1138 1139/1139/1139 1138/1138/1138 
f 1138/1138/1138 1139/1139/1139 1139/1139/1139 
f 1139/1139/1139 1140/1140/1140 1139/1139/1139 
f 1139/1139/1139 1140/1140/1140 1141/1141/1141 
f 1140/1140/1140 1142/1142/1142 1141/1141/1141 
f 1141/1141/1141 1142/1142/1142 1142/1142/1142 
f 1142/1142/1142 1143/1143/1143 1142/1142/1142 
f 1142/1142/1142 1143/1143/1143 1143/1143/1143 
f 1143/1143/1143 1144/1144/1144 1143/1143/1143 
f 1143/1143/1143 1144/1144/1144 1145/1145/1145 
f 1144/1144/1144 1146/1146/1146 1145/1145/1145 
f 1145/1145/1145 1146/1146/1146 1146/1146/1146 
f 1146/1146/1146 1144/1144/1144 1146/1146/1146 
f 1146/1146/1146 1144/1144/1144 1147/1147/1147 
f 1144/1144/1144 1148/1148/1148 1147/1147/1147 
f 1147/1147/1147 1148/1148/1148 1148/1148/1148 
f 1148/1148/1148 1149/1149/1149 1148/1148/1148 
f 1148/1148/1148 1149/1149/1149 1149/1149/1149 
f 1149/1149/1149 1150/1150/1150 1149/1149/1149 
f 1149/1149/1149 1150/1150/1150 1151/1151/1151 
f 1150/1150/1150 1152/1152/1152 1151/1151/1151 
f 1151/1151/1151 1152/1152/1152 1152/1152/1152 
f 1152/1152/1152 1150/1150/1150 1152/1152/1152 
f 1152/1152/1152 1150/1150/1150 1150/1150/1150 
f 1150/1150/1150 1153/1153/1153 1150/1150/1150 
f 1150/1150/1150 1153/1153/1153 1152/1152/1152 
f 1153/1153/1153 1154/1154/1154 1152/1152/1152 
f 1152/1152/1152 1154/1154/1154 1154/1154/1154 
f 1154/1154/1154 1153/1153/1153 1154/1154/1154 
f 1154/1154/1154 1153/1153/1153 1153/1153/1153 
f 1153/1153/1153 1155/1155/1155 1153/1153/1153 
f 1153/1153/1153 1155/1155/1155 1154/1154/1154 
f 1155/1155/1155 1156/1156/1156 1154/1154/1154 
f 1154/1154/1154 1156/1156/1156 1156/1156/1156 
f 1156/1156/1156 1157/1157/1157 1156/1156/1156 
f 1156/1156/1156 1157/1157/1157 1157/1157/1157 
f 1157/1157/1157 1158/1158/1158 1157/1157/1157 
f 1157/1157/1157 1158/1158/1158 1159/1159/1159 
f 1158/1158/1158 1160/1160/1160 1159/1159/1159 
f 1159/1159/1159 1160/1160/1160 1160/1160/1160 
f 1160/1160/1160 1161/1161/1161 1160/1160/1160 
f 1160/1160/1160 1161/1161/1161 1161/1161/1161 
f 1161/1161/1161 1162/1162/1162 1161/1161/1161 
f 1161/1161/1161 1162/1162/1162 1163/1163/1163 
f 1162/1162/1162 1164/1164/1164 1163/1163/1163 
f 1163/1163/1163 1164/1164/1164 1164/1164/1164 
f 1164/1164/1164 1165/1165/1165 1164/1164/1164 
f 1164/1164/1164 1165/1165/1165 1165/1165/1165 
f 1165/1165/1165 1166/1166/1166 1165/1165/1165 
f 1165/1165/1165 1166/1166/1166 1167/1167/1167 
f 1166/1166/1166 1168/1168/1168 1167/1167/1167 
f 1167/1167/1167 1168/1168/1168 1168/1168/1168 
f 1168/1168/1168 1169/1169/1169 1168/1168/1168 
f 1168/1168/1168 1169/1169/1169 1169/1169/1169 
f 1169/1169/1169 1170/1170/1170 1169/1169/1169 
f 1169/1169/1169 1170/1170/1170 1171/1171/1171 
f 1170/1170/1170 1172/1172/1172 1171/1171/1171 
f 1171/1171/1171 1172/1172/1172 1172/1172/1172 
f 1172/1172/1172 1173/1173/1173 1172/1172/1172 
f 1172/1172/1172 1173/1173/1173 1173/1173/1173 
f 1173/1173/1173 1174/1174/1174 1173/1173/1173 
f 1173/1173/1173 1174/1174/1174 1175/1175/1175 
f 1174/1174/1174 1176/1176/1176 1175/1175/1175 
f 1175/1175/1175 1176/1176/1176 1176/1176/1176 
f 1176/1176/1176 1177/1177/1177 1176/1176/1176 
f 1176/1176/1176 1177/1177/1177 1177/1177/1177 
f 1177/1177/1177 1178/1178/1178 1177/1177/1177 
f 1177/1177/1177 1178/1178/1178 1179/1179/1179 
f 1178/1178/1178 1180/1180/1180 1179/1179/1179 
f 1179/1179/1179 1180/1180/1180 1181/1181/1181 
f 1180/1180/1180 1182/1182/1182 1181/1181/1181 
f 1181/1181/1181 1182/1182/1182 1183/1183/1183 
f 1182/1182/1182 1184/1184/1184 1183/1183/1183 
f 1183/1183/1183 1184/1184/1184 1184/1184/1184 
f 1184/1184/1184 1185/1185/1185 1184/1184/1184 
f 1184/1184/1184 1185/1185/1185 1185/1185/1185 
f 1185/1185/1185 1186/1186/1186 1185/1185/1185 
f 1185/1185/1185 1186/1186/1186 1187/1187/1187 
f 1186/1186/1186 1188/1188/1188 1187/1187/1187 
f 1187/1187/1187 1188/1188/1188 1188/1188/1188 
f 1188/1188/1188 1189/1189/1189 1188/1188/1188 
f 1188/1188/1188 1189/1189/1189 1189/1189/1189 
f 1189/1189/1189 1190/1190/1190 1189/1189/1189 
f 1189/1189/1189 1190/1190/1190 1191/1191/1191 
f 1190/1190/1190 1192/1192/1192 1191/1191/1191 
f 1191/1191/1191 1192/1192/1192 1192/1192/1192 
f 1192/1192/1192 1193/1193/1193 1192/1192/1192 
f 1192/1192/1192 1193/1193/1193 1193/1193/1193 
f 1193/1193/1193 1194/1194/1194 1193/1193/1193 
f 1193/1193/1193 1194/1194/1194 1195/1195/1195 
f 1194/1194/1194 1196/1196/1196 1195/1195/1195 
f 1195/1195/1195 1196/1196/1196 1196/1196/1196 
f 1196/1196/1196 1197/1197/1197 1196/1196/1196 
f 1196/1196/1196 1197/1197/1197 1197/1197/1197 
f 1197/1197/1197 1198/1198/1198 1197/1197/1197 
f 1197/1197/1197 1198/1198/1198 1199/1199/1199 
f 1198/1198/1198 1200/1200/1200 1199/1199/1199 
f 1199/1199/1199 1200/1200/1200 1200/1200/1200 
f 1200/1200/1200 1201/1201/1201 1200/1200/1200 
f 1200/1200/1200 1201/1201/1201 1201/1201/1201 
f 1201/1201/1201 1202/1202/1202 1201/1201/1201 
f 1201/1201/1201 1202/1202/1202 1203/1203/1203 
f 1202/1202/1202 1204/1204/1204 1203/1203/1203 
f 1203/1203/1203 1204/1204/1204 1204/1204/1204 
f 1204/1204/1204 1205/1205/1205 1204/1204/1204 
f 1204/1204/1204 1205/1205/1205 1205/1205/1205 
f 1205/1205/1205 1206/1206/1206 1205/1205/1205 
f 1205/1205/1205 1206/1206/1206 1207/1207/1207 
f 1206/1206/1206 1208/1208/1208 1207/1207/1207 
f 1207/1207/1207 1208/1208/1208 1208/1208/1208 
f 1208/1208/1208 1209/1209/1209 1208/1208/1208 
f 1208/1208/1208 1209/1209/1209 1209/1209/1209 
f 1209/1209/1209 1210/1210/1210 1209/1209/1209 
f 1209/1209/1209 1210/1210/1210 1211/1211/1211 
f 1210/1210/1210 1212/1212/1212 1211/1211/1211 
f 1211/1211/1211 1212/1212/1212 1212/1212/1212 
f 1212/1212/1212 1213/1213/1213 1212/1212/1212 
f 1212/1212/1212 1213/1213/1213 1213/1213/1213 
f 1213/1213/1213 1214/1214/1214 1213/1213/1213 
f 1213/1213/1213 1214/1214/1214 1215/1215/1215 
f 1214/1214/1214 1216/1216/1216 1215/1215/1215 
f 1215/1215/1215 1216/1216/1216 1216/1216/1216 
f 1216/1216/1216 1217/1217/1217 1216/1216/1216 
f 1216/1216/1216 1217/1217/1217 1217/1217/1217 
f 1217/1217/1217 1218/1218/1218 1217/1217/1217 
f 1217/1217/1217 1218/1218/1218 1219/1219/1219 
f 1218/1218/1218 1220/1220/1220 1219/1219/1219 
f 1219/1219/1219 1220/1220/1220 1220/1220/1220 
f 1220/1220/1220 1221/1221/1221 1220/1220/1220 
f 1220/1220/1220 1221/1221/1221 1221/1221/1221 
f 1221/1221/1221 1222/1222/1222 1221/1221/1221 
f 1221/1221/1221 1222/1222/1222 1223/1223/1223 
f 1222/1222/1222 1224/1224/1224 1223/1223/1223 
f 1223/1223/1223 1224/1224/1224 1224/1224/1224 
f 1224/1224/1224 1225/1225/1225 1224/1224/1224 
f 1224/1224/1224 1225/1225/1225 1225/1225/1225 
f 1225/1225/1225 1226/1226/1226 1225/1225/1225 
f 1225/1225/1225 1226/1226/1226 1227/1227/1227 
f 1226/1226/1226 1228/1228/1228 1227/1227/1227 
f 1227/1227/1227 1228/1228/1228 1228/1228/1228 
f 1228/1228/1228 1229/1229/1229 1228/1228/1228 
f 1228/1228/1228 1229/1229/1229 1229/1229/1229 
f 1229/1229/1229 1230/1230/1230 1229/1229/1229 
f 1229/1229/1229 1230/1230/1230 1231/1231/1231 
f 1230/1230/1230 1232/1232/1232 1231/1231/1231 
f 1231/1231/1231 1232/1232/1232 1232/1232/1232 
f 1232/1232/1232 1233/1233/1233 1232/1232/1232 
f 1232/1232/1232 1233/1233/1233 1233/1233/1233 
f 1233/1233/1233 1234/1234/1234 1233/1233/1233 
f 1233/1233/1233 1234/1234/1234 1235/1235/1235 
f 1234/1234/1234 1236/1236/1236 1235/1235/1235 
f 1235/1235/1235 1236/1236/1236 1236/1236/1236 
f 1236/1236/1236 1237/1237/1237 1236/1236/1236 
f 1236/1236/1236 1237/1237/1237 1237/1237/1237 
f 1237/1237/1237 1238/1238/1238 1237/1237/1237 
f 1237/1237/1237 1238/1238/1238 1239/1239/1239 
f 1238/1238/1238 1240/1240/1240 1239/1239/1239 
f 1239/1239/1239 1240/1240/1240 1240/1240/1240 
f 1240/1240/1240 1241/1241/1241 1240/1240/1240 
f 1240/1240/1240 1241/1241/1241 1241/1241/1241 
f 1241/1241/1241 1242/1242/1242 1241/1241/1241 
f 1241/1241/1241 1242/1242/1242 1243/1243/1243 
f 1242/1242/1242 1244/1244/1244 1243/1243/1243 
f 1243/1243/1243 1244/1244/1244 1244/1244/1244 
f 1244/1244/1244 1245/1245/1245 1244/1244/1244 
f 1244/1244/1244 1245/1245/1245 1245/1245/1245 
f 1245/1245/1245 1246/1246/1246 1245/1245/1245 
f 1245/1245/1245 1246/1246/1246 1247/1247/1247 
f 1246/1246/1246 1248/1248/1248 1247/1247/1247 
f 1247/1247/1247 1248/1248/1248 1248/1248/1248 
f 1248/1248/1248 1249/1249/1249 1248/1248/1248 
f 1248/1248/1248 1249/1249/1249 1249/1249/1249 
f 1249/1249/1249 1250/1250/1250 1249/1249/1249 
f 1249/1249/1249 1250/1250/1250 1251/1251/1251 
f 1250/1250/1250 1252/1252/1252 1251/1251/1251 
f 1251/1251/1251 1252/1252/1252 1253/1253/1253 
f 1252/1252/1252 1253/1253/1253 1253/1253/1253 
f 1253/1253/1253 1253/1253/1253 1254/1254/1254 
f 1253/1253/1253 1254/1254/1254 1254/1254/1254 
f 1254/1254/1254 1254/1254/1254 1254/1254/1254 
f 1254/1254/1254 1255/1255/1255 1254/1254/1254 
f 1254/1254/1254 1255/1255/1255 1256/1256/1256 
f 1255/1255/1255 1257/1257/1257 1256/1256/1256 
f 1256/1256/1256 1257/1257/1257 1257/1257/1257 
f 1257/1257/1257 1258/1258/1258 1257/1257/1257 
f 1257/1257/1257 1258/1258/1258 1258/1258/1258 
f 1258/1258/1258 1259/1259/1259 1258/1258/1258 
f 1258/1258/1258 1259/1259/1259 1260/1260/1260 
f 1259/1259/1259 1261/1261/1261 1260/1260/1260 
f 1260/1260/1260 1261/1261/1261 1262/1262/1262 
f 1261/1261/1261 1262/1262/1262 1262/1262/1262 
f 1262/1262/1262 1262/1262/1262 1263/1263/1263 
f 1262/1262/1262 1263/1263/1263 1263/1263/1263 
f 1263/1263/1263 1263/1263/1263 1263/1263/1263 
f 1263/1263/1263 1264/1264/1264 1263/1263/1263 
f 1263/1263/1263 1264/1264/1264 1265/1265/1265 
f 1264/1264/1264 1266/1266/1266 1265/1265/1265 
f 1265/1265/1265 1266/1266/1266 1266/1266/1266 
f 1266/1266/1266 1267/1267/1267 1266/1266/1266 
f 1266/1266/1266 1267/1267/1267 1267/1267/1267 
f 1267/1267/1267 1268/1268/1268 1267/1267/1267 
f 1267/1267/1267 1268/1268/1268 1269/1269/1269 
f 1268/1268/1268 1270/1270/1270 1269/1269/1269 
f 1269/1269/1269 1270/1270/1270 1270/1270/1270 
f 1270/1270/1270 1271/1271/1271 1270/1270/1270 
f 1270/1270/1270 1271/1271/1271 1271/1271/1271 
f 1271/1271/1271 1272/1272/1272 1271/1271/1271 
f 1271/1271/1271 1272/1272/1272 1273/1273/1273 
f 1272/1272/1272 1274/1274/1274 1273/1273/1273 
f 1273/1273/1273 1274/1274/1274 1274/1274/1274 
f 1274/1274/1274 1275/1275/1275 1274/1274/1274 
f 1274/1274/1274 1275/1275/1275 1275/1275/1275 
f 1275/1275/1275 1276/1276/1276 1275/1275/1275 
f 1275/1275/1275 1276/1276/1276 1277/1277/1277 
f 1276/1276/1276 1278/1278/1278 1277/1277/1277 
f 1277/1277/1277 1278/1278/1278 1278/1278/1278 
f 1278/1278/1278 1279/1279/1279 1278/1278/1278 
f 1278/1278/1278 1279/1279/1279 1279/1279/1279 
f 1279/1279/1279 1280/1280/1280 1279/1279/1279 
f 1279/1279/1279 1280/1280/1280 1281/1281/1281 
f 1280/1280/1280 1282/1282/1282 1281/1281/1281 
f 1281/1281/1281 1282/1282/1282 1282/1282/1282 
f 1282/1282/1282 1283/1283/1283 1282/1282/1282 
f 1282/1282/1282 1283/1283/1283 1283/1283/1283 
f 1283/1283/1283 1284/1284/1284 1283/1283/1283 
f 1283/1283/1283 1284/1284/1284 1285/1285/1285 
f 1284/1284/1284 1286/1286/1286 1285/1285/1285 
f 1285/1285/1285 1286/1286/1286 1287/1287/1287 
f 1286/1286/1286 1287/1287/1287 1287/1287/1287 
f 1287/1287/1287 1287/1287/1287 1288/1288/1288 
f 1287/1287/1287 1288/1288/1288 1288/1288/1288 
f 1288/1288/1288 1288/1288/1288 1288/1288/1288 
f 1288/1288/1288 1289/1289/1289 1288/1288/1288 
f 1288/1288/1288 1289/1289/1289 1290/1290/1290 
f 1289/1289/1289 1291/1291/1291 1290/1290/1290 
f 1290/1290/1290 1291/1291/1291 1291/1291/1291 
f 1291/1291/1291 1292/1292/1292 1291/1291/1291 
f 1291/1291/1291 1292/1292/1292 1292/1292/1292 
f 1292/1292/1292 1293/1293/1293 1292/1292/1292 
f 1292/1292/1292 1293/1293/1293 1294/1294/1294 
f 1293/1293/1293 1295/1295/1295 1294/1294/1294 
f 1294/1294/1294 1295/1295/1295 1295/1295/1295 
f 1295/1295/1295 1293/1293/1293 1295/1295/1295 
f 1295/1295/1295 1293/1293/1293 1296/1296/1296 
f 1293/1293/1293 1297/1297/1297 1296/1296/1296 
f 1296/1296/1296 1297/1297/1297 1297/1297/1297 
f 1297/1297/1297 1298/1298/1298 1297/1297/1297 
f 1297/1297/1297 1298/1298/1298 1298/1298/1298 
f 1298/1298/1298 1299/1299/1299 1298/1298/1298 
f 1298/1298/1298 1299/1299/1299 1300/1300/1300 
f 1299/1299/1299 1301/1301/1301 1300/1300/1300 
f 1300/1300/1300 1301/1301/1301 1302/1302/1302 
f 1301/1301/1301 1302/1302/1302 1302/1302/1302 
f 1302/1302/1302 1302/1302/1302 1303/1303/1303 
f 1302/1302/1302 1303/1303/1303 1303/1303/1303 
f 1303/1303/1303 1303/1303/1303 1303/1303/1303 
f 1303/1303/1303 1304/1304/1304 1303/1303/1303 
f 1303/1303/1303 1304/1304/1304 1305/1305/1305 
f 1304/1304/1304 1306/1306/1306 1305/1305/1305 
f 1305/1305/1305 1306/1306/1306 1306/1306/1306 
f 1306/1306/1306 1307/1307/1307 1306/1306/1306 
f 1306/1306/1306 1307/1307/1307 1307/1307/1307 
f 1307/1307/1307 1308/1308/1308 1307/1307/1307 
f 1307/1307/1307 1308/1308/1308 1309/1309/1309 
f 1308/1308/1308 1310/1310/1310 1309/1309/1309 
f 1309/1309/1309 1310/1310/1310 1310/1310/1310 
f 1310/1310/1310 1308/1308/1308 1310/1310/1310 
f 1310/1310/1310 1308/1308/1308 1311/1311/1311 
f 1308/1308/1308 1312/1312/1312 1311/1311/1311 
f 1311/1311/1311 1312/1312/1312 1313/1313/1313 
f 1312/1312/1312 1313/1313/1313 1313/1313/1313 
f 1313/1313/1313 1313/1313/1313 1314/1314/1314 
f 1313/1313/1313 1314/1314/1314 1314/1314/1314 
f 1314/1314/1314 1314/1314/1314 1314/1314/1314 
f 1314/1314/1314 1315/1315/1315 1314/1314/1314 
f 1314/1314/1314 1315/1315/1315 1316/1316/1316 
f 1315/1315/1315 1317/1317/1317 1316/1316/1316 
f 1316/1316/1316 1317/1317/1317 1318/1318/1318 
f 1317/1317/1317 1318/1318/1318 1318/1318/1318 
f 1318/1318/1318 1318/1318/1318 1319/1319/1319 
f 1318/1318/1318 1319/1319/1319 1319/1319/1319 
f 1319/1319/1319 1319/1319/1319 1319/1319/1319 
f 1319/1319/1319 1320/1320/1320 1319/1319/1319 
f 1319/1319/1319 1320/1320/1320 1321/1321/1321 
f 1320/1320/1320 1322/1322/1322 1321/1321/1321 
f 1321/1321/1321 1322/1322/1322 1322/1322/1322 
f 1322/1322/1322 1323/1323/1323 1322/1322/1322 
f 1322/1322/1322 1323/1323/1323 1323/1323/1323 
f 1323/1323/1323 1324/1324/1324 1323/1323/1323 
f 1323/1323/1323 1324/1324/1324 1325/1325/1325 
f 1324/1324/1324 1326/1326/1326 1325/1325/1325 
f 1325/1325/1325 1326/1326/1326 1327/1327/1327 
f 1326/1326/1326 1327/1327/1327 1327/1327/1327 
f 1327/1327/1327 1327/1327/1327 1328/1328/1328 
f 1327/1327/1327 1328/1328/1328 1328/1328/1328 
f 1328/1328/1328 1328/1328/1328 1328/1328/1328 
f 1328/1328/1328 1329/1329/1329 1328/1328/1328 
f 1328/1328/1328 1329/1329/1329 1330/1330/1330 
f 1329/1329/1329 1331/1331/1331 1330/1330/1330 
f 1330/1330/1330 1331/1331/1331 1332/1332/1332 
f 1331/1331/1331 1333/1333/1333 1332/1332/1332 
f 1332/1332/1332 1333/1333/1333 1333/1333/1333 
f 1333/1333/1333 1334/1334/1334 1333/1333/1333 
f 1333/1333/1333 1334/1334/1334 1334/1334/1334 
f 1334/1334/1334 1335/1335/1335 1334/1334/1334 
f 1334/1334/1334 1335/1335/1335 1336/1336/1336 
f 1335/1335/1335 1337/1337/1337 1336/1336/1336 
f 1336/1336/1336 1337/1337/1337 1337/1337/1337 
f 1337/1337/1337 1335/1335/1335 1337/1337/1337 
f 1337/1337/1337 1335/1335/1335 1335/1335/1335 
f 1335/1335/1335 1338/1338/1338 1335/1335/1335 
f 1335/1335/1335 1338/1338/1338 1337/1337/1337 
f 1338/1338/1338 1339/1339/1339 1337/1337/1337 
f 1337/1337/1337 1339/1339/1339 1339/1339/1339 
f 1339/1339/1339 1340/1340/1340 1339/1339/1339 
f 1339/1339/1339 1340/1340/1340 1340/1340/1340 
f 1340/1340/1340 1341/1341/1341 1340/1340/1340 
f 1340/1340/1340 1341/1341/1341 1342/1342/1342 
f 1341/1341/1341 1343/1343/1343 1342/1342/1342 
f 1342/1342/1342 1343/1343/1343 1344/1344/1344 
f 1343/1343/1343 1344/1344/1344 1344/1344/1344 
f 1344/1344/1344 1344/1344/1344 1345/1345/1345 
f 1344/1344/1344 1345/1345/1345 1345/1345/1345 
f 1345/1345/1345 1345/1345/1345 1345/1345/1345 
f 1345/1345/1345 1346/1346/1346 1345/1345/1345 
f 1345/1345/1345 1346/1346/1346 1347/1347/1347 
f 1346/1346/1346 1348/1348/1348 1347/1347/1347 
f 1347/1347/1347 1348/1348/1348 1348/1348/1348 
f 1348/1348/1348 1349/1349/1349 1348/1348/1348 
f 1348/1348/1348 1349/1349/1349 1349/1349/1349 
f 1349/1349/1349 1350/1350/1350 1349/1349/1349 
f 1349/1349/1349 1350/1350/1350 1351/1351/1351 
f 1350/1350/1350 1352/1352/1352 1351/1351/1351 
f 1351/1351/1351 1352/1352/1352 1352/1352/1352 
f 1352/1352/1352 1353/1353/1353 1352/1352/1352 
f 1352/1352/1352 1353/1353/1353 1353/1353/1353 
f 1353/1353/1353 1354/1354/1354 1353/1353/1353 
f 1353/1353/1353 1354/1354/1354 1355/1355/1355 
f 1354/1354/1354 1356/1356/1356 1355/1355/1355 
f 1355/1355/1355 1356/1356/1356 1356/1356/1356 
f 1356/1356/1356 1354/1354/1354 1356/1356/1356 
f 1356/1356/1356 1354/1354/1354 1354/1354/1354 
f 1354/1354/1354 1357/1357/1357 1354/1354/1354 
f 1354/1354/1354 1357/1357/1357 1356/1356/1356 
f 1357/1357/1357 1358/1358/1358 1356/1356/1356 
f 1356/1356/1356 1358/1358/1358 1358/1358/1358 
f 1358/1358/1358 1357/1357/1357 1358/1358/1358 
f 1358/1358/1358 1357/1357/1357 1357/1357/1357 
f 1357/1357/1357 1359/1359/1359 1357/1357/1357 
f 1357/1357/1357 1359/1359/1359 1358/1358/1358 
f 1359/1359/1359 1360/1360/1360 1358/1358/1358 
f 1358/1358/1358 1360/1360/1360 1360/1360/1360 
f 1360/1360/1360 1361/1361/1361 1360/1360/1360 
f 1360/1360/1360 1361/1361/1361 1361/1361/1361 
f 1361/1361/1361 1362/1362/1362 1361/1361/1361 
f 1361/1361/1361 1362/1362/1362 1363/1363/1363 
f 1362/1362/1362 1364/1364/1364 1363/1363/1363 
f 1363/1363/1363 1364/1364/1364 1364/1364/1364 
f 1364/1364/1364 1362/1362/1362 1364/1364/1364 
f 1364/1364/1364 1362/1362/1362 1365/1365/1365 
f 1362/1362/1362 1366/1366/1366 1365/1365/1365 
f 1365/1365/1365 1366/1366/1366 1366/1366/1366 
f 1366/1366/1366 1367/1367/1367 1366/1366/1366 
f 1366/1366/1366 1367/1367/1367 1367/1367/1367 
f 1367/1367/1367 1368/1368/1368 1367/1367/1367 
f 1367/1367/1367 1368/1368/1368 1369/1369/1369 
f 1368/1368/1368 1370/1370/1370 1369/1369/1369 
f 1369/1369/1369 1370/1370/1370 1370/1370/1370 
f 1370/1370/1370 1371/1371/1371 1370/1370/1370 
f 1370/1370/1370 1371/1371/1371 1371/1371/1371 
f 1371/1371/1371 1372/1372/1372 1371/1371/1371 
f 1371/1371/1371 1372/1372/1372 1373/1373/1373 
f 1372/1372/1372 1374/1374/1374 1373/1373/1373 
f 1373/1373/1373 1374/1374/1374 1374/1374/1374 
f 1374/1374/1374 1375/1375/1375 1374/1374/1374 
f 1374/1374/1374 1375/1375/1375 1375/1375/1375 
f 1375/1375/1375 1376/1376/1376 1375/1375/1375 
f 1375/1375/1375 1376/1376/1376 1377/1377/1377 
f 1376/1376/1376 1378/1378/1378 1377/1377/1377 
f 1377/1377/1377 1378/1378/1378 1378/1378/1378 
f 1378/1378/1378 1379/1379/1379 1378/1378/1378 
f 1378/1378/1378 1379/1379/1379 1379/1379/1379 
f 1379/1379/1379 1380/1380/1380 1379/1379/1379 
f 1379/1379/1379 1380/1380/1380 1381/1381/1381 
f 1380/1380/1380 1382/1382/1382 1381/1381/1381 
f 1381/1381/1381 1382/1382/1382 1382/1382/1382 
f 1382/1382/1382 1380/1380/1380 1382/1382/1382 
f 1382/1382/1382 1380/1380/1380 1380/1380/1380 
f 1380/1380/1380 1383/1383/1383 1380/1380/1380 
f 1380/1380/1380 1383/1383/1383 1382/1382/1382 
f 1383/1383/1383 1384/1384/1384 1382/1382/1382 
f 1382/1382/1382 1384/1384/1384 1384/1384/1384 
f 1384/1384/1384 1385/1385/1385 1384/1384/1384 
f 1384/1384/1384 1385/1385/1385 1385/1385/1385 
f 1385/1385/1385 1386/1386/1386 1385/1385/1385 
f 1385/1385/1385 1386/1386/1386 1387/1387/1387 
f 1386/1386/1386 1388/1388/1388 1387/1387/1387 
f 1387/1387/1387 1388/1388/1388 1388/1388/1388 
f 1388/1388/1388 1389/1389/1389 1388/1388/1388 
f 1388/1388/1388 1389/1389/1389 1389/1389/1389 
f 1389/1389/1389 1390/1390/1390 1389/1389/1389 
f 1389/1389/1389 1390/1390/1390 1391/1391/1391 
f 1390/1390/1390 1392/1392/1392 1391/1391/1391 
f 1391/1391/1391 1392/1392/1392 1392/1392/1392 
f 1392/1392/1392 1393/1393/1393 1392/1392/1392 
f 1392/1392/1392 1393/1393/1393 1393/1393/1393 
f 1393/1393/1393 1394/1394/1394 1393/1393/1393 
f 1393/1393/1393 1394/1394/1394 1395/1395/1395 
f 1394/1394/1394 1396/1396/1396 1395/1395/1395 
f 1395/1395/1395 1396/1396/1396 1397/1397/1397 
f 1396/1396/1396 1398/1398/1398 1397/1397/1397 
f 1397/1397/1397 1398/1398/1398 1399/1399/1399 
f 1398/1398/1398 1400/1400/1400 1399/1399/1399 
f 1399/1399/1399 1400/1400/1400 1400/1400/1400 
f 1400/1400/1400 1401/1401/1401 1400/1400/1400 
f 1400/1400/1400 1401/1401/1401 1401/1401/1401 
f 1401/1401/1401 1402/1402/1402 1401/1401/1401 
f 1401/1401/1401 1402/1402/1402 1403/1403/1403 
f 1402/1402/1402 1404/1404/1404 1403/1403/1403 
f 1403/1403/1403 1404/1404/1404 1404/1404/1404 
f 1404/1404/1404 1405/1405/1405 1404/1404/1404 
f 1404/1404/1404 1405/1405/1405 1405/1405/1405 
f 1405/1405/1405 1406/1406/1406 1405/1405/1405 
f 1405/1405/1405 1406/1406/1406 1407/1407/1407 
f 1406/1406/1406 1408/1408/1408 1407/1407/1407 
f 1407/1407/1407 1408/1408/1408 1408/1408/1408 
f 1408/1408/1408 1406/1406/1406 1408/1408/1408 
f 1408/1408/1408 1406/1406/1406 1406/1406/1406 
f 1406/1406/1406 1409/1409/1409 1406/1406/1406 
f 1406/1406/1406 1409/1409/1409 1408/1408/1408 
f 1409/1409/1409 1410/1410/1410 1408/1408/1408 
f 1408/1408/1408 1410/1410/1410 1410/1410/1410 
f 1410/1410/1410 1411/1411/1411 1410/1410/1410 
f 1410/1410/1410 1411/1411/1411 1411/1411/1411 
f 1411/1411/1411 1412/1412/1412 1411/1411/1411 
f 1411/1411/1411 1412/1412/1412 1413/1413/1413 
f 1412/1412/1412 1414/1414/1414 1413/1413/1413 
f 1413/1413/1413 1414/1414/1414 1415/1415/1415 
f 1414/1414/1414 1415/1415/1415 1415/1415/1415 
f 1415/1415/1415 1415/1415/1415 1416/1416/1416 
f 1415/1415/1415 1416/1416/1416 1416/1416/1416 
f 1416/1416/1416 1416/1416/1416 1416/1416/1416 
f 1416/1416/1416 1417/1417/1417 1416/1416/1416 
f 1416/1416/1416 1417/1417/1417 1418/1418/1418 
f 1417/1417/1417 1419/1419/1419 1418/1418/1418 
f 1418/1418/1418 1419/1419/1419 1420/1420/1420 
f 1419/1419/1419 1420/1420/1420 1420/1420/1420 
f 1420/1420/1420 1420/1420/1420 1421/1421/1421 
f 1420/1420/1420 1421/1421/1421 1421/1421/1421 
f 1421/1421/1421 1421/1421/1421 1421/1421/1421 
f 1421/1421/1421 1422/1422/1422 1421/1421/1421 
f 1421/1421/1421 1422/1422/1422 1423/1423/1423 
f 1422/1422/1422 1424/1424/1424 1423/1423/1423 
f 1423/1423/1423 1424/1424/1424 1424/1424/1424 
f 1424/1424/1424 1425/1425/1425 1424/1424/1424 
f 1424/1424/1424 1425/1425/1425 1425/1425/1425 
f 1425/1425/1425 1426/1426/1426 1425/1425/1425 
f 1425/1425/1425 1426/1426/1426 1427/1427/1427 
f 1426/1426/1426 1428/1428/1428 1427/1427/1427 
f 1427/1427/1427 1428/1428/1428 1428/1428/1428 
f 1428/1428/1428 1429/1429/1429 1428/1428/1428 
f 1428/1428/1428 1429/1429/1429 1429/1429/1429 
f 1429/1429/1429 1430/1430/1430 1429/1429/1429 
f 1429/1429/1429 1430/1430/1430 1431/1431/1431 
f 1430/1430/1430 1432/1432/1432 1431/1431/1431 
f 1431/1431/1431 1432/1432/1432 1432/1432/1432 
f 1432/1432/1432 1433/1433/1433 1432/1432/1432 
f 1432/1432/1432 1433/1433/1433 1433/1433/1433 
f 1433/1433/1433 1434/1434/1434 1433/1433/1433 
f 1433/1433/1433 1434/1434/1434 1435/1435/1435 
f 1434/1434/1434 1436/1436/1436 1435/1435/1435 
f 1435/1435/1435 1436/1436/1436 1436/1436/1436 
f 1436/1436/1436 1437/1437/1437 1436/1436/1436 
f 1436/1436/1436 1437/1437/1437 1437/1437/1437 
f 1437/1437/1437 1438/1438/1438 1437/1437/1437 
f 1437/1437/1437 1438/1438/1438 1439/1439/1439 
f 1438/1438/1438 1440/1440/1440 1439/1439/1439 
f 1439/1439/1439 1440/1440/1440 1441/1441/1441 
f 1440/1440/1440 1441/1441/1441 1441/1441/1441 
f 1441/1441/1441 1441/1441/1441 1442/1442/1442 
f 1441/1441/1441 1442/1442/1442 1442/1442/1442 
f 1442/1442/1442 1442/1442/1442 1442/1442/1442 
f 1442/1442/1442 1443/1443/1443 1442/1442/1442 
f 1442/1442/1442 1443/1443/1443 1444/1444/1444 
f 1443/1443/1443 1445/1445/1445 1444/1444/1444 
f 1444/1444/1444 1445/1445/1445 1446/1446/1446 
f 1445/1445/1445 1446/1446/1446 1446/1446/1446 
f 1446/1446/1446 1446/1446/1446 1447/1447/1447 
f 1446/1446/1446 1447/1447/1447 1447/1447/1447 
f 1447/1447/1447 1447/1447/1447 1447/1447/1447 
f 1447/1447/1447 1448/1448/1448 1447/1447/1447 
f 1447/1447/1447 1448/1448/1448 1449/1449/1449 
f 1448/1448/1448 1450/1450/1450 1449/1449/1449 
f 1449/1449/1449 1450/1450/1450 1450/1450/1450 
f 1450/1450/1450 1451/1451/1451 1450/1450/1450 
f 1450/1450/1450 1451/1451/1451 1451/1451/1451 
f 1451/1451/1451 1452/1452/1452 1451/1451/1451 
f 1451/1451/1451 1452/1452/1452 1453/1453/1453 
f 1452/1452/1452 1454/1454/1454 1453/1453/1453 
f 1453/1453/1453 1454/1454/1454 1454/1454/1454 
f 1454/1454/1454 1455/1455/1455 1454/1454/1454 
f 1454/1454/1454 1455/1455/1455 1455/1455/1455 
f 1455/1455/1455 1456/1456/1456 1455/1455/1455 
f 1455/1455/1455 1456/1456/1456 1457/1457/1457 
f 1456/1456/1456 1458/1458/1458 1457/1457/1457 
f 1457/1457/1457 1458/1458/1458 1458/1458/1458 
f 1458/1458/1458 1456/1456/1456 1458/1458/1458 
f 1458/1458/1458 1456/1456/1456 1459/1459/1459 
f 1456/1456/1456 1460/1460/1460 1459/1459/1459 
f 1459/1459/1459 1460/1460/1460 1460/1460/1460 
f 1460/1460/1460 1461/1461/1461 1460/1460/1460 
f 1460/1460/1460 1461/1461/1461 1461/1461/1461 
f 1461/1461/1461 1462/1462/1462 1461/1461/1461 
f 1461/1461/1461 1462/1462/1462 1463/1463/1463 
f 1462/1462/1462 1464/1464/1464 1463/1463/1463 
f 1463/1463/1463 1464/1464/1464 1464/1464/1464 
f 1464/1464/1464 1465/1465/1465 1464/1464/1464 
f 1464/1464/1464 1465/1465/1465 1465/1465/1465 
f 1465/1465/1465 1466/1466/1466 1465/1465/1465 
f 1465/1465/1465 1466/1466/1466 1467/1467/1467 
f 1466/1466/1466 1468/1468/1468 1467/1467/1467 
f 1467/1467/1467 1468/1468/1468 1469/1469/1469 
f 1468/1468/1468 1470/1470/1470 1469/1469/1469 
f 1469/1469/1469 1470/1470/1470 1471/1471/1471 
f 1470/1470/1470 1472/1472/1472 1471/1471/1471 
f 1471/1471/1471 1472/1472/1472 1473/1473/1473 
f 1472/1472/1472 1474/1474/1474 1473/1473/1473 
f 1473/1473/1473 1474/1474/1474 1474/1474/1474 
f 1474/1474/1474 1466/1466/1466 1474/1474/1474 
f 1474/1474/1474 1466/1466/1466 1466/1466/1466 
f 1466/1466/1466 1465/1465/1465 1466/1466/1466 
f 1466/1466/1466 1465/1465/1465 1475/1475/1475 
f 1465/1465/1465 1476/1476/1476 1475/1475/1475 
f 1475/1475/1475 1476/1476/1476 1477/1477/1477 
f 1476/1476/1476 1478/1478/1478 1477/1477/1477 
f 1477/1477/1477 1478/1478/1478 1478/1478/1478 
f 1478/1478/1478 1476/1476/1476 1478/1478/1478 
f 1478/1478/1478 1476/1476/1476 1476/1476/1476 
f 1476/1476/1476 1479/1479/1479 1476/1476/1476 
f 1476/1476/1476 1479/1479/1479 1478/1478/1478 
f 1479/1479/1479 1480/1480/1480 1478/1478/1478 
f 1478/1478/1478 1480/1480/1480 1480/1480/1480 
f 1480/1480/1480 1479/1479/1479 1480/1480/1480 
f 1480/1480/1480 1479/1479/1479 1479/1479/1479 
f 1479/1479/1479 1481/1481/1481 1479/1479/1479 
f 1479/1479/1479 1481/1481/1481 1480/1480/1480 
f 1481/1481/1481 1482/1482/1482 1480/1480/1480 
f 1480/1480/1480 1482/1482/1482 1482/1482/1482 
f 1482/1482/1482 1481/1481/1481 1482/1482/1482 
f 1482/1482/1482 1481/1481/1481 1481/1481/1481 
f 1481/1481/1481 1483/1483/1483 1481/1481/1481 
f 1481/1481/1481 1483/1483/1483 1482/1482/1482 
f 1483/1483/1483 1484/1484/1484 1482/1482/1482 
f 1482/1482/1482 1484/1484/1484 1484/1484/1484 
f 1484/1484/1484 1483/1483/1483 1484/1484/1484 
f 1484/1484/1484 1483/1483/1483 1483/1483/1483 
f 1483/1483/1483 1474/1474/1474 1483/1483/1483 
f 1483/1483/1483 1474/1474/1474 1484/1484/1484 
f 1474/1474/1474 1472/1472/1472 1484/1484/1484 
f 1484/1484/1484 1472/1472/1472 1472/1472/1472 
f 1472/1472/1472 1485/1485/1485 1472/1472/1472 
f 1472/1472/1472 1485/1485/1485 1485/1485/1485 
f 1485/1485/1485 1486/1486/1486 1485/1485/1485 
f 1485/1485/1485 1486/1486/1486 1487/1487/1487 
f 1486/1486/1486 1488/1488/1488 1487/1487/1487 
f 1487/1487/1487 1488/1488/1488 1489/1489/1489 
f 1488/1488/1488 1490/1490/1490 1489/1489/1489 
f 1489/1489/1489 1490/1490/1490 1491/1491/1491 
f 1490/1490/1490 1492/1492/1492 1491/1491/1491 
f 1491/1491/1491 1492/1492/1492 1493/1493/1493 
f 1492/1492/1492 1494/1494/1494 1493/1493/1493 
f 1493/1493/1493 1494/1494/1494 1495/1495/1495 
f 1494/1494/1494 1495/1495/1495 1495/1495/1495 
f 1495/1495/1495 1495/1495/1495 1493/1493/1493 
f 1495/1495/1495 1493/1493/1493 1493/1493/1493 
f 1493/1493/1493 1493/1493/1493 1493/1493/1493 
f 1493/1493/1493 1495/1495/1495 1493/1493/1493 
f 1493/1493/1493 1495/1495/1495 1496/1496/1496 
f 1495/1495/1495 1497/1497/1497 1496/1496/1496 
f 1496/1496/1496 1497/1497/1497 1498/1498/1498 
f 1497/1497/1497 1499/1499/1499 1498/1498/1498 
f 1498/1498/1498 1499/1499/1499 1500/1500/1500 
f 1499/1499/1499 1501/1501/1501 1500/1500/1500 
f 1500/1500/1500 1501/1501/1501 1502/1502/1502 
f 1501/1501/1501 1503/1503/1503 1502/1502/1502 
f 1502/1502/1502 1503/1503/1503 1504/1504/1504 
f 1503/1503/1503 1485/1485/1485 1504/1504/1504 
f 1504/1504/1504 1485/1485/1485 1485/1485/1485 
f 1485/1485/1485 1505/1505/1505 1485/1485/1485 
f 1485/1485/1485 1505/1505/1505 1505/1505/1505 
f 1505/1505/1505 1506/1506/1506 1505/1505/1505 
f 1505/1505/1505 1506/1506/1506 1507/1507/1507 
f 1506/1506/1506 1508/1508/1508 1507/1507/1507 
f 1507/1507/1507 1508/1508/1508 1509/1509/1509 
f 1508/1508/1508 1510/1510/1510 1509/1509/1509 
f 1509/1509/1509 1510/1510/1510 1511/1511/1511 
f 1510/1510/1510 1512/1512/1512 1511/1511/1511 
f 1511/1511/1511 1512/1512/1512 1513/1513/1513 
f 1512/1512/1512 1514/1514/1514 1513/1513/1513 
f 1513/1513/1513 1514/1514/1514 1515/1515/1515 
f 1514/1514/1514 1516/1516/1516 1515/1515/1515 
f 1515/1515/1515 1516/1516/1516 1516/1516/1516 
f 1516/1516/1516 1514/1514/1514 1516/1516/1516 
f 1516/1516/1516 1514/1514/1514 1514/1514/1514 
f 1514/1514/1514 1517/1517/1517 1514/1514/1514 
f 1514/1514/1514 1517/1517/1517 1516/1516/1516 
f 1517/1517/1517 1518/1518/1518 1516/1516/1516 
f 1516/1516/1516 1518/1518/1518 1518/1518/1518 
f 1518/1518/1518 1517/1517/1517 1518/1518/1518 
f 1518/1518/1518 1517/1517/1517 1517/1517/1517 
f 1517/1517/1517 1519/1519/1519 1517/1517/1517 
f 1517/1517/1517 1519/1519/1519 1518/1518/1518 
f 1519/1519/1519 1520/1520/1520 1518/1518/1518 
f 1518/1518/1518 1520/1520/1520 1520/1520/1520 
f 1520/1520/1520 1519/1519/1519 1520/1520/1520 
f 1520/1520/1520 1519/1519/1519 1519/1519/1519 
f 1519/1519/1519 1521/1521/1521 1519/1519/1519 
f 1519/1519/1519 1521/1521/1521 1520/1520/1520 
f 1521/1521/1521 1522/1522/1522 1520/1520/1520 
f 1520/1520/1520 1522/1522/1522 1522/1522/1522 
f 1522/1522/1522 1521/1521/1521 1522/1522/1522 
f 1522/1522/1522 1521/1521/1521 1521/1521/1521 
f 1521/1521/1521 1523/1523/1523 1521/1521/1521 
f 1521/1521/1521 1523/1523/1523 1522/1522/1522 
f 1523/1523/1523 1505/1505/1505 1522/1522/1522 
f 1522/1522/1522 1505/1505/1505 1505/1505/1505 
f 1505/1505/1505 1523/1523/1523 1505/1505/1505 
f 1505/1505/1505 1523/1523/1523 1523/1523/1523 
f 1523/1523/1523 1524/1524/1524 1523/1523/1523 
f 1523/1523/1523 1524/1524/1524 1505/1505/1505 
f 1524/1524/1524 1506/1506/1506 1505/1505/1505 
f 1505/1505/1505 1506/1506/1506 1506/1506/1506 
f 1506/1506/1506 1525/1525/1525 1506/1506/1506 
f 1506/1506/1506 1525/1525/1525 1525/1525/1525 
f 1525/1525/1525 1526/1526/1526 1525/1525/1525 
f 1525/1525/1525 1526/1526/1526 1527/1527/1527 
f 1526/1526/1526 1528/1528/1528 1527/1527/1527 
f 1527/1527/1527 1528/1528/1528 1529/1529/1529 
f 1528/1528/1528 1530/1530/1530 1529/1529/1529 
f 1529/1529/1529 1530/1530/1530 1530/1530/1530 
f 1530/1530/1530 1527/1527/1527 1530/1530/1530 
f 1530/1530/1530 1527/1527/1527 1527/1527/1527 
f 1527/1527/1527 1531/1531/1531 1527/1527/1527 
f 1527/1527/1527 1531/1531/1531 1525/1525/1525 
f 1531/1531/1531 1532/1532/1532 1525/1525/1525 
f 1525/1525/1525 1532/1532/1532 1533/1533/1533 
f 1532/1532/1532 1534/1534/1534 1533/1533/1533 
f 1533/1533/1533 1534/1534/1534 1535/1535/1535 
f 1534/1534/1534 1536/1536/1536 1535/1535/1535 
f 1535/1535/1535 1536/1536/1536 1536/1536/1536 
f 1536/1536/1536 1534/1534/1534 1536/1536/1536 
f 1536/1536/1536 1534/1534/1534 1534/1534/1534 
f 1534/1534/1534 1530/1530/1530 1534/1534/1534 
f 1534/1534/1534 1530/1530/1530 1536/1536/1536 
f 1530/1530/1530 1528/1528/1528 1536/1536/1536 
f 1536/1536/1536 1528/1528/1528 1528/1528/1528 
f 1528/1528/1528 1537/1537/1537 1528/1528/1528 
f 1528/1528/1528 1537/1537/1537 1537/1537/1537 
f 1537/1537/1537 1538/1538/1538 1537/1537/1537 
f 1537/1537/1537 1538/1538/1538 1539/1539/1539 
f 1538/1538/1538 1540/1540/1540 1539/1539/1539 
f 1539/1539/1539 1540/1540/1540 1541/1541/1541 
f 1540/1540/1540 1541/1541/1541 1541/1541/1541 
f 1541/1541/1541 1541/1541/1541 1539/1539/1539 
f 1541/1541/1541 1539/1539/1539 1539/1539/1539 
f 1539/1539/1539 1539/1539/1539 1539/1539/1539 
f 1539/1539/1539 1541/1541/1541 1539/1539/1539 
f 1539/1539/1539 1541/1541/1541 1542/1542/1542 
f 1541/1541/1541 1543/1543/1543 1542/1542/1542 
f 1542/1542/1542 1543/1543/1543 1544/1544/1544 
f 1543/1543/1543 1545/1545/1545 1544/1544/1544 
f 1544/1544/1544 1545/1545/1545 1546/1546/1546 
f 1545/1545/1545 1547/1547/1547 1546/1546/1546 
f 1546/1546/1546 1547/1547/1547 1548/1548/1548 
f 1547/1547/1547 1549/1549/1549 1548/1548/1548 
f 1548/1548/1548 1549/1549/1549 1550/1550/1550 
f 1549/1549/1549 1551/1551/1551 1550/1550/1550 
f 1550/1550/1550 1551/1551/1551 1551/1551/1551 
f 1551/1551/1551 1549/1549/1549 1551/1551/1551 
f 1551/1551/1551 1549/1549/1549 1549/1549/1549 
f 1549/1549/1549 1552/1552/1552 1549/1549/1549 
f 1549/1549/1549 1552/1552/1552 1551/1551/1551 
f 1552/1552/1552 1553/1553/1553 1551/1551/1551 
f 1551/1551/1551 1553/1553/1553 1553/1553/1553 
f 1553/1553/1553 1552/1552/1552 1553/1553/1553 
f 1553/1553/1553 1552/1552/1552 1552/1552/1552 
f 1552/1552/1552 1554/1554/1554 1552/1552/1552 
f 1552/1552/1552 1554/1554/1554 1553/1553/1553 
f 1554/1554/1554 1555/1555/1555 1553/1553/1553 
f 1553/1553/1553 1555/1555/1555 1555/1555/1555 
f 1555/1555/1555 1554/1554/1554 1555/1555/1555 
f 1555/1555/1555 1554/1554/1554 1554/1554/1554 
f 1554/1554/1554 1556/1556/1556 1554/1554/1554 
f 1554/1554/1554 1556/1556/1556 1555/1555/1555 
f 1556/1556/1556 1537/1537/1537 1555/1555/1555 
f 1555/1555/1555 1537/1537/1537 1537/1537/1537 
f 1537/1537/1537 1557/1557/1557 1537/1537/1537 
f 1537/1537/1537 1557/1557/1557 1557/1557/1557 
f 1557/1557/1557 1558/1558/1558 1557/1557/1557 
f 1557/1557/1557 1558/1558/1558 1559/1559/1559 
f 1558/1558/1558 1560/1560/1560 1559/1559/1559 
f 1559/1559/1559 1560/1560/1560 1561/1561/1561 
f 1560/1560/1560 1562/1562/1562 1561/1561/1561 
f 1561/1561/1561 1562/1562/1562 1563/1563/1563 
f 1562/1562/1562 1564/1564/1564 1563/1563/1563 
f 1563/1563/1563 1564/1564/1564 1565/1565/1565 
f 1564/1564/1564 1566/1566/1566 1565/1565/1565 
f 1565/1565/1565 1566/1566/1566 1567/1567/1567 
f 1566/1566/1566 1568/1568/1568 1567/1567/1567 
f 1567/1567/1567 1568/1568/1568 1569/1569/1569 
f 1568/1568/1568 1569/1569/1569 1569/1569/1569 
f 1569/1569/1569 1569/1569/1569 1558/1558/1558 
f 1569/1569/1569 1558/1558/1558 1558/1558/1558 
f 1558/1558/1558 1558/1558/1558 1558/1558/1558 
f 1558/1558/1558 1570/1570/1570 1558/1558/1558 
f 1558/1558/1558 1570/1570/1570 1560/1560/1560 
f 1570/1570/1570 1571/1571/1571 1560/1560/1560 
f 1560/1560/1560 1571/1571/1571 1562/1562/1562 
f 1571/1571/1571 1572/1572/1572 1562/1562/1562 
f 1562/1562/1562 1572/1572/1572 1564/1564/1564 
f 1572/1572/1572 1568/1568/1568 1564/1564/1564 
f 1564/1564/1564 1568/1568/1568 1566/1566/1566 
f 1568/1568/1568 1566/1566/1566 1566/1566/1566 
f 1566/1566/1566 1566/1566/1566 1570/1570/1570 
f 1566/1566/1566 1570/1570/1570 1570/1570/1570 
f 1570/1570/1570 1570/1570/1570 1570/1570/1570 
f 1570/1570/1570 1558/1558/1558 1570/1570/1570 
f 1570/1570/1570 1558/1558/1558 1573/1573/1573 
f 1558/1558/1558 1574/1574/1574 1573/1573/1573 
f 1573/1573/1573 1574/1574/1574 1575/1575/1575 
f 1574/1574/1574 1576/1576/1576 1575/1575/1575 
f 1575/1575/1575 1576/1576/1576 1576/1576/1576 
f 1576/1576/1576 1558/1558/1558 1576/1576/1576 
f 1576/1576/1576 1558/1558/1558 1558/1558/1558 
f 1558/1558/1558 1557/1557/1557 1558/1558/1558 
f 1558/1558/1558 1557/1557/1557 1574/1574/1574 
f 1557/1557/1557 1577/1577/1577 1574/1574/1574 
f 1574/1574/1574 1577/1577/1577 1578/1578/1578 
f 1577/1577/1577 1578/1578/1578 1578/1578/1578 
f 1578/1578/1578 1578/1578/1578 1574/1574/1574 
f 1578/1578/1578 1574/1574/1574 1574/1574/1574 
f 1574/1574/1574 1574/1574/1574 1574/1574/1574 
f 1574/1574/1574 1578/1578/1578 1574/1574/1574 
f 1574/1574/1574 1578/1578/1578 1579/1579/1579 
f 1578/1578/1578 1580/1580/1580 1579/1579/1579 
f 1579/1579/1579 1580/1580/1580 1581/1581/1581 
f 1580/1580/1580 1582/1582/1582 1581/1581/1581 
f 1581/1581/1581 1582/1582/1582 1583/1583/1583 
f 1582/1582/1582 1584/1584/1584 1583/1583/1583 
f 1583/1583/1583 1584/1584/1584 1567/1567/1567 
f 1584/1584/1584 1565/1565/1565 1567/1567/1567 
f 1567/1567/1567 1565/1565/1565 1565/1565/1565 
f 1565/1565/1565 1567/1567/1567 1565/1565/1565 
f 1565/1565/1565 1567/1567/1567 1567/1567/1567 
f 1567/1567/1567 1569/1569/1569 1567/1567/1567 
f 1567/1567/1567 1569/1569/1569 1583/1583/1583 
f 1569/1569/1569 1585/1585/1585 1583/1583/1583 
f 1583/1583/1583 1585/1585/1585 1581/1581/1581 
f 1585/1585/1585 1586/1586/1586 1581/1581/1581 
f 1581/1581/1581 1586/1586/1586 1579/1579/1579 
f 1586/1586/1586 1576/1576/1576 1579/1579/1579 
f 1579/1579/1579 1576/1576/1576 1574/1574/1574 
f 1576/1576/1576 1574/1574/1574 1574/1574/1574 
f 1574/1574/1574 1574/1574/1574 1587/1587/1587 
f 1574/1574/1574 1587/1587/1587 1587/1587/1587 
f 1587/1587/1587 1587/1587/1587 1587/1587/1587 
f 1587/1587/1587 1588/1588/1588 1587/1587/1587 
f 1587/1587/1587 1588/1588/1588 1589/1589/1589 
f 1588/1588/1588 1590/1590/1590 1589/1589/1589 
f 1589/1589/1589 1590/1590/1590 1591/1591/1591 
f 1590/1590/1590 1592/1592/1592 1591/1591/1591 
f 1591/1591/1591 1592/1592/1592 1593/1593/1593 
f 1592/1592/1592 1594/1594/1594 1593/1593/1593 
f 1593/1593/1593 1594/1594/1594 1594/1594/1594 
f 1594/1594/1594 1588/1588/1588 1594/1594/1594 
f 1594/1594/1594 1588/1588/1588 1588/1588/1588 
f 1588/1588/1588 1587/1587/1587 1588/1588/1588 
f 1588/1588/1588 1587/1587/1587 1595/1595/1595 
f 1587/1587/1587 1596/1596/1596 1595/1595/1595 
f 1595/1595/1595 1596/1596/1596 1597/1597/1597 
f 1596/1596/1596 1598/1598/1598 1597/1597/1597 
f 1597/1597/1597 1598/1598/1598 1599/1599/1599 
f 1598/1598/1598 1600/1600/1600 1599/1599/1599 
f 1599/1599/1599 1600/1600/1600 1600/1600/1600 
f 1600/1600/1600 1598/1598/1598 1600/1600/1600 
f 1600/1600/1600 1598/1598/1598 1598/1598/1598 
f 1598/1598/1598 1601/1601/1601 1598/1598/1598 
f 1598/1598/1598 1601/1601/1601 1600/1600/1600 
f 1601/1601/1601 1602/1602/1602 1600/1600/1600 
f 1600/1600/1600 1602/1602/1602 1602/1602/1602 
f 1602/1602/1602 1601/1601/1601 1602/1602/1602 
f 1602/1602/1602 1601/1601/1601 1601/1601/1601 
f 1601/1601/1601 1603/1603/1603 1601/1601/1601 
f 1601/1601/1601 1603/1603/1603 1602/1602/1602 
f 1603/1603/1603 1604/1604/1604 1602/1602/1602 
f 1602/1602/1602 1604/1604/1604 1604/1604/1604 
f 1604/1604/1604 1603/1603/1603 1604/1604/1604 
f 1604/1604/1604 1603/1603/1603 1603/1603/1603 
f 1603/1603/1603 1605/1605/1605 1603/1603/1603 
f 1603/1603/1603 1605/1605/1605 1604/1604/1604 
f 1605/1605/1605 1606/1606/1606 1604/1604/1604 
f 1604/1604/1604 1606/1606/1606 1606/1606/1606 
f 1606/1606/1606 1605/1605/1605 1606/1606/1606 
f 1606/1606/1606 1605/1605/1605 1605/1605/1605 
f 1605/1605/1605 1594/1594/1594 1605/1605/1605 
f 1605/1605/1605 1594/1594/1594 1606/1606/1606 
f 1594/1594/1594 1592/1592/1592 1606/1606/1606 
f 1606/1606/1606 1592/1592/1592 1592/1592/1592 
f 1592/1592/1592 1607/1607/1607 1592/1592/1592 
f 1592/1592/1592 1607/1607/1607 1607/1607/1607 
f 1607/1607/1607 1608/1608/1608 1607/1607/1607 
f 1607/1607/1607 1608/1608/1608 1609/1609/1609 
f 1608/1608/1608 1610/1610/1610 1609/1609/1609 
f 1609/1609/1609 1610/1610/1610 1611/1611/1611 
f 1610/1610/1610 1612/1612/1612 1611/1611/1611 
f 1611/1611/1611 1612/1612/1612 1613/1613/1613 
f 1612/1612/1612 1614/1614/1614 1613/1613/1613 
f 1613/1613/1613 1614/1614/1614 1615/1615/1615 
f 1614/1614/1614 1616/1616/1616 1615/1615/1615 
f 1615/1615/1615 1616/1616/1616 1616/1616/1616 
f 1616/1616/1616 1608/1608/1608 1616/1616/1616 
f 1616/1616/1616 1608/1608/1608 1608/1608/1608 
f 1608/1608/1608 1617/1617/1617 1608/1608/1608 
f 1608/1608/1608 1617/1617/1617 1610/1610/1610 
f 1617/1617/1617 1618/1618/1618 1610/1610/1610 
f 1610/1610/1610 1618/1618/1618 1612/1612/1612 
f 1618/1618/1618 1619/1619/1619 1612/1612/1612 
f 1612/1612/1612 1619/1619/1619 1614/1614/1614 
f 1619/1619/1619 1620/1620/1620 1614/1614/1614 
f 1614/1614/1614 1620/1620/1620 1616/1616/1616 
f 1620/1620/1620 1621/1621/1621 1616/1616/1616 
f 1616/1616/1616 1621/1621/1621 1621/1621/1621 
f 1621/1621/1621 1619/1619/1619 1621/1621/1621 
f 1621/1621/1621 1619/1619/1619 1619/1619/1619 
f 1619/1619/1619 1622/1622/1622 1619/1619/1619 
f 1619/1619/1619 1622/1622/1622 1620/1620/1620 
f 1622/1622/1622 1623/1623/1623 1620/1620/1620 
f 1620/1620/1620 1623/1623/1623 1621/1621/1621 
f 1623/1623/1623 1624/1624/1624 1621/1621/1621 
f 1621/1621/1621 1624/1624/1624 1624/1624/1624 
f 1624/1624/1624 1622/1622/1622 1624/1624/1624 
f 1624/1624/1624 1622/1622/1622 1622/1622/1622 
f 1622/1622/1622 1625/1625/1625 1622/1622/1622 
f 1622/1622/1622 1625/1625/1625 1623/1623/1623 
f 1625/1625/1625 1626/1626/1626 1623/1623/1623 
f 1623/1623/1623 1626/1626/1626 1624/1624/1624 
f 1626/1626/1626 1627/1627/1627 1624/1624/1624 
f 1624/1624/1624 1627/1627/1627 1627/1627/1627 
f 1627/1627/1627 1625/1625/1625 1627/1627/1627 
f 1627/1627/1627 1625/1625/1625 1625/1625/1625 
f 1625/1625/1625 1628/1628/1628 1625/1625/1625 
f 1625/1625/1625 1628/1628/1628 1626/1626/1626 
f 1628/1628/1628 1629/1629/1629 1626/1626/1626 
f 1626/1626/1626 1629/1629/1629 1627/1627/1627 
f 1629/1629/1629 1630/1630/1630 1627/1627/1627 
f 1627/1627/1627 1630/1630/1630 1630/1630/1630 
f 1630/1630/1630 1628/1628/1628 1630/1630/1630 
f 1630/1630/1630 1628/1628/1628 1628/1628/1628 
f 1628/1628/1628 1631/1631/1631 1628/1628/1628 
f 1628/1628/1628 1631/1631/1631 1629/1629/1629 
f 1631/1631/1631 1632/1632/1632 1629/1629/1629 
f 1629/1629/1629 1632/1632/1632 1630/1630/1630 
f 1632/1632/1632 1633/1633/1633 1630/1630/1630 
f 1630/1630/1630 1633/1633/1633 1607/1607/1607 
f 1633/1633/1633 1608/1608/1608 1607/1607/1607 
f 1607/1607/1607 1608/1608/1608 1608/1608/1608 
f 1608/1608/1608 1631/1631/1631 1608/1608/1608 
f 1608/1608/1608 1631/1631/1631 1631/1631/1631 
f 1631/1631/1631 1634/1634/1634 1631/1631/1631 
f 1631/1631/1631 1634/1634/1634 1632/1632/1632 
f 1634/1634/1634 1635/1635/1635 1632/1632/1632 
f 1632/1632/1632 1635/1635/1635 1633/1633/1633 
f 1635/1635/1635 1636/1636/1636 1633/1633/1633 
f 1633/1633/1633 1636/1636/1636 1608/1608/1608 
f 1636/1636/1636 1617/1617/1617 1608/1608/1608 
f 1608/1608/1608 1617/1617/1617 1617/1617/1617 
f 1617/1617/1617 1637/1637/1637 1617/1617/1617 
f 1617/1617/1617 1637/1637/1637 1637/1637/1637 
f 1637/1637/1637 1638/1638/1638 1637/1637/1637 
f 1637/1637/1637 1638/1638/1638 1639/1639/1639 
f 1638/1638/1638 1640/1640/1640 1639/1639/1639 
f 1639/1639/1639 1640/1640/1640 1640/1640/1640 
f 1640/1640/1640 1637/1637/1637 1640/1640/1640 
f 1640/1640/1640 1637/1637/1637 1637/1637/1637 
f 1637/1637/1637 1639/1639/1639 1637/1637/1637 
f 1637/1637/1637 1639/1639/1639 1641/1641/1641 
f 1639/1639/1639 1642/1642/1642 1641/1641/1641 
f 1641/1641/1641 1642/1642/1642 1643/1643/1643 
f 1642/1642/1642 1644/1644/1644 1643/1643/1643 
f 1643/1643/1643 1644/1644/1644 1645/1645/1645 
f 1644/1644/1644 1645/1645/1645 1645/1645/1645 
f 1645/1645/1645 1645/1645/1645 1643/1643/1643 
f 1645/1645/1645 1643/1643/1643 1643/1643/1643 
f 1643/1643/1643 1643/1643/1643 1643/1643/1643 
f 1643/1643/1643 1645/1645/1645 1643/1643/1643 
f 1643/1643/1643 1645/1645/1645 1646/1646/1646 
f 1645/1645/1645 1647/1647/1647 1646/1646/1646 
f 1646/1646/1646 1647/1647/1647 1648/1648/1648 
f 1647/1647/1647 1638/1638/1638 1648/1648/1648 
f 1648/1648/1648 1638/1638/1638 1638/1638/1638 
f 1638/1638/1638 1649/1649/1649 1638/1638/1638 
f 1638/1638/1638 1649/1649/1649 1649/1649/1649 
f 1649/1649/1649 1650/1650/1650 1649/1649/1649 
f 1649/1649/1649 1650/1650/1650 1651/1651/1651 
f 1650/1650/1650 1652/1652/1652 1651/1651/1651 
f 1651/1651/1651 1652/1652/1652 1653/1653/1653 
f 1652/1652/1652 1653/1653/1653 1653/1653/1653 
f 1653/1653/1653 1653/1653/1653 1651/1651/1651 
f 1653/1653/1653 1651/1651/1651 1651/1651/1651 
f 1651/1651/1651 1651/1651/1651 1651/1651/1651 
f 1651/1651/1651 1653/1653/1653 1651/1651/1651 
f 1651/1651/1651 1653/1653/1653 1654/1654/1654 
f 1653/1653/1653 1655/1655/1655 1654/1654/1654 
f 1654/1654/1654 1655/1655/1655 1656/1656/1656 
f 1655/1655/1655 1657/1657/1657 1656/1656/1656 
f 1656/1656/1656 1657/1657/1657 1658/1658/1658 
f 1657/1657/1657 1659/1659/1659 1658/1658/1658 
f 1658/1658/1658 1659/1659/1659 1660/1660/1660 
f 1659/1659/1659 1661/1661/1661 1660/1660/1660 
f 1660/1660/1660 1661/1661/1661 1662/1662/1662 
f 1661/1661/1661 1663/1663/1663 1662/1662/1662 
f 1662/1662/1662 1663/1663/1663 1663/1663/1663 
f 1663/1663/1663 1661/1661/1661 1663/1663/1663 
f 1663/1663/1663 1661/1661/1661 1661/1661/1661 
f 1661/1661/1661 1664/1664/1664 1661/1661/1661 
f 1661/1661/1661 1664/1664/1664 1663/1663/1663 
f 1664/1664/1664 1665/1665/1665 1663/1663/1663 
f 1663/1663/1663 1665/1665/1665 1665/1665/1665 
f 1665/1665/1665 1664/1664/1664 1665/1665/1665 
f 1665/1665/1665 1664/1664/1664 1664/1664/1664 
f 1664/1664/1664 1666/1666/1666 1664/1664/1664 
f 1664/1664/1664 1666/1666/1666 1665/1665/1665 
f 1666/1666/1666 1667/1667/1667 1665/1665/1665 
f 1665/1665/1665 1667/1667/1667 1667/1667/1667 
f 1667/1667/1667 1666/1666/1666 1667/1667/1667 
f 1667/1667/1667 1666/1666/1666 1666/1666/1666 
f 1666/1666/1666 1668/1668/1668 1666/1666/1666 
f 1666/1666/1666 1668/1668/1668 1667/1667/1667 
f 1668/1668/1668 1649/1649/1649 1667/1667/1667 
f 1667/1667/1667 1649/1649/1649 1649/1649/1649 
f 1649/1649/1649 1669/1669/1669 1649/1649/1649 
f 1649/1649/1649 1669/1669/1669 1669/1669/1669 
f 1669/1669/1669 1670/1670/1670 1669/1669/1669 
f 1669/1669/1669 1670/1670/1670 1671/1671/1671 
f 1670/1670/1670 1672/1672/1672 1671/1671/1671 
f 1671/1671/1671 1672/1672/1672 1673/1673/1673 
f 1672/1672/1672 1673/1673/1673 1673/1673/1673 
f 1673/1673/1673 1673/1673/1673 1673/1673/1673 
f 1673/1673/1673 1674/1674/1674 1673/1673/1673 
f 1673/1673/1673 1674/1674/1674 1671/1671/1671 
f 1674/1674/1674 1675/1675/1675 1671/1671/1671 
f 1671/1671/1671 1675/1675/1675 1676/1676/1676 
f 1675/1675/1675 1676/1676/1676 1676/1676/1676 
f 1676/1676/1676 1676/1676/1676 1676/1676/1676 
f 1676/1676/1676 1677/1677/1677 1676/1676/1676 
f 1676/1676/1676 1677/1677/1677 1671/1671/1671 
f 1677/1677/1677 1669/1669/1669 1671/1671/1671 
f 1671/1671/1671 1669/1669/1669 1669/1669/1669 
f 1669/1669/1669 1678/1678/1678 1669/1669/1669 
f 1669/1669/1669 1678/1678/1678 1678/1678/1678 
f 1678/1678/1678 1679/1679/1679 1678/1678/1678 
f 1678/1678/1678 1679/1679/1679 1680/1680/1680 
f 1679/1679/1679 1681/1681/1681 1680/1680/1680 
f 1680/1680/1680 1681/1681/1681 1682/1682/1682 
f 1681/1681/1681 1682/1682/1682 1682/1682/1682 
f 1682/1682/1682 1682/1682/1682 1682/1682/1682 
f 1682/1682/1682 1683/1683/1683 1682/1682/1682 
f 1682/1682/1682 1683/1683/1683 1680/1680/1680 
f 1683/1683/1683 1684/1684/1684 1680/1680/1680 
f 1680/1680/1680 1684/1684/1684 1685/1685/1685 
f 1684/1684/1684 1685/1685/1685 1685/1685/1685 
f 1685/1685/1685 1685/1685/1685 1685/1685/1685 
f 1685/1685/1685 1686/1686/1686 1685/1685/1685 
f 1685/1685/1685 1686/1686/1686 1680/1680/1680 
f 1686/1686/1686 1678/1678/1678 1680/1680/1680 
f 1680/1680/1680 1678/1678/1678 1678/1678/1678 
f 1678/1678/1678 1687/1687/1687 1678/1678/1678 
f 1678/1678/1678 1687/1687/1687 1687/1687/1687 
f 1687/1687/1687 1688/1688/1688 1687/1687/1687 
f 1687/1687/1687 1688/1688/1688 1689/1689/1689 
f 1688/1688/1688 1690/1690/1690 1689/1689/1689 
f 1689/1689/1689 1690/1690/1690 1691/1691/1691 
f 1690/1690/1690 1692/1692/1692 1691/1691/1691 
f 1691/1691/1691 1692/1692/1692 1693/1693/1693 
f 1692/1692/1692 1694/1694/1694 1693/1693/1693 
f 1693/1693/1693 1694/1694/1694 1695/1695/1695 
f 1694/1694/1694 1695/1695/1695 1695/1695/1695 
f 1695/1695/1695 1695/1695/1695 1688/1688/1688 
f 1695/1695/1695 1688/1688/1688 1688/1688/1688 
f 1688/1688/1688 1688/1688/1688 1688/1688/1688 
f 1688/1688/1688 1696/1696/1696 1688/1688/1688 
f 1688/1688/1688 1696/1696/1696 1690/1690/1690 
f 1696/1696/1696 1697/1697/1697 1690/1690/1690 
f 1690/1690/1690 1697/1697/1697 1692/1692/1692 
f 1697/1697/1697 1698/1698/1698 1692/1692/1692 
f 1692/1692/1692 1698/1698/1698 1694/1694/1694 
f 1698/1698/1698 1694/1694/1694 1694/1694/1694 
f 1694/1694/1694 1694/1694/1694 1696/1696/1696 
f 1694/1694/1694 1696/1696/1696 1696/1696/1696 
f 1696/1696/1696 1696/1696/1696 1696/1696/1696 
f 1696/1696/1696 1688/1688/1688 1696/1696/1696 
f 1696/1696/1696 1688/1688/1688 1699/1699/1699 
f 1688/1688/1688 1700/1700/1700 1699/1699/1699 
f 1699/1699/1699 1700/1700/1700 1701/1701/1701 
f 1700/1700/1700 1702/1702/1702 1701/1701/1701 
f 1701/1701/1701 1702/1702/1702 1703/1703/1703 
f 1702/1702/1702 1704/1704/1704 1703/1703/1703 
f 1703/1703/1703 1704/1704/1704 1705/1705/1705 
f 1704/1704/1704 1706/1706/1706 1705/1705/1705 
f 1705/1705/1705 1706/1706/1706 1707/1707/1707 
f 1706/1706/1706 1707/1707/1707 1707/1707/1707 
f 1707/1707/1707 1707/1707/1707 1688/1688/1688 
f 1707/1707/1707 1688/1688/1688 1688/1688/1688 
f 1688/1688/1688 1688/1688/1688 1688/1688/1688 
f 1688/1688/1688 1687/1687/1687 1688/1688/1688 
f 1688/1688/1688 1687/1687/1687 1700/1700/1700 
f 1687/1687/1687 1708/1708/1708 1700/1700/1700 
f 1700/1700/1700 1708/1708/1708 1702/1702/1702 
f 1708/1708/1708 1709/1709/1709 1702/1702/1702 
f 1702/1702/1702 1709/1709/1709 1704/1704/1704 
f 1709/1709/1709 1710/1710/1710 1704/1704/1704 
f 1704/1704/1704 1710/1710/1710 1706/1706/1706 
f 1710/1710/1710 1706/1706/1706 1706/1706/1706 
f 1706/1706/1706 1706/1706/1706 1691/1691/1691 
f 1706/1706/1706 1691/1691/1691 1691/1691/1691 
f 1691/1691/1691 1691/1691/1691 1691/1691/1691 
f 1691/1691/1691 1693/1693/1693 1691/1691/1691 
f 1691/1691/1691 1693/1693/1693 1711/1711/1711 
f 1693/1693/1693 1712/1712/1712 1711/1711/1711 
f 1711/1711/1711 1712/1712/1712 1713/1713/1713 
f 1712/1712/1712 1714/1714/1714 1713/1713/1713 
f 1713/1713/1713 1714/1714/1714 1707/1707/1707 
f 1714/1714/1714 1705/1705/1705 1707/1707/1707 
f 1707/1707/1707 1705/1705/1705 1705/1705/1705 
f 1705/1705/1705 1693/1693/1693 1705/1705/1705 
f 1705/1705/1705 1693/1693/1693 1693/1693/1693 
f 1693/1693/1693 1695/1695/1695 1693/1693/1693 
f 1693/1693/1693 1695/1695/1695 1712/1712/1712 
f 1695/1695/1695 1715/1715/1715 1712/1712/1712 
f 1712/1712/1712 1715/1715/1715 1714/1714/1714 
f 1715/1715/1715 1716/1716/1716 1714/1714/1714 
f 1714/1714/1714 1716/1716/1716 1705/1705/1705 
f 1716/1716/1716 1703/1703/1703 1705/1705/1705 
f 1668/1668/1668 1650/1650/1650 1649/1649/1649 
f 918/918/918 1717/1717/1717 916/916/916 
f 1344/1344/1344 1718/1718/1718 1342/1342/1342 
f 1556/1556/1556 1538/1538/1538 1537/1537/1537 
f 1069/1069/1069 1719/1719/1719 1071/1071/1071 
f 1315/1315/1315 1720/1720/1720 1317/1317/1317 
f 975/975/975 1721/1721/1721 973/973/973 
f 78/78/78 1722/1722/1722 76/76/76 
f 1415/1415/1415 1723/1723/1723 1413/1413/1413 
f 108/108/108 1724/1724/1724 109/109/109 
f 67/67/67 1725/1725/1725 69/69/69 
f 136/136/136 1726/1726/1726 138/138/138 
f 1047/1047/1047 1727/1727/1727 1045/1045/1045 
f 1327/1327/1327 1728/1728/1728 1325/1325/1325 
f 1262/1262/1262 1729/1729/1729 1260/1260/1260 
f 1647/1647/1647 1640/1640/1640 1638/1638/1638 
f 410/410/410 1730/1730/1730 408/408/408 
f 443/443/443 1731/1731/1731 441/441/441 
f 1284/1284/1284 1732/1732/1732 1286/1286/1286 
f 1121/1121/1121 1733/1733/1733 1123/1123/1123 
f 327/327/327 1734/1734/1734 329/329/329 
f 104/104/104 1735/1735/1735 106/106/106 
f 179/179/179 1736/1736/1736 182/182/182 
f 169/169/169 1737/1737/1737 171/171/171 
f 807/807/807 1738/1738/1738 805/805/805 
f 1111/1111/1111 1739/1739/1739 1109/1109/1109 
f 204/204/204 1740/1740/1740 202/202/202 
f 695/695/695 1741/1741/1741 697/697/697 
f 674/674/674 1742/1742/1742 676/676/676 
f 254/254/254 1743/1743/1743 256/256/256 
f 163/163/163 1744/1744/1744 166/166/166 
f 69/69/69 1745/1745/1745 72/72/72 
f 138/138/138 1746/1746/1746 141/141/141 
f 1313/1313/1313 1747/1747/1747 1311/1311/1311 
f 526/526/526 1748/1748/1748 524/524/524 
f 1420/1420/1420 1749/1749/1749 1418/1418/1418 
f 1503/1503/1503 1486/1486/1486 1485/1485/1485 
f 242/242/242 1750/1750/1750 244/244/244 
f 38/38/38 1751/1751/1751 40/40/40 
f 161/161/161 1752/1752/1752 163/163/163 
f 147/147/147 1753/1753/1753 145/145/145 
f 177/177/177 1754/1754/1754 179/179/179 
f 173/173/173 1755/1755/1755 174/174/174 
f 1302/1302/1302 1756/1756/1756 1300/1300/1300 
f 1253/1253/1253 1757/1757/1757 1251/1251/1251 
f 1042/1042/1042 1758/1758/1758 1040/1040/1040 
f 1446/1446/1446 1759/1759/1759 1444/1444/1444 
f 1441/1441/1441 1760/1760/1760 1439/1439/1439 
f 1761/1761/1761 1762/1762/1762 1763/1763/1763 
f 1764/1764/1764 1765/1765/1765 1766/1766/1766 
f 1767/1767/1767 1768/1768/1768 1769/1769/1769 
f 1770/1770/1770 1771/1771/1771 1772/1772/1772 
f 1773/1773/1773 1774/1774/1774 1775/1775/1775 
f 1776/1776/1776 1777/1777/1777 1778/1778/1778 
f 1779/1779/1779 1780/1780/1780 1781/1781/1781 
f 1782/1782/1782 1783/1783/1783 1784/1784/1784 
f 1785/1785/1785 1786/1786/1786 1787/1787/1787 
f 1788/1788/1788 1789/1789/1789 1790/1790/1790 
f 1791/1791/1791 1792/1792/1792 1793/1793/1793 
f 1794/1794/1794 1795/1795/1795 1796/1796/1796 
f 1797/1797/1797 1798/1798/1798 1799/1799/1799 
f 1800/1800/1800 1801/1801/1801 1802/1802/1802 
f 1803/1803/1803 1804/1804/1804 1805/1805/1805 
f 1806/1806/1806 1807/1807/1807 1808/1808/1808 
f 1809/1809/1809 1810/1810/1810 1811/1811/1811 
f 1812/1812/1812 1813/1813/1813 1814/1814/1814 
f 1815/1815/1815 1816/1816/1816 1817/1817/1817 
f 1818/1818/1818 1819/1819/1819 1820/1820/1820 
f 1821/1821/1821 1822/1822/1822 1823/1823/1823 
f 1824/1824/1824 1825/1825/1825 1826/1826/1826 
f 1827/1827/1827 1828/1828/1828 1829/1829/1829 
f 1830/1830/1830 1831/1831/1831 1832/1832/1832 
f 1833/1833/1833 1834/1834/1834 1835/1835/1835 
f 1836/1836/1836 1837/1837/1837 1838/1838/1838 
f 1839/1839/1839 1840/1840/1840 1841/1841/1841 
f 1842/1842/1842 1843/1843/1843 1844/1844/1844 
f 1845/1845/1845 1846/1846/1846 1847/1847/1847 
f 1848/1848/1848 1849/1849/1849 1845/1845/1845 
f 1850/1850/1850 1851/1851/1851 1852/1852/1852 
f 1853/1853/1853 1854/1854/1854 1855/1855/1855 
f 1856/1856/1856 1857/1857/1857 1858/1858/1858 
f 1859/1859/1859 1860/1860/1860 1861/1861/1861 
f 1862/1862/1862 1863/1863/1863 1864/1864/1864 
f 1865/1865/1865 1866/1866/1866 1867/1867/1867 
f 1868/1868/1868 1869/1869/1869 1870/1870/1870 
f 1871/1871/1871 1872/1872/1872 1873/1873/1873 
f 1874/1874/1874 1875/1875/1875 1876/1876/1876 
f 1877/1877/1877 1878/1878/1878 1879/1879/1879 
f 1880/1880/1880 1881/1881/1881 1882/1882/1882 
f 1883/1883/1883 1884/1884/1884 1885/1885/1885 
f 1886/1886/1886 1887/1887/1887 1888/1888/1888 
f 1889/1889/1889 1890/1890/1890 1891/1891/1891 
f 1892/1892/1892 1893/1893/1893 1894/1894/1894 
f 1895/1895/1895 1896/1896/1896 1897/1897/1897 
f 1898/1898/1898 1899/1899/1899 1900/1900/1900 
f 1901/1901/1901 1902/1902/1902 1903/1903/1903 
f 1904/1904/1904 1905/1905/1905 1906/1906/1906 
f 1907/1907/1907 1908/1908/1908 1909/1909/1909 
f 1910/1910/1910 1911/1911/1911 1912/1912/1912 
f 1913/1913/1913 1914/1914/1914 1915/1915/1915 
f 1916/1916/1916 1917/1917/1917 1918/1918/1918 
f 1919/1919/1919 1920/1920/1920 1921/1921/1921 
f 1922/1922/1922 1923/1923/1923 1924/1924/1924 
f 1925/1925/1925 1926/1926/1926 1927/1927/1927 
f 1928/1928/1928 1929/1929/1929 1930/1930/1930 
f 1931/1931/1931 1932/1932/1932 1933/1933/1933 
f 1934/1934/1934 1935/1935/1935 1936/1936/1936 
f 1937/1937/1937 1938/1938/1938 1939/1939/1939 
f 1940/1940/1940 1941/1941/1941 1942/1942/1942 
f 1943/1943/1943 1944/1944/1944 1945/1945/1945 
f 1946/1946/1946 1947/1947/1947 1948/1948/1948 
f 1949/1949/1949 1950/1950/1950 1951/1951/1951 
f 1952/1952/1952 1953/1953/1953 1954/1954/1954 
f 1955/1955/1955 1956/1956/1956 1957/1957/1957 
f 1958/1958/1958 1959/1959/1959 1960/1960/1960 
f 1961/1961/1961 1962/1962/1962 1963/1963/1963 
f 1964/1964/1964 1965/1965/1965 1966/1966/1966 
f 1967/1967/1967 1968/1968/1968 1969/1969/1969 
f 1970/1970/1970 1971/1971/1971 1972/1972/1972 
f 1973/1973/1973 1974/1974/1974 1975/1975/1975 
f 1976/1976/1976 1977/1977/1977 1978/1978/1978 
f 1979/1979/1979 1980/1980/1980 1981/1981/1981 
f 1982/1982/1982 1983/1983/1983 1984/1984/1984 
f 1985/1985/1985 1986/1986/1986 1987/1987/1987 
f 1988/1988/1988 1989/1989/1989 1990/1990/1990 
f 1991/1991/1991 1992/1992/1992 1993/1993/1993 
f 1994/1994/1994 1995/1995/1995 1996/1996/1996 
f 1997/1997/1997 1998/1998/1998 1999/1999/1999 
f 2000/2000/2000 2001/2001/2001 2002/2002/2002 
f 2003/2003/2003 2004/2004/2004 2005/2005/2005 
f 2006/2006/2006 2007/2007/2007 2008/2008/2008 
f 2009/2009/2009 2010/2010/2010 2011/2011/2011 
f 2012/2012/2012 2013/2013/2013 2014/2014/2014 
f 2015/2015/2015 2016/2016/2016 2017/2017/2017 
f 2018/2018/2018 2019/2019/2019 2020/2020/2020 
f 2021/2021/2021 2022/2022/2022 2023/2023/2023 
f 2024/2024/2024 2025/2025/2025 2026/2026/2026 
f 2027/2027/2027 2028/2028/2028 2029/2029/2029 
f 2030/2030/2030 2031/2031/2031 2032/2032/2032 
f 2033/2033/2033 2034/2034/2034 2035/2035/2035 
f 2036/2036/2036 2037/2037/2037 2038/2038/2038 
f 2039/2039/2039 2040/2040/2040 2041/2041/2041 
f 2042/2042/2042 2043/2043/2043 2044/2044/2044 
f 2045/2045/2045 2046/2046/2046 2047/2047/2047 
f 2048/2048/2048 2049/2049/2049 2050/2050/2050 
f 2051/2051/2051 2052/2052/2052 2053/2053/2053 
f 2054/2054/2054 2055/2055/2055 2056/2056/2056 
f 2057/2057/2057 2058/2058/2058 2059/2059/2059 
f 2060/2060/2060 2061/2061/2061 2062/2062/2062 
f 2063/2063/2063 2064/2064/2064 2065/2065/2065 
f 2066/2066/2066 2067/2067/2067 2068/2068/2068 
f 2069/2069/2069 2070/2070/2070 2071/2071/2071 
f 2072/2072/2072 2073/2073/2073 2074/2074/2074 
f 2075/2075/2075 2076/2076/2076 2077/2077/2077 
f 2078/2078/2078 2079/2079/2079 2080/2080/2080 
f 2081/2081/2081 2082/2082/2082 2083/2083/2083 
f 2084/2084/2084 2085/2085/2085 2086/2086/2086 
f 2087/2087/2087 2088/2088/2088 2089/2089/2089 
f 2090/2090/2090 2091/2091/2091 2092/2092/2092 
f 2093/2093/2093 2094/2094/2094 2095/2095/2095 
f 2096/2096/2096 2097/2097/2097 2098/2098/2098 
f 2099/2099/2099 2100/2100/2100 2101/2101/2101 
f 2102/2102/2102 2103/2103/2103 2104/2104/2104 
f 2105/2105/2105 2106/2106/2106 2107/2107/2107 
f 2108/2108/2108 2109/2109/2109 2110/2110/2110 
f 2111/2111/2111 2112/2112/2112 2113/2113/2113 
f 2114/2114/2114 2115/2115/2115 2116/2116/2116 
f 2117/2117/2117 2118/2118/2118 2119/2119/2119 
f 2120/2120/2120 2121/2121/2121 2122/2122/2122 
f 2123/2123/2123 2124/2124/2124 2125/2125/2125 
f 2126/2126/2126 2127/2127/2127 2128/2128/2128 
f 2129/2129/2129 2130/2130/2130 2131/2131/2131 
f 2132/2132/2132 2133/2133/2133 2134/2134/2134 
f 2135/2135/2135 2136/2136/2136 2137/2137/2137 
f 2138/2138/2138 2139/2139/2139 2140/2140/2140 
f 2141/2141/2141 2142/2142/2142 2143/2143/2143 
f 2144/2144/2144 2145/2145/2145 2146/2146/2146 
f 2147/2147/2147 2148/2148/2148 2149/2149/2149 
f 2150/2150/2150 2151/2151/2151 2152/2152/2152 
f 2153/2153/2153 2154/2154/2154 2155/2155/2155 
f 2156/2156/2156 2157/2157/2157 2158/2158/2158 
f 2159/2159/2159 2160/2160/2160 2161/2161/2161 
f 2162/2162/2162 2163/2163/2163 2164/2164/2164 
f 2165/2165/2165 2166/2166/2166 2167/2167/2167 
f 2168/2168/2168 2169/2169/2169 2170/2170/2170 
f 2171/2171/2171 2172/2172/2172 2173/2173/2173 
f 2174/2174/2174 2175/2175/2175 2176/2176/2176 
f 2177/2177/2177 2178/2178/2178 2179/2179/2179 
f 2180/2180/2180 2181/2181/2181 2182/2182/2182 
f 2183/2183/2183 2184/2184/2184 2185/2185/2185 
f 2186/2186/2186 2187/2187/2187 2188/2188/2188 
f 2189/2189/2189 2190/2190/2190 2191/2191/2191 
f 2192/2192/2192 2193/2193/2193 2194/2194/2194 
f 2195/2195/2195 2196/2196/2196 2197/2197/2197 
f 2198/2198/2198 2199/2199/2199 2200/2200/2200 
f 2201/2201/2201 2202/2202/2202 2203/2203/2203 
f 2204/2204/2204 2205/2205/2205 2206/2206/2206 
f 2207/2207/2207 2208/2208/2208 2209/2209/2209 
f 2210/2210/2210 2211/2211/2211 2212/2212/2212 
f 2213/2213/2213 2214/2214/2214 2215/2215/2215 
f 2216/2216/2216 2217/2217/2217 2218/2218/2218 
f 2219/2219/2219 2220/2220/2220 2221/2221/2221 
f 2222/2222/2222 2223/2223/2223 2224/2224/2224 
f 2225/2225/2225 2226/2226/2226 2227/2227/2227 
f 2228/2228/2228 2229/2229/2229 2230/2230/2230 
f 2231/2231/2231 2232/2232/2232 2233/2233/2233 
f 2234/2234/2234 2235/2235/2235 2236/2236/2236 
f 2237/2237/2237 2238/2238/2238 2239/2239/2239 
f 2240/2240/2240 2241/2241/2241 2242/2242/2242 
f 2243/2243/2243 2244/2244/2244 2245/2245/2245 
f 2246/2246/2246 2247/2247/2247 2248/2248/2248 
f 2249/2249/2249 2250/2250/2250 2251/2251/2251 
f 2252/2252/2252 2253/2253/2253 2254/2254/2254 
f 2255/2255/2255 2256/2256/2256 2257/2257/2257 
f 2258/2258/2258 2259/2259/2259 2260/2260/2260 
f 2261/2261/2261 2262/2262/2262 2263/2263/2263 
f 2264/2264/2264 2265/2265/2265 2266/2266/2266 
f 2267/2267/2267 2268/2268/2268 2269/2269/2269 
f 2270/2270/2270 2271/2271/2271 2272/2272/2272 
f 2273/2273/2273 2274/2274/2274 2275/2275/2275 
f 2276/2276/2276 2277/2277/2277 2278/2278/2278 
f 2279/2279/2279 2280/2280/2280 2281/2281/2281 
f 2282/2282/2282 2283/2283/2283 2284/2284/2284 
f 2285/2285/2285 2286/2286/2286 2287/2287/2287 
f 2288/2288/2288 2289/2289/2289 2290/2290/2290 
f 2291/2291/2291 2292/2292/2292 2293/2293/2293 
f 2294/2294/2294 2295/2295/2295 2296/2296/2296 
f 2297/2297/2297 2298/2298/2298 2299/2299/2299 
f 2300/2300/2300 2301/2301/2301 2302/2302/2302 
f 2303/2303/2303 2304/2304/2304 2305/2305/2305 
f 2306/2306/2306 2307/2307/2307 2308/2308/2308 
f 2309/2309/2309 2310/2310/2310 2311/2311/2311 
f 2312/2312/2312 2313/2313/2313 2314/2314/2314 
f 2315/2315/2315 2316/2316/2316 2317/2317/2317 
f 2318/2318/2318 2319/2319/2319 2320/2320/2320 
f 2321/2321/2321 2322/2322/2322 2323/2323/2323 
f 2324/2324/2324 2325/2325/2325 2326/2326/2326 
f 2327/2327/2327 2328/2328/2328 2329/2329/2329 
f 2330/2330/2330 2331/2331/2331 2332/2332/2332 
f 2333/2333/2333 2334/2334/2334 2335/2335/2335 
f 2336/2336/2336 2337/2337/2337 2338/2338/2338 
f 2339/2339/2339 2340/2340/2340 2341/2341/2341 
f 2342/2342/2342 2343/2343/2343 2344/2344/2344 
f 2345/2345/2345 2346/2346/2346 2347/2347/2347 
f 2348/2348/2348 2349/2349/2349 2350/2350/2350 
f 2351/2351/2351 2352/2352/2352 2353/2353/2353 
f 2354/2354/2354 2355/2355/2355 2356/2356/2356 
f 2357/2357/2357 2358/2358/2358 2359/2359/2359 
f 2360/2360/2360 2361/2361/2361 2362/2362/2362 
f 2363/2363/2363 2364/2364/2364 2365/2365/2365 
f 2366/2366/2366 2367/2367/2367 2368/2368/2368 
f 2369/2369/2369 2370/2370/2370 2371/2371/2371 
f 2372/2372/2372 2373/2373/2373 2374/2374/2374 
f 2375/2375/2375 2376/2376/2376 2377/2377/2377 
f 2378/2378/2378 2379/2379/2379 2380/2380/2380 
f 2381/2381/2381 2382/2382/2382 2383/2383/2383 
f 2384/2384/2384 2385/2385/2385 2386/2386/2386 
f 2387/2387/2387 2388/2388/2388 2389/2389/2389 
f 2390/2390/2390 2391/2391/2391 2392/2392/2392 
f 2393/2393/2393 2394/2394/2394 2395/2395/2395 
f 2396/2396/2396 2397/2397/2397 2398/2398/2398 
f 2399/2399/2399 2400/2400/2400 2401/2401/2401 
f 2402/2402/2402 2403/2403/2403 2404/2404/2404 
f 2405/2405/2405 2406/2406/2406 2407/2407/2407 
f 2408/2408/2408 2409/2409/2409 2410/2410/2410 
f 2411/2411/2411 2412/2412/2412 2413/2413/2413 
f 2414/2414/2414 2415/2415/2415 2416/2416/2416 
f 2417/2417/2417 2418/2418/2418 2419/2419/2419 
f 2420/2420/2420 2421/2421/2421 2422/2422/2422 
f 2423/2423/2423 2424/2424/2424 2425/2425/2425 

