mtllib model_4.mtl
o model_4
v -169.08665466308594 -31.8570556640625 -183.86672973632812 
v -170.8577117919922 -36.28926467895508 -180.8709716796875 
v -170.3711700439453 -27.061779022216797 -186.35107421875 
v -174.03475952148438 -23.181915283203125 -187.74061584472656 
v -180.05484008789062 -39.53956985473633 -176.80642700195312 
v -185.20823669433594 -37.579368591308594 -176.72755432128906 
v -188.87184143066406 -33.69950485229492 -178.11709594726562 
v -188.49171447753906 -24.6091365814209 -183.49232482910156 
v -179.18817138671875 -21.22171401977539 -187.6617431640625 
v -120.46632385253906 61.84136962890625 -41.45319747924805 
v -118.45970916748047 59.26663589477539 -40.43067932128906 
v -130.74221801757812 36.574344635009766 -84.91063690185547 
v -128.73561096191406 33.999610900878906 -83.88811492919922 
v -147.30694580078125 -11.664795875549316 -162.4275665283203 
v -147.79344177246094 -14.871822357177734 -160.44790649414062 
v -118.94619750976562 56.059608459472656 -38.451011657714844 
v -129.2220916748047 30.792585372924805 -81.908447265625 
v -150.92503356933594 -16.326828002929688 -158.86143493652344 
v -122.0777816772461 54.60460662841797 -36.86454772949219 
v -132.3536834716797 29.33757972717285 -80.32198333740234 
v -154.31503295898438 -15.534638404846191 -158.5204315185547 
v -125.46778106689453 55.396793365478516 -36.52354431152344 
v -135.74368286132812 30.12976837158203 -79.98098754882812 
v -156.43565368652344 -12.676788330078125 -159.68060302734375 
v -127.58840942382812 58.25464630126953 -37.683719635009766 
v -137.8643035888672 32.98762130737305 -81.14115905761719 
v -155.72874450683594 -9.615763664245605 -161.62750244140625 
v -126.8814926147461 61.315670013427734 -39.630619049072266 
v -137.1573944091797 36.04864501953125 -83.08805847167969 
v -152.8175811767578 -8.014756202697754 -163.24673461914062 
v -123.97032928466797 62.91667556762695 -41.249847412109375 
v -134.24623107910156 37.64965057373047 -84.70729064941406 
v -149.31356811523438 -9.09006404876709 -163.45008850097656 
v -120.46632385253906 61.84136962890625 -41.45319747924805 
v -130.74221801757812 36.574344635009766 -84.91063690185547 
v -192.13784790039062 -26.705245971679688 -226.78990173339844 
v -190.67849731445312 -29.125091552734375 -225.72802734375 
v -193.55162048339844 -26.806833267211914 -226.39654541015625 
v -193.9392852783203 -29.456501007080078 -224.76429748535156 
v -157.00303649902344 71.2928237915039 -43.81611251831055 
v -162.6200714111328 74.80574035644531 -44.530399322509766 
v -162.16409301757812 67.65280151367188 -40.47935104370117 
v -164.98397827148438 73.04985046386719 -42.95051956176758 
v -205.28106689453125 -28.414945602416992 -169.8199005126953 
v -208.71881103515625 -36.86791229248047 -184.35838317871094 
v -204.7946319580078 -31.228382110595703 -168.29913330078125 
v -208.2323760986328 -39.68135070800781 -182.83761596679688 
v -212.71372985839844 -51.06793975830078 -207.7595672607422 
v -212.36410522460938 -52.33753967285156 -207.10406494140625 
v -205.25732421875 -59.951263427734375 -204.3577423095703 
v -199.7650146484375 -44.25181579589844 -182.18243408203125 
v -202.8174591064453 -62.39775848388672 -203.51223754882812 
v -194.99168395996094 -49.281925201416016 -180.3865203857422 
v -206.63311767578125 -62.1540412902832 -202.75169372558594 
v -202.9498291015625 -48.78561019897461 -178.79331970214844 
v -205.25732421875 -59.951263427734375 -204.3577423095703 
v -199.7650146484375 -44.25181579589844 -182.18243408203125 
v -196.32725524902344 -35.79884719848633 -167.64395141601562 
v -199.5120849609375 -40.332645416259766 -164.25482177734375 
v -204.0485076904297 -30.441843032836914 -221.8009796142578 
v -201.40341186523438 -32.19386291503906 -221.40777587890625 
v -205.34066772460938 -31.246788024902344 -221.0274200439453 
v -203.98773193359375 -33.80375289916992 -219.8606719970703 
v -205.7438201904297 -63.158287048339844 -202.37808227539062 
v -200.7303924560547 -51.08610534667969 -177.98057556152344 
v -206.63311767578125 -62.1540412902832 -202.75169372558594 
v -202.9498291015625 -48.78561019897461 -178.79331970214844 
v -197.29263305664062 -42.63313674926758 -163.44207763671875 
v -199.5120849609375 -40.332645416259766 -164.25482177734375 
v -209.38446044921875 -42.47775650024414 -213.5413055419922 
v -203.0560760498047 -30.861345291137695 -189.1897430419922 
v -212.02955627441406 -40.725738525390625 -213.93450927734375 
v -208.2398681640625 -27.22018814086914 -190.08102416992188 
v -204.80210876464844 -18.767221450805664 -175.54254150390625 
v -199.6183319091797 -22.408376693725586 -174.6512451171875 
v -186.6893768310547 9.382136344909668 -119.97388458251953 
v -203.0560760498047 -30.861345291137695 -189.1897430419922 
v -209.38446044921875 -42.47775650024414 -213.5413055419922 
v -200.76055908203125 -25.32330322265625 -192.9524688720703 
v -208.56353759765625 -39.699851989746094 -215.35055541992188 
v -171.63160705566406 -4.407573699951172 -191.73501586914062 
v -175.3636932373047 -8.78648567199707 -188.30653381347656 
v -168.56085205078125 -5.611119270324707 -191.7613525390625 
v -168.6749267578125 -11.34846019744873 -188.39857482910156 
v -159.30300903320312 -11.743185997009277 -190.38514709472656 
v -157.08355712890625 -14.043679237365723 -189.57240295410156 
v -162.74075317382812 -20.19615364074707 -204.9236297607422 
v -160.5213165283203 -22.496646881103516 -204.1108856201172 
v -168.78793334960938 -35.32047653198242 -227.3021240234375 
v -167.8986358642578 -36.32472229003906 -226.92852783203125 
v -177.0818634033203 -46.26267623901367 -166.11082458496094 
v -180.5196075439453 -54.715641021728516 -180.64930725097656 
v -173.9351348876953 -51.66860580444336 -163.71177673339844 
v -177.3728790283203 -60.12157440185547 -178.25025939941406 
v -182.3863067626953 -72.19375610351562 -202.64776611328125 
v -183.9596710205078 -69.49079132080078 -203.8472900390625 
v -173.9351348876953 -51.66860580444336 -163.71177673339844 
v -170.67433166503906 -51.33720016479492 -164.67550659179688 
v -177.0818634033203 -46.26267623901367 -166.11082458496094 
v -170.23342895507812 -45.608741760253906 -168.1103973388672 
v -134.1730499267578 13.932055473327637 -67.41014099121094 
v -136.99295043945312 19.329105377197266 -69.88130950927734 
v -125.42919921875 35.43199920654297 -30.431808471679688 
v -128.24908447265625 40.82904815673828 -32.902976989746094 
v -148.46458435058594 -8.878084182739258 -118.39562225341797 
v -153.62562561035156 -12.518105506896973 -115.05885314941406 
v -145.6446990966797 -14.275134086608887 -115.92445373535156 
v -148.22901916503906 -15.885025024414062 -114.37733459472656 
v -119.57643127441406 42.9735221862793 -36.2005500793457 
v -118.53507995605469 45.60542297363281 -37.977027893066406 
v -126.01439666748047 43.70853805541992 -35.105587005615234 
v -123.93929290771484 49.392581939697266 -38.901084899902344 
v -189.6859588623047 -17.503671646118164 -200.11766052246094 
v -193.9392852783203 -29.456501007080078 -224.76429748535156 
v -183.05795288085938 -16.7037353515625 -202.15000915527344 
v -190.67849731445312 -29.125091552734375 -225.72802734375 
v -162.38818359375 -58.03614807128906 -215.60804748535156 
v -163.01907348632812 -59.27909851074219 -214.73619079589844 
v -165.0332794189453 -56.28413009643555 -216.00125122070312 
v -166.0746307373047 -58.91603088378906 -214.22476196289062 
v -134.7582550048828 22.208595275878906 -72.08392333984375 
v -128.32028198242188 21.47357749938965 -73.17888641357422 
v -126.01439666748047 43.70853805541992 -35.105587005615234 
v -119.57643127441406 42.9735221862793 -36.2005500793457 
v -160.3748016357422 -18.714595794677734 -186.07838439941406 
v -163.81256103515625 -27.16756248474121 -200.61688232421875 
v -157.08355712890625 -14.043679237365723 -189.57240295410156 
v -160.5213165283203 -22.496646881103516 -204.1108856201172 
v -167.8986358642578 -36.32472229003906 -226.92852783203125 
v -169.38084411621094 -38.66462326049805 -225.2175750732422 
v -165.1481170654297 -13.68448543548584 -187.87429809570312 
v -160.3748016357422 -18.714595794677734 -186.07838439941406 
v -159.30300903320312 -11.743185997009277 -190.38514709472656 
v -157.08355712890625 -14.043679237365723 -189.57240295410156 
v -159.30300903320312 -11.743185997009277 -190.38514709472656 
v -162.74075317382812 -20.19615364074707 -204.9236297607422 
v -165.1481170654297 -13.68448543548584 -187.87429809570312 
v -168.58587646484375 -22.137453079223633 -202.4127960205078 
v -171.60028076171875 -36.36412811279297 -226.0303192138672 
v -168.78793334960938 -35.32047653198242 -227.3021240234375 
v -168.78793334960938 -35.32047653198242 -227.3021240234375 
v -167.8986358642578 -36.32472229003906 -226.92852783203125 
v -171.60028076171875 -36.36412811279297 -226.0303192138672 
v -169.38084411621094 -38.66462326049805 -225.2175750732422 
v -193.9392852783203 -29.456501007080078 -224.76429748535156 
v -189.6859588623047 -17.503671646118164 -200.11766052246094 
v -193.55162048339844 -26.806833267211914 -226.39654541015625 
v -189.24505615234375 -11.775211334228516 -203.5525665283203 
v -185.8072967529297 -3.322244167327881 -189.01406860351562 
v -186.24819946289062 -9.050704002380371 -185.5791778564453 
v -180.9725341796875 -72.09217071533203 -203.0411376953125 
v -180.8052978515625 -69.29650115966797 -204.70614624023438 
v -174.11209106445312 -59.790164947509766 -179.2139892578125 
v -173.6711883544922 -54.06170654296875 -182.64889526367188 
v -170.23342895507812 -45.608741760253906 -168.1103973388672 
v -180.8052978515625 -69.29650115966797 -204.70614624023438 
v -183.9596710205078 -69.49079132080078 -203.8472900390625 
v -173.6711883544922 -54.06170654296875 -182.64889526367188 
v -180.5196075439453 -54.715641021728516 -180.64930725097656 
v -165.0332794189453 -56.28413009643555 -216.00125122070312 
v -166.0746307373047 -58.91603088378906 -214.22476196289062 
v -160.521484375 -40.55803298950195 -193.60958862304688 
v -162.59658813476562 -46.2420768737793 -189.8140869140625 
v -166.0746307373047 -58.91603088378906 -214.22476196289062 
v -163.01907348632812 -59.27909851074219 -214.73619079589844 
v -162.59658813476562 -46.2420768737793 -189.8140869140625 
v -156.15863037109375 -46.97709274291992 -190.90904235839844 
v -152.7208709716797 -38.52412414550781 -176.3705596923828 
v -159.15882873535156 -37.78910827636719 -175.2755889892578 
v -146.22988891601562 -5.998593807220459 -120.59822845458984 
v -162.38818359375 -58.03614807128906 -215.60804748535156 
v -165.0332794189453 -56.28413009643555 -216.00125122070312 
v -155.11727905273438 -44.345191955566406 -192.68553161621094 
v -160.521484375 -40.55803298950195 -193.60958862304688 
v -157.08372497558594 -32.105064392089844 -179.0710906982422 
v -151.6795196533203 -35.8922233581543 -178.14703369140625 
v -138.75057983398438 -4.101709365844727 -123.46967315673828 
v -182.1654815673828 -30.196529388427734 -227.11805725097656 
v -180.242431640625 -28.148632049560547 -228.7634735107422 
v -178.8743133544922 -31.54607582092285 -227.11163330078125 
v -178.927490234375 -28.604402542114258 -228.8094024658203 
v -171.60028076171875 -36.36412811279297 -226.0303192138672 
v -169.38084411621094 -38.66462326049805 -225.2175750732422 
v -168.58587646484375 -22.137453079223633 -202.4127960205078 
v -163.81256103515625 -27.16756248474121 -200.61688232421875 
v -145.6869659423828 35.74299240112305 -22.738523483276367 
v -134.2703857421875 36.69280242919922 -25.990320205688477 
v -143.7030792236328 40.449440002441406 -25.94405746459961 
v -138.3748321533203 40.86466979980469 -27.44539451599121 
v -142.15399169921875 15.68908405303955 -66.54454803466797 
v -136.99295043945312 19.329105377197266 -69.88130950927734 
v -136.75738525390625 12.322164535522461 -65.86302947998047 
v -134.1730499267578 13.932055473327637 -67.41014099121094 
v -192.13784790039062 -26.705245971679688 -226.78990173339844 
v -186.31109619140625 -11.434921264648438 -204.44418334960938 
v -190.67849731445312 -29.125091552734375 -225.72802734375 
v -183.05795288085938 -16.7037353515625 -202.15000915527344 
v -179.62020874023438 -8.250767707824707 -187.6115264892578 
v -182.8733367919922 -2.9819531440734863 -189.9056854248047 
v -168.56085205078125 -5.611119270324707 -191.7613525390625 
v -168.6749267578125 -11.34846019744873 -188.39857482910156 
v -171.9986114501953 -14.0640869140625 -206.2998504638672 
v -172.1126708984375 -19.801427841186523 -202.9370574951172 
v -178.8743133544922 -31.54607582092285 -227.11163330078125 
v -148.22901916503906 -15.885025024414062 -114.37733459472656 
v -153.62562561035156 -12.518105506896973 -115.05885314941406 
v -161.157958984375 -47.675537109375 -169.05470275878906 
v -166.55458068847656 -44.30862045288086 -169.73622131347656 
v -169.99234008789062 -52.7615852355957 -184.2747039794922 
v -164.59571838378906 -56.12850570678711 -183.5931854248047 
v -170.58966064453125 -68.17404174804688 -207.77435302734375 
v -201.68040466308594 -40.69948959350586 -183.794921875 
v -209.08811950683594 -52.84660720825195 -207.5827178955078 
v -203.2081298828125 -34.497493743896484 -187.03965759277344 
v -209.90138244628906 -50.024288177490234 -209.0313720703125 
v -188.02713012695312 -43.164981842041016 -165.32376098632812 
v -191.4648895263672 -51.617950439453125 -179.8622589111328 
v -188.0347900390625 -48.76520538330078 -162.0658721923828 
v -191.47254943847656 -57.218170166015625 -176.60435485839844 
v -195.60426330566406 -69.87435913085938 -200.8708038330078 
v -195.76385498046875 -67.06980895996094 -202.4636993408203 
v -181.33836364746094 -45.72695541381836 -165.41580200195312 
v -188.02713012695312 -43.164981842041016 -165.32376098632812 
v -184.9640350341797 -49.96875 -162.0922088623047 
v -188.0347900390625 -48.76520538330078 -162.0658721923828 
v -191.8731689453125 13.023292541503906 -120.86517333984375 
v -186.6893768310547 9.382136344909668 -119.97388458251953 
v -190.83181762695312 15.655195236206055 -122.64165496826172 
v -184.39385986328125 14.920177459716797 -123.73661804199219 
v -160.8023223876953 47.016971588134766 -89.60159301757812 
v -159.86814880371094 49.3139762878418 -85.65090942382812 
v -183.78451538085938 10.931269645690918 -95.78825378417969 
v -182.81297302246094 13.320151329040527 -91.67955017089844 
v -141.5470733642578 -5.78085994720459 -177.1233673095703 
v -141.63070678710938 -7.178695201873779 -176.29086303710938 
v -142.22354125976562 -4.502378940582275 -177.7067413330078 
v -145.3779296875 -4.6966681480407715 -176.847900390625 
v -143.9717559814453 -4.17484188079834 -177.48379516601562 
v -144.5646514892578 -7.51898717880249 -175.3992462158203 
v -143.14329528808594 -7.837639808654785 -175.55006408691406 
v -128.01351928710938 33.822105407714844 -28.884695053100586 
v -125.42919921875 35.43199920654297 -30.431808471679688 
v -133.41014099121094 37.18902587890625 -29.566213607788086 
v -128.24908447265625 40.82904815673828 -32.902976989746094 
v -185.199462890625 23.34271812438965 -128.4431610107422 
v -182.37957763671875 17.945669174194336 -125.97199249267578 
v -182.8355712890625 25.09861183166504 -130.02304077148438 
v -177.21853637695312 21.585689544677734 -129.3087615966797 
v -157.08372497558594 -32.105064392089844 -179.0710906982422 
v -159.15882873535156 -37.78910827636719 -175.2755889892578 
v -144.15478515625 -0.31455129384994507 -124.39373016357422 
v -146.22988891601562 -5.998593807220459 -120.59822845458984 
v -162.78614807128906 48.33098602294922 -89.89649200439453 
v -185.76834106445312 12.245284080505371 -96.08316040039062 
v -161.8519744873047 50.627986907958984 -85.94581604003906 
v -184.7967987060547 14.63416576385498 -91.97445678710938 
v -169.29750061035156 -67.36909484863281 -208.5478973388672 
v -170.58966064453125 -68.17404174804688 -207.77435302734375 
v -170.6504364013672 -64.81212615966797 -209.71466064453125 
v -173.23475646972656 -66.4220199584961 -208.16754150390625 
v -159.86814880371094 49.3139762878418 -85.65090942382812 
v -161.8519744873047 50.627986907958984 -85.94581604003906 
v -182.81297302246094 13.320151329040527 -91.67955017089844 
v -184.7967987060547 14.63416576385498 -91.97445678710938 
v -156.9316864013672 -28.468915939331055 -181.22117614746094 
v -160.3694305419922 -36.92188262939453 -195.75967407226562 
v -151.42100524902344 -26.098495483398438 -183.90245056152344 
v -154.85874938964844 -34.55146408081055 -198.44093322753906 
v -162.0308380126953 -47.685062408447266 -221.71087646484375 
v -164.8431854248047 -48.72871398925781 -220.43907165527344 
v -163.89498901367188 -19.970691680908203 -116.00741577148438 
v -140.9501495361328 16.023130416870117 -109.97877502441406 
v -161.91116333007812 -21.284706115722656 -115.71251678466797 
v -138.96632385253906 14.709115982055664 -109.68387603759766 
v -151.42100524902344 -26.098495483398438 -183.90245056152344 
v -152.0138397216797 -23.422178268432617 -185.31832885742188 
v -156.9316864013672 -28.468915939331055 -181.22117614746094 
v -158.45941162109375 -22.266921997070312 -184.46591186523438 
v -162.78614807128906 48.33098602294922 -89.89649200439453 
v -160.8023223876953 47.016971588134766 -89.60159301757812 
v -185.76834106445312 12.245284080505371 -96.08316040039062 
v -183.78451538085938 10.931269645690918 -95.78825378417969 
v -152.0138397216797 -23.422178268432617 -185.31832885742188 
v -155.45159912109375 -31.875144958496094 -199.8568115234375 
v -158.45941162109375 -22.266921997070312 -184.46591186523438 
v -161.89715576171875 -30.71988868713379 -199.00439453125 
v -165.550048828125 -45.7692756652832 -221.99261474609375 
v -162.38047790527344 -46.415462493896484 -222.3663787841797 
v -162.38047790527344 -46.415462493896484 -222.3663787841797 
v -162.0308380126953 -47.685062408447266 -221.71087646484375 
v -165.550048828125 -45.7692756652832 -221.99261474609375 
v -164.8431854248047 -48.72871398925781 -220.43907165527344 
v -161.98927307128906 -15.284807205200195 -107.94803619384766 
v -139.04444885253906 20.709014892578125 -101.91939544677734 
v -160.0054473876953 -16.59882164001465 -107.65313720703125 
v -137.0606231689453 19.395000457763672 -101.62449645996094 
v -191.4648895263672 -51.617950439453125 -179.8622589111328 
v -184.77610778808594 -54.17992401123047 -179.9542999267578 
v -195.76385498046875 -67.06980895996094 -202.4636993408203 
v -192.47267150878906 -68.41935729980469 -202.457275390625 
v -160.08355712890625 -10.598922729492188 -99.88865661621094 
v -137.13873291015625 25.394899368286133 -93.86001586914062 
v -158.0997314453125 -11.91293716430664 -99.59375 
v -135.1549072265625 24.08088493347168 -93.56511688232422 
v -184.71868896484375 8.634265899658203 -99.73893737792969 
v -185.65286254882812 6.337264060974121 -103.68961334228516 
v -161.7738494873047 44.628089904785156 -93.71029663085938 
v -162.70802307128906 42.331085205078125 -97.66097259521484 
v -186.7025146484375 9.948280334472656 -100.0338363647461 
v -163.75767517089844 45.94210433959961 -94.00519561767578 
v -187.63668823242188 7.651278495788574 -103.98451232910156 
v -164.6918487548828 43.64509963989258 -97.95587158203125 
v -195.60426330566406 -69.87435913085938 -200.8708038330078 
v -194.289306640625 -70.33013153076172 -200.916748046875 
v -191.47254943847656 -57.218170166015625 -176.60435485839844 
v -188.40179443359375 -58.42171859741211 -176.63070678710938 
v -188.0347900390625 -48.76520538330078 -162.0658721923828 
v -184.9640350341797 -49.96875 -162.0922088623047 
v -194.289306640625 -70.33013153076172 -200.916748046875 
v -192.47267150878906 -68.41935729980469 -202.457275390625 
v -188.40179443359375 -58.42171859741211 -176.63070678710938 
v -184.77610778808594 -54.17992401123047 -179.9542999267578 
v -181.33836364746094 -45.72695541381836 -165.41580200195312 
v -155.25985717773438 -4.930049896240234 -87.58369445800781 
v -156.23138427734375 -7.318931579589844 -91.69239807128906 
v -132.3150177001953 31.06377410888672 -81.5550537109375 
v -133.2491912841797 28.766769409179688 -85.5057373046875 
v -169.99234008789062 -52.7615852355957 -184.2747039794922 
v -164.83128356933594 -49.12156677246094 -187.61146545410156 
v -173.23475646972656 -66.4220199584961 -208.16754150390625 
v -170.6504364013672 -64.81212615966797 -209.71466064453125 
v -164.6918487548828 43.64509963989258 -97.95587158203125 
v -162.70802307128906 42.331085205078125 -97.66097259521484 
v -187.63668823242188 7.651278495788574 -103.98451232910156 
v -185.65286254882812 6.337264060974121 -103.68961334228516 
v -170.58966064453125 -68.17404174804688 -207.77435302734375 
v -169.29750061035156 -67.36909484863281 -208.5478973388672 
v -164.59571838378906 -56.12850570678711 -183.5931854248047 
v -162.0113983154297 -54.51861572265625 -185.1403045654297 
v -161.157958984375 -47.675537109375 -169.05470275878906 
v -158.57363891601562 -46.06564712524414 -170.60182189941406 
v -148.22901916503906 -15.885025024414062 -114.37733459472656 
v -145.6446990966797 -14.275134086608887 -115.92445373535156 
v -169.29750061035156 -67.36909484863281 -208.5478973388672 
v -170.6504364013672 -64.81212615966797 -209.71466064453125 
v -162.0113983154297 -54.51861572265625 -185.1403045654297 
v -164.83128356933594 -49.12156677246094 -187.61146545410156 
v -161.39352416992188 -40.66859817504883 -173.07298278808594 
v -158.57363891601562 -46.06564712524414 -170.60182189941406 
v -145.6446990966797 -14.275134086608887 -115.92445373535156 
v -164.61373901367188 37.645198822021484 -105.72035217285156 
v -163.64219665527344 40.03408432006836 -101.61164855957031 
v -187.55857849121094 1.6513792276382446 -111.74899291992188 
v -186.62440490722656 3.948381185531616 -107.7983169555664 
v -160.3694305419922 -36.92188262939453 -195.75967407226562 
v -161.89715576171875 -30.71988868713379 -199.00439453125 
v -164.8431854248047 -48.72871398925781 -220.43907165527344 
v -165.550048828125 -45.7692756652832 -221.99261474609375 
v -161.7738494873047 44.628089904785156 -93.71029663085938 
v -163.75767517089844 45.94210433959961 -94.00519561767578 
v -184.71868896484375 8.634265899658203 -99.73893737792969 
v -186.7025146484375 9.948280334472656 -100.0338363647461 
v -166.59756469726562 38.95921325683594 -106.01525115966797 
v -189.54238891601562 2.965393543243408 -112.04389190673828 
v -165.6260223388672 41.34809875488281 -101.90654754638672 
v -188.6082305908203 5.262395858764648 -108.09321594238281 
v -162.0308380126953 -47.685062408447266 -221.71087646484375 
v -162.38047790527344 -46.415462493896484 -222.3663787841797 
v -154.85874938964844 -34.55146408081055 -198.44093322753906 
v -155.45159912109375 -31.875144958496094 -199.8568115234375 
v -151.42100524902344 -26.098495483398438 -183.90245056152344 
v -152.0138397216797 -23.422178268432617 -185.31832885742188 
v -163.64219665527344 40.03408432006836 -101.61164855957031 
v -165.6260223388672 41.34809875488281 -101.90654754638672 
v -186.62440490722656 3.948381185531616 -107.7983169555664 
v -188.6082305908203 5.262395858764648 -108.09321594238281 
v -209.08811950683594 -52.84660720825195 -207.5827178955078 
v -201.68040466308594 -40.69948959350586 -183.794921875 
v -212.36410522460938 -52.33753967285156 -207.10406494140625 
v -208.2323760986328 -39.68135070800781 -182.83761596679688 
v -204.7946319580078 -31.228382110595703 -168.29913330078125 
v -198.24266052246094 -32.24652099609375 -169.25643920898438 
v -166.59756469726562 38.95921325683594 -106.01525115966797 
v -164.61373901367188 37.645198822021484 -105.72035217285156 
v -189.54238891601562 2.965393543243408 -112.04389190673828 
v -187.55857849121094 1.6513792276382446 -111.74899291992188 
v -188.49273681640625 -0.6456233263015747 -115.69966888427734 
v -189.4642791748047 -3.034505605697632 -119.8083724975586 
v -165.54791259765625 35.34819793701172 -109.67102813720703 
v -166.5194549560547 32.95931625366211 -113.77973175048828 
v -182.22537231445312 4.405399799346924 -163.5143280029297 
v -181.7388916015625 7.612424850463867 -165.49400329589844 
v -180.32518005371094 1.6935503482818604 -162.3869171142578 
v -173.8035888671875 2.356367588043213 -164.31439208984375 
v -176.71475219726562 0.7553597688674927 -162.69515991210938 
v -175.32371520996094 8.138124465942383 -167.3165740966797 
v -173.0966796875 5.417391300201416 -166.26129150390625 
v -190.4765625 0.6683910489082336 -115.99456787109375 
v -167.53173828125 36.66221237182617 -109.96592712402344 
v -191.44810485839844 -1.7204912900924683 -120.103271484375 
v -168.50328063964844 34.27333068847656 -114.07463073730469 
v -138.2244873046875 16.984249114990234 -115.36749267578125 
v -131.52040100097656 25.62272071838379 -121.97532653808594 
v -136.9019317626953 16.108238220214844 -115.17089080810547 
v -130.19786071777344 24.7467098236084 -121.77872467041016 
v -190.4765625 0.6683910489082336 -115.99456787109375 
v -188.49273681640625 -0.6456233263015747 -115.69966888427734 
v -167.53173828125 36.66221237182617 -109.96592712402344 
v -165.54791259765625 35.34819793701172 -109.67102813720703 
v -198.74627685546875 -22.29781150817871 -195.18785095214844 
v -203.98773193359375 -33.80375289916992 -219.8606719970703 
v -193.58523559570312 -18.657791137695312 -198.5246124267578 
v -201.40341186523438 -32.19386291503906 -221.40777587890625 
v -189.4642791748047 -3.034505605697632 -119.8083724975586 
v -191.44810485839844 -1.7204912900924683 -120.103271484375 
v -166.5194549560547 32.95931625366211 -113.77973175048828 
v -168.50328063964844 34.27333068847656 -114.07463073730469 
v -152.8175811767578 -8.014756202697754 -163.24673461914062 
v -149.31356811523438 -9.09006404876709 -163.45008850097656 
v -155.72874450683594 -9.615763664245605 -161.62750244140625 
v -147.79344177246094 -14.871822357177734 -160.44790649414062 
v -154.31503295898438 -15.534638404846191 -158.5204315185547 
v -150.92503356933594 -16.326828002929688 -158.86143493652344 
v -123.91218566894531 58.10094451904297 -34.9390869140625 
v -121.72312927246094 57.48140335083008 -35.09649658203125 
v -125.24993133544922 59.81742858886719 -35.62076950073242 
v -119.38201904296875 60.49801254272461 -37.403995513916016 
v -122.90882110595703 62.83403778076172 -37.92826461791992 
v -120.71976470947266 62.214500427246094 -38.08567428588867 
v -203.98773193359375 -33.80375289916992 -219.8606719970703 
v -198.74627685546875 -22.29781150817871 -195.18785095214844 
v -205.34066772460938 -31.246788024902344 -221.0274200439453 
v -201.56617736816406 -16.9007625579834 -197.6590118408203 
v -198.12841796875 -8.447794914245605 -183.1205291748047 
v -195.30853271484375 -13.844843864440918 -180.64935302734375 
v -182.37957763671875 17.945669174194336 -125.97199249267578 
v -165.91415405273438 -30.48056411743164 -147.0878448486328 
v -169.3041534423828 -29.68837547302246 -146.74684143066406 
v -137.06690979003906 40.45086669921875 -25.0909481048584 
v -140.4569091796875 41.24305725097656 -24.74994659423828 
v -172.32933044433594 -31.006263732910156 -145.2652587890625 
v -143.48208618164062 39.9251708984375 -23.268369674682617 
v -172.81581115722656 -34.213287353515625 -143.2855987548828 
v -143.96856689453125 36.718143463134766 -21.2887020111084 
v -170.91561889648438 -36.92513656616211 -142.15818786621094 
v -142.068359375 34.00629425048828 -20.161296844482422 
v -167.30519104003906 -37.86333084106445 -142.46641540527344 
v -138.45794677734375 33.0681037902832 -20.46953010559082 
v -164.39402770996094 -36.26232147216797 -144.0856475830078 
v -135.54678344726562 34.66910934448242 -22.088762283325195 
v -163.79351806640625 -33.338417053222656 -145.92767333984375 
v -134.94627380371094 37.593017578125 -23.930774688720703 
v -165.91415405273438 -30.48056411743164 -147.0878448486328 
v -137.06690979003906 40.45086669921875 -25.0909481048584 
v -146.72991943359375 79.44268798828125 -41.95216369628906 
v -148.91896057128906 80.06222534179688 -41.79475402832031 
v -145.17173767089844 77.5802001953125 -41.23771667480469 
v -147.51284790039062 74.56359100341797 -38.93022155761719 
v -145.6810302734375 75.6338882446289 -39.98566818237305 
v -151.26007080078125 77.04561614990234 -39.48725509643555 
v -149.92233276367188 75.32913208007812 -38.80557632446289 
v -158.75389099121094 51.165218353271484 -117.3899154663086 
v -173.812744140625 14.137539863586426 -181.07481384277344 
v -158.9439239501953 49.63026428222656 -116.45252227783203 
v -174.00279235839844 12.602584838867188 -180.13742065429688 
v -157.94061279296875 48.342899322509766 -115.9412612915039 
v -172.99948120117188 11.31521987915039 -179.6261749267578 
v -156.51925659179688 48.02424621582031 -116.09208679199219 
v -171.57810974121094 10.996566772460938 -179.77699279785156 
v -155.0066680908203 48.683189392089844 -116.83287811279297 
v -170.06552124023438 11.655511856079102 -180.5177764892578 
v -154.92303466796875 50.081024169921875 -117.6653823852539 
v -169.98190307617188 13.05334758758545 -181.35028076171875 
v -155.59951782226562 51.35950469970703 -118.2487564086914 
v -170.6583709716797 14.331828117370605 -181.9336700439453 
v -157.34771728515625 51.687042236328125 -118.02581787109375 
v -172.4065704345703 14.659364700317383 -181.71072387695312 
v -158.75389099121094 51.165218353271484 -117.3899154663086 
v -173.812744140625 14.137539863586426 -181.07481384277344 
v -147.2993927001953 -10.270232200622559 -160.59677124023438 
v -140.7017364501953 -1.76887845993042 -167.0997314453125 
v -139.2281494140625 9.575868606567383 -126.46292877197266 
v -134.98458862304688 12.288776397705078 -142.9215850830078 
v -140.45947265625 11.429473876953125 -127.24949645996094 
v -139.2281494140625 9.575868606567383 -126.46292877197266 
v -136.7480010986328 13.456789016723633 -143.1837158203125 
v -134.98458862304688 12.288776397705078 -142.9215850830078 
v -169.3041534423828 -29.68837547302246 -146.74684143066406 
v -165.91415405273438 -30.48056411743164 -147.0878448486328 
v -172.32933044433594 -31.006263732910156 -145.2652587890625 
v -164.39402770996094 -36.26232147216797 -144.0856475830078 
v -170.91561889648438 -36.92513656616211 -142.15818786621094 
v -167.30519104003906 -37.86333084106445 -142.46641540527344 
v -136.27145385742188 37.015201568603516 -19.75693130493164 
v -135.86859130859375 38.82439422607422 -20.90409278869629 
v -138.10328674316406 35.94490432739258 -18.70148277282715 
v -141.8505096435547 38.42692947387695 -19.25851821899414 
v -140.6191864013672 36.573326110839844 -18.471952438354492 
v -139.61581420898438 41.306419372558594 -21.46112823486328 
v -137.32034301757812 40.82400131225586 -21.723424911499023 
v -172.4065704345703 14.659364700317383 -181.71072387695312 
v -170.6583709716797 14.331828117370605 -181.9336700439453 
v -173.812744140625 14.137539863586426 -181.07481384277344 
v -170.06552124023438 11.655511856079102 -180.5177764892578 
v -172.99948120117188 11.31521987915039 -179.6261749267578 
v -171.57810974121094 10.996566772460938 -179.77699279785156 
v -137.1595916748047 52.933433532714844 -18.6690616607666 
v -132.7510223388672 56.03386306762695 -21.514162063598633 
v -142.16098022460938 52.50932312011719 -17.23984718322754 
v -147.8616485595703 54.62440872192383 -17.121627807617188 
v -132.05165100097656 65.53559112548828 -27.204036712646484 
v -136.04969787597656 69.84457397460938 -28.76399803161621 
v -141.75035095214844 71.95966339111328 -28.64577865600586 
v -151.2667236328125 68.2979965209961 -24.266576766967773 
v -151.85968017578125 58.93339538574219 -18.68158721923828 
v -191.92430114746094 -13.252375602722168 -150.95433044433594 
v -163.07705688476562 57.67905807495117 -28.95743751525879 
v -190.0240936279297 -15.964224815368652 -149.82691955566406 
v -161.17684936523438 54.96720886230469 -27.83003044128418 
v -190.4041748046875 -19.03413200378418 -147.9521484375 
v -161.5569305419922 51.897300720214844 -25.955249786376953 
v -193.5357666015625 -20.489137649536133 -146.3656768798828 
v -164.6885223388672 50.44229507446289 -24.368785858154297 
v -196.92576599121094 -19.696949005126953 -146.02467346191406 
v -168.07850646972656 51.23448181152344 -24.02778434753418 
v -199.04638671875 -16.83909797668457 -147.18484497070312 
v -170.1991424560547 54.09233474731445 -25.187957763671875 
v -198.3394775390625 -13.77807331085205 -149.13174438476562 
v -169.4922332763672 57.153358459472656 -27.134857177734375 
v -195.53472900390625 -12.31418514251709 -150.64608764648438 
v -166.68748474121094 58.61724853515625 -28.649202346801758 
v -191.92430114746094 -13.252375602722168 -150.95433044433594 
v -163.07705688476562 57.67905807495117 -28.95743751525879 
v -157.94061279296875 48.342899322509766 -115.9412612915039 
v -156.51925659179688 48.02424621582031 -116.09208679199219 
v -158.9439239501953 49.63026428222656 -116.45252227783203 
v -157.34771728515625 51.687042236328125 -118.02581787109375 
v -158.75389099121094 51.165218353271484 -117.3899154663086 
v -154.92303466796875 50.081024169921875 -117.6653823852539 
v -155.0066680908203 48.683189392089844 -116.83287811279297 
v -205.34066772460938 -31.246788024902344 -221.0274200439453 
v -201.56617736816406 -16.9007625579834 -197.6590118408203 
v -204.0485076904297 -30.441843032836914 -221.8009796142578 
v -199.2022705078125 -15.144869804382324 -199.2388916015625 
v -198.12841796875 -8.447794914245605 -183.1205291748047 
v -195.76451110839844 -6.691902160644531 -184.70040893554688 
v -185.199462890625 23.34271812438965 -128.4431610107422 
v -182.8355712890625 25.09861183166504 -130.02304077148438 
v -140.7017364501953 -1.76887845993042 -167.0997314453125 
v -147.2993927001953 -10.270232200622559 -160.59677124023438 
v -142.4651336669922 -0.600865364074707 -167.3618621826172 
v -148.53073120117188 -8.4166259765625 -161.3833465576172 
v -140.45947265625 11.429473876953125 -127.24949645996094 
v -136.7480010986328 13.456789016723633 -143.1837158203125 
v -148.53073120117188 -8.4166259765625 -161.3833465576172 
v -142.4651336669922 -0.600865364074707 -167.3618621826172 
v -178.80145263671875 -17.23945426940918 -202.84503173828125 
v -182.1654815673828 -30.196529388427734 -227.11805725097656 
v -172.1126708984375 -19.801427841186523 -202.9370574951172 
v -178.8743133544922 -31.54607582092285 -227.11163330078125 
v -182.37957763671875 17.945669174194336 -125.97199249267578 
v -195.30853271484375 -13.844843864440918 -180.64935302734375 
v -177.21853637695312 21.585689544677734 -129.3087615966797 
v -190.14747619628906 -10.20482349395752 -183.98611450195312 
v -204.0485076904297 -30.441843032836914 -221.8009796142578 
v -199.2022705078125 -15.144869804382324 -199.2388916015625 
v -201.40341186523438 -32.19386291503906 -221.40777587890625 
v -193.58523559570312 -18.657791137695312 -198.5246124267578 
v -190.14747619628906 -10.20482349395752 -183.98611450195312 
v -195.76451110839844 -6.691902160644531 -184.70040893554688 
v -182.8355712890625 25.09861183166504 -130.02304077148438 
v -159.07127380371094 -14.301819801330566 -103.70246124267578 
v -160.0054473876953 -16.59882164001465 -107.65313720703125 
v -136.08908081054688 21.783884048461914 -97.51579284667969 
v -137.0606231689453 19.395000457763672 -101.62449645996094 
v -190.83181762695312 15.655195236206055 -122.64165496826172 
v -203.76075744628906 -16.135318756103516 -177.3190155029297 
v -191.8731689453125 13.023292541503906 -120.86517333984375 
v -204.80210876464844 -18.767221450805664 -175.54254150390625 
v -207.19851684570312 -24.588285446166992 -191.85751342773438 
v -208.2398681640625 -27.22018814086914 -190.08102416992188 
v -211.6190948486328 -39.33678436279297 -214.83914184570312 
v -212.02955627441406 -40.725738525390625 -213.93450927734375 
v -197.3227996826172 -16.870336532592773 -178.4139862060547 
v -184.39385986328125 14.920177459716797 -123.73661804199219 
v -199.6183319091797 -22.408376693725586 -174.6512451171875 
v -186.6893768310547 9.382136344909668 -119.97388458251953 
v -157.3004608154297 53.176387786865234 -25.062009811401367 
v -160.72091674804688 49.62907028198242 -22.19072914123535 
v -151.8582763671875 47.28803253173828 -22.925254821777344 
v -154.94427490234375 43.31159591674805 -19.883556365966797 
v -146.61370849609375 40.28496551513672 -20.093650817871094 
v -155.20294189453125 74.22456359863281 -42.86237716674805 
v -150.7716522216797 70.04381561279297 -41.47941970825195 
v -143.67994689941406 75.31149291992188 -46.21905517578125 
v -145.77024841308594 70.46792602539062 -42.90863800048828 
v -199.04638671875 -16.83909797668457 -147.18484497070312 
v -198.3394775390625 -13.77807331085205 -149.13174438476562 
v -196.92576599121094 -19.696949005126953 -146.02467346191406 
v -190.4041748046875 -19.03413200378418 -147.9521484375 
v -193.5357666015625 -20.489137649536133 -146.3656768798828 
v -191.92430114746094 -13.252375602722168 -150.95433044433594 
v -190.0240936279297 -15.964224815368652 -149.82691955566406 
v -163.7763671875 62.033058166503906 -28.680179595947266 
v -158.82818603515625 59.37838363647461 -28.306734085083008 
v -161.29080200195312 69.1060562133789 -33.38030242919922 
v -156.4414520263672 65.8940200805664 -32.65943145751953 
v -154.73117065429688 73.68814086914062 -37.59550857543945 
v -150.52789306640625 70.0736312866211 -36.487857818603516 
v -164.6435089111328 48.299129486083984 -25.556472778320312 
v -160.45538330078125 51.545562744140625 -28.43433952331543 
v -167.33413696289062 58.59304428100586 -30.90534782409668 
v -161.5194549560547 56.19483947753906 -30.885913848876953 
v -160.72091674804688 49.62907028198242 -22.19072914123535 
v -164.6435089111328 48.299129486083984 -25.556472778320312 
v -154.94427490234375 43.31159591674805 -19.883556365966797 
v -156.86785888671875 39.82716369628906 -22.46932029724121 
v -145.6869659423828 35.74299240112305 -22.738523483276367 
v -141.03431701660156 74.99600982666016 -41.59467697143555 
v -143.67994689941406 75.31149291992188 -46.21905517578125 
v -143.57305908203125 70.86468505859375 -38.59233093261719 
v -145.77024841308594 70.46792602539062 -42.90863800048828 
v -150.52789306640625 70.0736312866211 -36.487857818603516 
v -150.7716522216797 70.04381561279297 -41.47941970825195 
v -154.73117065429688 73.68814086914062 -37.59550857543945 
v -155.20294189453125 74.22456359863281 -42.86237716674805 
v -146.85816955566406 71.39842987060547 -27.111675262451172 
v -141.75035095214844 71.95966339111328 -28.64577865600586 
v -135.89617919921875 67.85581970214844 -38.65818786621094 
v -136.04969787597656 69.84457397460938 -28.76399803161621 
v -132.05165100097656 65.53559112548828 -27.204036712646484 
v -130.34756469726562 62.10458755493164 -36.626319885253906 
v -130.98757934570312 60.886314392089844 -24.75246238708496 
v -128.92625427246094 55.765472412109375 -33.27670669555664 
v -132.7510223388672 56.03386306762695 -21.514162063598633 
v -131.31300354003906 49.24983596801758 -28.92401123046875 
v -137.1595916748047 52.933433532714844 -18.6690616607666 
v -137.22654724121094 45.07022476196289 -25.095582962036133 
v -142.16098022460938 52.50932312011719 -17.23984718322754 
v -144.07496643066406 44.416290283203125 -23.095998764038086 
v -147.8616485595703 54.62440872192383 -17.121627807617188 
v -151.8582763671875 47.28803253173828 -22.925254821777344 
v -157.3004608154297 53.176387786865234 -25.062009811401367 
v -151.85968017578125 58.93339538574219 -18.68158721923828 
v -158.82818603515625 59.37838363647461 -28.306734085083008 
v -161.5194549560547 56.19483947753906 -30.885913848876953 
v -167.33413696289062 58.59304428100586 -30.90534782409668 
v -160.45538330078125 51.545562744140625 -28.43433952331543 
v -160.72091674804688 49.62907028198242 -22.19072914123535 
v -151.2667236328125 68.2979965209961 -24.266576766967773 
v -156.4414520263672 65.8940200805664 -32.65943145751953 
v -153.03018188476562 63.44554901123047 -21.028276443481445 
v -180.242431640625 -28.148632049560547 -228.7634735107422 
v -175.06936645507812 -12.860541343688965 -206.27349853515625 
v -178.927490234375 -28.604402542114258 -228.8094024658203 
v -171.9986114501953 -14.0640869140625 -206.2998504638672 
v -171.63160705566406 -4.407573699951172 -191.73501586914062 
v -168.56085205078125 -5.611119270324707 -191.7613525390625 
v -163.3304901123047 58.052188873291016 -25.589914321899414 
v -165.62596130371094 58.534610748291016 -25.327617645263672 
v -162.0991668701172 56.198585510253906 -24.803348541259766 
v -164.3338623046875 53.319095611572266 -22.600736618041992 
v -162.5020294189453 54.3893928527832 -23.656185150146484 
v -167.86065673828125 55.655120849609375 -23.12500762939453 
v -166.62933349609375 53.801513671875 -22.338441848754883 
v -167.33413696289062 58.59304428100586 -30.90534782409668 
v -163.7763671875 62.033058166503906 -28.680179595947266 
v -163.91363525390625 68.16082763671875 -37.27706527709961 
v -161.29080200195312 69.1060562133789 -33.38030242919922 
v -155.20294189453125 74.22456359863281 -42.86237716674805 
v -154.73117065429688 73.68814086914062 -37.59550857543945 
v -135.23301696777344 30.08078384399414 -85.8006362915039 
v -158.2152099609375 -6.004917144775391 -91.9873046875 
v -134.29884338378906 32.37778854370117 -81.84996032714844 
v -157.24368286132812 -3.6160354614257812 -87.87860107421875 
v -134.29884338378906 32.37778854370117 -81.84996032714844 
v -157.24368286132812 -3.6160354614257812 -87.87860107421875 
v -132.3150177001953 31.06377410888672 -81.5550537109375 
v -155.25985717773438 -4.930049896240234 -87.58369445800781 
v -133.2491912841797 28.766769409179688 -85.5057373046875 
v -156.23138427734375 -7.318931579589844 -91.69239807128906 
v -135.23301696777344 30.08078384399414 -85.8006362915039 
v -158.2152099609375 -6.004917144775391 -91.9873046875 
v -159.14938354492188 -8.301919937133789 -95.93798065185547 
v -136.20455932617188 27.69190216064453 -89.90933990478516 
v -160.08355712890625 -10.598922729492188 -99.88865661621094 
v -137.13873291015625 25.394899368286133 -93.86001586914062 
v -135.1549072265625 24.08088493347168 -93.56511688232422 
v -134.22073364257812 26.377887725830078 -89.61444091796875 
v -158.0997314453125 -11.91293716430664 -99.59375 
v -157.16555786132812 -9.615934371948242 -95.64307403564453 
v -136.20455932617188 27.69190216064453 -89.90933990478516 
v -159.14938354492188 -8.301919937133789 -95.93798065185547 
v -134.22073364257812 26.377887725830078 -89.61444091796875 
v -157.16555786132812 -9.615934371948242 -95.64307403564453 
v -184.39385986328125 14.920177459716797 -123.73661804199219 
v -197.3227996826172 -16.870336532592773 -178.4139862060547 
v -190.83181762695312 15.655195236206055 -122.64165496826172 
v -203.76075744628906 -16.135318756103516 -177.3190155029297 
v -207.19851684570312 -24.588285446166992 -191.85751342773438 
v -200.76055908203125 -25.32330322265625 -192.9524688720703 
v -208.56353759765625 -39.699851989746094 -215.35055541992188 
v -139.04444885253906 20.709014892578125 -101.91939544677734 
v -161.98927307128906 -15.284807205200195 -107.94803619384766 
v -138.07290649414062 23.097898483276367 -97.8106918334961 
v -161.0550994873047 -12.987805366516113 -103.99736022949219 
v -138.07290649414062 23.097898483276367 -97.8106918334961 
v -161.0550994873047 -12.987805366516113 -103.99736022949219 
v -136.08908081054688 21.783884048461914 -97.51579284667969 
v -159.07127380371094 -14.301819801330566 -103.70246124267578 
v -175.3636932373047 -8.78648567199707 -188.30653381347656 
v -171.63160705566406 -4.407573699951172 -191.73501586914062 
v -178.80145263671875 -17.23945426940918 -202.84503173828125 
v -175.06936645507812 -12.860541343688965 -206.27349853515625 
v -180.242431640625 -28.148632049560547 -228.7634735107422 
v -173.7278289794922 51.54990768432617 -79.9288558959961 
v -164.98397827148438 73.04985046386719 -42.95051956176758 
v -171.3639373779297 53.30580139160156 -81.50873565673828 
v -162.6200714111328 74.80574035644531 -44.530399322509766 
v -138.96632385253906 14.709115982055664 -109.68387603759766 
v -137.9947967529297 17.097997665405273 -105.5751724243164 
v -161.91116333007812 -21.284706115722656 -115.71251678466797 
v -160.9396209716797 -18.895824432373047 -111.60381317138672 
v -162.92344665527344 -17.581809997558594 -111.89871215820312 
v -139.97860717773438 18.412012100219727 -105.87007141113281 
v -163.89498901367188 -19.970691680908203 -116.00741577148438 
v -140.9501495361328 16.023130416870117 -109.97877502441406 
v -160.9396209716797 -18.895824432373047 -111.60381317138672 
v -137.9947967529297 17.097997665405273 -105.5751724243164 
v -162.92344665527344 -17.581809997558594 -111.89871215820312 
v -139.97860717773438 18.412012100219727 -105.87007141113281 
v -141.63070678710938 -7.178695201873779 -176.29086303710938 
v -141.5470733642578 -5.78085994720459 -177.1233673095703 
v -126.57183837890625 29.848983764648438 -112.60594940185547 
v -126.48822021484375 31.24681854248047 -113.4384536743164 
v -142.22354125976562 -4.502378940582275 -177.7067413330078 
v -127.16468811035156 32.525299072265625 -114.02183532714844 
v -143.9717559814453 -4.17484188079834 -177.48379516601562 
v -128.9128875732422 32.85283660888672 -113.79888916015625 
v -145.3779296875 -4.6966681480407715 -176.847900390625 
v -130.31906127929688 32.33100891113281 -113.1629867553711 
v -145.56796264648438 -6.231621742248535 -175.91050720214844 
v -130.5091094970703 30.796056747436523 -112.22559356689453 
v -144.5646514892578 -7.51898717880249 -175.3992462158203 
v -129.50579833984375 29.508691787719727 -111.71434020996094 
v -143.14329528808594 -7.837639808654785 -175.55006408691406 
v -128.0844268798828 29.190038681030273 -111.86516571044922 
v -141.63070678710938 -7.178695201873779 -176.29086303710938 
v -126.57183837890625 29.848983764648438 -112.60594940185547 
v -170.90794372558594 46.15285873413086 -77.45768737792969 
v -162.16409301757812 67.65280151367188 -40.47935104370117 
v -173.7278289794922 51.54990768432617 -79.9288558959961 
v -164.98397827148438 73.04985046386719 -42.95051956176758 
v -171.3639373779297 53.30580139160156 -81.50873565673828 
v -162.6200714111328 74.80574035644531 -44.530399322509766 
v -165.7469024658203 49.79288101196289 -80.79444885253906 
v -157.00303649902344 71.2928237915039 -43.81611251831055 
v -182.8733367919922 -2.9819531440734863 -189.9056854248047 
v -186.31109619140625 -11.434921264648438 -204.44418334960938 
v -185.8072967529297 -3.322244167327881 -189.01406860351562 
v -189.24505615234375 -11.775211334228516 -203.5525665283203 
v -192.13784790039062 -26.705245971679688 -226.78990173339844 
v -193.55162048339844 -26.806833267211914 -226.39654541015625 
v -196.32725524902344 -35.79884719848633 -167.64395141601562 
v -199.5120849609375 -40.332645416259766 -164.25482177734375 
v -191.55393981933594 -40.828956604003906 -165.84803771972656 
v -197.29263305664062 -42.63313674926758 -163.44207763671875 
v -180.40151977539062 41.23048400878906 -72.35086822509766 
v -171.6576690673828 62.73042678833008 -35.37253189086914 
v -179.3601837158203 43.86238479614258 -74.1273422241211 
v -170.61631774902344 65.3623275756836 -37.14901351928711 
v -130.69833374023438 27.64408302307129 -118.49872589111328 
v -137.4024200439453 19.005611419677734 -111.89089965820312 
v -129.3757781982422 26.76807403564453 -118.30213165283203 
v -136.07986450195312 18.129600524902344 -111.69429779052734 
v -131.52040100097656 25.62272071838379 -121.97532653808594 
v -138.2244873046875 16.984249114990234 -115.36749267578125 
v -130.69833374023438 27.64408302307129 -118.49872589111328 
v -137.4024200439453 19.005611419677734 -111.89089965820312 
v -175.21774291992188 37.589324951171875 -71.4595718383789 
v -166.47389221191406 59.08926773071289 -34.48124313354492 
v -180.40151977539062 41.23048400878906 -72.35086822509766 
v -171.6576690673828 62.73042678833008 -35.37253189086914 
v -166.0576629638672 37.98582077026367 -116.15058898925781 
v -164.5146942138672 36.963809967041016 -115.92121887207031 
v -159.35357666015625 46.624290466308594 -122.7584228515625 
v -157.81060791015625 45.60227966308594 -122.529052734375 
v -164.5146942138672 36.963809967041016 -115.92121887207031 
v -165.33676147460938 34.942447662353516 -119.39781951904297 
v -157.81060791015625 45.60227966308594 -122.529052734375 
v -158.63267517089844 43.58091735839844 -126.00564575195312 
v -165.33676147460938 34.942447662353516 -119.39781951904297 
v -166.87973022460938 35.96445846557617 -119.62718200683594 
v -158.63267517089844 43.58091735839844 -126.00564575195312 
v -160.1756591796875 44.602928161621094 -126.23501586914062 
v -161.39352416992188 -40.66859817504883 -173.07298278808594 
v -166.55458068847656 -44.30862045288086 -169.73622131347656 
v -148.46458435058594 -8.878084182739258 -118.39562225341797 
v -153.62562561035156 -12.518105506896973 -115.05885314941406 
v -194.289306640625 -70.33013153076172 -200.916748046875 
v -195.60426330566406 -69.87435913085938 -200.8708038330078 
v -192.47267150878906 -68.41935729980469 -202.457275390625 
v -195.76385498046875 -67.06980895996094 -202.4636993408203 
v -127.16468811035156 32.525299072265625 -114.02183532714844 
v -128.9128875732422 32.85283660888672 -113.79888916015625 
v -126.48822021484375 31.24681854248047 -113.4384536743164 
v -130.5091094970703 30.796056747436523 -112.22559356689453 
v -128.0844268798828 29.190038681030273 -111.86516571044922 
v -129.50579833984375 29.508691787719727 -111.71434020996094 
v -128.32028198242188 21.47357749938965 -73.17888641357422 
v -127.27893829345703 24.105480194091797 -74.95536041259766 
v -119.57643127441406 42.9735221862793 -36.2005500793457 
v -118.53507995605469 45.60542297363281 -37.977027893066406 
v -138.75057983398438 -4.101709365844727 -123.46967315673828 
v -139.79193115234375 -6.733611583709717 -121.69319152832031 
v -151.6795196533203 -35.8922233581543 -178.14703369140625 
v -152.7208709716797 -38.52412414550781 -176.3705596923828 
v -155.11727905273438 -44.345191955566406 -192.68553161621094 
v -156.15863037109375 -46.97709274291992 -190.90904235839844 
v -162.38818359375 -58.03614807128906 -215.60804748535156 
v -163.01907348632812 -59.27909851074219 -214.73619079589844 
v -134.2703857421875 36.69280242919922 -25.990320205688477 
v -125.55968475341797 42.75654602050781 -31.575632095336914 
v -132.69644165039062 41.446834564208984 -24.060054779052734 
v -126.4636459350586 46.03779983520508 -28.203140258789062 
v -122.13919067382812 52.32432174682617 -37.947349548339844 
v -123.6512451171875 53.10191345214844 -32.97538375854492 
v -139.79193115234375 -6.733611583709717 -121.69319152832031 
v -138.75057983398438 -4.101709365844727 -123.46967315673828 
v -146.22988891601562 -5.998593807220459 -120.59822845458984 
v -144.15478515625 -0.31455129384994507 -124.39373016357422 
v -132.69644165039062 41.446834564208984 -24.060054779052734 
v -134.2703857421875 36.69280242919922 -25.990320205688477 
v -138.3748321533203 40.86466979980469 -27.44539451599121 
v -143.7030792236328 40.449440002441406 -25.94405746459961 
v -146.61370849609375 40.28496551513672 -20.093650817871094 
v -145.6869659423828 35.74299240112305 -22.738523483276367 
v -128.92625427246094 55.765472412109375 -33.27670669555664 
v -131.31300354003906 49.24983596801758 -28.92401123046875 
v -123.6512451171875 53.10191345214844 -32.97538375854492 
v -126.4636459350586 46.03779983520508 -28.203140258789062 
v -137.22654724121094 45.07022476196289 -25.095582962036133 
v -132.69644165039062 41.446834564208984 -24.060054779052734 
v -179.3601837158203 43.86238479614258 -74.1273422241211 
v -172.92221069335938 43.12736892700195 -75.22230529785156 
v -180.40151977539062 41.23048400878906 -72.35086822509766 
v -175.21774291992188 37.589324951171875 -71.4595718383789 
v -122.13919067382812 52.32432174682617 -37.947349548339844 
v -124.72340393066406 62.75535583496094 -43.40110778808594 
v -127.62702178955078 54.713645935058594 -38.038902282714844 
v -129.0179443359375 59.37180709838867 -40.41835403442383 
v -126.9271240234375 65.65190887451172 -39.49760055541992 
v -132.81016540527344 71.83226013183594 -41.699886322021484 
v -130.34756469726562 62.10458755493164 -36.626319885253906 
v -135.89617919921875 67.85581970214844 -38.65818786621094 
v -143.57305908203125 70.86468505859375 -38.59233093261719 
v -141.03431701660156 74.99600982666016 -41.59467697143555 
v -124.72340393066406 62.75535583496094 -43.40110778808594 
v -132.60546875 71.09020233154297 -46.38337707519531 
v -126.9271240234375 65.65190887451172 -39.49760055541992 
v -132.81016540527344 71.83226013183594 -41.699886322021484 
v -141.03431701660156 74.99600982666016 -41.59467697143555 
v -143.67994689941406 75.31149291992188 -46.21905517578125 
v -125.42919921875 35.43199920654297 -30.431808471679688 
v -128.01351928710938 33.822105407714844 -28.884695053100586 
v -134.1730499267578 13.932055473327637 -67.41014099121094 
v -136.75738525390625 12.322164535522461 -65.86302947998047 
v -171.3639373779297 53.30580139160156 -81.50873565673828 
v -165.7469024658203 49.79288101196289 -80.79444885253906 
v -173.7278289794922 51.54990768432617 -79.9288558959961 
v -170.90794372558594 46.15285873413086 -77.45768737792969 
v -134.7582550048828 22.208595275878906 -72.08392333984375 
v -132.6831512451172 27.89263916015625 -75.8794174194336 
v -128.32028198242188 21.47357749938965 -73.17888641357422 
v -127.27893829345703 24.105480194091797 -74.95536041259766 
v -182.3863067626953 -72.19375610351562 -202.64776611328125 
v -180.9725341796875 -72.09217071533203 -203.0411376953125 
v -177.3728790283203 -60.12157440185547 -178.25025939941406 
v -174.11209106445312 -59.790164947509766 -179.2139892578125 
v -173.9351348876953 -51.66860580444336 -163.71177673339844 
v -170.67433166503906 -51.33720016479492 -164.67550659179688 
v -142.15399169921875 15.68908405303955 -66.54454803466797 
v -136.75738525390625 12.322164535522461 -65.86302947998047 
v -133.41014099121094 37.18902587890625 -29.566213607788086 
v -128.01351928710938 33.822105407714844 -28.884695053100586 
v -171.12037658691406 18.379343032836914 -171.62155151367188 
v -169.3569793701172 17.21133041381836 -171.3594207763672 
v -177.71804809570312 9.877988815307617 -165.1186065673828 
v -175.42257690429688 9.395569801330566 -165.3809051513672 
v -164.17835998535156 64.62731170654297 -38.24397277832031 
v -170.61631774902344 65.3623275756836 -37.14901351928711 
v -166.47389221191406 59.08926773071289 -34.48124313354492 
v -171.6576690673828 62.73042678833008 -35.37253189086914 
v -165.4032440185547 32.43699645996094 -147.4434051513672 
v -169.64678955078125 29.724090576171875 -130.98475646972656 
v -163.6398468017578 31.268985748291016 -147.1812744140625 
v -167.35133361816406 29.241670608520508 -131.24705505371094 
v -169.3569793701172 17.21133041381836 -171.3594207763672 
v -163.6398468017578 31.268985748291016 -147.1812744140625 
v -175.42257690429688 9.395569801330566 -165.3809051513672 
v -167.35133361816406 29.241670608520508 -131.24705505371094 
v -122.13919067382812 52.32432174682617 -37.947349548339844 
v -127.62702178955078 54.713645935058594 -38.038902282714844 
v -123.6512451171875 53.10191345214844 -32.97538375854492 
v -129.0179443359375 59.37180709838867 -40.41835403442383 
v -124.72340393066406 62.75535583496094 -43.40110778808594 
v -126.9271240234375 65.65190887451172 -39.49760055541992 
v -202.8174591064453 -62.39775848388672 -203.51223754882812 
v -194.99168395996094 -49.281925201416016 -180.3865203857422 
v -205.7438201904297 -63.158287048339844 -202.37808227539062 
v -200.7303924560547 -51.08610534667969 -177.98057556152344 
v -197.29263305664062 -42.63313674926758 -163.44207763671875 
v -191.55393981933594 -40.828956604003906 -165.84803771972656 
v -165.4032440185547 32.43699645996094 -147.4434051513672 
v -171.12037658691406 18.379343032836914 -171.62155151367188 
v -169.64678955078125 29.724090576171875 -130.98475646972656 
v -177.71804809570312 9.877988815307617 -165.1186065673828 
v -206.63311767578125 -62.1540412902832 -202.75169372558594 
v -205.25732421875 -59.951263427734375 -204.3577423095703 
v -205.7438201904297 -63.158287048339844 -202.37808227539062 
v -202.8174591064453 -62.39775848388672 -203.51223754882812 
v -204.7946319580078 -31.228382110595703 -168.29913330078125 
v -198.24266052246094 -32.24652099609375 -169.25643920898438 
v -205.28106689453125 -28.414945602416992 -169.8199005126953 
v -199.7703857421875 -26.044525146484375 -172.50115966796875 
v -123.93929290771484 49.392581939697266 -38.901084899902344 
v -118.53507995605469 45.60542297363281 -37.977027893066406 
v -132.6831512451172 27.89263916015625 -75.8794174194336 
v -127.27893829345703 24.105480194091797 -74.95536041259766 
v -130.19786071777344 24.7467098236084 -121.77872467041016 
v -129.3757781982422 26.76807403564453 -118.30213165283203 
v -136.9019317626953 16.108238220214844 -115.17089080810547 
v -136.07986450195312 18.129600524902344 -111.69429779052734 
v -209.08811950683594 -52.84660720825195 -207.5827178955078 
v -212.36410522460938 -52.33753967285156 -207.10406494140625 
v -209.90138244628906 -50.024288177490234 -209.0313720703125 
v -212.71372985839844 -51.06793975830078 -207.7595672607422 
v -180.9725341796875 -72.09217071533203 -203.0411376953125 
v -182.3863067626953 -72.19375610351562 -202.64776611328125 
v -180.8052978515625 -69.29650115966797 -204.70614624023438 
v -183.9596710205078 -69.49079132080078 -203.8472900390625 
v -175.32371520996094 8.138124465942383 -167.3165740966797 
v -178.6072998046875 9.067431449890137 -167.08045959472656 
v -156.7523651123047 53.80253219604492 -88.7771224975586 
v -160.03594970703125 54.73183822631836 -88.54100799560547 
v -149.7600555419922 79.99886322021484 -45.08356857299805 
v -152.8916473388672 78.54386138916016 -43.49710464477539 
v -181.7388916015625 7.612424850463867 -165.49400329589844 
v -163.16754150390625 53.276832580566406 -86.95454406738281 
v -153.3781280517578 75.33683013916016 -41.51744079589844 
v -182.22537231445312 4.405399799346924 -163.5143280029297 
v -163.65402221679688 50.06980895996094 -84.9748764038086 
v -151.47793579101562 72.62498474121094 -40.39003372192383 
v -180.32518005371094 1.6935503482818604 -162.3869171142578 
v -161.7538299560547 47.35795974731445 -83.84747314453125 
v -147.8675079345703 71.6867904663086 -40.69826889038086 
v -176.71475219726562 0.7553597688674927 -162.69515991210938 
v -158.14340209960938 46.419769287109375 -84.15570831298828 
v -144.9563446044922 73.28780364990234 -42.317501068115234 
v -173.8035888671875 2.356367588043213 -164.31439208984375 
v -155.23223876953125 48.020774841308594 -85.77494049072266 
v -144.2494354248047 76.34882354736328 -44.264400482177734 
v -173.0966796875 5.417391300201416 -166.26129150390625 
v -154.52532958984375 51.0817985534668 -87.72183990478516 
v -146.47647094726562 79.0695571899414 -45.31968688964844 
v -175.32371520996094 8.138124465942383 -167.3165740966797 
v -156.7523651123047 53.80253219604492 -88.7771224975586 
v -211.6190948486328 -39.33678436279297 -214.83914184570312 
v -208.56353759765625 -39.699851989746094 -215.35055541992188 
v -212.02955627441406 -40.725738525390625 -213.93450927734375 
v -209.38446044921875 -42.47775650024414 -213.5413055419922 
v -205.28106689453125 -28.414945602416992 -169.8199005126953 
v -199.7703857421875 -26.044525146484375 -172.50115966796875 
v -208.71881103515625 -36.86791229248047 -184.35838317871094 
v -203.2081298828125 -34.497493743896484 -187.03965759277344 
v -209.90138244628906 -50.024288177490234 -209.0313720703125 
v -160.1756591796875 44.602928161621094 -126.23501586914062 
v -166.87973022460938 35.96445846557617 -119.62718200683594 
v -159.35357666015625 46.624290466308594 -122.7584228515625 
v -166.0576629638672 37.98582077026367 -116.15058898925781 
v -179.62020874023438 -8.250767707824707 -187.6115264892578 
v -182.8733367919922 -2.9819531440734863 -189.9056854248047 
v -186.24819946289062 -9.050704002380371 -185.5791778564453 
v -185.8072967529297 -3.322244167327881 -189.01406860351562 
v -164.17835998535156 64.62731170654297 -38.24397277832031 
v -172.92221069335938 43.12736892700195 -75.22230529785156 
v -170.61631774902344 65.3623275756836 -37.14901351928711 
v -179.3601837158203 43.86238479614258 -74.1273422241211 
v -164.6435089111328 48.299129486083984 -25.556472778320312 
v -174.58309936523438 23.859027862548828 -67.59166717529297 
v -156.86785888671875 39.82716369628906 -22.46932029724121 
v -166.8074493408203 15.387063026428223 -64.5045166015625 
v -155.62655639648438 11.30289077758789 -64.77371978759766 
v -145.6869659423828 35.74299240112305 -22.738523483276367 
v -144.20997619628906 12.252700805664062 -68.0255126953125 
v -134.2703857421875 36.69280242919922 -25.990320205688477 
v -135.49928283691406 18.316442489624023 -73.61082458496094 
v -125.55968475341797 42.75654602050781 -31.575632095336914 
v -132.0787811279297 27.884220123291016 -79.9825439453125 
v -122.13919067382812 52.32432174682617 -37.947349548339844 
v -134.66299438476562 38.315250396728516 -85.4363021850586 
v -124.72340393066406 62.75535583496094 -43.40110778808594 
v -142.54505920410156 46.65010070800781 -88.41857147216797 
v -132.60546875 71.09020233154297 -46.38337707519531 
v -143.67994689941406 75.31149291992188 -46.21905517578125 
v -153.61953735351562 50.87139129638672 -88.2542495727539 
v -155.20294189453125 74.22456359863281 -42.86237716674805 
v -165.1425323486328 49.784461975097656 -84.89756774902344 
v -163.91363525390625 68.16082763671875 -37.27706527709961 
v -173.8532257080078 43.72072219848633 -79.312255859375 
v -167.33413696289062 58.59304428100586 -30.90534782409668 
v -177.2737274169922 34.1529426574707 -72.94054412841797 
v -155.23883056640625 19.973020553588867 -69.9063949584961 
v -161.37893676757812 -10.372993469238281 -124.8260726928711 
v -148.8236541748047 20.498720169067383 -71.72897338867188 
v -156.4307098388672 -7.0072102546691895 -127.95306396484375 
v -143.87542724609375 23.864501953125 -74.85596466064453 
v -154.5684356689453 -1.5974040031433105 -131.53878784179688 
v -142.01315307617188 29.274309158325195 -78.44169616699219 
v -156.08856201171875 4.184351921081543 -134.5409698486328 
v -143.5332794189453 35.05606460571289 -81.44387817382812 
v -160.42103576660156 8.92245864868164 -136.27134704589844 
v -147.86575317382812 39.79417037963867 -83.17425537109375 
v -154.11367797851562 42.06414031982422 -83.01668548583984 
v -167.79409790039062 -10.89869213104248 -123.00348663330078 
v -161.38034057617188 22.380109786987305 -69.85370635986328 
v -173.9356231689453 -8.491602897644043 -122.9508056640625 
v -178.37449645996094 -3.890615224838257 -124.57630157470703 
v -165.81922912597656 26.981098175048828 -71.47920227050781 
v -179.89462280273438 1.8911410570144653 -127.57848358154297 
v -167.33935546875 32.762855529785156 -74.48139190673828 
v -177.8119354248047 7.1549458503723145 -131.13143920898438 
v -165.25665283203125 38.02665710449219 -78.03434753417969 
v -173.08413696289062 10.666730880737305 -134.29119873046875 
v -160.5288543701172 41.53844451904297 -81.19410705566406 
v -166.66896057128906 11.192429542541504 -136.11378479003906 
v -161.5569305419922 51.897300720214844 -25.955249786376953 
v -162.5020294189453 54.3893928527832 -23.656185150146484 
v -164.6885223388672 50.44229507446289 -24.368785858154297 
v -164.3338623046875 53.319095611572266 -22.600736618041992 
v -168.07850646972656 51.23448181152344 -24.02778434753418 
v -166.62933349609375 53.801513671875 -22.338441848754883 
v -170.1991424560547 54.09233474731445 -25.187957763671875 
v -167.86065673828125 55.655120849609375 -23.12500762939453 
v -169.4922332763672 57.153358459472656 -27.134857177734375 
v -167.57180786132812 57.74742889404297 -24.409822463989258 
v -166.68748474121094 58.61724853515625 -28.649202346801758 
v -165.62596130371094 58.534610748291016 -25.327617645263672 
v -163.07705688476562 57.67905807495117 -28.95743751525879 
v -163.3304901123047 58.052188873291016 -25.589914321899414 
v -161.17684936523438 54.96720886230469 -27.83003044128418 
v -162.0991668701172 56.198585510253906 -24.803348541259766 
v -166.66896057128906 11.192429542541504 -136.11378479003906 
v -160.42103576660156 8.92245864868164 -136.27134704589844 
v -155.100341796875 15.778387069702148 -141.5156707763672 
v -156.08856201171875 4.184351921081543 -134.5409698486328 
v -147.21827697753906 7.443539142608643 -138.5334014892578 
v -154.5684356689453 -1.5974040031433105 -131.53878784179688 
v -144.63406372070312 -2.987492561340332 -133.0796356201172 
v -156.4307098388672 -7.0072102546691895 -127.95306396484375 
v -148.0545654296875 -12.55527114868164 -126.70791625976562 
v -161.37893676757812 -10.372993469238281 -124.8260726928711 
v -156.7652587890625 -18.61901092529297 -121.12260437011719 
v -167.79409790039062 -10.89869213104248 -123.00348663330078 
v -168.1818389892578 -19.568822860717773 -117.87081146240234 
v -173.9356231689453 -8.491602897644043 -122.9508056640625 
v -179.36273193359375 -15.484649658203125 -117.60160827636719 
v -187.1383819580078 -7.012684345245361 -120.68875885009766 
v -178.37449645996094 -3.890615224838257 -124.57630157470703 
v -189.82901000976562 3.2812297344207764 -126.03763580322266 
v -179.89462280273438 1.8911410570144653 -127.57848358154297 
v -186.40850830078125 12.849008560180664 -132.4093475341797 
v -177.8119354248047 7.1549458503723145 -131.13143920898438 
v -177.69781494140625 18.912748336791992 -137.99465942382812 
v -173.08413696289062 10.666730880737305 -134.29119873046875 
v -166.17481994628906 19.999677658081055 -141.35134887695312 
v -144.2494354248047 76.34882354736328 -44.264400482177734 
v -145.17173767089844 77.5802001953125 -41.23771667480469 
v -144.9563446044922 73.28780364990234 -42.317501068115234 
v -145.6810302734375 75.6338882446289 -39.98566818237305 
v -147.8675079345703 71.6867904663086 -40.69826889038086 
v -147.51284790039062 74.56359100341797 -38.93022155761719 
v -151.47793579101562 72.62498474121094 -40.39003372192383 
v -149.92233276367188 75.32913208007812 -38.80557632446289 
v -153.3781280517578 75.33683013916016 -41.51744079589844 
v -151.26007080078125 77.04561614990234 -39.48725509643555 
v -152.8916473388672 78.54386138916016 -43.49710464477539 
v -150.75079345703125 78.99192810058594 -40.73930358886719 
v -149.7600555419922 79.99886322021484 -45.08356857299805 
v -148.91896057128906 80.06222534179688 -41.79475402832031 
v -146.47647094726562 79.0695571899414 -45.31968688964844 
v -146.72991943359375 79.44268798828125 -41.95216369628906 
v -163.0714874267578 -35.03190231323242 -171.32754516601562 
v -155.39572143554688 -29.448959350585938 -178.5914306640625 
v -160.3730926513672 -27.68467140197754 -176.23744201660156 
v -157.9799346923828 -19.017927169799805 -184.04519653320312 
v -162.25804138183594 -19.79283905029297 -180.3802032470703 
v -165.86199951171875 -10.683079719543457 -187.02745056152344 
v -168.36151123046875 -13.466480255126953 -182.61526489257812 
v -176.80609130859375 -10.156732559204102 -182.54281616210938 
v -158.81622314453125 -39.01673889160156 -172.21971130371094 
v -169.631103515625 -39.613990783691406 -167.11233520507812 
v -167.5269317626953 -45.08047866821289 -166.6343994140625 
v -178.32655334472656 -40.497745513916016 -164.54238891601562 
v -178.94349670410156 -46.03028869628906 -163.38259887695312 
v -186.87754821777344 -37.32511520385742 -164.36505126953125 
v -190.1243896484375 -41.94611740112305 -163.1134033203125 
v -197.90003967285156 -33.474151611328125 -166.2005615234375 
v -192.87460327148438 -30.86163902282715 -166.7050018310547 
v -200.59066772460938 -23.18023681640625 -171.54942321777344 
v -194.75955200195312 -22.969806671142578 -170.84776306152344 
v -197.170166015625 -13.612458229064941 -177.921142578125 
v -192.16757202148438 -15.759692192077637 -175.65277099609375 
v -188.45947265625 -7.548717975616455 -183.50645446777344 
v -185.5015411376953 -11.040489196777344 -179.97286987304688 
v -176.93649291992188 -6.461789608001709 -186.86314392089844 
v -185.64036560058594 -30.92050552368164 -144.150146484375 
v -174.58987426757812 -31.309734344482422 -148.73968505859375 
v -174.45947265625 -35.004676818847656 -144.4193572998047 
v -165.89442443847656 -30.425979614257812 -151.30963134765625 
v -163.0428924560547 -34.054866790771484 -147.67115783691406 
v -159.3347930908203 -25.84389305114746 -155.52484130859375 
v -154.3321990966797 -27.991127014160156 -153.2564697265625 
v -156.6363983154297 -18.496662139892578 -160.4347381591797 
v -150.9116973876953 -18.42334747314453 -159.62818908691406 
v -158.52134704589844 -10.604827880859375 -164.57749938964844 
v -153.49591064453125 -7.992316722869873 -165.08193969726562 
v -164.62481689453125 -4.278470039367676 -166.8125457763672 
v -161.3779754638672 0.34253138303756714 -168.064208984375 
v -172.45245361328125 4.563821792602539 -167.89988708496094 
v -173.06939697265625 -0.9687222242355347 -166.7401123046875 
v -183.97544860839844 3.476893424987793 -164.543212890625 
v -181.7648468017578 -1.8524788618087769 -164.17015075683594 
v -192.68614196777344 -2.5868470668792725 -158.95790100097656 
v -188.43089294433594 -6.571681976318359 -159.85006713867188 
v -196.1066436767578 -12.15462589263916 -152.586181640625 
v -191.0228729248047 -13.7817964553833 -155.04505920410156 
v -193.416015625 -22.44853973388672 -147.2373046875 
v -189.13790893554688 -21.673629760742188 -150.9022979736328 
v -183.14085388183594 -28.13710594177246 -148.56234741210938 
v -184.46041870117188 -55.70460510253906 -191.0377960205078 
v -177.67276000976562 -51.688758850097656 -194.97769165039062 
v -175.8713836669922 -54.95796585083008 -193.50286865234375 
v -172.8385467529297 -48.03985595703125 -198.24234008789062 
v -169.5321807861328 -50.22987747192383 -197.75083923339844 
v -170.64944458007812 -42.63893127441406 -201.9001922607422 
v -166.7197723388672 -43.165767669677734 -202.5230712890625 
v -172.1771697998047 -36.43693542480469 -205.14491271972656 
v -168.60472106933594 -35.27393341064453 -206.6658477783203 
v -176.73007202148438 -31.55282974243164 -206.90805053710938 
v -174.7082061767578 -28.94757652282715 -208.90089416503906 
v -183.15277099609375 -25.637828826904297 -208.82846069335938 
v -184.41477966308594 -52.20557403564453 -193.08299255371094 
v -193.01141357421875 -52.53197479248047 -190.8604736328125 
v -190.8831329345703 -49.78960037231445 -192.95819091796875 
v -195.43601989746094 -44.905494689941406 -194.72134399414062 
v -199.0084686279297 -46.06849670410156 -193.20040893554688 
v -197.07015991210938 -38.84061813354492 -197.86117553710938 
v -200.9998321533203 -38.313785552978516 -197.23828125 
v -194.8810577392578 -33.439693450927734 -201.51902770996094 
v -198.1874237060547 -31.249671936035156 -202.01052856445312 
v -190.04684448242188 -29.790790557861328 -204.78366088867188 
v -191.8482208251953 -26.52158546447754 -206.2584991455078 
v -183.1984100341797 -29.136856079101562 -206.7832489013672 
v -143.87542724609375 23.864501953125 -74.85596466064453 
v -144.20997619628906 12.252700805664062 -68.0255126953125 
v -148.8236541748047 20.498720169067383 -71.72897338867188 
v -155.62655639648438 11.30289077758789 -64.77371978759766 
v -155.23883056640625 19.973020553588867 -69.9063949584961 
v -166.8074493408203 15.387063026428223 -64.5045166015625 
v -161.38034057617188 22.380109786987305 -69.85370635986328 
v -165.81922912597656 26.981098175048828 -71.47920227050781 
v -135.49928283691406 18.316442489624023 -73.61082458496094 
v -142.01315307617188 29.274309158325195 -78.44169616699219 
v -132.0787811279297 27.884220123291016 -79.9825439453125 
v -143.5332794189453 35.05606460571289 -81.44387817382812 
v -134.66299438476562 38.315250396728516 -85.4363021850586 
v -147.86575317382812 39.79417037963867 -83.17425537109375 
v -142.54505920410156 46.65010070800781 -88.41857147216797 
v -153.61953735351562 50.87139129638672 -88.2542495727539 
v -154.11367797851562 42.06414031982422 -83.01668548583984 
v -165.1425323486328 49.784461975097656 -84.89756774902344 
v -160.5288543701172 41.53844451904297 -81.19410705566406 
v -173.8532257080078 43.72072219848633 -79.312255859375 
v -165.25665283203125 38.02665710449219 -78.03434753417969 
v -177.2737274169922 34.1529426574707 -72.94054412841797 
v -167.33935546875 32.762855529785156 -74.48139190673828 
v -174.58309936523438 23.859027862548828 -67.59166717529297 
v -188.45947265625 -7.548717975616455 -183.50645446777344 
v -192.45773315429688 -17.379886627197266 -200.41534423828125 
v -197.170166015625 -13.612458229064941 -177.921142578125 
v -201.16842651367188 -23.443628311157227 -194.8300323486328 
v -200.59066772460938 -23.18023681640625 -171.54942321777344 
v -204.58892822265625 -33.01140594482422 -188.4583282470703 
v -197.90003967285156 -33.474151611328125 -166.2005615234375 
v -201.89830017089844 -43.305320739746094 -183.1094512939453 
v -190.1243896484375 -41.94611740112305 -163.1134033203125 
v -194.12265014648438 -51.777286529541016 -180.0222930908203 
v -182.94175720214844 -55.86145782470703 -180.29150390625 
v -184.46041870117188 -55.70460510253906 -191.0377960205078 
v -175.8713836669922 -54.95796585083008 -193.50286865234375 
v -191.8482208251953 -26.52158546447754 -206.2584991455078 
v -198.1874237060547 -31.249671936035156 -202.01052856445312 
v -200.9998321533203 -38.313785552978516 -197.23828125 
v -199.0084686279297 -46.06849670410156 -193.20040893554688 
v -193.01141357421875 -52.53197479248047 -190.8604736328125 
v -183.15277099609375 -25.637828826904297 -208.82846069335938 
v -180.9347381591797 -16.292959213256836 -203.77203369140625 
v -174.7082061767578 -28.94757652282715 -208.90089416503906 
v -169.86026000976562 -20.514249801635742 -203.9363555908203 
v -161.9781951904297 -28.849096298217773 -200.95408630371094 
v -157.9799346923828 -19.017927169799805 -184.04519653320312 
v -155.39572143554688 -29.448959350585938 -178.5914306640625 
v -176.93649291992188 -6.461789608001709 -186.86314392089844 
v -165.86199951171875 -10.683079719543457 -187.02745056152344 
v -178.94349670410156 -46.03028869628906 -163.38259887695312 
v -171.52517700195312 -54.91164779663086 -183.5432891845703 
v -167.5269317626953 -45.08047866821289 -166.6343994140625 
v -162.81448364257812 -48.84790802001953 -189.12860107421875 
v -158.81622314453125 -39.01673889160156 -172.21971130371094 
v -159.39398193359375 -39.280128479003906 -195.5003204345703 
v -169.5321807861328 -50.22987747192383 -197.75083923339844 
v -166.7197723388672 -43.165767669677734 -202.5230712890625 
v -168.60472106933594 -35.27393341064453 -206.6658477783203 
v -197.07015991210938 -38.84061813354492 -197.86117553710938 
v -190.15634155273438 -28.90422821044922 -180.6014404296875 
v -195.43601989746094 -44.905494689941406 -194.72134399414062 
v -188.87184143066406 -33.69950485229492 -178.11709594726562 
v -190.8831329345703 -49.78960037231445 -192.95819091796875 
v -185.20823669433594 -37.579368591308594 -176.72755432128906 
v -180.05484008789062 -39.53956985473633 -176.80642700195312 
v -184.41477966308594 -52.20557403564453 -193.08299255371094 
v -174.72659301757812 -39.12434005737305 -178.30776977539062 
v -177.67276000976562 -51.688758850097656 -194.97769165039062 
v -170.8577117919922 -36.28926467895508 -180.8709716796875 
v -172.8385467529297 -48.03985595703125 -198.24234008789062 
v -169.08665466308594 -31.8570556640625 -183.86672973632812 
v -170.64944458007812 -42.63893127441406 -201.9001922607422 
v -170.3711700439453 -27.061779022216797 -186.35107421875 
v -172.1771697998047 -36.43693542480469 -205.14491271972656 
v -174.03475952148438 -23.181915283203125 -187.74061584472656 
v -176.73007202148438 -31.55282974243164 -206.90805053710938 
v -183.1984100341797 -29.136856079101562 -206.7832489013672 
v -179.18817138671875 -21.22171401977539 -187.6617431640625 
v -190.04684448242188 -29.790790557861328 -204.78366088867188 
v -184.5164031982422 -21.636943817138672 -186.16041564941406 
v -194.8810577392578 -33.439693450927734 -201.51902770996094 
v -188.49171447753906 -24.6091365814209 -183.49232482910156 
v -160.3730926513672 -27.68467140197754 -176.23744201660156 
v -159.3347930908203 -25.84389305114746 -155.52484130859375 
v -163.0714874267578 -35.03190231323242 -171.32754516601562 
v -165.89442443847656 -30.425979614257812 -151.30963134765625 
v -169.631103515625 -39.613990783691406 -167.11233520507812 
v -174.58987426757812 -31.309734344482422 -148.73968505859375 
v -178.32655334472656 -40.497745513916016 -164.54238891601562 
v -183.14085388183594 -28.13710594177246 -148.56234741210938 
v -186.87754821777344 -37.32511520385742 -164.36505126953125 
v -192.87460327148438 -30.86163902282715 -166.7050018310547 
v -156.6363983154297 -18.496662139892578 -160.4347381591797 
v -162.25804138183594 -19.79283905029297 -180.3802032470703 
v -158.52134704589844 -10.604827880859375 -164.57749938964844 
v -168.36151123046875 -13.466480255126953 -182.61526489257812 
v -164.62481689453125 -4.278470039367676 -166.8125457763672 
v -173.06939697265625 -0.9687222242355347 -166.7401123046875 
v -176.80609130859375 -10.156732559204102 -182.54281616210938 
v -181.7648468017578 -1.8524788618087769 -164.17015075683594 
v -185.5015411376953 -11.040489196777344 -179.97286987304688 
v -188.43089294433594 -6.571681976318359 -159.85006713867188 
v -192.16757202148438 -15.759692192077637 -175.65277099609375 
v -191.0228729248047 -13.7817964553833 -155.04505920410156 
v -194.75955200195312 -22.969806671142578 -170.84776306152344 
v -189.13790893554688 -21.673629760742188 -150.9022979736328 
v -136.27145385742188 37.015201568603516 -19.75693130493164 
v -134.94627380371094 37.593017578125 -23.930774688720703 
v -135.86859130859375 38.82439422607422 -20.90409278869629 
v -137.06690979003906 40.45086669921875 -25.0909481048584 
v -137.32034301757812 40.82400131225586 -21.723424911499023 
v -140.4569091796875 41.24305725097656 -24.74994659423828 
v -139.61581420898438 41.306419372558594 -21.46112823486328 
v -143.48208618164062 39.9251708984375 -23.268369674682617 
v -141.3412322998047 40.37324142456055 -20.510568618774414 
v -143.96856689453125 36.718143463134766 -21.2887020111084 
v -141.8505096435547 38.42692947387695 -19.25851821899414 
v -142.068359375 34.00629425048828 -20.161296844482422 
v -140.6191864013672 36.573326110839844 -18.471952438354492 
v -138.45794677734375 33.0681037902832 -20.46953010559082 
v -138.10328674316406 35.94490432739258 -18.70148277282715 
v -135.54678344726562 34.66910934448242 -22.088762283325195 
v -120.46632385253906 61.84136962890625 -41.45319747924805 
v -119.38201904296875 60.49801254272461 -37.403995513916016 
v -118.45970916748047 59.26663589477539 -40.43067932128906 
v -119.89130401611328 58.55170440673828 -36.151947021484375 
v -118.94619750976562 56.059608459472656 -38.451011657714844 
v -121.72312927246094 57.48140335083008 -35.09649658203125 
v -122.0777816772461 54.60460662841797 -36.86454772949219 
v -123.91218566894531 58.10094451904297 -34.9390869140625 
v -125.46778106689453 55.396793365478516 -36.52354431152344 
v -125.24993133544922 59.81742858886719 -35.62076950073242 
v -127.58840942382812 58.25464630126953 -37.683719635009766 
v -124.96107482910156 61.90974044799805 -36.905582427978516 
v -126.8814926147461 61.315670013427734 -39.630619049072266 
v -122.90882110595703 62.83403778076172 -37.92826461791992 
v -123.97032928466797 62.91667556762695 -41.249847412109375 
v -120.71976470947266 62.214500427246094 -38.08567428588867 
v -163.0428924560547 -34.054866790771484 -147.67115783691406 
v -168.1818389892578 -19.568822860717773 -117.87081146240234 
v -174.45947265625 -35.004676818847656 -144.4193572998047 
v -179.36273193359375 -15.484649658203125 -117.60160827636719 
v -185.64036560058594 -30.92050552368164 -144.150146484375 
v -193.416015625 -22.44853973388672 -147.2373046875 
v -156.7652587890625 -18.61901092529297 -121.12260437011719 
v -154.3321990966797 -27.991127014160156 -153.2564697265625 
v -148.0545654296875 -12.55527114868164 -126.70791625976562 
v -150.9116973876953 -18.42334747314453 -159.62818908691406 
v -144.63406372070312 -2.987492561340332 -133.0796356201172 
v -153.49591064453125 -7.992316722869873 -165.08193969726562 
v -147.21827697753906 7.443539142608643 -138.5334014892578 
v -161.3779754638672 0.34253138303756714 -168.064208984375 
v -155.100341796875 15.778387069702148 -141.5156707763672 
v -166.17481994628906 19.999677658081055 -141.35134887695312 
v -172.45245361328125 4.563821792602539 -167.89988708496094 
v -177.69781494140625 18.912748336791992 -137.99465942382812 
v -183.97544860839844 3.476893424987793 -164.543212890625 
v -186.40850830078125 12.849008560180664 -132.4093475341797 
v -192.68614196777344 -2.5868470668792725 -158.95790100097656 
v -189.82901000976562 3.2812297344207764 -126.03763580322266 
v -196.1066436767578 -12.15462589263916 -152.586181640625 
v -187.1383819580078 -7.012684345245361 -120.68875885009766 
v -212.71372985839844 -51.06793975830078 -207.7595672607422 
v -182.1654815673828 -30.196529388427734 -227.11805725097656 
v -178.927490234375 -28.604402542114258 -228.8094024658203 
v -211.6190948486328 -39.33678436279297 -214.83914184570312 
v -178.6072998046875 9.067431449890137 -167.08045959472656 
v -150.75079345703125 78.99192810058594 -40.73930358886719 
v -195.53472900390625 -12.31418514251709 -150.64608764648438 
v -167.57180786132812 57.74742889404297 -24.409822463989258 
v -146.85816955566406 71.39842987060547 -27.111675262451172 
v -153.03018188476562 63.44554901123047 -21.028276443481445 
v -174.00279235839844 12.602584838867188 -180.13742065429688 
v -169.98190307617188 13.05334758758545 -181.35028076171875 
v -155.59951782226562 51.35950469970703 -118.2487564086914 
v -185.199462890625 23.34271812438965 -128.4431610107422 
v -177.21853637695312 21.585689544677734 -129.3087615966797 
v -191.8731689453125 13.023292541503906 -120.86517333984375 
v -163.7763671875 62.033058166503906 -28.680179595947266 
v -164.6435089111328 48.299129486083984 -25.556472778320312 
v -190.15634155273438 -28.90422821044922 -180.6014404296875 
v -184.5164031982422 -21.636943817138672 -186.16041564941406 
v -146.47647094726562 79.0695571899414 -45.31968688964844 
v -170.67433166503906 -51.33720016479492 -164.67550659179688 
v -173.23475646972656 -66.4220199584961 -208.16754150390625 
v -184.9640350341797 -49.96875 -162.0922088623047 
v -149.31356811523438 -9.09006404876709 -163.45008850097656 
v -147.30694580078125 -11.664795875549316 -162.4275665283203 
v -156.43565368652344 -12.676788330078125 -159.68060302734375 
v -119.89130401611328 58.55170440673828 -36.151947021484375 
v -124.96107482910156 61.90974044799805 -36.905582427978516 
v -163.79351806640625 -33.338417053222656 -145.92767333984375 
v -172.81581115722656 -34.213287353515625 -143.2855987548828 
v -141.3412322998047 40.37324142456055 -20.510568618774414 
v -130.98757934570312 60.886314392089844 -24.75246238708496 
v -145.56796264648438 -6.231621742248535 -175.91050720214844 
v -126.57183837890625 29.848983764648438 -112.60594940185547 
v -130.31906127929688 32.33100891113281 -113.1629867553711 
v -139.79193115234375 -6.733611583709717 -121.69319152832031 
v -144.15478515625 -0.31455129384994507 -124.39373016357422 
v -148.46458435058594 -8.878084182739258 -118.39562225341797 
v -144.07496643066406 44.416290283203125 -23.095998764038086 
v -146.61370849609375 40.28496551513672 -20.093650817871094 
v -174.72659301757812 -39.12434005737305 -178.30776977539062 
v -153.59695434570312 -2.7802679538726807 94.93045043945312 
v -212.09716796875 46.511470794677734 147.07041931152344 
v -211.7824249267578 44.21295928955078 149.87437438964844 
v -211.7824249267578 44.21295928955078 149.87437438964844 
v -153.06179809570312 -5.224781513214111 97.76718139648438 
v -153.59695434570312 -2.7802679538726807 94.93045043945312 
v -155.89109802246094 -2.478332042694092 92.2134017944336 
v -214.28489685058594 46.950523376464844 144.24847412109375 
v -212.09716796875 46.511470794677734 147.07041931152344 
v -212.09716796875 46.511470794677734 147.07041931152344 
v -153.59695434570312 -2.7802679538726807 94.93045043945312 
v -155.89109802246094 -2.478332042694092 92.2134017944336 
v -158.61785888671875 -4.497717380523682 90.72801971435547 
v -217.30113220214844 45.031898498535156 142.99322509765625 
v -214.28489685058594 46.950523376464844 144.24847412109375 
v -214.28489685058594 46.950523376464844 144.24847412109375 
v -155.89109802246094 -2.478332042694092 92.2134017944336 
v -158.61785888671875 -4.497717380523682 90.72801971435547 
v -160.393310546875 -7.434131622314453 91.75371551513672 
v -218.89352416992188 41.85760498046875 143.8936767578125 
v -217.30113220214844 45.031898498535156 142.99322509765625 
v -217.30113220214844 45.031898498535156 142.99322509765625 
v -158.61785888671875 -4.497717380523682 90.72801971435547 
v -160.393310546875 -7.434131622314453 91.75371551513672 
v -159.8955078125 -9.970526695251465 94.43241882324219 
v -218.61614990234375 39.46720504760742 146.5395965576172 
v -218.89352416992188 41.85760498046875 143.8936767578125 
v -218.89352416992188 41.85760498046875 143.8936767578125 
v -160.393310546875 -7.434131622314453 91.75371551513672 
v -159.8955078125 -9.970526695251465 94.43241882324219 
v -157.67042541503906 -10.317693710327148 97.41239166259766 
v -216.39105224609375 39.12004470825195 149.51959228515625 
v -218.61614990234375 39.46720504760742 146.5395965576172 
v -218.61614990234375 39.46720504760742 146.5395965576172 
v -159.8955078125 -9.970526695251465 94.43241882324219 
v -157.67042541503906 -10.317693710327148 97.41239166259766 
v -154.98101806640625 -8.3901948928833 98.73973846435547 
v -213.37481689453125 41.038658142089844 150.77481079101562 
v -216.39105224609375 39.12004470825195 149.51959228515625 
v -216.39105224609375 39.12004470825195 149.51959228515625 
v -157.67042541503906 -10.317693710327148 97.41239166259766 
v -154.98101806640625 -8.3901948928833 98.73973846435547 
v -153.06179809570312 -5.224781513214111 97.76718139648438 
v -211.7824249267578 44.21295928955078 149.87437438964844 
v -213.37481689453125 41.038658142089844 150.77481079101562 
v -213.37481689453125 41.038658142089844 150.77481079101562 
v -154.98101806640625 -8.3901948928833 98.73973846435547 
v -153.06179809570312 -5.224781513214111 97.76718139648438 
v -157.67042541503906 -10.317693710327148 97.41239166259766 
v -159.8955078125 -9.970526695251465 94.43241882324219 
v -160.393310546875 -7.434131622314453 91.75371551513672 
v -160.393310546875 -7.434131622314453 91.75371551513672 
v -158.61785888671875 -4.497717380523682 90.72801971435547 
v -155.89109802246094 -2.478332042694092 92.2134017944336 
v -155.89109802246094 -2.478332042694092 92.2134017944336 
v -153.59695434570312 -2.7802679538726807 94.93045043945312 
v -153.06179809570312 -5.224781513214111 97.76718139648438 
v -160.393310546875 -7.434131622314453 91.75371551513672 
v -155.89109802246094 -2.478332042694092 92.2134017944336 
v -153.06179809570312 -5.224781513214111 97.76718139648438 
v -157.67042541503906 -10.317693710327148 97.41239166259766 
v -160.393310546875 -7.434131622314453 91.75371551513672 
v -153.06179809570312 -5.224781513214111 97.76718139648438 
v -154.98101806640625 -8.3901948928833 98.73973846435547 
v -157.67042541503906 -10.317693710327148 97.41239166259766 
v -153.06179809570312 -5.224781513214111 97.76718139648438 
v -247.7346649169922 74.42472839355469 177.59727478027344 
v -249.18067932128906 74.748046875 175.7686309814453 
v -250.9605255126953 73.30741119384766 174.8242645263672 
v -250.9605255126953 73.30741119384766 174.8242645263672 
v -252.0227508544922 71.37747192382812 175.5366973876953 
v -251.72889709472656 69.78092193603516 177.276611328125 
v -251.72889709472656 69.78092193603516 177.276611328125 
v -250.28286743164062 69.45758819580078 179.10523986816406 
v -248.54039001464844 70.80634307861328 179.8916015625 
v -250.9605255126953 73.30741119384766 174.8242645263672 
v -251.72889709472656 69.78092193603516 177.276611328125 
v -248.54039001464844 70.80634307861328 179.8916015625 
v -247.7346649169922 74.42472839355469 177.59727478027344 
v -250.9605255126953 73.30741119384766 174.8242645263672 
v -248.54039001464844 70.80634307861328 179.8916015625 
v -247.4407958984375 72.82816314697266 179.33718872070312 
v -247.7346649169922 74.42472839355469 177.59727478027344 
v -248.54039001464844 70.80634307861328 179.8916015625 
v -244.23194885253906 71.71510314941406 178.78501892089844 
v -244.54669189453125 74.01360321044922 175.9810333251953 
v -247.7346649169922 74.42472839355469 177.59727478027344 
v -247.7346649169922 74.42472839355469 177.59727478027344 
v -247.4407958984375 72.82816314697266 179.33718872070312 
v -244.23194885253906 71.71510314941406 178.78501892089844 
v -244.54669189453125 74.01360321044922 175.9810333251953 
v -247.06124877929688 74.46154022216797 173.23121643066406 
v -249.18067932128906 74.748046875 175.7686309814453 
v -249.18067932128906 74.748046875 175.7686309814453 
v -247.7346649169922 74.42472839355469 177.59727478027344 
v -244.54669189453125 74.01360321044922 175.9810333251953 
v -247.06124877929688 74.46154022216797 173.23121643066406 
v -249.7506561279297 72.53404235839844 171.90386962890625 
v -250.9605255126953 73.30741119384766 174.8242645263672 
v -250.9605255126953 73.30741119384766 174.8242645263672 
v -249.18067932128906 74.748046875 175.7686309814453 
v -247.06124877929688 74.46154022216797 173.23121643066406 
v -249.7506561279297 72.53404235839844 171.90386962890625 
v -251.56346130371094 69.50574493408203 172.77154541015625 
v -252.0227508544922 71.37747192382812 175.5366973876953 
v -252.0227508544922 71.37747192382812 175.5366973876953 
v -250.9605255126953 73.30741119384766 174.8242645263672 
v -249.7506561279297 72.53404235839844 171.90386962890625 
v -251.56346130371094 69.50574493408203 172.77154541015625 
v -251.06565856933594 66.96935272216797 175.4502410888672 
v -251.72889709472656 69.78092193603516 177.276611328125 
v -251.72889709472656 69.78092193603516 177.276611328125 
v -252.0227508544922 71.37747192382812 175.5366973876953 
v -251.56346130371094 69.50574493408203 172.77154541015625 
v -251.06565856933594 66.96935272216797 175.4502410888672 
v -248.840576171875 66.62217712402344 178.43020629882812 
v -250.28286743164062 69.45758819580078 179.10523986816406 
v -250.28286743164062 69.45758819580078 179.10523986816406 
v -251.72889709472656 69.78092193603516 177.276611328125 
v -251.06565856933594 66.96935272216797 175.4502410888672 
v -248.840576171875 66.62217712402344 178.43020629882812 
v -246.15118408203125 68.54966735839844 179.75755310058594 
v -248.54039001464844 70.80634307861328 179.8916015625 
v -248.54039001464844 70.80634307861328 179.8916015625 
v -250.28286743164062 69.45758819580078 179.10523986816406 
v -248.840576171875 66.62217712402344 178.43020629882812 
v -246.15118408203125 68.54966735839844 179.75755310058594 
v -244.23194885253906 71.71510314941406 178.78501892089844 
v -247.4407958984375 72.82816314697266 179.33718872070312 
v -247.4407958984375 72.82816314697266 179.33718872070312 
v -248.54039001464844 70.80634307861328 179.8916015625 
v -246.15118408203125 68.54966735839844 179.75755310058594 
v -244.54669189453125 74.01360321044922 175.9810333251953 
v -244.23194885253906 71.71510314941406 178.78501892089844 
v -211.7824249267578 44.21295928955078 149.87437438964844 
v -211.7824249267578 44.21295928955078 149.87437438964844 
v -212.09716796875 46.511470794677734 147.07041931152344 
v -244.54669189453125 74.01360321044922 175.9810333251953 
v -247.06124877929688 74.46154022216797 173.23121643066406 
v -244.54669189453125 74.01360321044922 175.9810333251953 
v -212.09716796875 46.511470794677734 147.07041931152344 
v -212.09716796875 46.511470794677734 147.07041931152344 
v -214.28489685058594 46.950523376464844 144.24847412109375 
v -247.06124877929688 74.46154022216797 173.23121643066406 
v -249.7506561279297 72.53404235839844 171.90386962890625 
v -247.06124877929688 74.46154022216797 173.23121643066406 
v -214.28489685058594 46.950523376464844 144.24847412109375 
v -214.28489685058594 46.950523376464844 144.24847412109375 
v -217.30113220214844 45.031898498535156 142.99322509765625 
v -249.7506561279297 72.53404235839844 171.90386962890625 
v -251.56346130371094 69.50574493408203 172.77154541015625 
v -249.7506561279297 72.53404235839844 171.90386962890625 
v -217.30113220214844 45.031898498535156 142.99322509765625 
v -217.30113220214844 45.031898498535156 142.99322509765625 
v -218.89352416992188 41.85760498046875 143.8936767578125 
v -251.56346130371094 69.50574493408203 172.77154541015625 
v -251.06565856933594 66.96935272216797 175.4502410888672 
v -251.56346130371094 69.50574493408203 172.77154541015625 
v -218.89352416992188 41.85760498046875 143.8936767578125 
v -218.89352416992188 41.85760498046875 143.8936767578125 
v -218.61614990234375 39.46720504760742 146.5395965576172 
v -251.06565856933594 66.96935272216797 175.4502410888672 
v -248.840576171875 66.62217712402344 178.43020629882812 
v -251.06565856933594 66.96935272216797 175.4502410888672 
v -218.61614990234375 39.46720504760742 146.5395965576172 
v -218.61614990234375 39.46720504760742 146.5395965576172 
v -216.39105224609375 39.12004470825195 149.51959228515625 
v -248.840576171875 66.62217712402344 178.43020629882812 
v -246.15118408203125 68.54966735839844 179.75755310058594 
v -248.840576171875 66.62217712402344 178.43020629882812 
v -216.39105224609375 39.12004470825195 149.51959228515625 
v -216.39105224609375 39.12004470825195 149.51959228515625 
v -213.37481689453125 41.038658142089844 150.77481079101562 
v -246.15118408203125 68.54966735839844 179.75755310058594 
v -244.23194885253906 71.71510314941406 178.78501892089844 
v -246.15118408203125 68.54966735839844 179.75755310058594 
v -213.37481689453125 41.038658142089844 150.77481079101562 
v -213.37481689453125 41.038658142089844 150.77481079101562 
v -211.7824249267578 44.21295928955078 149.87437438964844 
v -244.23194885253906 71.71510314941406 178.78501892089844 
v 400.12896728515625 15.595474243164062 -28.18342399597168 
v 400.2499694824219 17.085174560546875 -28.857894897460938 
v 362.88140869140625 49.65555191040039 27.566862106323242 
v 362.88140869140625 49.65555191040039 27.566862106323242 
v 362.65399169921875 48.02873229980469 28.346220016479492 
v 400.12896728515625 15.595474243164062 -28.18342399597168 
v 400.2499694824219 17.085174560546875 -28.857894897460938 
v 399.4240417480469 17.99614715576172 -30.07338523864746 
v 361.94903564453125 50.429405212402344 26.45625877380371 
v 361.94903564453125 50.429405212402344 26.45625877380371 
v 362.88140869140625 49.65555191040039 27.566862106323242 
v 400.2499694824219 17.085174560546875 -28.857894897460938 
v 399.4240417480469 17.99614715576172 -30.07338523864746 
v 398.1053161621094 17.754627227783203 -30.94285011291504 
v 360.63031005859375 50.18789291381836 25.58680534362793 
v 360.63031005859375 50.18789291381836 25.58680534362793 
v 361.94903564453125 50.429405212402344 26.45625877380371 
v 399.4240417480469 17.99614715576172 -30.07338523864746 
v 398.1053161621094 17.754627227783203 -30.94285011291504 
v 396.73272705078125 16.62738609313965 -31.064302444458008 
v 359.4781799316406 48.9146614074707 25.49810791015625 
v 359.4781799316406 48.9146614074707 25.49810791015625 
v 360.63031005859375 50.18789291381836 25.58680534362793 
v 398.1053161621094 17.754627227783203 -30.94285011291504 
v 396.73272705078125 16.62738609313965 -31.064302444458008 
v 396.5053405761719 15.000558853149414 -30.284948348999023 
v 359.1367492675781 47.57094192504883 26.139822006225586 
v 359.1367492675781 47.57094192504883 26.139822006225586 
v 359.4781799316406 48.9146614074707 25.49810791015625 
v 396.73272705078125 16.62738609313965 -31.064302444458008 
v 396.5053405761719 15.000558853149414 -30.284948348999023 
v 397.4376525878906 14.226712226867676 -29.174341201782227 
v 360.18310546875 46.51398849487305 27.38806915283203 
v 360.18310546875 46.51398849487305 27.38806915283203 
v 359.1367492675781 47.57094192504883 26.139822006225586 
v 396.5053405761719 15.000558853149414 -30.284948348999023 
v 397.4376525878906 14.226712226867676 -29.174341201782227 
v 398.9768371582031 14.322222709655762 -28.272106170654297 
v 361.5018310546875 46.755489349365234 28.257530212402344 
v 361.5018310546875 46.755489349365234 28.257530212402344 
v 360.18310546875 46.51398849487305 27.38806915283203 
v 397.4376525878906 14.226712226867676 -29.174341201782227 
v 398.9768371582031 14.322222709655762 -28.272106170654297 
v 400.12896728515625 15.595474243164062 -28.18342399597168 
v 362.65399169921875 48.02873229980469 28.346220016479492 
v 362.65399169921875 48.02873229980469 28.346220016479492 
v 361.5018310546875 46.755489349365234 28.257530212402344 
v 398.9768371582031 14.322222709655762 -28.272106170654297 
v 397.4376525878906 14.226712226867676 -29.174341201782227 
v 396.5053405761719 15.000558853149414 -30.284948348999023 
v 396.73272705078125 16.62738609313965 -31.064302444458008 
v 396.73272705078125 16.62738609313965 -31.064302444458008 
v 398.1053161621094 17.754627227783203 -30.94285011291504 
v 399.4240417480469 17.99614715576172 -30.07338523864746 
v 399.4240417480469 17.99614715576172 -30.07338523864746 
v 400.2499694824219 17.085174560546875 -28.857894897460938 
v 400.12896728515625 15.595474243164062 -28.18342399597168 
v 396.73272705078125 16.62738609313965 -31.064302444458008 
v 399.4240417480469 17.99614715576172 -30.07338523864746 
v 400.12896728515625 15.595474243164062 -28.18342399597168 
v 397.4376525878906 14.226712226867676 -29.174341201782227 
v 396.73272705078125 16.62738609313965 -31.064302444458008 
v 400.12896728515625 15.595474243164062 -28.18342399597168 
v 398.9768371582031 14.322222709655762 -28.272106170654297 
v 397.4376525878906 14.226712226867676 -29.174341201782227 
v 400.12896728515625 15.595474243164062 -28.18342399597168 
v 362.88140869140625 49.65555191040039 27.566862106323242 
v 361.94903564453125 50.429405212402344 26.45625877380371 
v 360.63031005859375 50.18789291381836 25.58680534362793 
v 360.63031005859375 50.18789291381836 25.58680534362793 
v 359.4781799316406 48.9146614074707 25.49810791015625 
v 359.1367492675781 47.57094192504883 26.139822006225586 
v 359.1367492675781 47.57094192504883 26.139822006225586 
v 360.18310546875 46.51398849487305 27.38806915283203 
v 361.5018310546875 46.755489349365234 28.257530212402344 
v 360.63031005859375 50.18789291381836 25.58680534362793 
v 359.1367492675781 47.57094192504883 26.139822006225586 
v 361.5018310546875 46.755489349365234 28.257530212402344 
v 362.88140869140625 49.65555191040039 27.566862106323242 
v 360.63031005859375 50.18789291381836 25.58680534362793 
v 361.5018310546875 46.755489349365234 28.257530212402344 
v 362.65399169921875 48.02873229980469 28.346220016479492 
v 362.88140869140625 49.65555191040039 27.566862106323242 
v 361.5018310546875 46.755489349365234 28.257530212402344 
vn -0.42692744731903076 -1.0378367900848389 -1.7899185419082642 
vn -0.41929006576538086 -1.0428955554962158 -1.7887831926345825 
vn -0.42692744731903076 -1.0378367900848389 -1.7899185419082642 
vn -0.42692744731903076 -1.0378367900848389 -1.7899185419082642 
vn -0.42692744731903076 -1.0378367900848389 -1.7899185419082642 
vn -0.42692744731903076 -1.0378367900848389 -1.7899185419082642 
vn -0.41929006576538086 -1.0428955554962158 -1.7887831926345825 
vn -0.42692744731903076 -1.0378367900848389 -1.7899185419082642 
vn -0.42692744731903076 -1.0378367900848389 -1.7899185419082642 
vn 1.1824889183044434 1.6383625268936157 -0.6169923543930054 
vn 2.061258554458618 0.4452310800552368 -0.12718786299228668 
vn 1.104742407798767 1.430952548980713 -1.0932105779647827 
vn 2.0201468467712402 0.19534428417682648 -0.5865498781204224 
vn 2.0201468467712402 0.19534428417682648 -0.5865498781204224 
vn 1.7479299306869507 -1.157765507698059 0.25983452796936035 
vn 1.798290491104126 -0.8656045198440552 0.6928730607032776 
vn 1.7479299306869507 -1.157765507698059 0.25983452796936035 
vn 0.4506950378417969 -1.8269543647766113 0.9603657722473145 
vn 0.5411848425865173 -1.513441801071167 1.3710585832595825 
vn 0.4506950378417969 -1.8269543647766113 0.9603657722473145 
vn -1.112379789352417 -1.4258939027786255 1.092075228691101 
vn -0.9737767577171326 -1.1251682043075562 1.4996477365493774 
vn -1.104742407798767 -1.430952548980713 1.0932105779647827 
vn -2.020934581756592 -0.19729092717170715 0.5831751823425293 
vn -1.8547810316085815 0.06448253989219666 1.009366750717163 
vn -2.020934581756592 -0.19729092717170715 0.5831751823425293 
vn -1.7479299306869507 1.157765507698059 -0.25983452796936035 
vn -1.5897071361541748 1.378482460975647 0.1892380267381668 
vn -1.7479299306869507 1.157765507698059 -0.25983452796936035 
vn -0.45149940252304077 1.824986219406128 -0.9637240767478943 
vn -0.33126556873321533 2.027590274810791 -0.49227210879325867 
vn -0.45149940252304077 1.824986219406128 -0.9637240767478943 
vn 1.104742407798767 1.430952548980713 -1.0932105779647827 
vn 1.1824889183044434 1.6383625268936157 -0.6169923543930054 
vn 1.104742407798767 1.430952548980713 -1.0932105779647827 
vn -0.42692744731903076 -1.0378367900848389 -1.7899185419082642 
vn -0.42692744731903076 -1.0378367900848389 -1.7899185419082642 
vn -0.42692744731903076 -1.0378367900848389 -1.7899185419082642 
vn -0.42692744731903076 -1.0378367900848389 -1.7899185419082642 
vn 0.41929006576538086 1.0428955554962158 1.7887831926345825 
vn 0.41929006576538086 1.0428955554962158 1.7887831926345825 
vn 0.41929006576538086 1.0428955554962158 1.7887831926345825 
vn 0.41929006576538086 1.0428955554962158 1.7887831926345825 
vn -2.020934581756592 -0.19729092717170715 0.5831751823425293 
vn -2.0299670696258545 -0.22012510895729065 0.5421924591064453 
vn -2.017745018005371 -0.18944810330867767 0.5966641902923584 
vn -2.0299670696258545 -0.22012510895729065 0.5421924591064453 
vn -2.040745973587036 -0.24891917407512665 0.48640406131744385 
vn -2.040745973587036 -0.24891917407512665 0.48640406131744385 
vn 1.492993950843811 1.017296314239502 -1.0951110124588013 
vn 1.492993950843811 1.017296314239502 -1.0951110124588013 
vn 1.492993950843811 1.017296314239502 -1.0951110124588013 
vn 1.492993950843811 1.017296314239502 -1.0951110124588013 
vn -1.8041974306106567 1.0583573579788208 -0.29655617475509644 
vn -1.7969073057174683 1.0795713663101196 -0.2623802125453949 
vn -1.8041974306106567 1.0583573579788208 -0.29655617475509644 
vn -1.7969073057174683 1.0795713663101196 -0.2623802125453949 
vn -1.783846378326416 1.1112115383148193 -0.21516256034374237 
vn -1.783846378326416 1.1112115383148193 -0.21516256034374237 
vn -0.42692744731903076 -1.0378367900848389 -1.7899185419082642 
vn -0.42692744731903076 -1.0378367900848389 -1.7899185419082642 
vn -0.42692744731903076 -1.0378367900848389 -1.7899185419082642 
vn -0.42692744731903076 -1.0378367900848389 -1.7899185419082642 
vn -1.5433933734893799 -1.141065239906311 0.882665753364563 
vn -1.5321413278579712 -1.1116420030593872 0.9380759596824646 
vn -1.5433933734893799 -1.141065239906311 0.882665753364563 
vn -1.5321413278579712 -1.1116420030593872 0.9380759596824646 
vn -1.519834041595459 -1.0808452367782593 0.992506742477417 
vn -1.519834041595459 -1.0808452367782593 0.992506742477417 
vn -1.1907169818878174 -1.4300791025161743 1.0001287460327148 
vn -1.18199622631073 -1.4076379537582397 1.0414561033248901 
vn -1.1907169818878174 -1.4300791025161743 1.0001287460327148 
vn -1.18199622631073 -1.4076379537582397 1.0414561033248901 
vn -1.1727020740509033 -1.384452223777771 1.0822440385818481 
vn -1.1727020740509033 -1.384452223777771 1.0822440385818481 
vn -1.1727020740509033 -1.384452223777771 1.0822440385818481 
vn 1.9439198970794678 -0.8153993487358093 -0.13962092995643616 
vn 1.9439198970794678 -0.8153993487358093 -0.13962092995643616 
vn 1.9439198970794678 -0.8153993487358093 -0.13962092995643616 
vn 1.9439198970794678 -0.8153993487358093 -0.13962092995643616 
vn 0.41929006576538086 1.0428955554962158 1.7887831926345825 
vn 0.41929006576538086 1.0428955554962158 1.7887831926345825 
vn 0.41929006576538086 1.0428955554962158 1.7887831926345825 
vn 0.41929006576538086 1.0428955554962158 1.7887831926345825 
vn 1.5206339359283447 1.0828096866607666 -0.9891345500946045 
vn 1.5206339359283447 1.0828096866607666 -0.9891345500946045 
vn 1.5073307752609253 1.050711750984192 -1.0426647663116455 
vn 1.5073307752609253 1.050711750984192 -1.0426647663116455 
vn 1.492993950843811 1.017296314239502 -1.0951110124588013 
vn 1.492993950843811 1.017296314239502 -1.0951110124588013 
vn -1.8039171695709229 -0.7167500853538513 0.8338732123374939 
vn -1.8100879192352295 -0.7321743965148926 0.8066567182540894 
vn -1.8039171695709229 -0.7167500853538513 0.8338732123374939 
vn -1.8130650520324707 -0.7397463321685791 0.7929458618164062 
vn -1.821561336517334 -0.7618943452835083 0.7514146566390991 
vn -1.821561336517334 -0.7618943452835083 0.7514146566390991 
vn 0.41929006576538086 1.0428955554962158 1.7887831926345825 
vn 0.41929006576538086 1.0428955554962158 1.7887831926345825 
vn 0.41929006576538086 1.0428955554962158 1.7887831926345825 
vn 0.41929006576538086 1.0428955554962158 1.7887831926345825 
vn 1.866703987121582 0.6042171716690063 -0.7832817435264587 
vn 1.866703987121582 0.6042171716690063 -0.7832817435264587 
vn 1.866703987121582 0.6042171716690063 -0.7832817435264587 
vn 1.866703987121582 0.6042171716690063 -0.7832817435264587 
vn 0.41929006576538086 1.0428955554962158 1.7887831926345825 
vn 0.41929006576538086 1.0428955554962158 1.7887831926345825 
vn 0.41929006576538086 1.0428955554962158 1.7887831926345825 
vn 0.41929006576538086 1.0428955554962158 1.7887831926345825 
vn 0.41929006576538086 1.0428955554962158 1.7887831926345825 
vn 0.41929006576538086 1.0428955554962158 1.7887831926345825 
vn 0.41929006576538086 1.0428955554962158 1.7887831926345825 
vn 0.41929006576538086 1.0428955554962158 1.7887831926345825 
vn 0.42784035205841064 -1.886284351348877 0.8497499227523804 
vn 0.42784035205841064 -1.886284351348877 0.8497499227523804 
vn 0.42784035205841064 -1.886284351348877 0.8497499227523804 
vn 0.42784035205841064 -1.886284351348877 0.8497499227523804 
vn -0.42692744731903076 -1.0378367900848389 -1.7899185419082642 
vn -0.42692744731903076 -1.0378367900848389 -1.7899185419082642 
vn -0.42692744731903076 -1.0378367900848389 -1.7899185419082642 
vn -0.42692744731903076 -1.0378367900848389 -1.7899185419082642 
vn -0.015160308219492435 -1.8206367492675781 1.0715603828430176 
vn -0.015160308219492435 -1.8206367492675781 1.0715603828430176 
vn -0.015160308219492435 -1.8206367492675781 1.0715603828430176 
vn -0.015160308219492435 -1.8206367492675781 1.0715603828430176 
vn 1.7817589044570923 -1.111629843711853 0.22980067133903503 
vn 1.7735745906829834 -1.132900595664978 0.18483352661132812 
vn 1.7817589044570923 -1.111629843711853 0.22980067133903503 
vn 1.7735745906829834 -1.132900595664978 0.18483352661132812 
vn 1.7609251737594604 -1.1586976051330566 0.1405586451292038 
vn 1.7609251737594604 -1.1586976051330566 0.1405586451292038 
vn 0.41929006576538086 1.0428955554962158 1.7887831926345825 
vn 0.41929006576538086 1.0428955554962158 1.7887831926345825 
vn 0.41929006576538086 1.0428955554962158 1.7887831926345825 
vn 0.41929006576538086 1.0428955554962158 1.7887831926345825 
vn -0.9015788435935974 1.7366325855255127 -0.7965266108512878 
vn -0.9116618037223816 1.712467074394226 -0.8363736271858215 
vn -0.9015788435935974 1.7366325855255127 -0.7965266108512878 
vn -0.9116618037223816 1.712467074394226 -0.8363736271858215 
vn -0.9227979779243469 1.6869648694992065 -0.8750911951065063 
vn -0.9227979779243469 1.6869648694992065 -0.8750911951065063 
vn -0.42692744731903076 -1.0378367900848389 -1.7899185419082642 
vn -0.42692744731903076 -1.0378367900848389 -1.7899185419082642 
vn -0.42692744731903076 -1.0378367900848389 -1.7899185419082642 
vn -0.42692744731903076 -1.0378367900848389 -1.7899185419082642 
vn -2.080566883087158 0.306556761264801 0.2011435478925705 
vn -2.0728344917297363 0.3276829123497009 0.2432601898908615 
vn -2.080566883087158 0.306556761264801 0.2011435478925705 
vn -2.0728344917297363 0.3276829123497009 0.2432601898908615 
vn -2.0638768672943115 0.35041385889053345 0.2842842936515808 
vn -2.0638768672943115 0.35041385889053345 0.2842842936515808 
vn 2.0409739017486572 -0.3971743583679199 -0.373994916677475 
vn 2.0409739017486572 -0.3971743583679199 -0.373994916677475 
vn 2.052537679672241 -0.3710835874080658 -0.3355303108692169 
vn 2.0561323165893555 -0.3627135455608368 -0.32241737842559814 
vn 2.066124200820923 -0.3386138677597046 -0.2822509706020355 
vn -0.4762919545173645 1.7669395208358765 -1.055585503578186 
vn -0.4762919545173645 1.7669395208358765 -1.055585503578186 
vn -0.4762919545173645 1.7669395208358765 -1.055585503578186 
vn -0.4762919545173645 1.7669395208358765 -1.055585503578186 
vn -1.9958463907241821 0.6883664131164551 -0.07709560543298721 
vn -1.9958463907241821 0.6883664131164551 -0.07709560543298721 
vn -1.9958463907241821 0.6883664131164551 -0.07709560543298721 
vn -1.9958463907241821 0.6883664131164551 -0.07709560543298721 
vn -0.04363950341939926 -1.8689696788787842 0.9839908480644226 
vn -0.04363950341939926 -1.8689696788787842 0.9839908480644226 
vn -0.0245246272534132 -1.8439239263534546 1.030792474746704 
vn -0.0245246272534132 -1.8439239263534546 1.030792474746704 
vn -0.01835647039115429 -1.828495740890503 1.0580435991287231 
vn -0.01835647039115429 -1.828495740890503 1.0580435991287231 
vn -0.015160308219492435 -1.8206367492675781 1.0715603828430176 
vn 1.1449466943740845 1.3411616086959839 -1.1634316444396973 
vn 1.1449466943740845 1.3411616086959839 -1.1634316444396973 
vn 1.155374526977539 1.3658039569854736 -1.1237791776657104 
vn 1.155374526977539 1.3658039569854736 -1.1237791776657104 
vn 1.1652387380599976 1.3897260427474976 -1.083545446395874 
vn 1.1652387380599976 1.3897260427474976 -1.083545446395874 
vn 1.1652387380599976 1.3897260427474976 -1.083545446395874 
vn -0.42692744731903076 -1.0378367900848389 -1.7899185419082642 
vn -0.42692744731903076 -1.0378367900848389 -1.7899185419082642 
vn -0.42692744731903076 -1.0378367900848389 -1.7899185419082642 
vn -0.42692744731903076 -1.0378367900848389 -1.7899185419082642 
vn -1.5433933734893799 -1.141065239906311 0.882665753364563 
vn -1.5433933734893799 -1.141065239906311 0.882665753364563 
vn -1.5433933734893799 -1.141065239906311 0.882665753364563 
vn -1.5433933734893799 -1.141065239906311 0.882665753364563 
vn 0.41929006576538086 1.0428955554962158 1.7887831926345825 
vn 0.41929006576538086 1.0428955554962158 1.7887831926345825 
vn 0.41929006576538086 1.0428955554962158 1.7887831926345825 
vn 0.41929006576538086 1.0428955554962158 1.7887831926345825 
vn -0.42692744731903076 -1.0378367900848389 -1.7899185419082642 
vn -0.42692744731903076 -1.0378367900848389 -1.7899185419082642 
vn -0.42692744731903076 -1.0378367900848389 -1.7899185419082642 
vn -0.42692744731903076 -1.0378367900848389 -1.7899185419082642 
vn 1.7765012979507446 0.6693389415740967 -0.9269416332244873 
vn 1.7871013879776 0.694209635257721 -0.8874312043190002 
vn 1.7765012979507446 0.6693389415740967 -0.9269416332244873 
vn 1.7871013879776 0.694209635257721 -0.8874312043190002 
vn 1.7970643043518066 0.7182672023773193 -0.847257137298584 
vn 1.7970643043518066 0.7182672023773193 -0.847257137298584 
vn 2.071298837661743 -0.22753258049488068 -0.3480590283870697 
vn 2.071298837661743 -0.22753258049488068 -0.3480590283870697 
vn 2.0613462924957275 -0.2515822649002075 -0.388268381357193 
vn 2.0613462924957275 -0.2515822649002075 -0.388268381357193 
vn 2.046421527862549 -0.2857503890991211 -0.4401136636734009 
vn -1.0428962707519531 -1.470430850982666 1.101539969444275 
vn -1.0428962707519531 -1.470430850982666 1.101539969444275 
vn -1.0428962707519531 -1.470430850982666 1.101539969444275 
vn -1.0428962707519531 -1.470430850982666 1.101539969444275 
vn -1.0521905422210693 -1.4936165809631348 1.0607521533966064 
vn -1.0521905422210693 -1.4936165809631348 1.0607521533966064 
vn -1.0609111785888672 -1.5160577297210693 1.0194246768951416 
vn 1.9919373989105225 0.1291142851114273 -0.6918877363204956 
vn 1.9919373989105225 0.1291142851114273 -0.6918877363204956 
vn 1.9919373989105225 0.1291142851114273 -0.6918877363204956 
vn 1.9919373989105225 0.1291142851114273 -0.6918877363204956 
vn -2.070580244064331 0.22151996195316315 0.3561183214187622 
vn -2.079507827758789 0.1988418698310852 0.3151252567768097 
vn -2.070580244064331 0.22151996195316315 0.3561183214187622 
vn -2.079507827758789 0.1988418698310852 0.3151252567768097 
vn -2.087352752685547 0.177580326795578 0.2731630206108093 
vn -2.087352752685547 0.177580326795578 0.2731630206108093 
vn 0.41929006576538086 1.0428955554962158 1.7887831926345825 
vn 0.41929006576538086 1.0428955554962158 1.7887831926345825 
vn 0.41929006576538086 1.0428955554962158 1.7887831926345825 
vn 0.41929006576538086 1.0428955554962158 1.7887831926345825 
vn 0.41929006576538086 1.0428955554962158 1.7887831926345825 
vn 0.41929006576538086 1.0428955554962158 1.7887831926345825 
vn 0.41929006576538086 1.0428955554962158 1.7887831926345825 
vn 0.41929006576538086 1.0428955554962158 1.7887831926345825 
vn 1.7479299306869507 -1.157765507698059 0.25983452796936035 
vn 1.7479299306869507 -1.157765507698059 0.25983452796936035 
vn 1.7479299306869507 -1.157765507698059 0.25983452796936035 
vn 1.7479299306869507 -1.157765507698059 0.25983452796936035 
vn -0.41929006576538086 -1.0428955554962158 -1.7887831926345825 
vn -0.41929006576538086 -1.0428955554962158 -1.7887831926345825 
vn -0.41929006576538086 -1.0428955554962158 -1.7887831926345825 
vn -0.41929006576538086 -1.0428955554962158 -1.7887831926345825 
vn -0.41929006576538086 -1.0428955554962158 -1.7887831926345825 
vn -0.41929006576538086 -1.0428955554962158 -1.7887831926345825 
vn -0.41929006576538086 -1.0428955554962158 -1.7887831926345825 
vn 0.41929006576538086 1.0428955554962158 1.7887831926345825 
vn 0.41929006576538086 1.0428955554962158 1.7887831926345825 
vn 0.41929006576538086 1.0428955554962158 1.7887831926345825 
vn 0.41929006576538086 1.0428955554962158 1.7887831926345825 
vn 0.41929006576538086 1.0428955554962158 1.7887831926345825 
vn 0.41929006576538086 1.0428955554962158 1.7887831926345825 
vn 0.41929006576538086 1.0428955554962158 1.7887831926345825 
vn 0.41929006576538086 1.0428955554962158 1.7887831926345825 
vn -1.9747117757797241 0.7499614953994751 0.03557485714554787 
vn -1.9747117757797241 0.7499614953994751 0.03557485714554787 
vn -1.9747117757797241 0.7499614953994751 0.03557485714554787 
vn -1.9747117757797241 0.7499614953994751 0.03557485714554787 
vn -1.7479299306869507 1.157765507698059 -0.25983452796936035 
vn -1.7479299306869507 1.157765507698059 -0.25983452796936035 
vn -1.7479299306869507 1.157765507698059 -0.25983452796936035 
vn -1.7479299306869507 1.157765507698059 -0.25983452796936035 
vn -0.42692744731903076 -1.0378367900848389 -1.7899185419082642 
vn -0.42692744731903076 -1.0378367900848389 -1.7899185419082642 
vn -0.42692744731903076 -1.0378367900848389 -1.7899185419082642 
vn -0.42692744731903076 -1.0378367900848389 -1.7899185419082642 
vn -0.3885025680065155 -0.11275872588157654 2.07353138923645 
vn -0.3885025680065155 -0.11275872588157654 2.07353138923645 
vn -0.3885025680065155 -0.11275872588157654 2.07353138923645 
vn -0.3885025680065155 -0.11275872588157654 2.07353138923645 
vn 1.0208733081817627 -1.695298671722412 0.7395756840705872 
vn 1.0119960308074951 -1.7179532051086426 0.6983500123023987 
vn 1.0208733081817627 -1.695298671722412 0.7395756840705872 
vn 1.0119960308074951 -1.7179532051086426 0.6983500123023987 
vn 1.00435209274292 -1.7389904260635376 0.656034529209137 
vn 1.00435209274292 -1.7389904260635376 0.656034529209137 
vn 0.3808651864528656 0.11781744658946991 -2.074666738510132 
vn 0.3808651864528656 0.11781744658946991 -2.074666738510132 
vn 0.3808651864528656 0.11781744658946991 -2.074666738510132 
vn 0.3808651864528656 0.11781744658946991 -2.074666738510132 
vn 0.41929006576538086 1.0428955554962158 1.7887831926345825 
vn 0.41929006576538086 1.0428955554962158 1.7887831926345825 
vn 0.42692744731903076 1.0378367900848389 1.7899185419082642 
vn 0.42692744731903076 1.0378367900848389 1.7899185419082642 
vn 0.3885025680065155 0.11275872588157654 -2.07353138923645 
vn 0.3885025680065155 0.11275872588157654 -2.07353138923645 
vn 0.3885025680065155 0.11275872588157654 -2.07353138923645 
vn 0.3808651864528656 0.11781744658946991 -2.074666738510132 
vn 0.16130609810352325 1.8042325973510742 -1.0871591567993164 
vn 0.15141046047210693 1.7802765369415283 -1.127333164215088 
vn 0.16130609810352325 1.8042325973510742 -1.0871591567993164 
vn 0.15141046047210693 1.7802765369415283 -1.127333164215088 
vn 0.1408788561820984 1.7555084228515625 -1.1668474674224854 
vn 0.1408788561820984 1.7555084228515625 -1.1668474674224854 
vn -0.42692744731903076 -1.0378367900848389 -1.7899185419082642 
vn -0.42692744731903076 -1.0378367900848389 -1.7899185419082642 
vn -0.42692744731903076 -1.0378367900848389 -1.7899185419082642 
vn -0.42692744731903076 -1.0378367900848389 -1.7899185419082642 
vn 0.3808651864528656 0.11781744658946991 -2.074666738510132 
vn 0.3808651864528656 0.11781744658946991 -2.074666738510132 
vn 0.3808651864528656 0.11781744658946991 -2.074666738510132 
vn 0.3808651864528656 0.11781744658946991 -2.074666738510132 
vn 0.5953096151351929 1.6147352457046509 -1.2253270149230957 
vn 0.5953096151351929 1.6147352457046509 -1.2253270149230957 
vn 0.5953096151351929 1.6147352457046509 -1.2253270149230957 
vn 0.5953096151351929 1.6147352457046509 -1.2253270149230957 
vn 0.3808651864528656 0.11781744658946991 -2.074666738510132 
vn 0.3808651864528656 0.11781744658946991 -2.074666738510132 
vn 0.3808651864528656 0.11781744658946991 -2.074666738510132 
vn 0.3808651864528656 0.11781744658946991 -2.074666738510132 
vn 1.7479299306869507 -1.157765507698059 0.25983452796936035 
vn 1.7479299306869507 -1.157765507698059 0.25983452796936035 
vn 1.7479299306869507 -1.157765507698059 0.25983452796936035 
vn 1.7479299306869507 -1.157765507698059 0.25983452796936035 
vn -1.7479299306869507 1.157765507698059 -0.25983452796936035 
vn -1.7479299306869507 1.157765507698059 -0.25983452796936035 
vn -1.7479299306869507 1.157765507698059 -0.25983452796936035 
vn -1.7479299306869507 1.157765507698059 -0.25983452796936035 
vn -0.6454418301582336 -1.7381597757339478 1.0126183032989502 
vn -0.6454418301582336 -1.7381597757339478 1.0126183032989502 
vn -0.6342442035675049 -1.7087894678115845 1.068158745765686 
vn -0.6342442035675049 -1.7087894678115845 1.068158745765686 
vn -0.6219878792762756 -1.6780402660369873 1.122720718383789 
vn -0.6219878792762756 -1.6780402660369873 1.122720718383789 
vn 1.6896895170211792 -1.2504874467849731 0.2107713669538498 
vn 1.6896895170211792 -1.2504874467849731 0.2107713669538498 
vn 1.695086121559143 -1.2334166765213013 0.2618395984172821 
vn 1.695086121559143 -1.2334166765213013 0.2618395984172821 
vn 1.7089773416519165 -1.204937219619751 0.301191121339798 
vn 1.7479299306869507 -1.157765507698059 0.25983452796936035 
vn 1.7479299306869507 -1.157765507698059 0.25983452796936035 
vn 1.7479299306869507 -1.157765507698059 0.25983452796936035 
vn 1.7479299306869507 -1.157765507698059 0.25983452796936035 
vn -1.427056908607483 1.4212732315063477 -0.637717604637146 
vn -1.427056908607483 1.4212732315063477 -0.637717604637146 
vn -1.427056908607483 1.4212732315063477 -0.637717604637146 
vn -1.427056908607483 1.4212732315063477 -0.637717604637146 
vn 0.3808651864528656 0.11781744658946991 -2.074666738510132 
vn 0.3885025680065155 0.11275872588157654 -2.07353138923645 
vn 0.3885025680065155 0.11275872588157654 -2.07353138923645 
vn 0.3885025680065155 0.11275872588157654 -2.07353138923645 
vn 1.3762364387512207 -1.5468811988830566 0.4199110269546509 
vn 1.3762364387512207 -1.5468811988830566 0.4199110269546509 
vn 1.3895269632339478 -1.5189640522003174 0.4745059609413147 
vn 1.3895269632339478 -1.5189640522003174 0.4745059609413147 
vn 1.4001049995422363 -1.490372896194458 0.5307424068450928 
vn 1.4001049995422363 -1.490372896194458 0.5307424068450928 
vn 1.4001049995422363 -1.490372896194458 0.5307424068450928 
vn 1.4001049995422363 -1.490372896194458 0.5307424068450928 
vn 1.8427778482437134 0.5472170114517212 -0.8763081431388855 
vn 1.8427778482437134 0.5472170114517212 -0.8763081431388855 
vn 1.8534740209579468 0.5722097158432007 -0.836900532245636 
vn 1.8568925857543945 0.5803539752960205 -0.8236089944839478 
vn 1.866703987121582 0.6042171716690063 -0.7832817435264587 
vn 1.866703987121582 0.6042171716690063 -0.7832817435264587 
vn 1.866703987121582 0.6042171716690063 -0.7832817435264587 
vn 1.7479299306869507 -1.157765507698059 0.25983452796936035 
vn 1.7479299306869507 -1.157765507698059 0.25983452796936035 
vn 1.7479299306869507 -1.157765507698059 0.25983452796936035 
vn 1.7479299306869507 -1.157765507698059 0.25983452796936035 
vn -2.040745973587036 -0.24891917407512665 0.48640406131744385 
vn -2.040745973587036 -0.24891917407512665 0.48640406131744385 
vn -2.040745973587036 -0.24891917407512665 0.48640406131744385 
vn -2.040745973587036 -0.24891917407512665 0.48640406131744385 
vn -0.3885025680065155 -0.11275872588157654 2.07353138923645 
vn -0.3885025680065155 -0.11275872588157654 2.07353138923645 
vn -0.3885025680065155 -0.11275872588157654 2.07353138923645 
vn -0.3885025680065155 -0.11275872588157654 2.07353138923645 
vn -1.7479299306869507 1.157765507698059 -0.25983452796936035 
vn -1.7479299306869507 1.157765507698059 -0.25983452796936035 
vn -1.7479299306869507 1.157765507698059 -0.25983452796936035 
vn -1.7479299306869507 1.157765507698059 -0.25983452796936035 
vn 1.9919373989105225 0.1291142851114273 -0.6918877363204956 
vn 1.9919373989105225 0.1291142851114273 -0.6918877363204956 
vn 2.006744861602783 0.16312213242053986 -0.6399683952331543 
vn 2.006744861602783 0.16312213242053986 -0.6399683952331543 
vn 2.0201468467712402 0.19534428417682648 -0.5865498781204224 
vn 2.0201468467712402 0.19534428417682648 -0.5865498781204224 
vn -0.3885025680065155 -0.11275872588157654 2.07353138923645 
vn -0.3885025680065155 -0.11275872588157654 2.07353138923645 
vn -0.3885025680065155 -0.11275872588157654 2.07353138923645 
vn -0.3885025680065155 -0.11275872588157654 2.07353138923645 
vn -0.16947907209396362 -1.849422574043274 1.0070266723632812 
vn -0.1608087718486786 -1.8270323276519775 1.0484670400619507 
vn -0.16947907209396362 -1.849422574043274 1.0070266723632812 
vn -0.1608087718486786 -1.8270323276519775 1.0484670400619507 
vn -0.15148665010929108 -1.8037952184677124 1.0892952680587769 
vn -0.15148665010929108 -1.8037952184677124 1.0892952680587769 
vn 0.3885025680065155 0.11275872588157654 -2.07353138923645 
vn 0.3885025680065155 0.11275872588157654 -2.07353138923645 
vn 0.3885025680065155 0.11275872588157654 -2.07353138923645 
vn 0.3808651864528656 0.11781744658946991 -2.074666738510132 
vn 1.7479299306869507 -1.157765507698059 0.25983452796936035 
vn 1.7479299306869507 -1.157765507698059 0.25983452796936035 
vn 1.7479299306869507 -1.157765507698059 0.25983452796936035 
vn 1.7479299306869507 -1.157765507698059 0.25983452796936035 
vn -0.42692744731903076 -1.0378367900848389 -1.7899185419082642 
vn -0.42692744731903076 -1.0378367900848389 -1.7899185419082642 
vn -0.42692744731903076 -1.0378367900848389 -1.7899185419082642 
vn -0.42692744731903076 -1.0378367900848389 -1.7899185419082642 
vn -0.42692744731903076 -1.0378367900848389 -1.7899185419082642 
vn -0.42692744731903076 -1.0378367900848389 -1.7899185419082642 
vn -0.42692744731903076 -1.0378367900848389 -1.7899185419082642 
vn -1.7479299306869507 1.157765507698059 -0.25983452796936035 
vn -1.7479299306869507 1.157765507698059 -0.25983452796936035 
vn -1.7479299306869507 1.157765507698059 -0.25983452796936035 
vn -1.7479299306869507 1.157765507698059 -0.25983452796936035 
vn -0.42692744731903076 -1.0378367900848389 -1.7899185419082642 
vn -0.42692744731903076 -1.0378367900848389 -1.7899185419082642 
vn -0.42692744731903076 -1.0378367900848389 -1.7899185419082642 
vn -0.42692744731903076 -1.0378367900848389 -1.7899185419082642 
vn -0.3885025680065155 -0.11275872588157654 2.07353138923645 
vn -0.3885025680065155 -0.11275872588157654 2.07353138923645 
vn -0.3885025680065155 -0.11275872588157654 2.07353138923645 
vn -0.3885025680065155 -0.11275872588157654 2.07353138923645 
vn 1.3762364387512207 -1.5468811988830566 0.4199110269546509 
vn 1.3762364387512207 -1.5468811988830566 0.4199110269546509 
vn 1.3762364387512207 -1.5468811988830566 0.4199110269546509 
vn 1.3762364387512207 -1.5468811988830566 0.4199110269546509 
vn 0.3808651864528656 0.11781744658946991 -2.074666738510132 
vn 0.3808651864528656 0.11781744658946991 -2.074666738510132 
vn 0.3808651864528656 0.11781744658946991 -2.074666738510132 
vn 0.3808651864528656 0.11781744658946991 -2.074666738510132 
vn -0.41929006576538086 -1.0428955554962158 -1.7887831926345825 
vn -0.41929006576538086 -1.0428955554962158 -1.7887831926345825 
vn -0.41929006576538086 -1.0428955554962158 -1.7887831926345825 
vn -0.41929006576538086 -1.0428955554962158 -1.7887831926345825 
vn -0.41929006576538086 -1.0428955554962158 -1.7887831926345825 
vn -0.41929006576538086 -1.0428955554962158 -1.7887831926345825 
vn 0.41929006576538086 1.0428955554962158 1.7887831926345825 
vn 0.41929006576538086 1.0428955554962158 1.7887831926345825 
vn 0.42692744731903076 1.0378367900848389 1.7899185419082642 
vn 0.41929006576538086 1.0428955554962158 1.7887831926345825 
vn 0.42692744731903076 1.0378367900848389 1.7899185419082642 
vn 0.41929006576538086 1.0428955554962158 1.7887831926345825 
vn -1.8782932758331299 -0.6514100432395935 0.7147535681724548 
vn -1.8750942945480347 -0.6252959966659546 0.7458011507987976 
vn -1.8782932758331299 -0.6514100432395935 0.7147535681724548 
vn -1.8750942945480347 -0.6252959966659546 0.7458011507987976 
vn -1.8659108877182007 -0.6022587418556213 0.7866725921630859 
vn -1.8659108877182007 -0.6022587418556213 0.7866725921630859 
vn -1.8659108877182007 -0.6022587418556213 0.7866725921630859 
vn 1.104742407798767 1.430952548980713 -1.0932105779647827 
vn -0.45149940252304077 1.824986219406128 -0.9637240767478943 
vn 1.1748515367507935 1.6434212923049927 -0.618127703666687 
vn -0.33126556873321533 2.027590274810791 -0.49227210879325867 
vn -1.7479299306869507 1.157765507698059 -0.25983452796936035 
vn -1.5897071361541748 1.378482460975647 0.1892380267381668 
vn -2.020934581756592 -0.19729092717170715 0.5831751823425293 
vn -1.8547810316085815 0.06448253989219666 1.009366750717163 
vn -1.112379789352417 -1.4258939027786255 1.092075228691101 
vn -0.9737767577171326 -1.1251682043075562 1.4996477365493774 
vn 0.4506950378417969 -1.8269543647766113 0.9603657722473145 
vn 0.5411848425865173 -1.513441801071167 1.3710585832595825 
vn 1.7479299306869507 -1.157765507698059 0.25983452796936035 
vn 1.798290491104126 -0.8656045198440552 0.6928730607032776 
vn 2.0201468467712402 0.19534428417682648 -0.5865498781204224 
vn 2.061258554458618 0.4452310800552368 -0.12718786299228668 
vn 1.104742407798767 1.430952548980713 -1.0932105779647827 
vn 1.1748515367507935 1.6434212923049927 -0.618127703666687 
vn 0.41929006576538086 1.0428955554962158 1.7887831926345825 
vn 0.42692744731903076 1.0378367900848389 1.7899185419082642 
vn 0.41929006576538086 1.0428955554962158 1.7887831926345825 
vn 0.41929006576538086 1.0428955554962158 1.7887831926345825 
vn 0.41929006576538086 1.0428955554962158 1.7887831926345825 
vn 0.42692744731903076 1.0378367900848389 1.7899185419082642 
vn 0.42692744731903076 1.0378367900848389 1.7899185419082642 
vn -1.7479299306869507 1.157765507698059 -0.25983452796936035 
vn -1.7479299306869507 1.157765507698059 -0.25983452796936035 
vn -2.017745018005371 -0.18944810330867767 0.5966641902923584 
vn -2.017745018005371 -0.18944810330867767 0.5966641902923584 
vn -1.104742407798767 -1.430952548980713 1.0932105779647827 
vn -1.112379789352417 -1.4258939027786255 1.092075228691101 
vn 0.4506950378417969 -1.8269543647766113 0.9603657722473145 
vn 0.4506950378417969 -1.8269543647766113 0.9603657722473145 
vn 1.7479299306869507 -1.157765507698059 0.25983452796936035 
vn 1.7479299306869507 -1.157765507698059 0.25983452796936035 
vn 2.0201468467712402 0.19534428417682648 -0.5865498781204224 
vn 2.0201468467712402 0.19534428417682648 -0.5865498781204224 
vn 1.104742407798767 1.430952548980713 -1.0932105779647827 
vn 1.112379789352417 1.4258939027786255 -1.092075228691101 
vn -0.4483098089694977 1.8328289985656738 -0.9502350091934204 
vn -0.4483098089694977 1.8328289985656738 -0.9502350091934204 
vn -1.7479299306869507 1.157765507698059 -0.25983452796936035 
vn -1.7479299306869507 1.157765507698059 -0.25983452796936035 
vn 1.7479299306869507 -1.157765507698059 0.25983452796936035 
vn 1.7479299306869507 -1.157765507698059 0.25983452796936035 
vn 1.7479299306869507 -1.157765507698059 0.25983452796936035 
vn 1.7479299306869507 -1.157765507698059 0.25983452796936035 
vn 1.5869923830032349 1.2847943305969238 0.5421702861785889 
vn 1.5397956371307373 1.3416039943695068 0.5406640768051147 
vn 1.1171292066574097 1.7030400037765503 0.5611286759376526 
vn 1.0601661205291748 1.736624002456665 0.5686590671539307 
vn -0.42692744731903076 -1.0378367900848389 -1.7899185419082642 
vn -0.41929006576538086 -1.0428955554962158 -1.7887831926345825 
vn -0.41929006576538086 -1.0428955554962158 -1.7887831926345825 
vn -0.41929006576538086 -1.0428955554962158 -1.7887831926345825 
vn -0.41929006576538086 -1.0428955554962158 -1.7887831926345825 
vn -0.42692744731903076 -1.0378367900848389 -1.7899185419082642 
vn 0.41929006576538086 1.0428955554962158 1.7887831926345825 
vn 0.41929006576538086 1.0428955554962158 1.7887831926345825 
vn 0.41929006576538086 1.0428955554962158 1.7887831926345825 
vn 0.42692744731903076 1.0378367900848389 1.7899185419082642 
vn 0.42692744731903076 1.0378367900848389 1.7899185419082642 
vn 0.42692744731903076 1.0378367900848389 1.7899185419082642 
vn 0.41929006576538086 1.0428955554962158 1.7887831926345825 
vn -0.42692744731903076 -1.0378367900848389 -1.7899185419082642 
vn -0.42692744731903076 -1.0378367900848389 -1.7899185419082642 
vn -0.42692744731903076 -1.0378367900848389 -1.7899185419082642 
vn -0.42692744731903076 -1.0378367900848389 -1.7899185419082642 
vn -0.42692744731903076 -1.0378367900848389 -1.7899185419082642 
vn -0.42692744731903076 -1.0378367900848389 -1.7899185419082642 
vn 0.41929006576538086 1.0428955554962158 1.7887831926345825 
vn 0.41929006576538086 1.0428955554962158 1.7887831926345825 
vn 0.41929006576538086 1.0428955554962158 1.7887831926345825 
vn 0.41929006576538086 1.0428955554962158 1.7887831926345825 
vn 0.41929006576538086 1.0428955554962158 1.7887831926345825 
vn 0.41929006576538086 1.0428955554962158 1.7887831926345825 
vn 0.42692744731903076 1.0378367900848389 1.7899185419082642 
vn 0.42692744731903076 1.0378367900848389 1.7899185419082642 
vn 0.42692744731903076 1.0378367900848389 1.7899185419082642 
vn 1.112379789352417 1.4258939027786255 -1.092075228691101 
vn 1.1824889183044434 1.6383625268936157 -0.6169923543930054 
vn 2.0201468467712402 0.19534428417682648 -0.5865498781204224 
vn 2.061258554458618 0.4452310800552368 -0.12718786299228668 
vn 1.7479299306869507 -1.157765507698059 0.25983452796936035 
vn 1.798290491104126 -0.8656045198440552 0.6928730607032776 
vn 0.4506950378417969 -1.8269543647766113 0.9603657722473145 
vn 0.5411848425865173 -1.513441801071167 1.3710585832595825 
vn -1.104742407798767 -1.430952548980713 1.0932105779647827 
vn -0.9661393761634827 -1.1302268505096436 1.500783085823059 
vn -2.017745018005371 -0.18944810330867767 0.5966641902923584 
vn -1.8547810316085815 0.06448253989219666 1.009366750717163 
vn -1.7479299306869507 1.157765507698059 -0.25983452796936035 
vn -1.5897071361541748 1.378482460975647 0.1892380267381668 
vn -0.4483098089694977 1.8328289985656738 -0.9502350091934204 
vn -0.33126556873321533 2.027590274810791 -0.49227210879325867 
vn 1.112379789352417 1.4258939027786255 -1.092075228691101 
vn 1.1824889183044434 1.6383625268936157 -0.6169923543930054 
vn 0.41929006576538086 1.0428955554962158 1.7887831926345825 
vn 0.41929006576538086 1.0428955554962158 1.7887831926345825 
vn 0.41929006576538086 1.0428955554962158 1.7887831926345825 
vn 0.41929006576538086 1.0428955554962158 1.7887831926345825 
vn 0.41929006576538086 1.0428955554962158 1.7887831926345825 
vn 0.41929006576538086 1.0428955554962158 1.7887831926345825 
vn 0.41929006576538086 1.0428955554962158 1.7887831926345825 
vn -1.427056908607483 1.4212732315063477 -0.637717604637146 
vn -1.4144737720489502 1.4570132493972778 -0.5827255249023438 
vn -1.427056908607483 1.4212732315063477 -0.637717604637146 
vn -1.4144737720489502 1.4570132493972778 -0.5827255249023438 
vn -1.400112271308899 1.4903548955917358 -0.5307737588882446 
vn -1.400112271308899 1.4903548955917358 -0.5307737588882446 
vn -1.400112271308899 1.4903548955917358 -0.5307737588882446 
vn -1.400112271308899 1.4903548955917358 -0.5307737588882446 
vn -0.41929006576538086 -1.0428955554962158 -1.7887831926345825 
vn -0.41929006576538086 -1.0428955554962158 -1.7887831926345825 
vn -0.41929006576538086 -1.0428955554962158 -1.7887831926345825 
vn -0.42692744731903076 -1.0378367900848389 -1.7899185419082642 
vn -1.7479299306869507 1.157765507698059 -0.25983452796936035 
vn -1.7479299306869507 1.157765507698059 -0.25983452796936035 
vn -1.7479299306869507 1.157765507698059 -0.25983452796936035 
vn -1.7479299306869507 1.157765507698059 -0.25983452796936035 
vn -0.6454418301582336 -1.7381597757339478 1.0126183032989502 
vn -0.6454418301582336 -1.7381597757339478 1.0126183032989502 
vn -0.6454418301582336 -1.7381597757339478 1.0126183032989502 
vn -0.6454418301582336 -1.7381597757339478 1.0126183032989502 
vn 1.4001049995422363 -1.490372896194458 0.5307424068450928 
vn 1.4001049995422363 -1.490372896194458 0.5307424068450928 
vn 1.4001049995422363 -1.490372896194458 0.5307424068450928 
vn 1.4001049995422363 -1.490372896194458 0.5307424068450928 
vn 1.0304063558578491 1.4170289039611816 -1.180458426475525 
vn 1.0408340692520142 1.441671371459961 -1.1408058404922485 
vn 1.0304063558578491 1.4170289039611816 -1.180458426475525 
vn 1.0408340692520142 1.441671371459961 -1.1408058404922485 
vn 1.0506982803344727 1.4655933380126953 -1.1005722284317017 
vn 1.0506982803344727 1.4655933380126953 -1.1005722284317017 
vn 1.0506982803344727 1.4655933380126953 -1.1005722284317017 
vn 1.7479299306869507 -1.157765507698059 0.25983452796936035 
vn 1.7479299306869507 -1.157765507698059 0.25983452796936035 
vn 1.7479299306869507 -1.157765507698059 0.25983452796936035 
vn 1.7479299306869507 -1.157765507698059 0.25983452796936035 
vn -1.9747117757797241 0.7499614953994751 0.03557485714554787 
vn -1.9747117757797241 0.7499614953994751 0.03557485714554787 
vn -1.9747117757797241 0.7499614953994751 0.03557485714554787 
vn -1.9747117757797241 0.7499614953994751 0.03557485714554787 
vn -1.9857044219970703 0.720960795879364 -0.019697396084666252 
vn -1.9857044219970703 0.720960795879364 -0.019697396084666252 
vn -1.9958463907241821 0.6883664131164551 -0.07709560543298721 
vn -1.9958463907241821 0.6883664131164551 -0.07709560543298721 
vn 1.9747042655944824 -0.7499798536300659 -0.03560595214366913 
vn 1.9747042655944824 -0.7499798536300659 -0.03560595214366913 
vn 1.9747042655944824 -0.7499798536300659 -0.03560595214366913 
vn 1.9747042655944824 -0.7499798536300659 -0.03560595214366913 
vn 0.42692744731903076 1.0378367900848389 1.7899185419082642 
vn 0.42692744731903076 1.0378367900848389 1.7899185419082642 
vn 0.41929006576538086 1.0428955554962158 1.7887831926345825 
vn 0.41929006576538086 1.0428955554962158 1.7887831926345825 
vn 0.41929006576538086 1.0428955554962158 1.7887831926345825 
vn 0.41929006576538086 1.0428955554962158 1.7887831926345825 
vn 0.41929006576538086 1.0428955554962158 1.7887831926345825 
vn 0.41929006576538086 1.0428955554962158 1.7887831926345825 
vn 0.41929006576538086 1.0428955554962158 1.7887831926345825 
vn -0.41929006576538086 -1.0428955554962158 -1.7887831926345825 
vn -0.42692744731903076 -1.0378367900848389 -1.7899185419082642 
vn -0.42692744731903076 -1.0378367900848389 -1.7899185419082642 
vn -0.42692744731903076 -1.0378367900848389 -1.7899185419082642 
vn -0.42692744731903076 -1.0378367900848389 -1.7899185419082642 
vn -0.42692744731903076 -1.0378367900848389 -1.7899185419082642 
vn -0.41929006576538086 -1.0428955554962158 -1.7887831926345825 
vn 0.42692744731903076 1.0378367900848389 1.7899185419082642 
vn 0.42692744731903076 1.0378367900848389 1.7899185419082642 
vn 0.42692744731903076 1.0378367900848389 1.7899185419082642 
vn 0.41929006576538086 1.0428955554962158 1.7887831926345825 
vn 0.41929006576538086 1.0428955554962158 1.7887831926345825 
vn 0.41929006576538086 1.0428955554962158 1.7887831926345825 
vn 0.41929006576538086 1.0428955554962158 1.7887831926345825 
vn 0.41929006576538086 1.0428955554962158 1.7887831926345825 
vn 0.41929006576538086 1.0428955554962158 1.7887831926345825 
vn 0.41929006576538086 1.0428955554962158 1.7887831926345825 
vn -1.214448094367981 -0.5568767189979553 1.6365180015563965 
vn -1.7110180854797363 -0.6462252736091614 1.0573558807373047 
vn -0.8282718062400818 -0.8497873544692993 1.7478595972061157 
vn -0.9988861680030823 -1.1757253408432007 1.4432896375656128 
vn -0.16969257593154907 -1.66714346408844 1.286478042602539 
vn -1.3579719066619873 1.3665608167648315 0.8669568300247192 
vn -1.4533480405807495 1.2934846878051758 0.823327362537384 
vn -0.30446338653564453 2.089968204498291 0.050259098410606384 
vn -1.0043176412582397 1.8099679946899414 0.4225553572177887 
vn -0.10428353399038315 2.109729051589966 -0.03686410188674927 
vn 0.6833460927009583 1.998771071434021 -0.033805277198553085 
vn 1.4356995820999146 1.549615740776062 -0.025478973984718323 
vn 1.474229097366333 1.5118504762649536 0.06440499424934387 
vn -0.7216107249259949 1.9855515956878662 -0.0074000973254442215 
vn 0.2537538707256317 2.0759551525115967 -0.29868030548095703 
vn 1.1819894313812256 1.7234327793121338 -0.309631884098053 
vn 1.1819894313812256 1.7234327793121338 -0.309631884098053 
vn 1.8490159511566162 1.020775318145752 -0.048480965197086334 
vn 1.9978053569793701 0.5654036402702332 0.39023706316947937 
vn 2.068829298019409 0.13767938315868378 0.40519455075263977 
vn 1.959511160850525 0.7429443001747131 0.26747432351112366 
vn 1.774135947227478 -0.6584369540214539 0.9391984939575195 
vn 1.774135947227478 -0.6584369540214539 0.9391984939575195 
vn 1.0517873764038086 -1.1728181838989258 1.40763258934021 
vn 0.48834484815597534 -1.1247981786727905 1.720329761505127 
vn 0.08014611899852753 -1.2584810256958008 1.6949892044067383 
vn 0.6980558633804321 -1.1281236410140991 1.6441537141799927 
vn -0.859898567199707 -0.9076176881790161 1.7029359340667725 
vn -0.859898567199707 -0.9076176881790161 1.7029359340667725 
vn -1.6141811609268188 0.4059992730617523 1.3010661602020264 
vn -1.5211654901504517 -0.2110961377620697 1.4507524967193604 
vn -1.5492451190948486 0.2274838238954544 1.4181958436965942 
vn -1.1182044744491577 -0.4205852448940277 1.742387056350708 
vn -0.48328426480293274 -0.8927509188652039 1.8527323007583618 
vn -1.489312767982483 1.1209248304367065 0.9943163990974426 
vn -1.116913914680481 1.7258918285369873 0.48681822419166565 
vn -1.4430568218231201 1.4725149869918823 0.46095404028892517 
vn -1.4430568218231201 1.4725149869918823 0.46095404028892517 
vn -1.737158179283142 0.6769798398017883 0.9935648441314697 
vn 0.5953096151351929 1.6147352457046509 -1.2253270149230957 
vn 0.6095626950263977 1.648025393486023 -1.1728746891021729 
vn 0.5953096151351929 1.6147352457046509 -1.2253270149230957 
vn 0.6095626950263977 1.648025393486023 -1.1728746891021729 
vn 0.6227837204933167 1.6799994707107544 -1.1193444728851318 
vn 0.6227837204933167 1.6799994707107544 -1.1193444728851318 
vn 0.41929006576538086 1.0428955554962158 1.7887831926345825 
vn 0.42692744731903076 1.0378367900848389 1.7899185419082642 
vn 0.41929006576538086 1.0428955554962158 1.7887831926345825 
vn 0.41929006576538086 1.0428955554962158 1.7887831926345825 
vn 0.41929006576538086 1.0428955554962158 1.7887831926345825 
vn 0.42692744731903076 1.0378367900848389 1.7899185419082642 
vn 0.41929006576538086 1.0428955554962158 1.7887831926345825 
vn -1.9992656707763672 0.5157179236412048 0.4473992586135864 
vn -1.6289339065551758 1.106900691986084 0.7645502090454102 
vn -1.6215375661849976 1.348996639251709 0.11839690059423447 
vn -1.4046673774719238 1.4892456531524658 0.5217747688293457 
vn -1.021398663520813 1.7757368087768555 -0.5164262056350708 
vn -1.102353572845459 1.7854194641113281 0.24553120136260986 
vn -1.7479299306869507 1.157765507698059 -0.25983452796936035 
vn -1.7479299306869507 1.157765507698059 -0.25983452796936035 
vn -1.7479299306869507 1.157765507698059 -0.25983452796936035 
vn -1.7479299306869507 1.157765507698059 -0.25983452796936035 
vn -0.3885025680065155 -0.11275872588157654 2.07353138923645 
vn -0.3885025680065155 -0.11275872588157654 2.07353138923645 
vn -0.3885025680065155 -0.11275872588157654 2.07353138923645 
vn -0.3885025680065155 -0.11275872588157654 2.07353138923645 
vn 0.3808651864528656 0.11781744658946991 -2.074666738510132 
vn 0.3808651864528656 0.11781744658946991 -2.074666738510132 
vn 0.3808651864528656 0.11781744658946991 -2.074666738510132 
vn 0.3808651864528656 0.11781744658946991 -2.074666738510132 
vn -1.7479299306869507 1.157765507698059 -0.25983452796936035 
vn -1.7479299306869507 1.157765507698059 -0.25983452796936035 
vn -1.7479299306869507 1.157765507698059 -0.25983452796936035 
vn -1.7479299306869507 1.157765507698059 -0.25983452796936035 
vn 1.7479299306869507 -1.157765507698059 0.25983452796936035 
vn 1.7479299306869507 -1.157765507698059 0.25983452796936035 
vn 1.7479299306869507 -1.157765507698059 0.25983452796936035 
vn 1.7479299306869507 -1.157765507698059 0.25983452796936035 
vn -0.3885025680065155 -0.11275872588157654 2.07353138923645 
vn -0.3808651864528656 -0.11781744658946991 2.074666738510132 
vn -0.3808651864528656 -0.11781744658946991 2.074666738510132 
vn -0.3808651864528656 -0.11781744658946991 2.074666738510132 
vn 0.015967480838298798 1.8226133584976196 -1.0681833028793335 
vn 0.015967480838298798 1.8226133584976196 -1.0681833028793335 
vn 0.015967480838298798 1.8226133584976196 -1.0681833028793335 
vn 0.015967480838298798 1.8226133584976196 -1.0681833028793335 
vn 0.006003858521580696 1.7985706329345703 -1.108285665512085 
vn 0.006003858521580696 1.7985706329345703 -1.108285665512085 
vn -0.004620945081114769 1.7736847400665283 -1.1476980447769165 
vn -1.7479299306869507 1.157765507698059 -0.25983452796936035 
vn -1.7479299306869507 1.157765507698059 -0.25983452796936035 
vn -1.7479299306869507 1.157765507698059 -0.25983452796936035 
vn -1.7479299306869507 1.157765507698059 -0.25983452796936035 
vn -0.3885025680065155 -0.11275872588157654 2.07353138923645 
vn -0.3885025680065155 -0.11275872588157654 2.07353138923645 
vn -0.3885025680065155 -0.11275872588157654 2.07353138923645 
vn -0.3885025680065155 -0.11275872588157654 2.07353138923645 
vn -1.71402108669281 1.198982834815979 -0.2962523102760315 
vn -1.71402108669281 1.198982834815979 -0.2962523102760315 
vn -1.7218233346939087 1.1770366430282593 -0.3363075852394104 
vn -1.7218233346939087 1.1770366430282593 -0.3363075852394104 
vn -1.7309091091156006 1.1506376266479492 -0.37839236855506897 
vn -1.400112271308899 1.4903548955917358 -0.5307737588882446 
vn -1.400112271308899 1.4903548955917358 -0.5307737588882446 
vn -1.400112271308899 1.4903548955917358 -0.5307737588882446 
vn -1.400112271308899 1.4903548955917358 -0.5307737588882446 
vn 1.7479299306869507 -1.157765507698059 0.25983452796936035 
vn 1.7479299306869507 -1.157765507698059 0.25983452796936035 
vn 1.7479299306869507 -1.157765507698059 0.25983452796936035 
vn 1.7479299306869507 -1.157765507698059 0.25983452796936035 
vn -1.7479299306869507 1.157765507698059 -0.25983452796936035 
vn -1.7479299306869507 1.157765507698059 -0.25983452796936035 
vn -1.7479299306869507 1.157765507698059 -0.25983452796936035 
vn -1.7479299306869507 1.157765507698059 -0.25983452796936035 
vn -0.3885025680065155 -0.11275872588157654 2.07353138923645 
vn -0.3885025680065155 -0.11275872588157654 2.07353138923645 
vn -0.3885025680065155 -0.11275872588157654 2.07353138923645 
vn -0.3885025680065155 -0.11275872588157654 2.07353138923645 
vn 1.7479299306869507 -1.157765507698059 0.25983452796936035 
vn 2.0201468467712402 0.19534428417682648 -0.5865498781204224 
vn 1.7479299306869507 -1.157765507698059 0.25983452796936035 
vn 2.0201468467712402 0.19534428417682648 -0.5865498781204224 
vn 1.104742407798767 1.430952548980713 -1.0932105779647827 
vn 1.112379789352417 1.4258939027786255 -1.092075228691101 
vn -0.45149940252304077 1.824986219406128 -0.9637240767478943 
vn -0.45149940252304077 1.824986219406128 -0.9637240767478943 
vn -1.7479299306869507 1.157765507698059 -0.25983452796936035 
vn -1.7479299306869507 1.157765507698059 -0.25983452796936035 
vn -2.020934581756592 -0.19729092717170715 0.5831751823425293 
vn -2.020934581756592 -0.19729092717170715 0.5831751823425293 
vn -1.104742407798767 -1.430952548980713 1.0932105779647827 
vn -1.112379789352417 -1.4258939027786255 1.092075228691101 
vn 0.4506950378417969 -1.8269543647766113 0.9603657722473145 
vn 0.4506950378417969 -1.8269543647766113 0.9603657722473145 
vn 1.7479299306869507 -1.157765507698059 0.25983452796936035 
vn 1.7479299306869507 -1.157765507698059 0.25983452796936035 
vn -1.8659108877182007 -0.6022587418556213 0.7866725921630859 
vn -1.8659108877182007 -0.6022587418556213 0.7866725921630859 
vn -1.8659108877182007 -0.6022587418556213 0.7866725921630859 
vn -1.8659108877182007 -0.6022587418556213 0.7866725921630859 
vn 1.0506982803344727 1.4655933380126953 -1.1005722284317017 
vn 1.0506982803344727 1.4655933380126953 -1.1005722284317017 
vn 1.0506982803344727 1.4655933380126953 -1.1005722284317017 
vn 1.0506982803344727 1.4655933380126953 -1.1005722284317017 
vn -0.4483098089694977 1.8328289985656738 -0.9502350091934204 
vn -0.4615996778011322 1.8007760047912598 -1.0036542415618896 
vn -0.4483098089694977 1.8328289985656738 -0.9502350091934204 
vn -0.4615996778011322 1.8007760047912598 -1.0036542415618896 
vn -0.4762919545173645 1.7669395208358765 -1.055585503578186 
vn -0.4762919545173645 1.7669395208358765 -1.055585503578186 
vn 0.41929006576538086 1.0428955554962158 1.7887831926345825 
vn 0.41929006576538086 1.0428955554962158 1.7887831926345825 
vn 0.41929006576538086 1.0428955554962158 1.7887831926345825 
vn 0.41929006576538086 1.0428955554962158 1.7887831926345825 
vn -1.9747117757797241 0.7499614953994751 0.03557485714554787 
vn -1.9747117757797241 0.7499614953994751 0.03557485714554787 
vn -1.9747117757797241 0.7499614953994751 0.03557485714554787 
vn -1.9747117757797241 0.7499614953994751 0.03557485714554787 
vn 0.41929006576538086 1.0428955554962158 1.7887831926345825 
vn 0.41929006576538086 1.0428955554962158 1.7887831926345825 
vn 0.41929006576538086 1.0428955554962158 1.7887831926345825 
vn 0.41929006576538086 1.0428955554962158 1.7887831926345825 
vn -1.7479299306869507 1.157765507698059 -0.25983452796936035 
vn -1.7479299306869507 1.157765507698059 -0.25983452796936035 
vn -1.7479299306869507 1.157765507698059 -0.25983452796936035 
vn -1.7479299306869507 1.157765507698059 -0.25983452796936035 
vn -1.1727020740509033 -1.384452223777771 1.0822440385818481 
vn -1.1727020740509033 -1.384452223777771 1.0822440385818481 
vn -1.1727020740509033 -1.384452223777771 1.0822440385818481 
vn -1.1727020740509033 -1.384452223777771 1.0822440385818481 
vn 0.41929006576538086 1.0428955554962158 1.7887831926345825 
vn 0.41929006576538086 1.0428955554962158 1.7887831926345825 
vn 0.41929006576538086 1.0428955554962158 1.7887831926345825 
vn 0.41929006576538086 1.0428955554962158 1.7887831926345825 
vn 1.7479299306869507 -1.157765507698059 0.25983452796936035 
vn 1.7479299306869507 -1.157765507698059 0.25983452796936035 
vn 1.7479299306869507 -1.157765507698059 0.25983452796936035 
vn 1.7479299306869507 -1.157765507698059 0.25983452796936035 
vn -0.42692744731903076 -1.0378367900848389 -1.7899185419082642 
vn -0.42692744731903076 -1.0378367900848389 -1.7899185419082642 
vn -0.42692744731903076 -1.0378367900848389 -1.7899185419082642 
vn -0.42692744731903076 -1.0378367900848389 -1.7899185419082642 
vn -1.400112271308899 1.4903548955917358 -0.5307737588882446 
vn -1.400112271308899 1.4903548955917358 -0.5307737588882446 
vn -1.400112271308899 1.4903548955917358 -0.5307737588882446 
vn -1.400112271308899 1.4903548955917358 -0.5307737588882446 
vn -0.42692744731903076 -1.0378367900848389 -1.7899185419082642 
vn -0.41929006576538086 -1.0428955554962158 -1.7887831926345825 
vn -0.41929006576538086 -1.0428955554962158 -1.7887831926345825 
vn -0.41929006576538086 -1.0428955554962158 -1.7887831926345825 
vn 0.41929006576538086 1.0428955554962158 1.7887831926345825 
vn 0.41929006576538086 1.0428955554962158 1.7887831926345825 
vn 0.41929006576538086 1.0428955554962158 1.7887831926345825 
vn 0.41929006576538086 1.0428955554962158 1.7887831926345825 
vn 0.41929006576538086 1.0428955554962158 1.7887831926345825 
vn 0.41929006576538086 1.0428955554962158 1.7887831926345825 
vn 1.9747042655944824 -0.7499798536300659 -0.03560595214366913 
vn 1.9747042655944824 -0.7499798536300659 -0.03560595214366913 
vn 1.9747042655944824 -0.7499798536300659 -0.03560595214366913 
vn 1.9747042655944824 -0.7499798536300659 -0.03560595214366913 
vn 1.9747042655944824 -0.7499798536300659 -0.03560595214366913 
vn 1.9747042655944824 -0.7499798536300659 -0.03560595214366913 
vn 1.9747042655944824 -0.7499798536300659 -0.03560595214366913 
vn 1.9747042655944824 -0.7499798536300659 -0.03560595214366913 
vn 1.9597151279449463 -0.7842549085617065 -0.08749470114707947 
vn 1.9597151279449463 -0.7842549085617065 -0.08749470114707947 
vn 1.9439198970794678 -0.8153993487358093 -0.13962092995643616 
vn 1.9439198970794678 -0.8153993487358093 -0.13962092995643616 
vn 1.1134474277496338 -1.548904299736023 0.9079217910766602 
vn 1.797717571258545 -0.9157941937446594 0.626678466796875 
vn 1.4486616849899292 -0.9331868290901184 1.2221829891204834 
vn 1.7627605199813843 -0.6087438464164734 0.9926215410232544 
vn 2.0921645164489746 -0.2877900302410126 -0.05674156919121742 
vn 1.9764529466629028 -0.25310760736465454 0.7019704580307007 
vn 0.41929006576538086 1.0428955554962158 1.7887831926345825 
vn 0.41929006576538086 1.0428955554962158 1.7887831926345825 
vn 0.41929006576538086 1.0428955554962158 1.7887831926345825 
vn 0.41929006576538086 1.0428955554962158 1.7887831926345825 
vn -0.8897145390510559 -0.4994351863861084 1.849907398223877 
vn -1.0082706212997437 -0.5450189113616943 1.7746915817260742 
vn -0.31742987036705017 -0.9368661046028137 1.8667362928390503 
vn 1.362526297569275 -0.7708021998405457 1.4186521768569946 
vn 1.8786097764968872 -0.25762152671813965 0.9314762949943542 
vn 1.8851372003555298 -0.1653217375278473 0.9392111301422119 
vn 0.41929006576538086 1.0428955554962158 1.7887831926345825 
vn 0.41929006576538086 1.0428955554962158 1.7887831926345825 
vn 0.41929006576538086 1.0428955554962158 1.7887831926345825 
vn 0.41929006576538086 1.0428955554962158 1.7887831926345825 
vn 0.41929006576538086 1.0428955554962158 1.7887831926345825 
vn 0.41929006576538086 1.0428955554962158 1.7887831926345825 
vn -0.42692744731903076 -1.0378367900848389 -1.7899185419082642 
vn -0.42692744731903076 -1.0378367900848389 -1.7899185419082642 
vn -0.42692744731903076 -1.0378367900848389 -1.7899185419082642 
vn -0.42692744731903076 -1.0378367900848389 -1.7899185419082642 
vn 0.41929006576538086 1.0428955554962158 1.7887831926345825 
vn 0.41929006576538086 1.0428955554962158 1.7887831926345825 
vn 0.41929006576538086 1.0428955554962158 1.7887831926345825 
vn 0.41929006576538086 1.0428955554962158 1.7887831926345825 
vn 0.41929006576538086 1.0428955554962158 1.7887831926345825 
vn 0.41929006576538086 1.0428955554962158 1.7887831926345825 
vn 0.41929006576538086 1.0428955554962158 1.7887831926345825 
vn 0.41929006576538086 1.0428955554962158 1.7887831926345825 
vn 0.41929006576538086 1.0428955554962158 1.7887831926345825 
vn 0.41929006576538086 1.0428955554962158 1.7887831926345825 
vn 1.805008053779602 0.8773335218429565 -0.6598672270774841 
vn 1.1688538789749146 1.6174904108047485 -0.6933231353759766 
vn 1.5623856782913208 1.412407398223877 -0.16507011651992798 
vn 1.179547905921936 1.7373650074005127 -0.23112927377223969 
vn 0.7377557158470154 1.9586124420166016 -0.2876535952091217 
vn 0.26368248462677 1.8982517719268799 -0.8889894485473633 
vn 1.4001049995422363 -1.490372896194458 0.5307424068450928 
vn 1.4001049995422363 -1.490372896194458 0.5307424068450928 
vn 1.4001049995422363 -1.490372896194458 0.5307424068450928 
vn 1.4001049995422363 -1.490372896194458 0.5307424068450928 
vn -0.42692744731903076 -1.0378367900848389 -1.7899185419082642 
vn -0.42692744731903076 -1.0378367900848389 -1.7899185419082642 
vn -0.42692744731903076 -1.0378367900848389 -1.7899185419082642 
vn -0.42692744731903076 -1.0378367900848389 -1.7899185419082642 
vn -0.42692744731903076 -1.0378367900848389 -1.7899185419082642 
vn -0.42692744731903076 -1.0378367900848389 -1.7899185419082642 
vn -0.42692744731903076 -1.0378367900848389 -1.7899185419082642 
vn -0.42692744731903076 -1.0378367900848389 -1.7899185419082642 
vn 0.42784035205841064 -1.886284351348877 0.8497499227523804 
vn 0.42784035205841064 -1.886284351348877 0.8497499227523804 
vn 0.43854308128356934 -1.8575657606124878 0.9057152271270752 
vn 0.43854308128356934 -1.8575657606124878 0.9057152271270752 
vn 0.4506950378417969 -1.8269543647766113 0.9603657722473145 
vn 0.4506950378417969 -1.8269543647766113 0.9603657722473145 
vn -1.0428962707519531 -1.470430850982666 1.101539969444275 
vn -1.0428962707519531 -1.470430850982666 1.101539969444275 
vn -1.0428962707519531 -1.470430850982666 1.101539969444275 
vn -1.0428962707519531 -1.470430850982666 1.101539969444275 
vn -0.42692744731903076 -1.0378367900848389 -1.7899185419082642 
vn -0.42692744731903076 -1.0378367900848389 -1.7899185419082642 
vn -0.42692744731903076 -1.0378367900848389 -1.7899185419082642 
vn -0.42692744731903076 -1.0378367900848389 -1.7899185419082642 
vn 0.41929006576538086 1.0428955554962158 1.7887831926345825 
vn 0.41929006576538086 1.0428955554962158 1.7887831926345825 
vn 0.41929006576538086 1.0428955554962158 1.7887831926345825 
vn 0.41929006576538086 1.0428955554962158 1.7887831926345825 
vn 1.0601661205291748 1.736624002456665 0.5686590671539307 
vn 0.537799596786499 2.004732131958008 0.3937123417854309 
vn 1.017856478691101 1.7687946557998657 0.5463715195655823 
vn 0.46855637431144714 2.0250496864318848 0.37791287899017334 
vn 1.7479299306869507 -1.157765507698059 0.25983452796936035 
vn 1.7479299306869507 -1.157765507698059 0.25983452796936035 
vn 1.7479299306869507 -1.157765507698059 0.25983452796936035 
vn 1.7479299306869507 -1.157765507698059 0.25983452796936035 
vn 0.813769519329071 1.9493149518966675 -0.033774103969335556 
vn 1.5672221183776855 1.4133236408233643 0.0975852757692337 
vn 0.8805304765701294 1.9173396825790405 -0.10800636559724808 
vn 1.9268885850906372 -0.13009613752365112 0.8563684225082397 
vn 1.5414172410964966 -0.691000759601593 1.268755316734314 
vn 1.5634386539459229 -0.569658637046814 1.3016670942306519 
vn 0.8770313858985901 -1.7818845510482788 0.7203435897827148 
vn 0.885087251663208 -1.7602959871292114 0.7623451948165894 
vn 0.8770313858985901 -1.7818845510482788 0.7203435897827148 
vn 0.885087251663208 -1.7602959871292114 0.7623451948165894 
vn 0.8942326903343201 -1.737284541130066 0.8033566474914551 
vn 0.8942326903343201 -1.737284541130066 0.8033566474914551 
vn -1.7479299306869507 1.157765507698059 -0.25983452796936035 
vn -1.7479299306869507 1.157765507698059 -0.25983452796936035 
vn -1.7479299306869507 1.157765507698059 -0.25983452796936035 
vn -1.7479299306869507 1.157765507698059 -0.25983452796936035 
vn -0.41929006576538086 -1.0428955554962158 -1.7887831926345825 
vn -0.42692744731903076 -1.0378367900848389 -1.7899185419082642 
vn -0.42692744731903076 -1.0378367900848389 -1.7899185419082642 
vn -0.42692744731903076 -1.0378367900848389 -1.7899185419082642 
vn 0.42692744731903076 1.0378367900848389 1.7899185419082642 
vn 0.42692744731903076 1.0378367900848389 1.7899185419082642 
vn 0.42692744731903076 1.0378367900848389 1.7899185419082642 
vn 0.42692744731903076 1.0378367900848389 1.7899185419082642 
vn 1.1652387380599976 1.3897260427474976 -1.083545446395874 
vn 1.1652387380599976 1.3897260427474976 -1.083545446395874 
vn 1.1652387380599976 1.3897260427474976 -1.083545446395874 
vn 1.1652387380599976 1.3897260427474976 -1.083545446395874 
vn 1.7479299306869507 -1.157765507698059 0.25983452796936035 
vn 1.7479299306869507 -1.157765507698059 0.25983452796936035 
vn 1.7479299306869507 -1.157765507698059 0.25983452796936035 
vn 1.7479299306869507 -1.157765507698059 0.25983452796936035 
vn -0.42692744731903076 -1.0378367900848389 -1.7899185419082642 
vn -0.41929006576538086 -1.0428955554962158 -1.7887831926345825 
vn -0.41929006576538086 -1.0428955554962158 -1.7887831926345825 
vn -0.41929006576538086 -1.0428955554962158 -1.7887831926345825 
vn -0.42692744731903076 -1.0378367900848389 -1.7899185419082642 
vn -0.42692744731903076 -1.0378367900848389 -1.7899185419082642 
vn -0.42692744731903076 -1.0378367900848389 -1.7899185419082642 
vn -0.42692744731903076 -1.0378367900848389 -1.7899185419082642 
vn 1.112379789352417 1.4258939027786255 -1.092075228691101 
vn -0.4483098089694977 1.8328289985656738 -0.9502350091934204 
vn 1.104742407798767 1.430952548980713 -1.0932105779647827 
vn -0.4483098089694977 1.8328289985656738 -0.9502350091934204 
vn -0.33126556873321533 2.027590274810791 -0.49227210879325867 
vn -1.5897071361541748 1.378482460975647 0.1892380267381668 
vn -1.7479299306869507 1.157765507698059 -0.25983452796936035 
vn -1.7479299306869507 1.157765507698059 -0.25983452796936035 
vn -1.8547810316085815 0.06448253989219666 1.009366750717163 
vn -2.017745018005371 -0.18944810330867767 0.5966641902923584 
vn -2.017745018005371 -0.18944810330867767 0.5966641902923584 
vn -0.9661393761634827 -1.1302268505096436 1.500783085823059 
vn -1.104742407798767 -1.430952548980713 1.0932105779647827 
vn -1.112379789352417 -1.4258939027786255 1.092075228691101 
vn 0.5411848425865173 -1.513441801071167 1.3710585832595825 
vn 0.4506950378417969 -1.8269543647766113 0.9603657722473145 
vn 0.4506950378417969 -1.8269543647766113 0.9603657722473145 
vn 1.798290491104126 -0.8656045198440552 0.6928730607032776 
vn 1.7479299306869507 -1.157765507698059 0.25983452796936035 
vn 1.7479299306869507 -1.157765507698059 0.25983452796936035 
vn 2.061258554458618 0.4452310800552368 -0.12718786299228668 
vn 2.0201468467712402 0.19534428417682648 -0.5865498781204224 
vn 2.0201468467712402 0.19534428417682648 -0.5865498781204224 
vn 1.1748515367507935 1.6434212923049927 -0.618127703666687 
vn 1.112379789352417 1.4258939027786255 -1.092075228691101 
vn 1.104742407798767 1.430952548980713 -1.0932105779647827 
vn -0.42692744731903076 -1.0378367900848389 -1.7899185419082642 
vn -0.42692744731903076 -1.0378367900848389 -1.7899185419082642 
vn -0.42692744731903076 -1.0378367900848389 -1.7899185419082642 
vn -0.42692744731903076 -1.0378367900848389 -1.7899185419082642 
vn -1.014594554901123 1.6944879293441772 -0.7500001192092896 
vn -1.014594554901123 1.6944879293441772 -0.7500001192092896 
vn -1.024856686592102 1.6700713634490967 -0.7897606492042542 
vn -1.024856686592102 1.6700713634490967 -0.7897606492042542 
vn -1.0362898111343384 1.6441736221313477 -0.8282439708709717 
vn -1.7479299306869507 1.157765507698059 -0.25983452796936035 
vn -1.7479299306869507 1.157765507698059 -0.25983452796936035 
vn -1.7479299306869507 1.157765507698059 -0.25983452796936035 
vn -1.7479299306869507 1.157765507698059 -0.25983452796936035 
vn 0.41929006576538086 1.0428955554962158 1.7887831926345825 
vn 0.42692744731903076 1.0378367900848389 1.7899185419082642 
vn 0.41929006576538086 1.0428955554962158 1.7887831926345825 
vn 0.42692744731903076 1.0378367900848389 1.7899185419082642 
vn 0.015967480838298798 1.8226133584976196 -1.0681833028793335 
vn 0.015967480838298798 1.8226133584976196 -1.0681833028793335 
vn 0.015967480838298798 1.8226133584976196 -1.0681833028793335 
vn 0.015967480838298798 1.8226133584976196 -1.0681833028793335 
vn -1.7110180854797363 -0.6462252736091614 1.0573558807373047 
vn -1.8341965675354004 -0.6645827889442444 0.8107066750526428 
vn -0.9988861680030823 -1.1757253408432007 1.4432896375656128 
vn -1.112379789352417 -1.4258939027786255 1.092075228691101 
vn -0.08829003572463989 -1.8135470151901245 1.080019474029541 
vn -0.16969257593154907 -1.66714346408844 1.286478042602539 
vn 0.9581340551376343 -1.7173465490341187 0.7719403505325317 
vn 1.1134474277496338 -1.548904299736023 0.9079217910766602 
vn 1.7479299306869507 -1.157765507698059 0.25983452796936035 
vn 1.797717571258545 -0.9157941937446594 0.626678466796875 
vn 2.0680956840515137 -0.287118524312973 -0.32208308577537537 
vn 2.0921645164489746 -0.2877900302410126 -0.05674156919121742 
vn 1.8334065675735474 0.6626324653625488 -0.8140829205513 
vn 1.805008053779602 0.8773335218429565 -0.6598672270774841 
vn 1.112379789352417 1.4258939027786255 -1.092075228691101 
vn 1.1688538789749146 1.6174904108047485 -0.6933231353759766 
vn 0.26368248462677 1.8982517719268799 -0.8889894485473633 
vn 0.09067793190479279 1.819426417350769 -1.069885492324829 
vn -1.021398663520813 1.7757368087768555 -0.5164262056350708 
vn -0.9565578103065491 1.721240758895874 -0.7651922702789307 
vn -1.6215375661849976 1.348996639251709 0.11839690059423447 
vn -1.7479299306869507 1.157765507698059 -0.25983452796936035 
vn -1.9992656707763672 0.5157179236412048 0.4473992586135864 
vn -2.066488027572632 0.29105326533317566 0.3288002014160156 
vn -0.08829003572463989 -1.8135470151901245 1.080019474029541 
vn 0.9581340551376343 -1.7173465490341187 0.7719403505325317 
vn 0.9581340551376343 -1.7173465490341187 0.7719403505325317 
vn 1.7479299306869507 -1.157765507698059 0.25983452796936035 
vn 1.7479299306869507 -1.157765507698059 0.25983452796936035 
vn 2.0680956840515137 -0.287118524312973 -0.32208308577537537 
vn 2.0680956840515137 -0.287118524312973 -0.32208308577537537 
vn 1.8334065675735474 0.6626324653625488 -0.8140829205513 
vn 1.8334065675735474 0.6626324653625488 -0.8140829205513 
vn 1.104742407798767 1.430952548980713 -1.0932105779647827 
vn 1.104742407798767 1.430952548980713 -1.0932105779647827 
vn 0.08748646825551987 1.8115791082382202 -1.0833823680877686 
vn -0.08829003572463989 -1.8135470151901245 1.080019474029541 
vn -1.112379789352417 -1.4258939027786255 1.092075228691101 
vn -1.112379789352417 -1.4258939027786255 1.092075228691101 
vn -1.8310050964355469 -0.6567354798316956 0.8242035508155823 
vn -1.8310050964355469 -0.6567354798316956 0.8242035508155823 
vn -2.066488027572632 0.29105326533317566 0.3288002014160156 
vn -2.066488027572632 0.29105326533317566 0.3288002014160156 
vn -1.7479299306869507 1.157765507698059 -0.25983452796936035 
vn -1.7479299306869507 1.157765507698059 -0.25983452796936035 
vn -0.9565578103065491 1.721240758895874 -0.7651922702789307 
vn -0.9565578103065491 1.721240758895874 -0.7651922702789307 
vn 0.08748646825551987 1.8115791082382202 -1.0833823680877686 
vn 1.798290491104126 -0.8656045198440552 0.6928730607032776 
vn 1.724936604499817 -0.4813922047615051 1.120734453201294 
vn 0.5411848425865173 -1.513441801071167 1.3710585832595825 
vn 0.6067138910293579 -1.05232834815979 1.7284932136535645 
vn -0.9661393761634827 -1.1302268505096436 1.500783085823059 
vn -0.7400241494178772 -0.7112561464309692 1.8465274572372437 
vn -1.8547810316085815 0.06448253989219666 1.009366750717163 
vn -1.536695957183838 0.35185128450393677 1.406397819519043 
vn -1.5897071361541748 1.378482460975647 0.1892380267381668 
vn -1.3012932538986206 1.5230728387832642 0.67087721824646 
vn -0.33126556873321533 2.027590274810791 -0.49227210879325867 
vn -0.1767568588256836 2.104184627532959 0.06598643213510513 
vn 1.1824889183044434 1.6383625268936157 -0.6169923543930054 
vn 1.1744544506072998 1.7556225061416626 -0.04046058654785156 
vn 2.061258554458618 0.4452310800552368 -0.12718786299228668 
vn 1.9575122594833374 0.6882268786430359 0.3970913290977478 
vn 0.42692744731903076 1.0378367900848389 1.7899185419082642 
vn 0.41929006576538086 1.0428955554962158 1.7887831926345825 
vn 0.41929006576538086 1.0428955554962158 1.7887831926345825 
vn 0.41929006576538086 1.0428955554962158 1.7887831926345825 
vn 0.41929006576538086 1.0428955554962158 1.7887831926345825 
vn 0.41929006576538086 1.0428955554962158 1.7887831926345825 
vn 0.41929006576538086 1.0428955554962158 1.7887831926345825 
vn 0.41929006576538086 1.0428955554962158 1.7887831926345825 
vn 0.41929006576538086 1.0428955554962158 1.7887831926345825 
vn 0.41929006576538086 1.0428955554962158 1.7887831926345825 
vn 0.41929006576538086 1.0428955554962158 1.7887831926345825 
vn 0.41929006576538086 1.0428955554962158 1.7887831926345825 
vn 0.41929006576538086 1.0428955554962158 1.7887831926345825 
vn 0.41929006576538086 1.0428955554962158 1.7887831926345825 
vn 0.41929006576538086 1.0428955554962158 1.7887831926345825 
vn 0.42692744731903076 1.0378367900848389 1.7899185419082642 
vn 0.42692744731903076 1.0378367900848389 1.7899185419082642 
vn 0.42692744731903076 1.0378367900848389 1.7899185419082642 
vn 0.42692744731903076 1.0378367900848389 1.7899185419082642 
vn 0.42692744731903076 1.0378367900848389 1.7899185419082642 
vn 0.42692744731903076 1.0378367900848389 1.7899185419082642 
vn 0.42692744731903076 1.0378367900848389 1.7899185419082642 
vn 0.42692744731903076 1.0378367900848389 1.7899185419082642 
vn 0.42692744731903076 1.0378367900848389 1.7899185419082642 
vn 2.061258554458618 0.4452310800552368 -0.12718786299228668 
vn 1.9575122594833374 0.6882268786430359 0.3970913290977478 
vn 1.798290491104126 -0.8656045198440552 0.6928730607032776 
vn 1.724936604499817 -0.4813922047615051 1.120734453201294 
vn 0.5411848425865173 -1.513441801071167 1.3710585832595825 
vn 0.6067138910293579 -1.05232834815979 1.7284932136535645 
vn -0.9661393761634827 -1.1302268505096436 1.500783085823059 
vn -0.7400241494178772 -0.7112561464309692 1.8465274572372437 
vn -1.8547810316085815 0.06448253989219666 1.009366750717163 
vn -1.536695957183838 0.35185128450393677 1.406397819519043 
vn -1.5897071361541748 1.378482460975647 0.1892380267381668 
vn -1.3012932538986206 1.5230728387832642 0.67087721824646 
vn -0.33126556873321533 2.027590274810791 -0.49227210879325867 
vn -0.1767568588256836 2.104184627532959 0.06598643213510513 
vn 1.1748515367507935 1.6434212923049927 -0.618127703666687 
vn 1.1744544506072998 1.7556225061416626 -0.04046058654785156 
vn 0.9863125085830688 0.5903984904289246 1.7725120782852173 
vn 1.0901058912277222 0.8800925612449646 1.5812302827835083 
vn 1.0901058912277222 0.8800925612449646 1.5812302827835083 
vn 1.0130658149719238 1.2009828090667725 1.4122753143310547 
vn 1.0130658149719238 1.2009828090667725 1.4122753143310547 
vn 0.7646113634109497 1.459535837173462 1.322236180305481 
vn 0.7646113634109497 1.459535837173462 1.322236180305481 
vn 0.4274209141731262 1.5882904529571533 1.3258311748504639 
vn 0.9863125085830688 0.5903984904289246 1.7725120782852173 
vn 0.7235620021820068 0.4077867567539215 1.9425108432769775 
vn 0.7235620021820068 0.4077867567539215 1.9425108432769775 
vn 0.3695431053638458 0.37177926301956177 2.0465574264526367 
vn 0.3695431053638458 0.37177926301956177 2.0465574264526367 
vn 0.025573095306754112 0.5072569251060486 2.0506622791290283 
vn 0.025573095306754112 0.5072569251060486 2.0506622791290283 
vn -0.21534138917922974 0.7600667476654053 1.9593638181686401 
vn -0.21534138917922974 0.7600667476654053 1.9593638181686401 
vn -0.29235997796058655 1.0811883211135864 1.7912952899932861 
vn -0.29235997796058655 1.0811883211135864 1.7912952899932861 
vn -0.18938452005386353 1.3691376447677612 1.5977414846420288 
vn -0.18938452005386353 1.3691376447677612 1.5977414846420288 
vn 0.07372863590717316 1.5529074668884277 1.430463433265686 
vn 0.07372863590717316 1.5529074668884277 1.430463433265686 
vn 0.4274209141731262 1.5882904529571533 1.3258311748504639 
vn -0.7646113634109497 -1.459535837173462 -1.322236180305481 
vn -0.4277564585208893 -1.5886704921722412 -1.3252675533294678 
vn -0.4277564585208893 -1.5886704921722412 -1.3252675533294678 
vn -0.07394105195999146 -1.5531634092330933 -1.4301745891571045 
vn -0.07394105195999146 -1.5531634092330933 -1.4301745891571045 
vn 0.18938452005386353 -1.3691376447677612 -1.5977414846420288 
vn 0.18938452005386353 -1.3691376447677612 -1.5977414846420288 
vn 0.29260286688804626 -1.080857515335083 -1.7914551496505737 
vn 0.29260286688804626 -1.080857515335083 -1.7914551496505737 
vn 0.21576625108718872 -0.7594670057296753 -1.9595496654510498 
vn 0.21576625108718872 -0.7594670057296753 -1.9595496654510498 
vn -0.03321048244833946 -0.5021981596946716 -2.05179762840271 
vn -0.03321048244833946 -0.5021981596946716 -2.05179762840271 
vn -0.3744339346885681 -0.378679484128952 -2.0444021224975586 
vn -0.3744339346885681 -0.378679484128952 -2.0444021224975586 
vn -0.7194095253944397 -0.40212807059288025 -1.9452309608459473 
vn -0.7194095253944397 -0.40212807059288025 -1.9452309608459473 
vn -0.9863125085830688 -0.5903984904289246 -1.7725120782852173 
vn -0.9863125085830688 -0.5903984904289246 -1.7725120782852173 
vn -1.0937318801879883 -0.8844566941261292 -1.576283574104309 
vn -1.0937318801879883 -0.8844566941261292 -1.576283574104309 
vn -1.0091972351074219 -1.1965961456298828 -1.418753743171692 
vn -1.0091972351074219 -1.1965961456298828 -1.418753743171692 
vn -0.7722487449645996 -1.4544771909713745 -1.323371410369873 
vn -0.42692744731903076 -1.0378367900848389 -1.7899185419082642 
vn -0.42692744731903076 -1.0378367900848389 -1.7899185419082642 
vn -0.42692744731903076 -1.0378367900848389 -1.7899185419082642 
vn -0.42692744731903076 -1.0378367900848389 -1.7899185419082642 
vn -0.42692744731903076 -1.0378367900848389 -1.7899185419082642 
vn -0.42692744731903076 -1.0378367900848389 -1.7899185419082642 
vn -0.42692744731903076 -1.0378367900848389 -1.7899185419082642 
vn -0.42692744731903076 -1.0378367900848389 -1.7899185419082642 
vn -0.42692744731903076 -1.0378367900848389 -1.7899185419082642 
vn -0.42692744731903076 -1.0378367900848389 -1.7899185419082642 
vn -0.42692744731903076 -1.0378367900848389 -1.7899185419082642 
vn -0.42692744731903076 -1.0378367900848389 -1.7899185419082642 
vn -0.42692744731903076 -1.0378367900848389 -1.7899185419082642 
vn -0.42692744731903076 -1.0378367900848389 -1.7899185419082642 
vn -0.42692744731903076 -1.0378367900848389 -1.7899185419082642 
vn -0.42692744731903076 -1.0378367900848389 -1.7899185419082642 
vn -0.42692744731903076 -1.0378367900848389 -1.7899185419082642 
vn -0.42692744731903076 -1.0378367900848389 -1.7899185419082642 
vn -0.42692744731903076 -1.0378367900848389 -1.7899185419082642 
vn -0.42692744731903076 -1.0378367900848389 -1.7899185419082642 
vn -0.42692744731903076 -1.0378367900848389 -1.7899185419082642 
vn -0.42692744731903076 -1.0378367900848389 -1.7899185419082642 
vn -0.42692744731903076 -1.0378367900848389 -1.7899185419082642 
vn -0.42692744731903076 -1.0378367900848389 -1.7899185419082642 
vn -0.42692744731903076 -1.0378367900848389 -1.7899185419082642 
vn -0.42692744731903076 -1.0378367900848389 -1.7899185419082642 
vn -0.42692744731903076 -1.0378367900848389 -1.7899185419082642 
vn -0.42692744731903076 -1.0378367900848389 -1.7899185419082642 
vn -0.42692744731903076 -1.0378367900848389 -1.7899185419082642 
vn -0.42692744731903076 -1.0378367900848389 -1.7899185419082642 
vn -0.42692744731903076 -1.0378367900848389 -1.7899185419082642 
vn -0.42692744731903076 -1.0378367900848389 -1.7899185419082642 
vn -0.42692744731903076 -1.0378367900848389 -1.7899185419082642 
vn -0.42692744731903076 -1.0378367900848389 -1.7899185419082642 
vn -0.42692744731903076 -1.0378367900848389 -1.7899185419082642 
vn -0.42692744731903076 -1.0378367900848389 -1.7899185419082642 
vn -0.42692744731903076 -1.0378367900848389 -1.7899185419082642 
vn -0.42692744731903076 -1.0378367900848389 -1.7899185419082642 
vn -0.42692744731903076 -1.0378367900848389 -1.7899185419082642 
vn -0.42692744731903076 -1.0378367900848389 -1.7899185419082642 
vn -0.42692744731903076 -1.0378367900848389 -1.7899185419082642 
vn -0.42692744731903076 -1.0378367900848389 -1.7899185419082642 
vn -0.42692744731903076 -1.0378367900848389 -1.7899185419082642 
vn -0.42692744731903076 -1.0378367900848389 -1.7899185419082642 
vn -0.42692744731903076 -1.0378367900848389 -1.7899185419082642 
vn -0.42692744731903076 -1.0378367900848389 -1.7899185419082642 
vn -0.42692744731903076 -1.0378367900848389 -1.7899185419082642 
vn -0.42692744731903076 -1.0378367900848389 -1.7899185419082642 
vn -0.9565578103065491 1.721240758895874 -0.7651922702789307 
vn -1.0386505126953125 1.3814181089401245 -1.2149397134780884 
vn -1.7479299306869507 1.157765507698059 -0.25983452796936035 
vn -1.802011251449585 0.8432421088218689 -0.71055668592453 
vn -2.066488027572632 0.29105326533317566 0.3288002014160156 
vn -2.106355667114258 0.005639329552650452 -0.16256603598594666 
vn -1.8341965675354004 -0.6645827889442444 0.8107066750526428 
vn -1.881591796875 -0.9035884737968445 0.32608839869499207 
vn -1.112379789352417 -1.4258939027786255 1.092075228691101 
vn -1.1844178438186646 -1.64808189868927 0.5866616368293762 
vn -0.19146469235420227 -2.024462938308716 0.5727843046188354 
vn -0.297267884016037 -2.091539144515991 -0.016924243420362473 
vn 0.6002134084701538 -2.006671190261841 -0.27605360746383667 
vn -1.0382227897644043 0.9267080426216125 -1.5894944667816162 
vn -1.71100652217865 0.44242528080940247 -1.1575433015823364 
vn -1.9868104457855225 -0.2955833971500397 -0.6545277833938599 
vn -1.7842892408370972 -1.1070268154144287 -0.23236936330795288 
vn -1.1697648763656616 -1.759202003479004 -0.00703627010807395 
vn -0.14230145514011383 1.0087370872497559 -1.8507792949676514 
vn -0.02725638635456562 1.4857934713363647 -1.5016200542449951 
vn 0.7188907861709595 0.6744027733802795 -1.8685721158981323 
vn 0.9557063579559326 1.1095497608184814 -1.522731900215149 
vn 1.661393404006958 0.36301538348197937 -1.2534680366516113 
vn 1.8334065675735474 0.6626324653625488 -0.8140829205513 
vn 2.0680956840515137 -0.287118524312973 -0.32208308577537537 
vn 0.09067793190479279 1.819426417350769 -1.069885492324829 
vn 1.104742407798767 1.430952548980713 -1.0932105779647827 
vn -0.08829003572463989 -1.8135470151901245 1.080019474029541 
vn 0.8152276277542114 -1.9291865825653076 0.2771909236907959 
vn 0.9581340551376343 -1.7173465490341187 0.7719403505325317 
vn 1.574361801147461 -1.393220067024231 -0.20860491693019867 
vn 1.7479299306869507 -1.157765507698059 0.25983452796936035 
vn 1.885663390159607 -0.549889326095581 -0.7778741121292114 
vn 1.2725005149841309 -1.525552749633789 -0.7187641263008118 
vn 1.543745517730713 -0.7908939123153687 -1.2060372829437256 
vn 1.3413678407669067 0.0199055764824152 -1.6320303678512573 
vn 1.994937539100647 -0.4234614968299866 -0.5514513850212097 
vn 1.994937539100647 -0.4234614968299866 -0.5514513850212097 
vn 1.7626768350601196 0.5192296504974365 -1.0423831939697266 
vn 1.7626768350601196 0.5192296504974365 -1.0423831939697266 
vn 1.0414485931396484 1.285999059677124 -1.3133090734481812 
vn 1.0414485931396484 1.285999059677124 -1.3133090734481812 
vn 0.03361760452389717 1.6678547859191895 -1.2962712049484253 
vn 0.03361760452389717 1.6678547859191895 -1.2962712049484253 
vn -1.0065789222717285 1.5686362981796265 -0.9946707487106323 
vn -1.0065789222717285 1.5686362981796265 -0.9946707487106323 
vn -1.7882379293441772 1.0118499994277954 -0.491486132144928 
vn -1.7882379293441772 1.0118499994277954 -0.491486132144928 
vn -2.105234384536743 0.15297682583332062 0.08820879459381104 
vn -2.105234384536743 0.15297682583332062 0.08820879459381104 
vn -1.871968388557434 -0.7875654697418213 0.581951916217804 
vn -1.871968388557434 -0.7875654697418213 0.581951916217804 
vn -1.1574273109436035 -1.547336459159851 0.8539925217628479 
vn -1.1574273109436035 -1.547336459159851 0.8539925217628479 
vn -0.14223076403141022 -1.935316562652588 0.8351713418960571 
vn -0.14223076403141022 -1.935316562652588 0.8351713418960571 
vn 0.8975128531455994 -1.83753502368927 0.5302149653434753 
vn 0.8975128531455994 -1.83753502368927 0.5302149653434753 
vn 1.6776313781738281 -1.2838163375854492 0.02372472733259201 
vn 1.6776313781738281 -1.2838163375854492 0.02372472733259201 
vn 2.0680956840515137 -0.287118524312973 -0.32208308577537537 
vn 1.7479299306869507 -1.157765507698059 0.25983452796936035 
vn 1.7479299306869507 -1.157765507698059 0.25983452796936035 
vn 0.9581340551376343 -1.7173465490341187 0.7719403505325317 
vn 0.9581340551376343 -1.7173465490341187 0.7719403505325317 
vn -0.08829003572463989 -1.8135470151901245 1.080019474029541 
vn -0.08829003572463989 -1.8135470151901245 1.080019474029541 
vn -1.112379789352417 -1.4258939027786255 1.092075228691101 
vn -1.112379789352417 -1.4258939027786255 1.092075228691101 
vn -1.8341965675354004 -0.6645827889442444 0.8107066750526428 
vn 2.0680956840515137 -0.287118524312973 -0.32208308577537537 
vn 1.8334065675735474 0.6626324653625488 -0.8140829205513 
vn 1.8334065675735474 0.6626324653625488 -0.8140829205513 
vn 1.104742407798767 1.430952548980713 -1.0932105779647827 
vn 1.104742407798767 1.430952548980713 -1.0932105779647827 
vn 0.09067793190479279 1.819426417350769 -1.069885492324829 
vn 0.09067793190479279 1.819426417350769 -1.069885492324829 
vn -0.9565578103065491 1.721240758895874 -0.7651922702789307 
vn -0.9565578103065491 1.721240758895874 -0.7651922702789307 
vn -1.7479299306869507 1.157765507698059 -0.25983452796936035 
vn -1.7479299306869507 1.157765507698059 -0.25983452796936035 
vn -2.066488027572632 0.29105326533317566 0.3288002014160156 
vn -2.066488027572632 0.29105326533317566 0.3288002014160156 
vn -1.8341965675354004 -0.6645827889442444 0.8107066750526428 
vn 1.724936604499817 -0.4813922047615051 1.120734453201294 
vn 2.061258554458618 0.4452310800552368 -0.12718786299228668 
vn 1.9575122594833374 0.6882268786430359 0.3970913290977478 
vn 1.1748515367507935 1.6434212923049927 -0.618127703666687 
vn 1.16681706905365 1.7606812715530396 -0.04159590229392052 
vn -0.33126556873321533 2.027590274810791 -0.49227210879325867 
vn -0.1767568588256836 2.104184627532959 0.06598643213510513 
vn -1.5897071361541748 1.378482460975647 0.1892380267381668 
vn -1.3012932538986206 1.5230728387832642 0.67087721824646 
vn -1.8547810316085815 0.06448253989219666 1.009366750717163 
vn -1.536695957183838 0.35185128450393677 1.406397819519043 
vn -0.9737767577171326 -1.1251682043075562 1.4996477365493774 
vn -0.7476615309715271 -0.7061974406242371 1.845392107963562 
vn 0.5411848425865173 -1.513441801071167 1.3710585832595825 
vn 0.6067138910293579 -1.05232834815979 1.7284932136535645 
vn 1.798290491104126 -0.8656045198440552 0.6928730607032776 
vn 1.1824889183044434 1.6383625268936157 -0.6169923543930054 
vn 1.9575122594833374 0.6882268786430359 0.3970913290977478 
vn 2.061258554458618 0.4452310800552368 -0.12718786299228668 
vn 1.724936604499817 -0.4813922047615051 1.120734453201294 
vn 1.798290491104126 -0.8656045198440552 0.6928730607032776 
vn 0.6067138910293579 -1.05232834815979 1.7284932136535645 
vn 0.5411848425865173 -1.513441801071167 1.3710585832595825 
vn -0.7476615309715271 -0.7061974406242371 1.845392107963562 
vn -0.9737767577171326 -1.1251682043075562 1.4996477365493774 
vn -1.536695957183838 0.35185128450393677 1.406397819519043 
vn -1.8547810316085815 0.06448253989219666 1.009366750717163 
vn -1.3012932538986206 1.5230728387832642 0.67087721824646 
vn -1.5897071361541748 1.378482460975647 0.1892380267381668 
vn -0.1767568588256836 2.104184627532959 0.06598643213510513 
vn -0.33126556873321533 2.027590274810791 -0.49227210879325867 
vn 1.16681706905365 1.7606812715530396 -0.04159590229392052 
vn 0.9581340551376343 -1.7173465490341187 0.7719403505325317 
vn -0.08829003572463989 -1.8135470151901245 1.080019474029541 
vn -0.08829003572463989 -1.8135470151901245 1.080019474029541 
vn -1.112379789352417 -1.4258939027786255 1.092075228691101 
vn -1.112379789352417 -1.4258939027786255 1.092075228691101 
vn -1.8341965675354004 -0.6645827889442444 0.8107066750526428 
vn 0.9581340551376343 -1.7173465490341187 0.7719403505325317 
vn 1.7479299306869507 -1.157765507698059 0.25983452796936035 
vn 1.7479299306869507 -1.157765507698059 0.25983452796936035 
vn 2.0680956840515137 -0.287118524312973 -0.32208308577537537 
vn 2.0680956840515137 -0.287118524312973 -0.32208308577537537 
vn 1.8334065675735474 0.6626324653625488 -0.8140829205513 
vn 1.8334065675735474 0.6626324653625488 -0.8140829205513 
vn 1.104742407798767 1.430952548980713 -1.0932105779647827 
vn 1.104742407798767 1.430952548980713 -1.0932105779647827 
vn 0.09067793190479279 1.819426417350769 -1.069885492324829 
vn 0.09067793190479279 1.819426417350769 -1.069885492324829 
vn -0.9565578103065491 1.721240758895874 -0.7651922702789307 
vn -0.9565578103065491 1.721240758895874 -0.7651922702789307 
vn -1.7479299306869507 1.157765507698059 -0.25983452796936035 
vn -1.7479299306869507 1.157765507698059 -0.25983452796936035 
vn -2.066488027572632 0.29105326533317566 0.3288002014160156 
vn -2.066488027572632 0.29105326533317566 0.3288002014160156 
vn -1.8341965675354004 -0.6645827889442444 0.8107066750526428 
vn -1.0362898111343384 1.6441736221313477 -0.8282439708709717 
vn -1.7309091091156006 1.1506376266479492 -0.37839236855506897 
vn 2.046421527862549 -0.2857503890991211 -0.4401136636734009 
vn -0.004620945081114769 1.7736847400665283 -1.1476980447769165 
vn -0.42692744731903076 -1.0378367900848389 -1.7899185419082642 
vn 0.42692744731903076 1.0378367900848389 1.7899185419082642 
vn -0.42692744731903076 -1.0378367900848389 -1.7899185419082642 
vn 0.42692744731903076 1.0378367900848389 1.7899185419082642 
vn 0.41929006576538086 1.0428955554962158 1.7887831926345825 
vn 0.41929006576538086 1.0428955554962158 1.7887831926345825 
vn -0.42692744731903076 -1.0378367900848389 -1.7899185419082642 
vn -0.42692744731903076 -1.0378367900848389 -1.7899185419082642 
vn 0.41929006576538086 1.0428955554962158 1.7887831926345825 
vn -1.8659108877182007 -0.6022587418556213 0.7866725921630859 
vn 1.0506982803344727 1.4655933380126953 -1.1005722284317017 
vn -1.1727020740509033 -1.384452223777771 1.0822440385818481 
vn -0.5010130405426025 -0.75689697265625 1.907688856124878 
vn -1.030847191810608 1.7766990661621094 0.49384766817092896 
vn -0.41929006576538086 -1.0428955554962158 -1.7887831926345825 
vn -0.42692744731903076 -1.0378367900848389 -1.7899185419082642 
vn 1.1748515367507935 1.6434212923049927 -0.618127703666687 
vn 2.066124200820923 -0.3386138677597046 -0.2822509706020355 
vn -1.0609111785888672 -1.5160577297210693 1.0194246768951416 
vn 1.7089773416519165 -1.204937219619751 0.301191121339798 
vn 1.104742407798767 1.430952548980713 -1.0932105779647827 
vn -0.41929006576538086 -1.0428955554962158 -1.7887831926345825 
vn -0.41929006576538086 -1.0428955554962158 -1.7887831926345825 
vn 0.41929006576538086 1.0428955554962158 1.7887831926345825 
vn 0.42692744731903076 1.0378367900848389 1.7899185419082642 
vn -0.41929006576538086 -1.0428955554962158 -1.7887831926345825 
vn -0.41929006576538086 -1.0428955554962158 -1.7887831926345825 
vn 0.42692744731903076 1.0378367900848389 1.7899185419082642 
vn 0.41929006576538086 1.0428955554962158 1.7887831926345825 
vn -0.41929006576538086 -1.0428955554962158 -1.7887831926345825 
vn 0.41929006576538086 1.0428955554962158 1.7887831926345825 
vn 0.41929006576538086 1.0428955554962158 1.7887831926345825 
vn -0.015160308219492435 -1.8206367492675781 1.0715603828430176 
vn 1.1652387380599976 1.3897260427474976 -1.083545446395874 
vn 1.866703987121582 0.6042171716690063 -0.7832817435264587 
vn 0.41929006576538086 1.0428955554962158 1.7887831926345825 
vn -0.38981813192367554 -1.1030817031860352 1.7591015100479126 
vn -0.42692744731903076 -1.0378367900848389 -1.7899185419082642 
vn 1.6225992441177368 1.1079556941986084 0.7763987183570862 
vn 1.6225992441177368 1.1079556941986084 0.7763987183570862 
vn 1.6225992441177368 1.1079556941986084 0.7763987183570862 
vn 1.6225992441177368 1.1079556941986084 0.7763987183570862 
vn 1.6225992441177368 1.1079556941986084 0.7763987183570862 
vn 1.6225992441177368 1.1079556941986084 0.7763987183570862 
vn 0.9977218508720398 1.775208830833435 -0.562472939491272 
vn 0.9977218508720398 1.775208830833435 -0.562472939491272 
vn 0.9977218508720398 1.775208830833435 -0.562472939491272 
vn 0.9977218508720398 1.775208830833435 -0.562472939491272 
vn 0.9977218508720398 1.775208830833435 -0.562472939491272 
vn 0.9977218508720398 1.775208830833435 -0.562472939491272 
vn -0.21731361746788025 1.4014406204223633 -1.565862774848938 
vn -0.21731361746788025 1.4014406204223633 -1.565862774848938 
vn -0.21731361746788025 1.4014406204223633 -1.565862774848938 
vn -0.21731361746788025 1.4014406204223633 -1.565862774848938 
vn -0.21731361746788025 1.4014406204223633 -1.565862774848938 
vn -0.21731361746788025 1.4014406204223633 -1.565862774848938 
vn -1.301314353942871 0.20298095047473907 -1.65183687210083 
vn -1.301314353942871 0.20298095047473907 -1.65183687210083 
vn -1.301314353942871 0.20298095047473907 -1.65183687210083 
vn -1.301314353942871 0.20298095047473907 -1.65183687210083 
vn -1.301314353942871 0.20298095047473907 -1.65183687210083 
vn -1.301314353942871 0.20298095047473907 -1.65183687210083 
vn -1.6266939640045166 -1.1111611127853394 -0.7631359696388245 
vn -1.6266939640045166 -1.1111611127853394 -0.7631359696388245 
vn -1.6266939640045166 -1.1111611127853394 -0.7631359696388245 
vn -1.6266939640045166 -1.1111611127853394 -0.7631359696388245 
vn -1.6266939640045166 -1.1111611127853394 -0.7631359696388245 
vn -1.6266939640045166 -1.1111611127853394 -0.7631359696388245 
vn -0.9977218508720398 -1.775208830833435 0.562472939491272 
vn -0.9977218508720398 -1.775208830833435 0.562472939491272 
vn -0.9977218508720398 -1.775208830833435 0.562472939491272 
vn -0.9977218508720398 -1.775208830833435 0.562472939491272 
vn -0.9977218508720398 -1.775208830833435 0.562472939491272 
vn -0.9977218508720398 -1.775208830833435 0.562472939491272 
vn 0.21923945844173431 -1.3978796005249023 1.568774700164795 
vn 0.21923945844173431 -1.3978796005249023 1.568774700164795 
vn 0.21923945844173431 -1.3978796005249023 1.568774700164795 
vn 0.21923945844173431 -1.3978796005249023 1.568774700164795 
vn 0.21923945844173431 -1.3978796005249023 1.568774700164795 
vn 0.21923945844173431 -1.3978796005249023 1.568774700164795 
vn 1.2966196537017822 -0.2094210833311081 1.6547220945358276 
vn 1.2966196537017822 -0.2094210833311081 1.6547220945358276 
vn 1.2966196537017822 -0.2094210833311081 1.6547220945358276 
vn 1.2966196537017822 -0.2094210833311081 1.6547220945358276 
vn 1.2966196537017822 -0.2094210833311081 1.6547220945358276 
vn 1.2966196537017822 -0.2094210833311081 1.6547220945358276 
vn 1.3374197483062744 -1.1214343309402466 -1.1903283596038818 
vn 1.3374197483062744 -1.1214343309402466 -1.1903283596038818 
vn 1.3374197483062744 -1.1214343309402466 -1.1903283596038818 
vn 1.3374197483062744 -1.1214343309402466 -1.1903283596038818 
vn 1.3374197483062744 -1.1214343309402466 -1.1903283596038818 
vn 1.3374197483062744 -1.1214343309402466 -1.1903283596038818 
vn 1.3374197483062744 -1.1214343309402466 -1.1903283596038818 
vn 1.3374197483062744 -1.1214343309402466 -1.1903283596038818 
vn 1.3374197483062744 -1.1214343309402466 -1.1903283596038818 
vn 1.3374197483062744 -1.1214343309402466 -1.1903283596038818 
vn 1.3374197483062744 -1.1214343309402466 -1.1903283596038818 
vn 1.3374197483062744 -1.1214343309402466 -1.1903283596038818 
vn 1.3374197483062744 -1.1214343309402466 -1.1903283596038818 
vn 1.3374197483062744 -1.1214343309402466 -1.1903283596038818 
vn 1.3374197483062744 -1.1214343309402466 -1.1903283596038818 
vn 1.3374197483062744 -1.1214343309402466 -1.1903283596038818 
vn 1.3374197483062744 -1.1214343309402466 -1.1903283596038818 
vn 1.3374197483062744 -1.1214343309402466 -1.1903283596038818 
vn -1.336259126663208 1.1231220960617065 1.1900405883789062 
vn -1.336259126663208 1.1231220960617065 1.1900405883789062 
vn -1.336259126663208 1.1231220960617065 1.1900405883789062 
vn -1.336259126663208 1.1231220960617065 1.1900405883789062 
vn -1.336259126663208 1.1231220960617065 1.1900405883789062 
vn -1.336259126663208 1.1231220960617065 1.1900405883789062 
vn -1.336259126663208 1.1231220960617065 1.1900405883789062 
vn -1.336259126663208 1.1231220960617065 1.1900405883789062 
vn -1.336259126663208 1.1231220960617065 1.1900405883789062 
vn -1.336259126663208 1.1231220960617065 1.1900405883789062 
vn -1.336259126663208 1.1231220960617065 1.1900405883789062 
vn -1.336259126663208 1.1231220960617065 1.1900405883789062 
vn -1.336259126663208 1.1231220960617065 1.1900405883789062 
vn -1.336259126663208 1.1231220960617065 1.1900405883789062 
vn -1.336259126663208 1.1231220960617065 1.1900405883789062 
vn -1.336259126663208 1.1231220960617065 1.1900405883789062 
vn -1.336259126663208 1.1231220960617065 1.1900405883789062 
vn -1.336259126663208 1.1231220960617065 1.1900405883789062 
vn 0.7971231341362 1.5083638429641724 1.2460408210754395 
vn 0.7971231341362 1.5083638429641724 1.2460408210754395 
vn 0.7971231341362 1.5083638429641724 1.2460408210754395 
vn 0.7971231341362 1.5083638429641724 1.2460408210754395 
vn 0.7971231341362 1.5083638429641724 1.2460408210754395 
vn 0.7971231341362 1.5083638429641724 1.2460408210754395 
vn 0.2438993602991104 2.0975048542022705 0.06462743133306503 
vn 0.2438993602991104 2.0975048542022705 0.06462743133306503 
vn 0.2438993602991104 2.0975048542022705 0.06462743133306503 
vn 0.2438993602991104 2.0975048542022705 0.06462743133306503 
vn 0.2438993602991104 2.0975048542022705 0.06462743133306503 
vn 0.2438993602991104 2.0975048542022705 0.06462743133306503 
vn -0.817756175994873 1.765262484550476 -0.8235985040664673 
vn -0.817756175994873 1.765262484550476 -0.8235985040664673 
vn -0.817756175994873 1.765262484550476 -0.8235985040664673 
vn -0.817756175994873 1.765262484550476 -0.8235985040664673 
vn -0.817756175994873 1.765262484550476 -0.8235985040664673 
vn -0.817756175994873 1.765262484550476 -0.8235985040664673 
vn -1.778132438659668 0.7066558599472046 -0.8955861926078796 
vn -1.778132438659668 0.7066558599472046 -0.8955861926078796 
vn -1.778132438659668 0.7066558599472046 -0.8955861926078796 
vn -1.778132438659668 0.7066558599472046 -0.8955861926078796 
vn -1.778132438659668 0.7066558599472046 -0.8955861926078796 
vn -1.778132438659668 0.7066558599472046 -0.8955861926078796 
vn -2.0602283477783203 -0.4511178731918335 -0.12306453287601471 
vn -2.0602283477783203 -0.4511178731918335 -0.12306453287601471 
vn -2.0602283477783203 -0.4511178731918335 -0.12306453287601471 
vn -2.0602283477783203 -0.4511178731918335 -0.12306453287601471 
vn -2.0602283477783203 -0.4511178731918335 -0.12306453287601471 
vn -2.0602283477783203 -0.4511178731918335 -0.12306453287601471 
vn -1.509983777999878 -1.0360239744186401 1.0534679889678955 
vn -1.509983777999878 -1.0360239744186401 1.0534679889678955 
vn -1.509983777999878 -1.0360239744186401 1.0534679889678955 
vn -1.509983777999878 -1.0360239744186401 1.0534679889678955 
vn -1.509983777999878 -1.0360239744186401 1.0534679889678955 
vn -1.509983777999878 -1.0360239744186401 1.0534679889678955 
vn -0.44218647480010986 -0.6929129958152771 1.9461567401885986 
vn -0.44218647480010986 -0.6929129958152771 1.9461567401885986 
vn -0.44218647480010986 -0.6929129958152771 1.9461567401885986 
vn -0.44218647480010986 -0.6929129958152771 1.9461567401885986 
vn -0.44218647480010986 -0.6929129958152771 1.9461567401885986 
vn -0.44218647480010986 -0.6929129958152771 1.9461567401885986 
vn 0.5138118267059326 0.35219964385032654 2.018695831298828 
vn 0.5138118267059326 0.35219964385032654 2.018695831298828 
vn 0.5138118267059326 0.35219964385032654 2.018695831298828 
vn 0.5138118267059326 0.35219964385032654 2.018695831298828 
vn 0.5138118267059326 0.35219964385032654 2.018695831298828 
vn 0.5138118267059326 0.35219964385032654 2.018695831298828 
vn 1.6225992441177368 1.1079556941986084 0.7763987183570862 
vn 1.6225992441177368 1.1079556941986084 0.7763987183570862 
vn 1.6225992441177368 1.1079556941986084 0.7763987183570862 
vn 1.6225992441177368 1.1079556941986084 0.7763987183570862 
vn 1.6225992441177368 1.1079556941986084 0.7763987183570862 
vn 1.6225992441177368 1.1079556941986084 0.7763987183570862 
vn 0.9977218508720398 1.775208830833435 -0.562472939491272 
vn 0.9977218508720398 1.775208830833435 -0.562472939491272 
vn 0.9977218508720398 1.775208830833435 -0.562472939491272 
vn 0.9977218508720398 1.775208830833435 -0.562472939491272 
vn 0.9977218508720398 1.775208830833435 -0.562472939491272 
vn 0.9977218508720398 1.775208830833435 -0.562472939491272 
vn -0.21731361746788025 1.4014406204223633 -1.565862774848938 
vn -0.21731361746788025 1.4014406204223633 -1.565862774848938 
vn -0.21731361746788025 1.4014406204223633 -1.565862774848938 
vn -0.21731361746788025 1.4014406204223633 -1.565862774848938 
vn -0.21731361746788025 1.4014406204223633 -1.565862774848938 
vn -0.21731361746788025 1.4014406204223633 -1.565862774848938 
vn -1.301314353942871 0.20298095047473907 -1.65183687210083 
vn -1.301314353942871 0.20298095047473907 -1.65183687210083 
vn -1.301314353942871 0.20298095047473907 -1.65183687210083 
vn -1.301314353942871 0.20298095047473907 -1.65183687210083 
vn -1.301314353942871 0.20298095047473907 -1.65183687210083 
vn -1.301314353942871 0.20298095047473907 -1.65183687210083 
vn -1.6266939640045166 -1.1111611127853394 -0.7631359696388245 
vn -1.6266939640045166 -1.1111611127853394 -0.7631359696388245 
vn -1.6266939640045166 -1.1111611127853394 -0.7631359696388245 
vn -1.6266939640045166 -1.1111611127853394 -0.7631359696388245 
vn -1.6266939640045166 -1.1111611127853394 -0.7631359696388245 
vn -1.6266939640045166 -1.1111611127853394 -0.7631359696388245 
vn -0.9977218508720398 -1.775208830833435 0.562472939491272 
vn -0.9977218508720398 -1.775208830833435 0.562472939491272 
vn -0.9977218508720398 -1.775208830833435 0.562472939491272 
vn -0.9977218508720398 -1.775208830833435 0.562472939491272 
vn -0.9977218508720398 -1.775208830833435 0.562472939491272 
vn -0.9977218508720398 -1.775208830833435 0.562472939491272 
vn 0.21923945844173431 -1.3978796005249023 1.568774700164795 
vn 0.21923945844173431 -1.3978796005249023 1.568774700164795 
vn 0.21923945844173431 -1.3978796005249023 1.568774700164795 
vn 0.21923945844173431 -1.3978796005249023 1.568774700164795 
vn 0.21923945844173431 -1.3978796005249023 1.568774700164795 
vn 0.21923945844173431 -1.3978796005249023 1.568774700164795 
vn 1.2966196537017822 -0.2094210833311081 1.6547220945358276 
vn 1.2966196537017822 -0.2094210833311081 1.6547220945358276 
vn 1.2966196537017822 -0.2094210833311081 1.6547220945358276 
vn 1.2966196537017822 -0.2094210833311081 1.6547220945358276 
vn 1.2966196537017822 -0.2094210833311081 1.6547220945358276 
vn 1.2966196537017822 -0.2094210833311081 1.6547220945358276 
vn 1.8128560781478882 0.2508806586265564 1.0553675889968872 
vn 1.8128560781478882 0.2508806586265564 1.0553675889968872 
vn 1.8128560781478882 0.2508806586265564 1.0553675889968872 
vn 1.8128560781478882 0.2508806586265564 1.0553675889968872 
vn 1.8128560781478882 0.2508806586265564 1.0553675889968872 
vn 1.8128560781478882 0.2508806586265564 1.0553675889968872 
vn 1.4756492376327515 1.5077964067459106 0.11045720428228378 
vn 1.4756492376327515 1.5077964067459106 0.11045720428228378 
vn 1.4756492376327515 1.5077964067459106 0.11045720428228378 
vn 1.4756492376327515 1.5077964067459106 0.11045720428228378 
vn 1.4756492376327515 1.5077964067459106 0.11045720428228378 
vn 1.4756492376327515 1.5077964067459106 0.11045720428228378 
vn 0.27159371972084045 1.893174648284912 -0.8973945379257202 
vn 0.27159371972084045 1.893174648284912 -0.8973945379257202 
vn 0.27159371972084045 1.893174648284912 -0.8973945379257202 
vn 0.27159371972084045 1.893174648284912 -0.8973945379257202 
vn 0.27159371972084045 1.893174648284912 -0.8973945379257202 
vn 0.27159371972084045 1.893174648284912 -0.8973945379257202 
vn -1.0868133306503296 1.1645184755325317 -1.3877760171890259 
vn -1.0868133306503296 1.1645184755325317 -1.3877760171890259 
vn -1.0868133306503296 1.1645184755325317 -1.3877760171890259 
vn -1.0868133306503296 1.1645184755325317 -1.3877760171890259 
vn -1.0868133306503296 1.1645184755325317 -1.3877760171890259 
vn -1.0868133306503296 1.1645184755325317 -1.3877760171890259 
vn -1.812448501586914 -0.2504454553127289 -1.05617094039917 
vn -1.812448501586914 -0.2504454553127289 -1.05617094039917 
vn -1.812448501586914 -0.2504454553127289 -1.05617094039917 
vn -1.812448501586914 -0.2504454553127289 -1.05617094039917 
vn -1.812448501586914 -0.2504454553127289 -1.05617094039917 
vn -1.812448501586914 -0.2504454553127289 -1.05617094039917 
vn -1.4762921333312988 -1.5075534582138062 -0.10505027323961258 
vn -1.4762921333312988 -1.5075534582138062 -0.10505027323961258 
vn -1.4762921333312988 -1.5075534582138062 -0.10505027323961258 
vn -1.4762921333312988 -1.5075534582138062 -0.10505027323961258 
vn -1.4762921333312988 -1.5075534582138062 -0.10505027323961258 
vn -1.4762921333312988 -1.5075534582138062 -0.10505027323961258 
vn -0.2710893452167511 -1.8916666507720947 0.9007208347320557 
vn -0.2710893452167511 -1.8916666507720947 0.9007208347320557 
vn -0.2710893452167511 -1.8916666507720947 0.9007208347320557 
vn -0.2710893452167511 -1.8916666507720947 0.9007208347320557 
vn -0.2710893452167511 -1.8916666507720947 0.9007208347320557 
vn -0.2710893452167511 -1.8916666507720947 0.9007208347320557 
vn 1.0886321067810059 -1.161530613899231 1.388853907585144 
vn 1.0886321067810059 -1.161530613899231 1.388853907585144 
vn 1.0886321067810059 -1.161530613899231 1.388853907585144 
vn 1.0886321067810059 -1.161530613899231 1.388853907585144 
vn 1.0886321067810059 -1.161530613899231 1.388853907585144 
vn 1.0886321067810059 -1.161530613899231 1.388853907585144 
vn 1.0483217239379883 -0.9118220210075378 -1.5914733409881592 
vn 1.0483217239379883 -0.9118220210075378 -1.5914733409881592 
vn 1.0483217239379883 -0.9118220210075378 -1.5914733409881592 
vn 1.0483217239379883 -0.9118220210075378 -1.5914733409881592 
vn 1.0483217239379883 -0.9118220210075378 -1.5914733409881592 
vn 1.0483217239379883 -0.9118220210075378 -1.5914733409881592 
vn 1.0483217239379883 -0.9118220210075378 -1.5914733409881592 
vn 1.0483217239379883 -0.9118220210075378 -1.5914733409881592 
vn 1.0483217239379883 -0.9118220210075378 -1.5914733409881592 
vn 1.0483217239379883 -0.9118220210075378 -1.5914733409881592 
vn 1.0483217239379883 -0.9118220210075378 -1.5914733409881592 
vn 1.0483217239379883 -0.9118220210075378 -1.5914733409881592 
vn 1.0483217239379883 -0.9118220210075378 -1.5914733409881592 
vn 1.0483217239379883 -0.9118220210075378 -1.5914733409881592 
vn 1.0483217239379883 -0.9118220210075378 -1.5914733409881592 
vn 1.0483217239379883 -0.9118220210075378 -1.5914733409881592 
vn 1.0483217239379883 -0.9118220210075378 -1.5914733409881592 
vn 1.0483217239379883 -0.9118220210075378 -1.5914733409881592 
vn -1.0476897954940796 0.9127500653266907 1.5913574695587158 
vn -1.0476897954940796 0.9127500653266907 1.5913574695587158 
vn -1.0476897954940796 0.9127500653266907 1.5913574695587158 
vn -1.0476897954940796 0.9127500653266907 1.5913574695587158 
vn -1.0476897954940796 0.9127500653266907 1.5913574695587158 
vn -1.0476897954940796 0.9127500653266907 1.5913574695587158 
vn -1.0476897954940796 0.9127500653266907 1.5913574695587158 
vn -1.0476897954940796 0.9127500653266907 1.5913574695587158 
vn -1.0476897954940796 0.9127500653266907 1.5913574695587158 
vn -1.0476897954940796 0.9127500653266907 1.5913574695587158 
vn -1.0476897954940796 0.9127500653266907 1.5913574695587158 
vn -1.0476897954940796 0.9127500653266907 1.5913574695587158 
vn -1.0476897954940796 0.9127500653266907 1.5913574695587158 
vn -1.0476897954940796 0.9127500653266907 1.5913574695587158 
vn -1.0476897954940796 0.9127500653266907 1.5913574695587158 
vn -1.0476897954940796 0.9127500653266907 1.5913574695587158 
vn -1.0476897954940796 0.9127500653266907 1.5913574695587158 
vn -1.0476897954940796 0.9127500653266907 1.5913574695587158 
vt 0.49033355712890625 0.922484278678894 
vt 0.49556222558021545 0.9007386565208435 
vt 0.47732266783714294 0.9443513751029968 
vt 0.455070436000824 0.9641532897949219 
vt 0.47501233220100403 0.8579762578010559 
vt 0.45385444164276123 0.8414544463157654 
vt 0.47501233220100403 0.8579762578010559 
vt 0.49556222558021545 0.9007386565208435 
vt 0.47732266783714294 0.9443513751029968 
vt 0.45020654797554016 0.0020000000949949026 
vt 0.43415573239326477 0.0020000000949949026 
vt 0.45020654797554016 0.22698837518692017 
vt 0.43415573239326477 0.22698837518692017 
vt 0.43415573239326477 0.6321375370025635 
vt 0.41810494661331177 0.6321375370025635 
vt 0.41810494661331177 0.0020000000949949026 
vt 0.41810494661331177 0.22698837518692017 
vt 0.4020541310310364 0.6321375370025635 
vt 0.4020541310310364 0.0020000000949949026 
vt 0.4020541310310364 0.22698837518692017 
vt 0.386003315448761 0.6321375370025635 
vt 0.386003315448761 0.0020000000949949026 
vt 0.386003315448761 0.22698837518692017 
vt 0.369952529668808 0.6321375370025635 
vt 0.369952529668808 0.0020000000949949026 
vt 0.369952529668808 0.22698837518692017 
vt 0.3540233075618744 0.6321375370025635 
vt 0.3540233075618744 0.0020000000949949026 
vt 0.3540233075618744 0.22698837518692017 
vt 0.3379725217819214 0.6321375370025635 
vt 0.3379725217819214 0.0020000000949949026 
vt 0.3379725217819214 0.22698837518692017 
vt 0.321921706199646 0.6321375370025635 
vt 0.321921706199646 0.0020000000949949026 
vt 0.321921706199646 0.22698837518692017 
vt 0.11022132635116577 0.7578734755516052 
vt 0.0962376743555069 0.757144570350647 
vt 0.11253166943788528 0.7515562772750854 
vt 0.1014663428068161 0.7430524230003357 
vt 0.022428296506404877 0.9897863864898682 
vt 0.031183280050754547 0.9620880484580994 
vt 0.05319233611226082 0.9901508688926697 
vt 0.045045338571071625 0.9622095227241516 
vt 0.9203005433082581 0.31008341908454895 
vt 0.9207869172096252 0.384067177772522 
vt 0.9059520959854126 0.31032639741897583 
vt 0.9071680903434753 0.38431015610694885 
vt 0.9189629554748535 0.5048222541809082 
vt 0.9120319485664368 0.5049437880516052 
vt 0.22148258984088898 0.8644149303436279 
vt 0.215281143784523 0.7430524230003357 
vt 0.23631742596626282 0.8646578788757324 
vt 0.24604517221450806 0.7435383200645447 
vt 0.901209831237793 0.01694253273308277 
vt 0.8978050947189331 0.13769762217998505 
vt 0.8873477578163147 0.015970660373568535 
vt 0.869229793548584 0.13648279011249542 
vt 0.868621826171875 0.21143841743469238 
vt 0.8975619077682495 0.21168138086795807 
vt 0.6167944073677063 0.2951408922672272 
vt 0.602810800075531 0.29416900873184204 
vt 0.61910480260849 0.2888237237930298 
vt 0.607917845249176 0.28031983971595764 
vt 0.9081408381462097 0.01694253273308277 
vt 0.9115455746650696 0.13769762217998505 
vt 0.901209831237793 0.01694253273308277 
vt 0.8978050947189331 0.13769762217998505 
vt 0.911910355091095 0.21168138086795807 
vt 0.8975619077682495 0.21168138086795807 
vt 0.7160176038742065 0.2938045561313629 
vt 0.7352299094200134 0.4132233262062073 
vt 0.7022771239280701 0.2950194180011749 
vt 0.7068977952003479 0.4146811366081238 
vt 0.707870602607727 0.48817896842956543 
vt 0.7368106842041016 0.48769304156303406 
vt 0.7398505806922913 0.7711151838302612 
vt 0.8719049096107483 0.8149709105491638 
vt 0.8640011548995972 0.9362119436264038 
vt 0.8410192728042603 0.8149709105491638 
vt 0.8492878675460815 0.936333417892456 
vt 0.8462479710578918 0.5879173278808594 
vt 0.8710537552833557 0.5721244215965271 
vt 0.8501390814781189 0.6015235185623169 
vt 0.8795655369758606 0.6018880009651184 
vt 0.8501390814781189 0.6015235185623169 
vt 0.8359122276306152 0.6014020442962646 
vt 0.8494095206260681 0.6753858327865601 
vt 0.8357906341552734 0.675264298915863 
vt 0.8452752232551575 0.7962623834609985 
vt 0.838344156742096 0.7961409091949463 
vt 0.8765256404876709 0.31093379855155945 
vt 0.8782280087471008 0.3858894407749176 
vt 0.9059520959854126 0.31032639741897583 
vt 0.9071680903434753 0.38431015610694885 
vt 0.9120319485664368 0.5049437880516052 
vt 0.8980482816696167 0.5061585903167725 
vt 0.9161662459373474 0.2965987026691437 
vt 0.9203005433082581 0.31008341908454895 
vt 0.9406072497367859 0.28031983971595764 
vt 0.949605405330658 0.31008341908454895 
vt 0.27243173122406006 0.6407628655433655 
vt 0.3012502193450928 0.640519917011261 
vt 0.2709725499153137 0.44979003071784973 
vt 0.29966944456100464 0.44954705238342285 
vt 0.6679867506027222 0.7719655632972717 
vt 0.6773497462272644 0.8014861941337585 
vt 0.6969268321990967 0.771601140499115 
vt 0.7011827230453491 0.784964382648468 
vt 0.045045338571071625 0.9622095227241516 
vt 0.031183280050754547 0.9620880484580994 
vt 0.05319233611226082 0.9901508688926697 
vt 0.022428296506404877 0.9897863864898682 
vt 0.40314850211143494 0.9629384279251099 
vt 0.4093499481678009 0.8415759205818176 
vt 0.4339125454425812 0.9625740051269531 
vt 0.42406317591667175 0.8413329720497131 
vt 0.6167944073677063 0.2951408922672272 
vt 0.61910480260849 0.2888237237930298 
vt 0.602810800075531 0.29416900873184204 
vt 0.607917845249176 0.28031983971595764 
vt 0.07641736418008804 0.771601140499115 
vt 0.04735568165779114 0.7712367177009583 
vt 0.07422861456871033 0.9625740051269531 
vt 0.045045338571071625 0.9622095227241516 
vt 0.8064857721328735 0.6015235185623169 
vt 0.8067289590835571 0.6763576865196228 
vt 0.8359122276306152 0.6014020442962646 
vt 0.8357906341552734 0.675264298915863 
vt 0.838344156742096 0.7961409091949463 
vt 0.8243604898452759 0.797112762928009 
vt 0.8795655369758606 0.6018880009651184 
vt 0.8710537552833557 0.5721244215965271 
vt 0.8501390814781189 0.6015235185623169 
vt 0.8462479710578918 0.5879173278808594 
vt 0.8501390814781189 0.6015235185623169 
vt 0.8494095206260681 0.6753858327865601 
vt 0.8795655369758606 0.6018880009651184 
vt 0.8783496022224426 0.6768436431884766 
vt 0.8593804240226746 0.7973557710647583 
vt 0.8452752232551575 0.7962623834609985 
vt 0.8452752232551575 0.7962623834609985 
vt 0.8427216410636902 0.8024580478668213 
vt 0.8593804240226746 0.7973557710647583 
vt 0.8539085984230042 0.8113263845443726 
vt 0.130892813205719 0.756537139415741 
vt 0.15095631778240204 0.8768062591552734 
vt 0.11715235561132431 0.7577519416809082 
vt 0.12238103151321411 0.8785070776939392 
vt 0.12396179139614105 0.9524908065795898 
vt 0.15290187299251556 0.9516404271125793 
vt 0.9189629554748535 0.5048222541809082 
vt 0.9330682158470154 0.5057941675186157 
vt 0.9207869172096252 0.384067177772522 
vt 0.9498485922813416 0.38491755723953247 
vt 0.949605405330658 0.31008341908454895 
vt 0.8124440312385559 0.936333417892456 
vt 0.8272788524627686 0.9365764260292053 
vt 0.8064857721328735 0.8149709105491638 
vt 0.8373714089393616 0.8154568672180176 
vt 0.5071139335632324 0.9626954793930054 
vt 0.5218271613121033 0.9626954793930054 
vt 0.4993317425251007 0.8414544463157654 
vt 0.5300957560539246 0.8414544463157654 
vt 0.6374658942222595 0.2938045561313629 
vt 0.623603880405426 0.2950194180011749 
vt 0.656799852848053 0.4132233262062073 
vt 0.6281029582023621 0.4148026406764984 
vt 0.6290757060050964 0.48817896842956543 
vt 0.6582590341567993 0.48769304156303406 
vt 0.6611773371696472 0.7712367177009583 
vt 0.6167944073677063 0.2951408922672272 
vt 0.602810800075531 0.29416900873184204 
vt 0.6146056652069092 0.41492411494255066 
vt 0.5857871770858765 0.4139522314071655 
vt 0.5857871770858765 0.4884219467639923 
vt 0.6149705052375793 0.4883004426956177 
vt 0.6178888082504272 0.7717226147651672 
vt 0.8539085984230042 0.8113263845443726 
vt 0.8427216410636902 0.8024580478668213 
vt 0.8593804240226746 0.7973557710647583 
vt 0.8452752232551575 0.7962623834609985 
vt 0.9513077735900879 0.9799461960792542 
vt 0.9660210013389587 0.9797032475471497 
vt 0.9418231844902039 0.8587051630020142 
vt 0.9725872278213501 0.8583407402038574 
vt 0.8374930024147034 0.5220730304718018 
vt 0.862420380115509 0.4750587046146393 
vt 0.826549232006073 0.49753323197364807 
vt 0.837128221988678 0.4791891574859619 
vt 0.2503010630607605 0.6684612035751343 
vt 0.28106510639190674 0.6682182550430298 
vt 0.25844806432724 0.6408843398094177 
vt 0.27243173122406006 0.6407628655433655 
vt 0.11022132635116577 0.7578734755516052 
vt 0.10876216739416122 0.8786285519599915 
vt 0.0962376743555069 0.757144570350647 
vt 0.0801868736743927 0.8778996467590332 
vt 0.08067326247692108 0.9528552889823914 
vt 0.1096133440732956 0.9527337551116943 
vt 0.8501390814781189 0.6015235185623169 
vt 0.8795655369758606 0.6018880009651184 
vt 0.8494095206260681 0.6753858327865601 
vt 0.8783496022224426 0.6768436431884766 
vt 0.8593804240226746 0.7973557710647583 
vt 0.7109104990959167 0.7714796662330627 
vt 0.7398505806922913 0.7711151838302612 
vt 0.707870602607727 0.48817896842956543 
vt 0.7368106842041016 0.48769304156303406 
vt 0.7352299094200134 0.4132233262062073 
vt 0.7068977952003479 0.4146811366081238 
vt 0.7022771239280701 0.2950194180011749 
vt 0.8373714089393616 0.8154568672180176 
vt 0.8272788524627686 0.9365764260292053 
vt 0.8064857721328735 0.8149709105491638 
vt 0.8124440312385559 0.936333417892456 
vt 0.9408504366874695 0.21143841743469238 
vt 0.9401208758354187 0.13648279011249542 
vt 0.911910355091095 0.21168138086795807 
vt 0.9115455746650696 0.13769762217998505 
vt 0.9081408381462097 0.01694253273308277 
vt 0.9218813180923462 0.015970660373568535 
vt 0.868621826171875 0.21143841743469238 
vt 0.8773767948150635 0.24132348597049713 
vt 0.8975619077682495 0.21168138086795807 
vt 0.9015746116638184 0.22516611218452454 
vt 0.7011827230453491 0.784964382648468 
vt 0.6773497462272644 0.8014861941337585 
vt 0.6969268321990967 0.771601140499115 
vt 0.6679867506027222 0.7719655632972717 
vt 0.8957379460334778 0.5851231813430786 
vt 0.9117887616157532 0.5721244215965271 
vt 0.8936707973480225 0.7731804251670837 
vt 0.9097216129302979 0.7601816654205322 
vt 0.35815760493278503 0.896851122379303 
vt 0.35292893648147583 0.902074933052063 
vt 0.36557501554489136 0.896851122379303 
vt 0.37080371379852295 0.9094854593276978 
vt 0.37080371379852295 0.902074933052063 
vt 0.35815760493278503 0.9147092700004578 
vt 0.35292893648147583 0.9094854593276978 
vt 0.25698891282081604 0.44979003071784973 
vt 0.2709725499153137 0.44979003071784973 
vt 0.24835552275180817 0.4223346412181854 
vt 0.2791195511817932 0.42209166288375854 
vt 0.6220231056213379 0.7850858569145203 
vt 0.597825288772583 0.8014861941337585 
vt 0.6178888082504272 0.7717226147651672 
vt 0.5885839462280273 0.7719655632972717 
vt 0.9725872278213501 0.5721244215965271 
vt 0.9418231844902039 0.5726103186607361 
vt 0.9776943325996399 0.8540887832641602 
vt 0.9468086957931519 0.8546962141990662 
vt 0.9380537271499634 0.5856091380119324 
vt 0.9359865784645081 0.7736663818359375 
vt 0.9223676919937134 0.5721244215965271 
vt 0.9201789498329163 0.7603031396865845 
vt 0.6954677104949951 0.2950194180011749 
vt 0.697778046131134 0.28870224952697754 
vt 0.6816056370735168 0.29416900873184204 
vt 0.6868342757225037 0.28031983971595764 
vt 0.9117887616157532 0.5721244215965271 
vt 0.9223676919937134 0.5721244215965271 
vt 0.9097216129302979 0.7601816654205322 
vt 0.9201789498329163 0.7603031396865845 
vt 0.15290187299251556 0.9516404271125793 
vt 0.15095631778240204 0.8768062591552734 
vt 0.12396179139614105 0.9524908065795898 
vt 0.12238103151321411 0.8785070776939392 
vt 0.11715235561132431 0.7577519416809082 
vt 0.130892813205719 0.756537139415741 
vt 0.18293634057044983 0.9447158575057983 
vt 0.18500348925590515 0.756537139415741 
vt 0.17247898876667023 0.9445943832397461 
vt 0.17454613745212555 0.7564156651496887 
vt 0.11386924237012863 0.9660969972610474 
vt 0.1096133440732956 0.9527337551116943 
vt 0.08991462737321854 0.9824973344802856 
vt 0.08067326247692108 0.9528552889823914 
vt 0.8852806091308594 0.5850017070770264 
vt 0.8957379460334778 0.5851231813430786 
vt 0.883213460445404 0.7730589509010315 
vt 0.8936707973480225 0.7731804251670837 
vt 0.1096133440732956 0.9527337551116943 
vt 0.10876216739416122 0.8786285519599915 
vt 0.08067326247692108 0.9528552889823914 
vt 0.0801868736743927 0.8778996467590332 
vt 0.0962376743555069 0.757144570350647 
vt 0.11022132635116577 0.7578734755516052 
vt 0.11022132635116577 0.7578734755516052 
vt 0.11253166943788528 0.7515562772750854 
vt 0.0962376743555069 0.757144570350647 
vt 0.1014663428068161 0.7430524230003357 
vt 0.9875437021255493 0.0021214839071035385 
vt 0.9869356751441956 0.19030019640922546 
vt 0.9980010390281677 0.0021214839071035385 
vt 0.9973930716514587 0.19030019640922546 
vt 0.24604517221450806 0.7435383200645447 
vt 0.215281143784523 0.7430524230003357 
vt 0.23631742596626282 0.8646578788757324 
vt 0.22148258984088898 0.8644149303436279 
vt 0.9261372089385986 0.7775538563728333 
vt 0.9255292415618896 0.9656111001968384 
vt 0.936594545841217 0.7775538563728333 
vt 0.9359865784645081 0.9657325744628906 
vt 0.910207986831665 0.7906741499900818 
vt 0.9261372089385986 0.7775538563728333 
vt 0.909600019454956 0.9788528680801392 
vt 0.9255292415618896 0.9656111001968384 
vt 0.8996290564537048 0.7906741499900818 
vt 0.8990210890769958 0.9787313342094421 
vt 0.883821427822113 0.777432382106781 
vt 0.883213460445404 0.9654896259307861 
vt 0.9081408381462097 0.01694253273308277 
vt 0.901209831237793 0.01694253273308277 
vt 0.9115455746650696 0.13769762217998505 
vt 0.8978050947189331 0.13769762217998505 
vt 0.911910355091095 0.21168138086795807 
vt 0.8975619077682495 0.21168138086795807 
vt 0.901209831237793 0.01694253273308277 
vt 0.8873477578163147 0.015970660373568535 
vt 0.8978050947189331 0.13769762217998505 
vt 0.869229793548584 0.13648279011249542 
vt 0.868621826171875 0.21143841743469238 
vt 0.9201789498329163 0.7603031396865845 
vt 0.9359865784645081 0.7736663818359375 
vt 0.9223676919937134 0.5721244215965271 
vt 0.9380537271499634 0.5856091380119324 
vt 0.8719049096107483 0.8149709105491638 
vt 0.8410192728042603 0.8149709105491638 
vt 0.8640011548995972 0.9362119436264038 
vt 0.8492878675460815 0.936333417892456 
vt 0.9359865784645081 0.9657325744628906 
vt 0.9255292415618896 0.9656111001968384 
vt 0.936594545841217 0.7775538563728333 
vt 0.9261372089385986 0.7775538563728333 
vt 0.7022771239280701 0.2950194180011749 
vt 0.6954677104949951 0.2950194180011749 
vt 0.7068977952003479 0.4146811366081238 
vt 0.693278968334198 0.41492411494255066 
vt 0.707870602607727 0.48817896842956543 
vt 0.693886935710907 0.4883004426956177 
vt 0.7109104990959167 0.7714796662330627 
vt 0.6969268321990967 0.771601140499115 
vt 0.6954677104949951 0.2950194180011749 
vt 0.6816056370735168 0.29416900873184204 
vt 0.693278968334198 0.41492411494255066 
vt 0.6649468541145325 0.4139522314071655 
vt 0.6649468541145325 0.4884219467639923 
vt 0.693886935710907 0.4883004426956177 
vt 0.6969268321990967 0.771601140499115 
vt 0.9869356751441956 0.19030019640922546 
vt 0.9710065126419067 0.2034204751253128 
vt 0.9875437021255493 0.0021214839071035385 
vt 0.9714928865432739 0.015241756103932858 
vt 0.40314850211143494 0.9629384279251099 
vt 0.4339125454425812 0.9625740051269531 
vt 0.4093499481678009 0.8415759205818176 
vt 0.42406317591667175 0.8413329720497131 
vt 0.909600019454956 0.9788528680801392 
vt 0.8990210890769958 0.9787313342094421 
vt 0.910207986831665 0.7906741499900818 
vt 0.8996290564537048 0.7906741499900818 
vt 0.9446199536323547 0.19017872214317322 
vt 0.9452279210090637 0.0020000000949949026 
vt 0.9604275822639465 0.2034204751253128 
vt 0.9610355496406555 0.015241756103932858 
vt 0.11715235561132431 0.7577519416809082 
vt 0.11022132635116577 0.7578734755516052 
vt 0.12238103151321411 0.8785070776939392 
vt 0.10876216739416122 0.8786285519599915 
vt 0.12396179139614105 0.9524908065795898 
vt 0.1096133440732956 0.9527337551116943 
vt 0.9710065126419067 0.2034204751253128 
vt 0.9604275822639465 0.2034204751253128 
vt 0.9714928865432739 0.015241756103932858 
vt 0.9610355496406555 0.015241756103932858 
vt 0.8980482816696167 0.5061585903167725 
vt 0.8782280087471008 0.3858894407749176 
vt 0.9120319485664368 0.5049437880516052 
vt 0.9071680903434753 0.38431015610694885 
vt 0.9059520959854126 0.31032639741897583 
vt 0.8765256404876709 0.31093379855155945 
vt 0.9973930716514587 0.19030019640922546 
vt 0.9869356751441956 0.19030019640922546 
vt 0.9980010390281677 0.0021214839071035385 
vt 0.9875437021255493 0.0021214839071035385 
vt 0.19898714125156403 0.931717038154602 
vt 0.18293634057044983 0.9447158575057983 
vt 0.20105428993701935 0.7435383200645447 
vt 0.18500348925590515 0.756537139415741 
vt 0.49896693229675293 0.7408657073974609 
vt 0.4866856336593628 0.7511918544769287 
vt 0.5003045201301575 0.7249512672424316 
vt 0.47403955459594727 0.7112236022949219 
vt 0.48996874690055847 0.7126814126968384 
vt 0.460420697927475 0.7375856041908264 
vt 0.46175825595855713 0.7215497493743896 
vt 0.15667138993740082 0.9312311410903931 
vt 0.15873853862285614 0.7430524230003357 
vt 0.17247898876667023 0.9445943832397461 
vt 0.17454613745212555 0.7564156651496887 
vt 0.7695202827453613 0.9040187001228333 
vt 0.7695202827453613 0.9602658152580261 
vt 0.7773024439811707 0.9040187001228333 
vt 0.7773024439811707 0.9602658152580261 
vt 0.20944447815418243 0.9318385124206543 
vt 0.19898714125156403 0.931717038154602 
vt 0.21151162683963776 0.7436597943305969 
vt 0.20105428993701935 0.7435383200645447 
vt 0.5300957560539246 0.8414544463157654 
vt 0.5218271613121033 0.9626954793930054 
vt 0.4993317425251007 0.8414544463157654 
vt 0.5071139335632324 0.9626954793930054 
vt 0.18293634057044983 0.9447158575057983 
vt 0.17247898876667023 0.9445943832397461 
vt 0.18500348925590515 0.756537139415741 
vt 0.17454613745212555 0.7564156651496887 
vt 0.46175825595855713 0.7215497493743896 
vt 0.460420697927475 0.7375856041908264 
vt 0.47403955459594727 0.7112236022949219 
vt 0.4866856336593628 0.7511918544769287 
vt 0.5003045201301575 0.7249512672424316 
vt 0.49896693229675293 0.7408657073974609 
vt 0.7855710387229919 0.2013552486896515 
vt 0.7798560261726379 0.20791538059711456 
vt 0.7940828800201416 0.20159821212291718 
vt 0.7865438461303711 0.22261494398117065 
vt 0.800649106502533 0.21629777550697327 
vt 0.7949340343475342 0.22285790741443634 
vt 0.6374658942222595 0.2938045561313629 
vt 0.656799852848053 0.4132233262062073 
vt 0.623603880405426 0.2950194180011749 
vt 0.6281029582023621 0.4148026406764984 
vt 0.6290757060050964 0.48817896842956543 
vt 0.6582590341567993 0.48769304156303406 
vt 0.6611773371696472 0.7712367177009583 
vt 0.45385444164276123 0.6322590112686157 
vt 0.4699052572250366 0.6322590112686157 
vt 0.45385444164276123 0.0020000000949949026 
vt 0.4699052572250366 0.0020000000949949026 
vt 0.485956072807312 0.6322590112686157 
vt 0.485956072807312 0.0020000000949949026 
vt 0.5018852949142456 0.6322590112686157 
vt 0.5018852949142456 0.0020000000949949026 
vt 0.5179360508918762 0.6322590112686157 
vt 0.5179360508918762 0.0020000000949949026 
vt 0.5339868664741516 0.6322590112686157 
vt 0.5339868664741516 0.0020000000949949026 
vt 0.550037682056427 0.6322590112686157 
vt 0.550037682056427 0.0020000000949949026 
vt 0.5660884976387024 0.6322590112686157 
vt 0.5660884976387024 0.0020000000949949026 
vt 0.5821393132209778 0.6322590112686157 
vt 0.5821393132209778 0.0020000000949949026 
vt 0.7949340343475342 0.22285790741443634 
vt 0.7865438461303711 0.22261494398117065 
vt 0.800649106502533 0.21629777550697327 
vt 0.7940828800201416 0.20159821212291718 
vt 0.8002843260765076 0.20767241716384888 
vt 0.7798560261726379 0.20791538059711456 
vt 0.7855710387229919 0.2013552486896515 
vt 0.8028378486633301 0.5721244215965271 
vt 0.8028378486633301 0.900374174118042 
vt 0.7954204082489014 0.5721244215965271 
vt 0.7954204082489014 0.900374174118042 
vt 0.7880030274391174 0.5721244215965271 
vt 0.7880030274391174 0.900374174118042 
vt 0.7805855870246887 0.5721244215965271 
vt 0.7805855870246887 0.900374174118042 
vt 0.77316814661026 0.5721244215965271 
vt 0.77316814661026 0.900374174118042 
vt 0.7657507658004761 0.5721244215965271 
vt 0.7657507658004761 0.900374174118042 
vt 0.7583333253860474 0.5721244215965271 
vt 0.7583333253860474 0.900374174118042 
vt 0.7509159445762634 0.5721244215965271 
vt 0.7509159445762634 0.900374174118042 
vt 0.7434985041618347 0.5721244215965271 
vt 0.7434985041618347 0.900374174118042 
vt 0.5876111388206482 0.9873567223548889 
vt 0.6433025598526001 0.9867492914199829 
vt 0.5857871770858765 0.8105974793434143 
vt 0.6419650316238403 0.8617422580718994 
vt 0.5951501727104187 0.805252194404602 
vt 0.5857871770858765 0.8105974793434143 
vt 0.6486528515815735 0.8545747399330139 
vt 0.6419650316238403 0.8617422580718994 
vt 0.9061952829360962 0.5248671174049377 
vt 0.8902660608291626 0.5234093070030212 
vt 0.9165310263633728 0.5371370315551758 
vt 0.8765256404876709 0.5497713685035706 
vt 0.9029121994972229 0.5633775591850281 
vt 0.8868613839149475 0.5620412230491638 
vt 0.24349163472652435 0.7018693089485168 
vt 0.24957148730754852 0.7079434990882874 
vt 0.24300526082515717 0.6931224465370178 
vt 0.25723209977149963 0.6868053078651428 
vt 0.24872031807899475 0.6865623593330383 
vt 0.263798326253891 0.7016263604164124 
vt 0.2580832839012146 0.7081865072250366 
vt 0.35815760493278503 0.896851122379303 
vt 0.36557501554489136 0.896851122379303 
vt 0.35292893648147583 0.902074933052063 
vt 0.37080371379852295 0.9094854593276978 
vt 0.35815760493278503 0.9147092700004578 
vt 0.36557501554489136 0.9147092700004578 
vt 0.7816799879074097 0.44808924198150635 
vt 0.7866654396057129 0.4263436198234558 
vt 0.7687906622886658 0.46424663066864014 
vt 0.7450792789459229 0.47615206241607666 
vt 0.7673315405845642 0.3881976306438446 
vt 0.7434985041618347 0.37702110409736633 
vt 0.7673315405845642 0.3881976306438446 
vt 0.7866654396057129 0.4263436198234558 
vt 0.7687906622886658 0.46424663066864014 
vt 0.45385444164276123 0.6322590112686157 
vt 0.45385444164276123 0.0020000000949949026 
vt 0.4699052572250366 0.6322590112686157 
vt 0.4699052572250366 0.0020000000949949026 
vt 0.485956072807312 0.6322590112686157 
vt 0.485956072807312 0.0020000000949949026 
vt 0.5018852949142456 0.6322590112686157 
vt 0.5018852949142456 0.0020000000949949026 
vt 0.5179360508918762 0.6322590112686157 
vt 0.5179360508918762 0.0020000000949949026 
vt 0.5339868664741516 0.6322590112686157 
vt 0.5339868664741516 0.0020000000949949026 
vt 0.550037682056427 0.6322590112686157 
vt 0.550037682056427 0.0020000000949949026 
vt 0.5660884976387024 0.6322590112686157 
vt 0.5660884976387024 0.0020000000949949026 
vt 0.5821393132209778 0.6322590112686157 
vt 0.5821393132209778 0.0020000000949949026 
vt 0.38442257046699524 0.8691527843475342 
vt 0.39183998107910156 0.8691527843475342 
vt 0.37919390201568604 0.8743765950202942 
vt 0.38442257046699524 0.887010931968689 
vt 0.37919390201568604 0.881787121295929 
vt 0.39706864953041077 0.881787121295929 
vt 0.39706864953041077 0.8743765950202942 
vt 0.623603880405426 0.2950194180011749 
vt 0.6281029582023621 0.4148026406764984 
vt 0.6167944073677063 0.2951408922672272 
vt 0.6146056652069092 0.41492411494255066 
vt 0.6290757060050964 0.48817896842956543 
vt 0.6149705052375793 0.4883004426956177 
vt 0.6318724751472473 0.7714796662330627 
vt 0.6178888082504272 0.7717226147651672 
vt 0.6433025598526001 0.9867492914199829 
vt 0.5876111388206482 0.9873567223548889 
vt 0.6434241533279419 0.9965894818305969 
vt 0.592231810092926 0.9970754384994507 
vt 0.7160176038742065 0.8051307201385498 
vt 0.6649468541145325 0.8568829298019409 
vt 0.7161391973495483 0.9818899631500244 
vt 0.6649468541145325 0.9820114374160767 
vt 0.9725872278213501 0.8583407402038574 
vt 0.9660210013389587 0.9797032475471497 
vt 0.9418231844902039 0.8587051630020142 
vt 0.9513077735900879 0.9799461960792542 
vt 0.9468086957931519 0.8546962141990662 
vt 0.9418231844902039 0.5726103186607361 
vt 0.9776943325996399 0.8540887832641602 
vt 0.9725872278213501 0.5721244215965271 
vt 0.6167944073677063 0.2951408922672272 
vt 0.6146056652069092 0.41492411494255066 
vt 0.602810800075531 0.29416900873184204 
vt 0.5857871770858765 0.4139522314071655 
vt 0.5857871770858765 0.4884219467639923 
vt 0.6149705052375793 0.4883004426956177 
vt 0.6178888082504272 0.7717226147651672 
vt 0.9610355496406555 0.015241756103932858 
vt 0.9452279210090637 0.0020000000949949026 
vt 0.9604275822639465 0.2034204751253128 
vt 0.9446199536323547 0.19017872214317322 
vt 0.6969268321990967 0.771601140499115 
vt 0.693886935710907 0.4883004426956177 
vt 0.7109104990959167 0.7714796662330627 
vt 0.707870602607727 0.48817896842956543 
vt 0.693278968334198 0.41492411494255066 
vt 0.7068977952003479 0.4146811366081238 
vt 0.6954677104949951 0.2950194180011749 
vt 0.7022771239280701 0.2950194180011749 
vt 0.9589684009552002 0.5628916025161743 
vt 0.953496515750885 0.28092727065086365 
vt 0.9898540377616882 0.5624057054519653 
vt 0.984382152557373 0.28031983971595764 
vt 0.8041754364967346 0.4953465163707733 
vt 0.8141463398933411 0.5201292634010315 
vt 0.7706146240234375 0.5202507376670837 
vt 0.7824095487594604 0.5485565066337585 
vt 0.8141463398933411 0.5201292634010315 
vt 0.8588940501213074 0.37301212549209595 
vt 0.8336018919944763 0.36900317668914795 
vt 0.8345746397972107 0.32539039850234985 
vt 0.8233877420425415 0.35053759813308716 
vt 0.8868613839149475 0.5620412230491638 
vt 0.8765256404876709 0.5497713685035706 
vt 0.9029121994972229 0.5633775591850281 
vt 0.9165310263633728 0.5371370315551758 
vt 0.915193498134613 0.5530514121055603 
vt 0.8902660608291626 0.5234093070030212 
vt 0.9061952829360962 0.5248671174049377 
vt 0.8470991253852844 0.4595087468624115 
vt 0.8229013681411743 0.4629102945327759 
vt 0.8533005714416504 0.4242783784866333 
vt 0.8283731937408447 0.4247643053531647 
vt 0.8456400036811829 0.38977691531181335 
vt 0.821442186832428 0.3867398202419281 
vt 0.8374930024147034 0.5220730304718018 
vt 0.826549232006073 0.49753323197364807 
vt 0.862420380115509 0.4750587046146393 
vt 0.837128221988678 0.4791891574859619 
vt 0.8141463398933411 0.5201292634010315 
vt 0.8374930024147034 0.5220730304718018 
vt 0.7824095487594604 0.5485565066337585 
vt 0.7979739904403687 0.5683584213256836 
vt 0.8374930024147034 0.5220730304718018 
vt 0.8106200695037842 0.3298853039741516 
vt 0.8345746397972107 0.32539039850234985 
vt 0.8012570738792419 0.3552754819393158 
vt 0.8233877420425415 0.35053759813308716 
vt 0.821442186832428 0.3867398202419281 
vt 0.8336018919944763 0.36900317668914795 
vt 0.8456400036811829 0.38977691531181335 
vt 0.8588940501213074 0.37301212549209595 
vt 0.7807071805000305 0.40447649359703064 
vt 0.7673315405845642 0.3881976306438446 
vt 0.767453134059906 0.33146461844444275 
vt 0.7434985041618347 0.37702110409736633 
vt 0.7673315405845642 0.3881976306438446 
vt 0.8012570738792419 0.3552754819393158 
vt 0.7807071805000305 0.40447649359703064 
vt 0.821442186832428 0.3867398202419281 
vt 0.7866654396057129 0.4263436198234558 
vt 0.8283731937408447 0.4247643053531647 
vt 0.7816799879074097 0.44808924198150635 
vt 0.8229013681411743 0.4629102945327759 
vt 0.7687906622886658 0.46424663066864014 
vt 0.8041754364967346 0.4953465163707733 
vt 0.7450792789459229 0.47615206241607666 
vt 0.7706146240234375 0.5202507376670837 
vt 0.8041754364967346 0.4953465163707733 
vt 0.7687906622886658 0.46424663066864014 
vt 0.8229013681411743 0.4629102945327759 
vt 0.837128221988678 0.4791891574859619 
vt 0.862420380115509 0.4750587046146393 
vt 0.826549232006073 0.49753323197364807 
vt 0.8141463398933411 0.5201292634010315 
vt 0.7866654396057129 0.4263436198234558 
vt 0.8283731937408447 0.4247643053531647 
vt 0.7816799879074097 0.44808924198150635 
vt 0.838344156742096 0.7961409091949463 
vt 0.8357906341552734 0.675264298915863 
vt 0.8452752232551575 0.7962623834609985 
vt 0.8494095206260681 0.6753858327865601 
vt 0.8359122276306152 0.6014020442962646 
vt 0.8501390814781189 0.6015235185623169 
vt 0.2580832839012146 0.7081865072250366 
vt 0.24957148730754852 0.7079434990882874 
vt 0.263798326253891 0.7016263604164124 
vt 0.25723209977149963 0.6868053078651428 
vt 0.2633119523525238 0.6928794980049133 
vt 0.24300526082515717 0.6931224465370178 
vt 0.24872031807899475 0.6865623593330383 
vt 0.862420380115509 0.4750587046146393 
vt 0.8470991253852844 0.4595087468624115 
vt 0.8728777170181274 0.4234279990196228 
vt 0.8533005714416504 0.4242783784866333 
vt 0.8588940501213074 0.37301212549209595 
vt 0.8456400036811829 0.38977691531181335 
vt 0.8957379460334778 0.5851231813430786 
vt 0.8936707973480225 0.7731804251670837 
vt 0.9117887616157532 0.5721244215965271 
vt 0.9097216129302979 0.7601816654205322 
vt 0.9117887616157532 0.5721244215965271 
vt 0.9097216129302979 0.7601816654205322 
vt 0.9223676919937134 0.5721244215965271 
vt 0.9201789498329163 0.7603031396865845 
vt 0.8852806091308594 0.5850017070770264 
vt 0.883213460445404 0.7730589509010315 
vt 0.8957379460334778 0.5851231813430786 
vt 0.8936707973480225 0.7731804251670837 
vt 0.910207986831665 0.7906741499900818 
vt 0.909600019454956 0.9788528680801392 
vt 0.9261372089385986 0.7775538563728333 
vt 0.9255292415618896 0.9656111001968384 
vt 0.883213460445404 0.9654896259307861 
vt 0.8990210890769958 0.9787313342094421 
vt 0.883821427822113 0.777432382106781 
vt 0.8996290564537048 0.7906741499900818 
vt 0.909600019454956 0.9788528680801392 
vt 0.910207986831665 0.7906741499900818 
vt 0.8990210890769958 0.9787313342094421 
vt 0.8996290564537048 0.7906741499900818 
vt 0.6679867506027222 0.7719655632972717 
vt 0.6649468541145325 0.4884219467639923 
vt 0.6969268321990967 0.771601140499115 
vt 0.693886935710907 0.4883004426956177 
vt 0.693278968334198 0.41492411494255066 
vt 0.6649468541145325 0.4139522314071655 
vt 0.6816056370735168 0.29416900873184204 
vt 0.9869356751441956 0.19030019640922546 
vt 0.9875437021255493 0.0021214839071035385 
vt 0.9710065126419067 0.2034204751253128 
vt 0.9714928865432739 0.015241756103932858 
vt 0.9710065126419067 0.2034204751253128 
vt 0.9714928865432739 0.015241756103932858 
vt 0.9604275822639465 0.2034204751253128 
vt 0.9610355496406555 0.015241756103932858 
vt 0.8064857721328735 0.6015235185623169 
vt 0.8359122276306152 0.6014020442962646 
vt 0.8067289590835571 0.6763576865196228 
vt 0.8357906341552734 0.675264298915863 
vt 0.838344156742096 0.7961409091949463 
vt 0.04735568165779114 0.7712367177009583 
vt 0.045045338571071625 0.9622095227241516 
vt 0.033372025936841965 0.7711151838302612 
vt 0.031183280050754547 0.9620880484580994 
vt 0.17454613745212555 0.7564156651496887 
vt 0.15873853862285614 0.7430524230003357 
vt 0.17247898876667023 0.9445943832397461 
vt 0.15667138993740082 0.9312311410903931 
vt 0.19898714125156403 0.931717038154602 
vt 0.20105428993701935 0.7435383200645447 
vt 0.18293634057044983 0.9447158575057983 
vt 0.18500348925590515 0.756537139415741 
vt 0.20944447815418243 0.9318385124206543 
vt 0.21151162683963776 0.7436597943305969 
vt 0.19898714125156403 0.931717038154602 
vt 0.20105428993701935 0.7435383200645447 
vt 0.7434985041618347 0.900374174118042 
vt 0.7509159445762634 0.900374174118042 
vt 0.7434985041618347 0.5721244215965271 
vt 0.7509159445762634 0.5721244215965271 
vt 0.7583333253860474 0.900374174118042 
vt 0.7583333253860474 0.5721244215965271 
vt 0.7657507658004761 0.900374174118042 
vt 0.7657507658004761 0.5721244215965271 
vt 0.77316814661026 0.900374174118042 
vt 0.77316814661026 0.5721244215965271 
vt 0.7805855870246887 0.900374174118042 
vt 0.7805855870246887 0.5721244215965271 
vt 0.7880030274391174 0.900374174118042 
vt 0.7880030274391174 0.5721244215965271 
vt 0.7954204082489014 0.900374174118042 
vt 0.7954204082489014 0.5721244215965271 
vt 0.8028378486633301 0.900374174118042 
vt 0.8028378486633301 0.5721244215965271 
vt 0.07641736418008804 0.771601140499115 
vt 0.07422861456871033 0.9625740051269531 
vt 0.04735568165779114 0.7712367177009583 
vt 0.045045338571071625 0.9622095227241516 
vt 0.033372025936841965 0.7711151838302612 
vt 0.031183280050754547 0.9620880484580994 
vt 0.004188746213912964 0.7707507610321045 
vt 0.0020000000949949026 0.9617236256599426 
vt 0.1096133440732956 0.9527337551116943 
vt 0.10876216739416122 0.8786285519599915 
vt 0.12396179139614105 0.9524908065795898 
vt 0.12238103151321411 0.8785070776939392 
vt 0.11022132635116577 0.7578734755516052 
vt 0.11715235561132431 0.7577519416809082 
vt 0.868621826171875 0.21143841743469238 
vt 0.8975619077682495 0.21168138086795807 
vt 0.8773767948150635 0.24132348597049713 
vt 0.9015746116638184 0.22516611218452454 
vt 0.25844806432724 0.6408843398094177 
vt 0.25698891282081604 0.44979003071784973 
vt 0.27243173122406006 0.6407628655433655 
vt 0.2709725499153137 0.44979003071784973 
vt 0.7512807250022888 0.9602658152580261 
vt 0.7512807250022888 0.9040187001228333 
vt 0.7434985041618347 0.9602658152580261 
vt 0.7434985041618347 0.9040187001228333 
vt 0.7695202827453613 0.9602658152580261 
vt 0.7695202827453613 0.9040187001228333 
vt 0.7512807250022888 0.9602658152580261 
vt 0.7512807250022888 0.9040187001228333 
vt 0.22975118458271027 0.64100581407547 
vt 0.22817042469978333 0.4500329792499542 
vt 0.25844806432724 0.6408843398094177 
vt 0.25698891282081604 0.44979003071784973 
vt 0.7434985041618347 0.9040187001228333 
vt 0.7512807250022888 0.9040187001228333 
vt 0.7434985041618347 0.9602658152580261 
vt 0.7512807250022888 0.9602658152580261 
vt 0.7512807250022888 0.9040187001228333 
vt 0.7695202827453613 0.9040187001228333 
vt 0.7512807250022888 0.9602658152580261 
vt 0.7695202827453613 0.9602658152580261 
vt 0.7695202827453613 0.9040187001228333 
vt 0.7773024439811707 0.9040187001228333 
vt 0.7695202827453613 0.9602658152580261 
vt 0.7773024439811707 0.9602658152580261 
vt 0.9589684009552002 0.5628916025161743 
vt 0.9898540377616882 0.5624057054519653 
vt 0.953496515750885 0.28092727065086365 
vt 0.984382152557373 0.28031983971595764 
vt 0.901209831237793 0.01694253273308277 
vt 0.9036417603492737 0.010625364258885384 
vt 0.8873477578163147 0.015970660373568535 
vt 0.8926980495452881 0.0020000000949949026 
vt 0.39183998107910156 0.887010931968689 
vt 0.39706864953041077 0.881787121295929 
vt 0.38442257046699524 0.887010931968689 
vt 0.39183998107910156 0.8691527843475342 
vt 0.37919390201568604 0.8743765950202942 
vt 0.38442257046699524 0.8691527843475342 
vt 0.04735568165779114 0.7712367177009583 
vt 0.033372025936841965 0.7711151838302612 
vt 0.045045338571071625 0.9622095227241516 
vt 0.031183280050754547 0.9620880484580994 
vt 0.6178888082504272 0.7717226147651672 
vt 0.6318724751472473 0.7714796662330627 
vt 0.6149705052375793 0.4883004426956177 
vt 0.6290757060050964 0.48817896842956543 
vt 0.6146056652069092 0.41492411494255066 
vt 0.6281029582023621 0.4148026406764984 
vt 0.6167944073677063 0.2951408922672272 
vt 0.623603880405426 0.2950194180011749 
vt 0.862420380115509 0.4750587046146393 
vt 0.8728777170181274 0.4234279990196228 
vt 0.8470991253852844 0.4595087468624115 
vt 0.8533005714416504 0.4242783784866333 
vt 0.8588940501213074 0.37301212549209595 
vt 0.8456400036811829 0.38977691531181335 
vt 0.6220231056213379 0.7850858569145203 
vt 0.6178888082504272 0.7717226147651672 
vt 0.597825288772583 0.8014861941337585 
vt 0.5885839462280273 0.7719655632972717 
vt 0.8470991253852844 0.4595087468624115 
vt 0.862420380115509 0.4750587046146393 
vt 0.837128221988678 0.4791891574859619 
vt 0.826549232006073 0.49753323197364807 
vt 0.8141463398933411 0.5201292634010315 
vt 0.8374930024147034 0.5220730304718018 
vt 0.821442186832428 0.3867398202419281 
vt 0.8283731937408447 0.4247643053531647 
vt 0.8456400036811829 0.38977691531181335 
vt 0.8533005714416504 0.4242783784866333 
vt 0.8229013681411743 0.4629102945327759 
vt 0.8470991253852844 0.4595087468624115 
vt 0.27243173122406006 0.6407628655433655 
vt 0.28106510639190674 0.6682182550430298 
vt 0.25844806432724 0.6408843398094177 
vt 0.2503010630607605 0.6684612035751343 
vt 0.8588940501213074 0.37301212549209595 
vt 0.8345746397972107 0.32539039850234985 
vt 0.8336018919944763 0.36900317668914795 
vt 0.8233877420425415 0.35053759813308716 
vt 0.8106200695037842 0.3298853039741516 
vt 0.7771808505058289 0.30206549167633057 
vt 0.8012570738792419 0.3552754819393158 
vt 0.767453134059906 0.33146461844444275 
vt 0.8012570738792419 0.3552754819393158 
vt 0.8106200695037842 0.3298853039741516 
vt 0.8345746397972107 0.32539039850234985 
vt 0.7920157313346863 0.28031983971595764 
vt 0.8106200695037842 0.3298853039741516 
vt 0.7771808505058289 0.30206549167633057 
vt 0.8106200695037842 0.3298853039741516 
vt 0.8345746397972107 0.32539039850234985 
vt 0.2709725499153137 0.44979003071784973 
vt 0.25698891282081604 0.44979003071784973 
vt 0.27243173122406006 0.6407628655433655 
vt 0.25844806432724 0.6408843398094177 
vt 0.033372025936841965 0.7711151838302612 
vt 0.025225026533007622 0.7430524230003357 
vt 0.04735568165779114 0.7712367177009583 
vt 0.05611066520214081 0.7434168457984924 
vt 0.05611066520214081 0.7434168457984924 
vt 0.025225026533007622 0.7430524230003357 
vt 0.04735568165779114 0.7712367177009583 
vt 0.033372025936841965 0.7711151838302612 
vt 0.9120319485664368 0.5049437880516052 
vt 0.9189629554748535 0.5048222541809082 
vt 0.9071680903434753 0.38431015610694885 
vt 0.9207869172096252 0.384067177772522 
vt 0.9059520959854126 0.31032639741897583 
vt 0.9203005433082581 0.31008341908454895 
vt 0.22975118458271027 0.64100581407547 
vt 0.25844806432724 0.6408843398094177 
vt 0.22817042469978333 0.4500329792499542 
vt 0.25698891282081604 0.44979003071784973 
vt 0.6433025598526001 0.9867492914199829 
vt 0.6434241533279419 0.9965894818305969 
vt 0.5876111388206482 0.9873567223548889 
vt 0.592231810092926 0.9970754384994507 
vt 0.2791195511817932 0.42209166288375854 
vt 0.2709725499153137 0.44979003071784973 
vt 0.24835552275180817 0.4223346412181854 
vt 0.25698891282081604 0.44979003071784973 
vt 0.6419650316238403 0.8617422580718994 
vt 0.5857871770858765 0.8105974793434143 
vt 0.6486528515815735 0.8545747399330139 
vt 0.5951501727104187 0.805252194404602 
vt 0.6649468541145325 0.9820114374160767 
vt 0.6649468541145325 0.8568829298019409 
vt 0.7161391973495483 0.9818899631500244 
vt 0.7160176038742065 0.8051307201385498 
vt 0.8588940501213074 0.37301212549209595 
vt 0.8336018919944763 0.36900317668914795 
vt 0.8456400036811829 0.38977691531181335 
vt 0.8233877420425415 0.35053759813308716 
vt 0.8345746397972107 0.32539039850234985 
vt 0.8106200695037842 0.3298853039741516 
vt 0.9218813180923462 0.015970660373568535 
vt 0.9401208758354187 0.13648279011249542 
vt 0.9081408381462097 0.01694253273308277 
vt 0.9115455746650696 0.13769762217998505 
vt 0.911910355091095 0.21168138086795807 
vt 0.9408504366874695 0.21143841743469238 
vt 0.6419650316238403 0.8617422580718994 
vt 0.6433025598526001 0.9867492914199829 
vt 0.5857871770858765 0.8105974793434143 
vt 0.5876111388206482 0.9873567223548889 
vt 0.901209831237793 0.01694253273308277 
vt 0.8873477578163147 0.015970660373568535 
vt 0.9036417603492737 0.010625364258885384 
vt 0.8926980495452881 0.0020000000949949026 
vt 0.9161662459373474 0.2965987026691437 
vt 0.9406072497367859 0.28031983971595764 
vt 0.9203005433082581 0.31008341908454895 
vt 0.949605405330658 0.31008341908454895 
vt 0.0020000000949949026 0.9617236256599426 
vt 0.031183280050754547 0.9620880484580994 
vt 0.004188746213912964 0.7707507610321045 
vt 0.033372025936841965 0.7711151838302612 
vt 0.7773024439811707 0.9602658152580261 
vt 0.7955420017242432 0.9602658152580261 
vt 0.7773024439811707 0.9040187001228333 
vt 0.7955420017242432 0.9040187001228333 
vt 0.9278395771980286 0.51976478099823 
vt 0.9165310263633728 0.5112609267234802 
vt 0.9330682158470154 0.5057941675186157 
vt 0.9189629554748535 0.5048222541809082 
vt 0.9189629554748535 0.5048222541809082 
vt 0.9165310263633728 0.5112609267234802 
vt 0.9330682158470154 0.5057941675186157 
vt 0.9278395771980286 0.51976478099823 
vt 0.45020654797554016 0.6321375370025635 
vt 0.43415573239326477 0.6321375370025635 
vt 0.45020654797554016 0.22698837518692017 
vt 0.43415573239326477 0.22698837518692017 
vt 0.43415573239326477 0.0020000000949949026 
vt 0.41810494661331177 0.0020000000949949026 
vt 0.41810494661331177 0.6321375370025635 
vt 0.41810494661331177 0.22698837518692017 
vt 0.4020541310310364 0.0020000000949949026 
vt 0.4020541310310364 0.6321375370025635 
vt 0.4020541310310364 0.22698837518692017 
vt 0.386003315448761 0.0020000000949949026 
vt 0.386003315448761 0.6321375370025635 
vt 0.386003315448761 0.22698837518692017 
vt 0.369952529668808 0.0020000000949949026 
vt 0.369952529668808 0.6321375370025635 
vt 0.369952529668808 0.22698837518692017 
vt 0.3540233075618744 0.0020000000949949026 
vt 0.3540233075618744 0.6321375370025635 
vt 0.3540233075618744 0.22698837518692017 
vt 0.3379725217819214 0.0020000000949949026 
vt 0.3379725217819214 0.6321375370025635 
vt 0.3379725217819214 0.22698837518692017 
vt 0.321921706199646 0.0020000000949949026 
vt 0.321921706199646 0.6321375370025635 
vt 0.321921706199646 0.22698837518692017 
vt 0.6954677104949951 0.2950194180011749 
vt 0.6816056370735168 0.29416900873184204 
vt 0.697778046131134 0.28870224952697754 
vt 0.6868342757225037 0.28031983971595764 
vt 0.9203005433082581 0.31008341908454895 
vt 0.949605405330658 0.31008341908454895 
vt 0.9207869172096252 0.384067177772522 
vt 0.9498485922813416 0.38491755723953247 
vt 0.9330682158470154 0.5057941675186157 
vt 0.7773024439811707 0.9602658152580261 
vt 0.7773024439811707 0.9040187001228333 
vt 0.7955420017242432 0.9602658152580261 
vt 0.7955420017242432 0.9040187001228333 
vt 0.08067326247692108 0.9528552889823914 
vt 0.1096133440732956 0.9527337551116943 
vt 0.08991462737321854 0.9824973344802856 
vt 0.11386924237012863 0.9660969972610474 
vt 0.29966944456100464 0.44954705238342285 
vt 0.3012502193450928 0.640519917011261 
vt 0.2709725499153137 0.44979003071784973 
vt 0.27243173122406006 0.6407628655433655 
vt 0.006620686035603285 0.6871697306632996 
vt 0.2235497385263443 0.6832822561264038 
vt 0.00747186504304409 0.7394078969955444 
vt 0.22452251613140106 0.7355203628540039 
vt 0.2235497385263443 0.6832822561264038 
vt 0.006620686035603285 0.6871697306632996 
vt 0.22269855439662933 0.6310441493988037 
vt 0.005647909827530384 0.6349316239356995 
vt 0.22172577679157257 0.5788060426712036 
vt 0.004796730820089579 0.5826935172080994 
vt 0.2208745926618576 0.5265679359436035 
vt 0.003823955077677965 0.5304554104804993 
vt 0.21990182995796204 0.47432979941368103 
vt 0.0029727760702371597 0.4782172739505768 
vt 0.21892905235290527 0.42209166288375854 
vt 0.0020000000949949026 0.4259791672229767 
vt 0.0029727760702371597 0.4782172739505768 
vt 0.21990182995796204 0.47432979941368103 
vt 0.003823955077677965 0.5304554104804993 
vt 0.2208745926618576 0.5265679359436035 
vt 0.004796730820089579 0.5826935172080994 
vt 0.22172577679157257 0.5788060426712036 
vt 0.005647909827530384 0.6349316239356995 
vt 0.22269855439662933 0.6310441493988037 
vt 0.7321900129318237 0.2764323651790619 
vt 0.7026419043540955 0.0021214839071035385 
vt 0.702885091304779 0.2764323651790619 
vt 0.6734586358070374 0.0021214839071035385 
vt 0.673701822757721 0.27655383944511414 
vt 0.6441537737846375 0.0021214839071035385 
vt 0.6445185542106628 0.27655383944511414 
vt 0.6149705052375793 0.0021214839071035385 
vt 0.6153352856636047 0.27655383944511414 
vt 0.5857871770858765 0.002242967952042818 
vt 0.5860303640365601 0.27655383944511414 
vt 0.6153352856636047 0.27655383944511414 
vt 0.7318251729011536 0.0020000000949949026 
vt 0.7613732814788818 0.2764323651790619 
vt 0.7610085010528564 0.0020000000949949026 
vt 0.7318251729011536 0.0020000000949949026 
vt 0.7321900129318237 0.2764323651790619 
vt 0.7026419043540955 0.0021214839071035385 
vt 0.702885091304779 0.2764323651790619 
vt 0.6734586358070374 0.0021214839071035385 
vt 0.673701822757721 0.27655383944511414 
vt 0.6441537737846375 0.0021214839071035385 
vt 0.6445185542106628 0.27655383944511414 
vt 0.6149705052375793 0.0021214839071035385 
vt 0.2768092155456543 0.6858334541320801 
vt 0.2633119523525238 0.6928794980049133 
vt 0.26197439432144165 0.6721057295799255 
vt 0.25723209977149963 0.6868053078651428 
vt 0.24093811213970184 0.6721057295799255 
vt 0.24872031807899475 0.6865623593330383 
vt 0.22817042469978333 0.6888705492019653 
vt 0.24300526082515717 0.6931224465370178 
vt 0.22999437153339386 0.7089154124259949 
vt 0.24349163472652435 0.7018693089485168 
vt 0.2449508011341095 0.7226430773735046 
vt 0.24957148730754852 0.7079434990882874 
vt 0.2658655047416687 0.7226430773735046 
vt 0.2580832839012146 0.7081865072250366 
vt 0.278633177280426 0.7058783173561096 
vt 0.263798326253891 0.7016263604164124 
vt 0.48206496238708496 0.6878986358642578 
vt 0.45385444164276123 0.6803666353225708 
vt 0.45385444164276123 0.635903537273407 
vt 0.48206496238708496 0.6878986358642578 
vt 0.5043172240257263 0.6493882536888123 
vt 0.5027364492416382 0.7085509300231934 
vt 0.5412827134132385 0.6863193511962891 
vt 0.5102754831314087 0.7368566989898682 
vt 0.5547799468040466 0.7368566989898682 
vt 0.5027364492416382 0.7650409936904907 
vt 0.5412827134132385 0.787272572517395 
vt 0.48206496238708496 0.7856932878494263 
vt 0.5043172240257263 0.8242037296295166 
vt 0.45385444164276123 0.7932252883911133 
vt 0.45385444164276123 0.8378099203109741 
vt 0.5043172240257263 0.8242037296295166 
vt 0.48206496238708496 0.7856932878494263 
vt 0.5412827134132385 0.787272572517395 
vt 0.5027364492416382 0.7650409936904907 
vt 0.5547799468040466 0.7368566989898682 
vt 0.5102754831314087 0.7368566989898682 
vt 0.5412827134132385 0.6863193511962891 
vt 0.5027364492416382 0.7085509300231934 
vt 0.5043172240257263 0.6493882536888123 
vt 0.8154839277267456 0.22067120671272278 
vt 0.800649106502533 0.21629777550697327 
vt 0.8136599659919739 0.2005048543214798 
vt 0.8002843260765076 0.20767241716384888 
vt 0.7988251447677612 0.18677715957164764 
vt 0.7940828800201416 0.20159821212291718 
vt 0.7777888774871826 0.18677715957164764 
vt 0.7855710387229919 0.2013552486896515 
vt 0.7650211453437805 0.20354194939136505 
vt 0.7798560261726379 0.20791538059711456 
vt 0.7668451070785522 0.22370830178260803 
vt 0.7803424000740051 0.21654073894023895 
vt 0.7818015813827515 0.23731450736522675 
vt 0.7865438461303711 0.22261494398117065 
vt 0.8028378486633301 0.23731450736522675 
vt 0.7949340343475342 0.22285790741443634 
vt 0.16481837630271912 0.1592002958059311 
vt 0.1201922819018364 0.13368865847587585 
vt 0.11861152201890945 0.15822842717170715 
vt 0.07362063229084015 0.13186639547348022 
vt 0.07276945561170578 0.1566491276025772 
vt 0.024009056389331818 0.12992265820503235 
vt 0.028872936964035034 0.1551913172006607 
vt 0.07276945561170578 0.1566491276025772 
vt 0.16603435575962067 0.13490349054336548 
vt 0.21102523803710938 0.15956474840641022 
vt 0.21199801564216614 0.13514646887779236 
vt 0.25698891282081604 0.15944325923919678 
vt 0.2583264708518982 0.13478201627731323 
vt 0.3012502193450928 0.15956474840641022 
vt 0.30745166540145874 0.13453903794288635 
vt 0.2583264708518982 0.13478201627731323 
vt 0.25698891282081604 0.15944325923919678 
vt 0.21199801564216614 0.13514646887779236 
vt 0.21102523803710938 0.15956474840641022 
vt 0.16603435575962067 0.13490349054336548 
vt 0.16481837630271912 0.1592002958059311 
vt 0.1201922819018364 0.13368865847587585 
vt 0.11861152201890945 0.15822842717170715 
vt 0.07362063229084015 0.13186639547348022 
vt 0.31268033385276794 0.2766753137111664 
vt 0.25917765498161316 0.2544437646865845 
vt 0.2608800232410431 0.2804413139820099 
vt 0.21151162683963776 0.2560230493545532 
vt 0.21126843988895416 0.28214210271835327 
vt 0.16335922479629517 0.2560230493545532 
vt 0.16214324533939362 0.28214210271835327 
vt 0.11520680785179138 0.2545652389526367 
vt 0.11301805824041367 0.2805628180503845 
vt 0.06766238063573837 0.25152814388275146 
vt 0.06364967674016953 0.2772827446460724 
vt 0.022549893707036972 0.24691174924373627 
vt 0.012578939087688923 0.27169448137283325 
vt 0.06364967674016953 0.2772827446460724 
vt 0.06766238063573837 0.25152814388275146 
vt 0.11301805824041367 0.2805628180503845 
vt 0.11520680785179138 0.2545652389526367 
vt 0.16214324533939362 0.28214210271835327 
vt 0.16335922479629517 0.2560230493545532 
vt 0.21126843988895416 0.28214210271835327 
vt 0.21151162683963776 0.2560230493545532 
vt 0.2608800232410431 0.2804413139820099 
vt 0.25917765498161316 0.2544437646865845 
vt 0.30404695868492126 0.25140663981437683 
vt 0.3611975312232971 0.9840766787528992 
vt 0.3477002680301666 0.9477529525756836 
vt 0.3327438533306122 0.9567427635192871 
vt 0.33931007981300354 0.9185968041419983 
vt 0.321921706199646 0.9188397526741028 
vt 0.34672749042510986 0.8890761733055115 
vt 0.33140626549720764 0.880693793296814 
vt 0.36776378750801086 0.8672090768814087 
vt 0.3587656021118164 0.8522664904594421 
vt 0.39694705605506897 0.8588266372680664 
vt 0.3967038691043854 0.8413329720497131 
vt 0.3587656021118164 0.8522664904594421 
vt 0.3695877194404602 0.9688911437988281 
vt 0.3993789851665497 0.9936739206314087 
vt 0.3991357982158661 0.9761801958084106 
vt 0.3695877194404602 0.9688911437988281 
vt 0.3611975312232971 0.9840766787528992 
vt 0.3477002680301666 0.9477529525756836 
vt 0.3327438533306122 0.9567427635192871 
vt 0.33931007981300354 0.9185968041419983 
vt 0.321921706199646 0.9188397526741028 
vt 0.34672749042510986 0.8890761733055115 
vt 0.33140626549720764 0.880693793296814 
vt 0.36776378750801086 0.8672090768814087 
vt 0.3664261996746063 0.7378286123275757 
vt 0.33627015352249146 0.7887303829193115 
vt 0.374451607465744 0.7658913731575012 
vt 0.37396523356437683 0.8250541090965271 
vt 0.395487904548645 0.78617924451828 
vt 0.4246711730957031 0.8376884460449219 
vt 0.42381998896598816 0.7932252883911133 
vt 0.395487904548645 0.78617924451828 
vt 0.321921706199646 0.7385575175285339 
vt 0.37347882986068726 0.7094013094902039 
vt 0.3345677852630615 0.6878986358642578 
vt 0.3937855362892151 0.6883845925331116 
vt 0.37080371379852295 0.6502386331558228 
vt 0.42187443375587463 0.6803666353225708 
vt 0.42102324962615967 0.635903537273407 
vt 0.37080371379852295 0.6502386331558228 
vt 0.3937855362892151 0.6883845925331116 
vt 0.3345677852630615 0.6878986358642578 
vt 0.37347882986068726 0.7094013094902039 
vt 0.321921706199646 0.7385575175285339 
vt 0.3664261996746063 0.7378286123275757 
vt 0.33627015352249146 0.7887303829193115 
vt 0.374451607465744 0.7658913731575012 
vt 0.37396523356437683 0.8250541090965271 
vt 0.1201922819018364 0.13368865847587585 
vt 0.12335380911827087 0.056910768151283264 
vt 0.16603435575962067 0.13490349054336548 
vt 0.16725032031536102 0.05824709311127663 
vt 0.21199801564216614 0.13514646887779236 
vt 0.21139003336429596 0.05849006026983261 
vt 0.2583264708518982 0.13478201627731323 
vt 0.2560161352157593 0.05654631555080414 
vt 0.30745166540145874 0.13453903794288635 
vt 0.3035605549812317 0.05120101943612099 
vt 0.2560161352157593 0.05654631555080414 
vt 0.25127384066581726 0.012933559715747833 
vt 0.21078205108642578 0.01475581992417574 
vt 0.12675851583480835 0.013176527805626392 
vt 0.16883108019828796 0.013540980406105518 
vt 0.21078205108642578 0.01475581992417574 
vt 0.25127384066581726 0.012933559715747833 
vt 0.289576917886734 0.006494908127933741 
vt 0.08590193092823029 0.009896459989249706 
vt 0.07872770726680756 0.053387731313705444 
vt 0.046869292855262756 0.0020000000949949026 
vt 0.031183280050754547 0.04622017592191696 
vt 0.07872770726680756 0.053387731313705444 
vt 0.07362063229084015 0.13186639547348022 
vt 0.1201922819018364 0.13368865847587585 
vt 0.07362063229084015 0.13186639547348022 
vt 0.024009056389331818 0.12992265820503235 
vt 0.2583264708518982 0.13478201627731323 
vt 0.21139003336429596 0.05849006026983261 
vt 0.21199801564216614 0.13514646887779236 
vt 0.16725032031536102 0.05824709311127663 
vt 0.16603435575962067 0.13490349054336548 
vt 0.12335380911827087 0.056910768151283264 
vt 0.16883108019828796 0.013540980406105518 
vt 0.12675851583480835 0.013176527805626392 
vt 0.08590193092823029 0.009896459989249706 
vt 0.7663587331771851 0.12299806624650955 
vt 0.8580428957939148 0.11607347428798676 
vt 0.7696418762207031 0.15324757993221283 
vt 0.8605964183807373 0.1401273012161255 
vt 0.7749921083450317 0.18313264846801758 
vt 0.8648523092269897 0.16393816471099854 
vt 0.8605964183807373 0.1401273012161255 
vt 0.7696418762207031 0.15324757993221283 
vt 0.8580428957939148 0.11607347428798676 
vt 0.7663587331771851 0.12299806624650955 
vt 0.8569484949111938 0.09189815819263458 
vt 0.7650211453437805 0.09262706339359283 
vt 0.8575564622879028 0.06760136038064957 
vt 0.7658723592758179 0.062256064265966415 
vt 0.8597452640533447 0.043547529727220535 
vt 0.7685474753379822 0.03200654685497284 
vt 0.863636314868927 0.019615180790424347 
vt 0.7734113931655884 0.0020000000949949026 
vt 0.7685474753379822 0.03200654685497284 
vt 0.8597452640533447 0.043547529727220535 
vt 0.7658723592758179 0.062256064265966415 
vt 0.8575564622879028 0.06760136038064957 
vt 0.7650211453437805 0.09262706339359283 
vt 0.8569484949111938 0.09189815819263458 
vt 0.11861152201890945 0.15822842717170715 
vt 0.16335922479629517 0.2560230493545532 
vt 0.16481837630271912 0.1592002958059311 
vt 0.21151162683963776 0.2560230493545532 
vt 0.21102523803710938 0.15956474840641022 
vt 0.25917765498161316 0.2544437646865845 
vt 0.25698891282081604 0.15944325923919678 
vt 0.30404695868492126 0.25140663981437683 
vt 0.3012502193450928 0.15956474840641022 
vt 0.25698891282081604 0.15944325923919678 
vt 0.11520680785179138 0.2545652389526367 
vt 0.07276945561170578 0.1566491276025772 
vt 0.06766238063573837 0.25152814388275146 
vt 0.028872936964035034 0.1551913172006607 
vt 0.022549893707036972 0.24691174924373627 
vt 0.06766238063573837 0.25152814388275146 
vt 0.07276945561170578 0.1566491276025772 
vt 0.11520680785179138 0.2545652389526367 
vt 0.11861152201890945 0.15822842717170715 
vt 0.16335922479629517 0.2560230493545532 
vt 0.16481837630271912 0.1592002958059311 
vt 0.21151162683963776 0.2560230493545532 
vt 0.21102523803710938 0.15956474840641022 
vt 0.25917765498161316 0.2544437646865845 
vt 0.24349163472652435 0.7018693089485168 
vt 0.2449508011341095 0.7226430773735046 
vt 0.24957148730754852 0.7079434990882874 
vt 0.2658655047416687 0.7226430773735046 
vt 0.2580832839012146 0.7081865072250366 
vt 0.278633177280426 0.7058783173561096 
vt 0.263798326253891 0.7016263604164124 
vt 0.2768092155456543 0.6858334541320801 
vt 0.2633119523525238 0.6928794980049133 
vt 0.26197439432144165 0.6721057295799255 
vt 0.25723209977149963 0.6868053078651428 
vt 0.24093811213970184 0.6721057295799255 
vt 0.24872031807899475 0.6865623593330383 
vt 0.22817042469978333 0.6888705492019653 
vt 0.24300526082515717 0.6931224465370178 
vt 0.22999437153339386 0.7089154124259949 
vt 0.8028378486633301 0.23731450736522675 
vt 0.7865438461303711 0.22261494398117065 
vt 0.7818015813827515 0.23731450736522675 
vt 0.7803424000740051 0.21654073894023895 
vt 0.7668451070785522 0.22370830178260803 
vt 0.7798560261726379 0.20791538059711456 
vt 0.7650211453437805 0.20354194939136505 
vt 0.7855710387229919 0.2013552486896515 
vt 0.7777888774871826 0.18677715957164764 
vt 0.7940828800201416 0.20159821212291718 
vt 0.7988251447677612 0.18677715957164764 
vt 0.8002843260765076 0.20767241716384888 
vt 0.8136599659919739 0.2005048543214798 
vt 0.800649106502533 0.21629777550697327 
vt 0.8154839277267456 0.22067120671272278 
vt 0.7949340343475342 0.22285790741443634 
vt 0.21126843988895416 0.28214210271835327 
vt 0.2656222879886627 0.41601747274398804 
vt 0.2608800232410431 0.2804413139820099 
vt 0.31827378273010254 0.4139522314071655 
vt 0.31268033385276794 0.2766753137111664 
vt 0.2608800232410431 0.2804413139820099 
vt 0.2128491997718811 0.4175967574119568 
vt 0.16214324533939362 0.28214210271835327 
vt 0.1597113162279129 0.4184471666812897 
vt 0.11301805824041367 0.2805628180503845 
vt 0.1066950187087059 0.4156530201435089 
vt 0.06364967674016953 0.2772827446460724 
vt 0.054286710917949677 0.4121299982070923 
vt 0.012578939087688923 0.27169448137283325 
vt 0.0020000000949949026 0.4081210196018219 
vt 0.054286710917949677 0.4121299982070923 
vt 0.06364967674016953 0.2772827446460724 
vt 0.1066950187087059 0.4156530201435089 
vt 0.11301805824041367 0.2805628180503845 
vt 0.1597113162279129 0.4184471666812897 
vt 0.16214324533939362 0.28214210271835327 
vt 0.2128491997718811 0.4175967574119568 
vt 0.21126843988895416 0.28214210271835327 
vt 0.2656222879886627 0.41601747274398804 
vt 0.9189629554748535 0.5048222541809082 
vt 0.8243604898452759 0.797112762928009 
vt 0.8452752232551575 0.7962623834609985 
vt 0.6954677104949951 0.2950194180011749 
vt 0.4706348478794098 0.7498555183410645 
vt 0.7803424000740051 0.21654073894023895 
vt 0.8779847621917725 0.533735454082489 
vt 0.24349163472652435 0.7018693089485168 
vt 0.7807071805000305 0.40447649359703064 
vt 0.7816799879074097 0.44808924198150635 
vt 0.35292893648147583 0.9094854593276978 
vt 0.37080371379852295 0.902074933052063 
vt 0.39183998107910156 0.887010931968689 
vt 0.6318724751472473 0.7714796662330627 
vt 0.5885839462280273 0.7719655632972717 
vt 0.7109104990959167 0.7714796662330627 
vt 0.8470991253852844 0.4595087468624115 
vt 0.8374930024147034 0.5220730304718018 
vt 0.4889959990978241 0.8787500262260437 
vt 0.49033355712890625 0.922484278678894 
vt 0.45020654797554016 0.0020000000949949026 
vt 0.9203005433082581 0.31008341908454895 
vt 0.7160176038742065 0.2938045561313629 
vt 0.8975619077682495 0.21168138086795807 
vt 0.45020654797554016 0.6321375370025635 
vt 0.4706348478794098 0.7498555183410645 
vt 0.48996874690055847 0.7126814126968384 
vt 0.7803424000740051 0.21654073894023895 
vt 0.8002843260765076 0.20767241716384888 
vt 0.8779847621917725 0.533735454082489 
vt 0.915193498134613 0.5530514121055603 
vt 0.2633119523525238 0.6928794980049133 
vt 0.7807071805000305 0.40447649359703064 
vt 0.36557501554489136 0.9147092700004578 
vt 0.37919390201568604 0.881787121295929 
vt 0.39706864953041077 0.8743765950202942 
vt 0.6318724751472473 0.7714796662330627 
vt 0.5885839462280273 0.7719655632972717 
vt 0.6679867506027222 0.7719655632972717 
vt 0.8041754364967346 0.4953465163707733 
vt 0.8141463398933411 0.5201292634010315 
vt 0.4889959990978241 0.8787500262260437 
vt 0.3379725217819214 0.6321375370025635 
vt 0.3379725217819214 0.22698837518692017 
vt 0.3540233075618744 0.22698837518692017 
vt 0.3540233075618744 0.22698837518692017 
vt 0.3540233075618744 0.6321375370025635 
vt 0.3379725217819214 0.6321375370025635 
vt 0.321921706199646 0.6321375370025635 
vt 0.321921706199646 0.22698837518692017 
vt 0.3379725217819214 0.22698837518692017 
vt 0.3379725217819214 0.22698837518692017 
vt 0.3379725217819214 0.6321375370025635 
vt 0.321921706199646 0.6321375370025635 
vt 0.43415573239326477 0.6321375370025635 
vt 0.43415573239326477 0.22698837518692017 
vt 0.45020654797554016 0.22698837518692017 
vt 0.45020654797554016 0.22698837518692017 
vt 0.45020654797554016 0.6321375370025635 
vt 0.43415573239326477 0.6321375370025635 
vt 0.41810494661331177 0.6321375370025635 
vt 0.41810494661331177 0.22698837518692017 
vt 0.43415573239326477 0.22698837518692017 
vt 0.43415573239326477 0.22698837518692017 
vt 0.43415573239326477 0.6321375370025635 
vt 0.41810494661331177 0.6321375370025635 
vt 0.4020541310310364 0.6321375370025635 
vt 0.4020541310310364 0.22698837518692017 
vt 0.41810494661331177 0.22698837518692017 
vt 0.41810494661331177 0.22698837518692017 
vt 0.41810494661331177 0.6321375370025635 
vt 0.4020541310310364 0.6321375370025635 
vt 0.386003315448761 0.6321375370025635 
vt 0.386003315448761 0.22698837518692017 
vt 0.4020541310310364 0.22698837518692017 
vt 0.4020541310310364 0.22698837518692017 
vt 0.4020541310310364 0.6321375370025635 
vt 0.386003315448761 0.6321375370025635 
vt 0.369952529668808 0.6321375370025635 
vt 0.369952529668808 0.22698837518692017 
vt 0.386003315448761 0.22698837518692017 
vt 0.386003315448761 0.22698837518692017 
vt 0.386003315448761 0.6321375370025635 
vt 0.369952529668808 0.6321375370025635 
vt 0.3540233075618744 0.6321375370025635 
vt 0.3540233075618744 0.22698837518692017 
vt 0.369952529668808 0.22698837518692017 
vt 0.369952529668808 0.22698837518692017 
vt 0.369952529668808 0.6321375370025635 
vt 0.3540233075618744 0.6321375370025635 
vt 0.5003045201301575 0.7249512672424316 
vt 0.49896693229675293 0.7408657073974609 
vt 0.4866856336593628 0.7511918544769287 
vt 0.4866856336593628 0.7511918544769287 
vt 0.4706348478794098 0.7498555183410645 
vt 0.460420697927475 0.7375856041908264 
vt 0.460420697927475 0.7375856041908264 
vt 0.46175825595855713 0.7215497493743896 
vt 0.47403955459594727 0.7112236022949219 
vt 0.4866856336593628 0.7511918544769287 
vt 0.460420697927475 0.7375856041908264 
vt 0.47403955459594727 0.7112236022949219 
vt 0.5003045201301575 0.7249512672424316 
vt 0.4866856336593628 0.7511918544769287 
vt 0.47403955459594727 0.7112236022949219 
vt 0.48996874690055847 0.7126814126968384 
vt 0.5003045201301575 0.7249512672424316 
vt 0.47403955459594727 0.7112236022949219 
vt 0.800649106502533 0.21629777550697327 
vt 0.7949340343475342 0.22285790741443634 
vt 0.7865438461303711 0.22261494398117065 
vt 0.7865438461303711 0.22261494398117065 
vt 0.7803424000740051 0.21654073894023895 
vt 0.7798560261726379 0.20791538059711456 
vt 0.7798560261726379 0.20791538059711456 
vt 0.7855710387229919 0.2013552486896515 
vt 0.7940828800201416 0.20159821212291718 
vt 0.7865438461303711 0.22261494398117065 
vt 0.7798560261726379 0.20791538059711456 
vt 0.7940828800201416 0.20159821212291718 
vt 0.800649106502533 0.21629777550697327 
vt 0.7865438461303711 0.22261494398117065 
vt 0.7940828800201416 0.20159821212291718 
vt 0.8002843260765076 0.20767241716384888 
vt 0.800649106502533 0.21629777550697327 
vt 0.7940828800201416 0.20159821212291718 
vt 0.8136599659919739 0.2005048543214798 
vt 0.8154839277267456 0.22067120671272278 
vt 0.800649106502533 0.21629777550697327 
vt 0.800649106502533 0.21629777550697327 
vt 0.8002843260765076 0.20767241716384888 
vt 0.8136599659919739 0.2005048543214798 
vt 0.8154839277267456 0.22067120671272278 
vt 0.8028378486633301 0.23731450736522675 
vt 0.7949340343475342 0.22285790741443634 
vt 0.7949340343475342 0.22285790741443634 
vt 0.800649106502533 0.21629777550697327 
vt 0.8154839277267456 0.22067120671272278 
vt 0.8028378486633301 0.23731450736522675 
vt 0.7818015813827515 0.23731450736522675 
vt 0.7865438461303711 0.22261494398117065 
vt 0.7865438461303711 0.22261494398117065 
vt 0.7949340343475342 0.22285790741443634 
vt 0.8028378486633301 0.23731450736522675 
vt 0.7818015813827515 0.23731450736522675 
vt 0.7668451070785522 0.22370830178260803 
vt 0.7803424000740051 0.21654073894023895 
vt 0.7803424000740051 0.21654073894023895 
vt 0.7865438461303711 0.22261494398117065 
vt 0.7818015813827515 0.23731450736522675 
vt 0.7668451070785522 0.22370830178260803 
vt 0.7650211453437805 0.20354194939136505 
vt 0.7798560261726379 0.20791538059711456 
vt 0.7798560261726379 0.20791538059711456 
vt 0.7803424000740051 0.21654073894023895 
vt 0.7668451070785522 0.22370830178260803 
vt 0.7650211453437805 0.20354194939136505 
vt 0.7777888774871826 0.18677715957164764 
vt 0.7855710387229919 0.2013552486896515 
vt 0.7855710387229919 0.2013552486896515 
vt 0.7798560261726379 0.20791538059711456 
vt 0.7650211453437805 0.20354194939136505 
vt 0.7777888774871826 0.18677715957164764 
vt 0.7988251447677612 0.18677715957164764 
vt 0.7940828800201416 0.20159821212291718 
vt 0.7940828800201416 0.20159821212291718 
vt 0.7855710387229919 0.2013552486896515 
vt 0.7777888774871826 0.18677715957164764 
vt 0.7988251447677612 0.18677715957164764 
vt 0.8136599659919739 0.2005048543214798 
vt 0.8002843260765076 0.20767241716384888 
vt 0.8002843260765076 0.20767241716384888 
vt 0.7940828800201416 0.20159821212291718 
vt 0.7988251447677612 0.18677715957164764 
vt 0.3379725217819214 0.0020000000949949026 
vt 0.3540233075618744 0.0020000000949949026 
vt 0.3540233075618744 0.22698837518692017 
vt 0.3540233075618744 0.22698837518692017 
vt 0.3379725217819214 0.22698837518692017 
vt 0.3379725217819214 0.0020000000949949026 
vt 0.321921706199646 0.0020000000949949026 
vt 0.3379725217819214 0.0020000000949949026 
vt 0.3379725217819214 0.22698837518692017 
vt 0.3379725217819214 0.22698837518692017 
vt 0.321921706199646 0.22698837518692017 
vt 0.321921706199646 0.0020000000949949026 
vt 0.43415573239326477 0.0020000000949949026 
vt 0.45020654797554016 0.0020000000949949026 
vt 0.45020654797554016 0.22698837518692017 
vt 0.45020654797554016 0.22698837518692017 
vt 0.43415573239326477 0.22698837518692017 
vt 0.43415573239326477 0.0020000000949949026 
vt 0.41810494661331177 0.0020000000949949026 
vt 0.43415573239326477 0.0020000000949949026 
vt 0.43415573239326477 0.22698837518692017 
vt 0.43415573239326477 0.22698837518692017 
vt 0.41810494661331177 0.22698837518692017 
vt 0.41810494661331177 0.0020000000949949026 
vt 0.4020541310310364 0.0020000000949949026 
vt 0.41810494661331177 0.0020000000949949026 
vt 0.41810494661331177 0.22698837518692017 
vt 0.41810494661331177 0.22698837518692017 
vt 0.4020541310310364 0.22698837518692017 
vt 0.4020541310310364 0.0020000000949949026 
vt 0.386003315448761 0.0020000000949949026 
vt 0.4020541310310364 0.0020000000949949026 
vt 0.4020541310310364 0.22698837518692017 
vt 0.4020541310310364 0.22698837518692017 
vt 0.386003315448761 0.22698837518692017 
vt 0.386003315448761 0.0020000000949949026 
vt 0.369952529668808 0.0020000000949949026 
vt 0.386003315448761 0.0020000000949949026 
vt 0.386003315448761 0.22698837518692017 
vt 0.386003315448761 0.22698837518692017 
vt 0.369952529668808 0.22698837518692017 
vt 0.369952529668808 0.0020000000949949026 
vt 0.3540233075618744 0.0020000000949949026 
vt 0.369952529668808 0.0020000000949949026 
vt 0.369952529668808 0.22698837518692017 
vt 0.369952529668808 0.22698837518692017 
vt 0.3540233075618744 0.22698837518692017 
vt 0.3540233075618744 0.0020000000949949026 
vt 0.77316814661026 0.900374174118042 
vt 0.7657507658004761 0.900374174118042 
vt 0.7657507658004761 0.5721244215965271 
vt 0.7657507658004761 0.5721244215965271 
vt 0.77316814661026 0.5721244215965271 
vt 0.77316814661026 0.900374174118042 
vt 0.7657507658004761 0.900374174118042 
vt 0.7583333253860474 0.900374174118042 
vt 0.7583333253860474 0.5721244215965271 
vt 0.7583333253860474 0.5721244215965271 
vt 0.7657507658004761 0.5721244215965271 
vt 0.7657507658004761 0.900374174118042 
vt 0.7583333253860474 0.900374174118042 
vt 0.7509159445762634 0.900374174118042 
vt 0.7509159445762634 0.5721244215965271 
vt 0.7509159445762634 0.5721244215965271 
vt 0.7583333253860474 0.5721244215965271 
vt 0.7583333253860474 0.900374174118042 
vt 0.7509159445762634 0.900374174118042 
vt 0.7434985041618347 0.900374174118042 
vt 0.7434985041618347 0.5721244215965271 
vt 0.7434985041618347 0.5721244215965271 
vt 0.7509159445762634 0.5721244215965271 
vt 0.7509159445762634 0.900374174118042 
vt 0.8028378486633301 0.900374174118042 
vt 0.7954204082489014 0.900374174118042 
vt 0.7954204082489014 0.5721244215965271 
vt 0.7954204082489014 0.5721244215965271 
vt 0.8028378486633301 0.5721244215965271 
vt 0.8028378486633301 0.900374174118042 
vt 0.7954204082489014 0.900374174118042 
vt 0.7880030274391174 0.900374174118042 
vt 0.7880030274391174 0.5721244215965271 
vt 0.7880030274391174 0.5721244215965271 
vt 0.7954204082489014 0.5721244215965271 
vt 0.7954204082489014 0.900374174118042 
vt 0.7880030274391174 0.900374174118042 
vt 0.7805855870246887 0.900374174118042 
vt 0.7805855870246887 0.5721244215965271 
vt 0.7805855870246887 0.5721244215965271 
vt 0.7880030274391174 0.5721244215965271 
vt 0.7880030274391174 0.900374174118042 
vt 0.7805855870246887 0.900374174118042 
vt 0.77316814661026 0.900374174118042 
vt 0.77316814661026 0.5721244215965271 
vt 0.77316814661026 0.5721244215965271 
vt 0.7805855870246887 0.5721244215965271 
vt 0.7805855870246887 0.900374174118042 
vt 0.35815760493278503 0.9147092700004578 
vt 0.35292893648147583 0.9094854593276978 
vt 0.35292893648147583 0.902074933052063 
vt 0.35292893648147583 0.902074933052063 
vt 0.35815760493278503 0.896851122379303 
vt 0.36557501554489136 0.896851122379303 
vt 0.36557501554489136 0.896851122379303 
vt 0.37080371379852295 0.902074933052063 
vt 0.37080371379852295 0.9094854593276978 
vt 0.35292893648147583 0.902074933052063 
vt 0.36557501554489136 0.896851122379303 
vt 0.37080371379852295 0.9094854593276978 
vt 0.35815760493278503 0.9147092700004578 
vt 0.35292893648147583 0.902074933052063 
vt 0.37080371379852295 0.9094854593276978 
vt 0.36557501554489136 0.9147092700004578 
vt 0.35815760493278503 0.9147092700004578 
vt 0.37080371379852295 0.9094854593276978 
vt 0.39706864953041077 0.881787121295929 
vt 0.39183998107910156 0.887010931968689 
vt 0.38442257046699524 0.887010931968689 
vt 0.38442257046699524 0.887010931968689 
vt 0.37919390201568604 0.881787121295929 
vt 0.37919390201568604 0.8743765950202942 
vt 0.37919390201568604 0.8743765950202942 
vt 0.38442257046699524 0.8691527843475342 
vt 0.39183998107910156 0.8691527843475342 
vt 0.38442257046699524 0.887010931968689 
vt 0.37919390201568604 0.8743765950202942 
vt 0.39183998107910156 0.8691527843475342 
vt 0.39706864953041077 0.881787121295929 
vt 0.38442257046699524 0.887010931968689 
vt 0.39183998107910156 0.8691527843475342 
vt 0.39706864953041077 0.8743765950202942 
vt 0.39706864953041077 0.881787121295929 
vt 0.39183998107910156 0.8691527843475342 
s on 
f 1/1/1 2/2/2 3/3/3 
f 2/2/2 4/4/4 3/3/3 
f 3/3/3 4/4/4 4/4/4 
f 4/4/4 2/2/2 4/4/4 
f 4/4/4 2/2/2 2/2/2 
f 2/2/2 5/5/5 2/2/2 
f 2/2/2 5/5/5 4/4/4 
f 5/5/5 6/6/6 4/4/4 
f 4/4/4 6/6/6 7/7/7 
f 6/6/6 7/7/7 7/7/7 
f 7/7/7 7/7/7 7/7/7 
f 7/7/7 8/8/8 7/7/7 
f 7/7/7 8/8/8 4/4/4 
f 8/8/8 9/9/9 4/4/4 
f 4/4/4 9/9/9 9/9/9 
f 9/9/9 10/10/10 9/9/9 
f 9/9/9 10/10/10 10/10/10 
f 10/10/10 11/11/11 10/10/10 
f 10/10/10 11/11/11 12/12/12 
f 11/11/11 13/13/13 12/12/12 
f 12/12/12 13/13/13 14/14/14 
f 13/13/13 15/15/15 14/14/14 
f 14/14/14 15/15/15 15/15/15 
f 15/15/15 11/11/11 15/15/15 
f 15/15/15 11/11/11 11/11/11 
f 11/11/11 16/16/16 11/11/11 
f 11/11/11 16/16/16 13/13/13 
f 16/16/16 17/17/17 13/13/13 
f 13/13/13 17/17/17 15/15/15 
f 17/17/17 18/18/18 15/15/15 
f 15/15/15 18/18/18 18/18/18 
f 18/18/18 16/16/16 18/18/18 
f 18/18/18 16/16/16 16/16/16 
f 16/16/16 19/19/19 16/16/16 
f 16/16/16 19/19/19 17/17/17 
f 19/19/19 20/20/20 17/17/17 
f 17/17/17 20/20/20 18/18/18 
f 20/20/20 21/21/21 18/18/18 
f 18/18/18 21/21/21 21/21/21 
f 21/21/21 19/19/19 21/21/21 
f 21/21/21 19/19/19 19/19/19 
f 19/19/19 22/22/22 19/19/19 
f 19/19/19 22/22/22 20/20/20 
f 22/22/22 23/23/23 20/20/20 
f 20/20/20 23/23/23 21/21/21 
f 23/23/23 24/24/24 21/21/21 
f 21/21/21 24/24/24 24/24/24 
f 24/24/24 22/22/22 24/24/24 
f 24/24/24 22/22/22 22/22/22 
f 22/22/22 25/25/25 22/22/22 
f 22/22/22 25/25/25 23/23/23 
f 25/25/25 26/26/26 23/23/23 
f 23/23/23 26/26/26 24/24/24 
f 26/26/26 27/27/27 24/24/24 
f 24/24/24 27/27/27 27/27/27 
f 27/27/27 25/25/25 27/27/27 
f 27/27/27 25/25/25 25/25/25 
f 25/25/25 28/28/28 25/25/25 
f 25/25/25 28/28/28 26/26/26 
f 28/28/28 29/29/29 26/26/26 
f 26/26/26 29/29/29 27/27/27 
f 29/29/29 30/30/30 27/27/27 
f 27/27/27 30/30/30 30/30/30 
f 30/30/30 28/28/28 30/30/30 
f 30/30/30 28/28/28 28/28/28 
f 28/28/28 31/31/31 28/28/28 
f 28/28/28 31/31/31 29/29/29 
f 31/31/31 32/32/32 29/29/29 
f 29/29/29 32/32/32 30/30/30 
f 32/32/32 33/33/33 30/30/30 
f 30/30/30 33/33/33 33/33/33 
f 33/33/33 31/31/31 33/33/33 
f 33/33/33 31/31/31 31/31/31 
f 31/31/31 34/34/34 31/31/31 
f 31/31/31 34/34/34 32/32/32 
f 34/34/34 35/35/35 32/32/32 
f 32/32/32 35/35/35 33/33/33 
f 35/35/35 33/33/33 33/33/33 
f 33/33/33 33/33/33 36/36/36 
f 33/33/33 36/36/36 36/36/36 
f 36/36/36 36/36/36 36/36/36 
f 36/36/36 37/37/37 36/36/36 
f 36/36/36 37/37/37 38/38/38 
f 37/37/37 39/39/39 38/38/38 
f 38/38/38 39/39/39 39/39/39 
f 39/39/39 40/40/40 39/39/39 
f 39/39/39 40/40/40 40/40/40 
f 40/40/40 41/41/41 40/40/40 
f 40/40/40 41/41/41 42/42/42 
f 41/41/41 43/43/43 42/42/42 
f 42/42/42 43/43/43 43/43/43 
f 43/43/43 44/44/44 43/43/43 
f 43/43/43 44/44/44 44/44/44 
f 44/44/44 45/45/45 44/44/44 
f 44/44/44 45/45/45 46/46/46 
f 45/45/45 47/47/47 46/46/46 
f 46/46/46 47/47/47 47/47/47 
f 47/47/47 45/45/45 47/47/47 
f 47/47/47 45/45/45 45/45/45 
f 45/45/45 48/48/48 45/45/45 
f 45/45/45 48/48/48 47/47/47 
f 48/48/48 49/49/49 47/47/47 
f 47/47/47 49/49/49 49/49/49 
f 49/49/49 50/50/50 49/49/49 
f 49/49/49 50/50/50 50/50/50 
f 50/50/50 51/51/51 50/50/50 
f 50/50/50 51/51/51 52/52/52 
f 51/51/51 53/53/53 52/52/52 
f 52/52/52 53/53/53 53/53/53 
f 53/53/53 54/54/54 53/53/53 
f 53/53/53 54/54/54 54/54/54 
f 54/54/54 55/55/55 54/54/54 
f 54/54/54 55/55/55 56/56/56 
f 55/55/55 57/57/57 56/56/56 
f 56/56/56 57/57/57 57/57/57 
f 57/57/57 55/55/55 57/57/57 
f 57/57/57 55/55/55 58/58/58 
f 55/55/55 59/59/59 58/58/58 
f 58/58/58 59/59/59 59/59/59 
f 59/59/59 60/60/60 59/59/59 
f 59/59/59 60/60/60 60/60/60 
f 60/60/60 61/61/61 60/60/60 
f 60/60/60 61/61/61 62/62/62 
f 61/61/61 63/63/63 62/62/62 
f 62/62/62 63/63/63 63/63/63 
f 63/63/63 64/64/64 63/63/63 
f 63/63/63 64/64/64 64/64/64 
f 64/64/64 65/65/65 64/64/64 
f 64/64/64 65/65/65 66/66/66 
f 65/65/65 67/67/67 66/66/66 
f 66/66/66 67/67/67 67/67/67 
f 67/67/67 65/65/65 67/67/67 
f 67/67/67 65/65/65 65/65/65 
f 65/65/65 68/68/68 65/65/65 
f 65/65/65 68/68/68 67/67/67 
f 68/68/68 69/69/69 67/67/67 
f 67/67/67 69/69/69 69/69/69 
f 69/69/69 70/70/70 69/69/69 
f 69/69/69 70/70/70 70/70/70 
f 70/70/70 71/71/71 70/70/70 
f 70/70/70 71/71/71 72/72/72 
f 71/71/71 73/73/73 72/72/72 
f 72/72/72 73/73/73 73/73/73 
f 73/73/73 71/71/71 73/73/73 
f 73/73/73 71/71/71 74/74/74 
f 71/71/71 75/75/75 74/74/74 
f 74/74/74 75/75/75 76/76/76 
f 75/75/75 76/76/76 76/76/76 
f 76/76/76 76/76/76 77/77/77 
f 76/76/76 77/77/77 77/77/77 
f 77/77/77 77/77/77 77/77/77 
f 77/77/77 78/78/78 77/77/77 
f 77/77/77 78/78/78 79/79/79 
f 78/78/78 80/80/80 79/79/79 
f 79/79/79 80/80/80 80/80/80 
f 80/80/80 81/81/81 80/80/80 
f 80/80/80 81/81/81 81/81/81 
f 81/81/81 82/82/82 81/81/81 
f 81/81/81 82/82/82 83/83/83 
f 82/82/82 84/84/84 83/83/83 
f 83/83/83 84/84/84 84/84/84 
f 84/84/84 85/85/85 84/84/84 
f 84/84/84 85/85/85 85/85/85 
f 85/85/85 86/86/86 85/85/85 
f 85/85/85 86/86/86 87/87/87 
f 86/86/86 88/88/88 87/87/87 
f 87/87/87 88/88/88 89/89/89 
f 88/88/88 90/90/90 89/89/89 
f 89/89/89 90/90/90 90/90/90 
f 90/90/90 91/91/91 90/90/90 
f 90/90/90 91/91/91 91/91/91 
f 91/91/91 92/92/92 91/91/91 
f 91/91/91 92/92/92 93/93/93 
f 92/92/92 94/94/94 93/93/93 
f 93/93/93 94/94/94 94/94/94 
f 94/94/94 92/92/92 94/94/94 
f 94/94/94 92/92/92 95/95/95 
f 92/92/92 96/96/96 95/95/95 
f 95/95/95 96/96/96 96/96/96 
f 96/96/96 97/97/97 96/96/96 
f 96/96/96 97/97/97 97/97/97 
f 97/97/97 98/98/98 97/97/97 
f 97/97/97 98/98/98 99/99/99 
f 98/98/98 100/100/100 99/99/99 
f 99/99/99 100/100/100 100/100/100 
f 100/100/100 101/101/101 100/100/100 
f 100/100/100 101/101/101 101/101/101 
f 101/101/101 102/102/102 101/101/101 
f 101/101/101 102/102/102 103/103/103 
f 102/102/102 104/104/104 103/103/103 
f 103/103/103 104/104/104 104/104/104 
f 104/104/104 105/105/105 104/104/104 
f 104/104/104 105/105/105 105/105/105 
f 105/105/105 106/106/106 105/105/105 
f 105/105/105 106/106/106 107/107/107 
f 106/106/106 108/108/108 107/107/107 
f 107/107/107 108/108/108 108/108/108 
f 108/108/108 109/109/109 108/108/108 
f 108/108/108 109/109/109 109/109/109 
f 109/109/109 110/110/110 109/109/109 
f 109/109/109 110/110/110 111/111/111 
f 110/110/110 112/112/112 111/111/111 
f 111/111/111 112/112/112 112/112/112 
f 112/112/112 113/113/113 112/112/112 
f 112/112/112 113/113/113 113/113/113 
f 113/113/113 114/114/114 113/113/113 
f 113/113/113 114/114/114 115/115/115 
f 114/114/114 116/116/116 115/115/115 
f 115/115/115 116/116/116 116/116/116 
f 116/116/116 117/117/117 116/116/116 
f 116/116/116 117/117/117 117/117/117 
f 117/117/117 118/118/118 117/117/117 
f 117/117/117 118/118/118 119/119/119 
f 118/118/118 120/120/120 119/119/119 
f 119/119/119 120/120/120 120/120/120 
f 120/120/120 121/121/121 120/120/120 
f 120/120/120 121/121/121 121/121/121 
f 121/121/121 122/122/122 121/121/121 
f 121/121/121 122/122/122 123/123/123 
f 122/122/122 124/124/124 123/123/123 
f 123/123/123 124/124/124 124/124/124 
f 124/124/124 125/125/125 124/124/124 
f 124/124/124 125/125/125 125/125/125 
f 125/125/125 126/126/126 125/125/125 
f 125/125/125 126/126/126 127/127/127 
f 126/126/126 128/128/128 127/127/127 
f 127/127/127 128/128/128 128/128/128 
f 128/128/128 126/126/126 128/128/128 
f 128/128/128 126/126/126 129/129/129 
f 126/126/126 130/130/130 129/129/129 
f 129/129/129 130/130/130 130/130/130 
f 130/130/130 131/131/131 130/130/130 
f 130/130/130 131/131/131 131/131/131 
f 131/131/131 132/132/132 131/131/131 
f 131/131/131 132/132/132 133/133/133 
f 132/132/132 134/134/134 133/133/133 
f 133/133/133 134/134/134 134/134/134 
f 134/134/134 135/135/135 134/134/134 
f 134/134/134 135/135/135 135/135/135 
f 135/135/135 136/136/136 135/135/135 
f 135/135/135 136/136/136 137/137/137 
f 136/136/136 138/138/138 137/137/137 
f 137/137/137 138/138/138 138/138/138 
f 138/138/138 136/136/136 138/138/138 
f 138/138/138 136/136/136 139/139/139 
f 136/136/136 140/140/140 139/139/139 
f 139/139/139 140/140/140 140/140/140 
f 140/140/140 141/141/141 140/140/140 
f 140/140/140 141/141/141 141/141/141 
f 141/141/141 142/142/142 141/141/141 
f 141/141/141 142/142/142 143/143/143 
f 142/142/142 144/144/144 143/143/143 
f 143/143/143 144/144/144 144/144/144 
f 144/144/144 145/145/145 144/144/144 
f 144/144/144 145/145/145 145/145/145 
f 145/145/145 146/146/146 145/145/145 
f 145/145/145 146/146/146 147/147/147 
f 146/146/146 148/148/148 147/147/147 
f 147/147/147 148/148/148 148/148/148 
f 148/148/148 146/146/146 148/148/148 
f 148/148/148 146/146/146 149/149/149 
f 146/146/146 150/150/150 149/149/149 
f 149/149/149 150/150/150 150/150/150 
f 150/150/150 151/151/151 150/150/150 
f 150/150/150 151/151/151 151/151/151 
f 151/151/151 152/152/152 151/151/151 
f 151/151/151 152/152/152 153/153/153 
f 152/152/152 154/154/154 153/153/153 
f 153/153/153 154/154/154 155/155/155 
f 154/154/154 155/155/155 155/155/155 
f 155/155/155 155/155/155 156/156/156 
f 155/155/155 156/156/156 156/156/156 
f 156/156/156 156/156/156 156/156/156 
f 156/156/156 157/157/157 156/156/156 
f 156/156/156 157/157/157 158/158/158 
f 157/157/157 159/159/159 158/158/158 
f 158/158/158 159/159/159 159/159/159 
f 159/159/159 160/160/160 159/159/159 
f 159/159/159 160/160/160 160/160/160 
f 160/160/160 161/161/161 160/160/160 
f 160/160/160 161/161/161 162/162/162 
f 161/161/161 163/163/163 162/162/162 
f 162/162/162 163/163/163 163/163/163 
f 163/163/163 164/164/164 163/163/163 
f 163/163/163 164/164/164 164/164/164 
f 164/164/164 165/165/165 164/164/164 
f 164/164/164 165/165/165 166/166/166 
f 165/165/165 167/167/167 166/166/166 
f 166/166/166 167/167/167 168/168/168 
f 167/167/167 168/168/168 168/168/168 
f 168/168/168 168/168/168 166/166/166 
f 168/168/168 166/166/166 166/166/166 
f 166/166/166 166/166/166 166/166/166 
f 166/166/166 168/168/168 166/166/166 
f 166/166/166 168/168/168 169/169/169 
f 168/168/168 170/170/170 169/169/169 
f 169/169/169 170/170/170 170/170/170 
f 170/170/170 171/171/171 170/170/170 
f 170/170/170 171/171/171 171/171/171 
f 171/171/171 172/172/172 171/171/171 
f 171/171/171 172/172/172 173/173/173 
f 172/172/172 174/174/174 173/173/173 
f 173/173/173 174/174/174 175/175/175 
f 174/174/174 175/175/175 175/175/175 
f 175/175/175 175/175/175 173/173/173 
f 175/175/175 173/173/173 173/173/173 
f 173/173/173 173/173/173 173/173/173 
f 173/173/173 175/175/175 173/173/173 
f 173/173/173 175/175/175 176/176/176 
f 175/175/175 177/177/177 176/176/176 
f 176/176/176 177/177/177 177/177/177 
f 177/177/177 178/178/178 177/177/177 
f 177/177/177 178/178/178 178/178/178 
f 178/178/178 179/179/179 178/178/178 
f 178/178/178 179/179/179 180/180/180 
f 179/179/179 181/181/181 180/180/180 
f 180/180/180 181/181/181 181/181/181 
f 181/181/181 182/182/182 181/181/181 
f 181/181/181 182/182/182 182/182/182 
f 182/182/182 183/183/183 182/182/182 
f 182/182/182 183/183/183 184/184/184 
f 183/183/183 185/185/185 184/184/184 
f 184/184/184 185/185/185 185/185/185 
f 185/185/185 186/186/186 185/185/185 
f 185/185/185 186/186/186 186/186/186 
f 186/186/186 187/187/187 186/186/186 
f 186/186/186 187/187/187 188/188/188 
f 187/187/187 189/189/189 188/188/188 
f 188/188/188 189/189/189 189/189/189 
f 189/189/189 190/190/190 189/189/189 
f 189/189/189 190/190/190 190/190/190 
f 190/190/190 191/191/191 190/190/190 
f 190/190/190 191/191/191 192/192/192 
f 191/191/191 193/193/193 192/192/192 
f 192/192/192 193/193/193 193/193/193 
f 193/193/193 194/194/194 193/193/193 
f 193/193/193 194/194/194 194/194/194 
f 194/194/194 195/195/195 194/194/194 
f 194/194/194 195/195/195 196/196/196 
f 195/195/195 197/197/197 196/196/196 
f 196/196/196 197/197/197 197/197/197 
f 197/197/197 195/195/195 197/197/197 
f 197/197/197 195/195/195 198/198/198 
f 195/195/195 199/199/199 198/198/198 
f 198/198/198 199/199/199 199/199/199 
f 199/199/199 200/200/200 199/199/199 
f 199/199/199 200/200/200 200/200/200 
f 200/200/200 201/201/201 200/200/200 
f 200/200/200 201/201/201 202/202/202 
f 201/201/201 203/203/203 202/202/202 
f 202/202/202 203/203/203 204/204/204 
f 203/203/203 204/204/204 204/204/204 
f 204/204/204 204/204/204 205/205/205 
f 204/204/204 205/205/205 205/205/205 
f 205/205/205 205/205/205 205/205/205 
f 205/205/205 206/206/206 205/205/205 
f 205/205/205 206/206/206 207/207/207 
f 206/206/206 208/208/208 207/207/207 
f 207/207/207 208/208/208 209/209/209 
f 208/208/208 209/209/209 209/209/209 
f 209/209/209 209/209/209 207/207/207 
f 209/209/209 207/207/207 207/207/207 
f 207/207/207 207/207/207 207/207/207 
f 207/207/207 209/209/209 207/207/207 
f 207/207/207 209/209/209 210/210/210 
f 209/209/209 211/211/211 210/210/210 
f 210/210/210 211/211/211 211/211/211 
f 211/211/211 212/212/212 211/211/211 
f 211/211/211 212/212/212 212/212/212 
f 212/212/212 213/213/213 212/212/212 
f 212/212/212 213/213/213 214/214/214 
f 213/213/213 215/215/215 214/214/214 
f 214/214/214 215/215/215 215/215/215 
f 215/215/215 216/216/216 215/215/215 
f 215/215/215 216/216/216 216/216/216 
f 216/216/216 217/217/217 216/216/216 
f 216/216/216 217/217/217 218/218/218 
f 217/217/217 219/219/219 218/218/218 
f 218/218/218 219/219/219 219/219/219 
f 219/219/219 217/217/217 219/219/219 
f 219/219/219 217/217/217 220/220/220 
f 217/217/217 221/221/221 220/220/220 
f 220/220/220 221/221/221 221/221/221 
f 221/221/221 222/222/222 221/221/221 
f 221/221/221 222/222/222 222/222/222 
f 222/222/222 223/223/223 222/222/222 
f 222/222/222 223/223/223 224/224/224 
f 223/223/223 225/225/225 224/224/224 
f 224/224/224 225/225/225 225/225/225 
f 225/225/225 226/226/226 225/225/225 
f 225/225/225 226/226/226 226/226/226 
f 226/226/226 227/227/227 226/226/226 
f 226/226/226 227/227/227 228/228/228 
f 227/227/227 229/229/229 228/228/228 
f 228/228/228 229/229/229 229/229/229 
f 229/229/229 230/230/230 229/229/229 
f 229/229/229 230/230/230 230/230/230 
f 230/230/230 231/231/231 230/230/230 
f 230/230/230 231/231/231 232/232/232 
f 231/231/231 233/233/233 232/232/232 
f 232/232/232 233/233/233 233/233/233 
f 233/233/233 234/234/234 233/233/233 
f 233/233/233 234/234/234 234/234/234 
f 234/234/234 235/235/235 234/234/234 
f 234/234/234 235/235/235 236/236/236 
f 235/235/235 237/237/237 236/236/236 
f 236/236/236 237/237/237 238/238/238 
f 237/237/237 238/238/238 238/238/238 
f 238/238/238 238/238/238 237/237/237 
f 238/238/238 237/237/237 237/237/237 
f 237/237/237 237/237/237 237/237/237 
f 237/237/237 235/235/235 237/237/237 
f 237/237/237 235/235/235 239/239/239 
f 235/235/235 240/240/240 239/239/239 
f 239/239/239 240/240/240 240/240/240 
f 240/240/240 241/241/241 240/240/240 
f 240/240/240 241/241/241 241/241/241 
f 241/241/241 242/242/242 241/241/241 
f 241/241/241 242/242/242 243/243/243 
f 242/242/242 244/244/244 243/243/243 
f 243/243/243 244/244/244 244/244/244 
f 244/244/244 245/245/245 244/244/244 
f 244/244/244 245/245/245 245/245/245 
f 245/245/245 246/246/246 245/245/245 
f 245/245/245 246/246/246 247/247/247 
f 246/246/246 248/248/248 247/247/247 
f 247/247/247 248/248/248 248/248/248 
f 248/248/248 249/249/249 248/248/248 
f 248/248/248 249/249/249 249/249/249 
f 249/249/249 250/250/250 249/249/249 
f 249/249/249 250/250/250 251/251/251 
f 250/250/250 252/252/252 251/251/251 
f 251/251/251 252/252/252 252/252/252 
f 252/252/252 253/253/253 252/252/252 
f 252/252/252 253/253/253 253/253/253 
f 253/253/253 254/254/254 253/253/253 
f 253/253/253 254/254/254 255/255/255 
f 254/254/254 256/256/256 255/255/255 
f 255/255/255 256/256/256 256/256/256 
f 256/256/256 257/257/257 256/256/256 
f 256/256/256 257/257/257 257/257/257 
f 257/257/257 258/258/258 257/257/257 
f 257/257/257 258/258/258 259/259/259 
f 258/258/258 260/260/260 259/259/259 
f 259/259/259 260/260/260 260/260/260 
f 260/260/260 261/261/261 260/260/260 
f 260/260/260 261/261/261 261/261/261 
f 261/261/261 262/262/262 261/261/261 
f 261/261/261 262/262/262 263/263/263 
f 262/262/262 264/264/264 263/263/263 
f 263/263/263 264/264/264 264/264/264 
f 264/264/264 265/265/265 264/264/264 
f 264/264/264 265/265/265 265/265/265 
f 265/265/265 266/266/266 265/265/265 
f 265/265/265 266/266/266 267/267/267 
f 266/266/266 268/268/268 267/267/267 
f 267/267/267 268/268/268 268/268/268 
f 268/268/268 266/266/266 268/268/268 
f 268/268/268 266/266/266 269/269/269 
f 266/266/266 270/270/270 269/269/269 
f 269/269/269 270/270/270 270/270/270 
f 270/270/270 271/271/271 270/270/270 
f 270/270/270 271/271/271 271/271/271 
f 271/271/271 272/272/272 271/271/271 
f 271/271/271 272/272/272 273/273/273 
f 272/272/272 274/274/274 273/273/273 
f 273/273/273 274/274/274 274/274/274 
f 274/274/274 275/275/275 274/274/274 
f 274/274/274 275/275/275 275/275/275 
f 275/275/275 276/276/276 275/275/275 
f 275/275/275 276/276/276 277/277/277 
f 276/276/276 278/278/278 277/277/277 
f 277/277/277 278/278/278 278/278/278 
f 278/278/278 279/279/279 278/278/278 
f 278/278/278 279/279/279 279/279/279 
f 279/279/279 280/280/280 279/279/279 
f 279/279/279 280/280/280 281/281/281 
f 280/280/280 282/282/282 281/281/281 
f 281/281/281 282/282/282 282/282/282 
f 282/282/282 283/283/283 282/282/282 
f 282/282/282 283/283/283 283/283/283 
f 283/283/283 284/284/284 283/283/283 
f 283/283/283 284/284/284 285/285/285 
f 284/284/284 286/286/286 285/285/285 
f 285/285/285 286/286/286 286/286/286 
f 286/286/286 284/284/284 286/286/286 
f 286/286/286 284/284/284 287/287/287 
f 284/284/284 288/288/288 287/287/287 
f 287/287/287 288/288/288 288/288/288 
f 288/288/288 289/289/289 288/288/288 
f 288/288/288 289/289/289 289/289/289 
f 289/289/289 290/290/290 289/289/289 
f 289/289/289 290/290/290 291/291/291 
f 290/290/290 292/292/292 291/291/291 
f 291/291/291 292/292/292 292/292/292 
f 292/292/292 293/293/293 292/292/292 
f 292/292/292 293/293/293 293/293/293 
f 293/293/293 294/294/294 293/293/293 
f 293/293/293 294/294/294 295/295/295 
f 294/294/294 296/296/296 295/295/295 
f 295/295/295 296/296/296 296/296/296 
f 296/296/296 297/297/297 296/296/296 
f 296/296/296 297/297/297 297/297/297 
f 297/297/297 298/298/298 297/297/297 
f 297/297/297 298/298/298 299/299/299 
f 298/298/298 300/300/300 299/299/299 
f 299/299/299 300/300/300 300/300/300 
f 300/300/300 301/301/301 300/300/300 
f 300/300/300 301/301/301 301/301/301 
f 301/301/301 302/302/302 301/301/301 
f 301/301/301 302/302/302 303/303/303 
f 302/302/302 304/304/304 303/303/303 
f 303/303/303 304/304/304 304/304/304 
f 304/304/304 305/305/305 304/304/304 
f 304/304/304 305/305/305 305/305/305 
f 305/305/305 306/306/306 305/305/305 
f 305/305/305 306/306/306 307/307/307 
f 306/306/306 308/308/308 307/307/307 
f 307/307/307 308/308/308 308/308/308 
f 308/308/308 309/309/309 308/308/308 
f 308/308/308 309/309/309 309/309/309 
f 309/309/309 310/310/310 309/309/309 
f 309/309/309 310/310/310 311/311/311 
f 310/310/310 312/312/312 311/311/311 
f 311/311/311 312/312/312 312/312/312 
f 312/312/312 313/313/313 312/312/312 
f 312/312/312 313/313/313 313/313/313 
f 313/313/313 314/314/314 313/313/313 
f 313/313/313 314/314/314 315/315/315 
f 314/314/314 316/316/316 315/315/315 
f 315/315/315 316/316/316 317/317/317 
f 316/316/316 318/318/318 317/317/317 
f 317/317/317 318/318/318 318/318/318 
f 318/318/318 319/319/319 318/318/318 
f 318/318/318 319/319/319 319/319/319 
f 319/319/319 320/320/320 319/319/319 
f 319/319/319 320/320/320 321/321/321 
f 320/320/320 322/322/322 321/321/321 
f 321/321/321 322/322/322 323/323/323 
f 322/322/322 323/323/323 323/323/323 
f 323/323/323 323/323/323 324/324/324 
f 323/323/323 324/324/324 324/324/324 
f 324/324/324 324/324/324 324/324/324 
f 324/324/324 325/325/325 324/324/324 
f 324/324/324 325/325/325 326/326/326 
f 325/325/325 327/327/327 326/326/326 
f 326/326/326 327/327/327 327/327/327 
f 327/327/327 328/328/328 327/327/327 
f 327/327/327 328/328/328 328/328/328 
f 328/328/328 329/329/329 328/328/328 
f 328/328/328 329/329/329 330/330/330 
f 329/329/329 331/331/331 330/330/330 
f 330/330/330 331/331/331 331/331/331 
f 331/331/331 332/332/332 331/331/331 
f 331/331/331 332/332/332 332/332/332 
f 332/332/332 333/333/333 332/332/332 
f 332/332/332 333/333/333 334/334/334 
f 333/333/333 335/335/335 334/334/334 
f 334/334/334 335/335/335 335/335/335 
f 335/335/335 336/336/336 335/335/335 
f 335/335/335 336/336/336 336/336/336 
f 336/336/336 337/337/337 336/336/336 
f 336/336/336 337/337/337 338/338/338 
f 337/337/337 339/339/339 338/338/338 
f 338/338/338 339/339/339 340/340/340 
f 339/339/339 341/341/341 340/340/340 
f 340/340/340 341/341/341 342/342/342 
f 341/341/341 343/343/343 342/342/342 
f 342/342/342 343/343/343 343/343/343 
f 343/343/343 344/344/344 343/343/343 
f 343/343/343 344/344/344 344/344/344 
f 344/344/344 345/345/345 344/344/344 
f 344/344/344 345/345/345 346/346/346 
f 345/345/345 347/347/347 346/346/346 
f 346/346/346 347/347/347 348/348/348 
f 347/347/347 348/348/348 348/348/348 
f 348/348/348 348/348/348 346/346/346 
f 348/348/348 346/346/346 346/346/346 
f 346/346/346 346/346/346 346/346/346 
f 346/346/346 348/348/348 346/346/346 
f 346/346/346 348/348/348 349/349/349 
f 348/348/348 350/350/350 349/349/349 
f 349/349/349 350/350/350 350/350/350 
f 350/350/350 351/351/351 350/350/350 
f 350/350/350 351/351/351 351/351/351 
f 351/351/351 352/352/352 351/351/351 
f 351/351/351 352/352/352 353/353/353 
f 352/352/352 354/354/354 353/353/353 
f 353/353/353 354/354/354 354/354/354 
f 354/354/354 355/355/355 354/354/354 
f 354/354/354 355/355/355 355/355/355 
f 355/355/355 356/356/356 355/355/355 
f 355/355/355 356/356/356 357/357/357 
f 356/356/356 358/358/358 357/357/357 
f 357/357/357 358/358/358 358/358/358 
f 358/358/358 359/359/359 358/358/358 
f 358/358/358 359/359/359 359/359/359 
f 359/359/359 360/360/360 359/359/359 
f 359/359/359 360/360/360 361/361/361 
f 360/360/360 362/362/362 361/361/361 
f 361/361/361 362/362/362 362/362/362 
f 362/362/362 363/363/363 362/362/362 
f 362/362/362 363/363/363 363/363/363 
f 363/363/363 364/364/364 363/363/363 
f 363/363/363 364/364/364 365/365/365 
f 364/364/364 366/366/366 365/365/365 
f 365/365/365 366/366/366 366/366/366 
f 366/366/366 367/367/367 366/366/366 
f 366/366/366 367/367/367 367/367/367 
f 367/367/367 368/368/368 367/367/367 
f 367/367/367 368/368/368 369/369/369 
f 368/368/368 370/370/370 369/369/369 
f 369/369/369 370/370/370 371/371/371 
f 370/370/370 372/372/372 371/371/371 
f 371/371/371 372/372/372 372/372/372 
f 372/372/372 373/373/373 372/372/372 
f 372/372/372 373/373/373 373/373/373 
f 373/373/373 374/374/374 373/373/373 
f 373/373/373 374/374/374 375/375/375 
f 374/374/374 376/376/376 375/375/375 
f 375/375/375 376/376/376 376/376/376 
f 376/376/376 377/377/377 376/376/376 
f 376/376/376 377/377/377 377/377/377 
f 377/377/377 378/378/378 377/377/377 
f 377/377/377 378/378/378 379/379/379 
f 378/378/378 380/380/380 379/379/379 
f 379/379/379 380/380/380 380/380/380 
f 380/380/380 378/378/378 380/380/380 
f 380/380/380 378/378/378 381/381/381 
f 378/378/378 382/382/382 381/381/381 
f 381/381/381 382/382/382 382/382/382 
f 382/382/382 383/383/383 382/382/382 
f 382/382/382 383/383/383 383/383/383 
f 383/383/383 384/384/384 383/383/383 
f 383/383/383 384/384/384 385/385/385 
f 384/384/384 386/386/386 385/385/385 
f 385/385/385 386/386/386 386/386/386 
f 386/386/386 387/387/387 386/386/386 
f 386/386/386 387/387/387 387/387/387 
f 387/387/387 388/388/388 387/387/387 
f 387/387/387 388/388/388 389/389/389 
f 388/388/388 390/390/390 389/389/389 
f 389/389/389 390/390/390 390/390/390 
f 390/390/390 391/391/391 390/390/390 
f 390/390/390 391/391/391 391/391/391 
f 391/391/391 392/392/392 391/391/391 
f 391/391/391 392/392/392 393/393/393 
f 392/392/392 394/394/394 393/393/393 
f 393/393/393 394/394/394 395/395/395 
f 394/394/394 395/395/395 395/395/395 
f 395/395/395 395/395/395 392/392/392 
f 395/395/395 392/392/392 392/392/392 
f 392/392/392 392/392/392 392/392/392 
f 392/392/392 396/396/396 392/392/392 
f 392/392/392 396/396/396 394/394/394 
f 396/396/396 397/397/397 394/394/394 
f 394/394/394 397/397/397 397/397/397 
f 397/397/397 398/398/398 397/397/397 
f 397/397/397 398/398/398 398/398/398 
f 398/398/398 399/399/399 398/398/398 
f 398/398/398 399/399/399 400/400/400 
f 399/399/399 401/401/401 400/400/400 
f 400/400/400 401/401/401 401/401/401 
f 401/401/401 402/402/402 401/401/401 
f 401/401/401 402/402/402 402/402/402 
f 402/402/402 403/403/403 402/402/402 
f 402/402/402 403/403/403 404/404/404 
f 403/403/403 405/405/405 404/404/404 
f 404/404/404 405/405/405 405/405/405 
f 405/405/405 406/406/406 405/405/405 
f 405/405/405 406/406/406 406/406/406 
f 406/406/406 407/407/407 406/406/406 
f 406/406/406 407/407/407 408/408/408 
f 407/407/407 409/409/409 408/408/408 
f 408/408/408 409/409/409 409/409/409 
f 409/409/409 410/410/410 409/409/409 
f 409/409/409 410/410/410 410/410/410 
f 410/410/410 411/411/411 410/410/410 
f 410/410/410 411/411/411 412/412/412 
f 411/411/411 413/413/413 412/412/412 
f 412/412/412 413/413/413 413/413/413 
f 413/413/413 414/414/414 413/413/413 
f 413/413/413 414/414/414 414/414/414 
f 414/414/414 415/415/415 414/414/414 
f 414/414/414 415/415/415 416/416/416 
f 415/415/415 417/417/417 416/416/416 
f 416/416/416 417/417/417 417/417/417 
f 417/417/417 418/418/418 417/417/417 
f 417/417/417 418/418/418 418/418/418 
f 418/418/418 419/419/419 418/418/418 
f 418/418/418 419/419/419 420/420/420 
f 419/419/419 421/421/421 420/420/420 
f 420/420/420 421/421/421 422/422/422 
f 421/421/421 423/423/423 422/422/422 
f 422/422/422 423/423/423 423/423/423 
f 423/423/423 424/424/424 423/423/423 
f 423/423/423 424/424/424 424/424/424 
f 424/424/424 425/425/425 424/424/424 
f 424/424/424 425/425/425 426/426/426 
f 425/425/425 427/427/427 426/426/426 
f 426/426/426 427/427/427 428/428/428 
f 427/427/427 429/429/429 428/428/428 
f 428/428/428 429/429/429 429/429/429 
f 429/429/429 430/430/430 429/429/429 
f 429/429/429 430/430/430 430/430/430 
f 430/430/430 431/431/431 430/430/430 
f 430/430/430 431/431/431 432/432/432 
f 431/431/431 433/433/433 432/432/432 
f 432/432/432 433/433/433 433/433/433 
f 433/433/433 431/431/431 433/433/433 
f 433/433/433 431/431/431 434/434/434 
f 431/431/431 435/435/435 434/434/434 
f 434/434/434 435/435/435 436/436/436 
f 435/435/435 436/436/436 436/436/436 
f 436/436/436 436/436/436 437/437/437 
f 436/436/436 437/437/437 437/437/437 
f 437/437/437 437/437/437 437/437/437 
f 437/437/437 438/438/438 437/437/437 
f 437/437/437 438/438/438 439/439/439 
f 438/438/438 440/440/440 439/439/439 
f 439/439/439 440/440/440 440/440/440 
f 440/440/440 438/438/438 440/440/440 
f 440/440/440 438/438/438 438/438/438 
f 438/438/438 441/441/441 438/438/438 
f 438/438/438 441/441/441 440/440/440 
f 441/441/441 442/442/442 440/440/440 
f 440/440/440 442/442/442 442/442/442 
f 442/442/442 441/441/441 442/442/442 
f 442/442/442 441/441/441 441/441/441 
f 441/441/441 443/443/443 441/441/441 
f 441/441/441 443/443/443 442/442/442 
f 443/443/443 444/444/444 442/442/442 
f 442/442/442 444/444/444 444/444/444 
f 444/444/444 443/443/443 444/444/444 
f 444/444/444 443/443/443 443/443/443 
f 443/443/443 445/445/445 443/443/443 
f 443/443/443 445/445/445 444/444/444 
f 445/445/445 446/446/446 444/444/444 
f 444/444/444 446/446/446 446/446/446 
f 446/446/446 445/445/445 446/446/446 
f 446/446/446 445/445/445 445/445/445 
f 445/445/445 447/447/447 445/445/445 
f 445/445/445 447/447/447 446/446/446 
f 447/447/447 448/448/448 446/446/446 
f 446/446/446 448/448/448 448/448/448 
f 448/448/448 447/447/447 448/448/448 
f 448/448/448 447/447/447 447/447/447 
f 447/447/447 449/449/449 447/447/447 
f 447/447/447 449/449/449 448/448/448 
f 449/449/449 450/450/450 448/448/448 
f 448/448/448 450/450/450 450/450/450 
f 450/450/450 449/449/449 450/450/450 
f 450/450/450 449/449/449 449/449/449 
f 449/449/449 451/451/451 449/449/449 
f 449/449/449 451/451/451 450/450/450 
f 451/451/451 452/452/452 450/450/450 
f 450/450/450 452/452/452 452/452/452 
f 452/452/452 451/451/451 452/452/452 
f 452/452/452 451/451/451 451/451/451 
f 451/451/451 453/453/453 451/451/451 
f 451/451/451 453/453/453 452/452/452 
f 453/453/453 454/454/454 452/452/452 
f 452/452/452 454/454/454 454/454/454 
f 454/454/454 455/455/455 454/454/454 
f 454/454/454 455/455/455 455/455/455 
f 455/455/455 456/456/456 455/455/455 
f 455/455/455 456/456/456 457/457/457 
f 456/456/456 458/458/458 457/457/457 
f 457/457/457 458/458/458 459/459/459 
f 458/458/458 459/459/459 459/459/459 
f 459/459/459 459/459/459 456/456/456 
f 459/459/459 456/456/456 456/456/456 
f 456/456/456 456/456/456 456/456/456 
f 456/456/456 460/460/460 456/456/456 
f 456/456/456 460/460/460 458/458/458 
f 460/460/460 461/461/461 458/458/458 
f 458/458/458 461/461/461 461/461/461 
f 461/461/461 462/462/462 461/461/461 
f 461/461/461 462/462/462 462/462/462 
f 462/462/462 463/463/463 462/462/462 
f 462/462/462 463/463/463 464/464/464 
f 463/463/463 465/465/465 464/464/464 
f 464/464/464 465/465/465 466/466/466 
f 465/465/465 467/467/467 466/466/466 
f 466/466/466 467/467/467 468/468/468 
f 467/467/467 469/469/469 468/468/468 
f 468/468/468 469/469/469 470/470/470 
f 469/469/469 471/471/471 470/470/470 
f 470/470/470 471/471/471 472/472/472 
f 471/471/471 473/473/473 472/472/472 
f 472/472/472 473/473/473 474/474/474 
f 473/473/473 475/475/475 474/474/474 
f 474/474/474 475/475/475 476/476/476 
f 475/475/475 477/477/477 476/476/476 
f 476/476/476 477/477/477 478/478/478 
f 477/477/477 479/479/479 478/478/478 
f 478/478/478 479/479/479 479/479/479 
f 479/479/479 480/480/480 479/479/479 
f 479/479/479 480/480/480 480/480/480 
f 480/480/480 481/481/481 480/480/480 
f 480/480/480 481/481/481 482/482/482 
f 481/481/481 483/483/483 482/482/482 
f 482/482/482 483/483/483 483/483/483 
f 483/483/483 484/484/484 483/483/483 
f 483/483/483 484/484/484 484/484/484 
f 484/484/484 485/485/485 484/484/484 
f 484/484/484 485/485/485 486/486/486 
f 485/485/485 487/487/487 486/486/486 
f 486/486/486 487/487/487 487/487/487 
f 487/487/487 488/488/488 487/487/487 
f 487/487/487 488/488/488 488/488/488 
f 488/488/488 489/489/489 488/488/488 
f 488/488/488 489/489/489 490/490/490 
f 489/489/489 491/491/491 490/490/490 
f 490/490/490 491/491/491 492/492/492 
f 491/491/491 493/493/493 492/492/492 
f 492/492/492 493/493/493 493/493/493 
f 493/493/493 494/494/494 493/493/493 
f 493/493/493 494/494/494 494/494/494 
f 494/494/494 495/495/495 494/494/494 
f 494/494/494 495/495/495 496/496/496 
f 495/495/495 497/497/497 496/496/496 
f 496/496/496 497/497/497 498/498/498 
f 497/497/497 498/498/498 498/498/498 
f 498/498/498 498/498/498 497/497/497 
f 498/498/498 497/497/497 497/497/497 
f 497/497/497 497/497/497 497/497/497 
f 497/497/497 495/495/495 497/497/497 
f 497/497/497 495/495/495 499/499/499 
f 495/495/495 500/500/500 499/499/499 
f 499/499/499 500/500/500 500/500/500 
f 500/500/500 501/501/501 500/500/500 
f 500/500/500 501/501/501 501/501/501 
f 501/501/501 502/502/502 501/501/501 
f 501/501/501 502/502/502 503/503/503 
f 502/502/502 504/504/504 503/503/503 
f 503/503/503 504/504/504 505/505/505 
f 504/504/504 506/506/506 505/505/505 
f 505/505/505 506/506/506 506/506/506 
f 506/506/506 507/507/507 506/506/506 
f 506/506/506 507/507/507 507/507/507 
f 507/507/507 508/508/508 507/507/507 
f 507/507/507 508/508/508 509/509/509 
f 508/508/508 510/510/510 509/509/509 
f 509/509/509 510/510/510 510/510/510 
f 510/510/510 508/508/508 510/510/510 
f 510/510/510 508/508/508 508/508/508 
f 508/508/508 511/511/511 508/508/508 
f 508/508/508 511/511/511 510/510/510 
f 511/511/511 512/512/512 510/510/510 
f 510/510/510 512/512/512 513/513/513 
f 512/512/512 513/513/513 513/513/513 
f 513/513/513 513/513/513 513/513/513 
f 513/513/513 514/514/514 513/513/513 
f 513/513/513 514/514/514 510/510/510 
f 514/514/514 515/515/515 510/510/510 
f 510/510/510 515/515/515 515/515/515 
f 515/515/515 516/516/516 515/515/515 
f 515/515/515 516/516/516 516/516/516 
f 516/516/516 517/517/517 516/516/516 
f 516/516/516 517/517/517 518/518/518 
f 517/517/517 519/519/519 518/518/518 
f 518/518/518 519/519/519 520/520/520 
f 519/519/519 521/521/521 520/520/520 
f 520/520/520 521/521/521 522/522/522 
f 521/521/521 523/523/523 522/522/522 
f 522/522/522 523/523/523 524/524/524 
f 523/523/523 525/525/525 524/524/524 
f 524/524/524 525/525/525 526/526/526 
f 525/525/525 527/527/527 526/526/526 
f 526/526/526 527/527/527 528/528/528 
f 527/527/527 529/529/529 528/528/528 
f 528/528/528 529/529/529 530/530/530 
f 529/529/529 531/531/531 530/530/530 
f 530/530/530 531/531/531 532/532/532 
f 531/531/531 533/533/533 532/532/532 
f 532/532/532 533/533/533 533/533/533 
f 533/533/533 534/534/534 533/533/533 
f 533/533/533 534/534/534 534/534/534 
f 534/534/534 535/535/535 534/534/534 
f 534/534/534 535/535/535 536/536/536 
f 535/535/535 537/537/537 536/536/536 
f 536/536/536 537/537/537 538/538/538 
f 537/537/537 538/538/538 538/538/538 
f 538/538/538 538/538/538 537/537/537 
f 538/538/538 537/537/537 537/537/537 
f 537/537/537 537/537/537 537/537/537 
f 537/537/537 535/535/535 537/537/537 
f 537/537/537 535/535/535 539/539/539 
f 535/535/535 540/540/540 539/539/539 
f 539/539/539 540/540/540 540/540/540 
f 540/540/540 541/541/541 540/540/540 
f 540/540/540 541/541/541 541/541/541 
f 541/541/541 542/542/542 541/541/541 
f 541/541/541 542/542/542 543/543/543 
f 542/542/542 544/544/544 543/543/543 
f 543/543/543 544/544/544 544/544/544 
f 544/544/544 542/542/542 544/544/544 
f 544/544/544 542/542/542 542/542/542 
f 542/542/542 545/545/545 542/542/542 
f 542/542/542 545/545/545 544/544/544 
f 545/545/545 546/546/546 544/544/544 
f 544/544/544 546/546/546 546/546/546 
f 546/546/546 545/545/545 546/546/546 
f 546/546/546 545/545/545 545/545/545 
f 545/545/545 547/547/547 545/545/545 
f 545/545/545 547/547/547 546/546/546 
f 547/547/547 548/548/548 546/546/546 
f 546/546/546 548/548/548 548/548/548 
f 548/548/548 549/549/549 548/548/548 
f 548/548/548 549/549/549 549/549/549 
f 549/549/549 550/550/550 549/549/549 
f 549/549/549 550/550/550 551/551/551 
f 550/550/550 552/552/552 551/551/551 
f 551/551/551 552/552/552 552/552/552 
f 552/552/552 553/553/553 552/552/552 
f 552/552/552 553/553/553 553/553/553 
f 553/553/553 554/554/554 553/553/553 
f 553/553/553 554/554/554 555/555/555 
f 554/554/554 556/556/556 555/555/555 
f 555/555/555 556/556/556 556/556/556 
f 556/556/556 557/557/557 556/556/556 
f 556/556/556 557/557/557 557/557/557 
f 557/557/557 558/558/558 557/557/557 
f 557/557/557 558/558/558 559/559/559 
f 558/558/558 560/560/560 559/559/559 
f 559/559/559 560/560/560 560/560/560 
f 560/560/560 561/561/561 560/560/560 
f 560/560/560 561/561/561 561/561/561 
f 561/561/561 562/562/562 561/561/561 
f 561/561/561 562/562/562 563/563/563 
f 562/562/562 564/564/564 563/563/563 
f 563/563/563 564/564/564 564/564/564 
f 564/564/564 565/565/565 564/564/564 
f 564/564/564 565/565/565 565/565/565 
f 565/565/565 566/566/566 565/565/565 
f 565/565/565 566/566/566 567/567/567 
f 566/566/566 568/568/568 567/567/567 
f 567/567/567 568/568/568 568/568/568 
f 568/568/568 566/566/566 568/568/568 
f 568/568/568 566/566/566 569/569/569 
f 566/566/566 570/570/570 569/569/569 
f 569/569/569 570/570/570 571/571/571 
f 570/570/570 571/571/571 571/571/571 
f 571/571/571 571/571/571 572/572/572 
f 571/571/571 572/572/572 572/572/572 
f 572/572/572 572/572/572 572/572/572 
f 572/572/572 573/573/573 572/572/572 
f 572/572/572 573/573/573 574/574/574 
f 573/573/573 575/575/575 574/574/574 
f 574/574/574 575/575/575 575/575/575 
f 575/575/575 576/576/576 575/575/575 
f 575/575/575 576/576/576 576/576/576 
f 576/576/576 577/577/577 576/576/576 
f 576/576/576 577/577/577 578/578/578 
f 577/577/577 579/579/579 578/578/578 
f 578/578/578 579/579/579 579/579/579 
f 579/579/579 577/577/577 579/579/579 
f 579/579/579 577/577/577 577/577/577 
f 577/577/577 580/580/580 577/577/577 
f 577/577/577 580/580/580 579/579/579 
f 580/580/580 581/581/581 579/579/579 
f 579/579/579 581/581/581 581/581/581 
f 581/581/581 580/580/580 581/581/581 
f 581/581/581 580/580/580 580/580/580 
f 580/580/580 582/582/582 580/580/580 
f 580/580/580 582/582/582 581/581/581 
f 582/582/582 583/583/583 581/581/581 
f 581/581/581 583/583/583 583/583/583 
f 583/583/583 584/584/584 583/583/583 
f 583/583/583 584/584/584 584/584/584 
f 584/584/584 585/585/585 584/584/584 
f 584/584/584 585/585/585 586/586/586 
f 585/585/585 587/587/587 586/586/586 
f 586/586/586 587/587/587 587/587/587 
f 587/587/587 588/588/588 587/587/587 
f 587/587/587 588/588/588 588/588/588 
f 588/588/588 589/589/589 588/588/588 
f 588/588/588 589/589/589 590/590/590 
f 589/589/589 591/591/591 590/590/590 
f 590/590/590 591/591/591 592/592/592 
f 591/591/591 592/592/592 592/592/592 
f 592/592/592 592/592/592 593/593/593 
f 592/592/592 593/593/593 593/593/593 
f 593/593/593 593/593/593 593/593/593 
f 593/593/593 594/594/594 593/593/593 
f 593/593/593 594/594/594 595/595/595 
f 594/594/594 596/596/596 595/595/595 
f 595/595/595 596/596/596 596/596/596 
f 596/596/596 597/597/597 596/596/596 
f 596/596/596 597/597/597 597/597/597 
f 597/597/597 598/598/598 597/597/597 
f 597/597/597 598/598/598 599/599/599 
f 598/598/598 600/600/600 599/599/599 
f 599/599/599 600/600/600 601/601/601 
f 600/600/600 601/601/601 601/601/601 
f 601/601/601 601/601/601 598/598/598 
f 601/601/601 598/598/598 598/598/598 
f 598/598/598 598/598/598 598/598/598 
f 598/598/598 602/602/602 598/598/598 
f 598/598/598 602/602/602 600/600/600 
f 602/602/602 603/603/603 600/600/600 
f 600/600/600 603/603/603 603/603/603 
f 603/603/603 604/604/604 603/603/603 
f 603/603/603 604/604/604 604/604/604 
f 604/604/604 605/605/605 604/604/604 
f 604/604/604 605/605/605 606/606/606 
f 605/605/605 607/607/607 606/606/606 
f 606/606/606 607/607/607 608/608/608 
f 607/607/607 609/609/609 608/608/608 
f 608/608/608 609/609/609 609/609/609 
f 609/609/609 610/610/610 609/609/609 
f 609/609/609 610/610/610 610/610/610 
f 610/610/610 611/611/611 610/610/610 
f 610/610/610 611/611/611 612/612/612 
f 611/611/611 613/613/613 612/612/612 
f 612/612/612 613/613/613 613/613/613 
f 613/613/613 614/614/614 613/613/613 
f 613/613/613 614/614/614 614/614/614 
f 614/614/614 615/615/615 614/614/614 
f 614/614/614 615/615/615 616/616/616 
f 615/615/615 617/617/617 616/616/616 
f 616/616/616 617/617/617 618/618/618 
f 617/617/617 618/618/618 618/618/618 
f 618/618/618 618/618/618 619/619/619 
f 618/618/618 619/619/619 619/619/619 
f 619/619/619 619/619/619 619/619/619 
f 619/619/619 620/620/620 619/619/619 
f 619/619/619 620/620/620 621/621/621 
f 620/620/620 622/622/622 621/621/621 
f 621/621/621 622/622/622 623/623/623 
f 622/622/622 624/624/624 623/623/623 
f 623/623/623 624/624/624 625/625/625 
f 624/624/624 626/626/626 625/625/625 
f 625/625/625 626/626/626 626/626/626 
f 626/626/626 623/623/623 626/626/626 
f 626/626/626 623/623/623 623/623/623 
f 623/623/623 627/627/627 623/623/623 
f 623/623/623 627/627/627 621/621/621 
f 627/627/627 628/628/628 621/621/621 
f 621/621/621 628/628/628 629/629/629 
f 628/628/628 630/630/630 629/629/629 
f 629/629/629 630/630/630 631/631/631 
f 630/630/630 631/631/631 631/631/631 
f 631/631/631 631/631/631 629/629/629 
f 631/631/631 629/629/629 629/629/629 
f 629/629/629 629/629/629 629/629/629 
f 629/629/629 631/631/631 629/629/629 
f 629/629/629 631/631/631 632/632/632 
f 631/631/631 633/633/633 632/632/632 
f 632/632/632 633/633/633 634/634/634 
f 633/633/633 635/635/635 634/634/634 
f 634/634/634 635/635/635 636/636/636 
f 635/635/635 637/637/637 636/636/636 
f 636/636/636 637/637/637 638/638/638 
f 637/637/637 639/639/639 638/638/638 
f 638/638/638 639/639/639 640/640/640 
f 639/639/639 641/641/641 640/640/640 
f 640/640/640 641/641/641 642/642/642 
f 641/641/641 643/643/643 642/642/642 
f 642/642/642 643/643/643 643/643/643 
f 643/643/643 641/641/641 643/643/643 
f 643/643/643 641/641/641 641/641/641 
f 641/641/641 644/644/644 641/641/641 
f 641/641/641 644/644/644 643/643/643 
f 644/644/644 645/645/645 643/643/643 
f 643/643/643 645/645/645 646/646/646 
f 645/645/645 647/647/647 646/646/646 
f 646/646/646 647/647/647 647/647/647 
f 647/647/647 646/646/646 647/647/647 
f 647/647/647 646/646/646 646/646/646 
f 646/646/646 648/648/648 646/646/646 
f 646/646/646 648/648/648 643/643/643 
f 648/648/648 649/649/649 643/643/643 
f 643/643/643 649/649/649 649/649/649 
f 649/649/649 627/627/627 649/649/649 
f 649/649/649 627/627/627 627/627/627 
f 627/627/627 623/623/623 627/627/627 
f 627/627/627 623/623/623 650/650/650 
f 623/623/623 651/651/651 650/650/650 
f 650/650/650 651/651/651 652/652/652 
f 651/651/651 645/645/645 652/652/652 
f 652/652/652 645/645/645 644/644/644 
f 645/645/645 644/644/644 644/644/644 
f 644/644/644 644/644/644 653/653/653 
f 644/644/644 653/653/653 653/653/653 
f 653/653/653 653/653/653 653/653/653 
f 653/653/653 654/654/654 653/653/653 
f 653/653/653 654/654/654 655/655/655 
f 654/654/654 656/656/656 655/655/655 
f 655/655/655 656/656/656 656/656/656 
f 656/656/656 654/654/654 656/656/656 
f 656/656/656 654/654/654 654/654/654 
f 654/654/654 657/657/657 654/654/654 
f 654/654/654 657/657/657 656/656/656 
f 657/657/657 658/658/658 656/656/656 
f 656/656/656 658/658/658 658/658/658 
f 658/658/658 659/659/659 658/658/658 
f 658/658/658 659/659/659 659/659/659 
f 659/659/659 660/660/660 659/659/659 
f 659/659/659 660/660/660 661/661/661 
f 660/660/660 662/662/662 661/661/661 
f 661/661/661 662/662/662 663/663/663 
f 662/662/662 663/663/663 663/663/663 
f 663/663/663 663/663/663 660/660/660 
f 663/663/663 660/660/660 660/660/660 
f 660/660/660 660/660/660 660/660/660 
f 660/660/660 664/664/664 660/660/660 
f 660/660/660 664/664/664 662/662/662 
f 664/664/664 665/665/665 662/662/662 
f 662/662/662 665/665/665 665/665/665 
f 665/665/665 666/666/666 665/665/665 
f 665/665/665 666/666/666 666/666/666 
f 666/666/666 667/667/667 666/666/666 
f 666/666/666 667/667/667 668/668/668 
f 667/667/667 669/669/669 668/668/668 
f 668/668/668 669/669/669 670/670/670 
f 669/669/669 671/671/671 670/670/670 
f 670/670/670 671/671/671 671/671/671 
f 671/671/671 672/672/672 671/671/671 
f 671/671/671 672/672/672 672/672/672 
f 672/672/672 673/673/673 672/672/672 
f 672/672/672 673/673/673 674/674/674 
f 673/673/673 675/675/675 674/674/674 
f 674/674/674 675/675/675 675/675/675 
f 675/675/675 676/676/676 675/675/675 
f 675/675/675 676/676/676 676/676/676 
f 676/676/676 677/677/677 676/676/676 
f 676/676/676 677/677/677 678/678/678 
f 677/677/677 679/679/679 678/678/678 
f 678/678/678 679/679/679 679/679/679 
f 679/679/679 680/680/680 679/679/679 
f 679/679/679 680/680/680 680/680/680 
f 680/680/680 681/681/681 680/680/680 
f 680/680/680 681/681/681 682/682/682 
f 681/681/681 683/683/683 682/682/682 
f 682/682/682 683/683/683 683/683/683 
f 683/683/683 684/684/684 683/683/683 
f 683/683/683 684/684/684 684/684/684 
f 684/684/684 685/685/685 684/684/684 
f 684/684/684 685/685/685 686/686/686 
f 685/685/685 687/687/687 686/686/686 
f 686/686/686 687/687/687 687/687/687 
f 687/687/687 688/688/688 687/687/687 
f 687/687/687 688/688/688 688/688/688 
f 688/688/688 689/689/689 688/688/688 
f 688/688/688 689/689/689 690/690/690 
f 689/689/689 691/691/691 690/690/690 
f 690/690/690 691/691/691 691/691/691 
f 691/691/691 692/692/692 691/691/691 
f 691/691/691 692/692/692 692/692/692 
f 692/692/692 693/693/693 692/692/692 
f 692/692/692 693/693/693 694/694/694 
f 693/693/693 695/695/695 694/694/694 
f 694/694/694 695/695/695 695/695/695 
f 695/695/695 696/696/696 695/695/695 
f 695/695/695 696/696/696 696/696/696 
f 696/696/696 697/697/697 696/696/696 
f 696/696/696 697/697/697 698/698/698 
f 697/697/697 699/699/699 698/698/698 
f 698/698/698 699/699/699 699/699/699 
f 699/699/699 697/697/697 699/699/699 
f 699/699/699 697/697/697 700/700/700 
f 697/697/697 701/701/701 700/700/700 
f 700/700/700 701/701/701 702/702/702 
f 701/701/701 702/702/702 702/702/702 
f 702/702/702 702/702/702 703/703/703 
f 702/702/702 703/703/703 703/703/703 
f 703/703/703 703/703/703 703/703/703 
f 703/703/703 704/704/704 703/703/703 
f 703/703/703 704/704/704 705/705/705 
f 704/704/704 706/706/706 705/705/705 
f 705/705/705 706/706/706 706/706/706 
f 706/706/706 707/707/707 706/706/706 
f 706/706/706 707/707/707 707/707/707 
f 707/707/707 708/708/708 707/707/707 
f 707/707/707 708/708/708 709/709/709 
f 708/708/708 710/710/710 709/709/709 
f 709/709/709 710/710/710 710/710/710 
f 710/710/710 711/711/711 710/710/710 
f 710/710/710 711/711/711 711/711/711 
f 711/711/711 712/712/712 711/711/711 
f 711/711/711 712/712/712 713/713/713 
f 712/712/712 714/714/714 713/713/713 
f 713/713/713 714/714/714 715/715/715 
f 714/714/714 715/715/715 715/715/715 
f 715/715/715 715/715/715 716/716/716 
f 715/715/715 716/716/716 716/716/716 
f 716/716/716 716/716/716 716/716/716 
f 716/716/716 717/717/717 716/716/716 
f 716/716/716 717/717/717 718/718/718 
f 717/717/717 719/719/719 718/718/718 
f 718/718/718 719/719/719 719/719/719 
f 719/719/719 720/720/720 719/719/719 
f 719/719/719 720/720/720 720/720/720 
f 720/720/720 721/721/721 720/720/720 
f 720/720/720 721/721/721 722/722/722 
f 721/721/721 723/723/723 722/722/722 
f 722/722/722 723/723/723 723/723/723 
f 723/723/723 724/724/724 723/723/723 
f 723/723/723 724/724/724 724/724/724 
f 724/724/724 725/725/725 724/724/724 
f 724/724/724 725/725/725 726/726/726 
f 725/725/725 727/727/727 726/726/726 
f 726/726/726 727/727/727 727/727/727 
f 727/727/727 728/728/728 727/727/727 
f 727/727/727 728/728/728 728/728/728 
f 728/728/728 729/729/729 728/728/728 
f 728/728/728 729/729/729 730/730/730 
f 729/729/729 731/731/731 730/730/730 
f 730/730/730 731/731/731 731/731/731 
f 731/731/731 732/732/732 731/731/731 
f 731/731/731 732/732/732 732/732/732 
f 732/732/732 733/733/733 732/732/732 
f 732/732/732 733/733/733 734/734/734 
f 733/733/733 735/735/735 734/734/734 
f 734/734/734 735/735/735 735/735/735 
f 735/735/735 733/733/733 735/735/735 
f 735/735/735 733/733/733 733/733/733 
f 733/733/733 736/736/736 733/733/733 
f 733/733/733 736/736/736 735/735/735 
f 736/736/736 737/737/737 735/735/735 
f 735/735/735 737/737/737 737/737/737 
f 737/737/737 736/736/736 737/737/737 
f 737/737/737 736/736/736 736/736/736 
f 736/736/736 738/738/738 736/736/736 
f 736/736/736 738/738/738 737/737/737 
f 738/738/738 739/739/739 737/737/737 
f 737/737/737 739/739/739 739/739/739 
f 739/739/739 738/738/738 739/739/739 
f 739/739/739 738/738/738 738/738/738 
f 738/738/738 740/740/740 738/738/738 
f 738/738/738 740/740/740 739/739/739 
f 740/740/740 741/741/741 739/739/739 
f 739/739/739 741/741/741 741/741/741 
f 741/741/741 740/740/740 741/741/741 
f 741/741/741 740/740/740 740/740/740 
f 740/740/740 742/742/742 740/740/740 
f 740/740/740 742/742/742 741/741/741 
f 742/742/742 743/743/743 741/741/741 
f 741/741/741 743/743/743 743/743/743 
f 743/743/743 742/742/742 743/743/743 
f 743/743/743 742/742/742 742/742/742 
f 742/742/742 744/744/744 742/742/742 
f 742/742/742 744/744/744 743/743/743 
f 744/744/744 745/745/745 743/743/743 
f 743/743/743 745/745/745 745/745/745 
f 745/745/745 744/744/744 745/745/745 
f 745/745/745 744/744/744 744/744/744 
f 744/744/744 746/746/746 744/744/744 
f 744/744/744 746/746/746 745/745/745 
f 746/746/746 747/747/747 745/745/745 
f 745/745/745 747/747/747 747/747/747 
f 747/747/747 746/746/746 747/747/747 
f 747/747/747 746/746/746 746/746/746 
f 746/746/746 748/748/748 746/746/746 
f 746/746/746 748/748/748 747/747/747 
f 748/748/748 749/749/749 747/747/747 
f 747/747/747 749/749/749 749/749/749 
f 749/749/749 750/750/750 749/749/749 
f 749/749/749 750/750/750 750/750/750 
f 750/750/750 751/751/751 750/750/750 
f 750/750/750 751/751/751 752/752/752 
f 751/751/751 753/753/753 752/752/752 
f 752/752/752 753/753/753 753/753/753 
f 753/753/753 754/754/754 753/753/753 
f 753/753/753 754/754/754 754/754/754 
f 754/754/754 755/755/755 754/754/754 
f 754/754/754 755/755/755 756/756/756 
f 755/755/755 757/757/757 756/756/756 
f 756/756/756 757/757/757 757/757/757 
f 757/757/757 758/758/758 757/757/757 
f 757/757/757 758/758/758 758/758/758 
f 758/758/758 759/759/759 758/758/758 
f 758/758/758 759/759/759 760/760/760 
f 759/759/759 761/761/761 760/760/760 
f 760/760/760 761/761/761 761/761/761 
f 761/761/761 759/759/759 761/761/761 
f 761/761/761 759/759/759 759/759/759 
f 759/759/759 762/762/762 759/759/759 
f 759/759/759 762/762/762 761/761/761 
f 762/762/762 763/763/763 761/761/761 
f 761/761/761 763/763/763 763/763/763 
f 763/763/763 764/764/764 763/763/763 
f 763/763/763 764/764/764 764/764/764 
f 764/764/764 765/765/765 764/764/764 
f 764/764/764 765/765/765 766/766/766 
f 765/765/765 767/767/767 766/766/766 
f 766/766/766 767/767/767 767/767/767 
f 767/767/767 768/768/768 767/767/767 
f 767/767/767 768/768/768 768/768/768 
f 768/768/768 769/769/769 768/768/768 
f 768/768/768 769/769/769 770/770/770 
f 769/769/769 771/771/771 770/770/770 
f 770/770/770 771/771/771 771/771/771 
f 771/771/771 772/772/772 771/771/771 
f 771/771/771 772/772/772 772/772/772 
f 772/772/772 773/773/773 772/772/772 
f 772/772/772 773/773/773 774/774/774 
f 773/773/773 775/775/775 774/774/774 
f 774/774/774 775/775/775 775/775/775 
f 775/775/775 776/776/776 775/775/775 
f 775/775/775 776/776/776 776/776/776 
f 776/776/776 777/777/777 776/776/776 
f 776/776/776 777/777/777 778/778/778 
f 777/777/777 779/779/779 778/778/778 
f 778/778/778 779/779/779 779/779/779 
f 779/779/779 780/780/780 779/779/779 
f 779/779/779 780/780/780 780/780/780 
f 780/780/780 781/781/781 780/780/780 
f 780/780/780 781/781/781 782/782/782 
f 781/781/781 783/783/783 782/782/782 
f 782/782/782 783/783/783 783/783/783 
f 783/783/783 784/784/784 783/783/783 
f 783/783/783 784/784/784 784/784/784 
f 784/784/784 785/785/785 784/784/784 
f 784/784/784 785/785/785 786/786/786 
f 785/785/785 787/787/787 786/786/786 
f 786/786/786 787/787/787 787/787/787 
f 787/787/787 788/788/788 787/787/787 
f 787/787/787 788/788/788 788/788/788 
f 788/788/788 789/789/789 788/788/788 
f 788/788/788 789/789/789 790/790/790 
f 789/789/789 791/791/791 790/790/790 
f 790/790/790 791/791/791 791/791/791 
f 791/791/791 792/792/792 791/791/791 
f 791/791/791 792/792/792 792/792/792 
f 792/792/792 793/793/793 792/792/792 
f 792/792/792 793/793/793 794/794/794 
f 793/793/793 795/795/795 794/794/794 
f 794/794/794 795/795/795 795/795/795 
f 795/795/795 796/796/796 795/795/795 
f 795/795/795 796/796/796 796/796/796 
f 796/796/796 797/797/797 796/796/796 
f 796/796/796 797/797/797 798/798/798 
f 797/797/797 799/799/799 798/798/798 
f 798/798/798 799/799/799 799/799/799 
f 799/799/799 800/800/800 799/799/799 
f 799/799/799 800/800/800 800/800/800 
f 800/800/800 801/801/801 800/800/800 
f 800/800/800 801/801/801 802/802/802 
f 801/801/801 803/803/803 802/802/802 
f 802/802/802 803/803/803 803/803/803 
f 803/803/803 804/804/804 803/803/803 
f 803/803/803 804/804/804 804/804/804 
f 804/804/804 805/805/805 804/804/804 
f 804/804/804 805/805/805 806/806/806 
f 805/805/805 807/807/807 806/806/806 
f 806/806/806 807/807/807 808/808/808 
f 807/807/807 809/809/809 808/808/808 
f 808/808/808 809/809/809 809/809/809 
f 809/809/809 810/810/810 809/809/809 
f 809/809/809 810/810/810 810/810/810 
f 810/810/810 811/811/811 810/810/810 
f 810/810/810 811/811/811 812/812/812 
f 811/811/811 813/813/813 812/812/812 
f 812/812/812 813/813/813 813/813/813 
f 813/813/813 814/814/814 813/813/813 
f 813/813/813 814/814/814 814/814/814 
f 814/814/814 815/815/815 814/814/814 
f 814/814/814 815/815/815 816/816/816 
f 815/815/815 817/817/817 816/816/816 
f 816/816/816 817/817/817 818/818/818 
f 817/817/817 819/819/819 818/818/818 
f 818/818/818 819/819/819 820/820/820 
f 819/819/819 821/821/821 820/820/820 
f 820/820/820 821/821/821 821/821/821 
f 821/821/821 822/822/822 821/821/821 
f 821/821/821 822/822/822 822/822/822 
f 822/822/822 823/823/823 822/822/822 
f 822/822/822 823/823/823 824/824/824 
f 823/823/823 825/825/825 824/824/824 
f 824/824/824 825/825/825 825/825/825 
f 825/825/825 823/823/823 825/825/825 
f 825/825/825 823/823/823 823/823/823 
f 823/823/823 826/826/826 823/823/823 
f 823/823/823 826/826/826 825/825/825 
f 826/826/826 827/827/827 825/825/825 
f 825/825/825 827/827/827 827/827/827 
f 827/827/827 828/828/828 827/827/827 
f 827/827/827 828/828/828 828/828/828 
f 828/828/828 829/829/829 828/828/828 
f 828/828/828 829/829/829 830/830/830 
f 829/829/829 831/831/831 830/830/830 
f 830/830/830 831/831/831 831/831/831 
f 831/831/831 832/832/832 831/831/831 
f 831/831/831 832/832/832 832/832/832 
f 832/832/832 638/638/638 832/832/832 
f 832/832/832 638/638/638 833/833/833 
f 638/638/638 834/834/834 833/833/833 
f 833/833/833 834/834/834 834/834/834 
f 834/834/834 638/638/638 834/834/834 
f 834/834/834 638/638/638 638/638/638 
f 638/638/638 640/640/640 638/638/638 
f 638/638/638 640/640/640 834/834/834 
f 640/640/640 835/835/835 834/834/834 
f 834/834/834 835/835/835 835/835/835 
f 835/835/835 640/640/640 835/835/835 
f 835/835/835 640/640/640 640/640/640 
f 640/640/640 836/836/836 640/640/640 
f 640/640/640 836/836/836 835/835/835 
f 836/836/836 837/837/837 835/835/835 
f 835/835/835 837/837/837 837/837/837 
f 837/837/837 838/838/838 837/837/837 
f 837/837/837 838/838/838 838/838/838 
f 838/838/838 839/839/839 838/838/838 
f 838/838/838 839/839/839 840/840/840 
f 839/839/839 841/841/841 840/840/840 
f 840/840/840 841/841/841 841/841/841 
f 841/841/841 839/839/839 841/841/841 
f 841/841/841 839/839/839 839/839/839 
f 839/839/839 842/842/842 839/839/839 
f 839/839/839 842/842/842 841/841/841 
f 842/842/842 843/843/843 841/841/841 
f 841/841/841 843/843/843 843/843/843 
f 843/843/843 844/844/844 843/843/843 
f 843/843/843 844/844/844 844/844/844 
f 844/844/844 845/845/845 844/844/844 
f 844/844/844 845/845/845 846/846/846 
f 845/845/845 847/847/847 846/846/846 
f 846/846/846 847/847/847 847/847/847 
f 847/847/847 848/848/848 847/847/847 
f 847/847/847 848/848/848 848/848/848 
f 848/848/848 849/849/849 848/848/848 
f 848/848/848 849/849/849 850/850/850 
f 849/849/849 851/851/851 850/850/850 
f 850/850/850 851/851/851 851/851/851 
f 851/851/851 852/852/852 851/851/851 
f 851/851/851 852/852/852 852/852/852 
f 852/852/852 853/853/853 852/852/852 
f 852/852/852 853/853/853 854/854/854 
f 853/853/853 855/855/855 854/854/854 
f 854/854/854 855/855/855 855/855/855 
f 855/855/855 853/853/853 855/855/855 
f 855/855/855 853/853/853 856/856/856 
f 853/853/853 857/857/857 856/856/856 
f 856/856/856 857/857/857 857/857/857 
f 857/857/857 858/858/858 857/857/857 
f 857/857/857 858/858/858 858/858/858 
f 858/858/858 859/859/859 858/858/858 
f 858/858/858 859/859/859 860/860/860 
f 859/859/859 861/861/861 860/860/860 
f 860/860/860 861/861/861 861/861/861 
f 861/861/861 859/859/859 861/861/861 
f 861/861/861 859/859/859 862/862/862 
f 859/859/859 863/863/863 862/862/862 
f 862/862/862 863/863/863 863/863/863 
f 863/863/863 864/864/864 863/863/863 
f 863/863/863 864/864/864 864/864/864 
f 864/864/864 865/865/865 864/864/864 
f 864/864/864 865/865/865 866/866/866 
f 865/865/865 867/867/867 866/866/866 
f 866/866/866 867/867/867 867/867/867 
f 867/867/867 868/868/868 867/867/867 
f 867/867/867 868/868/868 868/868/868 
f 868/868/868 869/869/869 868/868/868 
f 868/868/868 869/869/869 870/870/870 
f 869/869/869 871/871/871 870/870/870 
f 870/870/870 871/871/871 871/871/871 
f 871/871/871 872/872/872 871/871/871 
f 871/871/871 872/872/872 872/872/872 
f 872/872/872 873/873/873 872/872/872 
f 872/872/872 873/873/873 874/874/874 
f 873/873/873 875/875/875 874/874/874 
f 874/874/874 875/875/875 875/875/875 
f 875/875/875 876/876/876 875/875/875 
f 875/875/875 876/876/876 876/876/876 
f 876/876/876 877/877/877 876/876/876 
f 876/876/876 877/877/877 878/878/878 
f 877/877/877 879/879/879 878/878/878 
f 878/878/878 879/879/879 880/880/880 
f 879/879/879 881/881/881 880/880/880 
f 880/880/880 881/881/881 881/881/881 
f 881/881/881 882/882/882 881/881/881 
f 881/881/881 882/882/882 882/882/882 
f 882/882/882 883/883/883 882/882/882 
f 882/882/882 883/883/883 884/884/884 
f 883/883/883 885/885/885 884/884/884 
f 884/884/884 885/885/885 885/885/885 
f 885/885/885 886/886/886 885/885/885 
f 885/885/885 886/886/886 886/886/886 
f 886/886/886 887/887/887 886/886/886 
f 886/886/886 887/887/887 888/888/888 
f 887/887/887 889/889/889 888/888/888 
f 888/888/888 889/889/889 889/889/889 
f 889/889/889 890/890/890 889/889/889 
f 889/889/889 890/890/890 890/890/890 
f 890/890/890 891/891/891 890/890/890 
f 890/890/890 891/891/891 892/892/892 
f 891/891/891 893/893/893 892/892/892 
f 892/892/892 893/893/893 893/893/893 
f 893/893/893 894/894/894 893/893/893 
f 893/893/893 894/894/894 894/894/894 
f 894/894/894 895/895/895 894/894/894 
f 894/894/894 895/895/895 896/896/896 
f 895/895/895 897/897/897 896/896/896 
f 896/896/896 897/897/897 897/897/897 
f 897/897/897 898/898/898 897/897/897 
f 897/897/897 898/898/898 898/898/898 
f 898/898/898 899/899/899 898/898/898 
f 898/898/898 899/899/899 900/900/900 
f 899/899/899 901/901/901 900/900/900 
f 900/900/900 901/901/901 901/901/901 
f 901/901/901 902/902/902 901/901/901 
f 901/901/901 902/902/902 902/902/902 
f 902/902/902 903/903/903 902/902/902 
f 902/902/902 903/903/903 904/904/904 
f 903/903/903 634/634/634 904/904/904 
f 904/904/904 634/634/634 634/634/634 
f 634/634/634 903/903/903 634/634/634 
f 634/634/634 903/903/903 903/903/903 
f 903/903/903 905/905/905 903/903/903 
f 903/903/903 905/905/905 634/634/634 
f 905/905/905 632/632/632 634/634/634 
f 634/634/634 632/632/632 632/632/632 
f 632/632/632 905/905/905 632/632/632 
f 632/632/632 905/905/905 905/905/905 
f 905/905/905 906/906/906 905/905/905 
f 905/905/905 906/906/906 632/632/632 
f 906/906/906 907/907/907 632/632/632 
f 632/632/632 907/907/907 907/907/907 
f 907/907/907 908/908/908 907/907/907 
f 907/907/907 908/908/908 908/908/908 
f 908/908/908 909/909/909 908/908/908 
f 908/908/908 909/909/909 910/910/910 
f 909/909/909 911/911/911 910/910/910 
f 910/910/910 911/911/911 911/911/911 
f 911/911/911 909/909/909 911/911/911 
f 911/911/911 909/909/909 912/912/912 
f 909/909/909 913/913/913 912/912/912 
f 912/912/912 913/913/913 913/913/913 
f 913/913/913 914/914/914 913/913/913 
f 913/913/913 914/914/914 914/914/914 
f 914/914/914 915/915/915 914/914/914 
f 914/914/914 915/915/915 916/916/916 
f 915/915/915 917/917/917 916/916/916 
f 916/916/916 917/917/917 917/917/917 
f 917/917/917 918/918/918 917/917/917 
f 917/917/917 918/918/918 918/918/918 
f 918/918/918 919/919/919 918/918/918 
f 918/918/918 919/919/919 920/920/920 
f 919/919/919 921/921/921 920/920/920 
f 920/920/920 921/921/921 921/921/921 
f 921/921/921 922/922/922 921/921/921 
f 921/921/921 922/922/922 922/922/922 
f 922/922/922 923/923/923 922/922/922 
f 922/922/922 923/923/923 924/924/924 
f 923/923/923 925/925/925 924/924/924 
f 924/924/924 925/925/925 925/925/925 
f 925/925/925 926/926/926 925/925/925 
f 925/925/925 926/926/926 926/926/926 
f 926/926/926 927/927/927 926/926/926 
f 926/926/926 927/927/927 928/928/928 
f 927/927/927 929/929/929 928/928/928 
f 928/928/928 929/929/929 929/929/929 
f 929/929/929 930/930/930 929/929/929 
f 929/929/929 930/930/930 930/930/930 
f 930/930/930 931/931/931 930/930/930 
f 930/930/930 931/931/931 932/932/932 
f 931/931/931 933/933/933 932/932/932 
f 932/932/932 933/933/933 933/933/933 
f 933/933/933 934/934/934 933/933/933 
f 933/933/933 934/934/934 934/934/934 
f 934/934/934 935/935/935 934/934/934 
f 934/934/934 935/935/935 936/936/936 
f 935/935/935 937/937/937 936/936/936 
f 936/936/936 937/937/937 937/937/937 
f 937/937/937 938/938/938 937/937/937 
f 937/937/937 938/938/938 938/938/938 
f 938/938/938 939/939/939 938/938/938 
f 938/938/938 939/939/939 940/940/940 
f 939/939/939 941/941/941 940/940/940 
f 940/940/940 941/941/941 941/941/941 
f 941/941/941 942/942/942 941/941/941 
f 941/941/941 942/942/942 942/942/942 
f 942/942/942 943/943/943 942/942/942 
f 942/942/942 943/943/943 944/944/944 
f 943/943/943 945/945/945 944/944/944 
f 944/944/944 945/945/945 946/946/946 
f 945/945/945 947/947/947 946/946/946 
f 946/946/946 947/947/947 947/947/947 
f 947/947/947 943/943/943 947/947/947 
f 947/947/947 943/943/943 943/943/943 
f 943/943/943 948/948/948 943/943/943 
f 943/943/943 948/948/948 945/945/945 
f 948/948/948 949/949/949 945/945/945 
f 945/945/945 949/949/949 947/947/947 
f 949/949/949 950/950/950 947/947/947 
f 947/947/947 950/950/950 950/950/950 
f 950/950/950 948/948/948 950/950/950 
f 950/950/950 948/948/948 948/948/948 
f 948/948/948 951/951/951 948/948/948 
f 948/948/948 951/951/951 949/949/949 
f 951/951/951 952/952/952 949/949/949 
f 949/949/949 952/952/952 950/950/950 
f 952/952/952 953/953/953 950/950/950 
f 950/950/950 953/953/953 953/953/953 
f 953/953/953 951/951/951 953/953/953 
f 953/953/953 951/951/951 951/951/951 
f 951/951/951 954/954/954 951/951/951 
f 951/951/951 954/954/954 952/952/952 
f 954/954/954 955/955/955 952/952/952 
f 952/952/952 955/955/955 953/953/953 
f 955/955/955 956/956/956 953/953/953 
f 953/953/953 956/956/956 956/956/956 
f 956/956/956 954/954/954 956/956/956 
f 956/956/956 954/954/954 954/954/954 
f 954/954/954 957/957/957 954/954/954 
f 954/954/954 957/957/957 955/955/955 
f 957/957/957 958/958/958 955/955/955 
f 955/955/955 958/958/958 956/956/956 
f 958/958/958 959/959/959 956/956/956 
f 956/956/956 959/959/959 959/959/959 
f 959/959/959 957/957/957 959/959/959 
f 959/959/959 957/957/957 957/957/957 
f 957/957/957 960/960/960 957/957/957 
f 957/957/957 960/960/960 958/958/958 
f 960/960/960 961/961/961 958/958/958 
f 958/958/958 961/961/961 959/959/959 
f 961/961/961 962/962/962 959/959/959 
f 959/959/959 962/962/962 962/962/962 
f 962/962/962 960/960/960 962/962/962 
f 962/962/962 960/960/960 960/960/960 
f 960/960/960 963/963/963 960/960/960 
f 960/960/960 963/963/963 961/961/961 
f 963/963/963 964/964/964 961/961/961 
f 961/961/961 964/964/964 962/962/962 
f 964/964/964 965/965/965 962/962/962 
f 962/962/962 965/965/965 965/965/965 
f 965/965/965 963/963/963 965/965/965 
f 965/965/965 963/963/963 963/963/963 
f 963/963/963 966/966/966 963/963/963 
f 963/963/963 966/966/966 964/964/964 
f 966/966/966 967/967/967 964/964/964 
f 964/964/964 967/967/967 965/965/965 
f 967/967/967 965/965/965 965/965/965 
f 965/965/965 965/965/965 968/968/968 
f 965/965/965 968/968/968 968/968/968 
f 968/968/968 968/968/968 968/968/968 
f 968/968/968 969/969/969 968/968/968 
f 968/968/968 969/969/969 970/970/970 
f 969/969/969 971/971/971 970/970/970 
f 970/970/970 971/971/971 971/971/971 
f 971/971/971 972/972/972 971/971/971 
f 971/971/971 972/972/972 972/972/972 
f 972/972/972 973/973/973 972/972/972 
f 972/972/972 973/973/973 974/974/974 
f 973/973/973 975/975/975 974/974/974 
f 974/974/974 975/975/975 976/976/976 
f 975/975/975 976/976/976 976/976/976 
f 976/976/976 976/976/976 977/977/977 
f 976/976/976 977/977/977 977/977/977 
f 977/977/977 977/977/977 977/977/977 
f 977/977/977 978/978/978 977/977/977 
f 977/977/977 978/978/978 979/979/979 
f 978/978/978 980/980/980 979/979/979 
f 979/979/979 980/980/980 980/980/980 
f 980/980/980 981/981/981 980/980/980 
f 980/980/980 981/981/981 981/981/981 
f 981/981/981 982/982/982 981/981/981 
f 981/981/981 982/982/982 983/983/983 
f 982/982/982 984/984/984 983/983/983 
f 983/983/983 984/984/984 984/984/984 
f 984/984/984 985/985/985 984/984/984 
f 984/984/984 985/985/985 985/985/985 
f 985/985/985 986/986/986 985/985/985 
f 985/985/985 986/986/986 987/987/987 
f 986/986/986 988/988/988 987/987/987 
f 987/987/987 988/988/988 988/988/988 
f 988/988/988 989/989/989 988/988/988 
f 988/988/988 989/989/989 989/989/989 
f 989/989/989 990/990/990 989/989/989 
f 989/989/989 990/990/990 991/991/991 
f 990/990/990 992/992/992 991/991/991 
f 991/991/991 992/992/992 993/993/993 
f 992/992/992 993/993/993 993/993/993 
f 993/993/993 993/993/993 991/991/991 
f 993/993/993 991/991/991 991/991/991 
f 991/991/991 991/991/991 991/991/991 
f 991/991/991 993/993/993 991/991/991 
f 991/991/991 993/993/993 994/994/994 
f 993/993/993 995/995/995 994/994/994 
f 994/994/994 995/995/995 996/996/996 
f 995/995/995 997/997/997 996/996/996 
f 996/996/996 997/997/997 998/998/998 
f 997/997/997 999/999/999 998/998/998 
f 998/998/998 999/999/999 1000/1000/1000 
f 999/999/999 1001/1001/1001 1000/1000/1000 
f 1000/1000/1000 1001/1001/1001 1002/1002/1002 
f 1001/1001/1001 1003/1003/1003 1002/1002/1002 
f 1002/1002/1002 1003/1003/1003 1004/1004/1004 
f 1003/1003/1003 1005/1005/1005 1004/1004/1004 
f 1004/1004/1004 1005/1005/1005 1005/1005/1005 
f 1005/1005/1005 1003/1003/1003 1005/1005/1005 
f 1005/1005/1005 1003/1003/1003 1003/1003/1003 
f 1003/1003/1003 1006/1006/1006 1003/1003/1003 
f 1003/1003/1003 1006/1006/1006 1005/1005/1005 
f 1006/1006/1006 1007/1007/1007 1005/1005/1005 
f 1005/1005/1005 1007/1007/1007 1007/1007/1007 
f 1007/1007/1007 1006/1006/1006 1007/1007/1007 
f 1007/1007/1007 1006/1006/1006 1006/1006/1006 
f 1006/1006/1006 1008/1008/1008 1006/1006/1006 
f 1006/1006/1006 1008/1008/1008 1007/1007/1007 
f 1008/1008/1008 1009/1009/1009 1007/1007/1007 
f 1007/1007/1007 1009/1009/1009 1009/1009/1009 
f 1009/1009/1009 1008/1008/1008 1009/1009/1009 
f 1009/1009/1009 1008/1008/1008 1008/1008/1008 
f 1008/1008/1008 1010/1010/1010 1008/1008/1008 
f 1008/1008/1008 1010/1010/1010 1009/1009/1009 
f 1010/1010/1010 1011/1011/1011 1009/1009/1009 
f 1009/1009/1009 1011/1011/1011 1011/1011/1011 
f 1011/1011/1011 1010/1010/1010 1011/1011/1011 
f 1011/1011/1011 1010/1010/1010 1010/1010/1010 
f 1010/1010/1010 1012/1012/1012 1010/1010/1010 
f 1010/1010/1010 1012/1012/1012 1011/1011/1011 
f 1012/1012/1012 989/989/989 1011/1011/1011 
f 1011/1011/1011 989/989/989 989/989/989 
f 989/989/989 1013/1013/1013 989/989/989 
f 989/989/989 1013/1013/1013 1013/1013/1013 
f 1013/1013/1013 1014/1014/1014 1013/1013/1013 
f 1013/1013/1013 1014/1014/1014 1015/1015/1015 
f 1014/1014/1014 1016/1016/1016 1015/1015/1015 
f 1015/1015/1015 1016/1016/1016 1017/1017/1017 
f 1016/1016/1016 1018/1018/1018 1017/1017/1017 
f 1017/1017/1017 1018/1018/1018 1019/1019/1019 
f 1018/1018/1018 1020/1020/1020 1019/1019/1019 
f 1019/1019/1019 1020/1020/1020 1021/1021/1021 
f 1020/1020/1020 1022/1022/1022 1021/1021/1021 
f 1021/1021/1021 1022/1022/1022 1023/1023/1023 
f 1022/1022/1022 1024/1024/1024 1023/1023/1023 
f 1023/1023/1023 1024/1024/1024 1024/1024/1024 
f 1024/1024/1024 1014/1014/1014 1024/1024/1024 
f 1024/1024/1024 1014/1014/1014 1014/1014/1014 
f 1014/1014/1014 1013/1013/1013 1014/1014/1014 
f 1014/1014/1014 1013/1013/1013 1025/1025/1025 
f 1013/1013/1013 1026/1026/1026 1025/1025/1025 
f 1025/1025/1025 1026/1026/1026 1027/1027/1027 
f 1026/1026/1026 1028/1028/1028 1027/1027/1027 
f 1027/1027/1027 1028/1028/1028 1028/1028/1028 
f 1028/1028/1028 1026/1026/1026 1028/1028/1028 
f 1028/1028/1028 1026/1026/1026 1026/1026/1026 
f 1026/1026/1026 1029/1029/1029 1026/1026/1026 
f 1026/1026/1026 1029/1029/1029 1028/1028/1028 
f 1029/1029/1029 1030/1030/1030 1028/1028/1028 
f 1028/1028/1028 1030/1030/1030 1030/1030/1030 
f 1030/1030/1030 1029/1029/1029 1030/1030/1030 
f 1030/1030/1030 1029/1029/1029 1029/1029/1029 
f 1029/1029/1029 1031/1031/1031 1029/1029/1029 
f 1029/1029/1029 1031/1031/1031 1030/1030/1030 
f 1031/1031/1031 1032/1032/1032 1030/1030/1030 
f 1030/1030/1030 1032/1032/1032 1032/1032/1032 
f 1032/1032/1032 1031/1031/1031 1032/1032/1032 
f 1032/1032/1032 1031/1031/1031 1031/1031/1031 
f 1031/1031/1031 1033/1033/1033 1031/1031/1031 
f 1031/1031/1031 1033/1033/1033 1032/1032/1032 
f 1033/1033/1033 1034/1034/1034 1032/1032/1032 
f 1032/1032/1032 1034/1034/1034 1034/1034/1034 
f 1034/1034/1034 1033/1033/1033 1034/1034/1034 
f 1034/1034/1034 1033/1033/1033 1033/1033/1033 
f 1033/1033/1033 1035/1035/1035 1033/1033/1033 
f 1033/1033/1033 1035/1035/1035 1034/1034/1034 
f 1035/1035/1035 1036/1036/1036 1034/1034/1034 
f 1034/1034/1034 1036/1036/1036 1036/1036/1036 
f 1036/1036/1036 1035/1035/1035 1036/1036/1036 
f 1036/1036/1036 1035/1035/1035 1035/1035/1035 
f 1035/1035/1035 1024/1024/1024 1035/1035/1035 
f 1035/1035/1035 1024/1024/1024 1036/1036/1036 
f 1024/1024/1024 1022/1022/1022 1036/1036/1036 
f 1036/1036/1036 1022/1022/1022 1022/1022/1022 
f 1022/1022/1022 1037/1037/1037 1022/1022/1022 
f 1022/1022/1022 1037/1037/1037 1037/1037/1037 
f 1037/1037/1037 1038/1038/1038 1037/1037/1037 
f 1037/1037/1037 1038/1038/1038 1039/1039/1039 
f 1038/1038/1038 1040/1040/1040 1039/1039/1039 
f 1039/1039/1039 1040/1040/1040 1041/1041/1041 
f 1040/1040/1040 1042/1042/1042 1041/1041/1041 
f 1041/1041/1041 1042/1042/1042 1043/1043/1043 
f 1042/1042/1042 1044/1044/1044 1043/1043/1043 
f 1043/1043/1043 1044/1044/1044 1045/1045/1045 
f 1044/1044/1044 1046/1046/1046 1045/1045/1045 
f 1045/1045/1045 1046/1046/1046 1047/1047/1047 
f 1046/1046/1046 1048/1048/1048 1047/1047/1047 
f 1047/1047/1047 1048/1048/1048 1049/1049/1049 
f 1048/1048/1048 1050/1050/1050 1049/1049/1049 
f 1049/1049/1049 1050/1050/1050 1051/1051/1051 
f 1050/1050/1050 1052/1052/1052 1051/1051/1051 
f 1051/1051/1051 1052/1052/1052 1037/1037/1037 
f 1052/1052/1052 1038/1038/1038 1037/1037/1037 
f 1037/1037/1037 1038/1038/1038 1038/1038/1038 
f 1038/1038/1038 1053/1053/1053 1038/1038/1038 
f 1038/1038/1038 1053/1053/1053 1053/1053/1053 
f 1053/1053/1053 1054/1054/1054 1053/1053/1053 
f 1053/1053/1053 1054/1054/1054 1055/1055/1055 
f 1054/1054/1054 1056/1056/1056 1055/1055/1055 
f 1055/1055/1055 1056/1056/1056 1057/1057/1057 
f 1056/1056/1056 1058/1058/1058 1057/1057/1057 
f 1057/1057/1057 1058/1058/1058 1059/1059/1059 
f 1058/1058/1058 1060/1060/1060 1059/1059/1059 
f 1059/1059/1059 1060/1060/1060 1061/1061/1061 
f 1060/1060/1060 1062/1062/1062 1061/1061/1061 
f 1061/1061/1061 1062/1062/1062 1063/1063/1063 
f 1062/1062/1062 1064/1064/1064 1063/1063/1063 
f 1063/1063/1063 1064/1064/1064 1065/1065/1065 
f 1064/1064/1064 1066/1066/1066 1065/1065/1065 
f 1065/1065/1065 1066/1066/1066 1067/1067/1067 
f 1066/1066/1066 1068/1068/1068 1067/1067/1067 
f 1067/1067/1067 1068/1068/1068 1068/1068/1068 
f 1068/1068/1068 1066/1066/1066 1068/1068/1068 
f 1068/1068/1068 1066/1066/1066 1066/1066/1066 
f 1066/1066/1066 1069/1069/1069 1066/1066/1066 
f 1066/1066/1066 1069/1069/1069 1068/1068/1068 
f 1069/1069/1069 1070/1070/1070 1068/1068/1068 
f 1068/1068/1068 1070/1070/1070 1070/1070/1070 
f 1070/1070/1070 1069/1069/1069 1070/1070/1070 
f 1070/1070/1070 1069/1069/1069 1069/1069/1069 
f 1069/1069/1069 1071/1071/1071 1069/1069/1069 
f 1069/1069/1069 1071/1071/1071 1070/1070/1070 
f 1071/1071/1071 1072/1072/1072 1070/1070/1070 
f 1070/1070/1070 1072/1072/1072 1072/1072/1072 
f 1072/1072/1072 1071/1071/1071 1072/1072/1072 
f 1072/1072/1072 1071/1071/1071 1071/1071/1071 
f 1071/1071/1071 1073/1073/1073 1071/1071/1071 
f 1071/1071/1071 1073/1073/1073 1072/1072/1072 
f 1073/1073/1073 1074/1074/1074 1072/1072/1072 
f 1072/1072/1072 1074/1074/1074 1074/1074/1074 
f 1074/1074/1074 1073/1073/1073 1074/1074/1074 
f 1074/1074/1074 1073/1073/1073 1073/1073/1073 
f 1073/1073/1073 1075/1075/1075 1073/1073/1073 
f 1073/1073/1073 1075/1075/1075 1074/1074/1074 
f 1075/1075/1075 1076/1076/1076 1074/1074/1074 
f 1074/1074/1074 1076/1076/1076 1076/1076/1076 
f 1076/1076/1076 1075/1075/1075 1076/1076/1076 
f 1076/1076/1076 1075/1075/1075 1075/1075/1075 
f 1075/1075/1075 1053/1053/1053 1075/1075/1075 
f 1075/1075/1075 1053/1053/1053 1076/1076/1076 
f 1053/1053/1053 1055/1055/1055 1076/1076/1076 
f 1076/1076/1076 1055/1055/1055 1055/1055/1055 
f 1055/1055/1055 1077/1077/1077 1055/1055/1055 
f 1055/1055/1055 1077/1077/1077 1077/1077/1077 
f 1077/1077/1077 1078/1078/1078 1077/1077/1077 
f 1077/1077/1077 1078/1078/1078 1079/1079/1079 
f 1078/1078/1078 1080/1080/1080 1079/1079/1079 
f 1079/1079/1079 1080/1080/1080 1081/1081/1081 
f 1080/1080/1080 1082/1082/1082 1081/1081/1081 
f 1081/1081/1081 1082/1082/1082 1083/1083/1083 
f 1082/1082/1082 1084/1084/1084 1083/1083/1083 
f 1083/1083/1083 1084/1084/1084 1085/1085/1085 
f 1084/1084/1084 1086/1086/1086 1085/1085/1085 
f 1085/1085/1085 1086/1086/1086 1087/1087/1087 
f 1086/1086/1086 1088/1088/1088 1087/1087/1087 
f 1087/1087/1087 1088/1088/1088 1089/1089/1089 
f 1088/1088/1088 1090/1090/1090 1089/1089/1089 
f 1089/1089/1089 1090/1090/1090 1091/1091/1091 
f 1090/1090/1090 1092/1092/1092 1091/1091/1091 
f 1091/1091/1091 1092/1092/1092 1077/1077/1077 
f 1092/1092/1092 1078/1078/1078 1077/1077/1077 
f 1077/1077/1077 1078/1078/1078 1078/1078/1078 
f 1078/1078/1078 1093/1093/1093 1078/1078/1078 
f 1078/1078/1078 1093/1093/1093 1093/1093/1093 
f 1093/1093/1093 1094/1094/1094 1093/1093/1093 
f 1093/1093/1093 1094/1094/1094 1095/1095/1095 
f 1094/1094/1094 1096/1096/1096 1095/1095/1095 
f 1095/1095/1095 1096/1096/1096 1097/1097/1097 
f 1096/1096/1096 1098/1098/1098 1097/1097/1097 
f 1097/1097/1097 1098/1098/1098 1099/1099/1099 
f 1098/1098/1098 1100/1100/1100 1099/1099/1099 
f 1099/1099/1099 1100/1100/1100 1100/1100/1100 
f 1100/1100/1100 1094/1094/1094 1100/1100/1100 
f 1100/1100/1100 1094/1094/1094 1094/1094/1094 
f 1094/1094/1094 1093/1093/1093 1094/1094/1094 
f 1094/1094/1094 1093/1093/1093 1101/1101/1101 
f 1093/1093/1093 1102/1102/1102 1101/1101/1101 
f 1101/1101/1101 1102/1102/1102 1103/1103/1103 
f 1102/1102/1102 1104/1104/1104 1103/1103/1103 
f 1103/1103/1103 1104/1104/1104 1105/1105/1105 
f 1104/1104/1104 1106/1106/1106 1105/1105/1105 
f 1105/1105/1105 1106/1106/1106 1107/1107/1107 
f 1106/1106/1106 1108/1108/1108 1107/1107/1107 
f 1107/1107/1107 1108/1108/1108 1108/1108/1108 
f 1108/1108/1108 1106/1106/1106 1108/1108/1108 
f 1108/1108/1108 1106/1106/1106 1106/1106/1106 
f 1106/1106/1106 1109/1109/1109 1106/1106/1106 
f 1106/1106/1106 1109/1109/1109 1108/1108/1108 
f 1109/1109/1109 1110/1110/1110 1108/1108/1108 
f 1108/1108/1108 1110/1110/1110 1110/1110/1110 
f 1110/1110/1110 1109/1109/1109 1110/1110/1110 
f 1110/1110/1110 1109/1109/1109 1109/1109/1109 
f 1109/1109/1109 1111/1111/1111 1109/1109/1109 
f 1109/1109/1109 1111/1111/1111 1110/1110/1110 
f 1111/1111/1111 1112/1112/1112 1110/1110/1110 
f 1110/1110/1110 1112/1112/1112 1112/1112/1112 
f 1112/1112/1112 1111/1111/1111 1112/1112/1112 
f 1112/1112/1112 1111/1111/1111 1111/1111/1111 
f 1111/1111/1111 1113/1113/1113 1111/1111/1111 
f 1111/1111/1111 1113/1113/1113 1112/1112/1112 
f 1113/1113/1113 1114/1114/1114 1112/1112/1112 
f 1112/1112/1112 1114/1114/1114 1114/1114/1114 
f 1114/1114/1114 1113/1113/1113 1114/1114/1114 
f 1114/1114/1114 1113/1113/1113 1113/1113/1113 
f 1113/1113/1113 1115/1115/1115 1113/1113/1113 
f 1113/1113/1113 1115/1115/1115 1114/1114/1114 
f 1115/1115/1115 1116/1116/1116 1114/1114/1114 
f 1114/1114/1114 1116/1116/1116 1116/1116/1116 
f 1116/1116/1116 1115/1115/1115 1116/1116/1116 
f 1116/1116/1116 1115/1115/1115 1115/1115/1115 
f 1115/1115/1115 1100/1100/1100 1115/1115/1115 
f 1115/1115/1115 1100/1100/1100 1116/1116/1116 
f 1100/1100/1100 1098/1098/1098 1116/1116/1116 
f 1116/1116/1116 1098/1098/1098 1098/1098/1098 
f 1098/1098/1098 1117/1117/1117 1098/1098/1098 
f 1098/1098/1098 1117/1117/1117 1117/1117/1117 
f 1117/1117/1117 1118/1118/1118 1117/1117/1117 
f 1117/1117/1117 1118/1118/1118 1119/1119/1119 
f 1118/1118/1118 1120/1120/1120 1119/1119/1119 
f 1119/1119/1119 1120/1120/1120 1121/1121/1121 
f 1120/1120/1120 1122/1122/1122 1121/1121/1121 
f 1121/1121/1121 1122/1122/1122 1123/1123/1123 
f 1122/1122/1122 1124/1124/1124 1123/1123/1123 
f 1123/1123/1123 1124/1124/1124 1125/1125/1125 
f 1124/1124/1124 1126/1126/1126 1125/1125/1125 
f 1125/1125/1125 1126/1126/1126 1127/1127/1127 
f 1126/1126/1126 1128/1128/1128 1127/1127/1127 
f 1127/1127/1127 1128/1128/1128 1129/1129/1129 
f 1128/1128/1128 1130/1130/1130 1129/1129/1129 
f 1129/1129/1129 1130/1130/1130 1130/1130/1130 
f 1130/1130/1130 1128/1128/1128 1130/1130/1130 
f 1130/1130/1130 1128/1128/1128 1128/1128/1128 
f 1128/1128/1128 1131/1131/1131 1128/1128/1128 
f 1128/1128/1128 1131/1131/1131 1130/1130/1130 
f 1131/1131/1131 1132/1132/1132 1130/1130/1130 
f 1130/1130/1130 1132/1132/1132 1132/1132/1132 
f 1132/1132/1132 1131/1131/1131 1132/1132/1132 
f 1132/1132/1132 1131/1131/1131 1131/1131/1131 
f 1131/1131/1131 1133/1133/1133 1131/1131/1131 
f 1131/1131/1131 1133/1133/1133 1132/1132/1132 
f 1133/1133/1133 1134/1134/1134 1132/1132/1132 
f 1132/1132/1132 1134/1134/1134 1134/1134/1134 
f 1134/1134/1134 1133/1133/1133 1134/1134/1134 
f 1134/1134/1134 1133/1133/1133 1133/1133/1133 
f 1133/1133/1133 1135/1135/1135 1133/1133/1133 
f 1133/1133/1133 1135/1135/1135 1134/1134/1134 
f 1135/1135/1135 1136/1136/1136 1134/1134/1134 
f 1134/1134/1134 1136/1136/1136 1136/1136/1136 
f 1136/1136/1136 1135/1135/1135 1136/1136/1136 
f 1136/1136/1136 1135/1135/1135 1135/1135/1135 
f 1135/1135/1135 1137/1137/1137 1135/1135/1135 
f 1135/1135/1135 1137/1137/1137 1136/1136/1136 
f 1137/1137/1137 1138/1138/1138 1136/1136/1136 
f 1136/1136/1136 1138/1138/1138 1138/1138/1138 
f 1138/1138/1138 1137/1137/1137 1138/1138/1138 
f 1138/1138/1138 1137/1137/1137 1137/1137/1137 
f 1137/1137/1137 1139/1139/1139 1137/1137/1137 
f 1137/1137/1137 1139/1139/1139 1138/1138/1138 
f 1139/1139/1139 1117/1117/1117 1138/1138/1138 
f 1138/1138/1138 1117/1117/1117 1117/1117/1117 
f 1117/1117/1117 1139/1139/1139 1117/1117/1117 
f 1117/1117/1117 1139/1139/1139 1139/1139/1139 
f 1139/1139/1139 1140/1140/1140 1139/1139/1139 
f 1139/1139/1139 1140/1140/1140 1117/1117/1117 
f 1140/1140/1140 1118/1118/1118 1117/1117/1117 
f 1117/1117/1117 1118/1118/1118 1118/1118/1118 
f 1118/1118/1118 1141/1141/1141 1118/1118/1118 
f 1118/1118/1118 1141/1141/1141 1141/1141/1141 
f 1141/1141/1141 1142/1142/1142 1141/1141/1141 
f 1141/1141/1141 1142/1142/1142 1143/1143/1143 
f 1142/1142/1142 1144/1144/1144 1143/1143/1143 
f 1143/1143/1143 1144/1144/1144 1145/1145/1145 
f 1144/1144/1144 1146/1146/1146 1145/1145/1145 
f 1145/1145/1145 1146/1146/1146 1147/1147/1147 
f 1146/1146/1146 1148/1148/1148 1147/1147/1147 
f 1147/1147/1147 1148/1148/1148 1149/1149/1149 
f 1148/1148/1148 1150/1150/1150 1149/1149/1149 
f 1149/1149/1149 1150/1150/1150 1151/1151/1151 
f 1150/1150/1150 1152/1152/1152 1151/1151/1151 
f 1151/1151/1151 1152/1152/1152 1152/1152/1152 
f 1152/1152/1152 1142/1142/1142 1152/1152/1152 
f 1152/1152/1152 1142/1142/1142 1142/1142/1142 
f 1142/1142/1142 1141/1141/1141 1142/1142/1142 
f 1142/1142/1142 1141/1141/1141 1153/1153/1153 
f 1141/1141/1141 1154/1154/1154 1153/1153/1153 
f 1153/1153/1153 1154/1154/1154 1155/1155/1155 
f 1154/1154/1154 1156/1156/1156 1155/1155/1155 
f 1155/1155/1155 1156/1156/1156 1156/1156/1156 
f 1156/1156/1156 1154/1154/1154 1156/1156/1156 
f 1156/1156/1156 1154/1154/1154 1154/1154/1154 
f 1154/1154/1154 1157/1157/1157 1154/1154/1154 
f 1154/1154/1154 1157/1157/1157 1156/1156/1156 
f 1157/1157/1157 1158/1158/1158 1156/1156/1156 
f 1156/1156/1156 1158/1158/1158 1158/1158/1158 
f 1158/1158/1158 1157/1157/1157 1158/1158/1158 
f 1158/1158/1158 1157/1157/1157 1157/1157/1157 
f 1157/1157/1157 1159/1159/1159 1157/1157/1157 
f 1157/1157/1157 1159/1159/1159 1158/1158/1158 
f 1159/1159/1159 1160/1160/1160 1158/1158/1158 
f 1158/1158/1158 1160/1160/1160 1160/1160/1160 
f 1160/1160/1160 1159/1159/1159 1160/1160/1160 
f 1160/1160/1160 1159/1159/1159 1159/1159/1159 
f 1159/1159/1159 1161/1161/1161 1159/1159/1159 
f 1159/1159/1159 1161/1161/1161 1160/1160/1160 
f 1161/1161/1161 1162/1162/1162 1160/1160/1160 
f 1160/1160/1160 1162/1162/1162 1162/1162/1162 
f 1162/1162/1162 1161/1161/1161 1162/1162/1162 
f 1162/1162/1162 1161/1161/1161 1161/1161/1161 
f 1161/1161/1161 1163/1163/1163 1161/1161/1161 
f 1161/1161/1161 1163/1163/1163 1162/1162/1162 
f 1163/1163/1163 1164/1164/1164 1162/1162/1162 
f 1162/1162/1162 1164/1164/1164 1164/1164/1164 
f 1164/1164/1164 1163/1163/1163 1164/1164/1164 
f 1164/1164/1164 1163/1163/1163 1163/1163/1163 
f 1163/1163/1163 1152/1152/1152 1163/1163/1163 
f 1163/1163/1163 1152/1152/1152 1164/1164/1164 
f 1152/1152/1152 1150/1150/1150 1164/1164/1164 
f 1164/1164/1164 1150/1150/1150 1150/1150/1150 
f 1150/1150/1150 1165/1165/1165 1150/1150/1150 
f 1150/1150/1150 1165/1165/1165 1165/1165/1165 
f 1165/1165/1165 1166/1166/1166 1165/1165/1165 
f 1165/1165/1165 1166/1166/1166 1167/1167/1167 
f 1166/1166/1166 1168/1168/1168 1167/1167/1167 
f 1167/1167/1167 1168/1168/1168 1169/1169/1169 
f 1168/1168/1168 1170/1170/1170 1169/1169/1169 
f 1169/1169/1169 1170/1170/1170 1171/1171/1171 
f 1170/1170/1170 1172/1172/1172 1171/1171/1171 
f 1171/1171/1171 1172/1172/1172 1172/1172/1172 
f 1172/1172/1172 1166/1166/1166 1172/1172/1172 
f 1172/1172/1172 1166/1166/1166 1166/1166/1166 
f 1166/1166/1166 1165/1165/1165 1166/1166/1166 
f 1166/1166/1166 1165/1165/1165 1173/1173/1173 
f 1165/1165/1165 1174/1174/1174 1173/1173/1173 
f 1173/1173/1173 1174/1174/1174 1175/1175/1175 
f 1174/1174/1174 1176/1176/1176 1175/1175/1175 
f 1175/1175/1175 1176/1176/1176 1177/1177/1177 
f 1176/1176/1176 1178/1178/1178 1177/1177/1177 
f 1177/1177/1177 1178/1178/1178 1179/1179/1179 
f 1178/1178/1178 1180/1180/1180 1179/1179/1179 
f 1179/1179/1179 1180/1180/1180 1180/1180/1180 
f 1180/1180/1180 1178/1178/1178 1180/1180/1180 
f 1180/1180/1180 1178/1178/1178 1178/1178/1178 
f 1178/1178/1178 1181/1181/1181 1178/1178/1178 
f 1178/1178/1178 1181/1181/1181 1180/1180/1180 
f 1181/1181/1181 1182/1182/1182 1180/1180/1180 
f 1180/1180/1180 1182/1182/1182 1182/1182/1182 
f 1182/1182/1182 1181/1181/1181 1182/1182/1182 
f 1182/1182/1182 1181/1181/1181 1181/1181/1181 
f 1181/1181/1181 1183/1183/1183 1181/1181/1181 
f 1181/1181/1181 1183/1183/1183 1182/1182/1182 
f 1183/1183/1183 1184/1184/1184 1182/1182/1182 
f 1182/1182/1182 1184/1184/1184 1184/1184/1184 
f 1184/1184/1184 1183/1183/1183 1184/1184/1184 
f 1184/1184/1184 1183/1183/1183 1183/1183/1183 
f 1183/1183/1183 1185/1185/1185 1183/1183/1183 
f 1183/1183/1183 1185/1185/1185 1184/1184/1184 
f 1185/1185/1185 1186/1186/1186 1184/1184/1184 
f 1184/1184/1184 1186/1186/1186 1186/1186/1186 
f 1186/1186/1186 1185/1185/1185 1186/1186/1186 
f 1186/1186/1186 1185/1185/1185 1185/1185/1185 
f 1185/1185/1185 1187/1187/1187 1185/1185/1185 
f 1185/1185/1185 1187/1187/1187 1186/1186/1186 
f 1187/1187/1187 1188/1188/1188 1186/1186/1186 
f 1186/1186/1186 1188/1188/1188 1188/1188/1188 
f 1188/1188/1188 1187/1187/1187 1188/1188/1188 
f 1188/1188/1188 1187/1187/1187 1187/1187/1187 
f 1187/1187/1187 1172/1172/1172 1187/1187/1187 
f 1187/1187/1187 1172/1172/1172 1188/1188/1188 
f 1172/1172/1172 1170/1170/1170 1188/1188/1188 
f 1188/1188/1188 1170/1170/1170 1170/1170/1170 
f 1170/1170/1170 1189/1189/1189 1170/1170/1170 
f 1170/1170/1170 1189/1189/1189 1189/1189/1189 
f 1189/1189/1189 1190/1190/1190 1189/1189/1189 
f 1189/1189/1189 1190/1190/1190 1191/1191/1191 
f 1190/1190/1190 1192/1192/1192 1191/1191/1191 
f 1191/1191/1191 1192/1192/1192 1193/1193/1193 
f 1192/1192/1192 1194/1194/1194 1193/1193/1193 
f 1193/1193/1193 1194/1194/1194 1195/1195/1195 
f 1194/1194/1194 1196/1196/1196 1195/1195/1195 
f 1195/1195/1195 1196/1196/1196 1197/1197/1197 
f 1196/1196/1196 1198/1198/1198 1197/1197/1197 
f 1197/1197/1197 1198/1198/1198 1199/1199/1199 
f 1198/1198/1198 1200/1200/1200 1199/1199/1199 
f 1199/1199/1199 1200/1200/1200 1201/1201/1201 
f 1200/1200/1200 1201/1201/1201 1201/1201/1201 
f 1201/1201/1201 1201/1201/1201 1190/1190/1190 
f 1201/1201/1201 1190/1190/1190 1190/1190/1190 
f 1190/1190/1190 1190/1190/1190 1190/1190/1190 
f 1190/1190/1190 1202/1202/1202 1190/1190/1190 
f 1190/1190/1190 1202/1202/1202 1192/1192/1192 
f 1202/1202/1202 1203/1203/1203 1192/1192/1192 
f 1192/1192/1192 1203/1203/1203 1194/1194/1194 
f 1203/1203/1203 1204/1204/1204 1194/1194/1194 
f 1194/1194/1194 1204/1204/1204 1196/1196/1196 
f 1204/1204/1204 1205/1205/1205 1196/1196/1196 
f 1196/1196/1196 1205/1205/1205 1198/1198/1198 
f 1205/1205/1205 1206/1206/1206 1198/1198/1198 
f 1198/1198/1198 1206/1206/1206 1200/1200/1200 
f 1206/1206/1206 1200/1200/1200 1200/1200/1200 
f 1200/1200/1200 1200/1200/1200 1202/1202/1202 
f 1200/1200/1200 1202/1202/1202 1202/1202/1202 
f 1202/1202/1202 1202/1202/1202 1202/1202/1202 
f 1202/1202/1202 1190/1190/1190 1202/1202/1202 
f 1202/1202/1202 1190/1190/1190 1207/1207/1207 
f 1190/1190/1190 1208/1208/1208 1207/1207/1207 
f 1207/1207/1207 1208/1208/1208 1209/1209/1209 
f 1208/1208/1208 1210/1210/1210 1209/1209/1209 
f 1209/1209/1209 1210/1210/1210 1211/1211/1211 
f 1210/1210/1210 1212/1212/1212 1211/1211/1211 
f 1211/1211/1211 1212/1212/1212 1213/1213/1213 
f 1212/1212/1212 1213/1213/1213 1213/1213/1213 
f 1213/1213/1213 1213/1213/1213 1190/1190/1190 
f 1213/1213/1213 1190/1190/1190 1190/1190/1190 
f 1190/1190/1190 1190/1190/1190 1190/1190/1190 
f 1190/1190/1190 1189/1189/1189 1190/1190/1190 
f 1190/1190/1190 1189/1189/1189 1208/1208/1208 
f 1189/1189/1189 1214/1214/1214 1208/1208/1208 
f 1208/1208/1208 1214/1214/1214 1210/1210/1210 
f 1214/1214/1214 1215/1215/1215 1210/1210/1210 
f 1210/1210/1210 1215/1215/1215 1212/1212/1212 
f 1215/1215/1215 1212/1212/1212 1212/1212/1212 
f 1212/1212/1212 1212/1212/1212 1197/1197/1197 
f 1212/1212/1212 1197/1197/1197 1197/1197/1197 
f 1197/1197/1197 1197/1197/1197 1197/1197/1197 
f 1197/1197/1197 1199/1199/1199 1197/1197/1197 
f 1197/1197/1197 1199/1199/1199 1216/1216/1216 
f 1199/1199/1199 1217/1217/1217 1216/1216/1216 
f 1216/1216/1216 1217/1217/1217 1218/1218/1218 
f 1217/1217/1217 1219/1219/1219 1218/1218/1218 
f 1218/1218/1218 1219/1219/1219 1220/1220/1220 
f 1219/1219/1219 1221/1221/1221 1220/1220/1220 
f 1220/1220/1220 1221/1221/1221 1213/1213/1213 
f 1221/1221/1221 1211/1211/1211 1213/1213/1213 
f 1213/1213/1213 1211/1211/1211 1211/1211/1211 
f 1211/1211/1211 1199/1199/1199 1211/1211/1211 
f 1211/1211/1211 1199/1199/1199 1199/1199/1199 
f 1199/1199/1199 1201/1201/1201 1199/1199/1199 
f 1199/1199/1199 1201/1201/1201 1217/1217/1217 
f 1201/1201/1201 1222/1222/1222 1217/1217/1217 
f 1217/1217/1217 1222/1222/1222 1219/1219/1219 
f 1222/1222/1222 1223/1223/1223 1219/1219/1219 
f 1219/1219/1219 1223/1223/1223 1221/1221/1221 
f 1223/1223/1223 1224/1224/1224 1221/1221/1221 
f 1221/1221/1221 1224/1224/1224 1211/1211/1211 
f 1224/1224/1224 1209/1209/1209 1211/1211/1211 
f 1211/1211/1211 1209/1209/1209 1209/1209/1209 
f 1209/1209/1209 1225/1225/1225 1209/1209/1209 
f 1209/1209/1209 1225/1225/1225 1225/1225/1225 
f 1225/1225/1225 1226/1226/1226 1225/1225/1225 
f 1225/1225/1225 1226/1226/1226 1227/1227/1227 
f 1226/1226/1226 1228/1228/1228 1227/1227/1227 
f 1227/1227/1227 1228/1228/1228 1229/1229/1229 
f 1228/1228/1228 1230/1230/1230 1229/1229/1229 
f 1229/1229/1229 1230/1230/1230 1231/1231/1231 
f 1230/1230/1230 1231/1231/1231 1231/1231/1231 
f 1231/1231/1231 1231/1231/1231 1229/1229/1229 
f 1231/1231/1231 1229/1229/1229 1229/1229/1229 
f 1229/1229/1229 1229/1229/1229 1229/1229/1229 
f 1229/1229/1229 1231/1231/1231 1229/1229/1229 
f 1229/1229/1229 1231/1231/1231 1232/1232/1232 
f 1231/1231/1231 1233/1233/1233 1232/1232/1232 
f 1232/1232/1232 1233/1233/1233 1234/1234/1234 
f 1233/1233/1233 1235/1235/1235 1234/1234/1234 
f 1234/1234/1234 1235/1235/1235 1236/1236/1236 
f 1235/1235/1235 1237/1237/1237 1236/1236/1236 
f 1236/1236/1236 1237/1237/1237 1238/1238/1238 
f 1237/1237/1237 1239/1239/1239 1238/1238/1238 
f 1238/1238/1238 1239/1239/1239 1240/1240/1240 
f 1239/1239/1239 1241/1241/1241 1240/1240/1240 
f 1240/1240/1240 1241/1241/1241 1242/1242/1242 
f 1241/1241/1241 1243/1243/1243 1242/1242/1242 
f 1242/1242/1242 1243/1243/1243 1243/1243/1243 
f 1243/1243/1243 1241/1241/1241 1243/1243/1243 
f 1243/1243/1243 1241/1241/1241 1241/1241/1241 
f 1241/1241/1241 1244/1244/1244 1241/1241/1241 
f 1241/1241/1241 1244/1244/1244 1243/1243/1243 
f 1244/1244/1244 1245/1245/1245 1243/1243/1243 
f 1243/1243/1243 1245/1245/1245 1245/1245/1245 
f 1245/1245/1245 1244/1244/1244 1245/1245/1245 
f 1245/1245/1245 1244/1244/1244 1244/1244/1244 
f 1244/1244/1244 1246/1246/1246 1244/1244/1244 
f 1244/1244/1244 1246/1246/1246 1245/1245/1245 
f 1246/1246/1246 1247/1247/1247 1245/1245/1245 
f 1245/1245/1245 1247/1247/1247 1247/1247/1247 
f 1247/1247/1247 1246/1246/1246 1247/1247/1247 
f 1247/1247/1247 1246/1246/1246 1246/1246/1246 
f 1246/1246/1246 1248/1248/1248 1246/1246/1246 
f 1246/1246/1246 1248/1248/1248 1247/1247/1247 
f 1248/1248/1248 1225/1225/1225 1247/1247/1247 
f 1247/1247/1247 1225/1225/1225 1225/1225/1225 
f 1225/1225/1225 1249/1249/1249 1225/1225/1225 
f 1225/1225/1225 1249/1249/1249 1249/1249/1249 
f 1249/1249/1249 1250/1250/1250 1249/1249/1249 
f 1249/1249/1249 1250/1250/1250 1251/1251/1251 
f 1250/1250/1250 1252/1252/1252 1251/1251/1251 
f 1251/1251/1251 1252/1252/1252 1253/1253/1253 
f 1252/1252/1252 1254/1254/1254 1253/1253/1253 
f 1253/1253/1253 1254/1254/1254 1255/1255/1255 
f 1254/1254/1254 1256/1256/1256 1255/1255/1255 
f 1255/1255/1255 1256/1256/1256 1257/1257/1257 
f 1256/1256/1256 1258/1258/1258 1257/1257/1257 
f 1257/1257/1257 1258/1258/1258 1258/1258/1258 
f 1258/1258/1258 1250/1250/1250 1258/1258/1258 
f 1258/1258/1258 1250/1250/1250 1250/1250/1250 
f 1250/1250/1250 1249/1249/1249 1250/1250/1250 
f 1250/1250/1250 1249/1249/1249 1259/1259/1259 
f 1249/1249/1249 1260/1260/1260 1259/1259/1259 
f 1259/1259/1259 1260/1260/1260 1261/1261/1261 
f 1260/1260/1260 1262/1262/1262 1261/1261/1261 
f 1261/1261/1261 1262/1262/1262 1263/1263/1263 
f 1262/1262/1262 1264/1264/1264 1263/1263/1263 
f 1263/1263/1263 1264/1264/1264 1264/1264/1264 
f 1264/1264/1264 1262/1262/1262 1264/1264/1264 
f 1264/1264/1264 1262/1262/1262 1262/1262/1262 
f 1262/1262/1262 1265/1265/1265 1262/1262/1262 
f 1262/1262/1262 1265/1265/1265 1264/1264/1264 
f 1265/1265/1265 1266/1266/1266 1264/1264/1264 
f 1264/1264/1264 1266/1266/1266 1266/1266/1266 
f 1266/1266/1266 1265/1265/1265 1266/1266/1266 
f 1266/1266/1266 1265/1265/1265 1265/1265/1265 
f 1265/1265/1265 1267/1267/1267 1265/1265/1265 
f 1265/1265/1265 1267/1267/1267 1266/1266/1266 
f 1267/1267/1267 1268/1268/1268 1266/1266/1266 
f 1266/1266/1266 1268/1268/1268 1268/1268/1268 
f 1268/1268/1268 1267/1267/1267 1268/1268/1268 
f 1268/1268/1268 1267/1267/1267 1267/1267/1267 
f 1267/1267/1267 1269/1269/1269 1267/1267/1267 
f 1267/1267/1267 1269/1269/1269 1268/1268/1268 
f 1269/1269/1269 1270/1270/1270 1268/1268/1268 
f 1268/1268/1268 1270/1270/1270 1270/1270/1270 
f 1270/1270/1270 1269/1269/1269 1270/1270/1270 
f 1270/1270/1270 1269/1269/1269 1269/1269/1269 
f 1269/1269/1269 1271/1271/1271 1269/1269/1269 
f 1269/1269/1269 1271/1271/1271 1270/1270/1270 
f 1271/1271/1271 1272/1272/1272 1270/1270/1270 
f 1270/1270/1270 1272/1272/1272 1272/1272/1272 
f 1272/1272/1272 1271/1271/1271 1272/1272/1272 
f 1272/1272/1272 1271/1271/1271 1271/1271/1271 
f 1271/1271/1271 1258/1258/1258 1271/1271/1271 
f 1271/1271/1271 1258/1258/1258 1272/1272/1272 
f 1258/1258/1258 1256/1256/1256 1272/1272/1272 
f 1272/1272/1272 1256/1256/1256 1256/1256/1256 
f 1256/1256/1256 1273/1273/1273 1256/1256/1256 
f 1256/1256/1256 1273/1273/1273 1273/1273/1273 
f 1273/1273/1273 1274/1274/1274 1273/1273/1273 
f 1273/1273/1273 1274/1274/1274 1275/1275/1275 
f 1274/1274/1274 1276/1276/1276 1275/1275/1275 
f 1275/1275/1275 1276/1276/1276 1277/1277/1277 
f 1276/1276/1276 1278/1278/1278 1277/1277/1277 
f 1277/1277/1277 1278/1278/1278 1279/1279/1279 
f 1278/1278/1278 1280/1280/1280 1279/1279/1279 
f 1279/1279/1279 1280/1280/1280 1281/1281/1281 
f 1280/1280/1280 1282/1282/1282 1281/1281/1281 
f 1281/1281/1281 1282/1282/1282 1283/1283/1283 
f 1282/1282/1282 1284/1284/1284 1283/1283/1283 
f 1283/1283/1283 1284/1284/1284 1285/1285/1285 
f 1284/1284/1284 1286/1286/1286 1285/1285/1285 
f 1285/1285/1285 1286/1286/1286 1287/1287/1287 
f 1286/1286/1286 1288/1288/1288 1287/1287/1287 
f 1287/1287/1287 1288/1288/1288 1273/1273/1273 
f 1288/1288/1288 1274/1274/1274 1273/1273/1273 
f 1273/1273/1273 1274/1274/1274 1274/1274/1274 
f 1274/1274/1274 1289/1289/1289 1274/1274/1274 
f 1274/1274/1274 1289/1289/1289 1289/1289/1289 
f 1289/1289/1289 1290/1290/1290 1289/1289/1289 
f 1289/1289/1289 1290/1290/1290 1291/1291/1291 
f 1290/1290/1290 1292/1292/1292 1291/1291/1291 
f 1291/1291/1291 1292/1292/1292 1293/1293/1293 
f 1292/1292/1292 1294/1294/1294 1293/1293/1293 
f 1293/1293/1293 1294/1294/1294 1295/1295/1295 
f 1294/1294/1294 1296/1296/1296 1295/1295/1295 
f 1295/1295/1295 1296/1296/1296 1297/1297/1297 
f 1296/1296/1296 1298/1298/1298 1297/1297/1297 
f 1297/1297/1297 1298/1298/1298 1299/1299/1299 
f 1298/1298/1298 1300/1300/1300 1299/1299/1299 
f 1299/1299/1299 1300/1300/1300 1301/1301/1301 
f 1300/1300/1300 1302/1302/1302 1301/1301/1301 
f 1301/1301/1301 1302/1302/1302 1303/1303/1303 
f 1302/1302/1302 1304/1304/1304 1303/1303/1303 
f 1303/1303/1303 1304/1304/1304 1289/1289/1289 
f 1304/1304/1304 1290/1290/1290 1289/1289/1289 
f 1289/1289/1289 1290/1290/1290 1290/1290/1290 
f 1290/1290/1290 1305/1305/1305 1290/1290/1290 
f 1290/1290/1290 1305/1305/1305 1305/1305/1305 
f 1305/1305/1305 1306/1306/1306 1305/1305/1305 
f 1305/1305/1305 1306/1306/1306 1307/1307/1307 
f 1306/1306/1306 1308/1308/1308 1307/1307/1307 
f 1307/1307/1307 1308/1308/1308 1309/1309/1309 
f 1308/1308/1308 1310/1310/1310 1309/1309/1309 
f 1309/1309/1309 1310/1310/1310 1310/1310/1310 
f 1310/1310/1310 1306/1306/1306 1310/1310/1310 
f 1310/1310/1310 1306/1306/1306 1306/1306/1306 
f 1306/1306/1306 1305/1305/1305 1306/1306/1306 
f 1306/1306/1306 1305/1305/1305 1311/1311/1311 
f 1305/1305/1305 1312/1312/1312 1311/1311/1311 
f 1311/1311/1311 1312/1312/1312 1313/1313/1313 
f 1312/1312/1312 1314/1314/1314 1313/1313/1313 
f 1313/1313/1313 1314/1314/1314 1315/1315/1315 
f 1314/1314/1314 1316/1316/1316 1315/1315/1315 
f 1315/1315/1315 1316/1316/1316 1317/1317/1317 
f 1316/1316/1316 1318/1318/1318 1317/1317/1317 
f 1317/1317/1317 1318/1318/1318 1319/1319/1319 
f 1318/1318/1318 1320/1320/1320 1319/1319/1319 
f 1319/1319/1319 1320/1320/1320 1320/1320/1320 
f 1320/1320/1320 1318/1318/1318 1320/1320/1320 
f 1320/1320/1320 1318/1318/1318 1318/1318/1318 
f 1318/1318/1318 1321/1321/1321 1318/1318/1318 
f 1318/1318/1318 1321/1321/1321 1320/1320/1320 
f 1321/1321/1321 1322/1322/1322 1320/1320/1320 
f 1320/1320/1320 1322/1322/1322 1322/1322/1322 
f 1322/1322/1322 1321/1321/1321 1322/1322/1322 
f 1322/1322/1322 1321/1321/1321 1321/1321/1321 
f 1321/1321/1321 1323/1323/1323 1321/1321/1321 
f 1321/1321/1321 1323/1323/1323 1322/1322/1322 
f 1323/1323/1323 1324/1324/1324 1322/1322/1322 
f 1322/1322/1322 1324/1324/1324 1324/1324/1324 
f 1324/1324/1324 1323/1323/1323 1324/1324/1324 
f 1324/1324/1324 1323/1323/1323 1323/1323/1323 
f 1323/1323/1323 1325/1325/1325 1323/1323/1323 
f 1323/1323/1323 1325/1325/1325 1324/1324/1324 
f 1325/1325/1325 1326/1326/1326 1324/1324/1324 
f 1324/1324/1324 1326/1326/1326 1326/1326/1326 
f 1326/1326/1326 1325/1325/1325 1326/1326/1326 
f 1326/1326/1326 1325/1325/1325 1325/1325/1325 
f 1325/1325/1325 1327/1327/1327 1325/1325/1325 
f 1325/1325/1325 1327/1327/1327 1326/1326/1326 
f 1327/1327/1327 1328/1328/1328 1326/1326/1326 
f 1326/1326/1326 1328/1328/1328 1328/1328/1328 
f 1328/1328/1328 1327/1327/1327 1328/1328/1328 
f 1328/1328/1328 1327/1327/1327 1327/1327/1327 
f 1327/1327/1327 1310/1310/1310 1327/1327/1327 
f 1327/1327/1327 1310/1310/1310 1328/1328/1328 
f 1310/1310/1310 1308/1308/1308 1328/1328/1328 
f 1248/1248/1248 1226/1226/1226 1225/1225/1225 
f 976/976/976 1329/1329/1329 974/974/974 
f 715/715/715 1330/1330/1330 713/713/713 
f 204/204/204 1331/1331/1331 202/202/202 
f 702/702/702 1332/1332/1332 700/700/700 
f 392/392/392 1333/1333/1333 396/396/396 
f 456/456/456 1334/1334/1334 460/460/460 
f 598/598/598 1335/1335/1335 602/602/602 
f 660/660/660 1336/1336/1336 664/664/664 
f 1012/1012/1012 990/990/990 989/989/989 
f 513/513/513 1337/1337/1337 514/514/514 
f 514/514/514 1338/1338/1338 515/515/515 
f 505/505/505 1339/1339/1339 503/503/503 
f 502/502/502 1340/1340/1340 504/504/504 
f 539/539/539 1341/1341/1341 537/537/537 
f 436/436/436 1342/1342/1342 434/434/434 
f 571/571/571 1343/1343/1343 569/569/569 
f 76/76/76 1344/1344/1344 74/74/74 
f 645/645/645 1345/1345/1345 647/647/647 
f 648/648/648 1346/1346/1346 649/649/649 
f 7/7/7 1347/1347/1347 8/8/8 
f 8/8/8 1348/1348/1348 9/9/9 
f 946/946/946 1349/1349/1349 944/944/944 
f 155/155/155 1350/1350/1350 153/153/153 
f 209/209/209 1351/1351/1351 211/211/211 
f 323/323/323 1352/1352/1352 321/321/321 
f 14/14/14 1353/1353/1353 12/12/12 
f 419/419/419 1354/1354/1354 421/421/421 
f 1355/1355/1355 420/420/420 422/422/422 
f 425/425/425 1356/1356/1356 427/427/427 
f 1357/1357/1357 426/426/426 428/428/428 
f 489/489/489 1358/1358/1358 491/491/491 
f 1359/1359/1359 490/490/490 492/492/492 
f 1360/1360/1360 497/497/497 499/499/499 
f 508/508/508 1361/1361/1361 511/511/511 
f 1362/1362/1362 237/237/237 239/239/239 
f 808/808/808 1363/1363/1363 806/806/806 
f 1364/1364/1364 807/807/807 805/805/805 
f 168/168/168 1365/1365/1365 170/170/170 
f 175/175/175 1366/1366/1366 177/177/177 
f 348/348/348 1367/1367/1367 350/350/350 
f 592/592/592 1368/1368/1368 590/590/590 
f 618/618/618 1369/1369/1369 616/616/616 
f 2/2/2 1370/1370/1370 5/5/5 
f 1371/1371/1371 1372/1372/1372 1373/1373/1373 
f 1374/1374/1374 1375/1375/1375 1376/1376/1376 
f 1377/1377/1377 1378/1378/1378 1379/1379/1379 
f 1380/1380/1380 1381/1381/1381 1382/1382/1382 
f 1383/1383/1383 1384/1384/1384 1385/1385/1385 
f 1386/1386/1386 1387/1387/1387 1388/1388/1388 
f 1389/1389/1389 1390/1390/1390 1391/1391/1391 
f 1392/1392/1392 1393/1393/1393 1394/1394/1394 
f 1395/1395/1395 1396/1396/1396 1397/1397/1397 
f 1398/1398/1398 1399/1399/1399 1400/1400/1400 
f 1401/1401/1401 1402/1402/1402 1403/1403/1403 
f 1404/1404/1404 1405/1405/1405 1406/1406/1406 
f 1407/1407/1407 1408/1408/1408 1409/1409/1409 
f 1410/1410/1410 1411/1411/1411 1412/1412/1412 
f 1413/1413/1413 1414/1414/1414 1415/1415/1415 
f 1416/1416/1416 1417/1417/1417 1418/1418/1418 
f 1419/1419/1419 1420/1420/1420 1421/1421/1421 
f 1422/1422/1422 1423/1423/1423 1424/1424/1424 
f 1425/1425/1425 1426/1426/1426 1427/1427/1427 
f 1428/1428/1428 1429/1429/1429 1430/1430/1430 
f 1431/1431/1431 1432/1432/1432 1433/1433/1433 
f 1434/1434/1434 1435/1435/1435 1436/1436/1436 
f 1437/1437/1437 1438/1438/1438 1439/1439/1439 
f 1440/1440/1440 1441/1441/1441 1442/1442/1442 
f 1443/1443/1443 1444/1444/1444 1445/1445/1445 
f 1446/1446/1446 1447/1447/1447 1448/1448/1448 
f 1449/1449/1449 1450/1450/1450 1451/1451/1451 
f 1452/1452/1452 1453/1453/1453 1454/1454/1454 
f 1455/1455/1455 1456/1456/1456 1457/1457/1457 
f 1458/1458/1458 1459/1459/1459 1460/1460/1460 
f 1461/1461/1461 1462/1462/1462 1463/1463/1463 
f 1464/1464/1464 1465/1465/1465 1466/1466/1466 
f 1467/1467/1467 1468/1468/1468 1469/1469/1469 
f 1470/1470/1470 1471/1471/1471 1472/1472/1472 
f 1473/1473/1473 1474/1474/1474 1475/1475/1475 
f 1476/1476/1476 1477/1477/1477 1478/1478/1478 
f 1479/1479/1479 1480/1480/1480 1481/1481/1481 
f 1482/1482/1482 1483/1483/1483 1484/1484/1484 
f 1485/1485/1485 1486/1486/1486 1487/1487/1487 
f 1488/1488/1488 1489/1489/1489 1490/1490/1490 
f 1491/1491/1491 1492/1492/1492 1493/1493/1493 
f 1494/1494/1494 1495/1495/1495 1496/1496/1496 
f 1497/1497/1497 1498/1498/1498 1499/1499/1499 
f 1500/1500/1500 1501/1501/1501 1502/1502/1502 
f 1503/1503/1503 1504/1504/1504 1505/1505/1505 
f 1506/1506/1506 1507/1507/1507 1508/1508/1508 
f 1509/1509/1509 1510/1510/1510 1511/1511/1511 
f 1512/1512/1512 1513/1513/1513 1514/1514/1514 
f 1515/1515/1515 1516/1516/1516 1517/1517/1517 
f 1518/1518/1518 1519/1519/1519 1520/1520/1520 
f 1521/1521/1521 1522/1522/1522 1523/1523/1523 
f 1524/1524/1524 1525/1525/1525 1526/1526/1526 
f 1527/1527/1527 1528/1528/1528 1529/1529/1529 
f 1530/1530/1530 1531/1531/1531 1532/1532/1532 
f 1533/1533/1533 1534/1534/1534 1535/1535/1535 
f 1536/1536/1536 1537/1537/1537 1538/1538/1538 
f 1539/1539/1539 1540/1540/1540 1541/1541/1541 
f 1542/1542/1542 1543/1543/1543 1544/1544/1544 
f 1545/1545/1545 1546/1546/1546 1547/1547/1547 
f 1548/1548/1548 1549/1549/1549 1550/1550/1550 
f 1551/1551/1551 1552/1552/1552 1553/1553/1553 
f 1554/1554/1554 1555/1555/1555 1556/1556/1556 
f 1557/1557/1557 1558/1558/1558 1559/1559/1559 
f 1560/1560/1560 1561/1561/1561 1562/1562/1562 
f 1563/1563/1563 1564/1564/1564 1565/1565/1565 
f 1566/1566/1566 1567/1567/1567 1568/1568/1568 
f 1569/1569/1569 1570/1570/1570 1571/1571/1571 
f 1572/1572/1572 1573/1573/1573 1574/1574/1574 
f 1575/1575/1575 1576/1576/1576 1577/1577/1577 
f 1578/1578/1578 1579/1579/1579 1580/1580/1580 
f 1581/1581/1581 1582/1582/1582 1583/1583/1583 
f 1584/1584/1584 1585/1585/1585 1586/1586/1586 
f 1587/1587/1587 1588/1588/1588 1589/1589/1589 
f 1590/1590/1590 1591/1591/1591 1592/1592/1592 
f 1593/1593/1593 1594/1594/1594 1595/1595/1595 
f 1596/1596/1596 1597/1597/1597 1598/1598/1598 
f 1599/1599/1599 1600/1600/1600 1601/1601/1601 
f 1602/1602/1602 1603/1603/1603 1604/1604/1604 
f 1605/1605/1605 1606/1606/1606 1607/1607/1607 
f 1608/1608/1608 1609/1609/1609 1610/1610/1610 
f 1611/1611/1611 1612/1612/1612 1613/1613/1613 
f 1614/1614/1614 1615/1615/1615 1616/1616/1616 
f 1617/1617/1617 1618/1618/1618 1619/1619/1619 
f 1620/1620/1620 1621/1621/1621 1622/1622/1622 
f 1623/1623/1623 1624/1624/1624 1625/1625/1625 
f 1626/1626/1626 1627/1627/1627 1628/1628/1628 
f 1629/1629/1629 1630/1630/1630 1631/1631/1631 
f 1632/1632/1632 1633/1633/1633 1634/1634/1634 

